#Station Long Name,ORARA RIVER AT KARANGI
#Station Number,204025
#Station Location Latitude,-30.2528
#Station Location Longitude,153.0333
#Parameter Type Name,Water Course Discharge
#Timeseries Name,DMQaQc.Merged.DailyMean.24HR
#Unit Name,cubic meter per second
#DATA_OWNER_NAME,"NSW - Department of Planning, Industry and Environment – Water"
#Rows,19485
#Timestamp,Value,Quality Code,Interpolation Type
1969-10-31T00:00:00.000+10:00,,-1,603
1969-11-01T00:00:00.000+10:00,1.191,140,603
1969-11-02T00:00:00.000+10:00,1.109,140,603
1969-11-03T00:00:00.000+10:00,1.083,140,603
1969-11-04T00:00:00.000+10:00,1.030,140,603
1969-11-05T00:00:00.000+10:00,1.016,140,603
1969-11-06T00:00:00.000+10:00,0.969,140,603
1969-11-07T00:00:00.000+10:00,0.961,140,603
1969-11-08T00:00:00.000+10:00,0.956,140,603
1969-11-09T00:00:00.000+10:00,0.873,140,603
1969-11-10T00:00:00.000+10:00,0.840,140,603
1969-11-11T00:00:00.000+10:00,0.825,140,603
1969-11-12T00:00:00.000+10:00,0.831,140,603
1969-11-13T00:00:00.000+10:00,0.832,140,603
1969-11-14T00:00:00.000+10:00,0.857,140,603
1969-11-15T00:00:00.000+10:00,1.367,140,603
1969-11-16T00:00:00.000+10:00,2.901,140,603
1969-11-17T00:00:00.000+10:00,3.246,140,603
1969-11-18T00:00:00.000+10:00,2.249,140,603
1969-11-19T00:00:00.000+10:00,2.028,140,603
1969-11-20T00:00:00.000+10:00,2.245,140,603
1969-11-21T00:00:00.000+10:00,1.754,140,603
1969-11-22T00:00:00.000+10:00,1.750,140,603
1969-11-23T00:00:00.000+10:00,1.624,140,603
1969-11-24T00:00:00.000+10:00,1.443,140,603
1969-11-25T00:00:00.000+10:00,1.331,140,603
1969-11-26T00:00:00.000+10:00,1.242,140,603
1969-11-27T00:00:00.000+10:00,1.131,140,603
1969-11-28T00:00:00.000+10:00,1.049,140,603
1969-11-29T00:00:00.000+10:00,0.971,140,603
1969-11-30T00:00:00.000+10:00,0.920,140,603
1969-12-01T00:00:00.000+10:00,0.838,140,603
1969-12-02T00:00:00.000+10:00,0.769,140,603
1969-12-03T00:00:00.000+10:00,0.728,140,603
1969-12-04T00:00:00.000+10:00,0.705,140,603
1969-12-05T00:00:00.000+10:00,0.681,140,603
1969-12-06T00:00:00.000+10:00,0.650,140,603
1969-12-07T00:00:00.000+10:00,0.649,140,603
1969-12-08T00:00:00.000+10:00,0.666,140,603
1969-12-09T00:00:00.000+10:00,0.682,140,603
1969-12-10T00:00:00.000+10:00,0.655,140,603
1969-12-11T00:00:00.000+10:00,0.667,140,603
1969-12-12T00:00:00.000+10:00,0.665,140,603
1969-12-13T00:00:00.000+10:00,0.645,140,603
1969-12-14T00:00:00.000+10:00,0.623,140,603
1969-12-15T00:00:00.000+10:00,0.609,140,603
1969-12-16T00:00:00.000+10:00,0.592,140,603
1969-12-17T00:00:00.000+10:00,0.587,140,603
1969-12-18T00:00:00.000+10:00,0.581,140,603
1969-12-19T00:00:00.000+10:00,0.538,140,603
1969-12-20T00:00:00.000+10:00,0.527,140,603
1969-12-21T00:00:00.000+10:00,0.526,140,603
1969-12-22T00:00:00.000+10:00,0.556,140,603
1969-12-23T00:00:00.000+10:00,0.649,140,603
1969-12-24T00:00:00.000+10:00,0.646,140,603
1969-12-25T00:00:00.000+10:00,0.630,140,603
1969-12-26T00:00:00.000+10:00,0.638,140,603
1969-12-27T00:00:00.000+10:00,0.624,140,603
1969-12-28T00:00:00.000+10:00,0.624,140,603
1969-12-29T00:00:00.000+10:00,0.622,140,603
1969-12-30T00:00:00.000+10:00,0.607,140,603
1969-12-31T00:00:00.000+10:00,0.776,140,603
1970-01-01T00:00:00.000+10:00,0.963,140,603
1970-01-02T00:00:00.000+10:00,2.013,140,603
1970-01-03T00:00:00.000+10:00,1.218,140,603
1970-01-04T00:00:00.000+10:00,0.957,140,603
1970-01-05T00:00:00.000+10:00,0.908,140,603
1970-01-06T00:00:00.000+10:00,0.816,140,603
1970-01-07T00:00:00.000+10:00,0.829,140,603
1970-01-08T00:00:00.000+10:00,0.839,140,603
1970-01-09T00:00:00.000+10:00,0.804,140,603
1970-01-10T00:00:00.000+10:00,0.751,140,603
1970-01-11T00:00:00.000+10:00,0.724,140,603
1970-01-12T00:00:00.000+10:00,0.719,140,603
1970-01-13T00:00:00.000+10:00,0.693,140,603
1970-01-14T00:00:00.000+10:00,0.750,140,603
1970-01-15T00:00:00.000+10:00,0.843,140,603
1970-01-16T00:00:00.000+10:00,0.924,140,603
1970-01-17T00:00:00.000+10:00,0.782,140,603
1970-01-18T00:00:00.000+10:00,0.801,140,603
1970-01-19T00:00:00.000+10:00,0.841,140,603
1970-01-20T00:00:00.000+10:00,0.888,140,603
1970-01-21T00:00:00.000+10:00,1.329,140,603
1970-01-22T00:00:00.000+10:00,3.804,140,603
1970-01-23T00:00:00.000+10:00,2.974,140,603
1970-01-24T00:00:00.000+10:00,2.153,140,603
1970-01-25T00:00:00.000+10:00,1.704,140,603
1970-01-26T00:00:00.000+10:00,1.466,140,603
1970-01-27T00:00:00.000+10:00,1.257,140,603
1970-01-28T00:00:00.000+10:00,1.131,140,603
1970-01-29T00:00:00.000+10:00,1.664,140,603
1970-01-30T00:00:00.000+10:00,9.972,140,603
1970-01-31T00:00:00.000+10:00,10.014,140,603
1970-02-01T00:00:00.000+10:00,6.497,140,603
1970-02-02T00:00:00.000+10:00,6.838,140,603
1970-02-03T00:00:00.000+10:00,6.364,140,603
1970-02-04T00:00:00.000+10:00,5.159,140,603
1970-02-05T00:00:00.000+10:00,4.305,140,603
1970-02-06T00:00:00.000+10:00,3.563,140,603
1970-02-07T00:00:00.000+10:00,2.989,140,603
1970-02-08T00:00:00.000+10:00,2.485,140,603
1970-02-09T00:00:00.000+10:00,2.161,140,603
1970-02-10T00:00:00.000+10:00,1.880,140,603
1970-02-11T00:00:00.000+10:00,1.651,140,603
1970-02-12T00:00:00.000+10:00,1.418,140,603
1970-02-13T00:00:00.000+10:00,1.277,140,603
1970-02-14T00:00:00.000+10:00,1.294,140,603
1970-02-15T00:00:00.000+10:00,1.245,140,603
1970-02-16T00:00:00.000+10:00,1.202,140,603
1970-02-17T00:00:00.000+10:00,1.399,140,603
1970-02-18T00:00:00.000+10:00,1.208,140,603
1970-02-19T00:00:00.000+10:00,1.073,140,603
1970-02-20T00:00:00.000+10:00,0.972,140,603
1970-02-21T00:00:00.000+10:00,0.909,140,603
1970-02-22T00:00:00.000+10:00,0.864,140,603
1970-02-23T00:00:00.000+10:00,0.884,140,603
1970-02-24T00:00:00.000+10:00,0.924,140,603
1970-02-25T00:00:00.000+10:00,0.973,140,603
1970-02-26T00:00:00.000+10:00,0.900,140,603
1970-02-27T00:00:00.000+10:00,0.861,140,603
1970-02-28T00:00:00.000+10:00,0.826,140,603
1970-03-01T00:00:00.000+10:00,0.809,140,603
1970-03-02T00:00:00.000+10:00,0.790,140,603
1970-03-03T00:00:00.000+10:00,0.966,140,603
1970-03-04T00:00:00.000+10:00,1.156,140,603
1970-03-05T00:00:00.000+10:00,1.044,140,603
1970-03-06T00:00:00.000+10:00,0.954,140,603
1970-03-07T00:00:00.000+10:00,0.968,140,603
1970-03-08T00:00:00.000+10:00,0.904,140,603
1970-03-09T00:00:00.000+10:00,0.897,140,603
1970-03-10T00:00:00.000+10:00,1.693,140,603
1970-03-11T00:00:00.000+10:00,1.206,140,603
1970-03-12T00:00:00.000+10:00,0.981,140,603
1970-03-13T00:00:00.000+10:00,0.875,140,603
1970-03-14T00:00:00.000+10:00,0.813,140,603
1970-03-15T00:00:00.000+10:00,0.794,140,603
1970-03-16T00:00:00.000+10:00,0.902,140,603
1970-03-17T00:00:00.000+10:00,1.058,140,603
1970-03-18T00:00:00.000+10:00,0.917,140,603
1970-03-19T00:00:00.000+10:00,0.798,140,603
1970-03-20T00:00:00.000+10:00,0.752,140,603
1970-03-21T00:00:00.000+10:00,0.744,140,603
1970-03-22T00:00:00.000+10:00,0.738,140,603
1970-03-23T00:00:00.000+10:00,0.717,140,603
1970-03-24T00:00:00.000+10:00,0.688,140,603
1970-03-25T00:00:00.000+10:00,0.663,140,603
1970-03-26T00:00:00.000+10:00,0.653,140,603
1970-03-27T00:00:00.000+10:00,0.623,140,603
1970-03-28T00:00:00.000+10:00,0.615,140,603
1970-03-29T00:00:00.000+10:00,0.626,140,603
1970-03-30T00:00:00.000+10:00,2.943,140,603
1970-03-31T00:00:00.000+10:00,18.990,140,603
1970-04-01T00:00:00.000+10:00,5.369,140,603
1970-04-02T00:00:00.000+10:00,4.117,140,603
1970-04-03T00:00:00.000+10:00,3.135,140,603
1970-04-04T00:00:00.000+10:00,2.509,140,603
1970-04-05T00:00:00.000+10:00,2.056,140,603
1970-04-06T00:00:00.000+10:00,1.762,140,603
1970-04-07T00:00:00.000+10:00,1.545,140,603
1970-04-08T00:00:00.000+10:00,1.318,140,603
1970-04-09T00:00:00.000+10:00,1.196,140,603
1970-04-10T00:00:00.000+10:00,1.093,140,603
1970-04-11T00:00:00.000+10:00,0.980,140,603
1970-04-12T00:00:00.000+10:00,0.938,140,603
1970-04-13T00:00:00.000+10:00,0.936,140,603
1970-04-14T00:00:00.000+10:00,0.903,140,603
1970-04-15T00:00:00.000+10:00,0.851,140,603
1970-04-16T00:00:00.000+10:00,0.855,140,603
1970-04-17T00:00:00.000+10:00,0.835,140,603
1970-04-18T00:00:00.000+10:00,0.797,140,603
1970-04-19T00:00:00.000+10:00,0.767,140,603
1970-04-20T00:00:00.000+10:00,0.728,140,603
1970-04-21T00:00:00.000+10:00,0.713,140,603
1970-04-22T00:00:00.000+10:00,0.690,140,603
1970-04-23T00:00:00.000+10:00,0.692,140,603
1970-04-24T00:00:00.000+10:00,0.711,140,603
1970-04-25T00:00:00.000+10:00,0.717,140,603
1970-04-26T00:00:00.000+10:00,0.681,140,603
1970-04-27T00:00:00.000+10:00,0.653,140,603
1970-04-28T00:00:00.000+10:00,0.637,140,603
1970-04-29T00:00:00.000+10:00,0.618,140,603
1970-04-30T00:00:00.000+10:00,0.606,140,603
1970-05-01T00:00:00.000+10:00,0.592,140,603
1970-05-02T00:00:00.000+10:00,0.590,140,603
1970-05-03T00:00:00.000+10:00,0.585,140,603
1970-05-04T00:00:00.000+10:00,0.566,140,603
1970-05-05T00:00:00.000+10:00,0.564,140,603
1970-05-06T00:00:00.000+10:00,0.550,140,603
1970-05-07T00:00:00.000+10:00,0.545,140,603
1970-05-08T00:00:00.000+10:00,0.533,140,603
1970-05-09T00:00:00.000+10:00,0.513,140,603
1970-05-10T00:00:00.000+10:00,0.513,140,603
1970-05-11T00:00:00.000+10:00,0.503,140,603
1970-05-12T00:00:00.000+10:00,0.468,140,603
1970-05-13T00:00:00.000+10:00,0.487,140,603
1970-05-14T00:00:00.000+10:00,0.469,140,603
1970-05-15T00:00:00.000+10:00,0.465,140,603
1970-05-16T00:00:00.000+10:00,0.465,140,603
1970-05-17T00:00:00.000+10:00,0.458,140,603
1970-05-18T00:00:00.000+10:00,0.456,140,603
1970-05-19T00:00:00.000+10:00,0.434,140,603
1970-05-20T00:00:00.000+10:00,0.412,140,603
1970-05-21T00:00:00.000+10:00,0.401,140,603
1970-05-22T00:00:00.000+10:00,0.395,140,603
1970-05-23T00:00:00.000+10:00,0.379,140,603
1970-05-24T00:00:00.000+10:00,0.380,140,603
1970-05-25T00:00:00.000+10:00,0.384,140,603
1970-05-26T00:00:00.000+10:00,0.395,140,603
1970-05-27T00:00:00.000+10:00,0.389,140,603
1970-05-28T00:00:00.000+10:00,0.400,140,603
1970-05-29T00:00:00.000+10:00,0.402,140,603
1970-05-30T00:00:00.000+10:00,0.393,140,603
1970-05-31T00:00:00.000+10:00,0.401,140,603
1970-06-01T00:00:00.000+10:00,0.398,140,603
1970-06-02T00:00:00.000+10:00,0.386,140,603
1970-06-03T00:00:00.000+10:00,0.382,140,603
1970-06-04T00:00:00.000+10:00,0.375,140,603
1970-06-05T00:00:00.000+10:00,0.374,140,603
1970-06-06T00:00:00.000+10:00,0.370,140,603
1970-06-07T00:00:00.000+10:00,0.373,140,603
1970-06-08T00:00:00.000+10:00,0.361,140,603
1970-06-09T00:00:00.000+10:00,0.360,140,603
1970-06-10T00:00:00.000+10:00,0.361,140,603
1970-06-11T00:00:00.000+10:00,0.360,140,603
1970-06-12T00:00:00.000+10:00,0.346,140,603
1970-06-13T00:00:00.000+10:00,0.341,140,603
1970-06-14T00:00:00.000+10:00,0.348,140,603
1970-06-15T00:00:00.000+10:00,0.349,140,603
1970-06-16T00:00:00.000+10:00,0.339,140,603
1970-06-17T00:00:00.000+10:00,0.334,140,603
1970-06-18T00:00:00.000+10:00,0.324,140,603
1970-06-19T00:00:00.000+10:00,0.332,140,603
1970-06-20T00:00:00.000+10:00,0.324,140,603
1970-06-21T00:00:00.000+10:00,0.320,140,603
1970-06-22T00:00:00.000+10:00,0.315,140,603
1970-06-23T00:00:00.000+10:00,0.321,140,603
1970-06-24T00:00:00.000+10:00,0.312,140,603
1970-06-25T00:00:00.000+10:00,0.306,140,603
1970-06-26T00:00:00.000+10:00,0.300,140,603
1970-06-27T00:00:00.000+10:00,0.295,140,603
1970-06-28T00:00:00.000+10:00,0.286,140,603
1970-06-29T00:00:00.000+10:00,0.279,140,603
1970-06-30T00:00:00.000+10:00,0.284,140,603
1970-07-01T00:00:00.000+10:00,0.279,140,603
1970-07-02T00:00:00.000+10:00,0.271,140,603
1970-07-03T00:00:00.000+10:00,0.267,140,603
1970-07-04T00:00:00.000+10:00,0.273,140,603
1970-07-05T00:00:00.000+10:00,0.272,140,603
1970-07-06T00:00:00.000+10:00,0.270,140,603
1970-07-07T00:00:00.000+10:00,0.263,140,603
1970-07-08T00:00:00.000+10:00,0.238,140,603
1970-07-09T00:00:00.000+10:00,0.236,140,603
1970-07-10T00:00:00.000+10:00,0.245,140,603
1970-07-11T00:00:00.000+10:00,0.254,140,603
1970-07-12T00:00:00.000+10:00,0.245,140,603
1970-07-13T00:00:00.000+10:00,0.244,140,603
1970-07-14T00:00:00.000+10:00,0.221,140,603
1970-07-15T00:00:00.000+10:00,0.214,140,603
1970-07-16T00:00:00.000+10:00,0.223,140,603
1970-07-17T00:00:00.000+10:00,0.222,140,603
1970-07-18T00:00:00.000+10:00,0.217,140,603
1970-07-19T00:00:00.000+10:00,0.227,140,603
1970-07-20T00:00:00.000+10:00,0.206,140,603
1970-07-21T00:00:00.000+10:00,0.190,140,603
1970-07-22T00:00:00.000+10:00,0.179,140,603
1970-07-23T00:00:00.000+10:00,0.206,140,603
1970-07-24T00:00:00.000+10:00,0.202,140,603
1970-07-25T00:00:00.000+10:00,0.198,140,603
1970-07-26T00:00:00.000+10:00,0.195,140,603
1970-07-27T00:00:00.000+10:00,0.194,140,603
1970-07-28T00:00:00.000+10:00,0.182,140,603
1970-07-29T00:00:00.000+10:00,0.178,140,603
1970-07-30T00:00:00.000+10:00,0.185,140,603
1970-07-31T00:00:00.000+10:00,0.160,140,603
1970-08-01T00:00:00.000+10:00,0.169,140,603
1970-08-02T00:00:00.000+10:00,0.164,140,603
1970-08-03T00:00:00.000+10:00,0.164,140,603
1970-08-04T00:00:00.000+10:00,0.154,140,603
1970-08-05T00:00:00.000+10:00,0.166,140,603
1970-08-06T00:00:00.000+10:00,0.142,140,603
1970-08-07T00:00:00.000+10:00,0.174,140,603
1970-08-08T00:00:00.000+10:00,0.141,140,603
1970-08-09T00:00:00.000+10:00,0.144,140,603
1970-08-10T00:00:00.000+10:00,0.156,140,603
1970-08-11T00:00:00.000+10:00,0.152,140,603
1970-08-12T00:00:00.000+10:00,0.179,140,603
1970-08-13T00:00:00.000+10:00,0.177,140,603
1970-08-14T00:00:00.000+10:00,0.158,140,603
1970-08-15T00:00:00.000+10:00,0.158,140,603
1970-08-16T00:00:00.000+10:00,0.166,140,603
1970-08-17T00:00:00.000+10:00,0.104,140,603
1970-08-18T00:00:00.000+10:00,0.100,140,603
1970-08-19T00:00:00.000+10:00,0.129,140,603
1970-08-20T00:00:00.000+10:00,0.147,140,603
1970-08-21T00:00:00.000+10:00,0.142,140,603
1970-08-22T00:00:00.000+10:00,0.133,140,603
1970-08-23T00:00:00.000+10:00,0.133,140,603
1970-08-24T00:00:00.000+10:00,0.130,140,603
1970-08-25T00:00:00.000+10:00,0.120,140,603
1970-08-26T00:00:00.000+10:00,0.131,140,603
1970-08-27T00:00:00.000+10:00,0.119,140,603
1970-08-28T00:00:00.000+10:00,0.095,140,603
1970-08-29T00:00:00.000+10:00,0.100,140,603
1970-08-30T00:00:00.000+10:00,0.094,140,603
1970-08-31T00:00:00.000+10:00,0.106,140,603
1970-09-01T00:00:00.000+10:00,0.117,140,603
1970-09-02T00:00:00.000+10:00,0.123,140,603
1970-09-03T00:00:00.000+10:00,0.175,140,603
1970-09-04T00:00:00.000+10:00,0.153,140,603
1970-09-05T00:00:00.000+10:00,0.148,140,603
1970-09-06T00:00:00.000+10:00,0.134,140,603
1970-09-07T00:00:00.000+10:00,0.124,140,603
1970-09-08T00:00:00.000+10:00,0.112,140,603
1970-09-09T00:00:00.000+10:00,0.126,140,603
1970-09-10T00:00:00.000+10:00,0.143,140,603
1970-09-11T00:00:00.000+10:00,0.146,140,603
1970-09-12T00:00:00.000+10:00,0.127,140,603
1970-09-13T00:00:00.000+10:00,0.138,140,603
1970-09-14T00:00:00.000+10:00,0.209,140,603
1970-09-15T00:00:00.000+10:00,0.209,140,603
1970-09-16T00:00:00.000+10:00,0.197,140,603
1970-09-17T00:00:00.000+10:00,0.175,140,603
1970-09-18T00:00:00.000+10:00,0.163,140,603
1970-09-19T00:00:00.000+10:00,0.151,140,603
1970-09-20T00:00:00.000+10:00,0.188,140,603
1970-09-21T00:00:00.000+10:00,0.181,140,603
1970-09-22T00:00:00.000+10:00,0.196,140,603
1970-09-23T00:00:00.000+10:00,0.220,140,603
1970-09-24T00:00:00.000+10:00,0.198,140,603
1970-09-25T00:00:00.000+10:00,0.193,140,603
1970-09-26T00:00:00.000+10:00,0.189,140,603
1970-09-27T00:00:00.000+10:00,0.213,140,603
1970-09-28T00:00:00.000+10:00,0.249,140,603
1970-09-29T00:00:00.000+10:00,0.224,140,603
1970-09-30T00:00:00.000+10:00,0.210,140,603
1970-10-01T00:00:00.000+10:00,0.193,140,603
1970-10-02T00:00:00.000+10:00,0.177,140,603
1970-10-03T00:00:00.000+10:00,0.145,140,603
1970-10-04T00:00:00.000+10:00,0.161,140,603
1970-10-05T00:00:00.000+10:00,0.162,140,603
1970-10-06T00:00:00.000+10:00,0.154,140,603
1970-10-07T00:00:00.000+10:00,0.150,140,603
1970-10-08T00:00:00.000+10:00,0.142,140,603
1970-10-09T00:00:00.000+10:00,0.129,140,603
1970-10-10T00:00:00.000+10:00,0.147,140,603
1970-10-11T00:00:00.000+10:00,0.188,140,603
1970-10-12T00:00:00.000+10:00,0.180,140,603
1970-10-13T00:00:00.000+10:00,0.180,140,603
1970-10-14T00:00:00.000+10:00,0.164,140,603
1970-10-15T00:00:00.000+10:00,0.129,140,603
1970-10-16T00:00:00.000+10:00,0.122,140,603
1970-10-17T00:00:00.000+10:00,0.110,140,603
1970-10-18T00:00:00.000+10:00,0.098,140,603
1970-10-19T00:00:00.000+10:00,0.075,140,603
1970-10-20T00:00:00.000+10:00,0.068,140,603
1970-10-21T00:00:00.000+10:00,0.162,140,603
1970-10-22T00:00:00.000+10:00,0.146,140,603
1970-10-23T00:00:00.000+10:00,0.142,140,603
1970-10-24T00:00:00.000+10:00,0.100,140,603
1970-10-25T00:00:00.000+10:00,0.180,140,603
1970-10-26T00:00:00.000+10:00,0.175,140,603
1970-10-27T00:00:00.000+10:00,0.150,140,603
1970-10-28T00:00:00.000+10:00,0.140,140,603
1970-10-29T00:00:00.000+10:00,0.121,140,603
1970-10-30T00:00:00.000+10:00,0.126,140,603
1970-10-31T00:00:00.000+10:00,0.129,140,603
1970-11-01T00:00:00.000+10:00,0.166,140,603
1970-11-02T00:00:00.000+10:00,0.127,140,603
1970-11-03T00:00:00.000+10:00,0.093,140,603
1970-11-04T00:00:00.000+10:00,0.115,140,603
1970-11-05T00:00:00.000+10:00,0.121,140,603
1970-11-06T00:00:00.000+10:00,0.163,140,603
1970-11-07T00:00:00.000+10:00,1.221,140,603
1970-11-08T00:00:00.000+10:00,0.708,140,603
1970-11-09T00:00:00.000+10:00,1.246,140,603
1970-11-10T00:00:00.000+10:00,0.961,140,603
1970-11-11T00:00:00.000+10:00,0.727,140,603
1970-11-12T00:00:00.000+10:00,0.658,140,603
1970-11-13T00:00:00.000+10:00,0.619,140,603
1970-11-14T00:00:00.000+10:00,0.585,140,603
1970-11-15T00:00:00.000+10:00,0.589,140,603
1970-11-16T00:00:00.000+10:00,0.623,140,603
1970-11-17T00:00:00.000+10:00,0.606,140,603
1970-11-18T00:00:00.000+10:00,0.559,140,603
1970-11-19T00:00:00.000+10:00,0.534,140,603
1970-11-20T00:00:00.000+10:00,0.548,140,603
1970-11-21T00:00:00.000+10:00,0.716,140,603
1970-11-22T00:00:00.000+10:00,0.908,140,603
1970-11-23T00:00:00.000+10:00,0.825,140,603
1970-11-24T00:00:00.000+10:00,0.705,140,603
1970-11-25T00:00:00.000+10:00,0.633,140,603
1970-11-26T00:00:00.000+10:00,0.628,140,603
1970-11-27T00:00:00.000+10:00,0.789,140,603
1970-11-28T00:00:00.000+10:00,0.728,140,603
1970-11-29T00:00:00.000+10:00,0.655,140,603
1970-11-30T00:00:00.000+10:00,0.742,140,603
1970-12-01T00:00:00.000+10:00,0.813,140,603
1970-12-02T00:00:00.000+10:00,0.712,140,603
1970-12-03T00:00:00.000+10:00,0.659,140,603
1970-12-04T00:00:00.000+10:00,0.640,140,603
1970-12-05T00:00:00.000+10:00,0.610,140,603
1970-12-06T00:00:00.000+10:00,0.587,140,603
1970-12-07T00:00:00.000+10:00,0.759,140,603
1970-12-08T00:00:00.000+10:00,9.032,140,603
1970-12-09T00:00:00.000+10:00,123.610,140,603
1970-12-10T00:00:00.000+10:00,49.520,140,603
1970-12-11T00:00:00.000+10:00,11.806,140,603
1970-12-12T00:00:00.000+10:00,6.507,140,603
1970-12-13T00:00:00.000+10:00,4.695,140,603
1970-12-14T00:00:00.000+10:00,3.676,140,603
1970-12-15T00:00:00.000+10:00,2.856,140,603
1970-12-16T00:00:00.000+10:00,2.352,140,603
1970-12-17T00:00:00.000+10:00,1.959,140,603
1970-12-18T00:00:00.000+10:00,1.634,140,603
1970-12-19T00:00:00.000+10:00,1.371,140,603
1970-12-20T00:00:00.000+10:00,1.230,140,603
1970-12-21T00:00:00.000+10:00,1.065,140,603
1970-12-22T00:00:00.000+10:00,1.063,140,603
1970-12-23T00:00:00.000+10:00,1.207,140,603
1970-12-24T00:00:00.000+10:00,1.302,140,603
1970-12-25T00:00:00.000+10:00,2.966,140,603
1970-12-26T00:00:00.000+10:00,3.210,140,603
1970-12-27T00:00:00.000+10:00,3.247,140,603
1970-12-28T00:00:00.000+10:00,3.155,140,603
1970-12-29T00:00:00.000+10:00,3.120,140,603
1970-12-30T00:00:00.000+10:00,2.761,140,603
1970-12-31T00:00:00.000+10:00,2.363,140,603
1971-01-01T00:00:00.000+10:00,2.038,140,603
1971-01-02T00:00:00.000+10:00,1.801,140,603
1971-01-03T00:00:00.000+10:00,1.593,140,603
1971-01-04T00:00:00.000+10:00,1.400,140,603
1971-01-05T00:00:00.000+10:00,1.270,140,603
1971-01-06T00:00:00.000+10:00,1.154,140,603
1971-01-07T00:00:00.000+10:00,1.013,140,603
1971-01-08T00:00:00.000+10:00,0.911,140,603
1971-01-09T00:00:00.000+10:00,0.852,140,603
1971-01-10T00:00:00.000+10:00,0.805,140,603
1971-01-11T00:00:00.000+10:00,0.764,140,603
1971-01-12T00:00:00.000+10:00,0.820,140,603
1971-01-13T00:00:00.000+10:00,1.729,140,603
1971-01-14T00:00:00.000+10:00,1.657,140,603
1971-01-15T00:00:00.000+10:00,1.317,140,603
1971-01-16T00:00:00.000+10:00,1.120,140,603
1971-01-17T00:00:00.000+10:00,0.981,140,603
1971-01-18T00:00:00.000+10:00,0.909,140,603
1971-01-19T00:00:00.000+10:00,0.911,140,603
1971-01-20T00:00:00.000+10:00,5.097,140,603
1971-01-21T00:00:00.000+10:00,16.842,140,603
1971-01-22T00:00:00.000+10:00,8.574,140,603
1971-01-23T00:00:00.000+10:00,5.838,140,603
1971-01-24T00:00:00.000+10:00,5.155,140,603
1971-01-25T00:00:00.000+10:00,6.189,140,603
1971-01-26T00:00:00.000+10:00,6.118,140,603
1971-01-27T00:00:00.000+10:00,7.335,140,603
1971-01-28T00:00:00.000+10:00,6.157,140,603
1971-01-29T00:00:00.000+10:00,5.434,140,603
1971-01-30T00:00:00.000+10:00,4.937,140,603
1971-01-31T00:00:00.000+10:00,4.746,140,603
1971-02-01T00:00:00.000+10:00,5.656,140,603
1971-02-02T00:00:00.000+10:00,5.267,140,603
1971-02-03T00:00:00.000+10:00,5.058,140,603
1971-02-04T00:00:00.000+10:00,4.848,140,603
1971-02-05T00:00:00.000+10:00,6.450,140,603
1971-02-06T00:00:00.000+10:00,13.848,140,603
1971-02-07T00:00:00.000+10:00,7.979,140,603
1971-02-08T00:00:00.000+10:00,6.172,140,603
1971-02-09T00:00:00.000+10:00,5.296,140,603
1971-02-10T00:00:00.000+10:00,5.461,140,603
1971-02-11T00:00:00.000+10:00,5.080,140,603
1971-02-12T00:00:00.000+10:00,4.318,140,603
1971-02-13T00:00:00.000+10:00,3.766,140,603
1971-02-14T00:00:00.000+10:00,3.331,140,603
1971-02-15T00:00:00.000+10:00,2.978,140,603
1971-02-16T00:00:00.000+10:00,3.065,140,603
1971-02-17T00:00:00.000+10:00,6.817,140,603
1971-02-18T00:00:00.000+10:00,48.081,140,603
1971-02-19T00:00:00.000+10:00,33.155,140,603
1971-02-20T00:00:00.000+10:00,31.060,140,603
1971-02-21T00:00:00.000+10:00,19.252,140,603
1971-02-22T00:00:00.000+10:00,12.748,140,603
1971-02-23T00:00:00.000+10:00,10.385,140,603
1971-02-24T00:00:00.000+10:00,13.992,140,603
1971-02-25T00:00:00.000+10:00,22.430,140,603
1971-02-26T00:00:00.000+10:00,16.998,140,603
1971-02-27T00:00:00.000+10:00,13.787,140,603
1971-02-28T00:00:00.000+10:00,11.689,140,603
1971-03-01T00:00:00.000+10:00,9.738,140,603
1971-03-02T00:00:00.000+10:00,8.066,140,603
1971-03-03T00:00:00.000+10:00,9.341,140,603
1971-03-04T00:00:00.000+10:00,31.959,140,603
1971-03-05T00:00:00.000+10:00,61.410,140,603
1971-03-06T00:00:00.000+10:00,41.483,140,603
1971-03-07T00:00:00.000+10:00,35.991,140,603
1971-03-08T00:00:00.000+10:00,33.562,140,603
1971-03-09T00:00:00.000+10:00,26.639,140,603
1971-03-10T00:00:00.000+10:00,18.289,140,603
1971-03-11T00:00:00.000+10:00,13.437,140,603
1971-03-12T00:00:00.000+10:00,10.619,140,603
1971-03-13T00:00:00.000+10:00,8.710,140,603
1971-03-14T00:00:00.000+10:00,7.362,140,603
1971-03-15T00:00:00.000+10:00,6.442,140,603
1971-03-16T00:00:00.000+10:00,5.645,140,603
1971-03-17T00:00:00.000+10:00,5.111,140,603
1971-03-18T00:00:00.000+10:00,7.293,140,603
1971-03-19T00:00:00.000+10:00,5.634,140,603
1971-03-20T00:00:00.000+10:00,4.674,140,603
1971-03-21T00:00:00.000+10:00,4.211,140,603
1971-03-22T00:00:00.000+10:00,3.922,140,603
1971-03-23T00:00:00.000+10:00,3.636,140,603
1971-03-24T00:00:00.000+10:00,3.532,140,603
1971-03-25T00:00:00.000+10:00,3.773,140,603
1971-03-26T00:00:00.000+10:00,3.199,140,603
1971-03-27T00:00:00.000+10:00,2.899,140,603
1971-03-28T00:00:00.000+10:00,45.484,140,603
1971-03-29T00:00:00.000+10:00,99.736,140,603
1971-03-30T00:00:00.000+10:00,45.026,140,603
1971-03-31T00:00:00.000+10:00,25.190,140,603
1971-04-01T00:00:00.000+10:00,19.619,140,603
1971-04-02T00:00:00.000+10:00,31.406,140,603
1971-04-03T00:00:00.000+10:00,35.209,140,603
1971-04-04T00:00:00.000+10:00,32.319,140,603
1971-04-05T00:00:00.000+10:00,20.203,140,603
1971-04-06T00:00:00.000+10:00,14.235,140,603
1971-04-07T00:00:00.000+10:00,11.174,140,603
1971-04-08T00:00:00.000+10:00,9.768,140,603
1971-04-09T00:00:00.000+10:00,7.818,140,603
1971-04-10T00:00:00.000+10:00,6.818,140,603
1971-04-11T00:00:00.000+10:00,6.010,140,603
1971-04-12T00:00:00.000+10:00,5.483,140,603
1971-04-13T00:00:00.000+10:00,6.055,140,603
1971-04-14T00:00:00.000+10:00,5.708,140,603
1971-04-15T00:00:00.000+10:00,5.993,140,603
1971-04-16T00:00:00.000+10:00,4.994,140,603
1971-04-17T00:00:00.000+10:00,4.653,140,603
1971-04-18T00:00:00.000+10:00,4.372,140,603
1971-04-19T00:00:00.000+10:00,4.028,140,603
1971-04-20T00:00:00.000+10:00,3.711,140,603
1971-04-21T00:00:00.000+10:00,3.449,140,603
1971-04-22T00:00:00.000+10:00,3.249,140,603
1971-04-23T00:00:00.000+10:00,3.027,140,603
1971-04-24T00:00:00.000+10:00,2.850,140,603
1971-04-25T00:00:00.000+10:00,2.724,140,603
1971-04-26T00:00:00.000+10:00,2.599,140,603
1971-04-27T00:00:00.000+10:00,2.503,140,603
1971-04-28T00:00:00.000+10:00,2.348,140,603
1971-04-29T00:00:00.000+10:00,2.240,140,603
1971-04-30T00:00:00.000+10:00,2.108,140,603
1971-05-01T00:00:00.000+10:00,2.040,140,603
1971-05-02T00:00:00.000+10:00,1.913,140,603
1971-05-03T00:00:00.000+10:00,1.816,140,603
1971-05-04T00:00:00.000+10:00,1.760,140,603
1971-05-05T00:00:00.000+10:00,1.678,140,603
1971-05-06T00:00:00.000+10:00,1.593,140,603
1971-05-07T00:00:00.000+10:00,1.548,140,603
1971-05-08T00:00:00.000+10:00,1.519,140,603
1971-05-09T00:00:00.000+10:00,1.490,140,603
1971-05-10T00:00:00.000+10:00,1.456,140,603
1971-05-11T00:00:00.000+10:00,1.382,140,603
1971-05-12T00:00:00.000+10:00,1.366,140,603
1971-05-13T00:00:00.000+10:00,1.308,140,603
1971-05-14T00:00:00.000+10:00,1.288,140,603
1971-05-15T00:00:00.000+10:00,1.229,140,603
1971-05-16T00:00:00.000+10:00,1.207,140,603
1971-05-17T00:00:00.000+10:00,1.159,140,603
1971-05-18T00:00:00.000+10:00,1.178,140,603
1971-05-19T00:00:00.000+10:00,1.150,140,603
1971-05-20T00:00:00.000+10:00,1.172,140,603
1971-05-21T00:00:00.000+10:00,1.567,140,603
1971-05-22T00:00:00.000+10:00,1.537,140,603
1971-05-23T00:00:00.000+10:00,1.335,140,603
1971-05-24T00:00:00.000+10:00,1.182,140,603
1971-05-25T00:00:00.000+10:00,1.096,140,603
1971-05-26T00:00:00.000+10:00,1.090,140,603
1971-05-27T00:00:00.000+10:00,1.090,140,603
1971-05-28T00:00:00.000+10:00,1.058,140,603
1971-05-29T00:00:00.000+10:00,1.035,140,603
1971-05-30T00:00:00.000+10:00,1.016,140,603
1971-05-31T00:00:00.000+10:00,,-1,603
1971-06-01T00:00:00.000+10:00,,-1,603
1971-06-02T00:00:00.000+10:00,,-1,603
1971-06-03T00:00:00.000+10:00,,-1,603
1971-06-04T00:00:00.000+10:00,,-1,603
1971-06-05T00:00:00.000+10:00,,-1,603
1971-06-06T00:00:00.000+10:00,,-1,603
1971-06-07T00:00:00.000+10:00,,-1,603
1971-06-08T00:00:00.000+10:00,,-1,603
1971-06-09T00:00:00.000+10:00,,-1,603
1971-06-10T00:00:00.000+10:00,,-1,603
1971-06-11T00:00:00.000+10:00,,-1,603
1971-06-12T00:00:00.000+10:00,,-1,603
1971-06-13T00:00:00.000+10:00,,-1,603
1971-06-14T00:00:00.000+10:00,,-1,603
1971-06-15T00:00:00.000+10:00,,-1,603
1971-06-16T00:00:00.000+10:00,,-1,603
1971-06-17T00:00:00.000+10:00,,-1,603
1971-06-18T00:00:00.000+10:00,,-1,603
1971-06-19T00:00:00.000+10:00,,-1,603
1971-06-20T00:00:00.000+10:00,,-1,603
1971-06-21T00:00:00.000+10:00,,-1,603
1971-06-22T00:00:00.000+10:00,,-1,603
1971-06-23T00:00:00.000+10:00,,-1,603
1971-06-24T00:00:00.000+10:00,,-1,603
1971-06-25T00:00:00.000+10:00,,-1,603
1971-06-26T00:00:00.000+10:00,,-1,603
1971-06-27T00:00:00.000+10:00,,-1,603
1971-06-28T00:00:00.000+10:00,,-1,603
1971-06-29T00:00:00.000+10:00,,-1,603
1971-06-30T00:00:00.000+10:00,,-1,603
1971-07-01T00:00:00.000+10:00,,-1,603
1971-07-02T00:00:00.000+10:00,,-1,603
1971-07-03T00:00:00.000+10:00,,-1,603
1971-07-04T00:00:00.000+10:00,,-1,603
1971-07-05T00:00:00.000+10:00,,-1,603
1971-07-06T00:00:00.000+10:00,,-1,603
1971-07-07T00:00:00.000+10:00,1.102,140,603
1971-07-08T00:00:00.000+10:00,1.068,140,603
1971-07-09T00:00:00.000+10:00,1.025,140,603
1971-07-10T00:00:00.000+10:00,0.979,140,603
1971-07-11T00:00:00.000+10:00,0.937,140,603
1971-07-12T00:00:00.000+10:00,0.928,140,603
1971-07-13T00:00:00.000+10:00,0.901,140,603
1971-07-14T00:00:00.000+10:00,0.890,140,603
1971-07-15T00:00:00.000+10:00,0.872,140,603
1971-07-16T00:00:00.000+10:00,0.903,140,603
1971-07-17T00:00:00.000+10:00,0.933,140,603
1971-07-18T00:00:00.000+10:00,0.905,140,603
1971-07-19T00:00:00.000+10:00,0.841,140,603
1971-07-20T00:00:00.000+10:00,0.817,140,603
1971-07-21T00:00:00.000+10:00,0.798,140,603
1971-07-22T00:00:00.000+10:00,0.756,140,603
1971-07-23T00:00:00.000+10:00,0.762,140,603
1971-07-24T00:00:00.000+10:00,0.789,140,603
1971-07-25T00:00:00.000+10:00,0.763,140,603
1971-07-26T00:00:00.000+10:00,0.743,140,603
1971-07-27T00:00:00.000+10:00,0.696,140,603
1971-07-28T00:00:00.000+10:00,0.695,140,603
1971-07-29T00:00:00.000+10:00,0.682,140,603
1971-07-30T00:00:00.000+10:00,0.668,140,603
1971-07-31T00:00:00.000+10:00,0.673,140,603
1971-08-01T00:00:00.000+10:00,0.670,140,603
1971-08-02T00:00:00.000+10:00,0.665,140,603
1971-08-03T00:00:00.000+10:00,0.660,140,603
1971-08-04T00:00:00.000+10:00,0.643,140,603
1971-08-05T00:00:00.000+10:00,0.637,140,603
1971-08-06T00:00:00.000+10:00,0.625,140,603
1971-08-07T00:00:00.000+10:00,0.614,140,603
1971-08-08T00:00:00.000+10:00,0.656,140,603
1971-08-09T00:00:00.000+10:00,0.639,140,603
1971-08-10T00:00:00.000+10:00,0.605,140,603
1971-08-11T00:00:00.000+10:00,0.585,140,603
1971-08-12T00:00:00.000+10:00,0.557,140,603
1971-08-13T00:00:00.000+10:00,0.547,140,603
1971-08-14T00:00:00.000+10:00,0.533,140,603
1971-08-15T00:00:00.000+10:00,0.567,140,603
1971-08-16T00:00:00.000+10:00,0.601,140,603
1971-08-17T00:00:00.000+10:00,0.575,140,603
1971-08-18T00:00:00.000+10:00,0.542,140,603
1971-08-19T00:00:00.000+10:00,0.494,140,603
1971-08-20T00:00:00.000+10:00,0.492,140,603
1971-08-21T00:00:00.000+10:00,0.536,140,603
1971-08-22T00:00:00.000+10:00,0.602,140,603
1971-08-23T00:00:00.000+10:00,0.623,140,603
1971-08-24T00:00:00.000+10:00,0.588,140,603
1971-08-25T00:00:00.000+10:00,0.564,140,603
1971-08-26T00:00:00.000+10:00,0.531,140,603
1971-08-27T00:00:00.000+10:00,0.522,140,603
1971-08-28T00:00:00.000+10:00,0.517,140,603
1971-08-29T00:00:00.000+10:00,0.511,140,603
1971-08-30T00:00:00.000+10:00,0.506,140,603
1971-08-31T00:00:00.000+10:00,0.478,140,603
1971-09-01T00:00:00.000+10:00,0.460,140,603
1971-09-02T00:00:00.000+10:00,0.455,140,603
1971-09-03T00:00:00.000+10:00,0.453,140,603
1971-09-04T00:00:00.000+10:00,0.471,140,603
1971-09-05T00:00:00.000+10:00,0.562,140,603
1971-09-06T00:00:00.000+10:00,0.551,140,603
1971-09-07T00:00:00.000+10:00,0.524,140,603
1971-09-08T00:00:00.000+10:00,0.509,140,603
1971-09-09T00:00:00.000+10:00,0.488,140,603
1971-09-10T00:00:00.000+10:00,0.469,140,603
1971-09-11T00:00:00.000+10:00,0.469,140,603
1971-09-12T00:00:00.000+10:00,0.472,140,603
1971-09-13T00:00:00.000+10:00,0.477,140,603
1971-09-14T00:00:00.000+10:00,0.460,140,603
1971-09-15T00:00:00.000+10:00,0.455,140,603
1971-09-16T00:00:00.000+10:00,0.448,140,603
1971-09-17T00:00:00.000+10:00,0.448,140,603
1971-09-18T00:00:00.000+10:00,0.465,140,603
1971-09-19T00:00:00.000+10:00,0.435,140,603
1971-09-20T00:00:00.000+10:00,0.414,140,603
1971-09-21T00:00:00.000+10:00,0.475,140,603
1971-09-22T00:00:00.000+10:00,0.501,140,603
1971-09-23T00:00:00.000+10:00,0.444,140,603
1971-09-24T00:00:00.000+10:00,0.405,140,603
1971-09-25T00:00:00.000+10:00,0.396,140,603
1971-09-26T00:00:00.000+10:00,0.411,140,603
1971-09-27T00:00:00.000+10:00,0.416,140,603
1971-09-28T00:00:00.000+10:00,0.390,140,603
1971-09-29T00:00:00.000+10:00,0.359,140,603
1971-09-30T00:00:00.000+10:00,0.333,140,603
1971-10-01T00:00:00.000+10:00,0.318,140,603
1971-10-02T00:00:00.000+10:00,0.308,140,603
1971-10-03T00:00:00.000+10:00,0.305,140,603
1971-10-04T00:00:00.000+10:00,0.303,140,603
1971-10-05T00:00:00.000+10:00,0.278,140,603
1971-10-06T00:00:00.000+10:00,0.286,140,603
1971-10-07T00:00:00.000+10:00,0.262,140,603
1971-10-08T00:00:00.000+10:00,0.289,140,603
1971-10-09T00:00:00.000+10:00,0.239,140,603
1971-10-10T00:00:00.000+10:00,0.243,140,603
1971-10-11T00:00:00.000+10:00,0.225,140,603
1971-10-12T00:00:00.000+10:00,0.216,140,603
1971-10-13T00:00:00.000+10:00,0.233,140,603
1971-10-14T00:00:00.000+10:00,0.217,140,603
1971-10-15T00:00:00.000+10:00,0.215,140,603
1971-10-16T00:00:00.000+10:00,0.220,140,603
1971-10-17T00:00:00.000+10:00,0.213,140,603
1971-10-18T00:00:00.000+10:00,0.217,140,603
1971-10-19T00:00:00.000+10:00,0.222,140,603
1971-10-20T00:00:00.000+10:00,0.211,140,603
1971-10-21T00:00:00.000+10:00,0.219,140,603
1971-10-22T00:00:00.000+10:00,0.186,140,603
1971-10-23T00:00:00.000+10:00,0.171,140,603
1971-10-24T00:00:00.000+10:00,0.176,140,603
1971-10-25T00:00:00.000+10:00,0.169,140,603
1971-10-26T00:00:00.000+10:00,0.166,140,603
1971-10-27T00:00:00.000+10:00,0.165,140,603
1971-10-28T00:00:00.000+10:00,0.156,140,603
1971-10-29T00:00:00.000+10:00,0.153,140,603
1971-10-30T00:00:00.000+10:00,0.151,140,603
1971-10-31T00:00:00.000+10:00,0.135,140,603
1971-11-01T00:00:00.000+10:00,0.131,140,603
1971-11-02T00:00:00.000+10:00,0.139,140,603
1971-11-03T00:00:00.000+10:00,0.155,140,603
1971-11-04T00:00:00.000+10:00,0.143,140,603
1971-11-05T00:00:00.000+10:00,0.119,140,603
1971-11-06T00:00:00.000+10:00,0.111,140,603
1971-11-07T00:00:00.000+10:00,0.111,140,603
1971-11-08T00:00:00.000+10:00,0.103,140,603
1971-11-09T00:00:00.000+10:00,0.106,140,603
1971-11-10T00:00:00.000+10:00,0.109,140,603
1971-11-11T00:00:00.000+10:00,0.080,140,603
1971-11-12T00:00:00.000+10:00,0.075,140,603
1971-11-13T00:00:00.000+10:00,0.070,140,603
1971-11-14T00:00:00.000+10:00,0.076,140,603
1971-11-15T00:00:00.000+10:00,0.107,140,603
1971-11-16T00:00:00.000+10:00,0.058,140,603
1971-11-17T00:00:00.000+10:00,0.055,140,603
1971-11-18T00:00:00.000+10:00,0.046,140,603
1971-11-19T00:00:00.000+10:00,0.033,140,603
1971-11-20T00:00:00.000+10:00,0.022,140,603
1971-11-21T00:00:00.000+10:00,0.030,140,603
1971-11-22T00:00:00.000+10:00,0.055,140,603
1971-11-23T00:00:00.000+10:00,0.017,140,603
1971-11-24T00:00:00.000+10:00,0.017,140,603
1971-11-25T00:00:00.000+10:00,0.025,140,603
1971-11-26T00:00:00.000+10:00,0.054,140,603
1971-11-27T00:00:00.000+10:00,0.054,140,603
1971-11-28T00:00:00.000+10:00,0.081,140,603
1971-11-29T00:00:00.000+10:00,0.104,140,603
1971-11-30T00:00:00.000+10:00,0.109,140,603
1971-12-01T00:00:00.000+10:00,0.135,140,603
1971-12-02T00:00:00.000+10:00,0.118,140,603
1971-12-03T00:00:00.000+10:00,0.096,140,603
1971-12-04T00:00:00.000+10:00,0.081,140,603
1971-12-05T00:00:00.000+10:00,0.092,140,603
1971-12-06T00:00:00.000+10:00,0.108,140,603
1971-12-07T00:00:00.000+10:00,0.113,140,603
1971-12-08T00:00:00.000+10:00,0.089,140,603
1971-12-09T00:00:00.000+10:00,0.089,140,603
1971-12-10T00:00:00.000+10:00,0.082,140,603
1971-12-11T00:00:00.000+10:00,0.116,140,603
1971-12-12T00:00:00.000+10:00,0.147,140,603
1971-12-13T00:00:00.000+10:00,0.125,140,603
1971-12-14T00:00:00.000+10:00,0.096,140,603
1971-12-15T00:00:00.000+10:00,0.158,140,603
1971-12-16T00:00:00.000+10:00,0.193,140,603
1971-12-17T00:00:00.000+10:00,0.157,140,603
1971-12-18T00:00:00.000+10:00,0.173,140,603
1971-12-19T00:00:00.000+10:00,0.208,140,603
1971-12-20T00:00:00.000+10:00,0.216,140,603
1971-12-21T00:00:00.000+10:00,0.220,140,603
1971-12-22T00:00:00.000+10:00,0.200,140,603
1971-12-23T00:00:00.000+10:00,0.198,140,603
1971-12-24T00:00:00.000+10:00,0.194,140,603
1971-12-25T00:00:00.000+10:00,0.194,140,603
1971-12-26T00:00:00.000+10:00,0.178,140,603
1971-12-27T00:00:00.000+10:00,0.167,140,603
1971-12-28T00:00:00.000+10:00,0.170,140,603
1971-12-29T00:00:00.000+10:00,0.151,140,603
1971-12-30T00:00:00.000+10:00,0.141,140,603
1971-12-31T00:00:00.000+10:00,0.121,140,603
1972-01-01T00:00:00.000+10:00,0.107,140,603
1972-01-02T00:00:00.000+10:00,0.121,140,603
1972-01-03T00:00:00.000+10:00,0.106,140,603
1972-01-04T00:00:00.000+10:00,0.072,140,603
1972-01-05T00:00:00.000+10:00,0.092,140,603
1972-01-06T00:00:00.000+10:00,0.122,140,603
1972-01-07T00:00:00.000+10:00,0.146,140,603
1972-01-08T00:00:00.000+10:00,0.135,140,603
1972-01-09T00:00:00.000+10:00,0.107,140,603
1972-01-10T00:00:00.000+10:00,0.073,140,603
1972-01-11T00:00:00.000+10:00,0.067,140,603
1972-01-12T00:00:00.000+10:00,0.061,140,603
1972-01-13T00:00:00.000+10:00,0.078,140,603
1972-01-14T00:00:00.000+10:00,0.254,140,603
1972-01-15T00:00:00.000+10:00,1.686,140,603
1972-01-16T00:00:00.000+10:00,1.095,140,603
1972-01-17T00:00:00.000+10:00,0.605,140,603
1972-01-18T00:00:00.000+10:00,0.560,140,603
1972-01-19T00:00:00.000+10:00,0.620,140,603
1972-01-20T00:00:00.000+10:00,0.603,140,603
1972-01-21T00:00:00.000+10:00,0.491,140,603
1972-01-22T00:00:00.000+10:00,0.419,140,603
1972-01-23T00:00:00.000+10:00,6.080,140,603
1972-01-24T00:00:00.000+10:00,18.037,140,603
1972-01-25T00:00:00.000+10:00,7.155,140,603
1972-01-26T00:00:00.000+10:00,8.024,140,603
1972-01-27T00:00:00.000+10:00,7.453,140,603
1972-01-28T00:00:00.000+10:00,4.214,140,603
1972-01-29T00:00:00.000+10:00,3.253,140,603
1972-01-30T00:00:00.000+10:00,6.260,140,603
1972-01-31T00:00:00.000+10:00,4.334,140,603
1972-02-01T00:00:00.000+10:00,3.378,140,603
1972-02-02T00:00:00.000+10:00,2.753,140,603
1972-02-03T00:00:00.000+10:00,2.485,140,603
1972-02-04T00:00:00.000+10:00,2.159,140,603
1972-02-05T00:00:00.000+10:00,1.903,140,603
1972-02-06T00:00:00.000+10:00,1.668,140,603
1972-02-07T00:00:00.000+10:00,1.532,140,603
1972-02-08T00:00:00.000+10:00,1.504,140,603
1972-02-09T00:00:00.000+10:00,1.547,140,603
1972-02-10T00:00:00.000+10:00,1.388,140,603
1972-02-11T00:00:00.000+10:00,1.391,140,603
1972-02-12T00:00:00.000+10:00,6.057,140,603
1972-02-13T00:00:00.000+10:00,12.494,140,603
1972-02-14T00:00:00.000+10:00,11.368,140,603
1972-02-15T00:00:00.000+10:00,7.128,140,603
1972-02-16T00:00:00.000+10:00,5.956,140,603
1972-02-17T00:00:00.000+10:00,4.842,140,603
1972-02-18T00:00:00.000+10:00,4.248,140,603
1972-02-19T00:00:00.000+10:00,3.701,140,603
1972-02-20T00:00:00.000+10:00,3.257,140,603
1972-02-21T00:00:00.000+10:00,3.048,140,603
1972-02-22T00:00:00.000+10:00,2.672,140,603
1972-02-23T00:00:00.000+10:00,2.261,140,603
1972-02-24T00:00:00.000+10:00,2.051,140,603
1972-02-25T00:00:00.000+10:00,2.693,140,603
1972-02-26T00:00:00.000+10:00,2.846,140,603
1972-02-27T00:00:00.000+10:00,3.589,140,603
1972-02-28T00:00:00.000+10:00,6.840,140,603
1972-02-29T00:00:00.000+10:00,17.383,140,603
1972-03-01T00:00:00.000+10:00,12.577,140,603
1972-03-02T00:00:00.000+10:00,7.973,140,603
1972-03-03T00:00:00.000+10:00,5.831,140,603
1972-03-04T00:00:00.000+10:00,4.780,140,603
1972-03-05T00:00:00.000+10:00,8.560,140,603
1972-03-06T00:00:00.000+10:00,5.896,140,603
1972-03-07T00:00:00.000+10:00,35.962,140,603
1972-03-08T00:00:00.000+10:00,49.551,140,603
1972-03-09T00:00:00.000+10:00,44.158,140,603
1972-03-10T00:00:00.000+10:00,19.111,140,603
1972-03-11T00:00:00.000+10:00,11.719,140,603
1972-03-12T00:00:00.000+10:00,8.248,140,603
1972-03-13T00:00:00.000+10:00,7.729,140,603
1972-03-14T00:00:00.000+10:00,6.133,140,603
1972-03-15T00:00:00.000+10:00,5.016,140,603
1972-03-16T00:00:00.000+10:00,4.522,140,603
1972-03-17T00:00:00.000+10:00,4.062,140,603
1972-03-18T00:00:00.000+10:00,3.674,140,603
1972-03-19T00:00:00.000+10:00,3.390,140,603
1972-03-20T00:00:00.000+10:00,3.670,140,603
1972-03-21T00:00:00.000+10:00,5.619,140,603
1972-03-22T00:00:00.000+10:00,15.959,140,603
1972-03-23T00:00:00.000+10:00,10.773,140,603
1972-03-24T00:00:00.000+10:00,7.409,140,603
1972-03-25T00:00:00.000+10:00,5.977,140,603
1972-03-26T00:00:00.000+10:00,5.121,140,603
1972-03-27T00:00:00.000+10:00,4.624,140,603
1972-03-28T00:00:00.000+10:00,4.214,140,603
1972-03-29T00:00:00.000+10:00,3.818,140,603
1972-03-30T00:00:00.000+10:00,3.447,140,603
1972-03-31T00:00:00.000+10:00,3.182,140,603
1972-04-01T00:00:00.000+10:00,3.023,140,603
1972-04-02T00:00:00.000+10:00,2.950,140,603
1972-04-03T00:00:00.000+10:00,15.756,140,603
1972-04-04T00:00:00.000+10:00,26.831,140,603
1972-04-05T00:00:00.000+10:00,10.569,140,603
1972-04-06T00:00:00.000+10:00,7.252,140,603
1972-04-07T00:00:00.000+10:00,5.694,140,603
1972-04-08T00:00:00.000+10:00,4.900,140,603
1972-04-09T00:00:00.000+10:00,4.396,140,603
1972-04-10T00:00:00.000+10:00,4.024,140,603
1972-04-11T00:00:00.000+10:00,3.619,140,603
1972-04-12T00:00:00.000+10:00,3.326,140,603
1972-04-13T00:00:00.000+10:00,3.095,140,603
1972-04-14T00:00:00.000+10:00,2.866,140,603
1972-04-15T00:00:00.000+10:00,2.675,140,603
1972-04-16T00:00:00.000+10:00,2.488,140,603
1972-04-17T00:00:00.000+10:00,2.347,140,603
1972-04-18T00:00:00.000+10:00,2.231,140,603
1972-04-19T00:00:00.000+10:00,2.124,140,603
1972-04-20T00:00:00.000+10:00,2.057,140,603
1972-04-21T00:00:00.000+10:00,1.960,140,603
1972-04-22T00:00:00.000+10:00,1.892,140,603
1972-04-23T00:00:00.000+10:00,1.843,140,603
1972-04-24T00:00:00.000+10:00,1.762,140,603
1972-04-25T00:00:00.000+10:00,1.676,140,603
1972-04-26T00:00:00.000+10:00,1.615,140,603
1972-04-27T00:00:00.000+10:00,1.554,140,603
1972-04-28T00:00:00.000+10:00,1.514,140,603
1972-04-29T00:00:00.000+10:00,1.483,140,603
1972-04-30T00:00:00.000+10:00,1.423,140,603
1972-05-01T00:00:00.000+10:00,1.233,140,603
1972-05-02T00:00:00.000+10:00,1.250,140,603
1972-05-03T00:00:00.000+10:00,1.297,140,603
1972-05-04T00:00:00.000+10:00,1.247,140,603
1972-05-05T00:00:00.000+10:00,1.189,140,603
1972-05-06T00:00:00.000+10:00,1.585,140,603
1972-05-07T00:00:00.000+10:00,2.151,140,603
1972-05-08T00:00:00.000+10:00,2.240,140,603
1972-05-09T00:00:00.000+10:00,2.240,140,603
1972-05-10T00:00:00.000+10:00,1.871,140,603
1972-05-11T00:00:00.000+10:00,1.681,140,603
1972-05-12T00:00:00.000+10:00,1.716,140,603
1972-05-13T00:00:00.000+10:00,1.622,140,603
1972-05-14T00:00:00.000+10:00,1.579,140,603
1972-05-15T00:00:00.000+10:00,1.476,140,603
1972-05-16T00:00:00.000+10:00,1.398,140,603
1972-05-17T00:00:00.000+10:00,1.308,140,603
1972-05-18T00:00:00.000+10:00,1.236,140,603
1972-05-19T00:00:00.000+10:00,1.163,140,603
1972-05-20T00:00:00.000+10:00,1.107,140,603
1972-05-21T00:00:00.000+10:00,1.076,140,603
1972-05-22T00:00:00.000+10:00,1.091,140,603
1972-05-23T00:00:00.000+10:00,1.097,140,603
1972-05-24T00:00:00.000+10:00,1.103,140,603
1972-05-25T00:00:00.000+10:00,1.251,140,603
1972-05-26T00:00:00.000+10:00,1.286,140,603
1972-05-27T00:00:00.000+10:00,1.154,140,603
1972-05-28T00:00:00.000+10:00,1.083,140,603
1972-05-29T00:00:00.000+10:00,1.081,140,603
1972-05-30T00:00:00.000+10:00,3.084,140,603
1972-05-31T00:00:00.000+10:00,2.665,140,603
1972-06-01T00:00:00.000+10:00,2.723,140,603
1972-06-02T00:00:00.000+10:00,2.452,140,603
1972-06-03T00:00:00.000+10:00,2.270,140,603
1972-06-04T00:00:00.000+10:00,2.035,140,603
1972-06-05T00:00:00.000+10:00,1.859,140,603
1972-06-06T00:00:00.000+10:00,1.766,140,603
1972-06-07T00:00:00.000+10:00,1.601,140,603
1972-06-08T00:00:00.000+10:00,1.484,140,603
1972-06-09T00:00:00.000+10:00,1.377,140,603
1972-06-10T00:00:00.000+10:00,1.287,140,603
1972-06-11T00:00:00.000+10:00,1.231,140,603
1972-06-12T00:00:00.000+10:00,1.197,140,603
1972-06-13T00:00:00.000+10:00,1.146,140,603
1972-06-14T00:00:00.000+10:00,1.085,140,603
1972-06-15T00:00:00.000+10:00,1.061,140,603
1972-06-16T00:00:00.000+10:00,1.715,140,603
1972-06-17T00:00:00.000+10:00,2.128,140,603
1972-06-18T00:00:00.000+10:00,1.662,140,603
1972-06-19T00:00:00.000+10:00,1.507,140,603
1972-06-20T00:00:00.000+10:00,1.406,140,603
1972-06-21T00:00:00.000+10:00,1.327,140,603
1972-06-22T00:00:00.000+10:00,1.254,140,603
1972-06-23T00:00:00.000+10:00,1.274,140,603
1972-06-24T00:00:00.000+10:00,1.211,140,603
1972-06-25T00:00:00.000+10:00,1.132,140,603
1972-06-26T00:00:00.000+10:00,1.048,140,603
1972-06-27T00:00:00.000+10:00,1.031,140,603
1972-06-28T00:00:00.000+10:00,0.989,140,603
1972-06-29T00:00:00.000+10:00,0.950,140,603
1972-06-30T00:00:00.000+10:00,0.902,140,603
1972-07-01T00:00:00.000+10:00,0.875,140,603
1972-07-02T00:00:00.000+10:00,0.845,140,603
1972-07-03T00:00:00.000+10:00,0.818,140,603
1972-07-04T00:00:00.000+10:00,0.796,140,603
1972-07-05T00:00:00.000+10:00,0.769,140,603
1972-07-06T00:00:00.000+10:00,0.751,140,603
1972-07-07T00:00:00.000+10:00,0.731,140,603
1972-07-08T00:00:00.000+10:00,0.713,140,603
1972-07-09T00:00:00.000+10:00,0.696,140,603
1972-07-10T00:00:00.000+10:00,0.672,140,603
1972-07-11T00:00:00.000+10:00,0.653,140,603
1972-07-12T00:00:00.000+10:00,0.649,140,603
1972-07-13T00:00:00.000+10:00,0.643,140,603
1972-07-14T00:00:00.000+10:00,0.628,140,603
1972-07-15T00:00:00.000+10:00,0.620,140,603
1972-07-16T00:00:00.000+10:00,0.618,140,603
1972-07-17T00:00:00.000+10:00,0.571,140,603
1972-07-18T00:00:00.000+10:00,0.589,140,603
1972-07-19T00:00:00.000+10:00,0.588,140,603
1972-07-20T00:00:00.000+10:00,0.582,140,603
1972-07-21T00:00:00.000+10:00,0.564,140,603
1972-07-22T00:00:00.000+10:00,0.556,140,603
1972-07-23T00:00:00.000+10:00,0.545,140,603
1972-07-24T00:00:00.000+10:00,0.531,140,603
1972-07-25T00:00:00.000+10:00,0.512,140,603
1972-07-26T00:00:00.000+10:00,0.492,140,603
1972-07-27T00:00:00.000+10:00,0.490,140,603
1972-07-28T00:00:00.000+10:00,0.482,140,603
1972-07-29T00:00:00.000+10:00,0.474,140,603
1972-07-30T00:00:00.000+10:00,0.485,140,603
1972-07-31T00:00:00.000+10:00,0.472,140,603
1972-08-01T00:00:00.000+10:00,0.485,140,603
1972-08-02T00:00:00.000+10:00,0.497,140,603
1972-08-03T00:00:00.000+10:00,0.497,140,603
1972-08-04T00:00:00.000+10:00,0.485,140,603
1972-08-05T00:00:00.000+10:00,0.490,140,603
1972-08-06T00:00:00.000+10:00,0.473,140,603
1972-08-07T00:00:00.000+10:00,0.456,140,603
1972-08-08T00:00:00.000+10:00,0.448,140,603
1972-08-09T00:00:00.000+10:00,0.429,140,603
1972-08-10T00:00:00.000+10:00,0.409,140,603
1972-08-11T00:00:00.000+10:00,0.404,140,603
1972-08-12T00:00:00.000+10:00,0.385,140,603
1972-08-13T00:00:00.000+10:00,0.380,140,603
1972-08-14T00:00:00.000+10:00,0.384,140,603
1972-08-15T00:00:00.000+10:00,0.368,140,603
1972-08-16T00:00:00.000+10:00,0.388,140,603
1972-08-17T00:00:00.000+10:00,0.415,140,603
1972-08-18T00:00:00.000+10:00,0.404,140,603
1972-08-19T00:00:00.000+10:00,0.422,140,603
1972-08-20T00:00:00.000+10:00,0.442,140,603
1972-08-21T00:00:00.000+10:00,0.407,140,603
1972-08-22T00:00:00.000+10:00,0.374,140,603
1972-08-23T00:00:00.000+10:00,0.369,140,603
1972-08-24T00:00:00.000+10:00,0.353,140,603
1972-08-25T00:00:00.000+10:00,0.332,140,603
1972-08-26T00:00:00.000+10:00,0.332,140,603
1972-08-27T00:00:00.000+10:00,0.346,140,603
1972-08-28T00:00:00.000+10:00,0.309,140,603
1972-08-29T00:00:00.000+10:00,0.298,140,603
1972-08-30T00:00:00.000+10:00,0.284,140,603
1972-08-31T00:00:00.000+10:00,0.278,140,603
1972-09-01T00:00:00.000+10:00,0.273,140,603
1972-09-02T00:00:00.000+10:00,0.288,140,603
1972-09-03T00:00:00.000+10:00,0.271,140,603
1972-09-04T00:00:00.000+10:00,0.298,140,603
1972-09-05T00:00:00.000+10:00,0.305,140,603
1972-09-06T00:00:00.000+10:00,0.300,140,603
1972-09-07T00:00:00.000+10:00,0.237,140,603
1972-09-08T00:00:00.000+10:00,0.263,140,603
1972-09-09T00:00:00.000+10:00,0.271,140,603
1972-09-10T00:00:00.000+10:00,0.241,140,603
1972-09-11T00:00:00.000+10:00,0.236,140,603
1972-09-12T00:00:00.000+10:00,0.209,140,603
1972-09-13T00:00:00.000+10:00,0.208,140,603
1972-09-14T00:00:00.000+10:00,0.207,140,603
1972-09-15T00:00:00.000+10:00,0.174,140,603
1972-09-16T00:00:00.000+10:00,0.194,140,603
1972-09-17T00:00:00.000+10:00,0.183,140,603
1972-09-18T00:00:00.000+10:00,0.169,140,603
1972-09-19T00:00:00.000+10:00,0.146,140,603
1972-09-20T00:00:00.000+10:00,0.173,140,603
1972-09-21T00:00:00.000+10:00,0.169,140,603
1972-09-22T00:00:00.000+10:00,0.155,140,603
1972-09-23T00:00:00.000+10:00,0.159,140,603
1972-09-24T00:00:00.000+10:00,0.144,140,603
1972-09-25T00:00:00.000+10:00,0.117,140,603
1972-09-26T00:00:00.000+10:00,0.109,140,603
1972-09-27T00:00:00.000+10:00,0.100,140,603
1972-09-28T00:00:00.000+10:00,0.100,140,603
1972-09-29T00:00:00.000+10:00,0.156,140,603
1972-09-30T00:00:00.000+10:00,0.197,140,603
1972-10-01T00:00:00.000+10:00,0.428,140,603
1972-10-02T00:00:00.000+10:00,0.331,140,603
1972-10-03T00:00:00.000+10:00,0.251,140,603
1972-10-04T00:00:00.000+10:00,0.229,140,603
1972-10-05T00:00:00.000+10:00,0.240,140,603
1972-10-06T00:00:00.000+10:00,0.233,140,603
1972-10-07T00:00:00.000+10:00,0.245,140,603
1972-10-08T00:00:00.000+10:00,0.230,140,603
1972-10-09T00:00:00.000+10:00,0.205,140,603
1972-10-10T00:00:00.000+10:00,0.183,140,603
1972-10-11T00:00:00.000+10:00,0.183,140,603
1972-10-12T00:00:00.000+10:00,0.164,140,603
1972-10-13T00:00:00.000+10:00,0.158,140,603
1972-10-14T00:00:00.000+10:00,0.155,140,603
1972-10-15T00:00:00.000+10:00,0.141,140,603
1972-10-16T00:00:00.000+10:00,0.141,140,603
1972-10-17T00:00:00.000+10:00,0.663,140,603
1972-10-18T00:00:00.000+10:00,6.037,140,603
1972-10-19T00:00:00.000+10:00,32.992,140,603
1972-10-20T00:00:00.000+10:00,15.728,140,603
1972-10-21T00:00:00.000+10:00,4.667,140,603
1972-10-22T00:00:00.000+10:00,2.934,140,603
1972-10-23T00:00:00.000+10:00,2.181,140,603
1972-10-24T00:00:00.000+10:00,1.906,140,603
1972-10-25T00:00:00.000+10:00,1.620,140,603
1972-10-26T00:00:00.000+10:00,1.450,140,603
1972-10-27T00:00:00.000+10:00,16.768,140,603
1972-10-28T00:00:00.000+10:00,164.808,140,603
1972-10-29T00:00:00.000+10:00,173.150,140,603
1972-10-30T00:00:00.000+10:00,34.091,140,603
1972-10-31T00:00:00.000+10:00,16.320,140,603
1972-11-01T00:00:00.000+10:00,10.263,140,603
1972-11-02T00:00:00.000+10:00,7.691,140,603
1972-11-03T00:00:00.000+10:00,6.048,140,603
1972-11-04T00:00:00.000+10:00,4.953,140,603
1972-11-05T00:00:00.000+10:00,4.585,140,603
1972-11-06T00:00:00.000+10:00,4.279,140,603
1972-11-07T00:00:00.000+10:00,6.335,140,603
1972-11-08T00:00:00.000+10:00,4.022,140,603
1972-11-09T00:00:00.000+10:00,3.477,140,603
1972-11-10T00:00:00.000+10:00,3.189,140,603
1972-11-11T00:00:00.000+10:00,3.292,140,603
1972-11-12T00:00:00.000+10:00,4.383,140,603
1972-11-13T00:00:00.000+10:00,4.219,140,603
1972-11-14T00:00:00.000+10:00,5.003,140,603
1972-11-15T00:00:00.000+10:00,4.274,140,603
1972-11-16T00:00:00.000+10:00,4.437,140,603
1972-11-17T00:00:00.000+10:00,4.302,140,603
1972-11-18T00:00:00.000+10:00,3.622,140,603
1972-11-19T00:00:00.000+10:00,3.296,140,603
1972-11-20T00:00:00.000+10:00,3.008,140,603
1972-11-21T00:00:00.000+10:00,2.796,140,603
1972-11-22T00:00:00.000+10:00,2.563,140,603
1972-11-23T00:00:00.000+10:00,2.370,140,603
1972-11-24T00:00:00.000+10:00,2.167,140,603
1972-11-25T00:00:00.000+10:00,2.056,140,603
1972-11-26T00:00:00.000+10:00,2.229,140,603
1972-11-27T00:00:00.000+10:00,5.266,140,603
1972-11-28T00:00:00.000+10:00,3.524,140,603
1972-11-29T00:00:00.000+10:00,2.896,140,603
1972-11-30T00:00:00.000+10:00,2.636,140,603
1972-12-01T00:00:00.000+10:00,2.423,140,603
1972-12-02T00:00:00.000+10:00,2.233,140,603
1972-12-03T00:00:00.000+10:00,2.086,140,603
1972-12-04T00:00:00.000+10:00,2.179,140,603
1972-12-05T00:00:00.000+10:00,1.955,140,603
1972-12-06T00:00:00.000+10:00,1.804,140,603
1972-12-07T00:00:00.000+10:00,1.659,140,603
1972-12-08T00:00:00.000+10:00,1.665,140,603
1972-12-09T00:00:00.000+10:00,2.336,140,603
1972-12-10T00:00:00.000+10:00,2.439,140,603
1972-12-11T00:00:00.000+10:00,1.898,140,603
1972-12-12T00:00:00.000+10:00,1.677,140,603
1972-12-13T00:00:00.000+10:00,1.607,140,603
1972-12-14T00:00:00.000+10:00,1.576,140,603
1972-12-15T00:00:00.000+10:00,1.437,140,603
1972-12-16T00:00:00.000+10:00,1.338,140,603
1972-12-17T00:00:00.000+10:00,1.458,140,603
1972-12-18T00:00:00.000+10:00,1.345,140,603
1972-12-19T00:00:00.000+10:00,1.252,140,603
1972-12-20T00:00:00.000+10:00,1.205,140,603
1972-12-21T00:00:00.000+10:00,1.143,140,603
1972-12-22T00:00:00.000+10:00,1.078,140,603
1972-12-23T00:00:00.000+10:00,1.023,140,603
1972-12-24T00:00:00.000+10:00,0.975,140,603
1972-12-25T00:00:00.000+10:00,0.927,140,603
1972-12-26T00:00:00.000+10:00,0.895,140,603
1972-12-27T00:00:00.000+10:00,0.939,140,603
1972-12-28T00:00:00.000+10:00,0.942,140,603
1972-12-29T00:00:00.000+10:00,0.902,140,603
1972-12-30T00:00:00.000+10:00,0.861,140,603
1972-12-31T00:00:00.000+10:00,0.820,140,603
1973-01-01T00:00:00.000+10:00,0.812,140,603
1973-01-02T00:00:00.000+10:00,0.774,140,603
1973-01-03T00:00:00.000+10:00,0.726,140,603
1973-01-04T00:00:00.000+10:00,0.854,140,603
1973-01-05T00:00:00.000+10:00,0.884,140,603
1973-01-06T00:00:00.000+10:00,0.778,140,603
1973-01-07T00:00:00.000+10:00,0.807,140,603
1973-01-08T00:00:00.000+10:00,0.820,140,603
1973-01-09T00:00:00.000+10:00,0.877,140,603
1973-01-10T00:00:00.000+10:00,1.188,140,603
1973-01-11T00:00:00.000+10:00,1.202,140,603
1973-01-12T00:00:00.000+10:00,1.175,140,603
1973-01-13T00:00:00.000+10:00,1.081,140,603
1973-01-14T00:00:00.000+10:00,0.995,140,603
1973-01-15T00:00:00.000+10:00,0.902,140,603
1973-01-16T00:00:00.000+10:00,0.822,140,603
1973-01-17T00:00:00.000+10:00,0.759,140,603
1973-01-18T00:00:00.000+10:00,0.824,140,603
1973-01-19T00:00:00.000+10:00,0.856,140,603
1973-01-20T00:00:00.000+10:00,0.842,140,603
1973-01-21T00:00:00.000+10:00,0.856,140,603
1973-01-22T00:00:00.000+10:00,0.819,140,603
1973-01-23T00:00:00.000+10:00,0.883,140,603
1973-01-24T00:00:00.000+10:00,1.051,140,603
1973-01-25T00:00:00.000+10:00,1.093,140,603
1973-01-26T00:00:00.000+10:00,1.004,140,603
1973-01-27T00:00:00.000+10:00,0.957,140,603
1973-01-28T00:00:00.000+10:00,0.912,140,603
1973-01-29T00:00:00.000+10:00,2.664,140,603
1973-01-30T00:00:00.000+10:00,1.862,140,603
1973-01-31T00:00:00.000+10:00,1.390,140,603
1973-02-01T00:00:00.000+10:00,1.188,140,603
1973-02-02T00:00:00.000+10:00,1.046,140,603
1973-02-03T00:00:00.000+10:00,0.951,140,603
1973-02-04T00:00:00.000+10:00,0.846,140,603
1973-02-05T00:00:00.000+10:00,0.790,140,603
1973-02-06T00:00:00.000+10:00,0.740,140,603
1973-02-07T00:00:00.000+10:00,0.679,140,603
1973-02-08T00:00:00.000+10:00,0.659,140,603
1973-02-09T00:00:00.000+10:00,0.664,140,603
1973-02-10T00:00:00.000+10:00,0.590,140,603
1973-02-11T00:00:00.000+10:00,0.754,140,603
1973-02-12T00:00:00.000+10:00,22.440,140,603
1973-02-13T00:00:00.000+10:00,43.982,140,603
1973-02-14T00:00:00.000+10:00,14.082,140,603
1973-02-15T00:00:00.000+10:00,8.252,140,603
1973-02-16T00:00:00.000+10:00,14.714,140,603
1973-02-17T00:00:00.000+10:00,42.631,140,603
1973-02-18T00:00:00.000+10:00,46.394,140,603
1973-02-19T00:00:00.000+10:00,18.708,140,603
1973-02-20T00:00:00.000+10:00,11.182,140,603
1973-02-21T00:00:00.000+10:00,8.205,140,603
1973-02-22T00:00:00.000+10:00,6.448,140,603
1973-02-23T00:00:00.000+10:00,5.318,140,603
1973-02-24T00:00:00.000+10:00,4.562,140,603
1973-02-25T00:00:00.000+10:00,4.128,140,603
1973-02-26T00:00:00.000+10:00,3.703,140,603
1973-02-27T00:00:00.000+10:00,3.460,140,603
1973-02-28T00:00:00.000+10:00,6.305,140,603
1973-03-01T00:00:00.000+10:00,5.245,140,603
1973-03-02T00:00:00.000+10:00,4.001,140,603
1973-03-03T00:00:00.000+10:00,3.483,140,603
1973-03-04T00:00:00.000+10:00,3.216,140,603
1973-03-05T00:00:00.000+10:00,2.992,140,603
1973-03-06T00:00:00.000+10:00,2.796,140,603
1973-03-07T00:00:00.000+10:00,2.612,140,603
1973-03-08T00:00:00.000+10:00,2.469,140,603
1973-03-09T00:00:00.000+10:00,2.373,140,603
1973-03-10T00:00:00.000+10:00,2.829,140,603
1973-03-11T00:00:00.000+10:00,2.200,140,603
1973-03-12T00:00:00.000+10:00,1.989,140,603
1973-03-13T00:00:00.000+10:00,3.730,140,603
1973-03-14T00:00:00.000+10:00,5.570,140,603
1973-03-15T00:00:00.000+10:00,2.013,140,603
1973-03-16T00:00:00.000+10:00,1.475,140,603
1973-03-17T00:00:00.000+10:00,1.255,140,603
1973-03-18T00:00:00.000+10:00,1.117,140,603
1973-03-19T00:00:00.000+10:00,1.023,140,603
1973-03-20T00:00:00.000+10:00,0.951,140,603
1973-03-21T00:00:00.000+10:00,0.897,140,603
1973-03-22T00:00:00.000+10:00,0.839,140,603
1973-03-23T00:00:00.000+10:00,0.918,140,603
1973-03-24T00:00:00.000+10:00,1.376,140,603
1973-03-25T00:00:00.000+10:00,1.574,140,603
1973-03-26T00:00:00.000+10:00,1.490,140,603
1973-03-27T00:00:00.000+10:00,1.241,140,603
1973-03-28T00:00:00.000+10:00,1.101,140,603
1973-03-29T00:00:00.000+10:00,0.975,140,603
1973-03-30T00:00:00.000+10:00,0.897,140,603
1973-03-31T00:00:00.000+10:00,0.843,140,603
1973-04-01T00:00:00.000+10:00,0.747,140,603
1973-04-02T00:00:00.000+10:00,0.715,140,603
1973-04-03T00:00:00.000+10:00,0.739,140,603
1973-04-04T00:00:00.000+10:00,0.676,140,603
1973-04-05T00:00:00.000+10:00,0.623,140,603
1973-04-06T00:00:00.000+10:00,0.580,140,603
1973-04-07T00:00:00.000+10:00,0.561,140,603
1973-04-08T00:00:00.000+10:00,0.532,140,603
1973-04-09T00:00:00.000+10:00,0.543,140,603
1973-04-10T00:00:00.000+10:00,0.769,140,603
1973-04-11T00:00:00.000+10:00,0.832,140,603
1973-04-12T00:00:00.000+10:00,1.298,140,603
1973-04-13T00:00:00.000+10:00,1.154,140,603
1973-04-14T00:00:00.000+10:00,0.937,140,603
1973-04-15T00:00:00.000+10:00,0.801,140,603
1973-04-16T00:00:00.000+10:00,0.708,140,603
1973-04-17T00:00:00.000+10:00,0.646,140,603
1973-04-18T00:00:00.000+10:00,0.604,140,603
1973-04-19T00:00:00.000+10:00,0.577,140,603
1973-04-20T00:00:00.000+10:00,0.541,140,603
1973-04-21T00:00:00.000+10:00,0.508,140,603
1973-04-22T00:00:00.000+10:00,0.482,140,603
1973-04-23T00:00:00.000+10:00,0.455,140,603
1973-04-24T00:00:00.000+10:00,0.449,140,603
1973-04-25T00:00:00.000+10:00,0.462,140,603
1973-04-26T00:00:00.000+10:00,0.510,140,603
1973-04-27T00:00:00.000+10:00,0.492,140,603
1973-04-28T00:00:00.000+10:00,0.460,140,603
1973-04-29T00:00:00.000+10:00,0.442,140,603
1973-04-30T00:00:00.000+10:00,0.417,140,603
1973-05-01T00:00:00.000+10:00,0.413,140,603
1973-05-02T00:00:00.000+10:00,1.926,140,603
1973-05-03T00:00:00.000+10:00,1.290,140,603
1973-05-04T00:00:00.000+10:00,1.395,140,603
1973-05-05T00:00:00.000+10:00,1.180,140,603
1973-05-06T00:00:00.000+10:00,1.056,140,603
1973-05-07T00:00:00.000+10:00,0.975,140,603
1973-05-08T00:00:00.000+10:00,0.941,140,603
1973-05-09T00:00:00.000+10:00,0.897,140,603
1973-05-10T00:00:00.000+10:00,0.861,140,603
1973-05-11T00:00:00.000+10:00,0.830,140,603
1973-05-12T00:00:00.000+10:00,0.797,140,603
1973-05-13T00:00:00.000+10:00,0.769,140,603
1973-05-14T00:00:00.000+10:00,0.742,140,603
1973-05-15T00:00:00.000+10:00,0.717,140,603
1973-05-16T00:00:00.000+10:00,0.680,140,603
1973-05-17T00:00:00.000+10:00,0.654,140,603
1973-05-18T00:00:00.000+10:00,0.637,140,603
1973-05-19T00:00:00.000+10:00,0.609,140,603
1973-05-20T00:00:00.000+10:00,0.595,140,603
1973-05-21T00:00:00.000+10:00,0.582,140,603
1973-05-22T00:00:00.000+10:00,0.564,140,603
1973-05-23T00:00:00.000+10:00,0.571,140,603
1973-05-24T00:00:00.000+10:00,0.664,140,603
1973-05-25T00:00:00.000+10:00,0.649,140,603
1973-05-26T00:00:00.000+10:00,0.648,140,603
1973-05-27T00:00:00.000+10:00,0.632,140,603
1973-05-28T00:00:00.000+10:00,0.629,140,603
1973-05-29T00:00:00.000+10:00,0.601,140,603
1973-05-30T00:00:00.000+10:00,0.611,140,603
1973-05-31T00:00:00.000+10:00,0.605,140,603
1973-06-01T00:00:00.000+10:00,0.560,140,603
1973-06-02T00:00:00.000+10:00,0.580,140,603
1973-06-03T00:00:00.000+10:00,0.586,140,603
1973-06-04T00:00:00.000+10:00,0.566,140,603
1973-06-05T00:00:00.000+10:00,0.567,140,603
1973-06-06T00:00:00.000+10:00,0.550,140,603
1973-06-07T00:00:00.000+10:00,0.550,140,603
1973-06-08T00:00:00.000+10:00,0.538,140,603
1973-06-09T00:00:00.000+10:00,0.547,140,603
1973-06-10T00:00:00.000+10:00,0.540,140,603
1973-06-11T00:00:00.000+10:00,0.522,140,603
1973-06-12T00:00:00.000+10:00,0.496,140,603
1973-06-13T00:00:00.000+10:00,0.484,140,603
1973-06-14T00:00:00.000+10:00,0.449,140,603
1973-06-15T00:00:00.000+10:00,0.435,140,603
1973-06-16T00:00:00.000+10:00,0.434,140,603
1973-06-17T00:00:00.000+10:00,0.417,140,603
1973-06-18T00:00:00.000+10:00,0.424,140,603
1973-06-19T00:00:00.000+10:00,0.405,140,603
1973-06-20T00:00:00.000+10:00,0.440,140,603
1973-06-21T00:00:00.000+10:00,0.424,140,603
1973-06-22T00:00:00.000+10:00,0.416,140,603
1973-06-23T00:00:00.000+10:00,0.416,140,603
1973-06-24T00:00:00.000+10:00,0.410,140,603
1973-06-25T00:00:00.000+10:00,0.408,140,603
1973-06-26T00:00:00.000+10:00,0.399,140,603
1973-06-27T00:00:00.000+10:00,0.391,140,603
1973-06-28T00:00:00.000+10:00,0.397,140,603
1973-06-29T00:00:00.000+10:00,0.436,140,603
1973-06-30T00:00:00.000+10:00,0.435,140,603
1973-07-01T00:00:00.000+10:00,0.431,140,603
1973-07-02T00:00:00.000+10:00,0.420,140,603
1973-07-03T00:00:00.000+10:00,0.435,140,603
1973-07-04T00:00:00.000+10:00,0.655,140,603
1973-07-05T00:00:00.000+10:00,49.753,140,603
1973-07-06T00:00:00.000+10:00,138.439,140,603
1973-07-07T00:00:00.000+10:00,49.230,140,603
1973-07-08T00:00:00.000+10:00,33.559,140,603
1973-07-09T00:00:00.000+10:00,58.626,140,603
1973-07-10T00:00:00.000+10:00,38.338,140,603
1973-07-11T00:00:00.000+10:00,27.925,140,603
1973-07-12T00:00:00.000+10:00,16.513,140,603
1973-07-13T00:00:00.000+10:00,10.809,140,603
1973-07-14T00:00:00.000+10:00,7.781,140,603
1973-07-15T00:00:00.000+10:00,6.247,140,603
1973-07-16T00:00:00.000+10:00,5.139,140,603
1973-07-17T00:00:00.000+10:00,4.452,140,603
1973-07-18T00:00:00.000+10:00,3.972,140,603
1973-07-19T00:00:00.000+10:00,3.464,140,603
1973-07-20T00:00:00.000+10:00,3.067,140,603
1973-07-21T00:00:00.000+10:00,2.762,140,603
1973-07-22T00:00:00.000+10:00,2.521,140,603
1973-07-23T00:00:00.000+10:00,2.339,140,603
1973-07-24T00:00:00.000+10:00,2.245,140,603
1973-07-25T00:00:00.000+10:00,2.354,140,603
1973-07-26T00:00:00.000+10:00,2.200,140,603
1973-07-27T00:00:00.000+10:00,2.068,140,603
1973-07-28T00:00:00.000+10:00,1.916,140,603
1973-07-29T00:00:00.000+10:00,1.798,140,603
1973-07-30T00:00:00.000+10:00,1.696,140,603
1973-07-31T00:00:00.000+10:00,1.630,140,603
1973-08-01T00:00:00.000+10:00,1.556,140,603
1973-08-02T00:00:00.000+10:00,1.503,140,603
1973-08-03T00:00:00.000+10:00,1.441,140,603
1973-08-04T00:00:00.000+10:00,1.385,140,603
1973-08-05T00:00:00.000+10:00,1.323,140,603
1973-08-06T00:00:00.000+10:00,1.276,140,603
1973-08-07T00:00:00.000+10:00,1.237,140,603
1973-08-08T00:00:00.000+10:00,1.210,140,603
1973-08-09T00:00:00.000+10:00,1.293,140,603
1973-08-10T00:00:00.000+10:00,1.241,140,603
1973-08-11T00:00:00.000+10:00,1.169,140,603
1973-08-12T00:00:00.000+10:00,1.102,140,603
1973-08-13T00:00:00.000+10:00,1.058,140,603
1973-08-14T00:00:00.000+10:00,1.037,140,603
1973-08-15T00:00:00.000+10:00,1.006,140,603
1973-08-16T00:00:00.000+10:00,0.994,140,603
1973-08-17T00:00:00.000+10:00,1.019,140,603
1973-08-18T00:00:00.000+10:00,1.264,140,603
1973-08-19T00:00:00.000+10:00,1.106,140,603
1973-08-20T00:00:00.000+10:00,0.991,140,603
1973-08-21T00:00:00.000+10:00,0.944,140,603
1973-08-22T00:00:00.000+10:00,0.897,140,603
1973-08-23T00:00:00.000+10:00,0.876,140,603
1973-08-24T00:00:00.000+10:00,0.857,140,603
1973-08-25T00:00:00.000+10:00,0.832,140,603
1973-08-26T00:00:00.000+10:00,0.822,140,603
1973-08-27T00:00:00.000+10:00,0.813,140,603
1973-08-28T00:00:00.000+10:00,0.798,140,603
1973-08-29T00:00:00.000+10:00,0.790,140,603
1973-08-30T00:00:00.000+10:00,0.759,140,603
1973-08-31T00:00:00.000+10:00,0.744,140,603
1973-09-01T00:00:00.000+10:00,0.751,140,603
1973-09-02T00:00:00.000+10:00,0.737,140,603
1973-09-03T00:00:00.000+10:00,0.717,140,603
1973-09-04T00:00:00.000+10:00,0.692,140,603
1973-09-05T00:00:00.000+10:00,0.666,140,603
1973-09-06T00:00:00.000+10:00,0.654,140,603
1973-09-07T00:00:00.000+10:00,0.639,140,603
1973-09-08T00:00:00.000+10:00,0.638,140,603
1973-09-09T00:00:00.000+10:00,0.616,140,603
1973-09-10T00:00:00.000+10:00,0.628,140,603
1973-09-11T00:00:00.000+10:00,0.640,140,603
1973-09-12T00:00:00.000+10:00,0.609,140,603
1973-09-13T00:00:00.000+10:00,0.608,140,603
1973-09-14T00:00:00.000+10:00,0.601,140,603
1973-09-15T00:00:00.000+10:00,0.647,140,603
1973-09-16T00:00:00.000+10:00,0.646,140,603
1973-09-17T00:00:00.000+10:00,0.620,140,603
1973-09-18T00:00:00.000+10:00,0.616,140,603
1973-09-19T00:00:00.000+10:00,0.588,140,603
1973-09-20T00:00:00.000+10:00,0.549,140,603
1973-09-21T00:00:00.000+10:00,0.562,140,603
1973-09-22T00:00:00.000+10:00,0.547,140,603
1973-09-23T00:00:00.000+10:00,0.815,140,603
1973-09-24T00:00:00.000+10:00,1.271,140,603
1973-09-25T00:00:00.000+10:00,0.953,140,603
1973-09-26T00:00:00.000+10:00,0.852,140,603
1973-09-27T00:00:00.000+10:00,0.787,140,603
1973-09-28T00:00:00.000+10:00,0.719,140,603
1973-09-29T00:00:00.000+10:00,0.662,140,603
1973-09-30T00:00:00.000+10:00,0.651,140,603
1973-10-01T00:00:00.000+10:00,0.629,140,603
1973-10-02T00:00:00.000+10:00,0.615,140,603
1973-10-03T00:00:00.000+10:00,0.623,140,603
1973-10-04T00:00:00.000+10:00,0.797,140,603
1973-10-05T00:00:00.000+10:00,0.972,140,603
1973-10-06T00:00:00.000+10:00,1.564,140,603
1973-10-07T00:00:00.000+10:00,3.518,140,603
1973-10-08T00:00:00.000+10:00,3.688,140,603
1973-10-09T00:00:00.000+10:00,2.671,140,603
1973-10-10T00:00:00.000+10:00,2.313,140,603
1973-10-11T00:00:00.000+10:00,2.430,140,603
1973-10-12T00:00:00.000+10:00,2.159,140,603
1973-10-13T00:00:00.000+10:00,7.022,140,603
1973-10-14T00:00:00.000+10:00,3.940,140,603
1973-10-15T00:00:00.000+10:00,2.898,140,603
1973-10-16T00:00:00.000+10:00,2.379,140,603
1973-10-17T00:00:00.000+10:00,2.056,140,603
1973-10-18T00:00:00.000+10:00,1.795,140,603
1973-10-19T00:00:00.000+10:00,1.581,140,603
1973-10-20T00:00:00.000+10:00,1.433,140,603
1973-10-21T00:00:00.000+10:00,1.307,140,603
1973-10-22T00:00:00.000+10:00,1.158,140,603
1973-10-23T00:00:00.000+10:00,1.091,140,603
1973-10-24T00:00:00.000+10:00,1.044,140,603
1973-10-25T00:00:00.000+10:00,0.989,140,603
1973-10-26T00:00:00.000+10:00,0.928,140,603
1973-10-27T00:00:00.000+10:00,0.908,140,603
1973-10-28T00:00:00.000+10:00,0.928,140,603
1973-10-29T00:00:00.000+10:00,1.035,140,603
1973-10-30T00:00:00.000+10:00,1.023,140,603
1973-10-31T00:00:00.000+10:00,0.881,140,603
1973-11-01T00:00:00.000+10:00,0.964,140,603
1973-11-02T00:00:00.000+10:00,2.085,140,603
1973-11-03T00:00:00.000+10:00,1.522,140,603
1973-11-04T00:00:00.000+10:00,1.277,140,603
1973-11-05T00:00:00.000+10:00,1.113,140,603
1973-11-06T00:00:00.000+10:00,1.014,140,603
1973-11-07T00:00:00.000+10:00,0.954,140,603
1973-11-08T00:00:00.000+10:00,0.900,140,603
1973-11-09T00:00:00.000+10:00,0.846,140,603
1973-11-10T00:00:00.000+10:00,0.828,140,603
1973-11-11T00:00:00.000+10:00,0.856,140,603
1973-11-12T00:00:00.000+10:00,0.920,140,603
1973-11-13T00:00:00.000+10:00,0.982,140,603
1973-11-14T00:00:00.000+10:00,0.899,140,603
1973-11-15T00:00:00.000+10:00,0.799,140,603
1973-11-16T00:00:00.000+10:00,0.725,140,603
1973-11-17T00:00:00.000+10:00,0.686,140,603
1973-11-18T00:00:00.000+10:00,0.649,140,603
1973-11-19T00:00:00.000+10:00,0.608,140,603
1973-11-20T00:00:00.000+10:00,0.563,140,603
1973-11-21T00:00:00.000+10:00,0.562,140,603
1973-11-22T00:00:00.000+10:00,0.619,140,603
1973-11-23T00:00:00.000+10:00,0.651,140,603
1973-11-24T00:00:00.000+10:00,0.644,140,603
1973-11-25T00:00:00.000+10:00,0.623,140,603
1973-11-26T00:00:00.000+10:00,0.591,140,603
1973-11-27T00:00:00.000+10:00,0.810,140,603
1973-11-28T00:00:00.000+10:00,2.446,140,603
1973-11-29T00:00:00.000+10:00,1.954,140,603
1973-11-30T00:00:00.000+10:00,1.475,140,603
1973-12-01T00:00:00.000+10:00,1.250,140,603
1973-12-02T00:00:00.000+10:00,1.129,140,603
1973-12-03T00:00:00.000+10:00,1.025,140,603
1973-12-04T00:00:00.000+10:00,0.961,140,603
1973-12-05T00:00:00.000+10:00,0.909,140,603
1973-12-06T00:00:00.000+10:00,2.765,140,603
1973-12-07T00:00:00.000+10:00,1.787,140,603
1973-12-08T00:00:00.000+10:00,1.662,140,603
1973-12-09T00:00:00.000+10:00,3.394,140,603
1973-12-10T00:00:00.000+10:00,3.170,140,603
1973-12-11T00:00:00.000+10:00,2.945,140,603
1973-12-12T00:00:00.000+10:00,2.327,140,603
1973-12-13T00:00:00.000+10:00,2.053,140,603
1973-12-14T00:00:00.000+10:00,2.025,140,603
1973-12-15T00:00:00.000+10:00,2.062,140,603
1973-12-16T00:00:00.000+10:00,1.821,140,603
1973-12-17T00:00:00.000+10:00,1.728,140,603
1973-12-18T00:00:00.000+10:00,3.062,140,603
1973-12-19T00:00:00.000+10:00,4.742,140,603
1973-12-20T00:00:00.000+10:00,5.170,140,603
1973-12-21T00:00:00.000+10:00,25.493,140,603
1973-12-22T00:00:00.000+10:00,10.351,140,603
1973-12-23T00:00:00.000+10:00,6.335,140,603
1973-12-24T00:00:00.000+10:00,4.696,140,603
1973-12-25T00:00:00.000+10:00,3.915,140,603
1973-12-26T00:00:00.000+10:00,3.606,140,603
1973-12-27T00:00:00.000+10:00,2.961,140,603
1973-12-28T00:00:00.000+10:00,2.720,140,603
1973-12-29T00:00:00.000+10:00,2.491,140,603
1973-12-30T00:00:00.000+10:00,2.151,140,603
1973-12-31T00:00:00.000+10:00,2.021,140,603
1974-01-01T00:00:00.000+10:00,2.924,140,603
1974-01-02T00:00:00.000+10:00,2.694,140,603
1974-01-03T00:00:00.000+10:00,2.570,140,603
1974-01-04T00:00:00.000+10:00,3.271,140,603
1974-01-05T00:00:00.000+10:00,2.970,140,603
1974-01-06T00:00:00.000+10:00,2.642,140,603
1974-01-07T00:00:00.000+10:00,10.839,140,603
1974-01-08T00:00:00.000+10:00,126.327,140,603
1974-01-09T00:00:00.000+10:00,52.475,140,603
1974-01-10T00:00:00.000+10:00,149.930,140,603
1974-01-11T00:00:00.000+10:00,118.006,140,603
1974-01-12T00:00:00.000+10:00,117.029,140,603
1974-01-13T00:00:00.000+10:00,87.821,140,603
1974-01-14T00:00:00.000+10:00,40.195,140,603
1974-01-15T00:00:00.000+10:00,38.412,140,603
1974-01-16T00:00:00.000+10:00,31.075,140,603
1974-01-17T00:00:00.000+10:00,21.221,140,603
1974-01-18T00:00:00.000+10:00,15.688,140,603
1974-01-19T00:00:00.000+10:00,11.786,140,603
1974-01-20T00:00:00.000+10:00,9.514,140,603
1974-01-21T00:00:00.000+10:00,7.978,140,603
1974-01-22T00:00:00.000+10:00,6.697,140,603
1974-01-23T00:00:00.000+10:00,5.865,140,603
1974-01-24T00:00:00.000+10:00,5.307,140,603
1974-01-25T00:00:00.000+10:00,17.665,140,603
1974-01-26T00:00:00.000+10:00,148.656,140,603
1974-01-27T00:00:00.000+10:00,83.953,140,603
1974-01-28T00:00:00.000+10:00,44.833,140,603
1974-01-29T00:00:00.000+10:00,27.927,140,603
1974-01-30T00:00:00.000+10:00,19.737,140,603
1974-01-31T00:00:00.000+10:00,14.929,140,603
1974-02-01T00:00:00.000+10:00,12.471,140,603
1974-02-02T00:00:00.000+10:00,9.764,140,603
1974-02-03T00:00:00.000+10:00,7.917,140,603
1974-02-04T00:00:00.000+10:00,7.739,140,603
1974-02-05T00:00:00.000+10:00,6.716,140,603
1974-02-06T00:00:00.000+10:00,8.749,140,603
1974-02-07T00:00:00.000+10:00,8.189,140,603
1974-02-08T00:00:00.000+10:00,6.283,140,603
1974-02-09T00:00:00.000+10:00,5.728,140,603
1974-02-10T00:00:00.000+10:00,5.610,140,603
1974-02-11T00:00:00.000+10:00,5.139,140,603
1974-02-12T00:00:00.000+10:00,4.879,140,603
1974-02-13T00:00:00.000+10:00,4.377,140,603
1974-02-14T00:00:00.000+10:00,4.053,140,603
1974-02-15T00:00:00.000+10:00,8.304,140,603
1974-02-16T00:00:00.000+10:00,10.221,140,603
1974-02-17T00:00:00.000+10:00,6.181,140,603
1974-02-18T00:00:00.000+10:00,5.433,140,603
1974-02-19T00:00:00.000+10:00,4.839,140,603
1974-02-20T00:00:00.000+10:00,4.974,140,603
1974-02-21T00:00:00.000+10:00,5.511,140,603
1974-02-22T00:00:00.000+10:00,4.327,140,603
1974-02-23T00:00:00.000+10:00,3.987,140,603
1974-02-24T00:00:00.000+10:00,3.747,140,603
1974-02-25T00:00:00.000+10:00,3.490,140,603
1974-02-26T00:00:00.000+10:00,3.458,140,603
1974-02-27T00:00:00.000+10:00,3.291,140,603
1974-02-28T00:00:00.000+10:00,3.136,140,603
1974-03-01T00:00:00.000+10:00,3.354,140,603
1974-03-02T00:00:00.000+10:00,3.021,140,603
1974-03-03T00:00:00.000+10:00,5.023,140,603
1974-03-04T00:00:00.000+10:00,4.014,140,603
1974-03-05T00:00:00.000+10:00,3.419,140,603
1974-03-06T00:00:00.000+10:00,3.163,140,603
1974-03-07T00:00:00.000+10:00,3.101,140,603
1974-03-08T00:00:00.000+10:00,3.400,140,603
1974-03-09T00:00:00.000+10:00,3.185,140,603
1974-03-10T00:00:00.000+10:00,257.817,140,603
1974-03-11T00:00:00.000+10:00,291.894,140,603
1974-03-12T00:00:00.000+10:00,217.539,140,603
1974-03-13T00:00:00.000+10:00,205.448,140,603
1974-03-14T00:00:00.000+10:00,84.408,140,603
1974-03-15T00:00:00.000+10:00,40.687,140,603
1974-03-16T00:00:00.000+10:00,25.568,140,603
1974-03-17T00:00:00.000+10:00,18.088,140,603
1974-03-18T00:00:00.000+10:00,13.992,140,603
1974-03-19T00:00:00.000+10:00,,-1,603
1974-03-20T00:00:00.000+10:00,,-1,603
1974-03-21T00:00:00.000+10:00,,-1,603
1974-03-22T00:00:00.000+10:00,,-1,603
1974-03-23T00:00:00.000+10:00,,-1,603
1974-03-24T00:00:00.000+10:00,,-1,603
1974-03-25T00:00:00.000+10:00,,-1,603
1974-03-26T00:00:00.000+10:00,,-1,603
1974-03-27T00:00:00.000+10:00,,-1,603
1974-03-28T00:00:00.000+10:00,,-1,603
1974-03-29T00:00:00.000+10:00,,-1,603
1974-03-30T00:00:00.000+10:00,,-1,603
1974-03-31T00:00:00.000+10:00,,-1,603
1974-04-01T00:00:00.000+10:00,,-1,603
1974-04-02T00:00:00.000+10:00,,-1,603
1974-04-03T00:00:00.000+10:00,,-1,603
1974-04-04T00:00:00.000+10:00,,-1,603
1974-04-05T00:00:00.000+10:00,,-1,603
1974-04-06T00:00:00.000+10:00,,-1,603
1974-04-07T00:00:00.000+10:00,,-1,603
1974-04-08T00:00:00.000+10:00,,-1,603
1974-04-09T00:00:00.000+10:00,,-1,603
1974-04-10T00:00:00.000+10:00,3.080,140,603
1974-04-11T00:00:00.000+10:00,2.987,140,603
1974-04-12T00:00:00.000+10:00,2.888,140,603
1974-04-13T00:00:00.000+10:00,2.747,140,603
1974-04-14T00:00:00.000+10:00,8.897,140,603
1974-04-15T00:00:00.000+10:00,5.985,140,603
1974-04-16T00:00:00.000+10:00,3.296,140,603
1974-04-17T00:00:00.000+10:00,2.926,140,603
1974-04-18T00:00:00.000+10:00,2.738,140,603
1974-04-19T00:00:00.000+10:00,2.590,140,603
1974-04-20T00:00:00.000+10:00,2.646,140,603
1974-04-21T00:00:00.000+10:00,28.956,140,603
1974-04-22T00:00:00.000+10:00,184.116,140,603
1974-04-23T00:00:00.000+10:00,52.945,140,603
1974-04-24T00:00:00.000+10:00,27.231,140,603
1974-04-25T00:00:00.000+10:00,18.360,140,603
1974-04-26T00:00:00.000+10:00,15.228,140,603
1974-04-27T00:00:00.000+10:00,14.930,140,603
1974-04-28T00:00:00.000+10:00,13.782,140,603
1974-04-29T00:00:00.000+10:00,11.039,140,603
1974-04-30T00:00:00.000+10:00,9.106,140,603
1974-05-01T00:00:00.000+10:00,7.722,140,603
1974-05-02T00:00:00.000+10:00,6.869,140,603
1974-05-03T00:00:00.000+10:00,6.229,140,603
1974-05-04T00:00:00.000+10:00,6.073,140,603
1974-05-05T00:00:00.000+10:00,6.090,140,603
1974-05-06T00:00:00.000+10:00,5.474,140,603
1974-05-07T00:00:00.000+10:00,4.965,140,603
1974-05-08T00:00:00.000+10:00,4.676,140,603
1974-05-09T00:00:00.000+10:00,4.629,140,603
1974-05-10T00:00:00.000+10:00,4.307,140,603
1974-05-11T00:00:00.000+10:00,4.145,140,603
1974-05-12T00:00:00.000+10:00,3.873,140,603
1974-05-13T00:00:00.000+10:00,3.748,140,603
1974-05-14T00:00:00.000+10:00,3.537,140,603
1974-05-15T00:00:00.000+10:00,3.399,140,603
1974-05-16T00:00:00.000+10:00,3.267,140,603
1974-05-17T00:00:00.000+10:00,3.212,140,603
1974-05-18T00:00:00.000+10:00,3.121,140,603
1974-05-19T00:00:00.000+10:00,3.246,140,603
1974-05-20T00:00:00.000+10:00,3.001,140,603
1974-05-21T00:00:00.000+10:00,2.866,140,603
1974-05-22T00:00:00.000+10:00,2.777,140,603
1974-05-23T00:00:00.000+10:00,2.722,140,603
1974-05-24T00:00:00.000+10:00,2.675,140,603
1974-05-25T00:00:00.000+10:00,2.623,140,603
1974-05-26T00:00:00.000+10:00,2.590,140,603
1974-05-27T00:00:00.000+10:00,2.610,140,603
1974-05-28T00:00:00.000+10:00,2.395,140,603
1974-05-29T00:00:00.000+10:00,2.316,140,603
1974-05-30T00:00:00.000+10:00,2.249,140,603
1974-05-31T00:00:00.000+10:00,2.285,140,603
1974-06-01T00:00:00.000+10:00,3.351,140,603
1974-06-02T00:00:00.000+10:00,40.503,140,603
1974-06-03T00:00:00.000+10:00,89.288,140,603
1974-06-04T00:00:00.000+10:00,65.256,140,603
1974-06-05T00:00:00.000+10:00,24.201,140,603
1974-06-06T00:00:00.000+10:00,14.509,140,603
1974-06-07T00:00:00.000+10:00,10.484,140,603
1974-06-08T00:00:00.000+10:00,8.192,140,603
1974-06-09T00:00:00.000+10:00,6.975,140,603
1974-06-10T00:00:00.000+10:00,6.181,140,603
1974-06-11T00:00:00.000+10:00,5.564,140,603
1974-06-12T00:00:00.000+10:00,5.070,140,603
1974-06-13T00:00:00.000+10:00,4.667,140,603
1974-06-14T00:00:00.000+10:00,4.361,140,603
1974-06-15T00:00:00.000+10:00,4.110,140,603
1974-06-16T00:00:00.000+10:00,3.920,140,603
1974-06-17T00:00:00.000+10:00,3.973,140,603
1974-06-18T00:00:00.000+10:00,3.706,140,603
1974-06-19T00:00:00.000+10:00,3.475,140,603
1974-06-20T00:00:00.000+10:00,3.325,140,603
1974-06-21T00:00:00.000+10:00,3.189,140,603
1974-06-22T00:00:00.000+10:00,3.068,140,603
1974-06-23T00:00:00.000+10:00,2.978,140,603
1974-06-24T00:00:00.000+10:00,2.882,140,603
1974-06-25T00:00:00.000+10:00,2.805,140,603
1974-06-26T00:00:00.000+10:00,2.725,140,603
1974-06-27T00:00:00.000+10:00,2.659,140,603
1974-06-28T00:00:00.000+10:00,2.554,140,603
1974-06-29T00:00:00.000+10:00,2.478,140,603
1974-06-30T00:00:00.000+10:00,2.468,140,603
1974-07-01T00:00:00.000+10:00,2.401,140,603
1974-07-02T00:00:00.000+10:00,2.319,140,603
1974-07-03T00:00:00.000+10:00,2.250,140,603
1974-07-04T00:00:00.000+10:00,2.175,140,603
1974-07-05T00:00:00.000+10:00,2.134,140,603
1974-07-06T00:00:00.000+10:00,2.119,140,603
1974-07-07T00:00:00.000+10:00,2.061,140,603
1974-07-08T00:00:00.000+10:00,2.001,140,603
1974-07-09T00:00:00.000+10:00,1.961,140,603
1974-07-10T00:00:00.000+10:00,1.925,140,603
1974-07-11T00:00:00.000+10:00,1.887,140,603
1974-07-12T00:00:00.000+10:00,1.833,140,603
1974-07-13T00:00:00.000+10:00,1.798,140,603
1974-07-14T00:00:00.000+10:00,1.766,140,603
1974-07-15T00:00:00.000+10:00,1.719,140,603
1974-07-16T00:00:00.000+10:00,1.714,140,603
1974-07-17T00:00:00.000+10:00,1.694,140,603
1974-07-18T00:00:00.000+10:00,1.644,140,603
1974-07-19T00:00:00.000+10:00,1.590,140,603
1974-07-20T00:00:00.000+10:00,1.562,140,603
1974-07-21T00:00:00.000+10:00,1.553,140,603
1974-07-22T00:00:00.000+10:00,1.527,140,603
1974-07-23T00:00:00.000+10:00,1.499,140,603
1974-07-24T00:00:00.000+10:00,1.468,140,603
1974-07-25T00:00:00.000+10:00,1.290,140,603
1974-07-26T00:00:00.000+10:00,1.202,140,603
1974-07-27T00:00:00.000+10:00,1.200,140,603
1974-07-28T00:00:00.000+10:00,1.139,140,603
1974-07-29T00:00:00.000+10:00,1.135,140,603
1974-07-30T00:00:00.000+10:00,1.142,140,603
1974-07-31T00:00:00.000+10:00,1.124,140,603
1974-08-01T00:00:00.000+10:00,1.124,140,603
1974-08-02T00:00:00.000+10:00,1.292,140,603
1974-08-03T00:00:00.000+10:00,1.381,140,603
1974-08-04T00:00:00.000+10:00,1.235,140,603
1974-08-05T00:00:00.000+10:00,1.130,140,603
1974-08-06T00:00:00.000+10:00,1.085,140,603
1974-08-07T00:00:00.000+10:00,1.056,140,603
1974-08-08T00:00:00.000+10:00,1.030,140,603
1974-08-09T00:00:00.000+10:00,1.004,140,603
1974-08-10T00:00:00.000+10:00,0.974,140,603
1974-08-11T00:00:00.000+10:00,0.953,140,603
1974-08-12T00:00:00.000+10:00,0.936,140,603
1974-08-13T00:00:00.000+10:00,0.922,140,603
1974-08-14T00:00:00.000+10:00,0.914,140,603
1974-08-15T00:00:00.000+10:00,0.891,140,603
1974-08-16T00:00:00.000+10:00,0.881,140,603
1974-08-17T00:00:00.000+10:00,0.874,140,603
1974-08-18T00:00:00.000+10:00,0.864,140,603
1974-08-19T00:00:00.000+10:00,0.848,140,603
1974-08-20T00:00:00.000+10:00,0.833,140,603
1974-08-21T00:00:00.000+10:00,0.836,140,603
1974-08-22T00:00:00.000+10:00,0.843,140,603
1974-08-23T00:00:00.000+10:00,0.849,140,603
1974-08-24T00:00:00.000+10:00,0.828,140,603
1974-08-25T00:00:00.000+10:00,0.873,140,603
1974-08-26T00:00:00.000+10:00,0.918,140,603
1974-08-27T00:00:00.000+10:00,1.084,140,603
1974-08-28T00:00:00.000+10:00,1.334,140,603
1974-08-29T00:00:00.000+10:00,1.093,140,603
1974-08-30T00:00:00.000+10:00,0.949,140,603
1974-08-31T00:00:00.000+10:00,0.916,140,603
1974-09-01T00:00:00.000+10:00,0.628,140,603
1974-09-02T00:00:00.000+10:00,0.597,140,603
1974-09-03T00:00:00.000+10:00,0.564,140,603
1974-09-04T00:00:00.000+10:00,0.541,140,603
1974-09-05T00:00:00.000+10:00,0.549,140,603
1974-09-06T00:00:00.000+10:00,0.517,140,603
1974-09-07T00:00:00.000+10:00,0.511,140,603
1974-09-08T00:00:00.000+10:00,0.495,140,603
1974-09-09T00:00:00.000+10:00,0.488,140,603
1974-09-10T00:00:00.000+10:00,0.485,140,603
1974-09-11T00:00:00.000+10:00,0.492,140,603
1974-09-12T00:00:00.000+10:00,0.488,140,603
1974-09-13T00:00:00.000+10:00,0.475,140,603
1974-09-14T00:00:00.000+10:00,0.459,140,603
1974-09-15T00:00:00.000+10:00,0.456,140,603
1974-09-16T00:00:00.000+10:00,0.429,140,603
1974-09-17T00:00:00.000+10:00,0.414,140,603
1974-09-18T00:00:00.000+10:00,0.435,140,603
1974-09-19T00:00:00.000+10:00,0.477,140,603
1974-09-20T00:00:00.000+10:00,0.449,140,603
1974-09-21T00:00:00.000+10:00,0.456,140,603
1974-09-22T00:00:00.000+10:00,0.449,140,603
1974-09-23T00:00:00.000+10:00,0.428,140,603
1974-09-24T00:00:00.000+10:00,0.380,140,603
1974-09-25T00:00:00.000+10:00,0.392,140,603
1974-09-26T00:00:00.000+10:00,0.377,140,603
1974-09-27T00:00:00.000+10:00,0.372,140,603
1974-09-28T00:00:00.000+10:00,0.371,140,603
1974-09-29T00:00:00.000+10:00,0.368,140,603
1974-09-30T00:00:00.000+10:00,0.358,140,603
1974-10-01T00:00:00.000+10:00,0.343,140,603
1974-10-02T00:00:00.000+10:00,0.346,140,603
1974-10-03T00:00:00.000+10:00,0.337,140,603
1974-10-04T00:00:00.000+10:00,0.336,140,603
1974-10-05T00:00:00.000+10:00,0.377,140,603
1974-10-06T00:00:00.000+10:00,0.394,140,603
1974-10-07T00:00:00.000+10:00,0.382,140,603
1974-10-08T00:00:00.000+10:00,0.356,140,603
1974-10-09T00:00:00.000+10:00,0.333,140,603
1974-10-10T00:00:00.000+10:00,0.360,140,603
1974-10-11T00:00:00.000+10:00,0.469,140,603
1974-10-12T00:00:00.000+10:00,0.400,140,603
1974-10-13T00:00:00.000+10:00,0.396,140,603
1974-10-14T00:00:00.000+10:00,0.385,140,603
1974-10-15T00:00:00.000+10:00,0.396,140,603
1974-10-16T00:00:00.000+10:00,0.404,140,603
1974-10-17T00:00:00.000+10:00,0.361,140,603
1974-10-18T00:00:00.000+10:00,0.353,140,603
1974-10-19T00:00:00.000+10:00,0.329,140,603
1974-10-20T00:00:00.000+10:00,0.316,140,603
1974-10-21T00:00:00.000+10:00,0.308,140,603
1974-10-22T00:00:00.000+10:00,0.286,140,603
1974-10-23T00:00:00.000+10:00,0.299,140,603
1974-10-24T00:00:00.000+10:00,0.266,140,603
1974-10-25T00:00:00.000+10:00,0.255,140,603
1974-10-26T00:00:00.000+10:00,0.233,140,603
1974-10-27T00:00:00.000+10:00,0.231,140,603
1974-10-28T00:00:00.000+10:00,0.284,140,603
1974-10-29T00:00:00.000+10:00,0.279,140,603
1974-10-30T00:00:00.000+10:00,0.279,140,603
1974-10-31T00:00:00.000+10:00,0.248,140,603
1974-11-01T00:00:00.000+10:00,0.384,140,603
1974-11-02T00:00:00.000+10:00,0.633,140,603
1974-11-03T00:00:00.000+10:00,0.613,140,603
1974-11-04T00:00:00.000+10:00,0.547,140,603
1974-11-05T00:00:00.000+10:00,0.479,140,603
1974-11-06T00:00:00.000+10:00,0.441,140,603
1974-11-07T00:00:00.000+10:00,0.436,140,603
1974-11-08T00:00:00.000+10:00,0.425,140,603
1974-11-09T00:00:00.000+10:00,0.411,140,603
1974-11-10T00:00:00.000+10:00,0.371,140,603
1974-11-11T00:00:00.000+10:00,0.364,140,603
1974-11-12T00:00:00.000+10:00,0.321,140,603
1974-11-13T00:00:00.000+10:00,0.312,140,603
1974-11-14T00:00:00.000+10:00,0.344,140,603
1974-11-15T00:00:00.000+10:00,0.331,140,603
1974-11-16T00:00:00.000+10:00,0.323,140,603
1974-11-17T00:00:00.000+10:00,0.340,140,603
1974-11-18T00:00:00.000+10:00,0.427,140,603
1974-11-19T00:00:00.000+10:00,0.895,140,603
1974-11-20T00:00:00.000+10:00,2.601,140,603
1974-11-21T00:00:00.000+10:00,1.677,140,603
1974-11-22T00:00:00.000+10:00,1.363,140,603
1974-11-23T00:00:00.000+10:00,1.269,140,603
1974-11-24T00:00:00.000+10:00,1.112,140,603
1974-11-25T00:00:00.000+10:00,0.995,140,603
1974-11-26T00:00:00.000+10:00,0.917,140,603
1974-11-27T00:00:00.000+10:00,0.938,140,603
1974-11-28T00:00:00.000+10:00,0.980,140,603
1974-11-29T00:00:00.000+10:00,0.832,140,603
1974-11-30T00:00:00.000+10:00,0.739,140,603
1974-12-01T00:00:00.000+10:00,0.668,140,603
1974-12-02T00:00:00.000+10:00,0.607,140,603
1974-12-03T00:00:00.000+10:00,0.588,140,603
1974-12-04T00:00:00.000+10:00,0.560,140,603
1974-12-05T00:00:00.000+10:00,0.524,140,603
1974-12-06T00:00:00.000+10:00,0.494,140,603
1974-12-07T00:00:00.000+10:00,0.495,140,603
1974-12-08T00:00:00.000+10:00,0.528,140,603
1974-12-09T00:00:00.000+10:00,0.507,140,603
1974-12-10T00:00:00.000+10:00,0.543,140,603
1974-12-11T00:00:00.000+10:00,0.546,140,603
1974-12-12T00:00:00.000+10:00,0.519,140,603
1974-12-13T00:00:00.000+10:00,0.501,140,603
1974-12-14T00:00:00.000+10:00,0.473,140,603
1974-12-15T00:00:00.000+10:00,0.447,140,603
1974-12-16T00:00:00.000+10:00,0.407,140,603
1974-12-17T00:00:00.000+10:00,0.380,140,603
1974-12-18T00:00:00.000+10:00,0.356,140,603
1974-12-19T00:00:00.000+10:00,0.347,140,603
1974-12-20T00:00:00.000+10:00,0.333,140,603
1974-12-21T00:00:00.000+10:00,0.298,140,603
1974-12-22T00:00:00.000+10:00,0.296,140,603
1974-12-23T00:00:00.000+10:00,0.320,140,603
1974-12-24T00:00:00.000+10:00,0.320,140,603
1974-12-25T00:00:00.000+10:00,0.298,140,603
1974-12-26T00:00:00.000+10:00,0.302,140,603
1974-12-27T00:00:00.000+10:00,0.338,140,603
1974-12-28T00:00:00.000+10:00,0.315,140,603
1974-12-29T00:00:00.000+10:00,0.279,140,603
1974-12-30T00:00:00.000+10:00,0.299,140,603
1974-12-31T00:00:00.000+10:00,0.305,140,603
1975-01-01T00:00:00.000+10:00,0.266,140,603
1975-01-02T00:00:00.000+10:00,0.259,140,603
1975-01-03T00:00:00.000+10:00,0.223,140,603
1975-01-04T00:00:00.000+10:00,0.271,140,603
1975-01-05T00:00:00.000+10:00,0.275,140,603
1975-01-06T00:00:00.000+10:00,0.263,140,603
1975-01-07T00:00:00.000+10:00,0.251,140,603
1975-01-08T00:00:00.000+10:00,0.235,140,603
1975-01-09T00:00:00.000+10:00,0.200,140,603
1975-01-10T00:00:00.000+10:00,0.189,140,603
1975-01-11T00:00:00.000+10:00,0.197,140,603
1975-01-12T00:00:00.000+10:00,0.173,140,603
1975-01-13T00:00:00.000+10:00,0.186,140,603
1975-01-14T00:00:00.000+10:00,0.208,140,603
1975-01-15T00:00:00.000+10:00,0.177,140,603
1975-01-16T00:00:00.000+10:00,0.172,140,603
1975-01-17T00:00:00.000+10:00,0.147,140,603
1975-01-18T00:00:00.000+10:00,0.171,140,603
1975-01-19T00:00:00.000+10:00,0.107,140,603
1975-01-20T00:00:00.000+10:00,0.141,140,603
1975-01-21T00:00:00.000+10:00,0.152,140,603
1975-01-22T00:00:00.000+10:00,0.097,140,603
1975-01-23T00:00:00.000+10:00,0.091,140,603
1975-01-24T00:00:00.000+10:00,0.070,140,603
1975-01-25T00:00:00.000+10:00,0.066,140,603
1975-01-26T00:00:00.000+10:00,0.053,140,603
1975-01-27T00:00:00.000+10:00,0.045,140,603
1975-01-28T00:00:00.000+10:00,0.047,140,603
1975-01-29T00:00:00.000+10:00,0.036,140,603
1975-01-30T00:00:00.000+10:00,0.051,140,603
1975-01-31T00:00:00.000+10:00,0.058,140,603
1975-02-01T00:00:00.000+10:00,0.040,140,603
1975-02-02T00:00:00.000+10:00,0.025,140,603
1975-02-03T00:00:00.000+10:00,0.022,140,603
1975-02-04T00:00:00.000+10:00,0.024,140,603
1975-02-05T00:00:00.000+10:00,0.015,140,603
1975-02-06T00:00:00.000+10:00,0.001,140,603
1975-02-07T00:00:00.000+10:00,0.002,140,603
1975-02-08T00:00:00.000+10:00,0.000,140,603
1975-02-09T00:00:00.000+10:00,0.000,140,603
1975-02-10T00:00:00.000+10:00,0.000,140,603
1975-02-11T00:00:00.000+10:00,0.000,140,603
1975-02-12T00:00:00.000+10:00,0.000,140,603
1975-02-13T00:00:00.000+10:00,0.000,140,603
1975-02-14T00:00:00.000+10:00,0.000,140,603
1975-02-15T00:00:00.000+10:00,0.000,140,603
1975-02-16T00:00:00.000+10:00,0.000,140,603
1975-02-17T00:00:00.000+10:00,0.000,140,603
1975-02-18T00:00:00.000+10:00,0.006,140,603
1975-02-19T00:00:00.000+10:00,0.009,140,603
1975-02-20T00:00:00.000+10:00,0.006,140,603
1975-02-21T00:00:00.000+10:00,0.009,140,603
1975-02-22T00:00:00.000+10:00,0.010,140,603
1975-02-23T00:00:00.000+10:00,0.018,140,603
1975-02-24T00:00:00.000+10:00,0.045,140,603
1975-02-25T00:00:00.000+10:00,0.056,140,603
1975-02-26T00:00:00.000+10:00,0.050,140,603
1975-02-27T00:00:00.000+10:00,0.053,140,603
1975-02-28T00:00:00.000+10:00,0.072,140,603
1975-03-01T00:00:00.000+10:00,4.960,140,603
1975-03-02T00:00:00.000+10:00,33.713,140,603
1975-03-03T00:00:00.000+10:00,46.769,140,603
1975-03-04T00:00:00.000+10:00,11.830,140,603
1975-03-05T00:00:00.000+10:00,6.136,140,603
1975-03-06T00:00:00.000+10:00,4.301,140,603
1975-03-07T00:00:00.000+10:00,3.567,140,603
1975-03-08T00:00:00.000+10:00,2.916,140,603
1975-03-09T00:00:00.000+10:00,2.339,140,603
1975-03-10T00:00:00.000+10:00,1.914,140,603
1975-03-11T00:00:00.000+10:00,1.668,140,603
1975-03-12T00:00:00.000+10:00,1.597,140,603
1975-03-13T00:00:00.000+10:00,1.292,140,603
1975-03-14T00:00:00.000+10:00,1.135,140,603
1975-03-15T00:00:00.000+10:00,1.007,140,603
1975-03-16T00:00:00.000+10:00,1.187,140,603
1975-03-17T00:00:00.000+10:00,0.957,140,603
1975-03-18T00:00:00.000+10:00,0.805,140,603
1975-03-19T00:00:00.000+10:00,0.770,140,603
1975-03-20T00:00:00.000+10:00,0.740,140,603
1975-03-21T00:00:00.000+10:00,0.687,140,603
1975-03-22T00:00:00.000+10:00,0.620,140,603
1975-03-23T00:00:00.000+10:00,0.568,140,603
1975-03-24T00:00:00.000+10:00,0.515,140,603
1975-03-25T00:00:00.000+10:00,0.471,140,603
1975-03-26T00:00:00.000+10:00,0.471,140,603
1975-03-27T00:00:00.000+10:00,0.478,140,603
1975-03-28T00:00:00.000+10:00,0.465,140,603
1975-03-29T00:00:00.000+10:00,0.460,140,603
1975-03-30T00:00:00.000+10:00,0.449,140,603
1975-03-31T00:00:00.000+10:00,0.450,140,603
1975-04-01T00:00:00.000+10:00,0.500,140,603
1975-04-02T00:00:00.000+10:00,0.499,140,603
1975-04-03T00:00:00.000+10:00,0.457,140,603
1975-04-04T00:00:00.000+10:00,0.416,140,603
1975-04-05T00:00:00.000+10:00,0.403,140,603
1975-04-06T00:00:00.000+10:00,0.385,140,603
1975-04-07T00:00:00.000+10:00,0.364,140,603
1975-04-08T00:00:00.000+10:00,0.350,140,603
1975-04-09T00:00:00.000+10:00,0.320,140,603
1975-04-10T00:00:00.000+10:00,0.324,140,603
1975-04-11T00:00:00.000+10:00,0.297,140,603
1975-04-12T00:00:00.000+10:00,0.316,140,603
1975-04-13T00:00:00.000+10:00,0.414,140,603
1975-04-14T00:00:00.000+10:00,0.491,140,603
1975-04-15T00:00:00.000+10:00,0.969,140,603
1975-04-16T00:00:00.000+10:00,1.216,140,603
1975-04-17T00:00:00.000+10:00,1.059,140,603
1975-04-18T00:00:00.000+10:00,1.008,140,603
1975-04-19T00:00:00.000+10:00,0.964,140,603
1975-04-20T00:00:00.000+10:00,0.899,140,603
1975-04-21T00:00:00.000+10:00,0.799,140,603
1975-04-22T00:00:00.000+10:00,0.718,140,603
1975-04-23T00:00:00.000+10:00,0.665,140,603
1975-04-24T00:00:00.000+10:00,0.617,140,603
1975-04-25T00:00:00.000+10:00,0.565,140,603
1975-04-26T00:00:00.000+10:00,0.550,140,603
1975-04-27T00:00:00.000+10:00,0.530,140,603
1975-04-28T00:00:00.000+10:00,0.498,140,603
1975-04-29T00:00:00.000+10:00,0.476,140,603
1975-04-30T00:00:00.000+10:00,0.459,140,603
1975-05-01T00:00:00.000+10:00,0.437,140,603
1975-05-02T00:00:00.000+10:00,2.653,140,603
1975-05-03T00:00:00.000+10:00,2.479,140,603
1975-05-04T00:00:00.000+10:00,1.568,140,603
1975-05-05T00:00:00.000+10:00,1.383,140,603
1975-05-06T00:00:00.000+10:00,1.207,140,603
1975-05-07T00:00:00.000+10:00,1.084,140,603
1975-05-08T00:00:00.000+10:00,0.974,140,603
1975-05-09T00:00:00.000+10:00,0.868,140,603
1975-05-10T00:00:00.000+10:00,0.811,140,603
1975-05-11T00:00:00.000+10:00,0.755,140,603
1975-05-12T00:00:00.000+10:00,0.684,140,603
1975-05-13T00:00:00.000+10:00,0.643,140,603
1975-05-14T00:00:00.000+10:00,0.605,140,603
1975-05-15T00:00:00.000+10:00,0.578,140,603
1975-05-16T00:00:00.000+10:00,0.560,140,603
1975-05-17T00:00:00.000+10:00,0.533,140,603
1975-05-18T00:00:00.000+10:00,0.506,140,603
1975-05-19T00:00:00.000+10:00,0.479,140,603
1975-05-20T00:00:00.000+10:00,0.455,140,603
1975-05-21T00:00:00.000+10:00,0.439,140,603
1975-05-22T00:00:00.000+10:00,0.425,140,603
1975-05-23T00:00:00.000+10:00,0.414,140,603
1975-05-24T00:00:00.000+10:00,0.397,140,603
1975-05-25T00:00:00.000+10:00,0.371,140,603
1975-05-26T00:00:00.000+10:00,0.360,140,603
1975-05-27T00:00:00.000+10:00,0.338,140,603
1975-05-28T00:00:00.000+10:00,0.322,140,603
1975-05-29T00:00:00.000+10:00,0.326,140,603
1975-05-30T00:00:00.000+10:00,0.314,140,603
1975-05-31T00:00:00.000+10:00,0.294,140,603
1975-06-01T00:00:00.000+10:00,0.290,140,603
1975-06-02T00:00:00.000+10:00,0.277,140,603
1975-06-03T00:00:00.000+10:00,0.261,140,603
1975-06-04T00:00:00.000+10:00,0.260,140,603
1975-06-05T00:00:00.000+10:00,0.247,140,603
1975-06-06T00:00:00.000+10:00,0.227,140,603
1975-06-07T00:00:00.000+10:00,0.215,140,603
1975-06-08T00:00:00.000+10:00,0.204,140,603
1975-06-09T00:00:00.000+10:00,0.202,140,603
1975-06-10T00:00:00.000+10:00,0.205,140,603
1975-06-11T00:00:00.000+10:00,0.208,140,603
1975-06-12T00:00:00.000+10:00,0.209,140,603
1975-06-13T00:00:00.000+10:00,0.234,140,603
1975-06-14T00:00:00.000+10:00,0.239,140,603
1975-06-15T00:00:00.000+10:00,0.225,140,603
1975-06-16T00:00:00.000+10:00,0.210,140,603
1975-06-17T00:00:00.000+10:00,0.195,140,603
1975-06-18T00:00:00.000+10:00,0.206,140,603
1975-06-19T00:00:00.000+10:00,0.235,140,603
1975-06-20T00:00:00.000+10:00,0.351,140,603
1975-06-21T00:00:00.000+10:00,1.095,140,603
1975-06-22T00:00:00.000+10:00,0.958,140,603
1975-06-23T00:00:00.000+10:00,0.686,140,603
1975-06-24T00:00:00.000+10:00,0.570,140,603
1975-06-25T00:00:00.000+10:00,0.516,140,603
1975-06-26T00:00:00.000+10:00,0.483,140,603
1975-06-27T00:00:00.000+10:00,0.458,140,603
1975-06-28T00:00:00.000+10:00,0.449,140,603
1975-06-29T00:00:00.000+10:00,0.429,140,603
1975-06-30T00:00:00.000+10:00,0.411,140,603
1975-07-01T00:00:00.000+10:00,0.397,140,603
1975-07-02T00:00:00.000+10:00,0.411,140,603
1975-07-03T00:00:00.000+10:00,0.429,140,603
1975-07-04T00:00:00.000+10:00,0.753,140,603
1975-07-05T00:00:00.000+10:00,2.800,140,603
1975-07-06T00:00:00.000+10:00,1.499,140,603
1975-07-07T00:00:00.000+10:00,1.188,140,603
1975-07-08T00:00:00.000+10:00,1.118,140,603
1975-07-09T00:00:00.000+10:00,1.024,140,603
1975-07-10T00:00:00.000+10:00,0.942,140,603
1975-07-11T00:00:00.000+10:00,0.862,140,603
1975-07-12T00:00:00.000+10:00,0.802,140,603
1975-07-13T00:00:00.000+10:00,0.744,140,603
1975-07-14T00:00:00.000+10:00,0.683,140,603
1975-07-15T00:00:00.000+10:00,0.629,140,603
1975-07-16T00:00:00.000+10:00,0.589,140,603
1975-07-17T00:00:00.000+10:00,0.560,140,603
1975-07-18T00:00:00.000+10:00,0.531,140,603
1975-07-19T00:00:00.000+10:00,0.503,140,603
1975-07-20T00:00:00.000+10:00,0.469,140,603
1975-07-21T00:00:00.000+10:00,0.458,140,603
1975-07-22T00:00:00.000+10:00,0.420,140,603
1975-07-23T00:00:00.000+10:00,0.402,140,603
1975-07-24T00:00:00.000+10:00,0.400,140,603
1975-07-25T00:00:00.000+10:00,0.371,140,603
1975-07-26T00:00:00.000+10:00,0.354,140,603
1975-07-27T00:00:00.000+10:00,0.337,140,603
1975-07-28T00:00:00.000+10:00,0.331,140,603
1975-07-29T00:00:00.000+10:00,0.321,140,603
1975-07-30T00:00:00.000+10:00,0.302,140,603
1975-07-31T00:00:00.000+10:00,0.295,140,603
1975-08-01T00:00:00.000+10:00,0.283,140,603
1975-08-02T00:00:00.000+10:00,0.302,140,603
1975-08-03T00:00:00.000+10:00,0.336,140,603
1975-08-04T00:00:00.000+10:00,0.347,140,603
1975-08-05T00:00:00.000+10:00,0.326,140,603
1975-08-06T00:00:00.000+10:00,0.301,140,603
1975-08-07T00:00:00.000+10:00,0.283,140,603
1975-08-08T00:00:00.000+10:00,0.276,140,603
1975-08-09T00:00:00.000+10:00,0.289,140,603
1975-08-10T00:00:00.000+10:00,0.275,140,603
1975-08-11T00:00:00.000+10:00,0.272,140,603
1975-08-12T00:00:00.000+10:00,0.255,140,603
1975-08-13T00:00:00.000+10:00,0.228,140,603
1975-08-14T00:00:00.000+10:00,0.227,140,603
1975-08-15T00:00:00.000+10:00,0.214,140,603
1975-08-16T00:00:00.000+10:00,0.221,140,603
1975-08-17T00:00:00.000+10:00,0.247,140,603
1975-08-18T00:00:00.000+10:00,0.227,140,603
1975-08-19T00:00:00.000+10:00,0.202,140,603
1975-08-20T00:00:00.000+10:00,0.182,140,603
1975-08-21T00:00:00.000+10:00,0.170,140,603
1975-08-22T00:00:00.000+10:00,0.161,140,603
1975-08-23T00:00:00.000+10:00,0.107,140,603
1975-08-24T00:00:00.000+10:00,0.140,140,603
1975-08-25T00:00:00.000+10:00,0.124,140,603
1975-08-26T00:00:00.000+10:00,0.124,140,603
1975-08-27T00:00:00.000+10:00,0.100,140,603
1975-08-28T00:00:00.000+10:00,0.078,140,603
1975-08-29T00:00:00.000+10:00,0.048,140,603
1975-08-30T00:00:00.000+10:00,0.068,140,603
1975-08-31T00:00:00.000+10:00,0.059,140,603
1975-09-01T00:00:00.000+10:00,0.097,140,603
1975-09-02T00:00:00.000+10:00,0.113,140,603
1975-09-03T00:00:00.000+10:00,0.109,140,603
1975-09-04T00:00:00.000+10:00,0.088,140,603
1975-09-05T00:00:00.000+10:00,0.070,140,603
1975-09-06T00:00:00.000+10:00,0.077,140,603
1975-09-07T00:00:00.000+10:00,0.080,140,603
1975-09-08T00:00:00.000+10:00,0.078,140,603
1975-09-09T00:00:00.000+10:00,0.080,140,603
1975-09-10T00:00:00.000+10:00,0.068,140,603
1975-09-11T00:00:00.000+10:00,0.063,140,603
1975-09-12T00:00:00.000+10:00,0.054,140,603
1975-09-13T00:00:00.000+10:00,0.052,140,603
1975-09-14T00:00:00.000+10:00,0.052,140,603
1975-09-15T00:00:00.000+10:00,0.049,140,603
1975-09-16T00:00:00.000+10:00,0.044,140,603
1975-09-17T00:00:00.000+10:00,0.044,140,603
1975-09-18T00:00:00.000+10:00,0.037,140,603
1975-09-19T00:00:00.000+10:00,0.031,140,603
1975-09-20T00:00:00.000+10:00,0.030,140,603
1975-09-21T00:00:00.000+10:00,0.029,140,603
1975-09-22T00:00:00.000+10:00,0.033,140,603
1975-09-23T00:00:00.000+10:00,0.033,140,603
1975-09-24T00:00:00.000+10:00,0.137,140,603
1975-09-25T00:00:00.000+10:00,3.687,140,603
1975-09-26T00:00:00.000+10:00,5.185,140,603
1975-09-27T00:00:00.000+10:00,2.466,140,603
1975-09-28T00:00:00.000+10:00,1.817,140,603
1975-09-29T00:00:00.000+10:00,1.393,140,603
1975-09-30T00:00:00.000+10:00,1.111,140,603
1975-10-01T00:00:00.000+10:00,0.988,140,603
1975-10-02T00:00:00.000+10:00,0.895,140,603
1975-10-03T00:00:00.000+10:00,0.762,140,603
1975-10-04T00:00:00.000+10:00,0.667,140,603
1975-10-05T00:00:00.000+10:00,0.593,140,603
1975-10-06T00:00:00.000+10:00,0.531,140,603
1975-10-07T00:00:00.000+10:00,0.482,140,603
1975-10-08T00:00:00.000+10:00,0.437,140,603
1975-10-09T00:00:00.000+10:00,0.410,140,603
1975-10-10T00:00:00.000+10:00,0.374,140,603
1975-10-11T00:00:00.000+10:00,0.353,140,603
1975-10-12T00:00:00.000+10:00,0.318,140,603
1975-10-13T00:00:00.000+10:00,0.283,140,603
1975-10-14T00:00:00.000+10:00,0.258,140,603
1975-10-15T00:00:00.000+10:00,0.242,140,603
1975-10-16T00:00:00.000+10:00,0.243,140,603
1975-10-17T00:00:00.000+10:00,0.220,140,603
1975-10-18T00:00:00.000+10:00,0.245,140,603
1975-10-19T00:00:00.000+10:00,0.257,140,603
1975-10-20T00:00:00.000+10:00,0.462,140,603
1975-10-21T00:00:00.000+10:00,0.481,140,603
1975-10-22T00:00:00.000+10:00,2.617,140,603
1975-10-23T00:00:00.000+10:00,14.246,140,603
1975-10-24T00:00:00.000+10:00,9.688,140,603
1975-10-25T00:00:00.000+10:00,5.254,140,603
1975-10-26T00:00:00.000+10:00,3.287,140,603
1975-10-27T00:00:00.000+10:00,2.508,140,603
1975-10-28T00:00:00.000+10:00,2.079,140,603
1975-10-29T00:00:00.000+10:00,1.752,140,603
1975-10-30T00:00:00.000+10:00,1.503,140,603
1975-10-31T00:00:00.000+10:00,1.275,140,603
1975-11-01T00:00:00.000+10:00,1.111,140,603
1975-11-02T00:00:00.000+10:00,0.967,140,603
1975-11-03T00:00:00.000+10:00,0.874,140,603
1975-11-04T00:00:00.000+10:00,0.789,140,603
1975-11-05T00:00:00.000+10:00,0.747,140,603
1975-11-06T00:00:00.000+10:00,0.695,140,603
1975-11-07T00:00:00.000+10:00,0.604,140,603
1975-11-08T00:00:00.000+10:00,0.553,140,603
1975-11-09T00:00:00.000+10:00,0.530,140,603
1975-11-10T00:00:00.000+10:00,11.819,140,603
1975-11-11T00:00:00.000+10:00,21.690,140,603
1975-11-12T00:00:00.000+10:00,16.235,140,603
1975-11-13T00:00:00.000+10:00,109.894,140,603
1975-11-14T00:00:00.000+10:00,112.513,140,603
1975-11-15T00:00:00.000+10:00,61.236,140,603
1975-11-16T00:00:00.000+10:00,21.962,140,603
1975-11-17T00:00:00.000+10:00,13.984,140,603
1975-11-18T00:00:00.000+10:00,14.457,140,603
1975-11-19T00:00:00.000+10:00,9.072,140,603
1975-11-20T00:00:00.000+10:00,6.785,140,603
1975-11-21T00:00:00.000+10:00,5.477,140,603
1975-11-22T00:00:00.000+10:00,4.549,140,603
1975-11-23T00:00:00.000+10:00,3.963,140,603
1975-11-24T00:00:00.000+10:00,3.474,140,603
1975-11-25T00:00:00.000+10:00,3.127,140,603
1975-11-26T00:00:00.000+10:00,2.749,140,603
1975-11-27T00:00:00.000+10:00,2.579,140,603
1975-11-28T00:00:00.000+10:00,2.334,140,603
1975-11-29T00:00:00.000+10:00,2.082,140,603
1975-11-30T00:00:00.000+10:00,1.874,140,603
1975-12-01T00:00:00.000+10:00,1.695,140,603
1975-12-02T00:00:00.000+10:00,1.569,140,603
1975-12-03T00:00:00.000+10:00,1.460,140,603
1975-12-04T00:00:00.000+10:00,1.353,140,603
1975-12-05T00:00:00.000+10:00,1.709,140,603
1975-12-06T00:00:00.000+10:00,2.758,140,603
1975-12-07T00:00:00.000+10:00,2.077,140,603
1975-12-08T00:00:00.000+10:00,1.745,140,603
1975-12-09T00:00:00.000+10:00,1.559,140,603
1975-12-10T00:00:00.000+10:00,1.438,140,603
1975-12-11T00:00:00.000+10:00,1.365,140,603
1975-12-12T00:00:00.000+10:00,1.226,140,603
1975-12-13T00:00:00.000+10:00,1.151,140,603
1975-12-14T00:00:00.000+10:00,1.055,140,603
1975-12-15T00:00:00.000+10:00,0.926,140,603
1975-12-16T00:00:00.000+10:00,0.898,140,603
1975-12-17T00:00:00.000+10:00,0.837,140,603
1975-12-18T00:00:00.000+10:00,0.809,140,603
1975-12-19T00:00:00.000+10:00,2.431,140,603
1975-12-20T00:00:00.000+10:00,35.509,140,603
1975-12-21T00:00:00.000+10:00,22.604,140,603
1975-12-22T00:00:00.000+10:00,28.787,140,603
1975-12-23T00:00:00.000+10:00,28.628,140,603
1975-12-24T00:00:00.000+10:00,36.711,140,603
1975-12-25T00:00:00.000+10:00,19.821,140,603
1975-12-26T00:00:00.000+10:00,12.696,140,603
1975-12-27T00:00:00.000+10:00,9.928,140,603
1975-12-28T00:00:00.000+10:00,11.013,140,603
1975-12-29T00:00:00.000+10:00,12.393,140,603
1975-12-30T00:00:00.000+10:00,9.282,140,603
1975-12-31T00:00:00.000+10:00,8.610,140,603
1976-01-01T00:00:00.000+10:00,7.372,140,603
1976-01-02T00:00:00.000+10:00,6.259,140,603
1976-01-03T00:00:00.000+10:00,5.533,140,603
1976-01-04T00:00:00.000+10:00,4.987,140,603
1976-01-05T00:00:00.000+10:00,4.561,140,603
1976-01-06T00:00:00.000+10:00,4.252,140,603
1976-01-07T00:00:00.000+10:00,4.020,140,603
1976-01-08T00:00:00.000+10:00,3.791,140,603
1976-01-09T00:00:00.000+10:00,3.508,140,603
1976-01-10T00:00:00.000+10:00,5.286,140,603
1976-01-11T00:00:00.000+10:00,9.496,140,603
1976-01-12T00:00:00.000+10:00,4.346,140,603
1976-01-13T00:00:00.000+10:00,6.447,140,603
1976-01-14T00:00:00.000+10:00,16.711,140,603
1976-01-15T00:00:00.000+10:00,10.349,140,603
1976-01-16T00:00:00.000+10:00,18.018,140,603
1976-01-17T00:00:00.000+10:00,11.822,140,603
1976-01-18T00:00:00.000+10:00,8.371,140,603
1976-01-19T00:00:00.000+10:00,9.824,140,603
1976-01-20T00:00:00.000+10:00,82.324,140,603
1976-01-21T00:00:00.000+10:00,98.121,140,603
1976-01-22T00:00:00.000+10:00,37.984,140,603
1976-01-23T00:00:00.000+10:00,21.726,140,603
1976-01-24T00:00:00.000+10:00,16.101,140,603
1976-01-25T00:00:00.000+10:00,11.871,140,603
1976-01-26T00:00:00.000+10:00,9.175,140,603
1976-01-27T00:00:00.000+10:00,7.146,140,603
1976-01-28T00:00:00.000+10:00,5.875,140,603
1976-01-29T00:00:00.000+10:00,5.031,140,603
1976-01-30T00:00:00.000+10:00,4.441,140,603
1976-01-31T00:00:00.000+10:00,3.964,140,603
1976-02-01T00:00:00.000+10:00,3.610,140,603
1976-02-02T00:00:00.000+10:00,3.347,140,603
1976-02-03T00:00:00.000+10:00,3.507,140,603
1976-02-04T00:00:00.000+10:00,3.532,140,603
1976-02-05T00:00:00.000+10:00,3.534,140,603
1976-02-06T00:00:00.000+10:00,3.458,140,603
1976-02-07T00:00:00.000+10:00,3.937,140,603
1976-02-08T00:00:00.000+10:00,3.627,140,603
1976-02-09T00:00:00.000+10:00,3.238,140,603
1976-02-10T00:00:00.000+10:00,3.160,140,603
1976-02-11T00:00:00.000+10:00,53.118,140,603
1976-02-12T00:00:00.000+10:00,116.768,140,603
1976-02-13T00:00:00.000+10:00,78.901,140,603
1976-02-14T00:00:00.000+10:00,37.684,140,603
1976-02-15T00:00:00.000+10:00,24.371,140,603
1976-02-16T00:00:00.000+10:00,17.655,140,603
1976-02-17T00:00:00.000+10:00,13.555,140,603
1976-02-18T00:00:00.000+10:00,11.079,140,603
1976-02-19T00:00:00.000+10:00,9.226,140,603
1976-02-20T00:00:00.000+10:00,7.859,140,603
1976-02-21T00:00:00.000+10:00,7.439,140,603
1976-02-22T00:00:00.000+10:00,89.361,140,603
1976-02-23T00:00:00.000+10:00,46.195,140,603
1976-02-24T00:00:00.000+10:00,34.807,140,603
1976-02-25T00:00:00.000+10:00,23.289,140,603
1976-02-26T00:00:00.000+10:00,36.216,140,603
1976-02-27T00:00:00.000+10:00,26.411,140,603
1976-02-28T00:00:00.000+10:00,65.542,140,603
1976-02-29T00:00:00.000+10:00,66.362,140,603
1976-03-01T00:00:00.000+10:00,38.125,140,603
1976-03-02T00:00:00.000+10:00,50.074,140,603
1976-03-03T00:00:00.000+10:00,42.936,140,603
1976-03-04T00:00:00.000+10:00,62.512,140,603
1976-03-05T00:00:00.000+10:00,33.500,140,603
1976-03-06T00:00:00.000+10:00,23.777,140,603
1976-03-07T00:00:00.000+10:00,19.267,140,603
1976-03-08T00:00:00.000+10:00,15.150,140,603
1976-03-09T00:00:00.000+10:00,12.712,140,603
1976-03-10T00:00:00.000+10:00,10.914,140,603
1976-03-11T00:00:00.000+10:00,9.442,140,603
1976-03-12T00:00:00.000+10:00,20.914,140,603
1976-03-13T00:00:00.000+10:00,40.342,140,603
1976-03-14T00:00:00.000+10:00,91.809,140,603
1976-03-15T00:00:00.000+10:00,116.369,140,603
1976-03-16T00:00:00.000+10:00,52.351,140,603
1976-03-17T00:00:00.000+10:00,30.100,140,603
1976-03-18T00:00:00.000+10:00,21.072,140,603
1976-03-19T00:00:00.000+10:00,16.250,140,603
1976-03-20T00:00:00.000+10:00,13.329,140,603
1976-03-21T00:00:00.000+10:00,11.332,140,603
1976-03-22T00:00:00.000+10:00,9.738,140,603
1976-03-23T00:00:00.000+10:00,8.539,140,603
1976-03-24T00:00:00.000+10:00,7.854,140,603
1976-03-25T00:00:00.000+10:00,11.637,140,603
1976-03-26T00:00:00.000+10:00,12.898,140,603
1976-03-27T00:00:00.000+10:00,9.978,140,603
1976-03-28T00:00:00.000+10:00,8.265,140,603
1976-03-29T00:00:00.000+10:00,7.312,140,603
1976-03-30T00:00:00.000+10:00,6.602,140,603
1976-03-31T00:00:00.000+10:00,6.030,140,603
1976-04-01T00:00:00.000+10:00,5.629,140,603
1976-04-02T00:00:00.000+10:00,5.230,140,603
1976-04-03T00:00:00.000+10:00,4.851,140,603
1976-04-04T00:00:00.000+10:00,4.575,140,603
1976-04-05T00:00:00.000+10:00,4.327,140,603
1976-04-06T00:00:00.000+10:00,4.159,140,603
1976-04-07T00:00:00.000+10:00,3.888,140,603
1976-04-08T00:00:00.000+10:00,3.646,140,603
1976-04-09T00:00:00.000+10:00,3.807,140,603
1976-04-10T00:00:00.000+10:00,3.837,140,603
1976-04-11T00:00:00.000+10:00,4.117,140,603
1976-04-12T00:00:00.000+10:00,3.719,140,603
1976-04-13T00:00:00.000+10:00,4.074,140,603
1976-04-14T00:00:00.000+10:00,9.701,140,603
1976-04-15T00:00:00.000+10:00,13.889,140,603
1976-04-16T00:00:00.000+10:00,11.626,140,603
1976-04-17T00:00:00.000+10:00,8.806,140,603
1976-04-18T00:00:00.000+10:00,7.110,140,603
1976-04-19T00:00:00.000+10:00,6.164,140,603
1976-04-20T00:00:00.000+10:00,5.594,140,603
1976-04-21T00:00:00.000+10:00,5.051,140,603
1976-04-22T00:00:00.000+10:00,4.599,140,603
1976-04-23T00:00:00.000+10:00,4.296,140,603
1976-04-24T00:00:00.000+10:00,3.991,140,603
1976-04-25T00:00:00.000+10:00,3.728,140,603
1976-04-26T00:00:00.000+10:00,3.509,140,603
1976-04-27T00:00:00.000+10:00,3.313,140,603
1976-04-28T00:00:00.000+10:00,3.158,140,603
1976-04-29T00:00:00.000+10:00,3.006,140,603
1976-04-30T00:00:00.000+10:00,2.819,140,603
1976-05-01T00:00:00.000+10:00,2.672,140,603
1976-05-02T00:00:00.000+10:00,2.574,140,603
1976-05-03T00:00:00.000+10:00,2.446,140,603
1976-05-04T00:00:00.000+10:00,2.344,140,603
1976-05-05T00:00:00.000+10:00,2.248,140,603
1976-05-06T00:00:00.000+10:00,2.162,140,603
1976-05-07T00:00:00.000+10:00,2.078,140,603
1976-05-08T00:00:00.000+10:00,2.913,140,603
1976-05-09T00:00:00.000+10:00,5.510,140,603
1976-05-10T00:00:00.000+10:00,3.009,140,603
1976-05-11T00:00:00.000+10:00,3.611,140,603
1976-05-12T00:00:00.000+10:00,3.746,140,603
1976-05-13T00:00:00.000+10:00,4.087,140,603
1976-05-14T00:00:00.000+10:00,4.717,140,603
1976-05-15T00:00:00.000+10:00,3.984,140,603
1976-05-16T00:00:00.000+10:00,3.589,140,603
1976-05-17T00:00:00.000+10:00,3.291,140,603
1976-05-18T00:00:00.000+10:00,3.042,140,603
1976-05-19T00:00:00.000+10:00,2.963,140,603
1976-05-20T00:00:00.000+10:00,3.762,140,603
1976-05-21T00:00:00.000+10:00,3.304,140,603
1976-05-22T00:00:00.000+10:00,2.965,140,603
1976-05-23T00:00:00.000+10:00,3.124,140,603
1976-05-24T00:00:00.000+10:00,3.178,140,603
1976-05-25T00:00:00.000+10:00,2.903,140,603
1976-05-26T00:00:00.000+10:00,2.755,140,603
1976-05-27T00:00:00.000+10:00,,-1,603
1976-05-28T00:00:00.000+10:00,,-1,603
1976-05-29T00:00:00.000+10:00,,-1,603
1976-05-30T00:00:00.000+10:00,,-1,603
1976-05-31T00:00:00.000+10:00,,-1,603
1976-06-01T00:00:00.000+10:00,,-1,603
1976-06-02T00:00:00.000+10:00,,-1,603
1976-06-03T00:00:00.000+10:00,,-1,603
1976-06-04T00:00:00.000+10:00,,-1,603
1976-06-05T00:00:00.000+10:00,,-1,603
1976-06-06T00:00:00.000+10:00,,-1,603
1976-06-07T00:00:00.000+10:00,,-1,603
1976-06-08T00:00:00.000+10:00,,-1,603
1976-06-09T00:00:00.000+10:00,,-1,603
1976-06-10T00:00:00.000+10:00,,-1,603
1976-06-11T00:00:00.000+10:00,,-1,603
1976-06-12T00:00:00.000+10:00,,-1,603
1976-06-13T00:00:00.000+10:00,,-1,603
1976-06-14T00:00:00.000+10:00,,-1,603
1976-06-15T00:00:00.000+10:00,,-1,603
1976-06-16T00:00:00.000+10:00,,-1,603
1976-06-17T00:00:00.000+10:00,,-1,603
1976-06-18T00:00:00.000+10:00,,-1,603
1976-06-19T00:00:00.000+10:00,,-1,603
1976-06-20T00:00:00.000+10:00,,-1,603
1976-06-21T00:00:00.000+10:00,,-1,603
1976-06-22T00:00:00.000+10:00,,-1,603
1976-06-23T00:00:00.000+10:00,,-1,603
1976-06-24T00:00:00.000+10:00,,-1,603
1976-06-25T00:00:00.000+10:00,,-1,603
1976-06-26T00:00:00.000+10:00,,-1,603
1976-06-27T00:00:00.000+10:00,,-1,603
1976-06-28T00:00:00.000+10:00,,-1,603
1976-06-29T00:00:00.000+10:00,,-1,603
1976-06-30T00:00:00.000+10:00,,-1,603
1976-07-01T00:00:00.000+10:00,,-1,603
1976-07-02T00:00:00.000+10:00,,-1,603
1976-07-03T00:00:00.000+10:00,,-1,603
1976-07-04T00:00:00.000+10:00,,-1,603
1976-07-05T00:00:00.000+10:00,,-1,603
1976-07-06T00:00:00.000+10:00,,-1,603
1976-07-07T00:00:00.000+10:00,,-1,603
1976-07-08T00:00:00.000+10:00,,-1,603
1976-07-09T00:00:00.000+10:00,,-1,603
1976-07-10T00:00:00.000+10:00,,-1,603
1976-07-11T00:00:00.000+10:00,,-1,603
1976-07-12T00:00:00.000+10:00,,-1,603
1976-07-13T00:00:00.000+10:00,,-1,603
1976-07-14T00:00:00.000+10:00,,-1,603
1976-07-15T00:00:00.000+10:00,,-1,603
1976-07-16T00:00:00.000+10:00,,-1,603
1976-07-17T00:00:00.000+10:00,,-1,603
1976-07-18T00:00:00.000+10:00,,-1,603
1976-07-19T00:00:00.000+10:00,,-1,603
1976-07-20T00:00:00.000+10:00,,-1,603
1976-07-21T00:00:00.000+10:00,,-1,603
1976-07-22T00:00:00.000+10:00,,-1,603
1976-07-23T00:00:00.000+10:00,,-1,603
1976-07-24T00:00:00.000+10:00,,-1,603
1976-07-25T00:00:00.000+10:00,,-1,603
1976-07-26T00:00:00.000+10:00,,-1,603
1976-07-27T00:00:00.000+10:00,,-1,603
1976-07-28T00:00:00.000+10:00,,-1,603
1976-07-29T00:00:00.000+10:00,1.904,140,603
1976-07-30T00:00:00.000+10:00,1.784,140,603
1976-07-31T00:00:00.000+10:00,1.708,140,603
1976-08-01T00:00:00.000+10:00,1.626,140,603
1976-08-02T00:00:00.000+10:00,1.567,140,603
1976-08-03T00:00:00.000+10:00,1.516,140,603
1976-08-04T00:00:00.000+10:00,1.500,140,603
1976-08-05T00:00:00.000+10:00,1.441,140,603
1976-08-06T00:00:00.000+10:00,1.396,140,603
1976-08-07T00:00:00.000+10:00,1.353,140,603
1976-08-08T00:00:00.000+10:00,1.310,140,603
1976-08-09T00:00:00.000+10:00,1.240,140,603
1976-08-10T00:00:00.000+10:00,1.226,140,603
1976-08-11T00:00:00.000+10:00,1.199,140,603
1976-08-12T00:00:00.000+10:00,1.148,140,603
1976-08-13T00:00:00.000+10:00,1.110,140,603
1976-08-14T00:00:00.000+10:00,1.198,140,603
1976-08-15T00:00:00.000+10:00,1.164,140,603
1976-08-16T00:00:00.000+10:00,1.075,140,603
1976-08-17T00:00:00.000+10:00,1.051,140,603
1976-08-18T00:00:00.000+10:00,1.011,140,603
1976-08-19T00:00:00.000+10:00,0.990,140,603
1976-08-20T00:00:00.000+10:00,0.975,140,603
1976-08-21T00:00:00.000+10:00,1.097,140,603
1976-08-22T00:00:00.000+10:00,1.086,140,603
1976-08-23T00:00:00.000+10:00,1.049,140,603
1976-08-24T00:00:00.000+10:00,1.071,140,603
1976-08-25T00:00:00.000+10:00,0.992,140,603
1976-08-26T00:00:00.000+10:00,1.002,140,603
1976-08-27T00:00:00.000+10:00,1.035,140,603
1976-08-28T00:00:00.000+10:00,1.048,140,603
1976-08-29T00:00:00.000+10:00,1.028,140,603
1976-08-30T00:00:00.000+10:00,0.978,140,603
1976-08-31T00:00:00.000+10:00,0.964,140,603
1976-09-01T00:00:00.000+10:00,1.019,140,603
1976-09-02T00:00:00.000+10:00,1.070,140,603
1976-09-03T00:00:00.000+10:00,0.984,140,603
1976-09-04T00:00:00.000+10:00,0.911,140,603
1976-09-05T00:00:00.000+10:00,0.878,140,603
1976-09-06T00:00:00.000+10:00,0.838,140,603
1976-09-07T00:00:00.000+10:00,0.807,140,603
1976-09-08T00:00:00.000+10:00,0.787,140,603
1976-09-09T00:00:00.000+10:00,0.773,140,603
1976-09-10T00:00:00.000+10:00,0.725,140,603
1976-09-11T00:00:00.000+10:00,0.720,140,603
1976-09-12T00:00:00.000+10:00,0.700,140,603
1976-09-13T00:00:00.000+10:00,0.675,140,603
1976-09-14T00:00:00.000+10:00,0.654,140,603
1976-09-15T00:00:00.000+10:00,0.639,140,603
1976-09-16T00:00:00.000+10:00,0.627,140,603
1976-09-17T00:00:00.000+10:00,0.647,140,603
1976-09-18T00:00:00.000+10:00,0.665,140,603
1976-09-19T00:00:00.000+10:00,0.660,140,603
1976-09-20T00:00:00.000+10:00,0.605,140,603
1976-09-21T00:00:00.000+10:00,0.587,140,603
1976-09-22T00:00:00.000+10:00,0.645,140,603
1976-09-23T00:00:00.000+10:00,0.661,140,603
1976-09-24T00:00:00.000+10:00,0.882,140,603
1976-09-25T00:00:00.000+10:00,1.535,140,603
1976-09-26T00:00:00.000+10:00,1.039,140,603
1976-09-27T00:00:00.000+10:00,0.823,140,603
1976-09-28T00:00:00.000+10:00,0.746,140,603
1976-09-29T00:00:00.000+10:00,0.685,140,603
1976-09-30T00:00:00.000+10:00,0.636,140,603
1976-10-01T00:00:00.000+10:00,0.608,140,603
1976-10-02T00:00:00.000+10:00,0.608,140,603
1976-10-03T00:00:00.000+10:00,0.632,140,603
1976-10-04T00:00:00.000+10:00,0.618,140,603
1976-10-05T00:00:00.000+10:00,0.591,140,603
1976-10-06T00:00:00.000+10:00,0.565,140,603
1976-10-07T00:00:00.000+10:00,0.504,140,603
1976-10-08T00:00:00.000+10:00,0.477,140,603
1976-10-09T00:00:00.000+10:00,0.447,140,603
1976-10-10T00:00:00.000+10:00,0.447,140,603
1976-10-11T00:00:00.000+10:00,0.414,140,603
1976-10-12T00:00:00.000+10:00,0.424,140,603
1976-10-13T00:00:00.000+10:00,0.409,140,603
1976-10-14T00:00:00.000+10:00,0.433,140,603
1976-10-15T00:00:00.000+10:00,0.400,140,603
1976-10-16T00:00:00.000+10:00,0.363,140,603
1976-10-17T00:00:00.000+10:00,0.364,140,603
1976-10-18T00:00:00.000+10:00,0.356,140,603
1976-10-19T00:00:00.000+10:00,0.381,140,603
1976-10-20T00:00:00.000+10:00,0.396,140,603
1976-10-21T00:00:00.000+10:00,0.353,140,603
1976-10-22T00:00:00.000+10:00,0.335,140,603
1976-10-23T00:00:00.000+10:00,0.471,140,603
1976-10-24T00:00:00.000+10:00,0.612,140,603
1976-10-25T00:00:00.000+10:00,0.504,140,603
1976-10-26T00:00:00.000+10:00,0.514,140,603
1976-10-27T00:00:00.000+10:00,0.550,140,603
1976-10-28T00:00:00.000+10:00,0.557,140,603
1976-10-29T00:00:00.000+10:00,0.511,140,603
1976-10-30T00:00:00.000+10:00,0.494,140,603
1976-10-31T00:00:00.000+10:00,1.030,140,603
1976-11-01T00:00:00.000+10:00,2.487,140,603
1976-11-02T00:00:00.000+10:00,3.827,140,603
1976-11-03T00:00:00.000+10:00,1.988,140,603
1976-11-04T00:00:00.000+10:00,1.494,140,603
1976-11-05T00:00:00.000+10:00,1.220,140,603
1976-11-06T00:00:00.000+10:00,1.060,140,603
1976-11-07T00:00:00.000+10:00,1.002,140,603
1976-11-08T00:00:00.000+10:00,0.962,140,603
1976-11-09T00:00:00.000+10:00,0.883,140,603
1976-11-10T00:00:00.000+10:00,0.778,140,603
1976-11-11T00:00:00.000+10:00,0.786,140,603
1976-11-12T00:00:00.000+10:00,0.899,140,603
1976-11-13T00:00:00.000+10:00,1.046,140,603
1976-11-14T00:00:00.000+10:00,3.044,140,603
1976-11-15T00:00:00.000+10:00,1.552,140,603
1976-11-16T00:00:00.000+10:00,1.235,140,603
1976-11-17T00:00:00.000+10:00,1.012,140,603
1976-11-18T00:00:00.000+10:00,0.881,140,603
1976-11-19T00:00:00.000+10:00,0.781,140,603
1976-11-20T00:00:00.000+10:00,0.927,140,603
1976-11-21T00:00:00.000+10:00,1.264,140,603
1976-11-22T00:00:00.000+10:00,1.276,140,603
1976-11-23T00:00:00.000+10:00,1.187,140,603
1976-11-24T00:00:00.000+10:00,1.008,140,603
1976-11-25T00:00:00.000+10:00,0.939,140,603
1976-11-26T00:00:00.000+10:00,0.975,140,603
1976-11-27T00:00:00.000+10:00,0.867,140,603
1976-11-28T00:00:00.000+10:00,0.837,140,603
1976-11-29T00:00:00.000+10:00,0.834,140,603
1976-11-30T00:00:00.000+10:00,0.753,140,603
1976-12-01T00:00:00.000+10:00,0.640,140,603
1976-12-02T00:00:00.000+10:00,0.615,140,603
1976-12-03T00:00:00.000+10:00,0.579,140,603
1976-12-04T00:00:00.000+10:00,0.519,140,603
1976-12-05T00:00:00.000+10:00,0.518,140,603
1976-12-06T00:00:00.000+10:00,0.478,140,603
1976-12-07T00:00:00.000+10:00,0.442,140,603
1976-12-08T00:00:00.000+10:00,0.421,140,603
1976-12-09T00:00:00.000+10:00,0.422,140,603
1976-12-10T00:00:00.000+10:00,0.401,140,603
1976-12-11T00:00:00.000+10:00,0.503,140,603
1976-12-12T00:00:00.000+10:00,0.579,140,603
1976-12-13T00:00:00.000+10:00,0.482,140,603
1976-12-14T00:00:00.000+10:00,0.441,140,603
1976-12-15T00:00:00.000+10:00,0.392,140,603
1976-12-16T00:00:00.000+10:00,0.383,140,603
1976-12-17T00:00:00.000+10:00,0.335,140,603
1976-12-18T00:00:00.000+10:00,0.332,140,603
1976-12-19T00:00:00.000+10:00,0.306,140,603
1976-12-20T00:00:00.000+10:00,0.272,140,603
1976-12-21T00:00:00.000+10:00,0.246,140,603
1976-12-22T00:00:00.000+10:00,0.226,140,603
1976-12-23T00:00:00.000+10:00,0.215,140,603
1976-12-24T00:00:00.000+10:00,0.306,140,603
1976-12-25T00:00:00.000+10:00,0.336,140,603
1976-12-26T00:00:00.000+10:00,0.321,140,603
1976-12-27T00:00:00.000+10:00,0.280,140,603
1976-12-28T00:00:00.000+10:00,0.189,140,603
1976-12-29T00:00:00.000+10:00,0.182,140,603
1976-12-30T00:00:00.000+10:00,0.167,140,603
1976-12-31T00:00:00.000+10:00,0.155,140,603
1977-01-01T00:00:00.000+10:00,0.149,140,603
1977-01-02T00:00:00.000+10:00,0.145,140,603
1977-01-03T00:00:00.000+10:00,0.179,140,603
1977-01-04T00:00:00.000+10:00,0.421,140,603
1977-01-05T00:00:00.000+10:00,0.453,140,603
1977-01-06T00:00:00.000+10:00,0.369,140,603
1977-01-07T00:00:00.000+10:00,0.343,140,603
1977-01-08T00:00:00.000+10:00,0.331,140,603
1977-01-09T00:00:00.000+10:00,0.305,140,603
1977-01-10T00:00:00.000+10:00,0.255,140,603
1977-01-11T00:00:00.000+10:00,0.232,140,603
1977-01-12T00:00:00.000+10:00,0.336,140,603
1977-01-13T00:00:00.000+10:00,0.389,140,603
1977-01-14T00:00:00.000+10:00,0.429,140,603
1977-01-15T00:00:00.000+10:00,0.395,140,603
1977-01-16T00:00:00.000+10:00,0.479,140,603
1977-01-17T00:00:00.000+10:00,0.765,140,603
1977-01-18T00:00:00.000+10:00,0.534,140,603
1977-01-19T00:00:00.000+10:00,0.414,140,603
1977-01-20T00:00:00.000+10:00,0.530,140,603
1977-01-21T00:00:00.000+10:00,0.453,140,603
1977-01-22T00:00:00.000+10:00,0.478,140,603
1977-01-23T00:00:00.000+10:00,0.473,140,603
1977-01-24T00:00:00.000+10:00,0.392,140,603
1977-01-25T00:00:00.000+10:00,0.406,140,603
1977-01-26T00:00:00.000+10:00,0.382,140,603
1977-01-27T00:00:00.000+10:00,0.375,140,603
1977-01-28T00:00:00.000+10:00,0.346,140,603
1977-01-29T00:00:00.000+10:00,,-1,603
1977-01-30T00:00:00.000+10:00,,-1,603
1977-01-31T00:00:00.000+10:00,,-1,603
1977-02-01T00:00:00.000+10:00,,-1,603
1977-02-02T00:00:00.000+10:00,,-1,603
1977-02-03T00:00:00.000+10:00,,-1,603
1977-02-04T00:00:00.000+10:00,,-1,603
1977-02-05T00:00:00.000+10:00,,-1,603
1977-02-06T00:00:00.000+10:00,,-1,603
1977-02-07T00:00:00.000+10:00,,-1,603
1977-02-08T00:00:00.000+10:00,,-1,603
1977-02-09T00:00:00.000+10:00,,-1,603
1977-02-10T00:00:00.000+10:00,,-1,603
1977-02-11T00:00:00.000+10:00,,-1,603
1977-02-12T00:00:00.000+10:00,,-1,603
1977-02-13T00:00:00.000+10:00,,-1,603
1977-02-14T00:00:00.000+10:00,,-1,603
1977-02-15T00:00:00.000+10:00,,-1,603
1977-02-16T00:00:00.000+10:00,,-1,603
1977-02-17T00:00:00.000+10:00,0.430,140,603
1977-02-18T00:00:00.000+10:00,0.367,140,603
1977-02-19T00:00:00.000+10:00,0.365,140,603
1977-02-20T00:00:00.000+10:00,0.350,140,603
1977-02-21T00:00:00.000+10:00,0.531,140,603
1977-02-22T00:00:00.000+10:00,34.609,140,603
1977-02-23T00:00:00.000+10:00,14.419,140,603
1977-02-24T00:00:00.000+10:00,6.560,140,603
1977-02-25T00:00:00.000+10:00,42.575,140,603
1977-02-26T00:00:00.000+10:00,27.709,140,603
1977-02-27T00:00:00.000+10:00,15.766,140,603
1977-02-28T00:00:00.000+10:00,18.331,140,603
1977-03-01T00:00:00.000+10:00,24.063,140,603
1977-03-02T00:00:00.000+10:00,41.703,140,603
1977-03-03T00:00:00.000+10:00,92.974,140,603
1977-03-04T00:00:00.000+10:00,69.572,140,603
1977-03-05T00:00:00.000+10:00,46.059,140,603
1977-03-06T00:00:00.000+10:00,28.501,140,603
1977-03-07T00:00:00.000+10:00,17.027,140,603
1977-03-08T00:00:00.000+10:00,13.644,140,603
1977-03-09T00:00:00.000+10:00,10.937,140,603
1977-03-10T00:00:00.000+10:00,9.212,140,603
1977-03-11T00:00:00.000+10:00,7.979,140,603
1977-03-12T00:00:00.000+10:00,6.860,140,603
1977-03-13T00:00:00.000+10:00,5.917,140,603
1977-03-14T00:00:00.000+10:00,5.818,140,603
1977-03-15T00:00:00.000+10:00,5.064,140,603
1977-03-16T00:00:00.000+10:00,4.825,140,603
1977-03-17T00:00:00.000+10:00,4.707,140,603
1977-03-18T00:00:00.000+10:00,4.142,140,603
1977-03-19T00:00:00.000+10:00,3.868,140,603
1977-03-20T00:00:00.000+10:00,3.701,140,603
1977-03-21T00:00:00.000+10:00,3.483,140,603
1977-03-22T00:00:00.000+10:00,3.290,140,603
1977-03-23T00:00:00.000+10:00,3.018,140,603
1977-03-24T00:00:00.000+10:00,2.827,140,603
1977-03-25T00:00:00.000+10:00,2.656,140,603
1977-03-26T00:00:00.000+10:00,2.517,140,603
1977-03-27T00:00:00.000+10:00,2.484,140,603
1977-03-28T00:00:00.000+10:00,2.345,140,603
1977-03-29T00:00:00.000+10:00,2.214,140,603
1977-03-30T00:00:00.000+10:00,2.078,140,603
1977-03-31T00:00:00.000+10:00,2.072,140,603
1977-04-01T00:00:00.000+10:00,2.135,140,603
1977-04-02T00:00:00.000+10:00,2.314,140,603
1977-04-03T00:00:00.000+10:00,2.074,140,603
1977-04-04T00:00:00.000+10:00,1.955,140,603
1977-04-05T00:00:00.000+10:00,2.425,140,603
1977-04-06T00:00:00.000+10:00,2.086,140,603
1977-04-07T00:00:00.000+10:00,1.972,140,603
1977-04-08T00:00:00.000+10:00,2.609,140,603
1977-04-09T00:00:00.000+10:00,2.145,140,603
1977-04-10T00:00:00.000+10:00,1.872,140,603
1977-04-11T00:00:00.000+10:00,1.749,140,603
1977-04-12T00:00:00.000+10:00,1.650,140,603
1977-04-13T00:00:00.000+10:00,1.560,140,603
1977-04-14T00:00:00.000+10:00,1.494,140,603
1977-04-15T00:00:00.000+10:00,1.529,140,603
1977-04-16T00:00:00.000+10:00,1.550,140,603
1977-04-17T00:00:00.000+10:00,1.401,140,603
1977-04-18T00:00:00.000+10:00,1.314,140,603
1977-04-19T00:00:00.000+10:00,1.282,140,603
1977-04-20T00:00:00.000+10:00,1.243,140,603
1977-04-21T00:00:00.000+10:00,1.205,140,603
1977-04-22T00:00:00.000+10:00,1.253,140,603
1977-04-23T00:00:00.000+10:00,1.212,140,603
1977-04-24T00:00:00.000+10:00,1.148,140,603
1977-04-25T00:00:00.000+10:00,1.109,140,603
1977-04-26T00:00:00.000+10:00,1.149,140,603
1977-04-27T00:00:00.000+10:00,1.117,140,603
1977-04-28T00:00:00.000+10:00,1.113,140,603
1977-04-29T00:00:00.000+10:00,1.063,140,603
1977-04-30T00:00:00.000+10:00,0.981,140,603
1977-05-01T00:00:00.000+10:00,0.951,140,603
1977-05-02T00:00:00.000+10:00,0.775,140,603
1977-05-03T00:00:00.000+10:00,0.749,140,603
1977-05-04T00:00:00.000+10:00,0.730,140,603
1977-05-05T00:00:00.000+10:00,0.724,140,603
1977-05-06T00:00:00.000+10:00,0.742,140,603
1977-05-07T00:00:00.000+10:00,0.776,140,603
1977-05-08T00:00:00.000+10:00,0.746,140,603
1977-05-09T00:00:00.000+10:00,0.708,140,603
1977-05-10T00:00:00.000+10:00,0.693,140,603
1977-05-11T00:00:00.000+10:00,0.685,140,603
1977-05-12T00:00:00.000+10:00,0.819,140,603
1977-05-13T00:00:00.000+10:00,0.737,140,603
1977-05-14T00:00:00.000+10:00,1.465,140,603
1977-05-15T00:00:00.000+10:00,2.730,140,603
1977-05-16T00:00:00.000+10:00,112.042,140,603
1977-05-17T00:00:00.000+10:00,226.033,140,603
1977-05-18T00:00:00.000+10:00,371.918,140,603
1977-05-19T00:00:00.000+10:00,151.258,140,603
1977-05-20T00:00:00.000+10:00,55.483,140,603
1977-05-21T00:00:00.000+10:00,28.042,140,603
1977-05-22T00:00:00.000+10:00,17.474,140,603
1977-05-23T00:00:00.000+10:00,12.741,140,603
1977-05-24T00:00:00.000+10:00,10.258,140,603
1977-05-25T00:00:00.000+10:00,8.418,140,603
1977-05-26T00:00:00.000+10:00,7.082,140,603
1977-05-27T00:00:00.000+10:00,6.177,140,603
1977-05-28T00:00:00.000+10:00,5.888,140,603
1977-05-29T00:00:00.000+10:00,5.194,140,603
1977-05-30T00:00:00.000+10:00,4.647,140,603
1977-05-31T00:00:00.000+10:00,4.289,140,603
1977-06-01T00:00:00.000+10:00,3.960,140,603
1977-06-02T00:00:00.000+10:00,3.664,140,603
1977-06-03T00:00:00.000+10:00,3.378,140,603
1977-06-04T00:00:00.000+10:00,3.153,140,603
1977-06-05T00:00:00.000+10:00,2.918,140,603
1977-06-06T00:00:00.000+10:00,2.781,140,603
1977-06-07T00:00:00.000+10:00,2.595,140,603
1977-06-08T00:00:00.000+10:00,2.516,140,603
1977-06-09T00:00:00.000+10:00,2.380,140,603
1977-06-10T00:00:00.000+10:00,2.382,140,603
1977-06-11T00:00:00.000+10:00,2.373,140,603
1977-06-12T00:00:00.000+10:00,2.114,140,603
1977-06-13T00:00:00.000+10:00,1.979,140,603
1977-06-14T00:00:00.000+10:00,1.861,140,603
1977-06-15T00:00:00.000+10:00,1.797,140,603
1977-06-16T00:00:00.000+10:00,1.722,140,603
1977-06-17T00:00:00.000+10:00,1.661,140,603
1977-06-18T00:00:00.000+10:00,1.612,140,603
1977-06-19T00:00:00.000+10:00,1.568,140,603
1977-06-20T00:00:00.000+10:00,1.423,140,603
1977-06-21T00:00:00.000+10:00,1.393,140,603
1977-06-22T00:00:00.000+10:00,1.355,140,603
1977-06-23T00:00:00.000+10:00,1.322,140,603
1977-06-24T00:00:00.000+10:00,1.362,140,603
1977-06-25T00:00:00.000+10:00,1.375,140,603
1977-06-26T00:00:00.000+10:00,1.271,140,603
1977-06-27T00:00:00.000+10:00,1.218,140,603
1977-06-28T00:00:00.000+10:00,1.182,140,603
1977-06-29T00:00:00.000+10:00,1.127,140,603
1977-06-30T00:00:00.000+10:00,1.101,140,603
1977-07-01T00:00:00.000+10:00,1.071,140,603
1977-07-02T00:00:00.000+10:00,1.030,140,603
1977-07-03T00:00:00.000+10:00,0.998,140,603
1977-07-04T00:00:00.000+10:00,0.990,140,603
1977-07-05T00:00:00.000+10:00,0.997,140,603
1977-07-06T00:00:00.000+10:00,1.126,140,603
1977-07-07T00:00:00.000+10:00,1.407,140,603
1977-07-08T00:00:00.000+10:00,1.603,140,603
1977-07-09T00:00:00.000+10:00,1.481,140,603
1977-07-10T00:00:00.000+10:00,1.304,140,603
1977-07-11T00:00:00.000+10:00,1.180,140,603
1977-07-12T00:00:00.000+10:00,1.108,140,603
1977-07-13T00:00:00.000+10:00,1.056,140,603
1977-07-14T00:00:00.000+10:00,1.018,140,603
1977-07-15T00:00:00.000+10:00,0.990,140,603
1977-07-16T00:00:00.000+10:00,0.954,140,603
1977-07-17T00:00:00.000+10:00,0.913,140,603
1977-07-18T00:00:00.000+10:00,0.893,140,603
1977-07-19T00:00:00.000+10:00,0.882,140,603
1977-07-20T00:00:00.000+10:00,0.847,140,603
1977-07-21T00:00:00.000+10:00,0.824,140,603
1977-07-22T00:00:00.000+10:00,0.792,140,603
1977-07-23T00:00:00.000+10:00,0.756,140,603
1977-07-24T00:00:00.000+10:00,0.744,140,603
1977-07-25T00:00:00.000+10:00,0.734,140,603
1977-07-26T00:00:00.000+10:00,0.685,140,603
1977-07-27T00:00:00.000+10:00,0.680,140,603
1977-07-28T00:00:00.000+10:00,0.644,140,603
1977-07-29T00:00:00.000+10:00,0.631,140,603
1977-07-30T00:00:00.000+10:00,0.629,140,603
1977-07-31T00:00:00.000+10:00,0.603,140,603
1977-08-01T00:00:00.000+10:00,0.592,140,603
1977-08-02T00:00:00.000+10:00,0.586,140,603
1977-08-03T00:00:00.000+10:00,0.564,140,603
1977-08-04T00:00:00.000+10:00,0.549,140,603
1977-08-05T00:00:00.000+10:00,0.543,140,603
1977-08-06T00:00:00.000+10:00,0.549,140,603
1977-08-07T00:00:00.000+10:00,0.551,140,603
1977-08-08T00:00:00.000+10:00,0.542,140,603
1977-08-09T00:00:00.000+10:00,0.523,140,603
1977-08-10T00:00:00.000+10:00,0.476,140,603
1977-08-11T00:00:00.000+10:00,0.484,140,603
1977-08-12T00:00:00.000+10:00,0.474,140,603
1977-08-13T00:00:00.000+10:00,0.480,140,603
1977-08-14T00:00:00.000+10:00,0.456,140,603
1977-08-15T00:00:00.000+10:00,0.426,140,603
1977-08-16T00:00:00.000+10:00,0.422,140,603
1977-08-17T00:00:00.000+10:00,0.408,140,603
1977-08-18T00:00:00.000+10:00,0.413,140,603
1977-08-19T00:00:00.000+10:00,0.397,140,603
1977-08-20T00:00:00.000+10:00,0.384,140,603
1977-08-21T00:00:00.000+10:00,0.367,140,603
1977-08-22T00:00:00.000+10:00,0.348,140,603
1977-08-23T00:00:00.000+10:00,0.349,140,603
1977-08-24T00:00:00.000+10:00,0.338,140,603
1977-08-25T00:00:00.000+10:00,0.343,140,603
1977-08-26T00:00:00.000+10:00,0.359,140,603
1977-08-27T00:00:00.000+10:00,0.293,140,603
1977-08-28T00:00:00.000+10:00,0.276,140,603
1977-08-29T00:00:00.000+10:00,0.279,140,603
1977-08-30T00:00:00.000+10:00,0.287,140,603
1977-08-31T00:00:00.000+10:00,0.288,140,603
1977-09-01T00:00:00.000+10:00,0.294,140,603
1977-09-02T00:00:00.000+10:00,0.290,140,603
1977-09-03T00:00:00.000+10:00,0.300,140,603
1977-09-04T00:00:00.000+10:00,0.256,140,603
1977-09-05T00:00:00.000+10:00,0.231,140,603
1977-09-06T00:00:00.000+10:00,0.263,140,603
1977-09-07T00:00:00.000+10:00,0.258,140,603
1977-09-08T00:00:00.000+10:00,0.245,140,603
1977-09-09T00:00:00.000+10:00,0.239,140,603
1977-09-10T00:00:00.000+10:00,0.226,140,603
1977-09-11T00:00:00.000+10:00,0.216,140,603
1977-09-12T00:00:00.000+10:00,0.195,140,603
1977-09-13T00:00:00.000+10:00,0.198,140,603
1977-09-14T00:00:00.000+10:00,0.225,140,603
1977-09-15T00:00:00.000+10:00,0.403,140,603
1977-09-16T00:00:00.000+10:00,0.322,140,603
1977-09-17T00:00:00.000+10:00,0.296,140,603
1977-09-18T00:00:00.000+10:00,0.276,140,603
1977-09-19T00:00:00.000+10:00,0.253,140,603
1977-09-20T00:00:00.000+10:00,0.259,140,603
1977-09-21T00:00:00.000+10:00,0.253,140,603
1977-09-22T00:00:00.000+10:00,0.224,140,603
1977-09-23T00:00:00.000+10:00,0.198,140,603
1977-09-24T00:00:00.000+10:00,0.210,140,603
1977-09-25T00:00:00.000+10:00,0.239,140,603
1977-09-26T00:00:00.000+10:00,0.255,140,603
1977-09-27T00:00:00.000+10:00,0.250,140,603
1977-09-28T00:00:00.000+10:00,0.244,140,603
1977-09-29T00:00:00.000+10:00,0.212,140,603
1977-09-30T00:00:00.000+10:00,0.197,140,603
1977-10-01T00:00:00.000+10:00,0.195,140,603
1977-10-02T00:00:00.000+10:00,0.186,140,603
1977-10-03T00:00:00.000+10:00,0.187,140,603
1977-10-04T00:00:00.000+10:00,0.196,140,603
1977-10-05T00:00:00.000+10:00,0.197,140,603
1977-10-06T00:00:00.000+10:00,0.234,140,603
1977-10-07T00:00:00.000+10:00,0.207,140,603
1977-10-08T00:00:00.000+10:00,0.186,140,603
1977-10-09T00:00:00.000+10:00,0.175,140,603
1977-10-10T00:00:00.000+10:00,0.157,140,603
1977-10-11T00:00:00.000+10:00,0.144,140,603
1977-10-12T00:00:00.000+10:00,0.125,140,603
1977-10-13T00:00:00.000+10:00,0.119,140,603
1977-10-14T00:00:00.000+10:00,0.113,140,603
1977-10-15T00:00:00.000+10:00,0.088,140,603
1977-10-16T00:00:00.000+10:00,0.097,140,603
1977-10-17T00:00:00.000+10:00,0.131,140,603
1977-10-18T00:00:00.000+10:00,0.127,140,603
1977-10-19T00:00:00.000+10:00,0.114,140,603
1977-10-20T00:00:00.000+10:00,0.100,140,603
1977-10-21T00:00:00.000+10:00,0.074,140,603
1977-10-22T00:00:00.000+10:00,0.074,140,603
1977-10-23T00:00:00.000+10:00,0.097,140,603
1977-10-24T00:00:00.000+10:00,0.112,140,603
1977-10-25T00:00:00.000+10:00,0.166,140,603
1977-10-26T00:00:00.000+10:00,0.158,140,603
1977-10-27T00:00:00.000+10:00,0.133,140,603
1977-10-28T00:00:00.000+10:00,0.101,140,603
1977-10-29T00:00:00.000+10:00,0.084,140,603
1977-10-30T00:00:00.000+10:00,0.069,140,603
1977-10-31T00:00:00.000+10:00,0.077,140,603
1977-11-01T00:00:00.000+10:00,0.088,140,603
1977-11-02T00:00:00.000+10:00,0.072,140,603
1977-11-03T00:00:00.000+10:00,0.079,140,603
1977-11-04T00:00:00.000+10:00,0.088,140,603
1977-11-05T00:00:00.000+10:00,0.089,140,603
1977-11-06T00:00:00.000+10:00,0.083,140,603
1977-11-07T00:00:00.000+10:00,0.098,140,603
1977-11-08T00:00:00.000+10:00,0.125,140,603
1977-11-09T00:00:00.000+10:00,0.100,140,603
1977-11-10T00:00:00.000+10:00,0.091,140,603
1977-11-11T00:00:00.000+10:00,0.080,140,603
1977-11-12T00:00:00.000+10:00,0.077,140,603
1977-11-13T00:00:00.000+10:00,0.087,140,603
1977-11-14T00:00:00.000+10:00,0.094,140,603
1977-11-15T00:00:00.000+10:00,0.098,140,603
1977-11-16T00:00:00.000+10:00,0.099,140,603
1977-11-17T00:00:00.000+10:00,0.090,140,603
1977-11-18T00:00:00.000+10:00,0.082,140,603
1977-11-19T00:00:00.000+10:00,0.165,140,603
1977-11-20T00:00:00.000+10:00,0.419,140,603
1977-11-21T00:00:00.000+10:00,0.341,140,603
1977-11-22T00:00:00.000+10:00,0.287,140,603
1977-11-23T00:00:00.000+10:00,0.253,140,603
1977-11-24T00:00:00.000+10:00,0.228,140,603
1977-11-25T00:00:00.000+10:00,0.360,140,603
1977-11-26T00:00:00.000+10:00,0.605,140,603
1977-11-27T00:00:00.000+10:00,0.401,140,603
1977-11-28T00:00:00.000+10:00,0.344,140,603
1977-11-29T00:00:00.000+10:00,0.333,140,603
1977-11-30T00:00:00.000+10:00,0.307,140,603
1977-12-01T00:00:00.000+10:00,0.291,140,603
1977-12-02T00:00:00.000+10:00,0.377,140,603
1977-12-03T00:00:00.000+10:00,0.354,140,603
1977-12-04T00:00:00.000+10:00,0.312,140,603
1977-12-05T00:00:00.000+10:00,0.276,140,603
1977-12-06T00:00:00.000+10:00,0.255,140,603
1977-12-07T00:00:00.000+10:00,0.249,140,603
1977-12-08T00:00:00.000+10:00,0.292,140,603
1977-12-09T00:00:00.000+10:00,0.245,140,603
1977-12-10T00:00:00.000+10:00,0.207,140,603
1977-12-11T00:00:00.000+10:00,0.204,140,603
1977-12-12T00:00:00.000+10:00,0.196,140,603
1977-12-13T00:00:00.000+10:00,0.188,140,603
1977-12-14T00:00:00.000+10:00,0.156,140,603
1977-12-15T00:00:00.000+10:00,0.152,140,603
1977-12-16T00:00:00.000+10:00,0.165,140,603
1977-12-17T00:00:00.000+10:00,0.186,140,603
1977-12-18T00:00:00.000+10:00,0.183,140,603
1977-12-19T00:00:00.000+10:00,0.178,140,603
1977-12-20T00:00:00.000+10:00,0.181,140,603
1977-12-21T00:00:00.000+10:00,0.156,140,603
1977-12-22T00:00:00.000+10:00,0.155,140,603
1977-12-23T00:00:00.000+10:00,0.141,140,603
1977-12-24T00:00:00.000+10:00,0.119,140,603
1977-12-25T00:00:00.000+10:00,0.062,140,603
1977-12-26T00:00:00.000+10:00,0.087,140,603
1977-12-27T00:00:00.000+10:00,0.084,140,603
1977-12-28T00:00:00.000+10:00,0.068,140,603
1977-12-29T00:00:00.000+10:00,0.052,140,603
1977-12-30T00:00:00.000+10:00,0.041,140,603
1977-12-31T00:00:00.000+10:00,0.041,140,603
1978-01-01T00:00:00.000+10:00,0.040,140,603
1978-01-02T00:00:00.000+10:00,0.039,140,603
1978-01-03T00:00:00.000+10:00,0.046,140,603
1978-01-04T00:00:00.000+10:00,0.046,140,603
1978-01-05T00:00:00.000+10:00,0.054,140,603
1978-01-06T00:00:00.000+10:00,0.058,140,603
1978-01-07T00:00:00.000+10:00,0.043,140,603
1978-01-08T00:00:00.000+10:00,0.040,140,603
1978-01-09T00:00:00.000+10:00,0.048,140,603
1978-01-10T00:00:00.000+10:00,0.039,140,603
1978-01-11T00:00:00.000+10:00,0.037,140,603
1978-01-12T00:00:00.000+10:00,0.041,140,603
1978-01-13T00:00:00.000+10:00,0.046,140,603
1978-01-14T00:00:00.000+10:00,0.041,140,603
1978-01-15T00:00:00.000+10:00,0.037,140,603
1978-01-16T00:00:00.000+10:00,0.041,140,603
1978-01-17T00:00:00.000+10:00,0.057,140,603
1978-01-18T00:00:00.000+10:00,0.039,140,603
1978-01-19T00:00:00.000+10:00,0.037,140,603
1978-01-20T00:00:00.000+10:00,0.050,140,603
1978-01-21T00:00:00.000+10:00,0.058,140,603
1978-01-22T00:00:00.000+10:00,0.058,140,603
1978-01-23T00:00:00.000+10:00,0.061,140,603
1978-01-24T00:00:00.000+10:00,0.065,140,603
1978-01-25T00:00:00.000+10:00,0.095,140,603
1978-01-26T00:00:00.000+10:00,0.132,140,603
1978-01-27T00:00:00.000+10:00,0.111,140,603
1978-01-28T00:00:00.000+10:00,0.186,140,603
1978-01-29T00:00:00.000+10:00,2.492,140,603
1978-01-30T00:00:00.000+10:00,1.457,140,603
1978-01-31T00:00:00.000+10:00,0.880,140,603
1978-02-01T00:00:00.000+10:00,0.701,140,603
1978-02-02T00:00:00.000+10:00,0.611,140,603
1978-02-03T00:00:00.000+10:00,0.592,140,603
1978-02-04T00:00:00.000+10:00,0.999,140,603
1978-02-05T00:00:00.000+10:00,1.534,140,603
1978-02-06T00:00:00.000+10:00,1.127,140,603
1978-02-07T00:00:00.000+10:00,0.927,140,603
1978-02-08T00:00:00.000+10:00,0.769,140,603
1978-02-09T00:00:00.000+10:00,0.646,140,603
1978-02-10T00:00:00.000+10:00,0.574,140,603
1978-02-11T00:00:00.000+10:00,0.564,140,603
1978-02-12T00:00:00.000+10:00,0.514,140,603
1978-02-13T00:00:00.000+10:00,0.449,140,603
1978-02-14T00:00:00.000+10:00,0.441,140,603
1978-02-15T00:00:00.000+10:00,0.451,140,603
1978-02-16T00:00:00.000+10:00,0.416,140,603
1978-02-17T00:00:00.000+10:00,0.363,140,603
1978-02-18T00:00:00.000+10:00,0.337,140,603
1978-02-19T00:00:00.000+10:00,0.305,140,603
1978-02-20T00:00:00.000+10:00,0.257,140,603
1978-02-21T00:00:00.000+10:00,0.228,140,603
1978-02-22T00:00:00.000+10:00,0.209,140,603
1978-02-23T00:00:00.000+10:00,0.252,140,603
1978-02-24T00:00:00.000+10:00,0.229,140,603
1978-02-25T00:00:00.000+10:00,0.185,140,603
1978-02-26T00:00:00.000+10:00,0.153,140,603
1978-02-27T00:00:00.000+10:00,0.123,140,603
1978-02-28T00:00:00.000+10:00,0.126,140,603
1978-03-01T00:00:00.000+10:00,0.216,140,603
1978-03-02T00:00:00.000+10:00,0.188,140,603
1978-03-03T00:00:00.000+10:00,0.183,140,603
1978-03-04T00:00:00.000+10:00,0.202,140,603
1978-03-05T00:00:00.000+10:00,0.241,140,603
1978-03-06T00:00:00.000+10:00,0.221,140,603
1978-03-07T00:00:00.000+10:00,0.205,140,603
1978-03-08T00:00:00.000+10:00,0.178,140,603
1978-03-09T00:00:00.000+10:00,0.162,140,603
1978-03-10T00:00:00.000+10:00,0.150,140,603
1978-03-11T00:00:00.000+10:00,0.170,140,603
1978-03-12T00:00:00.000+10:00,0.202,140,603
1978-03-13T00:00:00.000+10:00,0.179,140,603
1978-03-14T00:00:00.000+10:00,0.159,140,603
1978-03-15T00:00:00.000+10:00,0.206,140,603
1978-03-16T00:00:00.000+10:00,0.451,140,603
1978-03-17T00:00:00.000+10:00,6.674,140,603
1978-03-18T00:00:00.000+10:00,46.932,140,603
1978-03-19T00:00:00.000+10:00,69.920,140,603
1978-03-20T00:00:00.000+10:00,21.749,140,603
1978-03-21T00:00:00.000+10:00,9.805,140,603
1978-03-22T00:00:00.000+10:00,6.660,140,603
1978-03-23T00:00:00.000+10:00,4.976,140,603
1978-03-24T00:00:00.000+10:00,3.875,140,603
1978-03-25T00:00:00.000+10:00,3.285,140,603
1978-03-26T00:00:00.000+10:00,2.694,140,603
1978-03-27T00:00:00.000+10:00,2.234,140,603
1978-03-28T00:00:00.000+10:00,1.952,140,603
1978-03-29T00:00:00.000+10:00,1.740,140,603
1978-03-30T00:00:00.000+10:00,1.544,140,603
1978-03-31T00:00:00.000+10:00,1.437,140,603
1978-04-01T00:00:00.000+10:00,1.875,140,603
1978-04-02T00:00:00.000+10:00,2.844,140,603
1978-04-03T00:00:00.000+10:00,3.242,140,603
1978-04-04T00:00:00.000+10:00,2.585,140,603
1978-04-05T00:00:00.000+10:00,2.155,140,603
1978-04-06T00:00:00.000+10:00,1.953,140,603
1978-04-07T00:00:00.000+10:00,1.806,140,603
1978-04-08T00:00:00.000+10:00,1.701,140,603
1978-04-09T00:00:00.000+10:00,1.840,140,603
1978-04-10T00:00:00.000+10:00,1.835,140,603
1978-04-11T00:00:00.000+10:00,1.596,140,603
1978-04-12T00:00:00.000+10:00,1.437,140,603
1978-04-13T00:00:00.000+10:00,1.302,140,603
1978-04-14T00:00:00.000+10:00,3.356,140,603
1978-04-15T00:00:00.000+10:00,2.773,140,603
1978-04-16T00:00:00.000+10:00,2.052,140,603
1978-04-17T00:00:00.000+10:00,1.709,140,603
1978-04-18T00:00:00.000+10:00,1.547,140,603
1978-04-19T00:00:00.000+10:00,1.390,140,603
1978-04-20T00:00:00.000+10:00,1.277,140,603
1978-04-21T00:00:00.000+10:00,1.185,140,603
1978-04-22T00:00:00.000+10:00,1.105,140,603
1978-04-23T00:00:00.000+10:00,1.035,140,603
1978-04-24T00:00:00.000+10:00,0.962,140,603
1978-04-25T00:00:00.000+10:00,0.907,140,603
1978-04-26T00:00:00.000+10:00,0.829,140,603
1978-04-27T00:00:00.000+10:00,0.791,140,603
1978-04-28T00:00:00.000+10:00,0.727,140,603
1978-04-29T00:00:00.000+10:00,0.706,140,603
1978-04-30T00:00:00.000+10:00,0.674,140,603
1978-05-01T00:00:00.000+10:00,0.551,140,603
1978-05-02T00:00:00.000+10:00,0.509,140,603
1978-05-03T00:00:00.000+10:00,0.513,140,603
1978-05-04T00:00:00.000+10:00,0.572,140,603
1978-05-05T00:00:00.000+10:00,0.554,140,603
1978-05-06T00:00:00.000+10:00,0.529,140,603
1978-05-07T00:00:00.000+10:00,0.508,140,603
1978-05-08T00:00:00.000+10:00,0.494,140,603
1978-05-09T00:00:00.000+10:00,0.512,140,603
1978-05-10T00:00:00.000+10:00,0.518,140,603
1978-05-11T00:00:00.000+10:00,0.566,140,603
1978-05-12T00:00:00.000+10:00,0.508,140,603
1978-05-13T00:00:00.000+10:00,0.475,140,603
1978-05-14T00:00:00.000+10:00,0.450,140,603
1978-05-15T00:00:00.000+10:00,0.405,140,603
1978-05-16T00:00:00.000+10:00,0.429,140,603
1978-05-17T00:00:00.000+10:00,0.413,140,603
1978-05-18T00:00:00.000+10:00,0.412,140,603
1978-05-19T00:00:00.000+10:00,0.425,140,603
1978-05-20T00:00:00.000+10:00,0.411,140,603
1978-05-21T00:00:00.000+10:00,0.399,140,603
1978-05-22T00:00:00.000+10:00,0.380,140,603
1978-05-23T00:00:00.000+10:00,0.351,140,603
1978-05-24T00:00:00.000+10:00,0.346,140,603
1978-05-25T00:00:00.000+10:00,0.342,140,603
1978-05-26T00:00:00.000+10:00,0.320,140,603
1978-05-27T00:00:00.000+10:00,0.307,140,603
1978-05-28T00:00:00.000+10:00,0.299,140,603
1978-05-29T00:00:00.000+10:00,0.282,140,603
1978-05-30T00:00:00.000+10:00,0.284,140,603
1978-05-31T00:00:00.000+10:00,0.294,140,603
1978-06-01T00:00:00.000+10:00,0.408,140,603
1978-06-02T00:00:00.000+10:00,0.417,140,603
1978-06-03T00:00:00.000+10:00,0.408,140,603
1978-06-04T00:00:00.000+10:00,0.401,140,603
1978-06-05T00:00:00.000+10:00,0.427,140,603
1978-06-06T00:00:00.000+10:00,0.444,140,603
1978-06-07T00:00:00.000+10:00,0.430,140,603
1978-06-08T00:00:00.000+10:00,0.413,140,603
1978-06-09T00:00:00.000+10:00,0.398,140,603
1978-06-10T00:00:00.000+10:00,0.396,140,603
1978-06-11T00:00:00.000+10:00,0.383,140,603
1978-06-12T00:00:00.000+10:00,0.376,140,603
1978-06-13T00:00:00.000+10:00,0.376,140,603
1978-06-14T00:00:00.000+10:00,0.349,140,603
1978-06-15T00:00:00.000+10:00,0.349,140,603
1978-06-16T00:00:00.000+10:00,0.342,140,603
1978-06-17T00:00:00.000+10:00,0.325,140,603
1978-06-18T00:00:00.000+10:00,0.310,140,603
1978-06-19T00:00:00.000+10:00,0.301,140,603
1978-06-20T00:00:00.000+10:00,0.324,140,603
1978-06-21T00:00:00.000+10:00,0.323,140,603
1978-06-22T00:00:00.000+10:00,0.314,140,603
1978-06-23T00:00:00.000+10:00,0.296,140,603
1978-06-24T00:00:00.000+10:00,0.288,140,603
1978-06-25T00:00:00.000+10:00,0.287,140,603
1978-06-26T00:00:00.000+10:00,0.244,140,603
1978-06-27T00:00:00.000+10:00,0.269,140,603
1978-06-28T00:00:00.000+10:00,0.252,140,603
1978-06-29T00:00:00.000+10:00,0.268,140,603
1978-06-30T00:00:00.000+10:00,0.270,140,603
1978-07-01T00:00:00.000+10:00,0.286,140,603
1978-07-02T00:00:00.000+10:00,0.295,140,603
1978-07-03T00:00:00.000+10:00,0.288,140,603
1978-07-04T00:00:00.000+10:00,0.276,140,603
1978-07-05T00:00:00.000+10:00,0.274,140,603
1978-07-06T00:00:00.000+10:00,0.233,140,603
1978-07-07T00:00:00.000+10:00,0.249,140,603
1978-07-08T00:00:00.000+10:00,0.235,140,603
1978-07-09T00:00:00.000+10:00,0.237,140,603
1978-07-10T00:00:00.000+10:00,0.200,140,603
1978-07-11T00:00:00.000+10:00,0.243,140,603
1978-07-12T00:00:00.000+10:00,0.224,140,603
1978-07-13T00:00:00.000+10:00,0.215,140,603
1978-07-14T00:00:00.000+10:00,0.194,140,603
1978-07-15T00:00:00.000+10:00,0.178,140,603
1978-07-16T00:00:00.000+10:00,0.205,140,603
1978-07-17T00:00:00.000+10:00,0.195,140,603
1978-07-18T00:00:00.000+10:00,0.207,140,603
1978-07-19T00:00:00.000+10:00,0.194,140,603
1978-07-20T00:00:00.000+10:00,0.185,140,603
1978-07-21T00:00:00.000+10:00,0.183,140,603
1978-07-22T00:00:00.000+10:00,0.148,140,603
1978-07-23T00:00:00.000+10:00,0.139,140,603
1978-07-24T00:00:00.000+10:00,0.136,140,603
1978-07-25T00:00:00.000+10:00,0.137,140,603
1978-07-26T00:00:00.000+10:00,0.123,140,603
1978-07-27T00:00:00.000+10:00,0.127,140,603
1978-07-28T00:00:00.000+10:00,0.122,140,603
1978-07-29T00:00:00.000+10:00,0.111,140,603
1978-07-30T00:00:00.000+10:00,0.111,140,603
1978-07-31T00:00:00.000+10:00,0.107,140,603
1978-08-01T00:00:00.000+10:00,0.103,140,603
1978-08-02T00:00:00.000+10:00,0.102,140,603
1978-08-03T00:00:00.000+10:00,0.094,140,603
1978-08-04T00:00:00.000+10:00,0.093,140,603
1978-08-05T00:00:00.000+10:00,0.096,140,603
1978-08-06T00:00:00.000+10:00,0.287,140,603
1978-08-07T00:00:00.000+10:00,0.356,140,603
1978-08-08T00:00:00.000+10:00,0.290,140,603
1978-08-09T00:00:00.000+10:00,0.237,140,603
1978-08-10T00:00:00.000+10:00,0.210,140,603
1978-08-11T00:00:00.000+10:00,0.180,140,603
1978-08-12T00:00:00.000+10:00,0.178,140,603
1978-08-13T00:00:00.000+10:00,0.173,140,603
1978-08-14T00:00:00.000+10:00,0.151,140,603
1978-08-15T00:00:00.000+10:00,0.134,140,603
1978-08-16T00:00:00.000+10:00,0.131,140,603
1978-08-17T00:00:00.000+10:00,0.125,140,603
1978-08-18T00:00:00.000+10:00,0.125,140,603
1978-08-19T00:00:00.000+10:00,0.134,140,603
1978-08-20T00:00:00.000+10:00,0.133,140,603
1978-08-21T00:00:00.000+10:00,0.111,140,603
1978-08-22T00:00:00.000+10:00,0.103,140,603
1978-08-23T00:00:00.000+10:00,0.101,140,603
1978-08-24T00:00:00.000+10:00,0.095,140,603
1978-08-25T00:00:00.000+10:00,0.097,140,603
1978-08-26T00:00:00.000+10:00,0.093,140,603
1978-08-27T00:00:00.000+10:00,0.086,140,603
1978-08-28T00:00:00.000+10:00,0.089,140,603
1978-08-29T00:00:00.000+10:00,0.090,140,603
1978-08-30T00:00:00.000+10:00,0.096,140,603
1978-08-31T00:00:00.000+10:00,0.093,140,603
1978-09-01T00:00:00.000+10:00,0.092,140,603
1978-09-02T00:00:00.000+10:00,0.105,140,603
1978-09-03T00:00:00.000+10:00,0.116,140,603
1978-09-04T00:00:00.000+10:00,0.120,140,603
1978-09-05T00:00:00.000+10:00,0.150,140,603
1978-09-06T00:00:00.000+10:00,0.145,140,603
1978-09-07T00:00:00.000+10:00,0.162,140,603
1978-09-08T00:00:00.000+10:00,0.144,140,603
1978-09-09T00:00:00.000+10:00,0.129,140,603
1978-09-10T00:00:00.000+10:00,0.127,140,603
1978-09-11T00:00:00.000+10:00,0.128,140,603
1978-09-12T00:00:00.000+10:00,0.116,140,603
1978-09-13T00:00:00.000+10:00,0.112,140,603
1978-09-14T00:00:00.000+10:00,0.109,140,603
1978-09-15T00:00:00.000+10:00,0.090,140,603
1978-09-16T00:00:00.000+10:00,0.088,140,603
1978-09-17T00:00:00.000+10:00,0.088,140,603
1978-09-18T00:00:00.000+10:00,0.095,140,603
1978-09-19T00:00:00.000+10:00,0.071,140,603
1978-09-20T00:00:00.000+10:00,0.068,140,603
1978-09-21T00:00:00.000+10:00,0.077,140,603
1978-09-22T00:00:00.000+10:00,0.076,140,603
1978-09-23T00:00:00.000+10:00,0.086,140,603
1978-09-24T00:00:00.000+10:00,0.085,140,603
1978-09-25T00:00:00.000+10:00,0.082,140,603
1978-09-26T00:00:00.000+10:00,0.081,140,603
1978-09-27T00:00:00.000+10:00,0.076,140,603
1978-09-28T00:00:00.000+10:00,0.068,140,603
1978-09-29T00:00:00.000+10:00,0.084,140,603
1978-09-30T00:00:00.000+10:00,0.105,140,603
1978-10-01T00:00:00.000+10:00,0.111,140,603
1978-10-02T00:00:00.000+10:00,0.123,140,603
1978-10-03T00:00:00.000+10:00,0.096,140,603
1978-10-04T00:00:00.000+10:00,0.086,140,603
1978-10-05T00:00:00.000+10:00,0.080,140,603
1978-10-06T00:00:00.000+10:00,0.077,140,603
1978-10-07T00:00:00.000+10:00,0.203,140,603
1978-10-08T00:00:00.000+10:00,1.949,140,603
1978-10-09T00:00:00.000+10:00,2.687,140,603
1978-10-10T00:00:00.000+10:00,0.652,140,603
1978-10-11T00:00:00.000+10:00,0.393,140,603
1978-10-12T00:00:00.000+10:00,0.285,140,603
1978-10-13T00:00:00.000+10:00,0.222,140,603
1978-10-14T00:00:00.000+10:00,0.194,140,603
1978-10-15T00:00:00.000+10:00,0.193,140,603
1978-10-16T00:00:00.000+10:00,0.278,140,603
1978-10-17T00:00:00.000+10:00,0.452,140,603
1978-10-18T00:00:00.000+10:00,0.529,140,603
1978-10-19T00:00:00.000+10:00,0.589,140,603
1978-10-20T00:00:00.000+10:00,0.470,140,603
1978-10-21T00:00:00.000+10:00,0.398,140,603
1978-10-22T00:00:00.000+10:00,0.381,140,603
1978-10-23T00:00:00.000+10:00,0.337,140,603
1978-10-24T00:00:00.000+10:00,0.313,140,603
1978-10-25T00:00:00.000+10:00,0.261,140,603
1978-10-26T00:00:00.000+10:00,0.219,140,603
1978-10-27T00:00:00.000+10:00,0.186,140,603
1978-10-28T00:00:00.000+10:00,0.158,140,603
1978-10-29T00:00:00.000+10:00,0.166,140,603
1978-10-30T00:00:00.000+10:00,0.138,140,603
1978-10-31T00:00:00.000+10:00,0.119,140,603
1978-11-01T00:00:00.000+10:00,0.096,140,603
1978-11-02T00:00:00.000+10:00,0.131,140,603
1978-11-03T00:00:00.000+10:00,0.131,140,603
1978-11-04T00:00:00.000+10:00,0.137,140,603
1978-11-05T00:00:00.000+10:00,0.223,140,603
1978-11-06T00:00:00.000+10:00,0.266,140,603
1978-11-07T00:00:00.000+10:00,0.376,140,603
1978-11-08T00:00:00.000+10:00,0.592,140,603
1978-11-09T00:00:00.000+10:00,0.507,140,603
1978-11-10T00:00:00.000+10:00,0.444,140,603
1978-11-11T00:00:00.000+10:00,0.523,140,603
1978-11-12T00:00:00.000+10:00,0.504,140,603
1978-11-13T00:00:00.000+10:00,0.416,140,603
1978-11-14T00:00:00.000+10:00,0.370,140,603
1978-11-15T00:00:00.000+10:00,0.325,140,603
1978-11-16T00:00:00.000+10:00,0.288,140,603
1978-11-17T00:00:00.000+10:00,0.253,140,603
1978-11-18T00:00:00.000+10:00,0.230,140,603
1978-11-19T00:00:00.000+10:00,0.278,140,603
1978-11-20T00:00:00.000+10:00,0.457,140,603
1978-11-21T00:00:00.000+10:00,0.422,140,603
1978-11-22T00:00:00.000+10:00,0.359,140,603
1978-11-23T00:00:00.000+10:00,0.345,140,603
1978-11-24T00:00:00.000+10:00,1.722,140,603
1978-11-25T00:00:00.000+10:00,1.951,140,603
1978-11-26T00:00:00.000+10:00,0.904,140,603
1978-11-27T00:00:00.000+10:00,0.271,140,603
1978-11-28T00:00:00.000+10:00,0.256,140,603
1978-11-29T00:00:00.000+10:00,0.407,140,603
1978-11-30T00:00:00.000+10:00,0.391,140,603
1978-12-01T00:00:00.000+10:00,0.341,140,603
1978-12-02T00:00:00.000+10:00,0.318,140,603
1978-12-03T00:00:00.000+10:00,0.322,140,603
1978-12-04T00:00:00.000+10:00,0.319,140,603
1978-12-05T00:00:00.000+10:00,0.300,140,603
1978-12-06T00:00:00.000+10:00,0.242,140,603
1978-12-07T00:00:00.000+10:00,0.220,140,603
1978-12-08T00:00:00.000+10:00,0.187,140,603
1978-12-09T00:00:00.000+10:00,0.164,140,603
1978-12-10T00:00:00.000+10:00,0.114,140,603
1978-12-11T00:00:00.000+10:00,0.107,140,603
1978-12-12T00:00:00.000+10:00,0.103,140,603
1978-12-13T00:00:00.000+10:00,0.841,140,603
1978-12-14T00:00:00.000+10:00,0.412,140,603
1978-12-15T00:00:00.000+10:00,0.330,140,603
1978-12-16T00:00:00.000+10:00,0.242,140,603
1978-12-17T00:00:00.000+10:00,0.203,140,603
1978-12-18T00:00:00.000+10:00,0.160,140,603
1978-12-19T00:00:00.000+10:00,0.133,140,603
1978-12-20T00:00:00.000+10:00,0.108,140,603
1978-12-21T00:00:00.000+10:00,0.106,140,603
1978-12-22T00:00:00.000+10:00,0.082,140,603
1978-12-23T00:00:00.000+10:00,0.101,140,603
1978-12-24T00:00:00.000+10:00,0.088,140,603
1978-12-25T00:00:00.000+10:00,0.080,140,603
1978-12-26T00:00:00.000+10:00,0.518,140,603
1978-12-27T00:00:00.000+10:00,18.992,140,603
1978-12-28T00:00:00.000+10:00,34.248,140,603
1978-12-29T00:00:00.000+10:00,11.851,140,603
1978-12-30T00:00:00.000+10:00,7.647,140,603
1978-12-31T00:00:00.000+10:00,5.544,140,603
1979-01-01T00:00:00.000+10:00,4.393,140,603
1979-01-02T00:00:00.000+10:00,3.632,140,603
1979-01-03T00:00:00.000+10:00,3.115,140,603
1979-01-04T00:00:00.000+10:00,2.875,140,603
1979-01-05T00:00:00.000+10:00,3.172,140,603
1979-01-06T00:00:00.000+10:00,2.519,140,603
1979-01-07T00:00:00.000+10:00,2.070,140,603
1979-01-08T00:00:00.000+10:00,1.707,140,603
1979-01-09T00:00:00.000+10:00,1.418,140,603
1979-01-10T00:00:00.000+10:00,1.169,140,603
1979-01-11T00:00:00.000+10:00,0.965,140,603
1979-01-12T00:00:00.000+10:00,0.934,140,603
1979-01-13T00:00:00.000+10:00,1.019,140,603
1979-01-14T00:00:00.000+10:00,1.246,140,603
1979-01-15T00:00:00.000+10:00,0.891,140,603
1979-01-16T00:00:00.000+10:00,0.938,140,603
1979-01-17T00:00:00.000+10:00,0.884,140,603
1979-01-18T00:00:00.000+10:00,0.844,140,603
1979-01-19T00:00:00.000+10:00,2.251,140,603
1979-01-20T00:00:00.000+10:00,2.377,140,603
1979-01-21T00:00:00.000+10:00,2.379,140,603
1979-01-22T00:00:00.000+10:00,40.711,140,603
1979-01-23T00:00:00.000+10:00,70.512,140,603
1979-01-24T00:00:00.000+10:00,35.475,140,603
1979-01-25T00:00:00.000+10:00,25.022,140,603
1979-01-26T00:00:00.000+10:00,13.994,140,603
1979-01-27T00:00:00.000+10:00,51.256,140,603
1979-01-28T00:00:00.000+10:00,40.856,140,603
1979-01-29T00:00:00.000+10:00,15.905,140,603
1979-01-30T00:00:00.000+10:00,10.260,140,603
1979-01-31T00:00:00.000+10:00,7.689,140,603
1979-02-01T00:00:00.000+10:00,6.291,140,603
1979-02-02T00:00:00.000+10:00,5.294,140,603
1979-02-03T00:00:00.000+10:00,4.624,140,603
1979-02-04T00:00:00.000+10:00,4.113,140,603
1979-02-05T00:00:00.000+10:00,3.691,140,603
1979-02-06T00:00:00.000+10:00,4.314,140,603
1979-02-07T00:00:00.000+10:00,6.235,140,603
1979-02-08T00:00:00.000+10:00,5.418,140,603
1979-02-09T00:00:00.000+10:00,7.732,140,603
1979-02-10T00:00:00.000+10:00,9.852,140,603
1979-02-11T00:00:00.000+10:00,7.303,140,603
1979-02-12T00:00:00.000+10:00,6.099,140,603
1979-02-13T00:00:00.000+10:00,5.159,140,603
1979-02-14T00:00:00.000+10:00,4.606,140,603
1979-02-15T00:00:00.000+10:00,4.146,140,603
1979-02-16T00:00:00.000+10:00,3.772,140,603
1979-02-17T00:00:00.000+10:00,3.428,140,603
1979-02-18T00:00:00.000+10:00,3.163,140,603
1979-02-19T00:00:00.000+10:00,2.893,140,603
1979-02-20T00:00:00.000+10:00,3.330,140,603
1979-02-21T00:00:00.000+10:00,3.915,140,603
1979-02-22T00:00:00.000+10:00,3.332,140,603
1979-02-23T00:00:00.000+10:00,3.611,140,603
1979-02-24T00:00:00.000+10:00,3.667,140,603
1979-02-25T00:00:00.000+10:00,3.467,140,603
1979-02-26T00:00:00.000+10:00,3.281,140,603
1979-02-27T00:00:00.000+10:00,3.156,140,603
1979-02-28T00:00:00.000+10:00,4.620,140,603
1979-03-01T00:00:00.000+10:00,3.613,140,603
1979-03-02T00:00:00.000+10:00,2.687,140,603
1979-03-03T00:00:00.000+10:00,2.332,140,603
1979-03-04T00:00:00.000+10:00,4.823,140,603
1979-03-05T00:00:00.000+10:00,4.075,140,603
1979-03-06T00:00:00.000+10:00,3.434,140,603
1979-03-07T00:00:00.000+10:00,3.130,140,603
1979-03-08T00:00:00.000+10:00,2.808,140,603
1979-03-09T00:00:00.000+10:00,2.516,140,603
1979-03-10T00:00:00.000+10:00,2.175,140,603
1979-03-11T00:00:00.000+10:00,1.900,140,603
1979-03-12T00:00:00.000+10:00,1.698,140,603
1979-03-13T00:00:00.000+10:00,1.566,140,603
1979-03-14T00:00:00.000+10:00,1.401,140,603
1979-03-15T00:00:00.000+10:00,1.368,140,603
1979-03-16T00:00:00.000+10:00,1.371,140,603
1979-03-17T00:00:00.000+10:00,1.692,140,603
1979-03-18T00:00:00.000+10:00,1.435,140,603
1979-03-19T00:00:00.000+10:00,1.457,140,603
1979-03-20T00:00:00.000+10:00,1.358,140,603
1979-03-21T00:00:00.000+10:00,1.302,140,603
1979-03-22T00:00:00.000+10:00,1.512,140,603
1979-03-23T00:00:00.000+10:00,1.298,140,603
1979-03-24T00:00:00.000+10:00,1.246,140,603
1979-03-25T00:00:00.000+10:00,1.201,140,603
1979-03-26T00:00:00.000+10:00,1.147,140,603
1979-03-27T00:00:00.000+10:00,1.132,140,603
1979-03-28T00:00:00.000+10:00,1.114,140,603
1979-03-29T00:00:00.000+10:00,1.122,140,603
1979-03-30T00:00:00.000+10:00,1.199,140,603
1979-03-31T00:00:00.000+10:00,1.160,140,603
1979-04-01T00:00:00.000+10:00,1.061,140,603
1979-04-02T00:00:00.000+10:00,1.008,140,603
1979-04-03T00:00:00.000+10:00,0.998,140,603
1979-04-04T00:00:00.000+10:00,0.954,140,603
1979-04-05T00:00:00.000+10:00,0.943,140,603
1979-04-06T00:00:00.000+10:00,0.935,140,603
1979-04-07T00:00:00.000+10:00,0.927,140,603
1979-04-08T00:00:00.000+10:00,0.914,140,603
1979-04-09T00:00:00.000+10:00,0.928,140,603
1979-04-10T00:00:00.000+10:00,1.080,140,603
1979-04-11T00:00:00.000+10:00,1.094,140,603
1979-04-12T00:00:00.000+10:00,0.967,140,603
1979-04-13T00:00:00.000+10:00,0.886,140,603
1979-04-14T00:00:00.000+10:00,0.842,140,603
1979-04-15T00:00:00.000+10:00,0.882,140,603
1979-04-16T00:00:00.000+10:00,1.011,140,603
1979-04-17T00:00:00.000+10:00,1.136,140,603
1979-04-18T00:00:00.000+10:00,1.062,140,603
1979-04-19T00:00:00.000+10:00,0.968,140,603
1979-04-20T00:00:00.000+10:00,0.906,140,603
1979-04-21T00:00:00.000+10:00,0.848,140,603
1979-04-22T00:00:00.000+10:00,0.767,140,603
1979-04-23T00:00:00.000+10:00,0.644,140,603
1979-04-24T00:00:00.000+10:00,0.628,140,603
1979-04-25T00:00:00.000+10:00,0.640,140,603
1979-04-26T00:00:00.000+10:00,0.549,140,603
1979-04-27T00:00:00.000+10:00,0.569,140,603
1979-04-28T00:00:00.000+10:00,2.817,140,603
1979-04-29T00:00:00.000+10:00,2.490,140,603
1979-04-30T00:00:00.000+10:00,1.236,140,603
1979-05-01T00:00:00.000+10:00,1.141,140,603
1979-05-02T00:00:00.000+10:00,1.066,140,603
1979-05-03T00:00:00.000+10:00,1.017,140,603
1979-05-04T00:00:00.000+10:00,0.974,140,603
1979-05-05T00:00:00.000+10:00,1.084,140,603
1979-05-06T00:00:00.000+10:00,19.575,140,603
1979-05-07T00:00:00.000+10:00,12.221,140,603
1979-05-08T00:00:00.000+10:00,6.824,140,603
1979-05-09T00:00:00.000+10:00,4.710,140,603
1979-05-10T00:00:00.000+10:00,3.520,140,603
1979-05-11T00:00:00.000+10:00,2.712,140,603
1979-05-12T00:00:00.000+10:00,2.104,140,603
1979-05-13T00:00:00.000+10:00,1.659,140,603
1979-05-14T00:00:00.000+10:00,1.387,140,603
1979-05-15T00:00:00.000+10:00,1.281,140,603
1979-05-16T00:00:00.000+10:00,1.216,140,603
1979-05-17T00:00:00.000+10:00,1.163,140,603
1979-05-18T00:00:00.000+10:00,1.114,140,603
1979-05-19T00:00:00.000+10:00,1.071,140,603
1979-05-20T00:00:00.000+10:00,1.048,140,603
1979-05-21T00:00:00.000+10:00,1.015,140,603
1979-05-22T00:00:00.000+10:00,1.040,140,603
1979-05-23T00:00:00.000+10:00,0.999,140,603
1979-05-24T00:00:00.000+10:00,0.973,140,603
1979-05-25T00:00:00.000+10:00,0.942,140,603
1979-05-26T00:00:00.000+10:00,0.917,140,603
1979-05-27T00:00:00.000+10:00,0.907,140,603
1979-05-28T00:00:00.000+10:00,0.893,140,603
1979-05-29T00:00:00.000+10:00,0.865,140,603
1979-05-30T00:00:00.000+10:00,0.857,140,603
1979-05-31T00:00:00.000+10:00,0.834,140,603
1979-06-01T00:00:00.000+10:00,0.799,140,603
1979-06-02T00:00:00.000+10:00,0.774,140,603
1979-06-03T00:00:00.000+10:00,0.759,140,603
1979-06-04T00:00:00.000+10:00,0.762,140,603
1979-06-05T00:00:00.000+10:00,0.804,140,603
1979-06-06T00:00:00.000+10:00,0.765,140,603
1979-06-07T00:00:00.000+10:00,0.724,140,603
1979-06-08T00:00:00.000+10:00,0.697,140,603
1979-06-09T00:00:00.000+10:00,0.672,140,603
1979-06-10T00:00:00.000+10:00,0.661,140,603
1979-06-11T00:00:00.000+10:00,0.617,140,603
1979-06-12T00:00:00.000+10:00,0.567,140,603
1979-06-13T00:00:00.000+10:00,0.552,140,603
1979-06-14T00:00:00.000+10:00,0.531,140,603
1979-06-15T00:00:00.000+10:00,0.496,140,603
1979-06-16T00:00:00.000+10:00,0.509,140,603
1979-06-17T00:00:00.000+10:00,0.495,140,603
1979-06-18T00:00:00.000+10:00,0.493,140,603
1979-06-19T00:00:00.000+10:00,0.592,140,603
1979-06-20T00:00:00.000+10:00,3.384,140,603
1979-06-21T00:00:00.000+10:00,51.913,140,603
1979-06-22T00:00:00.000+10:00,9.159,140,603
1979-06-23T00:00:00.000+10:00,5.199,140,603
1979-06-24T00:00:00.000+10:00,3.514,140,603
1979-06-25T00:00:00.000+10:00,2.632,140,603
1979-06-26T00:00:00.000+10:00,1.941,140,603
1979-06-27T00:00:00.000+10:00,1.579,140,603
1979-06-28T00:00:00.000+10:00,1.342,140,603
1979-06-29T00:00:00.000+10:00,1.272,140,603
1979-06-30T00:00:00.000+10:00,1.228,140,603
1979-07-01T00:00:00.000+10:00,1.191,140,603
1979-07-02T00:00:00.000+10:00,1.150,140,603
1979-07-03T00:00:00.000+10:00,1.111,140,603
1979-07-04T00:00:00.000+10:00,1.075,140,603
1979-07-05T00:00:00.000+10:00,1.054,140,603
1979-07-06T00:00:00.000+10:00,1.013,140,603
1979-07-07T00:00:00.000+10:00,0.983,140,603
1979-07-08T00:00:00.000+10:00,0.947,140,603
1979-07-09T00:00:00.000+10:00,0.919,140,603
1979-07-10T00:00:00.000+10:00,0.908,140,603
1979-07-11T00:00:00.000+10:00,0.891,140,603
1979-07-12T00:00:00.000+10:00,0.874,140,603
1979-07-13T00:00:00.000+10:00,0.835,140,603
1979-07-14T00:00:00.000+10:00,0.824,140,603
1979-07-15T00:00:00.000+10:00,0.841,140,603
1979-07-16T00:00:00.000+10:00,0.920,140,603
1979-07-17T00:00:00.000+10:00,0.890,140,603
1979-07-18T00:00:00.000+10:00,0.841,140,603
1979-07-19T00:00:00.000+10:00,0.821,140,603
1979-07-20T00:00:00.000+10:00,0.789,140,603
1979-07-21T00:00:00.000+10:00,0.784,140,603
1979-07-22T00:00:00.000+10:00,0.778,140,603
1979-07-23T00:00:00.000+10:00,0.755,140,603
1979-07-24T00:00:00.000+10:00,0.743,140,603
1979-07-25T00:00:00.000+10:00,0.726,140,603
1979-07-26T00:00:00.000+10:00,0.784,140,603
1979-07-27T00:00:00.000+10:00,0.815,140,603
1979-07-28T00:00:00.000+10:00,0.758,140,603
1979-07-29T00:00:00.000+10:00,0.792,140,603
1979-07-30T00:00:00.000+10:00,1.350,140,603
1979-07-31T00:00:00.000+10:00,1.303,140,603
1979-08-01T00:00:00.000+10:00,1.969,140,603
1979-08-02T00:00:00.000+10:00,1.825,140,603
1979-08-03T00:00:00.000+10:00,1.730,140,603
1979-08-04T00:00:00.000+10:00,1.661,140,603
1979-08-05T00:00:00.000+10:00,1.466,140,603
1979-08-06T00:00:00.000+10:00,1.273,140,603
1979-08-07T00:00:00.000+10:00,1.257,140,603
1979-08-08T00:00:00.000+10:00,1.190,140,603
1979-08-09T00:00:00.000+10:00,1.097,140,603
1979-08-10T00:00:00.000+10:00,1.043,140,603
1979-08-11T00:00:00.000+10:00,1.008,140,603
1979-08-12T00:00:00.000+10:00,0.872,140,603
1979-08-13T00:00:00.000+10:00,0.815,140,603
1979-08-14T00:00:00.000+10:00,0.809,140,603
1979-08-15T00:00:00.000+10:00,0.780,140,603
1979-08-16T00:00:00.000+10:00,0.763,140,603
1979-08-17T00:00:00.000+10:00,0.720,140,603
1979-08-18T00:00:00.000+10:00,0.720,140,603
1979-08-19T00:00:00.000+10:00,0.734,140,603
1979-08-20T00:00:00.000+10:00,0.651,140,603
1979-08-21T00:00:00.000+10:00,0.621,140,603
1979-08-22T00:00:00.000+10:00,0.587,140,603
1979-08-23T00:00:00.000+10:00,0.549,140,603
1979-08-24T00:00:00.000+10:00,0.518,140,603
1979-08-25T00:00:00.000+10:00,0.488,140,603
1979-08-26T00:00:00.000+10:00,0.492,140,603
1979-08-27T00:00:00.000+10:00,0.459,140,603
1979-08-28T00:00:00.000+10:00,0.422,140,603
1979-08-29T00:00:00.000+10:00,0.433,140,603
1979-08-30T00:00:00.000+10:00,0.427,140,603
1979-08-31T00:00:00.000+10:00,0.405,140,603
1979-09-01T00:00:00.000+10:00,0.384,140,603
1979-09-02T00:00:00.000+10:00,0.342,140,603
1979-09-03T00:00:00.000+10:00,0.357,140,603
1979-09-04T00:00:00.000+10:00,0.321,140,603
1979-09-05T00:00:00.000+10:00,0.344,140,603
1979-09-06T00:00:00.000+10:00,0.324,140,603
1979-09-07T00:00:00.000+10:00,0.291,140,603
1979-09-08T00:00:00.000+10:00,0.263,140,603
1979-09-09T00:00:00.000+10:00,0.259,140,603
1979-09-10T00:00:00.000+10:00,0.246,140,603
1979-09-11T00:00:00.000+10:00,0.220,140,603
1979-09-12T00:00:00.000+10:00,0.305,140,603
1979-09-13T00:00:00.000+10:00,0.333,140,603
1979-09-14T00:00:00.000+10:00,0.295,140,603
1979-09-15T00:00:00.000+10:00,0.290,140,603
1979-09-16T00:00:00.000+10:00,0.261,140,603
1979-09-17T00:00:00.000+10:00,0.212,140,603
1979-09-18T00:00:00.000+10:00,0.192,140,603
1979-09-19T00:00:00.000+10:00,0.208,140,603
1979-09-20T00:00:00.000+10:00,0.209,140,603
1979-09-21T00:00:00.000+10:00,0.193,140,603
1979-09-22T00:00:00.000+10:00,0.153,140,603
1979-09-23T00:00:00.000+10:00,0.174,140,603
1979-09-24T00:00:00.000+10:00,0.204,140,603
1979-09-25T00:00:00.000+10:00,0.213,140,603
1979-09-26T00:00:00.000+10:00,0.225,140,603
1979-09-27T00:00:00.000+10:00,0.161,140,603
1979-09-28T00:00:00.000+10:00,0.224,140,603
1979-09-29T00:00:00.000+10:00,0.236,140,603
1979-09-30T00:00:00.000+10:00,0.204,140,603
1979-10-01T00:00:00.000+10:00,0.125,140,603
1979-10-02T00:00:00.000+10:00,0.128,140,603
1979-10-03T00:00:00.000+10:00,0.125,140,603
1979-10-04T00:00:00.000+10:00,0.138,140,603
1979-10-05T00:00:00.000+10:00,0.198,140,603
1979-10-06T00:00:00.000+10:00,0.190,140,603
1979-10-07T00:00:00.000+10:00,0.168,140,603
1979-10-08T00:00:00.000+10:00,0.163,140,603
1979-10-09T00:00:00.000+10:00,0.158,140,603
1979-10-10T00:00:00.000+10:00,0.149,140,603
1979-10-11T00:00:00.000+10:00,0.134,140,603
1979-10-12T00:00:00.000+10:00,0.132,140,603
1979-10-13T00:00:00.000+10:00,0.115,140,603
1979-10-14T00:00:00.000+10:00,0.105,140,603
1979-10-15T00:00:00.000+10:00,0.100,140,603
1979-10-16T00:00:00.000+10:00,0.130,140,603
1979-10-17T00:00:00.000+10:00,0.159,140,603
1979-10-18T00:00:00.000+10:00,0.133,140,603
1979-10-19T00:00:00.000+10:00,0.115,140,603
1979-10-20T00:00:00.000+10:00,0.171,140,603
1979-10-21T00:00:00.000+10:00,0.225,140,603
1979-10-22T00:00:00.000+10:00,0.202,140,603
1979-10-23T00:00:00.000+10:00,0.150,140,603
1979-10-24T00:00:00.000+10:00,0.129,140,603
1979-10-25T00:00:00.000+10:00,0.153,140,603
1979-10-26T00:00:00.000+10:00,0.147,140,603
1979-10-27T00:00:00.000+10:00,0.126,140,603
1979-10-28T00:00:00.000+10:00,0.134,140,603
1979-10-29T00:00:00.000+10:00,0.141,140,603
1979-10-30T00:00:00.000+10:00,0.112,140,603
1979-10-31T00:00:00.000+10:00,0.090,140,603
1979-11-01T00:00:00.000+10:00,0.081,140,603
1979-11-02T00:00:00.000+10:00,0.082,140,603
1979-11-03T00:00:00.000+10:00,0.100,140,603
1979-11-04T00:00:00.000+10:00,0.083,140,603
1979-11-05T00:00:00.000+10:00,0.066,140,603
1979-11-06T00:00:00.000+10:00,0.051,140,603
1979-11-07T00:00:00.000+10:00,0.046,140,603
1979-11-08T00:00:00.000+10:00,0.085,140,603
1979-11-09T00:00:00.000+10:00,0.133,140,603
1979-11-10T00:00:00.000+10:00,0.156,140,603
1979-11-11T00:00:00.000+10:00,0.194,140,603
1979-11-12T00:00:00.000+10:00,0.629,140,603
1979-11-13T00:00:00.000+10:00,0.734,140,603
1979-11-14T00:00:00.000+10:00,0.435,140,603
1979-11-15T00:00:00.000+10:00,0.289,140,603
1979-11-16T00:00:00.000+10:00,0.229,140,603
1979-11-17T00:00:00.000+10:00,0.240,140,603
1979-11-18T00:00:00.000+10:00,0.246,140,603
1979-11-19T00:00:00.000+10:00,0.126,140,603
1979-11-20T00:00:00.000+10:00,0.136,140,603
1979-11-21T00:00:00.000+10:00,0.328,140,603
1979-11-22T00:00:00.000+10:00,0.397,140,603
1979-11-23T00:00:00.000+10:00,0.304,140,603
1979-11-24T00:00:00.000+10:00,0.255,140,603
1979-11-25T00:00:00.000+10:00,0.240,140,603
1979-11-26T00:00:00.000+10:00,0.221,140,603
1979-11-27T00:00:00.000+10:00,0.180,140,603
1979-11-28T00:00:00.000+10:00,0.159,140,603
1979-11-29T00:00:00.000+10:00,0.151,140,603
1979-11-30T00:00:00.000+10:00,0.141,140,603
1979-12-01T00:00:00.000+10:00,0.155,140,603
1979-12-02T00:00:00.000+10:00,0.145,140,603
1979-12-03T00:00:00.000+10:00,0.095,140,603
1979-12-04T00:00:00.000+10:00,0.098,140,603
1979-12-05T00:00:00.000+10:00,0.085,140,603
1979-12-06T00:00:00.000+10:00,0.076,140,603
1979-12-07T00:00:00.000+10:00,0.081,140,603
1979-12-08T00:00:00.000+10:00,0.062,140,603
1979-12-09T00:00:00.000+10:00,0.058,140,603
1979-12-10T00:00:00.000+10:00,0.085,140,603
1979-12-11T00:00:00.000+10:00,0.035,140,603
1979-12-12T00:00:00.000+10:00,0.053,140,603
1979-12-13T00:00:00.000+10:00,0.030,140,603
1979-12-14T00:00:00.000+10:00,0.018,140,603
1979-12-15T00:00:00.000+10:00,0.023,140,603
1979-12-16T00:00:00.000+10:00,0.030,140,603
1979-12-17T00:00:00.000+10:00,0.012,140,603
1979-12-18T00:00:00.000+10:00,0.003,140,603
1979-12-19T00:00:00.000+10:00,0.000,140,603
1979-12-20T00:00:00.000+10:00,0.000,140,603
1979-12-21T00:00:00.000+10:00,0.000,140,603
1979-12-22T00:00:00.000+10:00,0.034,140,603
1979-12-23T00:00:00.000+10:00,0.029,140,603
1979-12-24T00:00:00.000+10:00,0.039,140,603
1979-12-25T00:00:00.000+10:00,0.049,140,603
1979-12-26T00:00:00.000+10:00,0.110,140,603
1979-12-27T00:00:00.000+10:00,0.111,140,603
1979-12-28T00:00:00.000+10:00,0.095,140,603
1979-12-29T00:00:00.000+10:00,0.106,140,603
1979-12-30T00:00:00.000+10:00,0.071,140,603
1979-12-31T00:00:00.000+10:00,0.071,140,603
1980-01-01T00:00:00.000+10:00,0.050,140,603
1980-01-02T00:00:00.000+10:00,0.036,140,603
1980-01-03T00:00:00.000+10:00,0.069,140,603
1980-01-04T00:00:00.000+10:00,0.062,140,603
1980-01-05T00:00:00.000+10:00,0.087,140,603
1980-01-06T00:00:00.000+10:00,0.088,140,603
1980-01-07T00:00:00.000+10:00,0.075,140,603
1980-01-08T00:00:00.000+10:00,0.074,140,603
1980-01-09T00:00:00.000+10:00,0.066,140,603
1980-01-10T00:00:00.000+10:00,0.036,140,603
1980-01-11T00:00:00.000+10:00,0.034,140,603
1980-01-12T00:00:00.000+10:00,0.051,140,603
1980-01-13T00:00:00.000+10:00,0.069,140,603
1980-01-14T00:00:00.000+10:00,0.036,140,603
1980-01-15T00:00:00.000+10:00,0.059,140,603
1980-01-16T00:00:00.000+10:00,0.047,140,603
1980-01-17T00:00:00.000+10:00,0.025,140,603
1980-01-18T00:00:00.000+10:00,0.008,140,603
1980-01-19T00:00:00.000+10:00,0.000,140,603
1980-01-20T00:00:00.000+10:00,0.003,140,603
1980-01-21T00:00:00.000+10:00,0.002,140,603
1980-01-22T00:00:00.000+10:00,0.003,140,603
1980-01-23T00:00:00.000+10:00,0.000,140,603
1980-01-24T00:00:00.000+10:00,0.000,140,603
1980-01-25T00:00:00.000+10:00,0.000,140,603
1980-01-26T00:00:00.000+10:00,0.000,140,603
1980-01-27T00:00:00.000+10:00,0.000,140,603
1980-01-28T00:00:00.000+10:00,0.001,140,603
1980-01-29T00:00:00.000+10:00,0.018,140,603
1980-01-30T00:00:00.000+10:00,0.000,140,603
1980-01-31T00:00:00.000+10:00,0.000,140,603
1980-02-01T00:00:00.000+10:00,0.000,140,603
1980-02-02T00:00:00.000+10:00,0.000,140,603
1980-02-03T00:00:00.000+10:00,0.000,140,603
1980-02-04T00:00:00.000+10:00,0.000,140,603
1980-02-05T00:00:00.000+10:00,0.000,140,603
1980-02-06T00:00:00.000+10:00,0.001,140,603
1980-02-07T00:00:00.000+10:00,0.052,140,603
1980-02-08T00:00:00.000+10:00,0.513,140,603
1980-02-09T00:00:00.000+10:00,0.888,140,603
1980-02-10T00:00:00.000+10:00,1.083,140,603
1980-02-11T00:00:00.000+10:00,0.843,140,603
1980-02-12T00:00:00.000+10:00,0.861,140,603
1980-02-13T00:00:00.000+10:00,1.102,140,603
1980-02-14T00:00:00.000+10:00,1.383,140,603
1980-02-15T00:00:00.000+10:00,1.301,140,603
1980-02-16T00:00:00.000+10:00,1.202,140,603
1980-02-17T00:00:00.000+10:00,1.112,140,603
1980-02-18T00:00:00.000+10:00,1.141,140,603
1980-02-19T00:00:00.000+10:00,1.201,140,603
1980-02-20T00:00:00.000+10:00,1.192,140,603
1980-02-21T00:00:00.000+10:00,1.251,140,603
1980-02-22T00:00:00.000+10:00,0.807,140,603
1980-02-23T00:00:00.000+10:00,0.153,140,603
1980-02-24T00:00:00.000+10:00,0.148,140,603
1980-02-25T00:00:00.000+10:00,0.157,140,603
1980-02-26T00:00:00.000+10:00,0.184,140,603
1980-02-27T00:00:00.000+10:00,0.151,140,603
1980-02-28T00:00:00.000+10:00,0.185,140,603
1980-02-29T00:00:00.000+10:00,0.144,140,603
1980-03-01T00:00:00.000+10:00,0.113,140,603
1980-03-02T00:00:00.000+10:00,0.113,140,603
1980-03-03T00:00:00.000+10:00,0.119,140,603
1980-03-04T00:00:00.000+10:00,0.122,140,603
1980-03-05T00:00:00.000+10:00,0.101,140,603
1980-03-06T00:00:00.000+10:00,0.104,140,603
1980-03-07T00:00:00.000+10:00,0.086,140,603
1980-03-08T00:00:00.000+10:00,0.077,140,603
1980-03-09T00:00:00.000+10:00,0.074,140,603
1980-03-10T00:00:00.000+10:00,0.257,140,603
1980-03-11T00:00:00.000+10:00,0.531,140,603
1980-03-12T00:00:00.000+10:00,0.337,140,603
1980-03-13T00:00:00.000+10:00,0.476,140,603
1980-03-14T00:00:00.000+10:00,0.451,140,603
1980-03-15T00:00:00.000+10:00,0.395,140,603
1980-03-16T00:00:00.000+10:00,0.339,140,603
1980-03-17T00:00:00.000+10:00,0.278,140,603
1980-03-18T00:00:00.000+10:00,0.261,140,603
1980-03-19T00:00:00.000+10:00,0.214,140,603
1980-03-20T00:00:00.000+10:00,0.167,140,603
1980-03-21T00:00:00.000+10:00,0.179,140,603
1980-03-22T00:00:00.000+10:00,0.172,140,603
1980-03-23T00:00:00.000+10:00,0.164,140,603
1980-03-24T00:00:00.000+10:00,0.151,140,603
1980-03-25T00:00:00.000+10:00,0.130,140,603
1980-03-26T00:00:00.000+10:00,0.121,140,603
1980-03-27T00:00:00.000+10:00,0.113,140,603
1980-03-28T00:00:00.000+10:00,0.105,140,603
1980-03-29T00:00:00.000+10:00,0.094,140,603
1980-03-30T00:00:00.000+10:00,0.092,140,603
1980-03-31T00:00:00.000+10:00,0.059,140,603
1980-04-01T00:00:00.000+10:00,0.070,140,603
1980-04-02T00:00:00.000+10:00,0.026,140,603
1980-04-03T00:00:00.000+10:00,0.013,140,603
1980-04-04T00:00:00.000+10:00,0.024,140,603
1980-04-05T00:00:00.000+10:00,0.025,140,603
1980-04-06T00:00:00.000+10:00,0.022,140,603
1980-04-07T00:00:00.000+10:00,0.022,140,603
1980-04-08T00:00:00.000+10:00,0.014,140,603
1980-04-09T00:00:00.000+10:00,0.003,140,603
1980-04-10T00:00:00.000+10:00,0.000,140,603
1980-04-11T00:00:00.000+10:00,0.000,140,603
1980-04-12T00:00:00.000+10:00,0.000,140,603
1980-04-13T00:00:00.000+10:00,0.000,140,603
1980-04-14T00:00:00.000+10:00,0.000,140,603
1980-04-15T00:00:00.000+10:00,0.000,140,603
1980-04-16T00:00:00.000+10:00,0.000,140,603
1980-04-17T00:00:00.000+10:00,0.000,140,603
1980-04-18T00:00:00.000+10:00,0.000,140,603
1980-04-19T00:00:00.000+10:00,0.000,140,603
1980-04-20T00:00:00.000+10:00,0.000,140,603
1980-04-21T00:00:00.000+10:00,0.000,140,603
1980-04-22T00:00:00.000+10:00,0.000,140,603
1980-04-23T00:00:00.000+10:00,0.000,140,603
1980-04-24T00:00:00.000+10:00,0.000,140,603
1980-04-25T00:00:00.000+10:00,0.000,140,603
1980-04-26T00:00:00.000+10:00,0.000,140,603
1980-04-27T00:00:00.000+10:00,0.000,140,603
1980-04-28T00:00:00.000+10:00,0.000,140,603
1980-04-29T00:00:00.000+10:00,0.000,140,603
1980-04-30T00:00:00.000+10:00,0.000,140,603
1980-05-01T00:00:00.000+10:00,0.000,140,603
1980-05-02T00:00:00.000+10:00,0.000,140,603
1980-05-03T00:00:00.000+10:00,0.000,140,603
1980-05-04T00:00:00.000+10:00,0.000,140,603
1980-05-05T00:00:00.000+10:00,0.252,140,603
1980-05-06T00:00:00.000+10:00,2.107,140,603
1980-05-07T00:00:00.000+10:00,7.880,140,603
1980-05-08T00:00:00.000+10:00,102.898,140,603
1980-05-09T00:00:00.000+10:00,190.594,140,603
1980-05-10T00:00:00.000+10:00,86.312,140,603
1980-05-11T00:00:00.000+10:00,18.264,140,603
1980-05-12T00:00:00.000+10:00,9.726,140,603
1980-05-13T00:00:00.000+10:00,6.438,140,603
1980-05-14T00:00:00.000+10:00,4.873,140,603
1980-05-15T00:00:00.000+10:00,3.774,140,603
1980-05-16T00:00:00.000+10:00,3.005,140,603
1980-05-17T00:00:00.000+10:00,2.341,140,603
1980-05-18T00:00:00.000+10:00,1.859,140,603
1980-05-19T00:00:00.000+10:00,1.519,140,603
1980-05-20T00:00:00.000+10:00,1.359,140,603
1980-05-21T00:00:00.000+10:00,1.309,140,603
1980-05-22T00:00:00.000+10:00,1.247,140,603
1980-05-23T00:00:00.000+10:00,1.142,140,603
1980-05-24T00:00:00.000+10:00,0.921,140,603
1980-05-25T00:00:00.000+10:00,0.815,140,603
1980-05-26T00:00:00.000+10:00,0.741,140,603
1980-05-27T00:00:00.000+10:00,0.720,140,603
1980-05-28T00:00:00.000+10:00,0.744,140,603
1980-05-29T00:00:00.000+10:00,0.905,140,603
1980-05-30T00:00:00.000+10:00,0.858,140,603
1980-05-31T00:00:00.000+10:00,0.591,140,603
1980-06-01T00:00:00.000+10:00,0.532,140,603
1980-06-02T00:00:00.000+10:00,0.513,140,603
1980-06-03T00:00:00.000+10:00,0.489,140,603
1980-06-04T00:00:00.000+10:00,0.521,140,603
1980-06-05T00:00:00.000+10:00,0.680,140,603
1980-06-06T00:00:00.000+10:00,0.547,140,603
1980-06-07T00:00:00.000+10:00,0.387,140,603
1980-06-08T00:00:00.000+10:00,0.370,140,603
1980-06-09T00:00:00.000+10:00,0.350,140,603
1980-06-10T00:00:00.000+10:00,0.356,140,603
1980-06-11T00:00:00.000+10:00,0.356,140,603
1980-06-12T00:00:00.000+10:00,0.450,140,603
1980-06-13T00:00:00.000+10:00,0.305,140,603
1980-06-14T00:00:00.000+10:00,0.156,140,603
1980-06-15T00:00:00.000+10:00,0.311,140,603
1980-06-16T00:00:00.000+10:00,0.439,140,603
1980-06-17T00:00:00.000+10:00,0.370,140,603
1980-06-18T00:00:00.000+10:00,0.280,140,603
1980-06-19T00:00:00.000+10:00,0.233,140,603
1980-06-20T00:00:00.000+10:00,0.237,140,603
1980-06-21T00:00:00.000+10:00,0.264,140,603
1980-06-22T00:00:00.000+10:00,0.228,140,603
1980-06-23T00:00:00.000+10:00,0.219,140,603
1980-06-24T00:00:00.000+10:00,0.203,140,603
1980-06-25T00:00:00.000+10:00,0.190,140,603
1980-06-26T00:00:00.000+10:00,0.212,140,603
1980-06-27T00:00:00.000+10:00,0.222,140,603
1980-06-28T00:00:00.000+10:00,0.208,140,603
1980-06-29T00:00:00.000+10:00,0.207,140,603
1980-06-30T00:00:00.000+10:00,0.188,140,603
1980-07-01T00:00:00.000+10:00,0.177,140,603
1980-07-02T00:00:00.000+10:00,0.173,140,603
1980-07-03T00:00:00.000+10:00,0.154,140,603
1980-07-04T00:00:00.000+10:00,0.142,140,603
1980-07-05T00:00:00.000+10:00,0.128,140,603
1980-07-06T00:00:00.000+10:00,0.116,140,603
1980-07-07T00:00:00.000+10:00,0.195,140,603
1980-07-08T00:00:00.000+10:00,0.089,140,603
1980-07-09T00:00:00.000+10:00,0.117,140,603
1980-07-10T00:00:00.000+10:00,0.111,140,603
1980-07-11T00:00:00.000+10:00,0.062,140,603
1980-07-12T00:00:00.000+10:00,0.036,140,603
1980-07-13T00:00:00.000+10:00,0.034,140,603
1980-07-14T00:00:00.000+10:00,0.047,140,603
1980-07-15T00:00:00.000+10:00,0.247,140,603
1980-07-16T00:00:00.000+10:00,0.099,140,603
1980-07-17T00:00:00.000+10:00,0.021,140,603
1980-07-18T00:00:00.000+10:00,0.000,140,603
1980-07-19T00:00:00.000+10:00,0.000,140,603
1980-07-20T00:00:00.000+10:00,0.000,140,603
1980-07-21T00:00:00.000+10:00,0.000,140,603
1980-07-22T00:00:00.000+10:00,0.015,140,603
1980-07-23T00:00:00.000+10:00,0.067,140,603
1980-07-24T00:00:00.000+10:00,0.001,140,603
1980-07-25T00:00:00.000+10:00,0.000,140,603
1980-07-26T00:00:00.000+10:00,0.000,140,603
1980-07-27T00:00:00.000+10:00,0.000,140,603
1980-07-28T00:00:00.000+10:00,0.000,140,603
1980-07-29T00:00:00.000+10:00,0.016,140,603
1980-07-30T00:00:00.000+10:00,0.073,140,603
1980-07-31T00:00:00.000+10:00,0.000,140,603
1980-08-01T00:00:00.000+10:00,0.000,140,603
1980-08-02T00:00:00.000+10:00,0.000,140,603
1980-08-03T00:00:00.000+10:00,0.000,140,603
1980-08-04T00:00:00.000+10:00,0.000,140,603
1980-08-05T00:00:00.000+10:00,0.000,140,603
1980-08-06T00:00:00.000+10:00,0.023,140,603
1980-08-07T00:00:00.000+10:00,0.004,140,603
1980-08-08T00:00:00.000+10:00,0.000,140,603
1980-08-09T00:00:00.000+10:00,0.000,140,603
1980-08-10T00:00:00.000+10:00,0.000,140,603
1980-08-11T00:00:00.000+10:00,0.000,140,603
1980-08-12T00:00:00.000+10:00,0.000,140,603
1980-08-13T00:00:00.000+10:00,0.000,140,603
1980-08-14T00:00:00.000+10:00,0.000,140,603
1980-08-15T00:00:00.000+10:00,0.000,140,603
1980-08-16T00:00:00.000+10:00,0.000,140,603
1980-08-17T00:00:00.000+10:00,0.000,140,603
1980-08-18T00:00:00.000+10:00,0.000,140,603
1980-08-19T00:00:00.000+10:00,0.000,140,603
1980-08-20T00:00:00.000+10:00,0.000,140,603
1980-08-21T00:00:00.000+10:00,0.000,140,603
1980-08-22T00:00:00.000+10:00,0.000,140,603
1980-08-23T00:00:00.000+10:00,0.000,140,603
1980-08-24T00:00:00.000+10:00,0.000,140,603
1980-08-25T00:00:00.000+10:00,0.000,140,603
1980-08-26T00:00:00.000+10:00,0.000,140,603
1980-08-27T00:00:00.000+10:00,0.000,140,603
1980-08-28T00:00:00.000+10:00,0.000,140,603
1980-08-29T00:00:00.000+10:00,0.000,140,603
1980-08-30T00:00:00.000+10:00,0.000,140,603
1980-08-31T00:00:00.000+10:00,0.000,140,603
1980-09-01T00:00:00.000+10:00,0.000,140,603
1980-09-02T00:00:00.000+10:00,0.000,140,603
1980-09-03T00:00:00.000+10:00,0.000,140,603
1980-09-04T00:00:00.000+10:00,0.000,140,603
1980-09-05T00:00:00.000+10:00,0.000,140,603
1980-09-06T00:00:00.000+10:00,0.000,140,603
1980-09-07T00:00:00.000+10:00,0.000,140,603
1980-09-08T00:00:00.000+10:00,0.000,140,603
1980-09-09T00:00:00.000+10:00,0.000,140,603
1980-09-10T00:00:00.000+10:00,0.000,140,603
1980-09-11T00:00:00.000+10:00,0.000,140,603
1980-09-12T00:00:00.000+10:00,0.000,140,603
1980-09-13T00:00:00.000+10:00,0.000,140,603
1980-09-14T00:00:00.000+10:00,0.000,140,603
1980-09-15T00:00:00.000+10:00,0.000,140,603
1980-09-16T00:00:00.000+10:00,0.000,140,603
1980-09-17T00:00:00.000+10:00,0.000,140,603
1980-09-18T00:00:00.000+10:00,0.000,140,603
1980-09-19T00:00:00.000+10:00,0.000,140,603
1980-09-20T00:00:00.000+10:00,0.000,140,603
1980-09-21T00:00:00.000+10:00,0.000,140,603
1980-09-22T00:00:00.000+10:00,0.000,140,603
1980-09-23T00:00:00.000+10:00,0.000,140,603
1980-09-24T00:00:00.000+10:00,0.000,140,603
1980-09-25T00:00:00.000+10:00,0.000,140,603
1980-09-26T00:00:00.000+10:00,0.000,140,603
1980-09-27T00:00:00.000+10:00,0.000,140,603
1980-09-28T00:00:00.000+10:00,0.000,140,603
1980-09-29T00:00:00.000+10:00,0.000,140,603
1980-09-30T00:00:00.000+10:00,0.000,140,603
1980-10-01T00:00:00.000+10:00,0.000,140,603
1980-10-02T00:00:00.000+10:00,0.000,140,603
1980-10-03T00:00:00.000+10:00,0.000,140,603
1980-10-04T00:00:00.000+10:00,0.000,140,603
1980-10-05T00:00:00.000+10:00,0.000,140,603
1980-10-06T00:00:00.000+10:00,0.000,140,603
1980-10-07T00:00:00.000+10:00,0.000,140,603
1980-10-08T00:00:00.000+10:00,0.000,140,603
1980-10-09T00:00:00.000+10:00,0.000,140,603
1980-10-10T00:00:00.000+10:00,0.000,140,603
1980-10-11T00:00:00.000+10:00,0.000,140,603
1980-10-12T00:00:00.000+10:00,0.000,140,603
1980-10-13T00:00:00.000+10:00,0.000,140,603
1980-10-14T00:00:00.000+10:00,0.000,140,603
1980-10-15T00:00:00.000+10:00,0.000,140,603
1980-10-16T00:00:00.000+10:00,0.000,140,603
1980-10-17T00:00:00.000+10:00,0.000,140,603
1980-10-18T00:00:00.000+10:00,0.000,140,603
1980-10-19T00:00:00.000+10:00,0.000,140,603
1980-10-20T00:00:00.000+10:00,0.000,140,603
1980-10-21T00:00:00.000+10:00,0.000,140,603
1980-10-22T00:00:00.000+10:00,0.000,140,603
1980-10-23T00:00:00.000+10:00,0.000,140,603
1980-10-24T00:00:00.000+10:00,0.000,140,603
1980-10-25T00:00:00.000+10:00,0.000,140,603
1980-10-26T00:00:00.000+10:00,0.000,140,603
1980-10-27T00:00:00.000+10:00,0.000,140,603
1980-10-28T00:00:00.000+10:00,0.000,140,603
1980-10-29T00:00:00.000+10:00,0.000,140,603
1980-10-30T00:00:00.000+10:00,0.000,140,603
1980-10-31T00:00:00.000+10:00,0.000,140,603
1980-11-01T00:00:00.000+10:00,0.000,140,603
1980-11-02T00:00:00.000+10:00,0.000,140,603
1980-11-03T00:00:00.000+10:00,0.000,140,603
1980-11-04T00:00:00.000+10:00,0.000,140,603
1980-11-05T00:00:00.000+10:00,0.000,140,603
1980-11-06T00:00:00.000+10:00,0.000,140,603
1980-11-07T00:00:00.000+10:00,0.000,140,603
1980-11-08T00:00:00.000+10:00,0.000,140,603
1980-11-09T00:00:00.000+10:00,0.000,140,603
1980-11-10T00:00:00.000+10:00,0.000,140,603
1980-11-11T00:00:00.000+10:00,0.000,140,603
1980-11-12T00:00:00.000+10:00,0.000,140,603
1980-11-13T00:00:00.000+10:00,0.000,140,603
1980-11-14T00:00:00.000+10:00,0.000,140,603
1980-11-15T00:00:00.000+10:00,0.000,140,603
1980-11-16T00:00:00.000+10:00,0.000,140,603
1980-11-17T00:00:00.000+10:00,0.000,140,603
1980-11-18T00:00:00.000+10:00,0.000,140,603
1980-11-19T00:00:00.000+10:00,0.000,140,603
1980-11-20T00:00:00.000+10:00,0.000,140,603
1980-11-21T00:00:00.000+10:00,0.000,140,603
1980-11-22T00:00:00.000+10:00,0.000,140,603
1980-11-23T00:00:00.000+10:00,0.000,140,603
1980-11-24T00:00:00.000+10:00,0.000,140,603
1980-11-25T00:00:00.000+10:00,0.000,140,603
1980-11-26T00:00:00.000+10:00,0.000,140,603
1980-11-27T00:00:00.000+10:00,0.000,140,603
1980-11-28T00:00:00.000+10:00,0.000,140,603
1980-11-29T00:00:00.000+10:00,0.000,140,603
1980-11-30T00:00:00.000+10:00,0.000,140,603
1980-12-01T00:00:00.000+10:00,0.000,140,603
1980-12-02T00:00:00.000+10:00,0.000,140,603
1980-12-03T00:00:00.000+10:00,0.000,140,603
1980-12-04T00:00:00.000+10:00,0.000,140,603
1980-12-05T00:00:00.000+10:00,0.883,140,603
1980-12-06T00:00:00.000+10:00,5.806,140,603
1980-12-07T00:00:00.000+10:00,3.061,140,603
1980-12-08T00:00:00.000+10:00,0.957,140,603
1980-12-09T00:00:00.000+10:00,0.386,140,603
1980-12-10T00:00:00.000+10:00,0.277,140,603
1980-12-11T00:00:00.000+10:00,0.224,140,603
1980-12-12T00:00:00.000+10:00,0.168,140,603
1980-12-13T00:00:00.000+10:00,0.123,140,603
1980-12-14T00:00:00.000+10:00,0.085,140,603
1980-12-15T00:00:00.000+10:00,0.117,140,603
1980-12-16T00:00:00.000+10:00,2.339,140,603
1980-12-17T00:00:00.000+10:00,0.638,140,603
1980-12-18T00:00:00.000+10:00,0.264,140,603
1980-12-19T00:00:00.000+10:00,0.157,140,603
1980-12-20T00:00:00.000+10:00,0.107,140,603
1980-12-21T00:00:00.000+10:00,0.067,140,603
1980-12-22T00:00:00.000+10:00,0.038,140,603
1980-12-23T00:00:00.000+10:00,0.022,140,603
1980-12-24T00:00:00.000+10:00,0.014,140,603
1980-12-25T00:00:00.000+10:00,0.008,140,603
1980-12-26T00:00:00.000+10:00,0.003,140,603
1980-12-27T00:00:00.000+10:00,0.000,140,603
1980-12-28T00:00:00.000+10:00,0.000,140,603
1980-12-29T00:00:00.000+10:00,0.000,140,603
1980-12-30T00:00:00.000+10:00,0.000,140,603
1980-12-31T00:00:00.000+10:00,0.000,140,603
1981-01-01T00:00:00.000+10:00,0.005,140,603
1981-01-02T00:00:00.000+10:00,0.018,140,603
1981-01-03T00:00:00.000+10:00,0.013,140,603
1981-01-04T00:00:00.000+10:00,0.004,140,603
1981-01-05T00:00:00.000+10:00,0.001,140,603
1981-01-06T00:00:00.000+10:00,0.000,140,603
1981-01-07T00:00:00.000+10:00,0.000,140,603
1981-01-08T00:00:00.000+10:00,0.000,140,603
1981-01-09T00:00:00.000+10:00,0.000,140,603
1981-01-10T00:00:00.000+10:00,0.000,140,603
1981-01-11T00:00:00.000+10:00,0.000,140,603
1981-01-12T00:00:00.000+10:00,0.000,140,603
1981-01-13T00:00:00.000+10:00,0.000,140,603
1981-01-14T00:00:00.000+10:00,0.000,140,603
1981-01-15T00:00:00.000+10:00,0.000,140,603
1981-01-16T00:00:00.000+10:00,0.000,140,603
1981-01-17T00:00:00.000+10:00,0.000,140,603
1981-01-18T00:00:00.000+10:00,0.000,140,603
1981-01-19T00:00:00.000+10:00,0.000,140,603
1981-01-20T00:00:00.000+10:00,0.000,140,603
1981-01-21T00:00:00.000+10:00,0.000,140,603
1981-01-22T00:00:00.000+10:00,0.000,140,603
1981-01-23T00:00:00.000+10:00,0.000,140,603
1981-01-24T00:00:00.000+10:00,0.000,140,603
1981-01-25T00:00:00.000+10:00,0.000,140,603
1981-01-26T00:00:00.000+10:00,0.000,140,603
1981-01-27T00:00:00.000+10:00,0.000,140,603
1981-01-28T00:00:00.000+10:00,0.000,140,603
1981-01-29T00:00:00.000+10:00,0.000,140,603
1981-01-30T00:00:00.000+10:00,0.000,140,603
1981-01-31T00:00:00.000+10:00,0.000,140,603
1981-02-01T00:00:00.000+10:00,0.000,140,603
1981-02-02T00:00:00.000+10:00,0.000,140,603
1981-02-03T00:00:00.000+10:00,0.351,140,603
1981-02-04T00:00:00.000+10:00,6.082,140,603
1981-02-05T00:00:00.000+10:00,3.082,140,603
1981-02-06T00:00:00.000+10:00,3.169,140,603
1981-02-07T00:00:00.000+10:00,22.810,140,603
1981-02-08T00:00:00.000+10:00,7.768,140,603
1981-02-09T00:00:00.000+10:00,4.857,140,603
1981-02-10T00:00:00.000+10:00,3.309,140,603
1981-02-11T00:00:00.000+10:00,2.048,140,603
1981-02-12T00:00:00.000+10:00,1.437,140,603
1981-02-13T00:00:00.000+10:00,1.053,140,603
1981-02-14T00:00:00.000+10:00,1.348,140,603
1981-02-15T00:00:00.000+10:00,20.566,140,603
1981-02-16T00:00:00.000+10:00,11.792,140,603
1981-02-17T00:00:00.000+10:00,7.379,140,603
1981-02-18T00:00:00.000+10:00,5.236,140,603
1981-02-19T00:00:00.000+10:00,4.078,140,603
1981-02-20T00:00:00.000+10:00,3.452,140,603
1981-02-21T00:00:00.000+10:00,3.676,140,603
1981-02-22T00:00:00.000+10:00,4.927,140,603
1981-02-23T00:00:00.000+10:00,7.023,140,603
1981-02-24T00:00:00.000+10:00,4.330,140,603
1981-02-25T00:00:00.000+10:00,3.621,140,603
1981-02-26T00:00:00.000+10:00,3.024,140,603
1981-02-27T00:00:00.000+10:00,2.852,140,603
1981-02-28T00:00:00.000+10:00,3.253,140,603
1981-03-01T00:00:00.000+10:00,5.059,140,603
1981-03-02T00:00:00.000+10:00,3.966,140,603
1981-03-03T00:00:00.000+10:00,3.387,140,603
1981-03-04T00:00:00.000+10:00,2.740,140,603
1981-03-05T00:00:00.000+10:00,2.263,140,603
1981-03-06T00:00:00.000+10:00,2.133,140,603
1981-03-07T00:00:00.000+10:00,2.241,140,603
1981-03-08T00:00:00.000+10:00,1.916,140,603
1981-03-09T00:00:00.000+10:00,1.699,140,603
1981-03-10T00:00:00.000+10:00,1.614,140,603
1981-03-11T00:00:00.000+10:00,1.281,140,603
1981-03-12T00:00:00.000+10:00,0.757,140,603
1981-03-13T00:00:00.000+10:00,0.764,140,603
1981-03-14T00:00:00.000+10:00,1.015,140,603
1981-03-15T00:00:00.000+10:00,0.974,140,603
1981-03-16T00:00:00.000+10:00,0.986,140,603
1981-03-17T00:00:00.000+10:00,1.102,140,603
1981-03-18T00:00:00.000+10:00,0.760,140,603
1981-03-19T00:00:00.000+10:00,0.299,140,603
1981-03-20T00:00:00.000+10:00,0.552,140,603
1981-03-21T00:00:00.000+10:00,0.983,140,603
1981-03-22T00:00:00.000+10:00,0.610,140,603
1981-03-23T00:00:00.000+10:00,0.229,140,603
1981-03-24T00:00:00.000+10:00,0.308,140,603
1981-03-25T00:00:00.000+10:00,0.611,140,603
1981-03-26T00:00:00.000+10:00,0.651,140,603
1981-03-27T00:00:00.000+10:00,0.438,140,603
1981-03-28T00:00:00.000+10:00,0.105,140,603
1981-03-29T00:00:00.000+10:00,0.181,140,603
1981-03-30T00:00:00.000+10:00,0.428,140,603
1981-03-31T00:00:00.000+10:00,1.002,140,603
1981-04-01T00:00:00.000+10:00,2.901,140,603
1981-04-02T00:00:00.000+10:00,78.416,140,603
1981-04-03T00:00:00.000+10:00,88.502,140,603
1981-04-04T00:00:00.000+10:00,45.650,140,603
1981-04-05T00:00:00.000+10:00,22.286,140,603
1981-04-06T00:00:00.000+10:00,59.779,140,603
1981-04-07T00:00:00.000+10:00,51.040,140,603
1981-04-08T00:00:00.000+10:00,23.940,140,603
1981-04-09T00:00:00.000+10:00,14.878,140,603
1981-04-10T00:00:00.000+10:00,10.316,140,603
1981-04-11T00:00:00.000+10:00,7.575,140,603
1981-04-12T00:00:00.000+10:00,5.954,140,603
1981-04-13T00:00:00.000+10:00,4.728,140,603
1981-04-14T00:00:00.000+10:00,3.956,140,603
1981-04-15T00:00:00.000+10:00,3.502,140,603
1981-04-16T00:00:00.000+10:00,3.112,140,603
1981-04-17T00:00:00.000+10:00,2.723,140,603
1981-04-18T00:00:00.000+10:00,2.403,140,603
1981-04-19T00:00:00.000+10:00,2.209,140,603
1981-04-20T00:00:00.000+10:00,2.034,140,603
1981-04-21T00:00:00.000+10:00,1.866,140,603
1981-04-22T00:00:00.000+10:00,1.716,140,603
1981-04-23T00:00:00.000+10:00,1.570,140,603
1981-04-24T00:00:00.000+10:00,1.449,140,603
1981-04-25T00:00:00.000+10:00,1.368,140,603
1981-04-26T00:00:00.000+10:00,1.344,140,603
1981-04-27T00:00:00.000+10:00,1.424,140,603
1981-04-28T00:00:00.000+10:00,1.249,140,603
1981-04-29T00:00:00.000+10:00,1.124,140,603
1981-04-30T00:00:00.000+10:00,1.216,140,603
1981-05-01T00:00:00.000+10:00,1.257,140,603
1981-05-02T00:00:00.000+10:00,1.407,140,603
1981-05-03T00:00:00.000+10:00,2.273,140,603
1981-05-04T00:00:00.000+10:00,1.684,140,603
1981-05-05T00:00:00.000+10:00,1.514,140,603
1981-05-06T00:00:00.000+10:00,1.412,140,603
1981-05-07T00:00:00.000+10:00,1.318,140,603
1981-05-08T00:00:00.000+10:00,1.279,140,603
1981-05-09T00:00:00.000+10:00,1.203,140,603
1981-05-10T00:00:00.000+10:00,1.161,140,603
1981-05-11T00:00:00.000+10:00,1.022,140,603
1981-05-12T00:00:00.000+10:00,0.918,140,603
1981-05-13T00:00:00.000+10:00,0.862,140,603
1981-05-14T00:00:00.000+10:00,1.053,140,603
1981-05-15T00:00:00.000+10:00,0.979,140,603
1981-05-16T00:00:00.000+10:00,0.941,140,603
1981-05-17T00:00:00.000+10:00,0.901,140,603
1981-05-18T00:00:00.000+10:00,0.900,140,603
1981-05-19T00:00:00.000+10:00,0.847,140,603
1981-05-20T00:00:00.000+10:00,0.882,140,603
1981-05-21T00:00:00.000+10:00,1.071,140,603
1981-05-22T00:00:00.000+10:00,15.507,140,603
1981-05-23T00:00:00.000+10:00,56.576,140,603
1981-05-24T00:00:00.000+10:00,11.223,140,603
1981-05-25T00:00:00.000+10:00,6.867,140,603
1981-05-26T00:00:00.000+10:00,4.991,140,603
1981-05-27T00:00:00.000+10:00,4.012,140,603
1981-05-28T00:00:00.000+10:00,3.331,140,603
1981-05-29T00:00:00.000+10:00,2.818,140,603
1981-05-30T00:00:00.000+10:00,2.612,140,603
1981-05-31T00:00:00.000+10:00,2.485,140,603
1981-06-01T00:00:00.000+10:00,2.317,140,603
1981-06-02T00:00:00.000+10:00,2.222,140,603
1981-06-03T00:00:00.000+10:00,2.136,140,603
1981-06-04T00:00:00.000+10:00,1.797,140,603
1981-06-05T00:00:00.000+10:00,1.643,140,603
1981-06-06T00:00:00.000+10:00,1.729,140,603
1981-06-07T00:00:00.000+10:00,1.677,140,603
1981-06-08T00:00:00.000+10:00,1.577,140,603
1981-06-09T00:00:00.000+10:00,1.534,140,603
1981-06-10T00:00:00.000+10:00,1.486,140,603
1981-06-11T00:00:00.000+10:00,1.267,140,603
1981-06-12T00:00:00.000+10:00,1.088,140,603
1981-06-13T00:00:00.000+10:00,1.162,140,603
1981-06-14T00:00:00.000+10:00,1.123,140,603
1981-06-15T00:00:00.000+10:00,1.047,140,603
1981-06-16T00:00:00.000+10:00,1.062,140,603
1981-06-17T00:00:00.000+10:00,1.025,140,603
1981-06-18T00:00:00.000+10:00,1.018,140,603
1981-06-19T00:00:00.000+10:00,0.997,140,603
1981-06-20T00:00:00.000+10:00,0.994,140,603
1981-06-21T00:00:00.000+10:00,1.030,140,603
1981-06-22T00:00:00.000+10:00,1.568,140,603
1981-06-23T00:00:00.000+10:00,2.154,140,603
1981-06-24T00:00:00.000+10:00,2.186,140,603
1981-06-25T00:00:00.000+10:00,2.180,140,603
1981-06-26T00:00:00.000+10:00,2.218,140,603
1981-06-27T00:00:00.000+10:00,2.224,140,603
1981-06-28T00:00:00.000+10:00,2.183,140,603
1981-06-29T00:00:00.000+10:00,1.642,140,603
1981-06-30T00:00:00.000+10:00,0.827,140,603
1981-07-01T00:00:00.000+10:00,0.806,140,603
1981-07-02T00:00:00.000+10:00,0.836,140,603
1981-07-03T00:00:00.000+10:00,1.019,140,603
1981-07-04T00:00:00.000+10:00,1.728,140,603
1981-07-05T00:00:00.000+10:00,1.843,140,603
1981-07-06T00:00:00.000+10:00,1.819,140,603
1981-07-07T00:00:00.000+10:00,1.718,140,603
1981-07-08T00:00:00.000+10:00,2.005,140,603
1981-07-09T00:00:00.000+10:00,2.219,140,603
1981-07-10T00:00:00.000+10:00,1.707,140,603
1981-07-11T00:00:00.000+10:00,1.115,140,603
1981-07-12T00:00:00.000+10:00,1.656,140,603
1981-07-13T00:00:00.000+10:00,0.638,140,603
1981-07-14T00:00:00.000+10:00,0.254,140,603
1981-07-15T00:00:00.000+10:00,1.044,140,603
1981-07-16T00:00:00.000+10:00,1.331,140,603
1981-07-17T00:00:00.000+10:00,0.943,140,603
1981-07-18T00:00:00.000+10:00,0.365,140,603
1981-07-19T00:00:00.000+10:00,1.154,140,603
1981-07-20T00:00:00.000+10:00,1.537,140,603
1981-07-21T00:00:00.000+10:00,1.166,140,603
1981-07-22T00:00:00.000+10:00,1.249,140,603
1981-07-23T00:00:00.000+10:00,2.120,140,603
1981-07-24T00:00:00.000+10:00,1.776,140,603
1981-07-25T00:00:00.000+10:00,1.624,140,603
1981-07-26T00:00:00.000+10:00,1.489,140,603
1981-07-27T00:00:00.000+10:00,1.352,140,603
1981-07-28T00:00:00.000+10:00,1.214,140,603
1981-07-29T00:00:00.000+10:00,1.211,140,603
1981-07-30T00:00:00.000+10:00,1.457,140,603
1981-07-31T00:00:00.000+10:00,1.005,140,603
1981-08-01T00:00:00.000+10:00,0.144,140,603
1981-08-02T00:00:00.000+10:00,0.159,140,603
1981-08-03T00:00:00.000+10:00,0.672,140,603
1981-08-04T00:00:00.000+10:00,0.821,140,603
1981-08-05T00:00:00.000+10:00,1.081,140,603
1981-08-06T00:00:00.000+10:00,1.390,140,603
1981-08-07T00:00:00.000+10:00,0.998,140,603
1981-08-08T00:00:00.000+10:00,0.112,140,603
1981-08-09T00:00:00.000+10:00,0.474,140,603
1981-08-10T00:00:00.000+10:00,0.618,140,603
1981-08-11T00:00:00.000+10:00,0.561,140,603
1981-08-12T00:00:00.000+10:00,0.762,140,603
1981-08-13T00:00:00.000+10:00,1.377,140,603
1981-08-14T00:00:00.000+10:00,1.373,140,603
1981-08-15T00:00:00.000+10:00,1.448,140,603
1981-08-16T00:00:00.000+10:00,1.072,140,603
1981-08-17T00:00:00.000+10:00,0.069,140,603
1981-08-18T00:00:00.000+10:00,0.006,140,603
1981-08-19T00:00:00.000+10:00,0.003,140,603
1981-08-20T00:00:00.000+10:00,0.437,140,603
1981-08-21T00:00:00.000+10:00,0.655,140,603
1981-08-22T00:00:00.000+10:00,0.395,140,603
1981-08-23T00:00:00.000+10:00,0.252,140,603
1981-08-24T00:00:00.000+10:00,0.252,140,603
1981-08-25T00:00:00.000+10:00,0.129,140,603
1981-08-26T00:00:00.000+10:00,0.059,140,603
1981-08-27T00:00:00.000+10:00,0.266,140,603
1981-08-28T00:00:00.000+10:00,1.176,140,603
1981-08-29T00:00:00.000+10:00,0.354,140,603
1981-08-30T00:00:00.000+10:00,0.786,140,603
1981-08-31T00:00:00.000+10:00,0.928,140,603
1981-09-01T00:00:00.000+10:00,1.640,140,603
1981-09-02T00:00:00.000+10:00,1.524,140,603
1981-09-03T00:00:00.000+10:00,1.376,140,603
1981-09-04T00:00:00.000+10:00,1.246,140,603
1981-09-05T00:00:00.000+10:00,1.352,140,603
1981-09-06T00:00:00.000+10:00,1.736,140,603
1981-09-07T00:00:00.000+10:00,1.319,140,603
1981-09-08T00:00:00.000+10:00,0.606,140,603
1981-09-09T00:00:00.000+10:00,0.234,140,603
1981-09-10T00:00:00.000+10:00,0.148,140,603
1981-09-11T00:00:00.000+10:00,0.156,140,603
1981-09-12T00:00:00.000+10:00,0.258,140,603
1981-09-13T00:00:00.000+10:00,0.419,140,603
1981-09-14T00:00:00.000+10:00,0.382,140,603
1981-09-15T00:00:00.000+10:00,0.168,140,603
1981-09-16T00:00:00.000+10:00,0.060,140,603
1981-09-17T00:00:00.000+10:00,0.206,140,603
1981-09-18T00:00:00.000+10:00,0.169,140,603
1981-09-19T00:00:00.000+10:00,0.186,140,603
1981-09-20T00:00:00.000+10:00,0.180,140,603
1981-09-21T00:00:00.000+10:00,0.329,140,603
1981-09-22T00:00:00.000+10:00,0.061,140,603
1981-09-23T00:00:00.000+10:00,0.032,140,603
1981-09-24T00:00:00.000+10:00,0.024,140,603
1981-09-25T00:00:00.000+10:00,0.007,140,603
1981-09-26T00:00:00.000+10:00,0.002,140,603
1981-09-27T00:00:00.000+10:00,0.001,140,603
1981-09-28T00:00:00.000+10:00,0.000,140,603
1981-09-29T00:00:00.000+10:00,0.000,140,603
1981-09-30T00:00:00.000+10:00,0.000,140,603
1981-10-01T00:00:00.000+10:00,0.000,140,603
1981-10-02T00:00:00.000+10:00,0.000,140,603
1981-10-03T00:00:00.000+10:00,0.000,140,603
1981-10-04T00:00:00.000+10:00,0.000,140,603
1981-10-05T00:00:00.000+10:00,0.000,140,603
1981-10-06T00:00:00.000+10:00,0.000,140,603
1981-10-07T00:00:00.000+10:00,0.000,140,603
1981-10-08T00:00:00.000+10:00,0.000,140,603
1981-10-09T00:00:00.000+10:00,0.000,140,603
1981-10-10T00:00:00.000+10:00,0.000,140,603
1981-10-11T00:00:00.000+10:00,0.000,140,603
1981-10-12T00:00:00.000+10:00,0.000,140,603
1981-10-13T00:00:00.000+10:00,0.000,140,603
1981-10-14T00:00:00.000+10:00,0.000,140,603
1981-10-15T00:00:00.000+10:00,0.000,140,603
1981-10-16T00:00:00.000+10:00,0.000,140,603
1981-10-17T00:00:00.000+10:00,0.000,140,603
1981-10-18T00:00:00.000+10:00,0.000,140,603
1981-10-19T00:00:00.000+10:00,0.000,140,603
1981-10-20T00:00:00.000+10:00,0.000,140,603
1981-10-21T00:00:00.000+10:00,0.000,140,603
1981-10-22T00:00:00.000+10:00,0.000,140,603
1981-10-23T00:00:00.000+10:00,0.000,140,603
1981-10-24T00:00:00.000+10:00,0.000,140,603
1981-10-25T00:00:00.000+10:00,0.000,140,603
1981-10-26T00:00:00.000+10:00,0.000,140,603
1981-10-27T00:00:00.000+10:00,0.000,140,603
1981-10-28T00:00:00.000+10:00,0.000,140,603
1981-10-29T00:00:00.000+10:00,0.000,140,603
1981-10-30T00:00:00.000+10:00,0.000,140,603
1981-10-31T00:00:00.000+10:00,0.000,140,603
1981-11-01T00:00:00.000+10:00,0.000,140,603
1981-11-02T00:00:00.000+10:00,0.465,140,603
1981-11-03T00:00:00.000+10:00,4.864,140,603
1981-11-04T00:00:00.000+10:00,2.924,140,603
1981-11-05T00:00:00.000+10:00,2.010,140,603
1981-11-06T00:00:00.000+10:00,1.736,140,603
1981-11-07T00:00:00.000+10:00,1.169,140,603
1981-11-08T00:00:00.000+10:00,0.651,140,603
1981-11-09T00:00:00.000+10:00,0.377,140,603
1981-11-10T00:00:00.000+10:00,0.298,140,603
1981-11-11T00:00:00.000+10:00,0.282,140,603
1981-11-12T00:00:00.000+10:00,0.281,140,603
1981-11-13T00:00:00.000+10:00,0.371,140,603
1981-11-14T00:00:00.000+10:00,0.497,140,603
1981-11-15T00:00:00.000+10:00,0.432,140,603
1981-11-16T00:00:00.000+10:00,0.333,140,603
1981-11-17T00:00:00.000+10:00,0.264,140,603
1981-11-18T00:00:00.000+10:00,0.192,140,603
1981-11-19T00:00:00.000+10:00,0.130,140,603
1981-11-20T00:00:00.000+10:00,0.148,140,603
1981-11-21T00:00:00.000+10:00,0.173,140,603
1981-11-22T00:00:00.000+10:00,0.237,140,603
1981-11-23T00:00:00.000+10:00,0.301,140,603
1981-11-24T00:00:00.000+10:00,0.244,140,603
1981-11-25T00:00:00.000+10:00,0.187,140,603
1981-11-26T00:00:00.000+10:00,0.323,140,603
1981-11-27T00:00:00.000+10:00,0.334,140,603
1981-11-28T00:00:00.000+10:00,0.091,140,603
1981-11-29T00:00:00.000+10:00,0.064,140,603
1981-11-30T00:00:00.000+10:00,0.084,140,603
1981-12-01T00:00:00.000+10:00,0.108,140,603
1981-12-02T00:00:00.000+10:00,2.910,140,603
1981-12-03T00:00:00.000+10:00,1.835,140,603
1981-12-04T00:00:00.000+10:00,2.492,140,603
1981-12-05T00:00:00.000+10:00,1.332,140,603
1981-12-06T00:00:00.000+10:00,0.580,140,603
1981-12-07T00:00:00.000+10:00,0.362,140,603
1981-12-08T00:00:00.000+10:00,0.360,140,603
1981-12-09T00:00:00.000+10:00,0.103,140,603
1981-12-10T00:00:00.000+10:00,0.179,140,603
1981-12-11T00:00:00.000+10:00,0.153,140,603
1981-12-12T00:00:00.000+10:00,0.118,140,603
1981-12-13T00:00:00.000+10:00,0.093,140,603
1981-12-14T00:00:00.000+10:00,0.111,140,603
1981-12-15T00:00:00.000+10:00,0.227,140,603
1981-12-16T00:00:00.000+10:00,0.660,140,603
1981-12-17T00:00:00.000+10:00,0.461,140,603
1981-12-18T00:00:00.000+10:00,0.117,140,603
1981-12-19T00:00:00.000+10:00,0.169,140,603
1981-12-20T00:00:00.000+10:00,0.187,140,603
1981-12-21T00:00:00.000+10:00,0.230,140,603
1981-12-22T00:00:00.000+10:00,0.334,140,603
1981-12-23T00:00:00.000+10:00,0.307,140,603
1981-12-24T00:00:00.000+10:00,0.272,140,603
1981-12-25T00:00:00.000+10:00,0.615,140,603
1981-12-26T00:00:00.000+10:00,1.129,140,603
1981-12-27T00:00:00.000+10:00,1.358,140,603
1981-12-28T00:00:00.000+10:00,2.418,140,603
1981-12-29T00:00:00.000+10:00,1.921,140,603
1981-12-30T00:00:00.000+10:00,2.281,140,603
1981-12-31T00:00:00.000+10:00,1.493,140,603
1982-01-01T00:00:00.000+10:00,0.829,140,603
1982-01-02T00:00:00.000+10:00,0.933,140,603
1982-01-03T00:00:00.000+10:00,1.061,140,603
1982-01-04T00:00:00.000+10:00,0.868,140,603
1982-01-05T00:00:00.000+10:00,0.511,140,603
1982-01-06T00:00:00.000+10:00,2.434,140,603
1982-01-07T00:00:00.000+10:00,1.689,140,603
1982-01-08T00:00:00.000+10:00,0.995,140,603
1982-01-09T00:00:00.000+10:00,0.503,140,603
1982-01-10T00:00:00.000+10:00,0.450,140,603
1982-01-11T00:00:00.000+10:00,0.581,140,603
1982-01-12T00:00:00.000+10:00,0.716,140,603
1982-01-13T00:00:00.000+10:00,0.632,140,603
1982-01-14T00:00:00.000+10:00,0.166,140,603
1982-01-15T00:00:00.000+10:00,0.239,140,603
1982-01-16T00:00:00.000+10:00,0.909,140,603
1982-01-17T00:00:00.000+10:00,1.526,140,603
1982-01-18T00:00:00.000+10:00,1.441,140,603
1982-01-19T00:00:00.000+10:00,54.282,140,603
1982-01-20T00:00:00.000+10:00,60.061,140,603
1982-01-21T00:00:00.000+10:00,19.417,140,603
1982-01-22T00:00:00.000+10:00,10.107,140,603
1982-01-23T00:00:00.000+10:00,6.933,140,603
1982-01-24T00:00:00.000+10:00,5.429,140,603
1982-01-25T00:00:00.000+10:00,4.281,140,603
1982-01-26T00:00:00.000+10:00,3.687,140,603
1982-01-27T00:00:00.000+10:00,3.915,140,603
1982-01-28T00:00:00.000+10:00,3.607,140,603
1982-01-29T00:00:00.000+10:00,3.062,140,603
1982-01-30T00:00:00.000+10:00,2.802,140,603
1982-01-31T00:00:00.000+10:00,2.762,140,603
1982-02-01T00:00:00.000+10:00,2.615,140,603
1982-02-02T00:00:00.000+10:00,5.229,140,603
1982-02-03T00:00:00.000+10:00,4.133,140,603
1982-02-04T00:00:00.000+10:00,3.629,140,603
1982-02-05T00:00:00.000+10:00,3.831,140,603
1982-02-06T00:00:00.000+10:00,3.840,140,603
1982-02-07T00:00:00.000+10:00,3.452,140,603
1982-02-08T00:00:00.000+10:00,3.081,140,603
1982-02-09T00:00:00.000+10:00,2.731,140,603
1982-02-10T00:00:00.000+10:00,2.572,140,603
1982-02-11T00:00:00.000+10:00,2.384,140,603
1982-02-12T00:00:00.000+10:00,2.219,140,603
1982-02-13T00:00:00.000+10:00,2.101,140,603
1982-02-14T00:00:00.000+10:00,2.064,140,603
1982-02-15T00:00:00.000+10:00,2.171,140,603
1982-02-16T00:00:00.000+10:00,2.117,140,603
1982-02-17T00:00:00.000+10:00,1.695,140,603
1982-02-18T00:00:00.000+10:00,1.337,140,603
1982-02-19T00:00:00.000+10:00,1.314,140,603
1982-02-20T00:00:00.000+10:00,1.181,140,603
1982-02-21T00:00:00.000+10:00,1.375,140,603
1982-02-22T00:00:00.000+10:00,1.860,140,603
1982-02-23T00:00:00.000+10:00,1.765,140,603
1982-02-24T00:00:00.000+10:00,2.766,140,603
1982-02-25T00:00:00.000+10:00,4.392,140,603
1982-02-26T00:00:00.000+10:00,3.645,140,603
1982-02-27T00:00:00.000+10:00,2.966,140,603
1982-02-28T00:00:00.000+10:00,2.515,140,603
1982-03-01T00:00:00.000+10:00,2.417,140,603
1982-03-02T00:00:00.000+10:00,2.761,140,603
1982-03-03T00:00:00.000+10:00,83.576,140,603
1982-03-04T00:00:00.000+10:00,78.435,140,603
1982-03-05T00:00:00.000+10:00,34.674,140,603
1982-03-06T00:00:00.000+10:00,15.007,140,603
1982-03-07T00:00:00.000+10:00,10.680,140,603
1982-03-08T00:00:00.000+10:00,8.620,140,603
1982-03-09T00:00:00.000+10:00,7.388,140,603
1982-03-10T00:00:00.000+10:00,8.649,140,603
1982-03-11T00:00:00.000+10:00,9.125,140,603
1982-03-12T00:00:00.000+10:00,10.164,140,603
1982-03-13T00:00:00.000+10:00,13.123,140,603
1982-03-14T00:00:00.000+10:00,36.498,140,603
1982-03-15T00:00:00.000+10:00,36.315,140,603
1982-03-16T00:00:00.000+10:00,23.190,140,603
1982-03-17T00:00:00.000+10:00,14.512,140,603
1982-03-18T00:00:00.000+10:00,11.130,140,603
1982-03-19T00:00:00.000+10:00,9.384,140,603
1982-03-20T00:00:00.000+10:00,9.164,140,603
1982-03-21T00:00:00.000+10:00,7.605,140,603
1982-03-22T00:00:00.000+10:00,6.863,140,603
1982-03-23T00:00:00.000+10:00,6.165,140,603
1982-03-24T00:00:00.000+10:00,5.443,140,603
1982-03-25T00:00:00.000+10:00,4.759,140,603
1982-03-26T00:00:00.000+10:00,4.514,140,603
1982-03-27T00:00:00.000+10:00,4.059,140,603
1982-03-28T00:00:00.000+10:00,3.665,140,603
1982-03-29T00:00:00.000+10:00,3.394,140,603
1982-03-30T00:00:00.000+10:00,3.247,140,603
1982-03-31T00:00:00.000+10:00,3.140,140,603
1982-04-01T00:00:00.000+10:00,3.402,140,603
1982-04-02T00:00:00.000+10:00,3.060,140,603
1982-04-03T00:00:00.000+10:00,2.760,140,603
1982-04-04T00:00:00.000+10:00,2.754,140,603
1982-04-05T00:00:00.000+10:00,2.667,140,603
1982-04-06T00:00:00.000+10:00,3.155,140,603
1982-04-07T00:00:00.000+10:00,2.742,140,603
1982-04-08T00:00:00.000+10:00,2.650,140,603
1982-04-09T00:00:00.000+10:00,2.293,140,603
1982-04-10T00:00:00.000+10:00,2.148,140,603
1982-04-11T00:00:00.000+10:00,2.191,140,603
1982-04-12T00:00:00.000+10:00,2.795,140,603
1982-04-13T00:00:00.000+10:00,2.951,140,603
1982-04-14T00:00:00.000+10:00,2.754,140,603
1982-04-15T00:00:00.000+10:00,2.365,140,603
1982-04-16T00:00:00.000+10:00,2.145,140,603
1982-04-17T00:00:00.000+10:00,2.114,140,603
1982-04-18T00:00:00.000+10:00,2.476,140,603
1982-04-19T00:00:00.000+10:00,2.606,140,603
1982-04-20T00:00:00.000+10:00,2.268,140,603
1982-04-21T00:00:00.000+10:00,2.230,140,603
1982-04-22T00:00:00.000+10:00,2.022,140,603
1982-04-23T00:00:00.000+10:00,1.900,140,603
1982-04-24T00:00:00.000+10:00,1.878,140,603
1982-04-25T00:00:00.000+10:00,1.818,140,603
1982-04-26T00:00:00.000+10:00,1.754,140,603
1982-04-27T00:00:00.000+10:00,1.794,140,603
1982-04-28T00:00:00.000+10:00,1.668,140,603
1982-04-29T00:00:00.000+10:00,1.564,140,603
1982-04-30T00:00:00.000+10:00,1.558,140,603
1982-05-01T00:00:00.000+10:00,1.589,140,603
1982-05-02T00:00:00.000+10:00,1.568,140,603
1982-05-03T00:00:00.000+10:00,1.337,140,603
1982-05-04T00:00:00.000+10:00,0.961,140,603
1982-05-05T00:00:00.000+10:00,0.937,140,603
1982-05-06T00:00:00.000+10:00,0.959,140,603
1982-05-07T00:00:00.000+10:00,1.168,140,603
1982-05-08T00:00:00.000+10:00,1.241,140,603
1982-05-09T00:00:00.000+10:00,1.241,140,603
1982-05-10T00:00:00.000+10:00,0.992,140,603
1982-05-11T00:00:00.000+10:00,0.687,140,603
1982-05-12T00:00:00.000+10:00,0.816,140,603
1982-05-13T00:00:00.000+10:00,0.821,140,603
1982-05-14T00:00:00.000+10:00,0.749,140,603
1982-05-15T00:00:00.000+10:00,0.800,140,603
1982-05-16T00:00:00.000+10:00,0.842,140,603
1982-05-17T00:00:00.000+10:00,0.737,140,603
1982-05-18T00:00:00.000+10:00,0.796,140,603
1982-05-19T00:00:00.000+10:00,0.897,140,603
1982-05-20T00:00:00.000+10:00,0.631,140,603
1982-05-21T00:00:00.000+10:00,0.416,140,603
1982-05-22T00:00:00.000+10:00,0.595,140,603
1982-05-23T00:00:00.000+10:00,0.491,140,603
1982-05-24T00:00:00.000+10:00,0.361,140,603
1982-05-25T00:00:00.000+10:00,0.505,140,603
1982-05-26T00:00:00.000+10:00,0.474,140,603
1982-05-27T00:00:00.000+10:00,0.470,140,603
1982-05-28T00:00:00.000+10:00,0.503,140,603
1982-05-29T00:00:00.000+10:00,0.593,140,603
1982-05-30T00:00:00.000+10:00,0.697,140,603
1982-05-31T00:00:00.000+10:00,0.738,140,603
1982-06-01T00:00:00.000+10:00,0.580,140,603
1982-06-02T00:00:00.000+10:00,0.433,140,603
1982-06-03T00:00:00.000+10:00,0.391,140,603
1982-06-04T00:00:00.000+10:00,0.431,140,603
1982-06-05T00:00:00.000+10:00,0.436,140,603
1982-06-06T00:00:00.000+10:00,0.366,140,603
1982-06-07T00:00:00.000+10:00,0.261,140,603
1982-06-08T00:00:00.000+10:00,0.569,140,603
1982-06-09T00:00:00.000+10:00,0.467,140,603
1982-06-10T00:00:00.000+10:00,0.333,140,603
1982-06-11T00:00:00.000+10:00,0.221,140,603
1982-06-12T00:00:00.000+10:00,0.251,140,603
1982-06-13T00:00:00.000+10:00,0.243,140,603
1982-06-14T00:00:00.000+10:00,0.278,140,603
1982-06-15T00:00:00.000+10:00,0.214,140,603
1982-06-16T00:00:00.000+10:00,0.205,140,603
1982-06-17T00:00:00.000+10:00,0.262,140,603
1982-06-18T00:00:00.000+10:00,0.343,140,603
1982-06-19T00:00:00.000+10:00,0.296,140,603
1982-06-20T00:00:00.000+10:00,0.292,140,603
1982-06-21T00:00:00.000+10:00,0.294,140,603
1982-06-22T00:00:00.000+10:00,0.282,140,603
1982-06-23T00:00:00.000+10:00,0.243,140,603
1982-06-24T00:00:00.000+10:00,0.233,140,603
1982-06-25T00:00:00.000+10:00,0.196,140,603
1982-06-26T00:00:00.000+10:00,0.183,140,603
1982-06-27T00:00:00.000+10:00,0.148,140,603
1982-06-28T00:00:00.000+10:00,0.091,140,603
1982-06-29T00:00:00.000+10:00,0.216,140,603
1982-06-30T00:00:00.000+10:00,0.236,140,603
1982-07-01T00:00:00.000+10:00,0.092,140,603
1982-07-02T00:00:00.000+10:00,0.225,140,603
1982-07-03T00:00:00.000+10:00,0.147,140,603
1982-07-04T00:00:00.000+10:00,0.138,140,603
1982-07-05T00:00:00.000+10:00,0.127,140,603
1982-07-06T00:00:00.000+10:00,0.059,140,603
1982-07-07T00:00:00.000+10:00,0.166,140,603
1982-07-08T00:00:00.000+10:00,0.133,140,603
1982-07-09T00:00:00.000+10:00,0.332,140,603
1982-07-10T00:00:00.000+10:00,0.119,140,603
1982-07-11T00:00:00.000+10:00,0.327,140,603
1982-07-12T00:00:00.000+10:00,0.099,140,603
1982-07-13T00:00:00.000+10:00,0.299,140,603
1982-07-14T00:00:00.000+10:00,0.257,140,603
1982-07-15T00:00:00.000+10:00,0.384,140,603
1982-07-16T00:00:00.000+10:00,0.709,140,603
1982-07-17T00:00:00.000+10:00,0.931,140,603
1982-07-18T00:00:00.000+10:00,0.695,140,603
1982-07-19T00:00:00.000+10:00,0.501,140,603
1982-07-20T00:00:00.000+10:00,0.408,140,603
1982-07-21T00:00:00.000+10:00,0.354,140,603
1982-07-22T00:00:00.000+10:00,0.350,140,603
1982-07-23T00:00:00.000+10:00,0.333,140,603
1982-07-24T00:00:00.000+10:00,0.340,140,603
1982-07-25T00:00:00.000+10:00,0.136,140,603
1982-07-26T00:00:00.000+10:00,0.382,140,603
1982-07-27T00:00:00.000+10:00,0.331,140,603
1982-07-28T00:00:00.000+10:00,0.382,140,603
1982-07-29T00:00:00.000+10:00,0.299,140,603
1982-07-30T00:00:00.000+10:00,0.265,140,603
1982-07-31T00:00:00.000+10:00,0.238,140,603
1982-08-01T00:00:00.000+10:00,0.213,140,603
1982-08-02T00:00:00.000+10:00,0.170,140,603
1982-08-03T00:00:00.000+10:00,0.136,140,603
1982-08-04T00:00:00.000+10:00,0.167,140,603
1982-08-05T00:00:00.000+10:00,0.142,140,603
1982-08-06T00:00:00.000+10:00,0.180,140,603
1982-08-07T00:00:00.000+10:00,0.139,140,603
1982-08-08T00:00:00.000+10:00,0.174,140,603
1982-08-09T00:00:00.000+10:00,0.198,140,603
1982-08-10T00:00:00.000+10:00,0.054,140,603
1982-08-11T00:00:00.000+10:00,0.030,140,603
1982-08-12T00:00:00.000+10:00,0.125,140,603
1982-08-13T00:00:00.000+10:00,0.134,140,603
1982-08-14T00:00:00.000+10:00,0.111,140,603
1982-08-15T00:00:00.000+10:00,0.136,140,603
1982-08-16T00:00:00.000+10:00,0.159,140,603
1982-08-17T00:00:00.000+10:00,0.309,140,603
1982-08-18T00:00:00.000+10:00,0.206,140,603
1982-08-19T00:00:00.000+10:00,0.117,140,603
1982-08-20T00:00:00.000+10:00,0.308,140,603
1982-08-21T00:00:00.000+10:00,0.319,140,603
1982-08-22T00:00:00.000+10:00,0.291,140,603
1982-08-23T00:00:00.000+10:00,0.247,140,603
1982-08-24T00:00:00.000+10:00,0.268,140,603
1982-08-25T00:00:00.000+10:00,0.213,140,603
1982-08-26T00:00:00.000+10:00,0.194,140,603
1982-08-27T00:00:00.000+10:00,0.179,140,603
1982-08-28T00:00:00.000+10:00,0.172,140,603
1982-08-29T00:00:00.000+10:00,0.182,140,603
1982-08-30T00:00:00.000+10:00,0.276,140,603
1982-08-31T00:00:00.000+10:00,0.220,140,603
1982-09-01T00:00:00.000+10:00,0.046,140,603
1982-09-02T00:00:00.000+10:00,0.096,140,603
1982-09-03T00:00:00.000+10:00,0.122,140,603
1982-09-04T00:00:00.000+10:00,0.204,140,603
1982-09-05T00:00:00.000+10:00,0.195,140,603
1982-09-06T00:00:00.000+10:00,0.167,140,603
1982-09-07T00:00:00.000+10:00,0.157,140,603
1982-09-08T00:00:00.000+10:00,0.126,140,603
1982-09-09T00:00:00.000+10:00,0.099,140,603
1982-09-10T00:00:00.000+10:00,0.078,140,603
1982-09-11T00:00:00.000+10:00,0.061,140,603
1982-09-12T00:00:00.000+10:00,0.068,140,603
1982-09-13T00:00:00.000+10:00,0.082,140,603
1982-09-14T00:00:00.000+10:00,0.069,140,603
1982-09-15T00:00:00.000+10:00,0.065,140,603
1982-09-16T00:00:00.000+10:00,0.076,140,603
1982-09-17T00:00:00.000+10:00,0.077,140,603
1982-09-18T00:00:00.000+10:00,0.068,140,603
1982-09-19T00:00:00.000+10:00,0.113,140,603
1982-09-20T00:00:00.000+10:00,0.224,140,603
1982-09-21T00:00:00.000+10:00,1.824,140,603
1982-09-22T00:00:00.000+10:00,14.826,140,603
1982-09-23T00:00:00.000+10:00,5.142,140,603
1982-09-24T00:00:00.000+10:00,2.736,140,603
1982-09-25T00:00:00.000+10:00,2.011,140,603
1982-09-26T00:00:00.000+10:00,1.689,140,603
1982-09-27T00:00:00.000+10:00,1.520,140,603
1982-09-28T00:00:00.000+10:00,1.348,140,603
1982-09-29T00:00:00.000+10:00,1.221,140,603
1982-09-30T00:00:00.000+10:00,1.148,140,603
1982-10-01T00:00:00.000+10:00,1.055,140,603
1982-10-02T00:00:00.000+10:00,0.891,140,603
1982-10-03T00:00:00.000+10:00,0.752,140,603
1982-10-04T00:00:00.000+10:00,0.671,140,603
1982-10-05T00:00:00.000+10:00,0.622,140,603
1982-10-06T00:00:00.000+10:00,0.595,140,603
1982-10-07T00:00:00.000+10:00,0.525,140,603
1982-10-08T00:00:00.000+10:00,0.499,140,603
1982-10-09T00:00:00.000+10:00,0.500,140,603
1982-10-10T00:00:00.000+10:00,14.365,140,603
1982-10-11T00:00:00.000+10:00,111.163,140,603
1982-10-12T00:00:00.000+10:00,87.262,140,603
1982-10-13T00:00:00.000+10:00,18.691,140,603
1982-10-14T00:00:00.000+10:00,10.120,140,603
1982-10-15T00:00:00.000+10:00,7.268,140,603
1982-10-16T00:00:00.000+10:00,6.403,140,603
1982-10-17T00:00:00.000+10:00,4.891,140,603
1982-10-18T00:00:00.000+10:00,3.859,140,603
1982-10-19T00:00:00.000+10:00,3.275,140,603
1982-10-20T00:00:00.000+10:00,2.964,140,603
1982-10-21T00:00:00.000+10:00,2.491,140,603
1982-10-22T00:00:00.000+10:00,2.152,140,603
1982-10-23T00:00:00.000+10:00,1.990,140,603
1982-10-24T00:00:00.000+10:00,1.863,140,603
1982-10-25T00:00:00.000+10:00,1.746,140,603
1982-10-26T00:00:00.000+10:00,1.558,140,603
1982-10-27T00:00:00.000+10:00,1.405,140,603
1982-10-28T00:00:00.000+10:00,1.338,140,603
1982-10-29T00:00:00.000+10:00,1.445,140,603
1982-10-30T00:00:00.000+10:00,1.350,140,603
1982-10-31T00:00:00.000+10:00,1.305,140,603
1982-11-01T00:00:00.000+10:00,2.081,140,603
1982-11-02T00:00:00.000+10:00,2.122,140,603
1982-11-03T00:00:00.000+10:00,1.552,140,603
1982-11-04T00:00:00.000+10:00,1.439,140,603
1982-11-05T00:00:00.000+10:00,1.437,140,603
1982-11-06T00:00:00.000+10:00,1.395,140,603
1982-11-07T00:00:00.000+10:00,1.294,140,603
1982-11-08T00:00:00.000+10:00,1.224,140,603
1982-11-09T00:00:00.000+10:00,1.136,140,603
1982-11-10T00:00:00.000+10:00,1.086,140,603
1982-11-11T00:00:00.000+10:00,1.141,140,603
1982-11-12T00:00:00.000+10:00,1.276,140,603
1982-11-13T00:00:00.000+10:00,1.098,140,603
1982-11-14T00:00:00.000+10:00,0.922,140,603
1982-11-15T00:00:00.000+10:00,0.830,140,603
1982-11-16T00:00:00.000+10:00,0.779,140,603
1982-11-17T00:00:00.000+10:00,0.784,140,603
1982-11-18T00:00:00.000+10:00,0.719,140,603
1982-11-19T00:00:00.000+10:00,0.708,140,603
1982-11-20T00:00:00.000+10:00,0.654,140,603
1982-11-21T00:00:00.000+10:00,0.577,140,603
1982-11-22T00:00:00.000+10:00,0.566,140,603
1982-11-23T00:00:00.000+10:00,0.503,140,603
1982-11-24T00:00:00.000+10:00,0.466,140,603
1982-11-25T00:00:00.000+10:00,0.482,140,603
1982-11-26T00:00:00.000+10:00,0.493,140,603
1982-11-27T00:00:00.000+10:00,0.404,140,603
1982-11-28T00:00:00.000+10:00,0.424,140,603
1982-11-29T00:00:00.000+10:00,0.463,140,603
1982-11-30T00:00:00.000+10:00,0.084,140,603
1982-12-01T00:00:00.000+10:00,0.063,140,603
1982-12-02T00:00:00.000+10:00,0.077,140,603
1982-12-03T00:00:00.000+10:00,0.200,140,603
1982-12-04T00:00:00.000+10:00,0.203,140,603
1982-12-05T00:00:00.000+10:00,0.203,140,603
1982-12-06T00:00:00.000+10:00,0.257,140,603
1982-12-07T00:00:00.000+10:00,0.193,140,603
1982-12-08T00:00:00.000+10:00,0.165,140,603
1982-12-09T00:00:00.000+10:00,0.260,140,603
1982-12-10T00:00:00.000+10:00,0.625,140,603
1982-12-11T00:00:00.000+10:00,0.425,140,603
1982-12-12T00:00:00.000+10:00,0.558,140,603
1982-12-13T00:00:00.000+10:00,0.939,140,603
1982-12-14T00:00:00.000+10:00,0.810,140,603
1982-12-15T00:00:00.000+10:00,0.506,140,603
1982-12-16T00:00:00.000+10:00,0.216,140,603
1982-12-17T00:00:00.000+10:00,0.603,140,603
1982-12-18T00:00:00.000+10:00,0.636,140,603
1982-12-19T00:00:00.000+10:00,0.743,140,603
1982-12-20T00:00:00.000+10:00,0.838,140,603
1982-12-21T00:00:00.000+10:00,1.305,140,603
1982-12-22T00:00:00.000+10:00,2.279,140,603
1982-12-23T00:00:00.000+10:00,1.956,140,603
1982-12-24T00:00:00.000+10:00,1.471,140,603
1982-12-25T00:00:00.000+10:00,1.128,140,603
1982-12-26T00:00:00.000+10:00,1.542,140,603
1982-12-27T00:00:00.000+10:00,2.029,140,603
1982-12-28T00:00:00.000+10:00,1.829,140,603
1982-12-29T00:00:00.000+10:00,2.327,140,603
1982-12-30T00:00:00.000+10:00,1.817,140,603
1982-12-31T00:00:00.000+10:00,1.823,140,603
1983-01-01T00:00:00.000+10:00,2.500,140,603
1983-01-02T00:00:00.000+10:00,5.181,140,603
1983-01-03T00:00:00.000+10:00,16.632,140,603
1983-01-04T00:00:00.000+10:00,7.745,140,603
1983-01-05T00:00:00.000+10:00,4.920,140,603
1983-01-06T00:00:00.000+10:00,3.335,140,603
1983-01-07T00:00:00.000+10:00,2.601,140,603
1983-01-08T00:00:00.000+10:00,2.123,140,603
1983-01-09T00:00:00.000+10:00,1.874,140,603
1983-01-10T00:00:00.000+10:00,1.827,140,603
1983-01-11T00:00:00.000+10:00,1.635,140,603
1983-01-12T00:00:00.000+10:00,1.561,140,603
1983-01-13T00:00:00.000+10:00,1.539,140,603
1983-01-14T00:00:00.000+10:00,1.240,140,603
1983-01-15T00:00:00.000+10:00,0.979,140,603
1983-01-16T00:00:00.000+10:00,1.016,140,603
1983-01-17T00:00:00.000+10:00,0.975,140,603
1983-01-18T00:00:00.000+10:00,0.894,140,603
1983-01-19T00:00:00.000+10:00,0.951,140,603
1983-01-20T00:00:00.000+10:00,1.029,140,603
1983-01-21T00:00:00.000+10:00,0.881,140,603
1983-01-22T00:00:00.000+10:00,0.760,140,603
1983-01-23T00:00:00.000+10:00,0.707,140,603
1983-01-24T00:00:00.000+10:00,0.621,140,603
1983-01-25T00:00:00.000+10:00,0.625,140,603
1983-01-26T00:00:00.000+10:00,0.544,140,603
1983-01-27T00:00:00.000+10:00,0.508,140,603
1983-01-28T00:00:00.000+10:00,0.443,140,603
1983-01-29T00:00:00.000+10:00,0.399,140,603
1983-01-30T00:00:00.000+10:00,0.344,140,603
1983-01-31T00:00:00.000+10:00,0.316,140,603
1983-02-01T00:00:00.000+10:00,0.428,140,603
1983-02-02T00:00:00.000+10:00,0.381,140,603
1983-02-03T00:00:00.000+10:00,0.375,140,603
1983-02-04T00:00:00.000+10:00,0.502,140,603
1983-02-05T00:00:00.000+10:00,0.494,140,603
1983-02-06T00:00:00.000+10:00,0.384,140,603
1983-02-07T00:00:00.000+10:00,0.076,140,603
1983-02-08T00:00:00.000+10:00,0.051,140,603
1983-02-09T00:00:00.000+10:00,0.107,140,603
1983-02-10T00:00:00.000+10:00,0.047,140,603
1983-02-11T00:00:00.000+10:00,0.064,140,603
1983-02-12T00:00:00.000+10:00,0.125,140,603
1983-02-13T00:00:00.000+10:00,0.255,140,603
1983-02-14T00:00:00.000+10:00,0.243,140,603
1983-02-15T00:00:00.000+10:00,0.094,140,603
1983-02-16T00:00:00.000+10:00,0.149,140,603
1983-02-17T00:00:00.000+10:00,0.115,140,603
1983-02-18T00:00:00.000+10:00,0.154,140,603
1983-02-19T00:00:00.000+10:00,0.178,140,603
1983-02-20T00:00:00.000+10:00,0.051,140,603
1983-02-21T00:00:00.000+10:00,1.322,140,603
1983-02-22T00:00:00.000+10:00,1.300,140,603
1983-02-23T00:00:00.000+10:00,1.019,140,603
1983-02-24T00:00:00.000+10:00,0.807,140,603
1983-02-25T00:00:00.000+10:00,0.737,140,603
1983-02-26T00:00:00.000+10:00,1.456,140,603
1983-02-27T00:00:00.000+10:00,14.898,140,603
1983-02-28T00:00:00.000+10:00,5.914,140,603
1983-03-01T00:00:00.000+10:00,3.648,140,603
1983-03-02T00:00:00.000+10:00,2.682,140,603
1983-03-03T00:00:00.000+10:00,2.206,140,603
1983-03-04T00:00:00.000+10:00,1.945,140,603
1983-03-05T00:00:00.000+10:00,1.736,140,603
1983-03-06T00:00:00.000+10:00,1.588,140,603
1983-03-07T00:00:00.000+10:00,1.343,140,603
1983-03-08T00:00:00.000+10:00,1.157,140,603
1983-03-09T00:00:00.000+10:00,1.128,140,603
1983-03-10T00:00:00.000+10:00,1.062,140,603
1983-03-11T00:00:00.000+10:00,0.991,140,603
1983-03-12T00:00:00.000+10:00,0.901,140,603
1983-03-13T00:00:00.000+10:00,0.834,140,603
1983-03-14T00:00:00.000+10:00,0.763,140,603
1983-03-15T00:00:00.000+10:00,0.690,140,603
1983-03-16T00:00:00.000+10:00,0.812,140,603
1983-03-17T00:00:00.000+10:00,17.848,140,603
1983-03-18T00:00:00.000+10:00,35.641,140,603
1983-03-19T00:00:00.000+10:00,12.505,140,603
1983-03-20T00:00:00.000+10:00,35.607,140,603
1983-03-21T00:00:00.000+10:00,91.136,140,603
1983-03-22T00:00:00.000+10:00,26.329,140,603
1983-03-23T00:00:00.000+10:00,12.122,140,603
1983-03-24T00:00:00.000+10:00,7.911,140,603
1983-03-25T00:00:00.000+10:00,6.111,140,603
1983-03-26T00:00:00.000+10:00,4.889,140,603
1983-03-27T00:00:00.000+10:00,4.169,140,603
1983-03-28T00:00:00.000+10:00,3.688,140,603
1983-03-29T00:00:00.000+10:00,3.183,140,603
1983-03-30T00:00:00.000+10:00,2.762,140,603
1983-03-31T00:00:00.000+10:00,2.476,140,603
1983-04-01T00:00:00.000+10:00,2.252,140,603
1983-04-02T00:00:00.000+10:00,2.110,140,603
1983-04-03T00:00:00.000+10:00,1.983,140,603
1983-04-04T00:00:00.000+10:00,1.937,140,603
1983-04-05T00:00:00.000+10:00,1.880,140,603
1983-04-06T00:00:00.000+10:00,1.718,140,603
1983-04-07T00:00:00.000+10:00,1.653,140,603
1983-04-08T00:00:00.000+10:00,1.580,140,603
1983-04-09T00:00:00.000+10:00,1.636,140,603
1983-04-10T00:00:00.000+10:00,1.754,140,603
1983-04-11T00:00:00.000+10:00,1.555,140,603
1983-04-12T00:00:00.000+10:00,1.536,140,603
1983-04-13T00:00:00.000+10:00,2.030,140,603
1983-04-14T00:00:00.000+10:00,3.052,140,603
1983-04-15T00:00:00.000+10:00,2.058,140,603
1983-04-16T00:00:00.000+10:00,1.746,140,603
1983-04-17T00:00:00.000+10:00,1.641,140,603
1983-04-18T00:00:00.000+10:00,1.509,140,603
1983-04-19T00:00:00.000+10:00,1.376,140,603
1983-04-20T00:00:00.000+10:00,1.314,140,603
1983-04-21T00:00:00.000+10:00,1.277,140,603
1983-04-22T00:00:00.000+10:00,1.330,140,603
1983-04-23T00:00:00.000+10:00,1.355,140,603
1983-04-24T00:00:00.000+10:00,1.321,140,603
1983-04-25T00:00:00.000+10:00,1.310,140,603
1983-04-26T00:00:00.000+10:00,1.298,140,603
1983-04-27T00:00:00.000+10:00,1.162,140,603
1983-04-28T00:00:00.000+10:00,4.032,140,603
1983-04-29T00:00:00.000+10:00,11.078,140,603
1983-04-30T00:00:00.000+10:00,9.715,140,603
1983-05-01T00:00:00.000+10:00,7.691,140,603
1983-05-02T00:00:00.000+10:00,8.845,140,603
1983-05-03T00:00:00.000+10:00,13.033,140,603
1983-05-04T00:00:00.000+10:00,9.535,140,603
1983-05-05T00:00:00.000+10:00,7.135,140,603
1983-05-06T00:00:00.000+10:00,5.714,140,603
1983-05-07T00:00:00.000+10:00,4.566,140,603
1983-05-08T00:00:00.000+10:00,3.914,140,603
1983-05-09T00:00:00.000+10:00,3.238,140,603
1983-05-10T00:00:00.000+10:00,2.780,140,603
1983-05-11T00:00:00.000+10:00,2.538,140,603
1983-05-12T00:00:00.000+10:00,2.347,140,603
1983-05-13T00:00:00.000+10:00,2.237,140,603
1983-05-14T00:00:00.000+10:00,2.065,140,603
1983-05-15T00:00:00.000+10:00,2.045,140,603
1983-05-16T00:00:00.000+10:00,2.228,140,603
1983-05-17T00:00:00.000+10:00,1.911,140,603
1983-05-18T00:00:00.000+10:00,1.977,140,603
1983-05-19T00:00:00.000+10:00,1.847,140,603
1983-05-20T00:00:00.000+10:00,1.763,140,603
1983-05-21T00:00:00.000+10:00,1.838,140,603
1983-05-22T00:00:00.000+10:00,2.481,140,603
1983-05-23T00:00:00.000+10:00,4.749,140,603
1983-05-24T00:00:00.000+10:00,6.478,140,603
1983-05-25T00:00:00.000+10:00,6.089,140,603
1983-05-26T00:00:00.000+10:00,4.709,140,603
1983-05-27T00:00:00.000+10:00,3.958,140,603
1983-05-28T00:00:00.000+10:00,3.779,140,603
1983-05-29T00:00:00.000+10:00,3.048,140,603
1983-05-30T00:00:00.000+10:00,2.613,140,603
1983-05-31T00:00:00.000+10:00,2.473,140,603
1983-06-01T00:00:00.000+10:00,2.246,140,603
1983-06-02T00:00:00.000+10:00,2.073,140,603
1983-06-03T00:00:00.000+10:00,2.191,140,603
1983-06-04T00:00:00.000+10:00,12.479,140,603
1983-06-05T00:00:00.000+10:00,15.875,140,603
1983-06-06T00:00:00.000+10:00,11.977,140,603
1983-06-07T00:00:00.000+10:00,9.181,140,603
1983-06-08T00:00:00.000+10:00,7.269,140,603
1983-06-09T00:00:00.000+10:00,6.169,140,603
1983-06-10T00:00:00.000+10:00,5.114,140,603
1983-06-11T00:00:00.000+10:00,4.190,140,603
1983-06-12T00:00:00.000+10:00,3.437,140,603
1983-06-13T00:00:00.000+10:00,3.160,140,603
1983-06-14T00:00:00.000+10:00,3.030,140,603
1983-06-15T00:00:00.000+10:00,2.816,140,603
1983-06-16T00:00:00.000+10:00,2.564,140,603
1983-06-17T00:00:00.000+10:00,2.411,140,603
1983-06-18T00:00:00.000+10:00,2.670,140,603
1983-06-19T00:00:00.000+10:00,2.725,140,603
1983-06-20T00:00:00.000+10:00,2.704,140,603
1983-06-21T00:00:00.000+10:00,2.674,140,603
1983-06-22T00:00:00.000+10:00,3.484,140,603
1983-06-23T00:00:00.000+10:00,5.468,140,603
1983-06-24T00:00:00.000+10:00,4.324,140,603
1983-06-25T00:00:00.000+10:00,3.506,140,603
1983-06-26T00:00:00.000+10:00,3.126,140,603
1983-06-27T00:00:00.000+10:00,2.878,140,603
1983-06-28T00:00:00.000+10:00,2.630,140,603
1983-06-29T00:00:00.000+10:00,2.425,140,603
1983-06-30T00:00:00.000+10:00,2.231,140,603
1983-07-01T00:00:00.000+10:00,2.103,140,603
1983-07-02T00:00:00.000+10:00,1.978,140,603
1983-07-03T00:00:00.000+10:00,1.858,140,603
1983-07-04T00:00:00.000+10:00,1.848,140,603
1983-07-05T00:00:00.000+10:00,1.817,140,603
1983-07-06T00:00:00.000+10:00,1.919,140,603
1983-07-07T00:00:00.000+10:00,1.919,140,603
1983-07-08T00:00:00.000+10:00,1.763,140,603
1983-07-09T00:00:00.000+10:00,1.625,140,603
1983-07-10T00:00:00.000+10:00,1.565,140,603
1983-07-11T00:00:00.000+10:00,1.508,140,603
1983-07-12T00:00:00.000+10:00,1.497,140,603
1983-07-13T00:00:00.000+10:00,1.467,140,603
1983-07-14T00:00:00.000+10:00,1.408,140,603
1983-07-15T00:00:00.000+10:00,1.486,140,603
1983-07-16T00:00:00.000+10:00,1.499,140,603
1983-07-17T00:00:00.000+10:00,1.457,140,603
1983-07-18T00:00:00.000+10:00,1.437,140,603
1983-07-19T00:00:00.000+10:00,1.344,140,603
1983-07-20T00:00:00.000+10:00,1.310,140,603
1983-07-21T00:00:00.000+10:00,1.322,140,603
1983-07-22T00:00:00.000+10:00,1.227,140,603
1983-07-23T00:00:00.000+10:00,1.196,140,603
1983-07-24T00:00:00.000+10:00,1.160,140,603
1983-07-25T00:00:00.000+10:00,1.098,140,603
1983-07-26T00:00:00.000+10:00,0.990,140,603
1983-07-27T00:00:00.000+10:00,1.068,140,603
1983-07-28T00:00:00.000+10:00,1.055,140,603
1983-07-29T00:00:00.000+10:00,0.967,140,603
1983-07-30T00:00:00.000+10:00,0.957,140,603
1983-07-31T00:00:00.000+10:00,0.940,140,603
1983-08-01T00:00:00.000+10:00,0.901,140,603
1983-08-02T00:00:00.000+10:00,0.939,140,603
1983-08-03T00:00:00.000+10:00,0.879,140,603
1983-08-04T00:00:00.000+10:00,0.891,140,603
1983-08-05T00:00:00.000+10:00,0.840,140,603
1983-08-06T00:00:00.000+10:00,0.850,140,603
1983-08-07T00:00:00.000+10:00,0.830,140,603
1983-08-08T00:00:00.000+10:00,0.966,140,603
1983-08-09T00:00:00.000+10:00,0.977,140,603
1983-08-10T00:00:00.000+10:00,0.879,140,603
1983-08-11T00:00:00.000+10:00,1.049,140,603
1983-08-12T00:00:00.000+10:00,1.396,140,603
1983-08-13T00:00:00.000+10:00,1.457,140,603
1983-08-14T00:00:00.000+10:00,1.406,140,603
1983-08-15T00:00:00.000+10:00,1.360,140,603
1983-08-16T00:00:00.000+10:00,1.407,140,603
1983-08-17T00:00:00.000+10:00,1.479,140,603
1983-08-18T00:00:00.000+10:00,1.482,140,603
1983-08-19T00:00:00.000+10:00,1.415,140,603
1983-08-20T00:00:00.000+10:00,1.382,140,603
1983-08-21T00:00:00.000+10:00,1.341,140,603
1983-08-22T00:00:00.000+10:00,1.263,140,603
1983-08-23T00:00:00.000+10:00,1.062,140,603
1983-08-24T00:00:00.000+10:00,1.036,140,603
1983-08-25T00:00:00.000+10:00,1.133,140,603
1983-08-26T00:00:00.000+10:00,1.140,140,603
1983-08-27T00:00:00.000+10:00,1.254,140,603
1983-08-28T00:00:00.000+10:00,1.166,140,603
1983-08-29T00:00:00.000+10:00,1.066,140,603
1983-08-30T00:00:00.000+10:00,1.029,140,603
1983-08-31T00:00:00.000+10:00,1.003,140,603
1983-09-01T00:00:00.000+10:00,0.970,140,603
1983-09-02T00:00:00.000+10:00,0.795,140,603
1983-09-03T00:00:00.000+10:00,0.661,140,603
1983-09-04T00:00:00.000+10:00,0.676,140,603
1983-09-05T00:00:00.000+10:00,0.617,140,603
1983-09-06T00:00:00.000+10:00,0.558,140,603
1983-09-07T00:00:00.000+10:00,0.564,140,603
1983-09-08T00:00:00.000+10:00,0.516,140,603
1983-09-09T00:00:00.000+10:00,0.492,140,603
1983-09-10T00:00:00.000+10:00,0.400,140,603
1983-09-11T00:00:00.000+10:00,0.406,140,603
1983-09-12T00:00:00.000+10:00,0.396,140,603
1983-09-13T00:00:00.000+10:00,0.377,140,603
1983-09-14T00:00:00.000+10:00,0.364,140,603
1983-09-15T00:00:00.000+10:00,0.393,140,603
1983-09-16T00:00:00.000+10:00,0.553,140,603
1983-09-17T00:00:00.000+10:00,0.790,140,603
1983-09-18T00:00:00.000+10:00,1.025,140,603
1983-09-19T00:00:00.000+10:00,0.780,140,603
1983-09-20T00:00:00.000+10:00,0.568,140,603
1983-09-21T00:00:00.000+10:00,0.473,140,603
1983-09-22T00:00:00.000+10:00,0.444,140,603
1983-09-23T00:00:00.000+10:00,0.409,140,603
1983-09-24T00:00:00.000+10:00,0.372,140,603
1983-09-25T00:00:00.000+10:00,0.377,140,603
1983-09-26T00:00:00.000+10:00,0.356,140,603
1983-09-27T00:00:00.000+10:00,0.327,140,603
1983-09-28T00:00:00.000+10:00,0.328,140,603
1983-09-29T00:00:00.000+10:00,0.293,140,603
1983-09-30T00:00:00.000+10:00,0.287,140,603
1983-10-01T00:00:00.000+10:00,0.292,140,603
1983-10-02T00:00:00.000+10:00,0.258,140,603
1983-10-03T00:00:00.000+10:00,0.298,140,603
1983-10-04T00:00:00.000+10:00,0.295,140,603
1983-10-05T00:00:00.000+10:00,0.301,140,603
1983-10-06T00:00:00.000+10:00,0.383,140,603
1983-10-07T00:00:00.000+10:00,0.666,140,603
1983-10-08T00:00:00.000+10:00,0.588,140,603
1983-10-09T00:00:00.000+10:00,0.417,140,603
1983-10-10T00:00:00.000+10:00,0.386,140,603
1983-10-11T00:00:00.000+10:00,0.420,140,603
1983-10-12T00:00:00.000+10:00,0.428,140,603
1983-10-13T00:00:00.000+10:00,0.470,140,603
1983-10-14T00:00:00.000+10:00,0.557,140,603
1983-10-15T00:00:00.000+10:00,1.338,140,603
1983-10-16T00:00:00.000+10:00,1.366,140,603
1983-10-17T00:00:00.000+10:00,1.653,140,603
1983-10-18T00:00:00.000+10:00,1.366,140,603
1983-10-19T00:00:00.000+10:00,1.182,140,603
1983-10-20T00:00:00.000+10:00,1.198,140,603
1983-10-21T00:00:00.000+10:00,0.958,140,603
1983-10-22T00:00:00.000+10:00,0.779,140,603
1983-10-23T00:00:00.000+10:00,0.665,140,603
1983-10-24T00:00:00.000+10:00,0.709,140,603
1983-10-25T00:00:00.000+10:00,0.932,140,603
1983-10-26T00:00:00.000+10:00,0.665,140,603
1983-10-27T00:00:00.000+10:00,0.509,140,603
1983-10-28T00:00:00.000+10:00,0.365,140,603
1983-10-29T00:00:00.000+10:00,0.320,140,603
1983-10-30T00:00:00.000+10:00,0.294,140,603
1983-10-31T00:00:00.000+10:00,0.253,140,603
1983-11-01T00:00:00.000+10:00,0.261,140,603
1983-11-02T00:00:00.000+10:00,0.322,140,603
1983-11-03T00:00:00.000+10:00,0.313,140,603
1983-11-04T00:00:00.000+10:00,0.309,140,603
1983-11-05T00:00:00.000+10:00,0.276,140,603
1983-11-06T00:00:00.000+10:00,0.402,140,603
1983-11-07T00:00:00.000+10:00,0.352,140,603
1983-11-08T00:00:00.000+10:00,0.328,140,603
1983-11-09T00:00:00.000+10:00,0.280,140,603
1983-11-10T00:00:00.000+10:00,0.231,140,603
1983-11-11T00:00:00.000+10:00,0.207,140,603
1983-11-12T00:00:00.000+10:00,0.288,140,603
1983-11-13T00:00:00.000+10:00,0.264,140,603
1983-11-14T00:00:00.000+10:00,0.213,140,603
1983-11-15T00:00:00.000+10:00,0.178,140,603
1983-11-16T00:00:00.000+10:00,0.218,140,603
1983-11-17T00:00:00.000+10:00,0.210,140,603
1983-11-18T00:00:00.000+10:00,0.137,140,603
1983-11-19T00:00:00.000+10:00,0.127,140,603
1983-11-20T00:00:00.000+10:00,0.132,140,603
1983-11-21T00:00:00.000+10:00,0.429,140,603
1983-11-22T00:00:00.000+10:00,0.904,140,603
1983-11-23T00:00:00.000+10:00,1.256,140,603
1983-11-24T00:00:00.000+10:00,1.825,140,603
1983-11-25T00:00:00.000+10:00,1.544,140,603
1983-11-26T00:00:00.000+10:00,1.223,140,603
1983-11-27T00:00:00.000+10:00,1.278,140,603
1983-11-28T00:00:00.000+10:00,2.827,140,603
1983-11-29T00:00:00.000+10:00,5.059,140,603
1983-11-30T00:00:00.000+10:00,26.518,140,603
1983-12-01T00:00:00.000+10:00,19.057,140,603
1983-12-02T00:00:00.000+10:00,8.390,140,603
1983-12-03T00:00:00.000+10:00,7.437,140,603
1983-12-04T00:00:00.000+10:00,16.088,140,603
1983-12-05T00:00:00.000+10:00,20.507,140,603
1983-12-06T00:00:00.000+10:00,10.347,140,603
1983-12-07T00:00:00.000+10:00,7.182,140,603
1983-12-08T00:00:00.000+10:00,5.369,140,603
1983-12-09T00:00:00.000+10:00,4.242,140,603
1983-12-10T00:00:00.000+10:00,4.005,140,603
1983-12-11T00:00:00.000+10:00,4.710,140,603
1983-12-12T00:00:00.000+10:00,4.012,140,603
1983-12-13T00:00:00.000+10:00,3.389,140,603
1983-12-14T00:00:00.000+10:00,2.950,140,603
1983-12-15T00:00:00.000+10:00,2.798,140,603
1983-12-16T00:00:00.000+10:00,2.744,140,603
1983-12-17T00:00:00.000+10:00,3.478,140,603
1983-12-18T00:00:00.000+10:00,3.314,140,603
1983-12-19T00:00:00.000+10:00,3.100,140,603
1983-12-20T00:00:00.000+10:00,2.775,140,603
1983-12-21T00:00:00.000+10:00,2.387,140,603
1983-12-22T00:00:00.000+10:00,2.301,140,603
1983-12-23T00:00:00.000+10:00,2.275,140,603
1983-12-24T00:00:00.000+10:00,2.182,140,603
1983-12-25T00:00:00.000+10:00,2.133,140,603
1983-12-26T00:00:00.000+10:00,1.950,140,603
1983-12-27T00:00:00.000+10:00,2.863,140,603
1983-12-28T00:00:00.000+10:00,9.398,140,603
1983-12-29T00:00:00.000+10:00,5.896,140,603
1983-12-30T00:00:00.000+10:00,5.034,140,603
1983-12-31T00:00:00.000+10:00,4.596,140,603
1984-01-01T00:00:00.000+10:00,4.334,140,603
1984-01-02T00:00:00.000+10:00,4.086,140,603
1984-01-03T00:00:00.000+10:00,3.776,140,603
1984-01-04T00:00:00.000+10:00,4.720,140,603
1984-01-05T00:00:00.000+10:00,6.213,140,603
1984-01-06T00:00:00.000+10:00,5.060,140,603
1984-01-07T00:00:00.000+10:00,4.028,140,603
1984-01-08T00:00:00.000+10:00,3.381,140,603
1984-01-09T00:00:00.000+10:00,3.159,140,603
1984-01-10T00:00:00.000+10:00,3.105,140,603
1984-01-11T00:00:00.000+10:00,4.787,140,603
1984-01-12T00:00:00.000+10:00,3.249,140,603
1984-01-13T00:00:00.000+10:00,3.228,140,603
1984-01-14T00:00:00.000+10:00,5.204,140,603
1984-01-15T00:00:00.000+10:00,5.777,140,603
1984-01-16T00:00:00.000+10:00,7.080,140,603
1984-01-17T00:00:00.000+10:00,6.481,140,603
1984-01-18T00:00:00.000+10:00,5.567,140,603
1984-01-19T00:00:00.000+10:00,4.378,140,603
1984-01-20T00:00:00.000+10:00,3.825,140,603
1984-01-21T00:00:00.000+10:00,3.468,140,603
1984-01-22T00:00:00.000+10:00,3.299,140,603
1984-01-23T00:00:00.000+10:00,3.320,140,603
1984-01-24T00:00:00.000+10:00,5.578,140,603
1984-01-25T00:00:00.000+10:00,3.914,140,603
1984-01-26T00:00:00.000+10:00,3.215,140,603
1984-01-27T00:00:00.000+10:00,3.151,140,603
1984-01-28T00:00:00.000+10:00,12.860,140,603
1984-01-29T00:00:00.000+10:00,11.650,140,603
1984-01-30T00:00:00.000+10:00,24.803,140,603
1984-01-31T00:00:00.000+10:00,14.948,140,603
1984-02-01T00:00:00.000+10:00,10.472,140,603
1984-02-02T00:00:00.000+10:00,8.378,140,603
1984-02-03T00:00:00.000+10:00,6.904,140,603
1984-02-04T00:00:00.000+10:00,5.802,140,603
1984-02-05T00:00:00.000+10:00,5.013,140,603
1984-02-06T00:00:00.000+10:00,4.452,140,603
1984-02-07T00:00:00.000+10:00,3.962,140,603
1984-02-08T00:00:00.000+10:00,3.910,140,603
1984-02-09T00:00:00.000+10:00,3.610,140,603
1984-02-10T00:00:00.000+10:00,3.245,140,603
1984-02-11T00:00:00.000+10:00,3.007,140,603
1984-02-12T00:00:00.000+10:00,2.784,140,603
1984-02-13T00:00:00.000+10:00,3.114,140,603
1984-02-14T00:00:00.000+10:00,4.692,140,603
1984-02-15T00:00:00.000+10:00,3.169,140,603
1984-02-16T00:00:00.000+10:00,2.745,140,603
1984-02-17T00:00:00.000+10:00,2.462,140,603
1984-02-18T00:00:00.000+10:00,2.466,140,603
1984-02-19T00:00:00.000+10:00,2.958,140,603
1984-02-20T00:00:00.000+10:00,4.633,140,603
1984-02-21T00:00:00.000+10:00,25.033,140,603
1984-02-22T00:00:00.000+10:00,10.501,140,603
1984-02-23T00:00:00.000+10:00,11.356,140,603
1984-02-24T00:00:00.000+10:00,8.534,140,603
1984-02-25T00:00:00.000+10:00,8.798,140,603
1984-02-26T00:00:00.000+10:00,9.173,140,603
1984-02-27T00:00:00.000+10:00,10.325,140,603
1984-02-28T00:00:00.000+10:00,13.487,140,603
1984-02-29T00:00:00.000+10:00,11.136,140,603
1984-03-01T00:00:00.000+10:00,8.934,140,603
1984-03-02T00:00:00.000+10:00,7.507,140,603
1984-03-03T00:00:00.000+10:00,6.719,140,603
1984-03-04T00:00:00.000+10:00,6.035,140,603
1984-03-05T00:00:00.000+10:00,5.921,140,603
1984-03-06T00:00:00.000+10:00,5.097,140,603
1984-03-07T00:00:00.000+10:00,4.536,140,603
1984-03-08T00:00:00.000+10:00,4.106,140,603
1984-03-09T00:00:00.000+10:00,4.272,140,603
1984-03-10T00:00:00.000+10:00,4.110,140,603
1984-03-11T00:00:00.000+10:00,3.871,140,603
1984-03-12T00:00:00.000+10:00,3.594,140,603
1984-03-13T00:00:00.000+10:00,3.363,140,603
1984-03-14T00:00:00.000+10:00,3.190,140,603
1984-03-15T00:00:00.000+10:00,2.983,140,603
1984-03-16T00:00:00.000+10:00,2.760,140,603
1984-03-17T00:00:00.000+10:00,2.628,140,603
1984-03-18T00:00:00.000+10:00,2.534,140,603
1984-03-19T00:00:00.000+10:00,2.600,140,603
1984-03-20T00:00:00.000+10:00,2.591,140,603
1984-03-21T00:00:00.000+10:00,2.433,140,603
1984-03-22T00:00:00.000+10:00,3.343,140,603
1984-03-23T00:00:00.000+10:00,26.633,140,603
1984-03-24T00:00:00.000+10:00,29.018,140,603
1984-03-25T00:00:00.000+10:00,12.552,140,603
1984-03-26T00:00:00.000+10:00,8.769,140,603
1984-03-27T00:00:00.000+10:00,6.932,140,603
1984-03-28T00:00:00.000+10:00,5.564,140,603
1984-03-29T00:00:00.000+10:00,4.523,140,603
1984-03-30T00:00:00.000+10:00,3.891,140,603
1984-03-31T00:00:00.000+10:00,3.417,140,603
1984-04-01T00:00:00.000+10:00,3.131,140,603
1984-04-02T00:00:00.000+10:00,2.987,140,603
1984-04-03T00:00:00.000+10:00,2.962,140,603
1984-04-04T00:00:00.000+10:00,2.878,140,603
1984-04-05T00:00:00.000+10:00,3.075,140,603
1984-04-06T00:00:00.000+10:00,2.941,140,603
1984-04-07T00:00:00.000+10:00,2.921,140,603
1984-04-08T00:00:00.000+10:00,14.519,140,603
1984-04-09T00:00:00.000+10:00,108.969,140,603
1984-04-10T00:00:00.000+10:00,81.978,140,603
1984-04-11T00:00:00.000+10:00,25.556,140,603
1984-04-12T00:00:00.000+10:00,15.959,140,603
1984-04-13T00:00:00.000+10:00,12.257,140,603
1984-04-14T00:00:00.000+10:00,11.028,140,603
1984-04-15T00:00:00.000+10:00,8.909,140,603
1984-04-16T00:00:00.000+10:00,7.655,140,603
1984-04-17T00:00:00.000+10:00,6.799,140,603
1984-04-18T00:00:00.000+10:00,6.142,140,603
1984-04-19T00:00:00.000+10:00,5.269,140,603
1984-04-20T00:00:00.000+10:00,4.335,140,603
1984-04-21T00:00:00.000+10:00,5.660,140,603
1984-04-22T00:00:00.000+10:00,5.402,140,603
1984-04-23T00:00:00.000+10:00,4.316,140,603
1984-04-24T00:00:00.000+10:00,3.607,140,603
1984-04-25T00:00:00.000+10:00,3.261,140,603
1984-04-26T00:00:00.000+10:00,3.095,140,603
1984-04-27T00:00:00.000+10:00,2.844,140,603
1984-04-28T00:00:00.000+10:00,2.647,140,603
1984-04-29T00:00:00.000+10:00,2.469,140,603
1984-04-30T00:00:00.000+10:00,2.343,140,603
1984-05-01T00:00:00.000+10:00,2.243,140,603
1984-05-02T00:00:00.000+10:00,2.172,140,603
1984-05-03T00:00:00.000+10:00,2.079,140,603
1984-05-04T00:00:00.000+10:00,2.008,140,603
1984-05-05T00:00:00.000+10:00,1.947,140,603
1984-05-06T00:00:00.000+10:00,2.132,140,603
1984-05-07T00:00:00.000+10:00,2.108,140,603
1984-05-08T00:00:00.000+10:00,1.866,140,603
1984-05-09T00:00:00.000+10:00,1.748,140,603
1984-05-10T00:00:00.000+10:00,1.681,140,603
1984-05-11T00:00:00.000+10:00,1.595,140,603
1984-05-12T00:00:00.000+10:00,1.576,140,603
1984-05-13T00:00:00.000+10:00,1.527,140,603
1984-05-14T00:00:00.000+10:00,1.511,140,603
1984-05-15T00:00:00.000+10:00,1.517,140,603
1984-05-16T00:00:00.000+10:00,1.517,140,603
1984-05-17T00:00:00.000+10:00,1.644,140,603
1984-05-18T00:00:00.000+10:00,1.845,140,603
1984-05-19T00:00:00.000+10:00,2.459,140,603
1984-05-20T00:00:00.000+10:00,2.179,140,603
1984-05-21T00:00:00.000+10:00,2.282,140,603
1984-05-22T00:00:00.000+10:00,2.200,140,603
1984-05-23T00:00:00.000+10:00,1.972,140,603
1984-05-24T00:00:00.000+10:00,1.871,140,603
1984-05-25T00:00:00.000+10:00,1.741,140,603
1984-05-26T00:00:00.000+10:00,1.689,140,603
1984-05-27T00:00:00.000+10:00,1.624,140,603
1984-05-28T00:00:00.000+10:00,1.611,140,603
1984-05-29T00:00:00.000+10:00,1.567,140,603
1984-05-30T00:00:00.000+10:00,1.576,140,603
1984-05-31T00:00:00.000+10:00,2.152,140,603
1984-06-01T00:00:00.000+10:00,2.495,140,603
1984-06-02T00:00:00.000+10:00,2.011,140,603
1984-06-03T00:00:00.000+10:00,1.863,140,603
1984-06-04T00:00:00.000+10:00,1.757,140,603
1984-06-05T00:00:00.000+10:00,1.655,140,603
1984-06-06T00:00:00.000+10:00,1.604,140,603
1984-06-07T00:00:00.000+10:00,1.523,140,603
1984-06-08T00:00:00.000+10:00,1.369,140,603
1984-06-09T00:00:00.000+10:00,1.307,140,603
1984-06-10T00:00:00.000+10:00,1.405,140,603
1984-06-11T00:00:00.000+10:00,1.348,140,603
1984-06-12T00:00:00.000+10:00,1.354,140,603
1984-06-13T00:00:00.000+10:00,1.386,140,603
1984-06-14T00:00:00.000+10:00,1.408,140,603
1984-06-15T00:00:00.000+10:00,1.442,140,603
1984-06-16T00:00:00.000+10:00,1.490,140,603
1984-06-17T00:00:00.000+10:00,1.558,140,603
1984-06-18T00:00:00.000+10:00,10.827,140,603
1984-06-19T00:00:00.000+10:00,9.891,140,603
1984-06-20T00:00:00.000+10:00,5.182,140,603
1984-06-21T00:00:00.000+10:00,3.600,140,603
1984-06-22T00:00:00.000+10:00,2.835,140,603
1984-06-23T00:00:00.000+10:00,2.421,140,603
1984-06-24T00:00:00.000+10:00,2.155,140,603
1984-06-25T00:00:00.000+10:00,2.009,140,603
1984-06-26T00:00:00.000+10:00,1.943,140,603
1984-06-27T00:00:00.000+10:00,1.849,140,603
1984-06-28T00:00:00.000+10:00,1.740,140,603
1984-06-29T00:00:00.000+10:00,1.625,140,603
1984-06-30T00:00:00.000+10:00,1.537,140,603
1984-07-01T00:00:00.000+10:00,1.442,140,603
1984-07-02T00:00:00.000+10:00,1.390,140,603
1984-07-03T00:00:00.000+10:00,1.330,140,603
1984-07-04T00:00:00.000+10:00,1.288,140,603
1984-07-05T00:00:00.000+10:00,1.178,140,603
1984-07-06T00:00:00.000+10:00,1.156,140,603
1984-07-07T00:00:00.000+10:00,1.105,140,603
1984-07-08T00:00:00.000+10:00,1.103,140,603
1984-07-09T00:00:00.000+10:00,1.093,140,603
1984-07-10T00:00:00.000+10:00,1.075,140,603
1984-07-11T00:00:00.000+10:00,1.041,140,603
1984-07-12T00:00:00.000+10:00,1.004,140,603
1984-07-13T00:00:00.000+10:00,1.044,140,603
1984-07-14T00:00:00.000+10:00,1.181,140,603
1984-07-15T00:00:00.000+10:00,1.100,140,603
1984-07-16T00:00:00.000+10:00,1.108,140,603
1984-07-17T00:00:00.000+10:00,1.055,140,603
1984-07-18T00:00:00.000+10:00,1.038,140,603
1984-07-19T00:00:00.000+10:00,0.979,140,603
1984-07-20T00:00:00.000+10:00,0.985,140,603
1984-07-21T00:00:00.000+10:00,0.921,140,603
1984-07-22T00:00:00.000+10:00,0.932,140,603
1984-07-23T00:00:00.000+10:00,0.960,140,603
1984-07-24T00:00:00.000+10:00,0.956,140,603
1984-07-25T00:00:00.000+10:00,0.942,140,603
1984-07-26T00:00:00.000+10:00,1.024,140,603
1984-07-27T00:00:00.000+10:00,21.481,140,603
1984-07-28T00:00:00.000+10:00,9.779,140,603
1984-07-29T00:00:00.000+10:00,4.552,140,603
1984-07-30T00:00:00.000+10:00,3.170,140,603
1984-07-31T00:00:00.000+10:00,2.562,140,603
1984-08-01T00:00:00.000+10:00,2.368,140,603
1984-08-02T00:00:00.000+10:00,2.194,140,603
1984-08-03T00:00:00.000+10:00,2.077,140,603
1984-08-04T00:00:00.000+10:00,1.969,140,603
1984-08-05T00:00:00.000+10:00,1.949,140,603
1984-08-06T00:00:00.000+10:00,1.643,140,603
1984-08-07T00:00:00.000+10:00,1.460,140,603
1984-08-08T00:00:00.000+10:00,1.390,140,603
1984-08-09T00:00:00.000+10:00,1.375,140,603
1984-08-10T00:00:00.000+10:00,1.310,140,603
1984-08-11T00:00:00.000+10:00,1.265,140,603
1984-08-12T00:00:00.000+10:00,1.187,140,603
1984-08-13T00:00:00.000+10:00,1.131,140,603
1984-08-14T00:00:00.000+10:00,1.098,140,603
1984-08-15T00:00:00.000+10:00,1.059,140,603
1984-08-16T00:00:00.000+10:00,1.044,140,603
1984-08-17T00:00:00.000+10:00,1.026,140,603
1984-08-18T00:00:00.000+10:00,0.988,140,603
1984-08-19T00:00:00.000+10:00,0.954,140,603
1984-08-20T00:00:00.000+10:00,0.953,140,603
1984-08-21T00:00:00.000+10:00,0.954,140,603
1984-08-22T00:00:00.000+10:00,0.937,140,603
1984-08-23T00:00:00.000+10:00,0.940,140,603
1984-08-24T00:00:00.000+10:00,0.926,140,603
1984-08-25T00:00:00.000+10:00,0.877,140,603
1984-08-26T00:00:00.000+10:00,0.889,140,603
1984-08-27T00:00:00.000+10:00,0.773,140,603
1984-08-28T00:00:00.000+10:00,0.663,140,603
1984-08-29T00:00:00.000+10:00,0.618,140,603
1984-08-30T00:00:00.000+10:00,0.580,140,603
1984-08-31T00:00:00.000+10:00,0.570,140,603
1984-09-01T00:00:00.000+10:00,0.521,140,603
1984-09-02T00:00:00.000+10:00,0.521,140,603
1984-09-03T00:00:00.000+10:00,0.489,140,603
1984-09-04T00:00:00.000+10:00,0.494,140,603
1984-09-05T00:00:00.000+10:00,0.720,140,603
1984-09-06T00:00:00.000+10:00,0.838,140,603
1984-09-07T00:00:00.000+10:00,0.740,140,603
1984-09-08T00:00:00.000+10:00,0.550,140,603
1984-09-09T00:00:00.000+10:00,0.554,140,603
1984-09-10T00:00:00.000+10:00,0.497,140,603
1984-09-11T00:00:00.000+10:00,0.477,140,603
1984-09-12T00:00:00.000+10:00,0.464,140,603
1984-09-13T00:00:00.000+10:00,0.455,140,603
1984-09-14T00:00:00.000+10:00,0.534,140,603
1984-09-15T00:00:00.000+10:00,0.608,140,603
1984-09-16T00:00:00.000+10:00,0.690,140,603
1984-09-17T00:00:00.000+10:00,0.559,140,603
1984-09-18T00:00:00.000+10:00,0.508,140,603
1984-09-19T00:00:00.000+10:00,0.449,140,603
1984-09-20T00:00:00.000+10:00,0.435,140,603
1984-09-21T00:00:00.000+10:00,0.397,140,603
1984-09-22T00:00:00.000+10:00,0.418,140,603
1984-09-23T00:00:00.000+10:00,0.536,140,603
1984-09-24T00:00:00.000+10:00,0.330,140,603
1984-09-25T00:00:00.000+10:00,0.349,140,603
1984-09-26T00:00:00.000+10:00,0.158,140,603
1984-09-27T00:00:00.000+10:00,0.238,140,603
1984-09-28T00:00:00.000+10:00,0.213,140,603
1984-09-29T00:00:00.000+10:00,0.201,140,603
1984-09-30T00:00:00.000+10:00,0.219,140,603
1984-10-01T00:00:00.000+10:00,0.196,140,603
1984-10-02T00:00:00.000+10:00,0.178,140,603
1984-10-03T00:00:00.000+10:00,0.163,140,603
1984-10-04T00:00:00.000+10:00,0.179,140,603
1984-10-05T00:00:00.000+10:00,0.185,140,603
1984-10-06T00:00:00.000+10:00,0.283,140,603
1984-10-07T00:00:00.000+10:00,0.437,140,603
1984-10-08T00:00:00.000+10:00,0.369,140,603
1984-10-09T00:00:00.000+10:00,0.182,140,603
1984-10-10T00:00:00.000+10:00,0.252,140,603
1984-10-11T00:00:00.000+10:00,0.139,140,603
1984-10-12T00:00:00.000+10:00,0.246,140,603
1984-10-13T00:00:00.000+10:00,0.118,140,603
1984-10-14T00:00:00.000+10:00,0.207,140,603
1984-10-15T00:00:00.000+10:00,0.214,140,603
1984-10-16T00:00:00.000+10:00,0.158,140,603
1984-10-17T00:00:00.000+10:00,0.235,140,603
1984-10-18T00:00:00.000+10:00,0.269,140,603
1984-10-19T00:00:00.000+10:00,0.185,140,603
1984-10-20T00:00:00.000+10:00,0.243,140,603
1984-10-21T00:00:00.000+10:00,0.298,140,603
1984-10-22T00:00:00.000+10:00,0.267,140,603
1984-10-23T00:00:00.000+10:00,0.337,140,603
1984-10-24T00:00:00.000+10:00,0.273,140,603
1984-10-25T00:00:00.000+10:00,0.118,140,603
1984-10-26T00:00:00.000+10:00,0.167,140,603
1984-10-27T00:00:00.000+10:00,0.167,140,603
1984-10-28T00:00:00.000+10:00,0.159,140,603
1984-10-29T00:00:00.000+10:00,0.142,140,603
1984-10-30T00:00:00.000+10:00,0.190,140,603
1984-10-31T00:00:00.000+10:00,12.210,140,603
1984-11-01T00:00:00.000+10:00,5.749,140,603
1984-11-02T00:00:00.000+10:00,2.845,140,603
1984-11-03T00:00:00.000+10:00,2.116,140,603
1984-11-04T00:00:00.000+10:00,2.378,140,603
1984-11-05T00:00:00.000+10:00,3.379,140,603
1984-11-06T00:00:00.000+10:00,6.566,140,603
1984-11-07T00:00:00.000+10:00,10.922,140,603
1984-11-08T00:00:00.000+10:00,6.329,140,603
1984-11-09T00:00:00.000+10:00,4.114,140,603
1984-11-10T00:00:00.000+10:00,3.068,140,603
1984-11-11T00:00:00.000+10:00,2.257,140,603
1984-11-12T00:00:00.000+10:00,1.841,140,603
1984-11-13T00:00:00.000+10:00,1.632,140,603
1984-11-14T00:00:00.000+10:00,1.493,140,603
1984-11-15T00:00:00.000+10:00,1.408,140,603
1984-11-16T00:00:00.000+10:00,1.926,140,603
1984-11-17T00:00:00.000+10:00,1.729,140,603
1984-11-18T00:00:00.000+10:00,1.365,140,603
1984-11-19T00:00:00.000+10:00,1.208,140,603
1984-11-20T00:00:00.000+10:00,1.136,140,603
1984-11-21T00:00:00.000+10:00,0.982,140,603
1984-11-22T00:00:00.000+10:00,0.838,140,603
1984-11-23T00:00:00.000+10:00,1.032,140,603
1984-11-24T00:00:00.000+10:00,0.954,140,603
1984-11-25T00:00:00.000+10:00,0.788,140,603
1984-11-26T00:00:00.000+10:00,0.611,140,603
1984-11-27T00:00:00.000+10:00,0.505,140,603
1984-11-28T00:00:00.000+10:00,0.466,140,603
1984-11-29T00:00:00.000+10:00,0.364,140,603
1984-11-30T00:00:00.000+10:00,0.452,140,603
1984-12-01T00:00:00.000+10:00,0.472,140,603
1984-12-02T00:00:00.000+10:00,0.375,140,603
1984-12-03T00:00:00.000+10:00,0.228,140,603
1984-12-04T00:00:00.000+10:00,0.090,140,603
1984-12-05T00:00:00.000+10:00,0.155,140,603
1984-12-06T00:00:00.000+10:00,0.094,140,603
1984-12-07T00:00:00.000+10:00,0.107,140,603
1984-12-08T00:00:00.000+10:00,0.512,140,603
1984-12-09T00:00:00.000+10:00,0.460,140,603
1984-12-10T00:00:00.000+10:00,0.146,140,603
1984-12-11T00:00:00.000+10:00,0.761,140,603
1984-12-12T00:00:00.000+10:00,1.713,140,603
1984-12-13T00:00:00.000+10:00,1.124,140,603
1984-12-14T00:00:00.000+10:00,0.798,140,603
1984-12-15T00:00:00.000+10:00,0.631,140,603
1984-12-16T00:00:00.000+10:00,0.498,140,603
1984-12-17T00:00:00.000+10:00,0.382,140,603
1984-12-18T00:00:00.000+10:00,0.296,140,603
1984-12-19T00:00:00.000+10:00,0.525,140,603
1984-12-20T00:00:00.000+10:00,2.060,140,603
1984-12-21T00:00:00.000+10:00,1.373,140,603
1984-12-22T00:00:00.000+10:00,0.875,140,603
1984-12-23T00:00:00.000+10:00,0.411,140,603
1984-12-24T00:00:00.000+10:00,0.287,140,603
1984-12-25T00:00:00.000+10:00,0.296,140,603
1984-12-26T00:00:00.000+10:00,0.410,140,603
1984-12-27T00:00:00.000+10:00,0.757,140,603
1984-12-28T00:00:00.000+10:00,0.809,140,603
1984-12-29T00:00:00.000+10:00,0.423,140,603
1984-12-30T00:00:00.000+10:00,0.991,140,603
1984-12-31T00:00:00.000+10:00,1.450,140,603
1985-01-01T00:00:00.000+10:00,1.024,140,603
1985-01-02T00:00:00.000+10:00,1.422,140,603
1985-01-03T00:00:00.000+10:00,1.237,140,603
1985-01-04T00:00:00.000+10:00,0.937,140,603
1985-01-05T00:00:00.000+10:00,0.852,140,603
1985-01-06T00:00:00.000+10:00,1.211,140,603
1985-01-07T00:00:00.000+10:00,1.113,140,603
1985-01-08T00:00:00.000+10:00,1.010,140,603
1985-01-09T00:00:00.000+10:00,2.842,140,603
1985-01-10T00:00:00.000+10:00,1.784,140,603
1985-01-11T00:00:00.000+10:00,1.553,140,603
1985-01-12T00:00:00.000+10:00,1.190,140,603
1985-01-13T00:00:00.000+10:00,0.842,140,603
1985-01-14T00:00:00.000+10:00,0.923,140,603
1985-01-15T00:00:00.000+10:00,0.963,140,603
1985-01-16T00:00:00.000+10:00,0.627,140,603
1985-01-17T00:00:00.000+10:00,0.563,140,603
1985-01-18T00:00:00.000+10:00,0.732,140,603
1985-01-19T00:00:00.000+10:00,0.660,140,603
1985-01-20T00:00:00.000+10:00,0.631,140,603
1985-01-21T00:00:00.000+10:00,0.731,140,603
1985-01-22T00:00:00.000+10:00,0.617,140,603
1985-01-23T00:00:00.000+10:00,1.254,140,603
1985-01-24T00:00:00.000+10:00,2.102,140,603
1985-01-25T00:00:00.000+10:00,1.511,140,603
1985-01-26T00:00:00.000+10:00,1.400,140,603
1985-01-27T00:00:00.000+10:00,1.367,140,603
1985-01-28T00:00:00.000+10:00,1.055,140,603
1985-01-29T00:00:00.000+10:00,0.540,140,603
1985-01-30T00:00:00.000+10:00,0.207,140,603
1985-01-31T00:00:00.000+10:00,0.085,140,603
1985-02-01T00:00:00.000+10:00,0.110,140,603
1985-02-02T00:00:00.000+10:00,0.241,140,603
1985-02-03T00:00:00.000+10:00,0.318,140,603
1985-02-04T00:00:00.000+10:00,0.395,140,603
1985-02-05T00:00:00.000+10:00,0.262,140,603
1985-02-06T00:00:00.000+10:00,0.156,140,603
1985-02-07T00:00:00.000+10:00,0.165,140,603
1985-02-08T00:00:00.000+10:00,0.078,140,603
1985-02-09T00:00:00.000+10:00,0.110,140,603
1985-02-10T00:00:00.000+10:00,6.980,140,603
1985-02-11T00:00:00.000+10:00,4.670,140,603
1985-02-12T00:00:00.000+10:00,4.230,140,603
1985-02-13T00:00:00.000+10:00,2.869,140,603
1985-02-14T00:00:00.000+10:00,2.306,140,603
1985-02-15T00:00:00.000+10:00,1.957,140,603
1985-02-16T00:00:00.000+10:00,1.533,140,603
1985-02-17T00:00:00.000+10:00,1.195,140,603
1985-02-18T00:00:00.000+10:00,11.692,140,603
1985-02-19T00:00:00.000+10:00,122.887,140,603
1985-02-20T00:00:00.000+10:00,83.424,140,603
1985-02-21T00:00:00.000+10:00,22.350,140,603
1985-02-22T00:00:00.000+10:00,41.272,140,603
1985-02-23T00:00:00.000+10:00,20.488,140,603
1985-02-24T00:00:00.000+10:00,12.603,140,603
1985-02-25T00:00:00.000+10:00,8.904,140,603
1985-02-26T00:00:00.000+10:00,6.609,140,603
1985-02-27T00:00:00.000+10:00,5.604,140,603
1985-02-28T00:00:00.000+10:00,4.027,140,603
1985-03-01T00:00:00.000+10:00,3.156,140,603
1985-03-02T00:00:00.000+10:00,2.787,140,603
1985-03-03T00:00:00.000+10:00,2.482,140,603
1985-03-04T00:00:00.000+10:00,2.165,140,603
1985-03-05T00:00:00.000+10:00,1.931,140,603
1985-03-06T00:00:00.000+10:00,2.107,140,603
1985-03-07T00:00:00.000+10:00,2.888,140,603
1985-03-08T00:00:00.000+10:00,2.348,140,603
1985-03-09T00:00:00.000+10:00,17.205,140,603
1985-03-10T00:00:00.000+10:00,19.647,140,603
1985-03-11T00:00:00.000+10:00,13.349,140,603
1985-03-12T00:00:00.000+10:00,9.686,140,603
1985-03-13T00:00:00.000+10:00,7.985,140,603
1985-03-14T00:00:00.000+10:00,6.275,140,603
1985-03-15T00:00:00.000+10:00,5.513,140,603
1985-03-16T00:00:00.000+10:00,4.231,140,603
1985-03-17T00:00:00.000+10:00,3.413,140,603
1985-03-18T00:00:00.000+10:00,3.022,140,603
1985-03-19T00:00:00.000+10:00,2.738,140,603
1985-03-20T00:00:00.000+10:00,2.647,140,603
1985-03-21T00:00:00.000+10:00,2.557,140,603
1985-03-22T00:00:00.000+10:00,2.371,140,603
1985-03-23T00:00:00.000+10:00,2.213,140,603
1985-03-24T00:00:00.000+10:00,1.993,140,603
1985-03-25T00:00:00.000+10:00,1.943,140,603
1985-03-26T00:00:00.000+10:00,2.521,140,603
1985-03-27T00:00:00.000+10:00,2.180,140,603
1985-03-28T00:00:00.000+10:00,2.036,140,603
1985-03-29T00:00:00.000+10:00,1.744,140,603
1985-03-30T00:00:00.000+10:00,1.554,140,603
1985-03-31T00:00:00.000+10:00,1.565,140,603
1985-04-01T00:00:00.000+10:00,1.748,140,603
1985-04-02T00:00:00.000+10:00,1.655,140,603
1985-04-03T00:00:00.000+10:00,1.701,140,603
1985-04-04T00:00:00.000+10:00,1.688,140,603
1985-04-05T00:00:00.000+10:00,1.557,140,603
1985-04-06T00:00:00.000+10:00,1.473,140,603
1985-04-07T00:00:00.000+10:00,1.477,140,603
1985-04-08T00:00:00.000+10:00,1.485,140,603
1985-04-09T00:00:00.000+10:00,1.692,140,603
1985-04-10T00:00:00.000+10:00,1.488,140,603
1985-04-11T00:00:00.000+10:00,1.452,140,603
1985-04-12T00:00:00.000+10:00,1.360,140,603
1985-04-13T00:00:00.000+10:00,1.306,140,603
1985-04-14T00:00:00.000+10:00,1.263,140,603
1985-04-15T00:00:00.000+10:00,1.242,140,603
1985-04-16T00:00:00.000+10:00,1.207,140,603
1985-04-17T00:00:00.000+10:00,1.068,140,603
1985-04-18T00:00:00.000+10:00,0.746,140,603
1985-04-19T00:00:00.000+10:00,0.711,140,603
1985-04-20T00:00:00.000+10:00,0.664,140,603
1985-04-21T00:00:00.000+10:00,0.619,140,603
1985-04-22T00:00:00.000+10:00,1.079,140,603
1985-04-23T00:00:00.000+10:00,9.471,140,603
1985-04-24T00:00:00.000+10:00,44.546,140,603
1985-04-25T00:00:00.000+10:00,24.738,140,603
1985-04-26T00:00:00.000+10:00,15.863,140,603
1985-04-27T00:00:00.000+10:00,10.754,140,603
1985-04-28T00:00:00.000+10:00,7.995,140,603
1985-04-29T00:00:00.000+10:00,6.415,140,603
1985-04-30T00:00:00.000+10:00,12.366,140,603
1985-05-01T00:00:00.000+10:00,15.968,140,603
1985-05-02T00:00:00.000+10:00,52.329,140,603
1985-05-03T00:00:00.000+10:00,89.438,140,603
1985-05-04T00:00:00.000+10:00,67.357,140,603
1985-05-05T00:00:00.000+10:00,29.937,140,603
1985-05-06T00:00:00.000+10:00,18.575,140,603
1985-05-07T00:00:00.000+10:00,13.741,140,603
1985-05-08T00:00:00.000+10:00,11.444,140,603
1985-05-09T00:00:00.000+10:00,9.450,140,603
1985-05-10T00:00:00.000+10:00,7.855,140,603
1985-05-11T00:00:00.000+10:00,6.584,140,603
1985-05-12T00:00:00.000+10:00,6.733,140,603
1985-05-13T00:00:00.000+10:00,6.324,140,603
1985-05-14T00:00:00.000+10:00,5.205,140,603
1985-05-15T00:00:00.000+10:00,4.335,140,603
1985-05-16T00:00:00.000+10:00,3.863,140,603
1985-05-17T00:00:00.000+10:00,3.608,140,603
1985-05-18T00:00:00.000+10:00,3.324,140,603
1985-05-19T00:00:00.000+10:00,3.160,140,603
1985-05-20T00:00:00.000+10:00,4.099,140,603
1985-05-21T00:00:00.000+10:00,4.982,140,603
1985-05-22T00:00:00.000+10:00,3.641,140,603
1985-05-23T00:00:00.000+10:00,3.089,140,603
1985-05-24T00:00:00.000+10:00,2.679,140,603
1985-05-25T00:00:00.000+10:00,2.487,140,603
1985-05-26T00:00:00.000+10:00,2.402,140,603
1985-05-27T00:00:00.000+10:00,2.839,140,603
1985-05-28T00:00:00.000+10:00,3.290,140,603
1985-05-29T00:00:00.000+10:00,3.929,140,603
1985-05-30T00:00:00.000+10:00,3.463,140,603
1985-05-31T00:00:00.000+10:00,3.189,140,603
1985-06-01T00:00:00.000+10:00,2.978,140,603
1985-06-02T00:00:00.000+10:00,2.814,140,603
1985-06-03T00:00:00.000+10:00,2.651,140,603
1985-06-04T00:00:00.000+10:00,2.958,140,603
1985-06-05T00:00:00.000+10:00,2.595,140,603
1985-06-06T00:00:00.000+10:00,2.371,140,603
1985-06-07T00:00:00.000+10:00,2.214,140,603
1985-06-08T00:00:00.000+10:00,2.079,140,603
1985-06-09T00:00:00.000+10:00,1.997,140,603
1985-06-10T00:00:00.000+10:00,1.900,140,603
1985-06-11T00:00:00.000+10:00,1.890,140,603
1985-06-12T00:00:00.000+10:00,1.789,140,603
1985-06-13T00:00:00.000+10:00,1.735,140,603
1985-06-14T00:00:00.000+10:00,1.646,140,603
1985-06-15T00:00:00.000+10:00,1.583,140,603
1985-06-16T00:00:00.000+10:00,1.523,140,603
1985-06-17T00:00:00.000+10:00,1.487,140,603
1985-06-18T00:00:00.000+10:00,1.456,140,603
1985-06-19T00:00:00.000+10:00,1.452,140,603
1985-06-20T00:00:00.000+10:00,1.417,140,603
1985-06-21T00:00:00.000+10:00,1.374,140,603
1985-06-22T00:00:00.000+10:00,1.318,140,603
1985-06-23T00:00:00.000+10:00,1.268,140,603
1985-06-24T00:00:00.000+10:00,1.211,140,603
1985-06-25T00:00:00.000+10:00,1.165,140,603
1985-06-26T00:00:00.000+10:00,1.045,140,603
1985-06-27T00:00:00.000+10:00,0.977,140,603
1985-06-28T00:00:00.000+10:00,0.928,140,603
1985-06-29T00:00:00.000+10:00,0.903,140,603
1985-06-30T00:00:00.000+10:00,0.883,140,603
1985-07-01T00:00:00.000+10:00,0.857,140,603
1985-07-02T00:00:00.000+10:00,0.827,140,603
1985-07-03T00:00:00.000+10:00,0.828,140,603
1985-07-04T00:00:00.000+10:00,0.823,140,603
1985-07-05T00:00:00.000+10:00,0.856,140,603
1985-07-06T00:00:00.000+10:00,0.887,140,603
1985-07-07T00:00:00.000+10:00,0.887,140,603
1985-07-08T00:00:00.000+10:00,0.859,140,603
1985-07-09T00:00:00.000+10:00,170.572,140,603
1985-07-10T00:00:00.000+10:00,153.623,140,603
1985-07-11T00:00:00.000+10:00,28.217,140,603
1985-07-12T00:00:00.000+10:00,16.267,140,603
1985-07-13T00:00:00.000+10:00,12.076,140,603
1985-07-14T00:00:00.000+10:00,9.367,140,603
1985-07-15T00:00:00.000+10:00,7.262,140,603
1985-07-16T00:00:00.000+10:00,5.486,140,603
1985-07-17T00:00:00.000+10:00,3.896,140,603
1985-07-18T00:00:00.000+10:00,2.904,140,603
1985-07-19T00:00:00.000+10:00,2.392,140,603
1985-07-20T00:00:00.000+10:00,2.007,140,603
1985-07-21T00:00:00.000+10:00,1.703,140,603
1985-07-22T00:00:00.000+10:00,1.541,140,603
1985-07-23T00:00:00.000+10:00,1.466,140,603
1985-07-24T00:00:00.000+10:00,1.316,140,603
1985-07-25T00:00:00.000+10:00,1.226,140,603
1985-07-26T00:00:00.000+10:00,1.109,140,603
1985-07-27T00:00:00.000+10:00,0.923,140,603
1985-07-28T00:00:00.000+10:00,0.748,140,603
1985-07-29T00:00:00.000+10:00,0.686,140,603
1985-07-30T00:00:00.000+10:00,0.640,140,603
1985-07-31T00:00:00.000+10:00,0.605,140,603
1985-08-01T00:00:00.000+10:00,0.596,140,603
1985-08-02T00:00:00.000+10:00,0.630,140,603
1985-08-03T00:00:00.000+10:00,0.598,140,603
1985-08-04T00:00:00.000+10:00,0.598,140,603
1985-08-05T00:00:00.000+10:00,0.553,140,603
1985-08-06T00:00:00.000+10:00,0.588,140,603
1985-08-07T00:00:00.000+10:00,0.546,140,603
1985-08-08T00:00:00.000+10:00,0.448,140,603
1985-08-09T00:00:00.000+10:00,0.405,140,603
1985-08-10T00:00:00.000+10:00,0.361,140,603
1985-08-11T00:00:00.000+10:00,0.346,140,603
1985-08-12T00:00:00.000+10:00,0.311,140,603
1985-08-13T00:00:00.000+10:00,0.303,140,603
1985-08-14T00:00:00.000+10:00,0.279,140,603
1985-08-15T00:00:00.000+10:00,0.224,140,603
1985-08-16T00:00:00.000+10:00,0.240,140,603
1985-08-17T00:00:00.000+10:00,0.370,140,603
1985-08-18T00:00:00.000+10:00,0.335,140,603
1985-08-19T00:00:00.000+10:00,0.205,140,603
1985-08-20T00:00:00.000+10:00,0.249,140,603
1985-08-21T00:00:00.000+10:00,0.219,140,603
1985-08-22T00:00:00.000+10:00,0.218,140,603
1985-08-23T00:00:00.000+10:00,0.546,140,603
1985-08-24T00:00:00.000+10:00,0.654,140,603
1985-08-25T00:00:00.000+10:00,0.560,140,603
1985-08-26T00:00:00.000+10:00,0.466,140,603
1985-08-27T00:00:00.000+10:00,0.386,140,603
1985-08-28T00:00:00.000+10:00,0.364,140,603
1985-08-29T00:00:00.000+10:00,0.386,140,603
1985-08-30T00:00:00.000+10:00,0.673,140,603
1985-08-31T00:00:00.000+10:00,0.770,140,603
1985-09-01T00:00:00.000+10:00,0.770,140,603
1985-09-02T00:00:00.000+10:00,0.701,140,603
1985-09-03T00:00:00.000+10:00,0.618,140,603
1985-09-04T00:00:00.000+10:00,0.615,140,603
1985-09-05T00:00:00.000+10:00,0.635,140,603
1985-09-06T00:00:00.000+10:00,0.533,140,603
1985-09-07T00:00:00.000+10:00,0.490,140,603
1985-09-08T00:00:00.000+10:00,0.469,140,603
1985-09-09T00:00:00.000+10:00,0.417,140,603
1985-09-10T00:00:00.000+10:00,0.376,140,603
1985-09-11T00:00:00.000+10:00,0.440,140,603
1985-09-12T00:00:00.000+10:00,0.469,140,603
1985-09-13T00:00:00.000+10:00,0.378,140,603
1985-09-14T00:00:00.000+10:00,0.589,140,603
1985-09-15T00:00:00.000+10:00,0.725,140,603
1985-09-16T00:00:00.000+10:00,0.484,140,603
1985-09-17T00:00:00.000+10:00,0.085,140,603
1985-09-18T00:00:00.000+10:00,0.289,140,603
1985-09-19T00:00:00.000+10:00,0.821,140,603
1985-09-20T00:00:00.000+10:00,1.394,140,603
1985-09-21T00:00:00.000+10:00,1.135,140,603
1985-09-22T00:00:00.000+10:00,0.999,140,603
1985-09-23T00:00:00.000+10:00,0.632,140,603
1985-09-24T00:00:00.000+10:00,0.146,140,603
1985-09-25T00:00:00.000+10:00,0.245,140,603
1985-09-26T00:00:00.000+10:00,0.571,140,603
1985-09-27T00:00:00.000+10:00,0.385,140,603
1985-09-28T00:00:00.000+10:00,0.542,140,603
1985-09-29T00:00:00.000+10:00,0.332,140,603
1985-09-30T00:00:00.000+10:00,0.196,140,603
1985-10-01T00:00:00.000+10:00,0.266,140,603
1985-10-02T00:00:00.000+10:00,0.237,140,603
1985-10-03T00:00:00.000+10:00,0.101,140,603
1985-10-04T00:00:00.000+10:00,0.244,140,603
1985-10-05T00:00:00.000+10:00,0.309,140,603
1985-10-06T00:00:00.000+10:00,0.253,140,603
1985-10-07T00:00:00.000+10:00,0.055,140,603
1985-10-08T00:00:00.000+10:00,0.022,140,603
1985-10-09T00:00:00.000+10:00,0.047,140,603
1985-10-10T00:00:00.000+10:00,0.248,140,603
1985-10-11T00:00:00.000+10:00,0.031,140,603
1985-10-12T00:00:00.000+10:00,0.009,140,603
1985-10-13T00:00:00.000+10:00,0.138,140,603
1985-10-14T00:00:00.000+10:00,0.933,140,603
1985-10-15T00:00:00.000+10:00,1.140,140,603
1985-10-16T00:00:00.000+10:00,0.815,140,603
1985-10-17T00:00:00.000+10:00,0.751,140,603
1985-10-18T00:00:00.000+10:00,0.619,140,603
1985-10-19T00:00:00.000+10:00,0.384,140,603
1985-10-20T00:00:00.000+10:00,0.252,140,603
1985-10-21T00:00:00.000+10:00,0.037,140,603
1985-10-22T00:00:00.000+10:00,0.029,140,603
1985-10-23T00:00:00.000+10:00,0.024,140,603
1985-10-24T00:00:00.000+10:00,0.026,140,603
1985-10-25T00:00:00.000+10:00,0.025,140,603
1985-10-26T00:00:00.000+10:00,10.089,140,603
1985-10-27T00:00:00.000+10:00,17.894,140,603
1985-10-28T00:00:00.000+10:00,11.592,140,603
1985-10-29T00:00:00.000+10:00,7.198,140,603
1985-10-30T00:00:00.000+10:00,4.639,140,603
1985-10-31T00:00:00.000+10:00,3.423,140,603
1985-11-01T00:00:00.000+10:00,2.525,140,603
1985-11-02T00:00:00.000+10:00,1.913,140,603
1985-11-03T00:00:00.000+10:00,1.579,140,603
1985-11-04T00:00:00.000+10:00,1.274,140,603
1985-11-05T00:00:00.000+10:00,0.898,140,603
1985-11-06T00:00:00.000+10:00,0.798,140,603
1985-11-07T00:00:00.000+10:00,0.912,140,603
1985-11-08T00:00:00.000+10:00,4.880,140,603
1985-11-09T00:00:00.000+10:00,8.286,140,603
1985-11-10T00:00:00.000+10:00,4.262,140,603
1985-11-11T00:00:00.000+10:00,2.485,140,603
1985-11-12T00:00:00.000+10:00,1.881,140,603
1985-11-13T00:00:00.000+10:00,1.883,140,603
1985-11-14T00:00:00.000+10:00,1.778,140,603
1985-11-15T00:00:00.000+10:00,1.608,140,603
1985-11-16T00:00:00.000+10:00,1.426,140,603
1985-11-17T00:00:00.000+10:00,1.156,140,603
1985-11-18T00:00:00.000+10:00,1.088,140,603
1985-11-19T00:00:00.000+10:00,0.687,140,603
1985-11-20T00:00:00.000+10:00,0.371,140,603
1985-11-21T00:00:00.000+10:00,0.281,140,603
1985-11-22T00:00:00.000+10:00,0.276,140,603
1985-11-23T00:00:00.000+10:00,0.179,140,603
1985-11-24T00:00:00.000+10:00,0.134,140,603
1985-11-25T00:00:00.000+10:00,0.116,140,603
1985-11-26T00:00:00.000+10:00,0.558,140,603
1985-11-27T00:00:00.000+10:00,1.765,140,603
1985-11-28T00:00:00.000+10:00,0.735,140,603
1985-11-29T00:00:00.000+10:00,0.328,140,603
1985-11-30T00:00:00.000+10:00,0.264,140,603
1985-12-01T00:00:00.000+10:00,0.254,140,603
1985-12-02T00:00:00.000+10:00,0.272,140,603
1985-12-03T00:00:00.000+10:00,0.611,140,603
1985-12-04T00:00:00.000+10:00,0.841,140,603
1985-12-05T00:00:00.000+10:00,1.764,140,603
1985-12-06T00:00:00.000+10:00,1.164,140,603
1985-12-07T00:00:00.000+10:00,0.980,140,603
1985-12-08T00:00:00.000+10:00,0.841,140,603
1985-12-09T00:00:00.000+10:00,0.977,140,603
1985-12-10T00:00:00.000+10:00,0.945,140,603
1985-12-11T00:00:00.000+10:00,0.841,140,603
1985-12-12T00:00:00.000+10:00,0.663,140,603
1985-12-13T00:00:00.000+10:00,0.640,140,603
1985-12-14T00:00:00.000+10:00,0.619,140,603
1985-12-15T00:00:00.000+10:00,0.608,140,603
1985-12-16T00:00:00.000+10:00,0.500,140,603
1985-12-17T00:00:00.000+10:00,0.603,140,603
1985-12-18T00:00:00.000+10:00,0.474,140,603
1985-12-19T00:00:00.000+10:00,0.383,140,603
1985-12-20T00:00:00.000+10:00,0.362,140,603
1985-12-21T00:00:00.000+10:00,0.276,140,603
1985-12-22T00:00:00.000+10:00,0.320,140,603
1985-12-23T00:00:00.000+10:00,0.312,140,603
1985-12-24T00:00:00.000+10:00,0.188,140,603
1985-12-25T00:00:00.000+10:00,0.178,140,603
1985-12-26T00:00:00.000+10:00,0.170,140,603
1985-12-27T00:00:00.000+10:00,0.493,140,603
1985-12-28T00:00:00.000+10:00,0.391,140,603
1985-12-29T00:00:00.000+10:00,0.175,140,603
1985-12-30T00:00:00.000+10:00,0.150,140,603
1985-12-31T00:00:00.000+10:00,0.158,140,603
1986-01-01T00:00:00.000+10:00,0.277,140,603
1986-01-02T00:00:00.000+10:00,0.280,140,603
1986-01-03T00:00:00.000+10:00,0.446,140,603
1986-01-04T00:00:00.000+10:00,0.224,140,603
1986-01-05T00:00:00.000+10:00,0.540,140,603
1986-01-06T00:00:00.000+10:00,0.667,140,603
1986-01-07T00:00:00.000+10:00,0.766,140,603
1986-01-08T00:00:00.000+10:00,0.681,140,603
1986-01-09T00:00:00.000+10:00,0.579,140,603
1986-01-10T00:00:00.000+10:00,0.637,140,603
1986-01-11T00:00:00.000+10:00,0.647,140,603
1986-01-12T00:00:00.000+10:00,0.651,140,603
1986-01-13T00:00:00.000+10:00,0.453,140,603
1986-01-14T00:00:00.000+10:00,0.390,140,603
1986-01-15T00:00:00.000+10:00,0.351,140,603
1986-01-16T00:00:00.000+10:00,0.320,140,603
1986-01-17T00:00:00.000+10:00,0.319,140,603
1986-01-18T00:00:00.000+10:00,0.878,140,603
1986-01-19T00:00:00.000+10:00,0.716,140,603
1986-01-20T00:00:00.000+10:00,0.525,140,603
1986-01-21T00:00:00.000+10:00,0.285,140,603
1986-01-22T00:00:00.000+10:00,0.297,140,603
1986-01-23T00:00:00.000+10:00,0.252,140,603
1986-01-24T00:00:00.000+10:00,22.547,140,603
1986-01-25T00:00:00.000+10:00,16.335,140,603
1986-01-26T00:00:00.000+10:00,6.978,140,603
1986-01-27T00:00:00.000+10:00,4.865,140,603
1986-01-28T00:00:00.000+10:00,3.784,140,603
1986-01-29T00:00:00.000+10:00,3.340,140,603
1986-01-30T00:00:00.000+10:00,3.022,140,603
1986-01-31T00:00:00.000+10:00,2.696,140,603
1986-02-01T00:00:00.000+10:00,2.575,140,603
1986-02-02T00:00:00.000+10:00,2.165,140,603
1986-02-03T00:00:00.000+10:00,2.064,140,603
1986-02-04T00:00:00.000+10:00,2.057,140,603
1986-02-05T00:00:00.000+10:00,2.026,140,603
1986-02-06T00:00:00.000+10:00,1.870,140,603
1986-02-07T00:00:00.000+10:00,1.558,140,603
1986-02-08T00:00:00.000+10:00,1.456,140,603
1986-02-09T00:00:00.000+10:00,1.333,140,603
1986-02-10T00:00:00.000+10:00,1.244,140,603
1986-02-11T00:00:00.000+10:00,1.815,140,603
1986-02-12T00:00:00.000+10:00,3.406,140,603
1986-02-13T00:00:00.000+10:00,2.297,140,603
1986-02-14T00:00:00.000+10:00,1.793,140,603
1986-02-15T00:00:00.000+10:00,1.723,140,603
1986-02-16T00:00:00.000+10:00,1.583,140,603
1986-02-17T00:00:00.000+10:00,1.483,140,603
1986-02-18T00:00:00.000+10:00,1.241,140,603
1986-02-19T00:00:00.000+10:00,1.197,140,603
1986-02-20T00:00:00.000+10:00,1.173,140,603
1986-02-21T00:00:00.000+10:00,1.137,140,603
1986-02-22T00:00:00.000+10:00,1.021,140,603
1986-02-23T00:00:00.000+10:00,2.126,140,603
1986-02-24T00:00:00.000+10:00,1.496,140,603
1986-02-25T00:00:00.000+10:00,1.207,140,603
1986-02-26T00:00:00.000+10:00,2.191,140,603
1986-02-27T00:00:00.000+10:00,1.655,140,603
1986-02-28T00:00:00.000+10:00,1.669,140,603
1986-03-01T00:00:00.000+10:00,1.489,140,603
1986-03-02T00:00:00.000+10:00,1.375,140,603
1986-03-03T00:00:00.000+10:00,1.157,140,603
1986-03-04T00:00:00.000+10:00,1.211,140,603
1986-03-05T00:00:00.000+10:00,1.115,140,603
1986-03-06T00:00:00.000+10:00,0.692,140,603
1986-03-07T00:00:00.000+10:00,0.712,140,603
1986-03-08T00:00:00.000+10:00,0.782,140,603
1986-03-09T00:00:00.000+10:00,0.868,140,603
1986-03-10T00:00:00.000+10:00,0.746,140,603
1986-03-11T00:00:00.000+10:00,0.648,140,603
1986-03-12T00:00:00.000+10:00,0.604,140,603
1986-03-13T00:00:00.000+10:00,0.470,140,603
1986-03-14T00:00:00.000+10:00,0.378,140,603
1986-03-15T00:00:00.000+10:00,0.408,140,603
1986-03-16T00:00:00.000+10:00,0.376,140,603
1986-03-17T00:00:00.000+10:00,0.406,140,603
1986-03-18T00:00:00.000+10:00,0.422,140,603
1986-03-19T00:00:00.000+10:00,0.399,140,603
1986-03-20T00:00:00.000+10:00,0.293,140,603
1986-03-21T00:00:00.000+10:00,0.209,140,603
1986-03-22T00:00:00.000+10:00,0.242,140,603
1986-03-23T00:00:00.000+10:00,0.237,140,603
1986-03-24T00:00:00.000+10:00,0.112,140,603
1986-03-25T00:00:00.000+10:00,0.342,140,603
1986-03-26T00:00:00.000+10:00,0.502,140,603
1986-03-27T00:00:00.000+10:00,0.455,140,603
1986-03-28T00:00:00.000+10:00,0.340,140,603
1986-03-29T00:00:00.000+10:00,1.504,140,603
1986-03-30T00:00:00.000+10:00,1.671,140,603
1986-03-31T00:00:00.000+10:00,1.362,140,603
1986-04-01T00:00:00.000+10:00,2.044,140,603
1986-04-02T00:00:00.000+10:00,1.326,140,603
1986-04-03T00:00:00.000+10:00,1.055,140,603
1986-04-04T00:00:00.000+10:00,0.980,140,603
1986-04-05T00:00:00.000+10:00,0.841,140,603
1986-04-06T00:00:00.000+10:00,0.767,140,603
1986-04-07T00:00:00.000+10:00,0.657,140,603
1986-04-08T00:00:00.000+10:00,0.529,140,603
1986-04-09T00:00:00.000+10:00,0.456,140,603
1986-04-10T00:00:00.000+10:00,0.434,140,603
1986-04-11T00:00:00.000+10:00,0.416,140,603
1986-04-12T00:00:00.000+10:00,0.348,140,603
1986-04-13T00:00:00.000+10:00,0.355,140,603
1986-04-14T00:00:00.000+10:00,0.337,140,603
1986-04-15T00:00:00.000+10:00,0.387,140,603
1986-04-16T00:00:00.000+10:00,0.359,140,603
1986-04-17T00:00:00.000+10:00,0.363,140,603
1986-04-18T00:00:00.000+10:00,0.376,140,603
1986-04-19T00:00:00.000+10:00,0.327,140,603
1986-04-20T00:00:00.000+10:00,0.445,140,603
1986-04-21T00:00:00.000+10:00,0.340,140,603
1986-04-22T00:00:00.000+10:00,0.372,140,603
1986-04-23T00:00:00.000+10:00,0.351,140,603
1986-04-24T00:00:00.000+10:00,0.107,140,603
1986-04-25T00:00:00.000+10:00,0.105,140,603
1986-04-26T00:00:00.000+10:00,0.208,140,603
1986-04-27T00:00:00.000+10:00,0.197,140,603
1986-04-28T00:00:00.000+10:00,0.201,140,603
1986-04-29T00:00:00.000+10:00,0.166,140,603
1986-04-30T00:00:00.000+10:00,0.163,140,603
1986-05-01T00:00:00.000+10:00,0.211,140,603
1986-05-02T00:00:00.000+10:00,0.204,140,603
1986-05-03T00:00:00.000+10:00,0.212,140,603
1986-05-04T00:00:00.000+10:00,0.947,140,603
1986-05-05T00:00:00.000+10:00,0.679,140,603
1986-05-06T00:00:00.000+10:00,0.508,140,603
1986-05-07T00:00:00.000+10:00,0.505,140,603
1986-05-08T00:00:00.000+10:00,0.536,140,603
1986-05-09T00:00:00.000+10:00,0.433,140,603
1986-05-10T00:00:00.000+10:00,0.403,140,603
1986-05-11T00:00:00.000+10:00,0.604,140,603
1986-05-12T00:00:00.000+10:00,2.201,140,603
1986-05-13T00:00:00.000+10:00,1.826,140,603
1986-05-14T00:00:00.000+10:00,1.461,140,603
1986-05-15T00:00:00.000+10:00,1.125,140,603
1986-05-16T00:00:00.000+10:00,0.958,140,603
1986-05-17T00:00:00.000+10:00,0.847,140,603
1986-05-18T00:00:00.000+10:00,0.848,140,603
1986-05-19T00:00:00.000+10:00,0.792,140,603
1986-05-20T00:00:00.000+10:00,0.508,140,603
1986-05-21T00:00:00.000+10:00,0.506,140,603
1986-05-22T00:00:00.000+10:00,0.494,140,603
1986-05-23T00:00:00.000+10:00,0.448,140,603
1986-05-24T00:00:00.000+10:00,0.391,140,603
1986-05-25T00:00:00.000+10:00,0.362,140,603
1986-05-26T00:00:00.000+10:00,0.321,140,603
1986-05-27T00:00:00.000+10:00,0.129,140,603
1986-05-28T00:00:00.000+10:00,0.211,140,603
1986-05-29T00:00:00.000+10:00,0.237,140,603
1986-05-30T00:00:00.000+10:00,0.283,140,603
1986-05-31T00:00:00.000+10:00,0.231,140,603
1986-06-01T00:00:00.000+10:00,0.271,140,603
1986-06-02T00:00:00.000+10:00,0.312,140,603
1986-06-03T00:00:00.000+10:00,0.281,140,603
1986-06-04T00:00:00.000+10:00,0.281,140,603
1986-06-05T00:00:00.000+10:00,0.254,140,603
1986-06-06T00:00:00.000+10:00,0.243,140,603
1986-06-07T00:00:00.000+10:00,0.235,140,603
1986-06-08T00:00:00.000+10:00,0.230,140,603
1986-06-09T00:00:00.000+10:00,0.198,140,603
1986-06-10T00:00:00.000+10:00,0.181,140,603
1986-06-11T00:00:00.000+10:00,0.192,140,603
1986-06-12T00:00:00.000+10:00,0.177,140,603
1986-06-13T00:00:00.000+10:00,0.180,140,603
1986-06-14T00:00:00.000+10:00,0.158,140,603
1986-06-15T00:00:00.000+10:00,0.158,140,603
1986-06-16T00:00:00.000+10:00,0.146,140,603
1986-06-17T00:00:00.000+10:00,1.095,140,603
1986-06-18T00:00:00.000+10:00,1.609,140,603
1986-06-19T00:00:00.000+10:00,0.809,140,603
1986-06-20T00:00:00.000+10:00,0.499,140,603
1986-06-21T00:00:00.000+10:00,0.405,140,603
1986-06-22T00:00:00.000+10:00,0.378,140,603
1986-06-23T00:00:00.000+10:00,0.273,140,603
1986-06-24T00:00:00.000+10:00,0.269,140,603
1986-06-25T00:00:00.000+10:00,0.247,140,603
1986-06-26T00:00:00.000+10:00,0.235,140,603
1986-06-27T00:00:00.000+10:00,0.201,140,603
1986-06-28T00:00:00.000+10:00,0.223,140,603
1986-06-29T00:00:00.000+10:00,0.212,140,603
1986-06-30T00:00:00.000+10:00,0.167,140,603
1986-07-01T00:00:00.000+10:00,0.167,140,603
1986-07-02T00:00:00.000+10:00,0.173,140,603
1986-07-03T00:00:00.000+10:00,0.169,140,603
1986-07-04T00:00:00.000+10:00,0.164,140,603
1986-07-05T00:00:00.000+10:00,0.136,140,603
1986-07-06T00:00:00.000+10:00,0.131,140,603
1986-07-07T00:00:00.000+10:00,0.123,140,603
1986-07-08T00:00:00.000+10:00,0.119,140,603
1986-07-09T00:00:00.000+10:00,0.107,140,603
1986-07-10T00:00:00.000+10:00,0.093,140,603
1986-07-11T00:00:00.000+10:00,0.100,140,603
1986-07-12T00:00:00.000+10:00,0.103,140,603
1986-07-13T00:00:00.000+10:00,0.109,140,603
1986-07-14T00:00:00.000+10:00,0.108,140,603
1986-07-15T00:00:00.000+10:00,0.110,140,603
1986-07-16T00:00:00.000+10:00,0.141,140,603
1986-07-17T00:00:00.000+10:00,0.185,140,603
1986-07-18T00:00:00.000+10:00,0.204,140,603
1986-07-19T00:00:00.000+10:00,0.201,140,603
1986-07-20T00:00:00.000+10:00,0.189,140,603
1986-07-21T00:00:00.000+10:00,0.163,140,603
1986-07-22T00:00:00.000+10:00,0.140,140,603
1986-07-23T00:00:00.000+10:00,0.126,140,603
1986-07-24T00:00:00.000+10:00,0.136,140,603
1986-07-25T00:00:00.000+10:00,0.120,140,603
1986-07-26T00:00:00.000+10:00,0.095,140,603
1986-07-27T00:00:00.000+10:00,0.092,140,603
1986-07-28T00:00:00.000+10:00,0.111,140,603
1986-07-29T00:00:00.000+10:00,0.112,140,603
1986-07-30T00:00:00.000+10:00,0.100,140,603
1986-07-31T00:00:00.000+10:00,0.092,140,603
1986-08-01T00:00:00.000+10:00,0.099,140,603
1986-08-02T00:00:00.000+10:00,0.074,140,603
1986-08-03T00:00:00.000+10:00,0.157,140,603
1986-08-04T00:00:00.000+10:00,0.084,140,603
1986-08-05T00:00:00.000+10:00,0.138,140,603
1986-08-06T00:00:00.000+10:00,0.085,140,603
1986-08-07T00:00:00.000+10:00,0.063,140,603
1986-08-08T00:00:00.000+10:00,0.076,140,603
1986-08-09T00:00:00.000+10:00,0.069,140,603
1986-08-10T00:00:00.000+10:00,0.097,140,603
1986-08-11T00:00:00.000+10:00,0.093,140,603
1986-08-12T00:00:00.000+10:00,0.074,140,603
1986-08-13T00:00:00.000+10:00,0.061,140,603
1986-08-14T00:00:00.000+10:00,0.058,140,603
1986-08-15T00:00:00.000+10:00,0.113,140,603
1986-08-16T00:00:00.000+10:00,0.076,140,603
1986-08-17T00:00:00.000+10:00,0.068,140,603
1986-08-18T00:00:00.000+10:00,0.077,140,603
1986-08-19T00:00:00.000+10:00,0.077,140,603
1986-08-20T00:00:00.000+10:00,0.063,140,603
1986-08-21T00:00:00.000+10:00,0.048,140,603
1986-08-22T00:00:00.000+10:00,0.033,140,603
1986-08-23T00:00:00.000+10:00,0.033,140,603
1986-08-24T00:00:00.000+10:00,0.036,140,603
1986-08-25T00:00:00.000+10:00,0.061,140,603
1986-08-26T00:00:00.000+10:00,0.048,140,603
1986-08-27T00:00:00.000+10:00,0.032,140,603
1986-08-28T00:00:00.000+10:00,0.025,140,603
1986-08-29T00:00:00.000+10:00,0.020,140,603
1986-08-30T00:00:00.000+10:00,0.017,140,603
1986-08-31T00:00:00.000+10:00,0.014,140,603
1986-09-01T00:00:00.000+10:00,0.011,140,603
1986-09-02T00:00:00.000+10:00,0.008,140,603
1986-09-03T00:00:00.000+10:00,0.005,140,603
1986-09-04T00:00:00.000+10:00,0.003,140,603
1986-09-05T00:00:00.000+10:00,0.001,140,603
1986-09-06T00:00:00.000+10:00,0.000,140,603
1986-09-07T00:00:00.000+10:00,0.000,140,603
1986-09-08T00:00:00.000+10:00,0.000,140,603
1986-09-09T00:00:00.000+10:00,0.000,140,603
1986-09-10T00:00:00.000+10:00,0.000,140,603
1986-09-11T00:00:00.000+10:00,0.000,140,603
1986-09-12T00:00:00.000+10:00,0.000,140,603
1986-09-13T00:00:00.000+10:00,0.000,140,603
1986-09-14T00:00:00.000+10:00,0.000,140,603
1986-09-15T00:00:00.000+10:00,0.000,140,603
1986-09-16T00:00:00.000+10:00,0.000,140,603
1986-09-17T00:00:00.000+10:00,0.000,140,603
1986-09-18T00:00:00.000+10:00,0.000,140,603
1986-09-19T00:00:00.000+10:00,0.000,140,603
1986-09-20T00:00:00.000+10:00,0.000,140,603
1986-09-21T00:00:00.000+10:00,0.000,140,603
1986-09-22T00:00:00.000+10:00,0.000,140,603
1986-09-23T00:00:00.000+10:00,0.000,140,603
1986-09-24T00:00:00.000+10:00,0.000,140,603
1986-09-25T00:00:00.000+10:00,0.000,140,603
1986-09-26T00:00:00.000+10:00,0.000,140,603
1986-09-27T00:00:00.000+10:00,0.000,140,603
1986-09-28T00:00:00.000+10:00,0.000,140,603
1986-09-29T00:00:00.000+10:00,0.000,140,603
1986-09-30T00:00:00.000+10:00,0.000,140,603
1986-10-01T00:00:00.000+10:00,0.000,140,603
1986-10-02T00:00:00.000+10:00,0.000,140,603
1986-10-03T00:00:00.000+10:00,0.000,140,603
1986-10-04T00:00:00.000+10:00,0.000,140,603
1986-10-05T00:00:00.000+10:00,0.000,140,603
1986-10-06T00:00:00.000+10:00,0.000,140,603
1986-10-07T00:00:00.000+10:00,0.000,140,603
1986-10-08T00:00:00.000+10:00,0.000,140,603
1986-10-09T00:00:00.000+10:00,0.000,140,603
1986-10-10T00:00:00.000+10:00,0.000,140,603
1986-10-11T00:00:00.000+10:00,0.000,140,603
1986-10-12T00:00:00.000+10:00,0.000,140,603
1986-10-13T00:00:00.000+10:00,0.000,140,603
1986-10-14T00:00:00.000+10:00,0.000,140,603
1986-10-15T00:00:00.000+10:00,0.000,140,603
1986-10-16T00:00:00.000+10:00,0.000,140,603
1986-10-17T00:00:00.000+10:00,0.000,140,603
1986-10-18T00:00:00.000+10:00,0.000,140,603
1986-10-19T00:00:00.000+10:00,0.000,140,603
1986-10-20T00:00:00.000+10:00,0.000,140,603
1986-10-21T00:00:00.000+10:00,0.000,140,603
1986-10-22T00:00:00.000+10:00,0.000,140,603
1986-10-23T00:00:00.000+10:00,0.000,140,603
1986-10-24T00:00:00.000+10:00,0.000,140,603
1986-10-25T00:00:00.000+10:00,0.000,140,603
1986-10-26T00:00:00.000+10:00,0.000,140,603
1986-10-27T00:00:00.000+10:00,0.000,140,603
1986-10-28T00:00:00.000+10:00,0.000,140,603
1986-10-29T00:00:00.000+10:00,0.000,140,603
1986-10-30T00:00:00.000+10:00,0.000,140,603
1986-10-31T00:00:00.000+10:00,0.000,140,603
1986-11-01T00:00:00.000+10:00,0.000,140,603
1986-11-02T00:00:00.000+10:00,0.000,140,603
1986-11-03T00:00:00.000+10:00,0.000,140,603
1986-11-04T00:00:00.000+10:00,0.000,140,603
1986-11-05T00:00:00.000+10:00,0.000,140,603
1986-11-06T00:00:00.000+10:00,0.000,140,603
1986-11-07T00:00:00.000+10:00,0.000,140,603
1986-11-08T00:00:00.000+10:00,0.000,140,603
1986-11-09T00:00:00.000+10:00,0.000,140,603
1986-11-10T00:00:00.000+10:00,0.000,140,603
1986-11-11T00:00:00.000+10:00,0.000,140,603
1986-11-12T00:00:00.000+10:00,0.000,140,603
1986-11-13T00:00:00.000+10:00,0.000,140,603
1986-11-14T00:00:00.000+10:00,0.648,140,603
1986-11-15T00:00:00.000+10:00,2.995,140,603
1986-11-16T00:00:00.000+10:00,0.578,140,603
1986-11-17T00:00:00.000+10:00,0.153,140,603
1986-11-18T00:00:00.000+10:00,0.090,140,603
1986-11-19T00:00:00.000+10:00,0.067,140,603
1986-11-20T00:00:00.000+10:00,0.020,140,603
1986-11-21T00:00:00.000+10:00,0.000,140,603
1986-11-22T00:00:00.000+10:00,0.000,140,603
1986-11-23T00:00:00.000+10:00,0.000,140,603
1986-11-24T00:00:00.000+10:00,0.000,140,603
1986-11-25T00:00:00.000+10:00,0.000,140,603
1986-11-26T00:00:00.000+10:00,0.000,140,603
1986-11-27T00:00:00.000+10:00,0.000,140,603
1986-11-28T00:00:00.000+10:00,0.000,140,603
1986-11-29T00:00:00.000+10:00,0.000,140,603
1986-11-30T00:00:00.000+10:00,0.010,140,603
1986-12-01T00:00:00.000+10:00,0.799,140,603
1986-12-02T00:00:00.000+10:00,0.886,140,603
1986-12-03T00:00:00.000+10:00,1.053,140,603
1986-12-04T00:00:00.000+10:00,0.276,140,603
1986-12-05T00:00:00.000+10:00,0.204,140,603
1986-12-06T00:00:00.000+10:00,0.150,140,603
1986-12-07T00:00:00.000+10:00,0.142,140,603
1986-12-08T00:00:00.000+10:00,0.115,140,603
1986-12-09T00:00:00.000+10:00,0.076,140,603
1986-12-10T00:00:00.000+10:00,0.058,140,603
1986-12-11T00:00:00.000+10:00,0.061,140,603
1986-12-12T00:00:00.000+10:00,0.063,140,603
1986-12-13T00:00:00.000+10:00,0.053,140,603
1986-12-14T00:00:00.000+10:00,0.037,140,603
1986-12-15T00:00:00.000+10:00,0.030,140,603
1986-12-16T00:00:00.000+10:00,0.017,140,603
1986-12-17T00:00:00.000+10:00,0.017,140,603
1986-12-18T00:00:00.000+10:00,0.014,140,603
1986-12-19T00:00:00.000+10:00,0.011,140,603
1986-12-20T00:00:00.000+10:00,0.021,140,603
1986-12-21T00:00:00.000+10:00,0.043,140,603
1986-12-22T00:00:00.000+10:00,0.014,140,603
1986-12-23T00:00:00.000+10:00,0.000,140,603
1986-12-24T00:00:00.000+10:00,0.000,140,603
1986-12-25T00:00:00.000+10:00,0.000,140,603
1986-12-26T00:00:00.000+10:00,0.000,140,603
1986-12-27T00:00:00.000+10:00,0.000,140,603
1986-12-28T00:00:00.000+10:00,0.000,140,603
1986-12-29T00:00:00.000+10:00,0.000,140,603
1986-12-30T00:00:00.000+10:00,0.000,140,603
1986-12-31T00:00:00.000+10:00,0.000,140,603
1987-01-01T00:00:00.000+10:00,0.000,140,603
1987-01-02T00:00:00.000+10:00,0.000,140,603
1987-01-03T00:00:00.000+10:00,0.000,140,603
1987-01-04T00:00:00.000+10:00,0.000,140,603
1987-01-05T00:00:00.000+10:00,0.000,140,603
1987-01-06T00:00:00.000+10:00,0.000,140,603
1987-01-07T00:00:00.000+10:00,0.000,140,603
1987-01-08T00:00:00.000+10:00,0.000,140,603
1987-01-09T00:00:00.000+10:00,0.000,140,603
1987-01-10T00:00:00.000+10:00,0.000,140,603
1987-01-11T00:00:00.000+10:00,0.000,140,603
1987-01-12T00:00:00.000+10:00,0.000,140,603
1987-01-13T00:00:00.000+10:00,0.000,140,603
1987-01-14T00:00:00.000+10:00,0.000,140,603
1987-01-15T00:00:00.000+10:00,0.000,140,603
1987-01-16T00:00:00.000+10:00,0.000,140,603
1987-01-17T00:00:00.000+10:00,0.000,140,603
1987-01-18T00:00:00.000+10:00,0.000,140,603
1987-01-19T00:00:00.000+10:00,0.000,140,603
1987-01-20T00:00:00.000+10:00,0.000,140,603
1987-01-21T00:00:00.000+10:00,0.005,140,603
1987-01-22T00:00:00.000+10:00,0.000,140,603
1987-01-23T00:00:00.000+10:00,0.000,140,603
1987-01-24T00:00:00.000+10:00,0.000,140,603
1987-01-25T00:00:00.000+10:00,0.000,140,603
1987-01-26T00:00:00.000+10:00,0.000,140,603
1987-01-27T00:00:00.000+10:00,0.000,140,603
1987-01-28T00:00:00.000+10:00,1.496,140,603
1987-01-29T00:00:00.000+10:00,0.621,140,603
1987-01-30T00:00:00.000+10:00,0.325,140,603
1987-01-31T00:00:00.000+10:00,0.205,140,603
1987-02-01T00:00:00.000+10:00,0.204,140,603
1987-02-02T00:00:00.000+10:00,0.170,140,603
1987-02-03T00:00:00.000+10:00,0.104,140,603
1987-02-04T00:00:00.000+10:00,0.228,140,603
1987-02-05T00:00:00.000+10:00,0.294,140,603
1987-02-06T00:00:00.000+10:00,0.222,140,603
1987-02-07T00:00:00.000+10:00,0.240,140,603
1987-02-08T00:00:00.000+10:00,0.240,140,603
1987-02-09T00:00:00.000+10:00,0.173,140,603
1987-02-10T00:00:00.000+10:00,0.122,140,603
1987-02-11T00:00:00.000+10:00,0.091,140,603
1987-02-12T00:00:00.000+10:00,0.118,140,603
1987-02-13T00:00:00.000+10:00,0.107,140,603
1987-02-14T00:00:00.000+10:00,0.066,140,603
1987-02-15T00:00:00.000+10:00,0.065,140,603
1987-02-16T00:00:00.000+10:00,0.040,140,603
1987-02-17T00:00:00.000+10:00,0.073,140,603
1987-02-18T00:00:00.000+10:00,0.394,140,603
1987-02-19T00:00:00.000+10:00,0.827,140,603
1987-02-20T00:00:00.000+10:00,0.782,140,603
1987-02-21T00:00:00.000+10:00,0.679,140,603
1987-02-22T00:00:00.000+10:00,0.675,140,603
1987-02-23T00:00:00.000+10:00,0.833,140,603
1987-02-24T00:00:00.000+10:00,0.822,140,603
1987-02-25T00:00:00.000+10:00,0.853,140,603
1987-02-26T00:00:00.000+10:00,0.915,140,603
1987-02-27T00:00:00.000+10:00,1.174,140,603
1987-02-28T00:00:00.000+10:00,0.747,140,603
1987-03-01T00:00:00.000+10:00,0.318,140,603
1987-03-02T00:00:00.000+10:00,0.303,140,603
1987-03-03T00:00:00.000+10:00,2.822,140,603
1987-03-04T00:00:00.000+10:00,82.695,140,603
1987-03-05T00:00:00.000+10:00,29.746,140,603
1987-03-06T00:00:00.000+10:00,14.443,140,603
1987-03-07T00:00:00.000+10:00,8.560,140,603
1987-03-08T00:00:00.000+10:00,,-1,603
1987-03-09T00:00:00.000+10:00,,-1,603
1987-03-10T00:00:00.000+10:00,,-1,603
1987-03-11T00:00:00.000+10:00,,-1,603
1987-03-12T00:00:00.000+10:00,,-1,603
1987-03-13T00:00:00.000+10:00,,-1,603
1987-03-14T00:00:00.000+10:00,,-1,603
1987-03-15T00:00:00.000+10:00,,-1,603
1987-03-16T00:00:00.000+10:00,,-1,603
1987-03-17T00:00:00.000+10:00,,-1,603
1987-03-18T00:00:00.000+10:00,,-1,603
1987-03-19T00:00:00.000+10:00,,-1,603
1987-03-20T00:00:00.000+10:00,,-1,603
1987-03-21T00:00:00.000+10:00,,-1,603
1987-03-22T00:00:00.000+10:00,,-1,603
1987-03-23T00:00:00.000+10:00,,-1,603
1987-03-24T00:00:00.000+10:00,,-1,603
1987-03-25T00:00:00.000+10:00,,-1,603
1987-03-26T00:00:00.000+10:00,,-1,603
1987-03-27T00:00:00.000+10:00,,-1,603
1987-03-28T00:00:00.000+10:00,,-1,603
1987-03-29T00:00:00.000+10:00,,-1,603
1987-03-30T00:00:00.000+10:00,,-1,603
1987-03-31T00:00:00.000+10:00,,-1,603
1987-04-01T00:00:00.000+10:00,,-1,603
1987-04-02T00:00:00.000+10:00,,-1,603
1987-04-03T00:00:00.000+10:00,0.231,140,603
1987-04-04T00:00:00.000+10:00,0.415,140,603
1987-04-05T00:00:00.000+10:00,0.332,140,603
1987-04-06T00:00:00.000+10:00,0.178,140,603
1987-04-07T00:00:00.000+10:00,0.230,140,603
1987-04-08T00:00:00.000+10:00,0.184,140,603
1987-04-09T00:00:00.000+10:00,0.149,140,603
1987-04-10T00:00:00.000+10:00,0.135,140,603
1987-04-11T00:00:00.000+10:00,0.123,140,603
1987-04-12T00:00:00.000+10:00,0.115,140,603
1987-04-13T00:00:00.000+10:00,0.102,140,603
1987-04-14T00:00:00.000+10:00,0.080,140,603
1987-04-15T00:00:00.000+10:00,0.098,140,603
1987-04-16T00:00:00.000+10:00,0.104,140,603
1987-04-17T00:00:00.000+10:00,0.124,140,603
1987-04-18T00:00:00.000+10:00,0.125,140,603
1987-04-19T00:00:00.000+10:00,0.154,140,603
1987-04-20T00:00:00.000+10:00,0.121,140,603
1987-04-21T00:00:00.000+10:00,0.117,140,603
1987-04-22T00:00:00.000+10:00,0.123,140,603
1987-04-23T00:00:00.000+10:00,0.122,140,603
1987-04-24T00:00:00.000+10:00,0.151,140,603
1987-04-25T00:00:00.000+10:00,0.828,140,603
1987-04-26T00:00:00.000+10:00,0.669,140,603
1987-04-27T00:00:00.000+10:00,0.427,140,603
1987-04-28T00:00:00.000+10:00,0.329,140,603
1987-04-29T00:00:00.000+10:00,0.269,140,603
1987-04-30T00:00:00.000+10:00,0.257,140,603
1987-05-01T00:00:00.000+10:00,0.233,140,603
1987-05-02T00:00:00.000+10:00,0.230,140,603
1987-05-03T00:00:00.000+10:00,0.305,140,603
1987-05-04T00:00:00.000+10:00,0.346,140,603
1987-05-05T00:00:00.000+10:00,0.375,140,603
1987-05-06T00:00:00.000+10:00,0.465,140,603
1987-05-07T00:00:00.000+10:00,1.402,140,603
1987-05-08T00:00:00.000+10:00,4.933,140,603
1987-05-09T00:00:00.000+10:00,4.976,140,603
1987-05-10T00:00:00.000+10:00,65.502,140,603
1987-05-11T00:00:00.000+10:00,21.446,140,603
1987-05-12T00:00:00.000+10:00,11.946,140,603
1987-05-13T00:00:00.000+10:00,8.355,140,603
1987-05-14T00:00:00.000+10:00,6.463,140,603
1987-05-15T00:00:00.000+10:00,5.711,140,603
1987-05-16T00:00:00.000+10:00,4.660,140,603
1987-05-17T00:00:00.000+10:00,3.678,140,603
1987-05-18T00:00:00.000+10:00,2.975,140,603
1987-05-19T00:00:00.000+10:00,2.612,140,603
1987-05-20T00:00:00.000+10:00,2.401,140,603
1987-05-21T00:00:00.000+10:00,2.102,140,603
1987-05-22T00:00:00.000+10:00,2.000,140,603
1987-05-23T00:00:00.000+10:00,1.985,140,603
1987-05-24T00:00:00.000+10:00,1.717,140,603
1987-05-25T00:00:00.000+10:00,1.564,140,603
1987-05-26T00:00:00.000+10:00,1.446,140,603
1987-05-27T00:00:00.000+10:00,1.354,140,603
1987-05-28T00:00:00.000+10:00,1.273,140,603
1987-05-29T00:00:00.000+10:00,1.096,140,603
1987-05-30T00:00:00.000+10:00,1.011,140,603
1987-05-31T00:00:00.000+10:00,0.882,140,603
1987-06-01T00:00:00.000+10:00,0.843,140,603
1987-06-02T00:00:00.000+10:00,0.716,140,603
1987-06-03T00:00:00.000+10:00,0.651,140,603
1987-06-04T00:00:00.000+10:00,0.648,140,603
1987-06-05T00:00:00.000+10:00,0.600,140,603
1987-06-06T00:00:00.000+10:00,0.747,140,603
1987-06-07T00:00:00.000+10:00,1.611,140,603
1987-06-08T00:00:00.000+10:00,2.278,140,603
1987-06-09T00:00:00.000+10:00,2.690,140,603
1987-06-10T00:00:00.000+10:00,2.332,140,603
1987-06-11T00:00:00.000+10:00,1.885,140,603
1987-06-12T00:00:00.000+10:00,1.628,140,603
1987-06-13T00:00:00.000+10:00,1.468,140,603
1987-06-14T00:00:00.000+10:00,1.404,140,603
1987-06-15T00:00:00.000+10:00,1.263,140,603
1987-06-16T00:00:00.000+10:00,1.605,140,603
1987-06-17T00:00:00.000+10:00,1.830,140,603
1987-06-18T00:00:00.000+10:00,3.895,140,603
1987-06-19T00:00:00.000+10:00,3.901,140,603
1987-06-20T00:00:00.000+10:00,3.329,140,603
1987-06-21T00:00:00.000+10:00,2.955,140,603
1987-06-22T00:00:00.000+10:00,2.683,140,603
1987-06-23T00:00:00.000+10:00,2.395,140,603
1987-06-24T00:00:00.000+10:00,2.218,140,603
1987-06-25T00:00:00.000+10:00,1.976,140,603
1987-06-26T00:00:00.000+10:00,1.921,140,603
1987-06-27T00:00:00.000+10:00,1.709,140,603
1987-06-28T00:00:00.000+10:00,1.560,140,603
1987-06-29T00:00:00.000+10:00,1.477,140,603
1987-06-30T00:00:00.000+10:00,1.349,140,603
1987-07-01T00:00:00.000+10:00,1.297,140,603
1987-07-02T00:00:00.000+10:00,1.208,140,603
1987-07-03T00:00:00.000+10:00,1.128,140,603
1987-07-04T00:00:00.000+10:00,1.097,140,603
1987-07-05T00:00:00.000+10:00,1.064,140,603
1987-07-06T00:00:00.000+10:00,1.162,140,603
1987-07-07T00:00:00.000+10:00,1.132,140,603
1987-07-08T00:00:00.000+10:00,1.044,140,603
1987-07-09T00:00:00.000+10:00,0.995,140,603
1987-07-10T00:00:00.000+10:00,0.864,140,603
1987-07-11T00:00:00.000+10:00,0.786,140,603
1987-07-12T00:00:00.000+10:00,0.765,140,603
1987-07-13T00:00:00.000+10:00,0.692,140,603
1987-07-14T00:00:00.000+10:00,0.653,140,603
1987-07-15T00:00:00.000+10:00,0.660,140,603
1987-07-16T00:00:00.000+10:00,0.639,140,603
1987-07-17T00:00:00.000+10:00,0.654,140,603
1987-07-18T00:00:00.000+10:00,0.668,140,603
1987-07-19T00:00:00.000+10:00,0.822,140,603
1987-07-20T00:00:00.000+10:00,0.622,140,603
1987-07-21T00:00:00.000+10:00,0.310,140,603
1987-07-22T00:00:00.000+10:00,0.326,140,603
1987-07-23T00:00:00.000+10:00,0.452,140,603
1987-07-24T00:00:00.000+10:00,0.471,140,603
1987-07-25T00:00:00.000+10:00,0.420,140,603
1987-07-26T00:00:00.000+10:00,0.417,140,603
1987-07-27T00:00:00.000+10:00,0.405,140,603
1987-07-28T00:00:00.000+10:00,0.634,140,603
1987-07-29T00:00:00.000+10:00,0.924,140,603
1987-07-30T00:00:00.000+10:00,0.619,140,603
1987-07-31T00:00:00.000+10:00,0.549,140,603
1987-08-01T00:00:00.000+10:00,0.494,140,603
1987-08-02T00:00:00.000+10:00,0.477,140,603
1987-08-03T00:00:00.000+10:00,0.489,140,603
1987-08-04T00:00:00.000+10:00,0.471,140,603
1987-08-05T00:00:00.000+10:00,0.437,140,603
1987-08-06T00:00:00.000+10:00,0.419,140,603
1987-08-07T00:00:00.000+10:00,0.401,140,603
1987-08-08T00:00:00.000+10:00,0.357,140,603
1987-08-09T00:00:00.000+10:00,0.377,140,603
1987-08-10T00:00:00.000+10:00,0.522,140,603
1987-08-11T00:00:00.000+10:00,1.212,140,603
1987-08-12T00:00:00.000+10:00,2.458,140,603
1987-08-13T00:00:00.000+10:00,6.048,140,603
1987-08-14T00:00:00.000+10:00,4.178,140,603
1987-08-15T00:00:00.000+10:00,2.960,140,603
1987-08-16T00:00:00.000+10:00,2.497,140,603
1987-08-17T00:00:00.000+10:00,12.100,140,603
1987-08-18T00:00:00.000+10:00,14.552,140,603
1987-08-19T00:00:00.000+10:00,7.735,140,603
1987-08-20T00:00:00.000+10:00,5.951,140,603
1987-08-21T00:00:00.000+10:00,4.441,140,603
1987-08-22T00:00:00.000+10:00,3.369,140,603
1987-08-23T00:00:00.000+10:00,2.809,140,603
1987-08-24T00:00:00.000+10:00,2.457,140,603
1987-08-25T00:00:00.000+10:00,2.218,140,603
1987-08-26T00:00:00.000+10:00,1.999,140,603
1987-08-27T00:00:00.000+10:00,1.784,140,603
1987-08-28T00:00:00.000+10:00,1.748,140,603
1987-08-29T00:00:00.000+10:00,2.928,140,603
1987-08-30T00:00:00.000+10:00,14.891,140,603
1987-08-31T00:00:00.000+10:00,8.412,140,603
1987-09-01T00:00:00.000+10:00,6.372,140,603
1987-09-02T00:00:00.000+10:00,5.016,140,603
1987-09-03T00:00:00.000+10:00,3.907,140,603
1987-09-04T00:00:00.000+10:00,3.517,140,603
1987-09-05T00:00:00.000+10:00,3.011,140,603
1987-09-06T00:00:00.000+10:00,2.727,140,603
1987-09-07T00:00:00.000+10:00,2.447,140,603
1987-09-08T00:00:00.000+10:00,2.220,140,603
1987-09-09T00:00:00.000+10:00,1.982,140,603
1987-09-10T00:00:00.000+10:00,1.803,140,603
1987-09-11T00:00:00.000+10:00,1.627,140,603
1987-09-12T00:00:00.000+10:00,1.508,140,603
1987-09-13T00:00:00.000+10:00,1.374,140,603
1987-09-14T00:00:00.000+10:00,1.281,140,603
1987-09-15T00:00:00.000+10:00,1.111,140,603
1987-09-16T00:00:00.000+10:00,1.227,140,603
1987-09-17T00:00:00.000+10:00,1.060,140,603
1987-09-18T00:00:00.000+10:00,0.827,140,603
1987-09-19T00:00:00.000+10:00,0.876,140,603
1987-09-20T00:00:00.000+10:00,0.864,140,603
1987-09-21T00:00:00.000+10:00,0.820,140,603
1987-09-22T00:00:00.000+10:00,0.737,140,603
1987-09-23T00:00:00.000+10:00,0.727,140,603
1987-09-24T00:00:00.000+10:00,0.652,140,603
1987-09-25T00:00:00.000+10:00,0.617,140,603
1987-09-26T00:00:00.000+10:00,0.561,140,603
1987-09-27T00:00:00.000+10:00,0.601,140,603
1987-09-28T00:00:00.000+10:00,0.564,140,603
1987-09-29T00:00:00.000+10:00,0.492,140,603
1987-09-30T00:00:00.000+10:00,0.529,140,603
1987-10-01T00:00:00.000+10:00,0.492,140,603
1987-10-02T00:00:00.000+10:00,0.445,140,603
1987-10-03T00:00:00.000+10:00,0.298,140,603
1987-10-04T00:00:00.000+10:00,0.457,140,603
1987-10-05T00:00:00.000+10:00,0.504,140,603
1987-10-06T00:00:00.000+10:00,0.399,140,603
1987-10-07T00:00:00.000+10:00,0.379,140,603
1987-10-08T00:00:00.000+10:00,0.341,140,603
1987-10-09T00:00:00.000+10:00,0.448,140,603
1987-10-10T00:00:00.000+10:00,0.420,140,603
1987-10-11T00:00:00.000+10:00,0.506,140,603
1987-10-12T00:00:00.000+10:00,0.677,140,603
1987-10-13T00:00:00.000+10:00,0.358,140,603
1987-10-14T00:00:00.000+10:00,0.678,140,603
1987-10-15T00:00:00.000+10:00,0.709,140,603
1987-10-16T00:00:00.000+10:00,0.745,140,603
1987-10-17T00:00:00.000+10:00,0.695,140,603
1987-10-18T00:00:00.000+10:00,0.672,140,603
1987-10-19T00:00:00.000+10:00,0.681,140,603
1987-10-20T00:00:00.000+10:00,0.682,140,603
1987-10-21T00:00:00.000+10:00,0.731,140,603
1987-10-22T00:00:00.000+10:00,0.623,140,603
1987-10-23T00:00:00.000+10:00,0.255,140,603
1987-10-24T00:00:00.000+10:00,0.531,140,603
1987-10-25T00:00:00.000+10:00,1.123,140,603
1987-10-26T00:00:00.000+10:00,0.563,140,603
1987-10-27T00:00:00.000+10:00,0.329,140,603
1987-10-28T00:00:00.000+10:00,0.242,140,603
1987-10-29T00:00:00.000+10:00,0.190,140,603
1987-10-30T00:00:00.000+10:00,0.191,140,603
1987-10-31T00:00:00.000+10:00,0.163,140,603
1987-11-01T00:00:00.000+10:00,0.143,140,603
1987-11-02T00:00:00.000+10:00,0.137,140,603
1987-11-03T00:00:00.000+10:00,0.160,140,603
1987-11-04T00:00:00.000+10:00,0.153,140,603
1987-11-05T00:00:00.000+10:00,0.221,140,603
1987-11-06T00:00:00.000+10:00,0.204,140,603
1987-11-07T00:00:00.000+10:00,0.215,140,603
1987-11-08T00:00:00.000+10:00,0.212,140,603
1987-11-09T00:00:00.000+10:00,0.155,140,603
1987-11-10T00:00:00.000+10:00,0.143,140,603
1987-11-11T00:00:00.000+10:00,0.124,140,603
1987-11-12T00:00:00.000+10:00,0.179,140,603
1987-11-13T00:00:00.000+10:00,0.271,140,603
1987-11-14T00:00:00.000+10:00,0.244,140,603
1987-11-15T00:00:00.000+10:00,0.157,140,603
1987-11-16T00:00:00.000+10:00,0.111,140,603
1987-11-17T00:00:00.000+10:00,0.149,140,603
1987-11-18T00:00:00.000+10:00,0.235,140,603
1987-11-19T00:00:00.000+10:00,0.242,140,603
1987-11-20T00:00:00.000+10:00,0.381,140,603
1987-11-21T00:00:00.000+10:00,1.012,140,603
1987-11-22T00:00:00.000+10:00,0.640,140,603
1987-11-23T00:00:00.000+10:00,0.404,140,603
1987-11-24T00:00:00.000+10:00,0.233,140,603
1987-11-25T00:00:00.000+10:00,0.151,140,603
1987-11-26T00:00:00.000+10:00,0.101,140,603
1987-11-27T00:00:00.000+10:00,0.084,140,603
1987-11-28T00:00:00.000+10:00,0.058,140,603
1987-11-29T00:00:00.000+10:00,0.057,140,603
1987-11-30T00:00:00.000+10:00,0.054,140,603
1987-12-01T00:00:00.000+10:00,0.069,140,603
1987-12-02T00:00:00.000+10:00,0.100,140,603
1987-12-03T00:00:00.000+10:00,0.092,140,603
1987-12-04T00:00:00.000+10:00,0.077,140,603
1987-12-05T00:00:00.000+10:00,0.079,140,603
1987-12-06T00:00:00.000+10:00,0.086,140,603
1987-12-07T00:00:00.000+10:00,0.075,140,603
1987-12-08T00:00:00.000+10:00,0.043,140,603
1987-12-09T00:00:00.000+10:00,0.013,140,603
1987-12-10T00:00:00.000+10:00,0.004,140,603
1987-12-11T00:00:00.000+10:00,0.001,140,603
1987-12-12T00:00:00.000+10:00,0.000,140,603
1987-12-13T00:00:00.000+10:00,0.000,140,603
1987-12-14T00:00:00.000+10:00,0.000,140,603
1987-12-15T00:00:00.000+10:00,0.000,140,603
1987-12-16T00:00:00.000+10:00,0.000,140,603
1987-12-17T00:00:00.000+10:00,0.000,140,603
1987-12-18T00:00:00.000+10:00,0.000,140,603
1987-12-19T00:00:00.000+10:00,0.000,140,603
1987-12-20T00:00:00.000+10:00,0.000,140,603
1987-12-21T00:00:00.000+10:00,0.999,140,603
1987-12-22T00:00:00.000+10:00,1.213,140,603
1987-12-23T00:00:00.000+10:00,0.175,140,603
1987-12-24T00:00:00.000+10:00,0.103,140,603
1987-12-25T00:00:00.000+10:00,0.128,140,603
1987-12-26T00:00:00.000+10:00,0.094,140,603
1987-12-27T00:00:00.000+10:00,0.064,140,603
1987-12-28T00:00:00.000+10:00,0.040,140,603
1987-12-29T00:00:00.000+10:00,0.029,140,603
1987-12-30T00:00:00.000+10:00,0.756,140,603
1987-12-31T00:00:00.000+10:00,2.874,140,603
1988-01-01T00:00:00.000+10:00,1.504,140,603
1988-01-02T00:00:00.000+10:00,0.945,140,603
1988-01-03T00:00:00.000+10:00,0.688,140,603
1988-01-04T00:00:00.000+10:00,0.445,140,603
1988-01-05T00:00:00.000+10:00,2.989,140,603
1988-01-06T00:00:00.000+10:00,3.967,140,603
1988-01-07T00:00:00.000+10:00,2.170,140,603
1988-01-08T00:00:00.000+10:00,1.371,140,603
1988-01-09T00:00:00.000+10:00,0.865,140,603
1988-01-10T00:00:00.000+10:00,0.692,140,603
1988-01-11T00:00:00.000+10:00,0.491,140,603
1988-01-12T00:00:00.000+10:00,0.447,140,603
1988-01-13T00:00:00.000+10:00,0.445,140,603
1988-01-14T00:00:00.000+10:00,0.334,140,603
1988-01-15T00:00:00.000+10:00,0.270,140,603
1988-01-16T00:00:00.000+10:00,7.080,140,603
1988-01-17T00:00:00.000+10:00,8.747,140,603
1988-01-18T00:00:00.000+10:00,4.651,140,603
1988-01-19T00:00:00.000+10:00,3.143,140,603
1988-01-20T00:00:00.000+10:00,2.311,140,603
1988-01-21T00:00:00.000+10:00,1.807,140,603
1988-01-22T00:00:00.000+10:00,2.376,140,603
1988-01-23T00:00:00.000+10:00,1.609,140,603
1988-01-24T00:00:00.000+10:00,2.983,140,603
1988-01-25T00:00:00.000+10:00,2.047,140,603
1988-01-26T00:00:00.000+10:00,1.602,140,603
1988-01-27T00:00:00.000+10:00,1.364,140,603
1988-01-28T00:00:00.000+10:00,1.235,140,603
1988-01-29T00:00:00.000+10:00,1.088,140,603
1988-01-30T00:00:00.000+10:00,7.384,140,603
1988-01-31T00:00:00.000+10:00,13.961,140,603
1988-02-01T00:00:00.000+10:00,10.714,140,603
1988-02-02T00:00:00.000+10:00,7.268,140,603
1988-02-03T00:00:00.000+10:00,5.260,140,603
1988-02-04T00:00:00.000+10:00,4.086,140,603
1988-02-05T00:00:00.000+10:00,3.413,140,603
1988-02-06T00:00:00.000+10:00,2.774,140,603
1988-02-07T00:00:00.000+10:00,2.474,140,603
1988-02-08T00:00:00.000+10:00,2.214,140,603
1988-02-09T00:00:00.000+10:00,1.821,140,603
1988-02-10T00:00:00.000+10:00,1.566,140,603
1988-02-11T00:00:00.000+10:00,1.427,140,603
1988-02-12T00:00:00.000+10:00,1.211,140,603
1988-02-13T00:00:00.000+10:00,1.219,140,603
1988-02-14T00:00:00.000+10:00,1.313,140,603
1988-02-15T00:00:00.000+10:00,2.498,140,603
1988-02-16T00:00:00.000+10:00,1.924,140,603
1988-02-17T00:00:00.000+10:00,1.457,140,603
1988-02-18T00:00:00.000+10:00,1.274,140,603
1988-02-19T00:00:00.000+10:00,1.069,140,603
1988-02-20T00:00:00.000+10:00,1.020,140,603
1988-02-21T00:00:00.000+10:00,0.975,140,603
1988-02-22T00:00:00.000+10:00,0.778,140,603
1988-02-23T00:00:00.000+10:00,0.723,140,603
1988-02-24T00:00:00.000+10:00,0.677,140,603
1988-02-25T00:00:00.000+10:00,0.637,140,603
1988-02-26T00:00:00.000+10:00,1.039,140,603
1988-02-27T00:00:00.000+10:00,0.861,140,603
1988-02-28T00:00:00.000+10:00,0.715,140,603
1988-02-29T00:00:00.000+10:00,0.581,140,603
1988-03-01T00:00:00.000+10:00,0.581,140,603
1988-03-02T00:00:00.000+10:00,0.468,140,603
1988-03-03T00:00:00.000+10:00,0.445,140,603
1988-03-04T00:00:00.000+10:00,0.526,140,603
1988-03-05T00:00:00.000+10:00,0.396,140,603
1988-03-06T00:00:00.000+10:00,0.591,140,603
1988-03-07T00:00:00.000+10:00,0.642,140,603
1988-03-08T00:00:00.000+10:00,0.958,140,603
1988-03-09T00:00:00.000+10:00,0.821,140,603
1988-03-10T00:00:00.000+10:00,0.666,140,603
1988-03-11T00:00:00.000+10:00,0.659,140,603
1988-03-12T00:00:00.000+10:00,0.590,140,603
1988-03-13T00:00:00.000+10:00,0.477,140,603
1988-03-14T00:00:00.000+10:00,0.357,140,603
1988-03-15T00:00:00.000+10:00,0.320,140,603
1988-03-16T00:00:00.000+10:00,0.714,140,603
1988-03-17T00:00:00.000+10:00,0.759,140,603
1988-03-18T00:00:00.000+10:00,1.578,140,603
1988-03-19T00:00:00.000+10:00,1.374,140,603
1988-03-20T00:00:00.000+10:00,3.733,140,603
1988-03-21T00:00:00.000+10:00,4.207,140,603
1988-03-22T00:00:00.000+10:00,5.086,140,603
1988-03-23T00:00:00.000+10:00,7.826,140,603
1988-03-24T00:00:00.000+10:00,6.370,140,603
1988-03-25T00:00:00.000+10:00,7.239,140,603
1988-03-26T00:00:00.000+10:00,6.530,140,603
1988-03-27T00:00:00.000+10:00,8.232,140,603
1988-03-28T00:00:00.000+10:00,6.401,140,603
1988-03-29T00:00:00.000+10:00,5.227,140,603
1988-03-30T00:00:00.000+10:00,4.306,140,603
1988-03-31T00:00:00.000+10:00,3.710,140,603
1988-04-01T00:00:00.000+10:00,10.080,140,603
1988-04-02T00:00:00.000+10:00,14.582,140,603
1988-04-03T00:00:00.000+10:00,11.942,140,603
1988-04-04T00:00:00.000+10:00,84.110,140,603
1988-04-05T00:00:00.000+10:00,85.101,140,603
1988-04-06T00:00:00.000+10:00,76.661,140,603
1988-04-07T00:00:00.000+10:00,225.910,140,603
1988-04-08T00:00:00.000+10:00,83.051,140,603
1988-04-09T00:00:00.000+10:00,26.332,140,603
1988-04-10T00:00:00.000+10:00,43.892,140,603
1988-04-11T00:00:00.000+10:00,95.889,140,603
1988-04-12T00:00:00.000+10:00,122.691,140,603
1988-04-13T00:00:00.000+10:00,39.256,140,603
1988-04-14T00:00:00.000+10:00,21.015,140,603
1988-04-15T00:00:00.000+10:00,14.858,140,603
1988-04-16T00:00:00.000+10:00,11.872,140,603
1988-04-17T00:00:00.000+10:00,10.415,140,603
1988-04-18T00:00:00.000+10:00,11.988,140,603
1988-04-19T00:00:00.000+10:00,9.938,140,603
1988-04-20T00:00:00.000+10:00,8.569,140,603
1988-04-21T00:00:00.000+10:00,7.817,140,603
1988-04-22T00:00:00.000+10:00,7.076,140,603
1988-04-23T00:00:00.000+10:00,6.496,140,603
1988-04-24T00:00:00.000+10:00,5.923,140,603
1988-04-25T00:00:00.000+10:00,5.340,140,603
1988-04-26T00:00:00.000+10:00,4.888,140,603
1988-04-27T00:00:00.000+10:00,4.559,140,603
1988-04-28T00:00:00.000+10:00,4.561,140,603
1988-04-29T00:00:00.000+10:00,4.127,140,603
1988-04-30T00:00:00.000+10:00,3.836,140,603
1988-05-01T00:00:00.000+10:00,3.737,140,603
1988-05-02T00:00:00.000+10:00,3.847,140,603
1988-05-03T00:00:00.000+10:00,3.347,140,603
1988-05-04T00:00:00.000+10:00,3.561,140,603
1988-05-05T00:00:00.000+10:00,3.192,140,603
1988-05-06T00:00:00.000+10:00,3.023,140,603
1988-05-07T00:00:00.000+10:00,2.777,140,603
1988-05-08T00:00:00.000+10:00,2.641,140,603
1988-05-09T00:00:00.000+10:00,2.487,140,603
1988-05-10T00:00:00.000+10:00,2.400,140,603
1988-05-11T00:00:00.000+10:00,2.282,140,603
1988-05-12T00:00:00.000+10:00,2.188,140,603
1988-05-13T00:00:00.000+10:00,2.095,140,603
1988-05-14T00:00:00.000+10:00,2.000,140,603
1988-05-15T00:00:00.000+10:00,1.954,140,603
1988-05-16T00:00:00.000+10:00,1.856,140,603
1988-05-17T00:00:00.000+10:00,1.821,140,603
1988-05-18T00:00:00.000+10:00,1.789,140,603
1988-05-19T00:00:00.000+10:00,1.680,140,603
1988-05-20T00:00:00.000+10:00,1.649,140,603
1988-05-21T00:00:00.000+10:00,1.560,140,603
1988-05-22T00:00:00.000+10:00,1.504,140,603
1988-05-23T00:00:00.000+10:00,1.477,140,603
1988-05-24T00:00:00.000+10:00,1.479,140,603
1988-05-25T00:00:00.000+10:00,1.409,140,603
1988-05-26T00:00:00.000+10:00,1.789,140,603
1988-05-27T00:00:00.000+10:00,2.114,140,603
1988-05-28T00:00:00.000+10:00,1.667,140,603
1988-05-29T00:00:00.000+10:00,1.468,140,603
1988-05-30T00:00:00.000+10:00,1.316,140,603
1988-05-31T00:00:00.000+10:00,1.254,140,603
1988-06-01T00:00:00.000+10:00,1.275,140,603
1988-06-02T00:00:00.000+10:00,1.257,140,603
1988-06-03T00:00:00.000+10:00,1.313,140,603
1988-06-04T00:00:00.000+10:00,2.443,140,603
1988-06-05T00:00:00.000+10:00,27.250,140,603
1988-06-06T00:00:00.000+10:00,10.864,140,603
1988-06-07T00:00:00.000+10:00,6.871,140,603
1988-06-08T00:00:00.000+10:00,5.067,140,603
1988-06-09T00:00:00.000+10:00,3.952,140,603
1988-06-10T00:00:00.000+10:00,3.375,140,603
1988-06-11T00:00:00.000+10:00,2.932,140,603
1988-06-12T00:00:00.000+10:00,2.660,140,603
1988-06-13T00:00:00.000+10:00,2.401,140,603
1988-06-14T00:00:00.000+10:00,2.227,140,603
1988-06-15T00:00:00.000+10:00,2.082,140,603
1988-06-16T00:00:00.000+10:00,2.037,140,603
1988-06-17T00:00:00.000+10:00,2.025,140,603
1988-06-18T00:00:00.000+10:00,1.789,140,603
1988-06-19T00:00:00.000+10:00,1.736,140,603
1988-06-20T00:00:00.000+10:00,1.566,140,603
1988-06-21T00:00:00.000+10:00,1.523,140,603
1988-06-22T00:00:00.000+10:00,1.473,140,603
1988-06-23T00:00:00.000+10:00,1.385,140,603
1988-06-24T00:00:00.000+10:00,1.307,140,603
1988-06-25T00:00:00.000+10:00,1.358,140,603
1988-06-26T00:00:00.000+10:00,1.351,140,603
1988-06-27T00:00:00.000+10:00,1.243,140,603
1988-06-28T00:00:00.000+10:00,1.255,140,603
1988-06-29T00:00:00.000+10:00,1.312,140,603
1988-06-30T00:00:00.000+10:00,1.258,140,603
1988-07-01T00:00:00.000+10:00,1.216,140,603
1988-07-02T00:00:00.000+10:00,1.196,140,603
1988-07-03T00:00:00.000+10:00,1.227,140,603
1988-07-04T00:00:00.000+10:00,6.179,140,603
1988-07-05T00:00:00.000+10:00,47.200,140,603
1988-07-06T00:00:00.000+10:00,97.407,140,603
1988-07-07T00:00:00.000+10:00,16.947,140,603
1988-07-08T00:00:00.000+10:00,10.557,140,603
1988-07-09T00:00:00.000+10:00,7.897,140,603
1988-07-10T00:00:00.000+10:00,6.421,140,603
1988-07-11T00:00:00.000+10:00,5.933,140,603
1988-07-12T00:00:00.000+10:00,7.062,140,603
1988-07-13T00:00:00.000+10:00,8.130,140,603
1988-07-14T00:00:00.000+10:00,7.929,140,603
1988-07-15T00:00:00.000+10:00,6.829,140,603
1988-07-16T00:00:00.000+10:00,6.055,140,603
1988-07-17T00:00:00.000+10:00,5.332,140,603
1988-07-18T00:00:00.000+10:00,4.635,140,603
1988-07-19T00:00:00.000+10:00,4.106,140,603
1988-07-20T00:00:00.000+10:00,3.637,140,603
1988-07-21T00:00:00.000+10:00,3.285,140,603
1988-07-22T00:00:00.000+10:00,3.047,140,603
1988-07-23T00:00:00.000+10:00,2.825,140,603
1988-07-24T00:00:00.000+10:00,2.677,140,603
1988-07-25T00:00:00.000+10:00,2.501,140,603
1988-07-26T00:00:00.000+10:00,2.381,140,603
1988-07-27T00:00:00.000+10:00,2.187,140,603
1988-07-28T00:00:00.000+10:00,2.088,140,603
1988-07-29T00:00:00.000+10:00,1.999,140,603
1988-07-30T00:00:00.000+10:00,1.908,140,603
1988-07-31T00:00:00.000+10:00,1.803,140,603
1988-08-01T00:00:00.000+10:00,1.646,140,603
1988-08-02T00:00:00.000+10:00,1.494,140,603
1988-08-03T00:00:00.000+10:00,1.439,140,603
1988-08-04T00:00:00.000+10:00,1.471,140,603
1988-08-05T00:00:00.000+10:00,1.338,140,603
1988-08-06T00:00:00.000+10:00,2.561,140,603
1988-08-07T00:00:00.000+10:00,1.588,140,603
1988-08-08T00:00:00.000+10:00,1.340,140,603
1988-08-09T00:00:00.000+10:00,1.216,140,603
1988-08-10T00:00:00.000+10:00,1.131,140,603
1988-08-11T00:00:00.000+10:00,1.059,140,603
1988-08-12T00:00:00.000+10:00,1.012,140,603
1988-08-13T00:00:00.000+10:00,0.977,140,603
1988-08-14T00:00:00.000+10:00,0.975,140,603
1988-08-15T00:00:00.000+10:00,0.957,140,603
1988-08-16T00:00:00.000+10:00,0.920,140,603
1988-08-17T00:00:00.000+10:00,0.858,140,603
1988-08-18T00:00:00.000+10:00,0.830,140,603
1988-08-19T00:00:00.000+10:00,0.824,140,603
1988-08-20T00:00:00.000+10:00,0.778,140,603
1988-08-21T00:00:00.000+10:00,0.739,140,603
1988-08-22T00:00:00.000+10:00,0.722,140,603
1988-08-23T00:00:00.000+10:00,0.718,140,603
1988-08-24T00:00:00.000+10:00,0.687,140,603
1988-08-25T00:00:00.000+10:00,0.665,140,603
1988-08-26T00:00:00.000+10:00,0.742,140,603
1988-08-27T00:00:00.000+10:00,0.789,140,603
1988-08-28T00:00:00.000+10:00,0.791,140,603
1988-08-29T00:00:00.000+10:00,0.697,140,603
1988-08-30T00:00:00.000+10:00,0.632,140,603
1988-08-31T00:00:00.000+10:00,0.685,140,603
1988-09-01T00:00:00.000+10:00,0.668,140,603
1988-09-02T00:00:00.000+10:00,0.708,140,603
1988-09-03T00:00:00.000+10:00,0.724,140,603
1988-09-04T00:00:00.000+10:00,0.623,140,603
1988-09-05T00:00:00.000+10:00,0.599,140,603
1988-09-06T00:00:00.000+10:00,0.606,140,603
1988-09-07T00:00:00.000+10:00,0.645,140,603
1988-09-08T00:00:00.000+10:00,0.617,140,603
1988-09-09T00:00:00.000+10:00,0.566,140,603
1988-09-10T00:00:00.000+10:00,0.500,140,603
1988-09-11T00:00:00.000+10:00,0.484,140,603
1988-09-12T00:00:00.000+10:00,0.525,140,603
1988-09-13T00:00:00.000+10:00,0.475,140,603
1988-09-14T00:00:00.000+10:00,0.545,140,603
1988-09-15T00:00:00.000+10:00,60.060,140,603
1988-09-16T00:00:00.000+10:00,21.932,140,603
1988-09-17T00:00:00.000+10:00,12.797,140,603
1988-09-18T00:00:00.000+10:00,7.463,140,603
1988-09-19T00:00:00.000+10:00,5.139,140,603
1988-09-20T00:00:00.000+10:00,3.761,140,603
1988-09-21T00:00:00.000+10:00,2.957,140,603
1988-09-22T00:00:00.000+10:00,2.616,140,603
1988-09-23T00:00:00.000+10:00,2.352,140,603
1988-09-24T00:00:00.000+10:00,2.022,140,603
1988-09-25T00:00:00.000+10:00,1.882,140,603
1988-09-26T00:00:00.000+10:00,1.749,140,603
1988-09-27T00:00:00.000+10:00,1.603,140,603
1988-09-28T00:00:00.000+10:00,1.588,140,603
1988-09-29T00:00:00.000+10:00,1.433,140,603
1988-09-30T00:00:00.000+10:00,1.294,140,603
1988-10-01T00:00:00.000+10:00,1.230,140,603
1988-10-02T00:00:00.000+10:00,1.194,140,603
1988-10-03T00:00:00.000+10:00,1.050,140,603
1988-10-04T00:00:00.000+10:00,0.967,140,603
1988-10-05T00:00:00.000+10:00,0.753,140,603
1988-10-06T00:00:00.000+10:00,0.745,140,603
1988-10-07T00:00:00.000+10:00,0.774,140,603
1988-10-08T00:00:00.000+10:00,0.832,140,603
1988-10-09T00:00:00.000+10:00,1.005,140,603
1988-10-10T00:00:00.000+10:00,0.829,140,603
1988-10-11T00:00:00.000+10:00,0.705,140,603
1988-10-12T00:00:00.000+10:00,0.653,140,603
1988-10-13T00:00:00.000+10:00,0.653,140,603
1988-10-14T00:00:00.000+10:00,0.544,140,603
1988-10-15T00:00:00.000+10:00,0.487,140,603
1988-10-16T00:00:00.000+10:00,0.425,140,603
1988-10-17T00:00:00.000+10:00,0.473,140,603
1988-10-18T00:00:00.000+10:00,0.414,140,603
1988-10-19T00:00:00.000+10:00,0.390,140,603
1988-10-20T00:00:00.000+10:00,0.470,140,603
1988-10-21T00:00:00.000+10:00,0.443,140,603
1988-10-22T00:00:00.000+10:00,0.251,140,603
1988-10-23T00:00:00.000+10:00,0.245,140,603
1988-10-24T00:00:00.000+10:00,0.263,140,603
1988-10-25T00:00:00.000+10:00,0.253,140,603
1988-10-26T00:00:00.000+10:00,0.309,140,603
1988-10-27T00:00:00.000+10:00,0.379,140,603
1988-10-28T00:00:00.000+10:00,0.300,140,603
1988-10-29T00:00:00.000+10:00,0.277,140,603
1988-10-30T00:00:00.000+10:00,0.242,140,603
1988-10-31T00:00:00.000+10:00,0.278,140,603
1988-11-01T00:00:00.000+10:00,0.333,140,603
1988-11-02T00:00:00.000+10:00,0.280,140,603
1988-11-03T00:00:00.000+10:00,0.250,140,603
1988-11-04T00:00:00.000+10:00,0.229,140,603
1988-11-05T00:00:00.000+10:00,0.209,140,603
1988-11-06T00:00:00.000+10:00,0.158,140,603
1988-11-07T00:00:00.000+10:00,0.227,140,603
1988-11-08T00:00:00.000+10:00,0.130,140,603
1988-11-09T00:00:00.000+10:00,0.199,140,603
1988-11-10T00:00:00.000+10:00,0.181,140,603
1988-11-11T00:00:00.000+10:00,0.131,140,603
1988-11-12T00:00:00.000+10:00,0.159,140,603
1988-11-13T00:00:00.000+10:00,0.166,140,603
1988-11-14T00:00:00.000+10:00,0.153,140,603
1988-11-15T00:00:00.000+10:00,0.137,140,603
1988-11-16T00:00:00.000+10:00,0.488,140,603
1988-11-17T00:00:00.000+10:00,0.524,140,603
1988-11-18T00:00:00.000+10:00,0.284,140,603
1988-11-19T00:00:00.000+10:00,0.200,140,603
1988-11-20T00:00:00.000+10:00,0.243,140,603
1988-11-21T00:00:00.000+10:00,0.318,140,603
1988-11-22T00:00:00.000+10:00,0.386,140,603
1988-11-23T00:00:00.000+10:00,0.346,140,603
1988-11-24T00:00:00.000+10:00,0.269,140,603
1988-11-25T00:00:00.000+10:00,0.198,140,603
1988-11-26T00:00:00.000+10:00,1.936,140,603
1988-11-27T00:00:00.000+10:00,1.838,140,603
1988-11-28T00:00:00.000+10:00,0.836,140,603
1988-11-29T00:00:00.000+10:00,0.602,140,603
1988-11-30T00:00:00.000+10:00,0.550,140,603
1988-12-01T00:00:00.000+10:00,0.387,140,603
1988-12-02T00:00:00.000+10:00,0.206,140,603
1988-12-03T00:00:00.000+10:00,0.180,140,603
1988-12-04T00:00:00.000+10:00,0.161,140,603
1988-12-05T00:00:00.000+10:00,0.136,140,603
1988-12-06T00:00:00.000+10:00,0.122,140,603
1988-12-07T00:00:00.000+10:00,0.122,140,603
1988-12-08T00:00:00.000+10:00,0.206,140,603
1988-12-09T00:00:00.000+10:00,0.733,140,603
1988-12-10T00:00:00.000+10:00,1.013,140,603
1988-12-11T00:00:00.000+10:00,0.657,140,603
1988-12-12T00:00:00.000+10:00,0.657,140,603
1988-12-13T00:00:00.000+10:00,0.644,140,603
1988-12-14T00:00:00.000+10:00,0.471,140,603
1988-12-15T00:00:00.000+10:00,3.296,140,603
1988-12-16T00:00:00.000+10:00,35.128,140,603
1988-12-17T00:00:00.000+10:00,8.121,140,603
1988-12-18T00:00:00.000+10:00,9.016,140,603
1988-12-19T00:00:00.000+10:00,165.592,140,603
1988-12-20T00:00:00.000+10:00,40.383,140,603
1988-12-21T00:00:00.000+10:00,16.038,140,603
1988-12-22T00:00:00.000+10:00,10.476,140,603
1988-12-23T00:00:00.000+10:00,7.613,140,603
1988-12-24T00:00:00.000+10:00,5.780,140,603
1988-12-25T00:00:00.000+10:00,4.612,140,603
1988-12-26T00:00:00.000+10:00,3.730,140,603
1988-12-27T00:00:00.000+10:00,3.237,140,603
1988-12-28T00:00:00.000+10:00,2.870,140,603
1988-12-29T00:00:00.000+10:00,2.560,140,603
1988-12-30T00:00:00.000+10:00,2.364,140,603
1988-12-31T00:00:00.000+10:00,2.122,140,603
1989-01-01T00:00:00.000+10:00,2.182,140,603
1989-01-02T00:00:00.000+10:00,2.324,140,603
1989-01-03T00:00:00.000+10:00,4.992,140,603
1989-01-04T00:00:00.000+10:00,3.491,140,603
1989-01-05T00:00:00.000+10:00,2.925,140,603
1989-01-06T00:00:00.000+10:00,2.729,140,603
1989-01-07T00:00:00.000+10:00,5.681,140,603
1989-01-08T00:00:00.000+10:00,3.813,140,603
1989-01-09T00:00:00.000+10:00,3.134,140,603
1989-01-10T00:00:00.000+10:00,2.980,140,603
1989-01-11T00:00:00.000+10:00,4.628,140,603
1989-01-12T00:00:00.000+10:00,2.866,140,603
1989-01-13T00:00:00.000+10:00,3.560,140,603
1989-01-14T00:00:00.000+10:00,3.673,140,603
1989-01-15T00:00:00.000+10:00,4.082,140,603
1989-01-16T00:00:00.000+10:00,3.620,140,603
1989-01-17T00:00:00.000+10:00,3.063,140,603
1989-01-18T00:00:00.000+10:00,2.673,140,603
1989-01-19T00:00:00.000+10:00,3.171,140,603
1989-01-20T00:00:00.000+10:00,3.506,140,603
1989-01-21T00:00:00.000+10:00,2.588,140,603
1989-01-22T00:00:00.000+10:00,3.217,140,603
1989-01-23T00:00:00.000+10:00,19.858,140,603
1989-01-24T00:00:00.000+10:00,29.290,140,603
1989-01-25T00:00:00.000+10:00,14.147,140,603
1989-01-26T00:00:00.000+10:00,10.823,140,603
1989-01-27T00:00:00.000+10:00,11.760,140,603
1989-01-28T00:00:00.000+10:00,26.615,140,603
1989-01-29T00:00:00.000+10:00,22.801,140,603
1989-01-30T00:00:00.000+10:00,16.369,140,603
1989-01-31T00:00:00.000+10:00,12.908,140,603
1989-02-01T00:00:00.000+10:00,9.920,140,603
1989-02-02T00:00:00.000+10:00,8.155,140,603
1989-02-03T00:00:00.000+10:00,6.679,140,603
1989-02-04T00:00:00.000+10:00,5.422,140,603
1989-02-05T00:00:00.000+10:00,5.182,140,603
1989-02-06T00:00:00.000+10:00,10.013,140,603
1989-02-07T00:00:00.000+10:00,7.295,140,603
1989-02-08T00:00:00.000+10:00,5.629,140,603
1989-02-09T00:00:00.000+10:00,4.713,140,603
1989-02-10T00:00:00.000+10:00,4.471,140,603
1989-02-11T00:00:00.000+10:00,5.021,140,603
1989-02-12T00:00:00.000+10:00,3.913,140,603
1989-02-13T00:00:00.000+10:00,3.967,140,603
1989-02-14T00:00:00.000+10:00,4.050,140,603
1989-02-15T00:00:00.000+10:00,4.499,140,603
1989-02-16T00:00:00.000+10:00,4.112,140,603
1989-02-17T00:00:00.000+10:00,3.686,140,603
1989-02-18T00:00:00.000+10:00,3.973,140,603
1989-02-19T00:00:00.000+10:00,3.844,140,603
1989-02-20T00:00:00.000+10:00,3.396,140,603
1989-02-21T00:00:00.000+10:00,3.754,140,603
1989-02-22T00:00:00.000+10:00,3.140,140,603
1989-02-23T00:00:00.000+10:00,2.831,140,603
1989-02-24T00:00:00.000+10:00,2.620,140,603
1989-02-25T00:00:00.000+10:00,2.547,140,603
1989-02-26T00:00:00.000+10:00,2.575,140,603
1989-02-27T00:00:00.000+10:00,2.695,140,603
1989-02-28T00:00:00.000+10:00,10.019,140,603
1989-03-01T00:00:00.000+10:00,10.349,140,603
1989-03-02T00:00:00.000+10:00,9.169,140,603
1989-03-03T00:00:00.000+10:00,10.021,140,603
1989-03-04T00:00:00.000+10:00,9.925,140,603
1989-03-05T00:00:00.000+10:00,10.847,140,603
1989-03-06T00:00:00.000+10:00,9.349,140,603
1989-03-07T00:00:00.000+10:00,8.059,140,603
1989-03-08T00:00:00.000+10:00,6.776,140,603
1989-03-09T00:00:00.000+10:00,5.813,140,603
1989-03-10T00:00:00.000+10:00,5.189,140,603
1989-03-11T00:00:00.000+10:00,4.472,140,603
1989-03-12T00:00:00.000+10:00,3.999,140,603
1989-03-13T00:00:00.000+10:00,3.763,140,603
1989-03-14T00:00:00.000+10:00,3.199,140,603
1989-03-15T00:00:00.000+10:00,3.074,140,603
1989-03-16T00:00:00.000+10:00,4.018,140,603
1989-03-17T00:00:00.000+10:00,13.516,140,603
1989-03-18T00:00:00.000+10:00,10.094,140,603
1989-03-19T00:00:00.000+10:00,8.708,140,603
1989-03-20T00:00:00.000+10:00,7.322,140,603
1989-03-21T00:00:00.000+10:00,6.006,140,603
1989-03-22T00:00:00.000+10:00,4.900,140,603
1989-03-23T00:00:00.000+10:00,4.347,140,603
1989-03-24T00:00:00.000+10:00,4.004,140,603
1989-03-25T00:00:00.000+10:00,4.636,140,603
1989-03-26T00:00:00.000+10:00,25.340,140,603
1989-03-27T00:00:00.000+10:00,45.803,140,603
1989-03-28T00:00:00.000+10:00,29.231,140,603
1989-03-29T00:00:00.000+10:00,18.275,140,603
1989-03-30T00:00:00.000+10:00,14.489,140,603
1989-03-31T00:00:00.000+10:00,14.267,140,603
1989-04-01T00:00:00.000+10:00,34.001,140,603
1989-04-02T00:00:00.000+10:00,192.937,140,603
1989-04-03T00:00:00.000+10:00,88.259,140,603
1989-04-04T00:00:00.000+10:00,46.404,140,603
1989-04-05T00:00:00.000+10:00,39.342,140,603
1989-04-06T00:00:00.000+10:00,26.773,140,603
1989-04-07T00:00:00.000+10:00,19.503,140,603
1989-04-08T00:00:00.000+10:00,15.631,140,603
1989-04-09T00:00:00.000+10:00,13.659,140,603
1989-04-10T00:00:00.000+10:00,12.710,140,603
1989-04-11T00:00:00.000+10:00,11.039,140,603
1989-04-12T00:00:00.000+10:00,10.108,140,603
1989-04-13T00:00:00.000+10:00,8.374,140,603
1989-04-14T00:00:00.000+10:00,7.087,140,603
1989-04-15T00:00:00.000+10:00,6.308,140,603
1989-04-16T00:00:00.000+10:00,5.539,140,603
1989-04-17T00:00:00.000+10:00,4.928,140,603
1989-04-18T00:00:00.000+10:00,4.346,140,603
1989-04-19T00:00:00.000+10:00,3.865,140,603
1989-04-20T00:00:00.000+10:00,3.545,140,603
1989-04-21T00:00:00.000+10:00,3.318,140,603
1989-04-22T00:00:00.000+10:00,3.215,140,603
1989-04-23T00:00:00.000+10:00,5.433,140,603
1989-04-24T00:00:00.000+10:00,37.527,140,603
1989-04-25T00:00:00.000+10:00,77.861,140,603
1989-04-26T00:00:00.000+10:00,265.320,140,603
1989-04-27T00:00:00.000+10:00,182.154,140,603
1989-04-28T00:00:00.000+10:00,40.118,140,603
1989-04-29T00:00:00.000+10:00,22.166,140,603
1989-04-30T00:00:00.000+10:00,15.338,140,603
1989-05-01T00:00:00.000+10:00,11.601,140,603
1989-05-02T00:00:00.000+10:00,9.462,140,603
1989-05-03T00:00:00.000+10:00,8.295,140,603
1989-05-04T00:00:00.000+10:00,7.499,140,603
1989-05-05T00:00:00.000+10:00,6.728,140,603
1989-05-06T00:00:00.000+10:00,6.044,140,603
1989-05-07T00:00:00.000+10:00,5.536,140,603
1989-05-08T00:00:00.000+10:00,5.246,140,603
1989-05-09T00:00:00.000+10:00,5.571,140,603
1989-05-10T00:00:00.000+10:00,6.021,140,603
1989-05-11T00:00:00.000+10:00,5.086,140,603
1989-05-12T00:00:00.000+10:00,4.641,140,603
1989-05-13T00:00:00.000+10:00,5.232,140,603
1989-05-14T00:00:00.000+10:00,5.804,140,603
1989-05-15T00:00:00.000+10:00,4.838,140,603
1989-05-16T00:00:00.000+10:00,4.497,140,603
1989-05-17T00:00:00.000+10:00,4.525,140,603
1989-05-18T00:00:00.000+10:00,4.296,140,603
1989-05-19T00:00:00.000+10:00,4.147,140,603
1989-05-20T00:00:00.000+10:00,4.071,140,603
1989-05-21T00:00:00.000+10:00,7.835,140,603
1989-05-22T00:00:00.000+10:00,5.987,140,603
1989-05-23T00:00:00.000+10:00,5.178,140,603
1989-05-24T00:00:00.000+10:00,4.683,140,603
1989-05-25T00:00:00.000+10:00,4.412,140,603
1989-05-26T00:00:00.000+10:00,4.139,140,603
1989-05-27T00:00:00.000+10:00,4.148,140,603
1989-05-28T00:00:00.000+10:00,4.662,140,603
1989-05-29T00:00:00.000+10:00,4.522,140,603
1989-05-30T00:00:00.000+10:00,4.630,140,603
1989-05-31T00:00:00.000+10:00,5.801,140,603
1989-06-01T00:00:00.000+10:00,5.462,140,603
1989-06-02T00:00:00.000+10:00,5.059,140,603
1989-06-03T00:00:00.000+10:00,4.820,140,603
1989-06-04T00:00:00.000+10:00,4.638,140,603
1989-06-05T00:00:00.000+10:00,4.438,140,603
1989-06-06T00:00:00.000+10:00,4.483,140,603
1989-06-07T00:00:00.000+10:00,4.235,140,603
1989-06-08T00:00:00.000+10:00,4.063,140,603
1989-06-09T00:00:00.000+10:00,3.970,140,603
1989-06-10T00:00:00.000+10:00,3.746,140,603
1989-06-11T00:00:00.000+10:00,3.631,140,603
1989-06-12T00:00:00.000+10:00,3.519,140,603
1989-06-13T00:00:00.000+10:00,3.500,140,603
1989-06-14T00:00:00.000+10:00,3.449,140,603
1989-06-15T00:00:00.000+10:00,3.377,140,603
1989-06-16T00:00:00.000+10:00,3.297,140,603
1989-06-17T00:00:00.000+10:00,3.267,140,603
1989-06-18T00:00:00.000+10:00,3.222,140,603
1989-06-19T00:00:00.000+10:00,3.164,140,603
1989-06-20T00:00:00.000+10:00,3.099,140,603
1989-06-21T00:00:00.000+10:00,3.217,140,603
1989-06-22T00:00:00.000+10:00,88.925,140,603
1989-06-23T00:00:00.000+10:00,28.224,140,603
1989-06-24T00:00:00.000+10:00,13.209,140,603
1989-06-25T00:00:00.000+10:00,8.999,140,603
1989-06-26T00:00:00.000+10:00,7.173,140,603
1989-06-27T00:00:00.000+10:00,5.965,140,603
1989-06-28T00:00:00.000+10:00,11.974,140,603
1989-06-29T00:00:00.000+10:00,43.624,140,603
1989-06-30T00:00:00.000+10:00,40.951,140,603
1989-07-01T00:00:00.000+10:00,18.996,140,603
1989-07-02T00:00:00.000+10:00,13.075,140,603
1989-07-03T00:00:00.000+10:00,10.292,140,603
1989-07-04T00:00:00.000+10:00,8.776,140,603
1989-07-05T00:00:00.000+10:00,7.670,140,603
1989-07-06T00:00:00.000+10:00,6.648,140,603
1989-07-07T00:00:00.000+10:00,5.981,140,603
1989-07-08T00:00:00.000+10:00,5.255,140,603
1989-07-09T00:00:00.000+10:00,4.747,140,603
1989-07-10T00:00:00.000+10:00,4.488,140,603
1989-07-11T00:00:00.000+10:00,4.102,140,603
1989-07-12T00:00:00.000+10:00,3.608,140,603
1989-07-13T00:00:00.000+10:00,3.283,140,603
1989-07-14T00:00:00.000+10:00,3.097,140,603
1989-07-15T00:00:00.000+10:00,2.898,140,603
1989-07-16T00:00:00.000+10:00,2.704,140,603
1989-07-17T00:00:00.000+10:00,2.566,140,603
1989-07-18T00:00:00.000+10:00,2.296,140,603
1989-07-19T00:00:00.000+10:00,2.298,140,603
1989-07-20T00:00:00.000+10:00,2.006,140,603
1989-07-21T00:00:00.000+10:00,1.787,140,603
1989-07-22T00:00:00.000+10:00,1.715,140,603
1989-07-23T00:00:00.000+10:00,1.655,140,603
1989-07-24T00:00:00.000+10:00,1.629,140,603
1989-07-25T00:00:00.000+10:00,1.488,140,603
1989-07-26T00:00:00.000+10:00,1.486,140,603
1989-07-27T00:00:00.000+10:00,2.934,140,603
1989-07-28T00:00:00.000+10:00,2.591,140,603
1989-07-29T00:00:00.000+10:00,2.092,140,603
1989-07-30T00:00:00.000+10:00,1.966,140,603
1989-07-31T00:00:00.000+10:00,1.879,140,603
1989-08-01T00:00:00.000+10:00,1.719,140,603
1989-08-02T00:00:00.000+10:00,1.657,140,603
1989-08-03T00:00:00.000+10:00,1.535,140,603
1989-08-04T00:00:00.000+10:00,1.537,140,603
1989-08-05T00:00:00.000+10:00,1.465,140,603
1989-08-06T00:00:00.000+10:00,1.398,140,603
1989-08-07T00:00:00.000+10:00,1.370,140,603
1989-08-08T00:00:00.000+10:00,1.345,140,603
1989-08-09T00:00:00.000+10:00,1.308,140,603
1989-08-10T00:00:00.000+10:00,1.225,140,603
1989-08-11T00:00:00.000+10:00,1.133,140,603
1989-08-12T00:00:00.000+10:00,1.132,140,603
1989-08-13T00:00:00.000+10:00,1.107,140,603
1989-08-14T00:00:00.000+10:00,1.101,140,603
1989-08-15T00:00:00.000+10:00,1.174,140,603
1989-08-16T00:00:00.000+10:00,1.157,140,603
1989-08-17T00:00:00.000+10:00,1.367,140,603
1989-08-18T00:00:00.000+10:00,1.382,140,603
1989-08-19T00:00:00.000+10:00,1.543,140,603
1989-08-20T00:00:00.000+10:00,1.293,140,603
1989-08-21T00:00:00.000+10:00,1.195,140,603
1989-08-22T00:00:00.000+10:00,1.244,140,603
1989-08-23T00:00:00.000+10:00,1.223,140,603
1989-08-24T00:00:00.000+10:00,1.281,140,603
1989-08-25T00:00:00.000+10:00,1.232,140,603
1989-08-26T00:00:00.000+10:00,1.170,140,603
1989-08-27T00:00:00.000+10:00,1.131,140,603
1989-08-28T00:00:00.000+10:00,1.086,140,603
1989-08-29T00:00:00.000+10:00,1.042,140,603
1989-08-30T00:00:00.000+10:00,1.027,140,603
1989-08-31T00:00:00.000+10:00,1.027,140,603
1989-09-01T00:00:00.000+10:00,0.915,140,603
1989-09-02T00:00:00.000+10:00,0.663,140,603
1989-09-03T00:00:00.000+10:00,0.640,140,603
1989-09-04T00:00:00.000+10:00,0.567,140,603
1989-09-05T00:00:00.000+10:00,0.633,140,603
1989-09-06T00:00:00.000+10:00,0.611,140,603
1989-09-07T00:00:00.000+10:00,0.552,140,603
1989-09-08T00:00:00.000+10:00,0.484,140,603
1989-09-09T00:00:00.000+10:00,0.486,140,603
1989-09-10T00:00:00.000+10:00,0.473,140,603
1989-09-11T00:00:00.000+10:00,0.465,140,603
1989-09-12T00:00:00.000+10:00,0.499,140,603
1989-09-13T00:00:00.000+10:00,0.494,140,603
1989-09-14T00:00:00.000+10:00,0.562,140,603
1989-09-15T00:00:00.000+10:00,0.548,140,603
1989-09-16T00:00:00.000+10:00,0.512,140,603
1989-09-17T00:00:00.000+10:00,0.468,140,603
1989-09-18T00:00:00.000+10:00,0.448,140,603
1989-09-19T00:00:00.000+10:00,0.443,140,603
1989-09-20T00:00:00.000+10:00,0.463,140,603
1989-09-21T00:00:00.000+10:00,0.433,140,603
1989-09-22T00:00:00.000+10:00,0.412,140,603
1989-09-23T00:00:00.000+10:00,0.417,140,603
1989-09-24T00:00:00.000+10:00,0.337,140,603
1989-09-25T00:00:00.000+10:00,0.282,140,603
1989-09-26T00:00:00.000+10:00,0.177,140,603
1989-09-27T00:00:00.000+10:00,0.280,140,603
1989-09-28T00:00:00.000+10:00,0.214,140,603
1989-09-29T00:00:00.000+10:00,0.211,140,603
1989-09-30T00:00:00.000+10:00,0.225,140,603
1989-10-01T00:00:00.000+10:00,0.204,140,603
1989-10-02T00:00:00.000+10:00,0.193,140,603
1989-10-03T00:00:00.000+10:00,0.098,140,603
1989-10-04T00:00:00.000+10:00,0.167,140,603
1989-10-05T00:00:00.000+10:00,0.164,140,603
1989-10-06T00:00:00.000+10:00,0.240,140,603
1989-10-07T00:00:00.000+10:00,0.071,140,603
1989-10-08T00:00:00.000+10:00,0.067,140,603
1989-10-09T00:00:00.000+10:00,0.062,140,603
1989-10-10T00:00:00.000+10:00,0.055,140,603
1989-10-11T00:00:00.000+10:00,0.062,140,603
1989-10-12T00:00:00.000+10:00,0.057,140,603
1989-10-13T00:00:00.000+10:00,0.084,140,603
1989-10-14T00:00:00.000+10:00,0.152,140,603
1989-10-15T00:00:00.000+10:00,0.033,140,603
1989-10-16T00:00:00.000+10:00,0.041,140,603
1989-10-17T00:00:00.000+10:00,0.164,140,603
1989-10-18T00:00:00.000+10:00,0.039,140,603
1989-10-19T00:00:00.000+10:00,0.055,140,603
1989-10-20T00:00:00.000+10:00,0.109,140,603
1989-10-21T00:00:00.000+10:00,0.169,140,603
1989-10-22T00:00:00.000+10:00,0.220,140,603
1989-10-23T00:00:00.000+10:00,0.083,140,603
1989-10-24T00:00:00.000+10:00,0.202,140,603
1989-10-25T00:00:00.000+10:00,0.028,140,603
1989-10-26T00:00:00.000+10:00,0.022,140,603
1989-10-27T00:00:00.000+10:00,0.022,140,603
1989-10-28T00:00:00.000+10:00,0.012,140,603
1989-10-29T00:00:00.000+10:00,0.004,140,603
1989-10-30T00:00:00.000+10:00,0.001,140,603
1989-10-31T00:00:00.000+10:00,0.000,140,603
1989-11-01T00:00:00.000+10:00,0.000,140,603
1989-11-02T00:00:00.000+10:00,0.013,140,603
1989-11-03T00:00:00.000+10:00,0.105,140,603
1989-11-04T00:00:00.000+10:00,0.187,140,603
1989-11-05T00:00:00.000+10:00,0.400,140,603
1989-11-06T00:00:00.000+10:00,0.447,140,603
1989-11-07T00:00:00.000+10:00,0.488,140,603
1989-11-08T00:00:00.000+10:00,0.381,140,603
1989-11-09T00:00:00.000+10:00,0.235,140,603
1989-11-10T00:00:00.000+10:00,0.260,140,603
1989-11-11T00:00:00.000+10:00,0.478,140,603
1989-11-12T00:00:00.000+10:00,3.823,140,603
1989-11-13T00:00:00.000+10:00,1.417,140,603
1989-11-14T00:00:00.000+10:00,0.718,140,603
1989-11-15T00:00:00.000+10:00,0.609,140,603
1989-11-16T00:00:00.000+10:00,0.537,140,603
1989-11-17T00:00:00.000+10:00,0.584,140,603
1989-11-18T00:00:00.000+10:00,0.656,140,603
1989-11-19T00:00:00.000+10:00,0.571,140,603
1989-11-20T00:00:00.000+10:00,3.121,140,603
1989-11-21T00:00:00.000+10:00,1.916,140,603
1989-11-22T00:00:00.000+10:00,1.163,140,603
1989-11-23T00:00:00.000+10:00,0.822,140,603
1989-11-24T00:00:00.000+10:00,0.662,140,603
1989-11-25T00:00:00.000+10:00,0.540,140,603
1989-11-26T00:00:00.000+10:00,0.456,140,603
1989-11-27T00:00:00.000+10:00,0.461,140,603
1989-11-28T00:00:00.000+10:00,0.581,140,603
1989-11-29T00:00:00.000+10:00,0.487,140,603
1989-11-30T00:00:00.000+10:00,0.409,140,603
1989-12-01T00:00:00.000+10:00,0.290,140,603
1989-12-02T00:00:00.000+10:00,0.231,140,603
1989-12-03T00:00:00.000+10:00,0.207,140,603
1989-12-04T00:00:00.000+10:00,0.393,140,603
1989-12-05T00:00:00.000+10:00,0.521,140,603
1989-12-06T00:00:00.000+10:00,1.087,140,603
1989-12-07T00:00:00.000+10:00,0.694,140,603
1989-12-08T00:00:00.000+10:00,7.040,140,603
1989-12-09T00:00:00.000+10:00,9.254,140,603
1989-12-10T00:00:00.000+10:00,4.353,140,603
1989-12-11T00:00:00.000+10:00,2.684,140,603
1989-12-12T00:00:00.000+10:00,1.935,140,603
1989-12-13T00:00:00.000+10:00,1.900,140,603
1989-12-14T00:00:00.000+10:00,1.545,140,603
1989-12-15T00:00:00.000+10:00,1.213,140,603
1989-12-16T00:00:00.000+10:00,1.000,140,603
1989-12-17T00:00:00.000+10:00,0.913,140,603
1989-12-18T00:00:00.000+10:00,0.721,140,603
1989-12-19T00:00:00.000+10:00,0.660,140,603
1989-12-20T00:00:00.000+10:00,0.577,140,603
1989-12-21T00:00:00.000+10:00,0.480,140,603
1989-12-22T00:00:00.000+10:00,0.486,140,603
1989-12-23T00:00:00.000+10:00,0.481,140,603
1989-12-24T00:00:00.000+10:00,0.540,140,603
1989-12-25T00:00:00.000+10:00,0.573,140,603
1989-12-26T00:00:00.000+10:00,0.384,140,603
1989-12-27T00:00:00.000+10:00,0.317,140,603
1989-12-28T00:00:00.000+10:00,0.258,140,603
1989-12-29T00:00:00.000+10:00,0.217,140,603
1989-12-30T00:00:00.000+10:00,0.195,140,603
1989-12-31T00:00:00.000+10:00,0.177,140,603
1990-01-01T00:00:00.000+10:00,0.153,140,603
1990-01-02T00:00:00.000+10:00,0.122,140,603
1990-01-03T00:00:00.000+10:00,0.051,140,603
1990-01-04T00:00:00.000+10:00,0.065,140,603
1990-01-05T00:00:00.000+10:00,0.042,140,603
1990-01-06T00:00:00.000+10:00,0.098,140,603
1990-01-07T00:00:00.000+10:00,0.105,140,603
1990-01-08T00:00:00.000+10:00,0.085,140,603
1990-01-09T00:00:00.000+10:00,0.063,140,603
1990-01-10T00:00:00.000+10:00,0.068,140,603
1990-01-11T00:00:00.000+10:00,0.122,140,603
1990-01-12T00:00:00.000+10:00,0.097,140,603
1990-01-13T00:00:00.000+10:00,0.099,140,603
1990-01-14T00:00:00.000+10:00,0.121,140,603
1990-01-15T00:00:00.000+10:00,0.140,140,603
1990-01-16T00:00:00.000+10:00,1.065,140,603
1990-01-17T00:00:00.000+10:00,0.693,140,603
1990-01-18T00:00:00.000+10:00,0.335,140,603
1990-01-19T00:00:00.000+10:00,0.106,140,603
1990-01-20T00:00:00.000+10:00,0.072,140,603
1990-01-21T00:00:00.000+10:00,0.179,140,603
1990-01-22T00:00:00.000+10:00,1.353,140,603
1990-01-23T00:00:00.000+10:00,2.837,140,603
1990-01-24T00:00:00.000+10:00,1.296,140,603
1990-01-25T00:00:00.000+10:00,1.150,140,603
1990-01-26T00:00:00.000+10:00,0.893,140,603
1990-01-27T00:00:00.000+10:00,0.562,140,603
1990-01-28T00:00:00.000+10:00,0.524,140,603
1990-01-29T00:00:00.000+10:00,0.588,140,603
1990-01-30T00:00:00.000+10:00,0.556,140,603
1990-01-31T00:00:00.000+10:00,0.480,140,603
1990-02-01T00:00:00.000+10:00,0.592,140,603
1990-02-02T00:00:00.000+10:00,8.185,140,603
1990-02-03T00:00:00.000+10:00,74.059,140,603
1990-02-04T00:00:00.000+10:00,68.121,140,603
1990-02-05T00:00:00.000+10:00,14.414,140,603
1990-02-06T00:00:00.000+10:00,8.019,140,603
1990-02-07T00:00:00.000+10:00,5.724,140,603
1990-02-08T00:00:00.000+10:00,10.771,140,603
1990-02-09T00:00:00.000+10:00,18.988,140,603
1990-02-10T00:00:00.000+10:00,24.583,140,603
1990-02-11T00:00:00.000+10:00,9.662,140,603
1990-02-12T00:00:00.000+10:00,6.668,140,603
1990-02-13T00:00:00.000+10:00,6.508,140,603
1990-02-14T00:00:00.000+10:00,9.936,140,603
1990-02-15T00:00:00.000+10:00,6.455,140,603
1990-02-16T00:00:00.000+10:00,4.965,140,603
1990-02-17T00:00:00.000+10:00,4.048,140,603
1990-02-18T00:00:00.000+10:00,3.420,140,603
1990-02-19T00:00:00.000+10:00,7.226,140,603
1990-02-20T00:00:00.000+10:00,7.295,140,603
1990-02-21T00:00:00.000+10:00,4.890,140,603
1990-02-22T00:00:00.000+10:00,3.984,140,603
1990-02-23T00:00:00.000+10:00,3.154,140,603
1990-02-24T00:00:00.000+10:00,2.705,140,603
1990-02-25T00:00:00.000+10:00,2.386,140,603
1990-02-26T00:00:00.000+10:00,3.647,140,603
1990-02-27T00:00:00.000+10:00,17.113,140,603
1990-02-28T00:00:00.000+10:00,6.359,140,603
1990-03-01T00:00:00.000+10:00,4.641,140,603
1990-03-02T00:00:00.000+10:00,3.572,140,603
1990-03-03T00:00:00.000+10:00,3.074,140,603
1990-03-04T00:00:00.000+10:00,2.671,140,603
1990-03-05T00:00:00.000+10:00,2.309,140,603
1990-03-06T00:00:00.000+10:00,3.156,140,603
1990-03-07T00:00:00.000+10:00,5.732,140,603
1990-03-08T00:00:00.000+10:00,7.048,140,603
1990-03-09T00:00:00.000+10:00,4.923,140,603
1990-03-10T00:00:00.000+10:00,3.703,140,603
1990-03-11T00:00:00.000+10:00,2.971,140,603
1990-03-12T00:00:00.000+10:00,2.770,140,603
1990-03-13T00:00:00.000+10:00,5.885,140,603
1990-03-14T00:00:00.000+10:00,5.507,140,603
1990-03-15T00:00:00.000+10:00,5.425,140,603
1990-03-16T00:00:00.000+10:00,4.342,140,603
1990-03-17T00:00:00.000+10:00,3.793,140,603
1990-03-18T00:00:00.000+10:00,3.339,140,603
1990-03-19T00:00:00.000+10:00,3.030,140,603
1990-03-20T00:00:00.000+10:00,2.846,140,603
1990-03-21T00:00:00.000+10:00,3.004,140,603
1990-03-22T00:00:00.000+10:00,2.859,140,603
1990-03-23T00:00:00.000+10:00,3.188,140,603
1990-03-24T00:00:00.000+10:00,3.506,140,603
1990-03-25T00:00:00.000+10:00,3.331,140,603
1990-03-26T00:00:00.000+10:00,5.287,140,603
1990-03-27T00:00:00.000+10:00,12.248,140,603
1990-03-28T00:00:00.000+10:00,12.364,140,603
1990-03-29T00:00:00.000+10:00,9.406,140,603
1990-03-30T00:00:00.000+10:00,7.778,140,603
1990-03-31T00:00:00.000+10:00,7.140,140,603
1990-04-01T00:00:00.000+10:00,8.398,140,603
1990-04-02T00:00:00.000+10:00,11.556,140,603
1990-04-03T00:00:00.000+10:00,9.633,140,603
1990-04-04T00:00:00.000+10:00,22.747,140,603
1990-04-05T00:00:00.000+10:00,122.716,140,603
1990-04-06T00:00:00.000+10:00,67.049,140,603
1990-04-07T00:00:00.000+10:00,31.741,140,603
1990-04-08T00:00:00.000+10:00,43.556,140,603
1990-04-09T00:00:00.000+10:00,49.853,140,603
1990-04-10T00:00:00.000+10:00,23.789,140,603
1990-04-11T00:00:00.000+10:00,17.389,140,603
1990-04-12T00:00:00.000+10:00,13.370,140,603
1990-04-13T00:00:00.000+10:00,10.969,140,603
1990-04-14T00:00:00.000+10:00,9.366,140,603
1990-04-15T00:00:00.000+10:00,8.502,140,603
1990-04-16T00:00:00.000+10:00,8.073,140,603
1990-04-17T00:00:00.000+10:00,14.869,140,603
1990-04-18T00:00:00.000+10:00,9.844,140,603
1990-04-19T00:00:00.000+10:00,8.832,140,603
1990-04-20T00:00:00.000+10:00,14.662,140,603
1990-04-21T00:00:00.000+10:00,42.251,140,603
1990-04-22T00:00:00.000+10:00,16.010,140,603
1990-04-23T00:00:00.000+10:00,11.825,140,603
1990-04-24T00:00:00.000+10:00,9.854,140,603
1990-04-25T00:00:00.000+10:00,8.559,140,603
1990-04-26T00:00:00.000+10:00,7.425,140,603
1990-04-27T00:00:00.000+10:00,6.586,140,603
1990-04-28T00:00:00.000+10:00,5.854,140,603
1990-04-29T00:00:00.000+10:00,5.512,140,603
1990-04-30T00:00:00.000+10:00,5.068,140,603
1990-05-01T00:00:00.000+10:00,4.564,140,603
1990-05-02T00:00:00.000+10:00,4.224,140,603
1990-05-03T00:00:00.000+10:00,3.898,140,603
1990-05-04T00:00:00.000+10:00,3.646,140,603
1990-05-05T00:00:00.000+10:00,3.509,140,603
1990-05-06T00:00:00.000+10:00,3.247,140,603
1990-05-07T00:00:00.000+10:00,3.110,140,603
1990-05-08T00:00:00.000+10:00,3.095,140,603
1990-05-09T00:00:00.000+10:00,3.073,140,603
1990-05-10T00:00:00.000+10:00,2.880,140,603
1990-05-11T00:00:00.000+10:00,2.904,140,603
1990-05-12T00:00:00.000+10:00,2.729,140,603
1990-05-13T00:00:00.000+10:00,2.673,140,603
1990-05-14T00:00:00.000+10:00,2.548,140,603
1990-05-15T00:00:00.000+10:00,2.292,140,603
1990-05-16T00:00:00.000+10:00,2.339,140,603
1990-05-17T00:00:00.000+10:00,2.513,140,603
1990-05-18T00:00:00.000+10:00,2.546,140,603
1990-05-19T00:00:00.000+10:00,2.311,140,603
1990-05-20T00:00:00.000+10:00,2.207,140,603
1990-05-21T00:00:00.000+10:00,1.974,140,603
1990-05-22T00:00:00.000+10:00,1.735,140,603
1990-05-23T00:00:00.000+10:00,3.248,140,603
1990-05-24T00:00:00.000+10:00,2.838,140,603
1990-05-25T00:00:00.000+10:00,2.395,140,603
1990-05-26T00:00:00.000+10:00,1.933,140,603
1990-05-27T00:00:00.000+10:00,1.960,140,603
1990-05-28T00:00:00.000+10:00,11.820,140,603
1990-05-29T00:00:00.000+10:00,57.220,140,603
1990-05-30T00:00:00.000+10:00,37.145,140,603
1990-05-31T00:00:00.000+10:00,21.834,140,603
1990-06-01T00:00:00.000+10:00,13.302,140,603
1990-06-02T00:00:00.000+10:00,9.886,140,603
1990-06-03T00:00:00.000+10:00,8.243,140,603
1990-06-04T00:00:00.000+10:00,7.045,140,603
1990-06-05T00:00:00.000+10:00,6.082,140,603
1990-06-06T00:00:00.000+10:00,8.418,140,603
1990-06-07T00:00:00.000+10:00,9.391,140,603
1990-06-08T00:00:00.000+10:00,17.437,140,603
1990-06-09T00:00:00.000+10:00,24.014,140,603
1990-06-10T00:00:00.000+10:00,14.352,140,603
1990-06-11T00:00:00.000+10:00,11.318,140,603
1990-06-12T00:00:00.000+10:00,9.415,140,603
1990-06-13T00:00:00.000+10:00,8.074,140,603
1990-06-14T00:00:00.000+10:00,7.117,140,603
1990-06-15T00:00:00.000+10:00,6.261,140,603
1990-06-16T00:00:00.000+10:00,6.027,140,603
1990-06-17T00:00:00.000+10:00,6.011,140,603
1990-06-18T00:00:00.000+10:00,5.585,140,603
1990-06-19T00:00:00.000+10:00,5.211,140,603
1990-06-20T00:00:00.000+10:00,4.745,140,603
1990-06-21T00:00:00.000+10:00,4.457,140,603
1990-06-22T00:00:00.000+10:00,4.263,140,603
1990-06-23T00:00:00.000+10:00,4.008,140,603
1990-06-24T00:00:00.000+10:00,3.967,140,603
1990-06-25T00:00:00.000+10:00,3.773,140,603
1990-06-26T00:00:00.000+10:00,3.621,140,603
1990-06-27T00:00:00.000+10:00,3.341,140,603
1990-06-28T00:00:00.000+10:00,3.207,140,603
1990-06-29T00:00:00.000+10:00,3.053,140,603
1990-06-30T00:00:00.000+10:00,2.966,140,603
1990-07-01T00:00:00.000+10:00,2.856,140,603
1990-07-02T00:00:00.000+10:00,2.701,140,603
1990-07-03T00:00:00.000+10:00,2.586,140,603
1990-07-04T00:00:00.000+10:00,2.512,140,603
1990-07-05T00:00:00.000+10:00,2.433,140,603
1990-07-06T00:00:00.000+10:00,2.322,140,603
1990-07-07T00:00:00.000+10:00,2.205,140,603
1990-07-08T00:00:00.000+10:00,2.176,140,603
1990-07-09T00:00:00.000+10:00,2.202,140,603
1990-07-10T00:00:00.000+10:00,2.071,140,603
1990-07-11T00:00:00.000+10:00,1.980,140,603
1990-07-12T00:00:00.000+10:00,1.941,140,603
1990-07-13T00:00:00.000+10:00,1.961,140,603
1990-07-14T00:00:00.000+10:00,2.342,140,603
1990-07-15T00:00:00.000+10:00,2.535,140,603
1990-07-16T00:00:00.000+10:00,2.511,140,603
1990-07-17T00:00:00.000+10:00,2.499,140,603
1990-07-18T00:00:00.000+10:00,2.344,140,603
1990-07-19T00:00:00.000+10:00,2.153,140,603
1990-07-20T00:00:00.000+10:00,2.153,140,603
1990-07-21T00:00:00.000+10:00,2.074,140,603
1990-07-22T00:00:00.000+10:00,2.038,140,603
1990-07-23T00:00:00.000+10:00,1.929,140,603
1990-07-24T00:00:00.000+10:00,1.889,140,603
1990-07-25T00:00:00.000+10:00,1.906,140,603
1990-07-26T00:00:00.000+10:00,1.913,140,603
1990-07-27T00:00:00.000+10:00,3.383,140,603
1990-07-28T00:00:00.000+10:00,4.082,140,603
1990-07-29T00:00:00.000+10:00,2.848,140,603
1990-07-30T00:00:00.000+10:00,2.285,140,603
1990-07-31T00:00:00.000+10:00,2.134,140,603
1990-08-01T00:00:00.000+10:00,2.724,140,603
1990-08-02T00:00:00.000+10:00,2.449,140,603
1990-08-03T00:00:00.000+10:00,2.299,140,603
1990-08-04T00:00:00.000+10:00,2.165,140,603
1990-08-05T00:00:00.000+10:00,2.064,140,603
1990-08-06T00:00:00.000+10:00,1.916,140,603
1990-08-07T00:00:00.000+10:00,1.795,140,603
1990-08-08T00:00:00.000+10:00,1.782,140,603
1990-08-09T00:00:00.000+10:00,1.714,140,603
1990-08-10T00:00:00.000+10:00,1.740,140,603
1990-08-11T00:00:00.000+10:00,1.538,140,603
1990-08-12T00:00:00.000+10:00,1.501,140,603
1990-08-13T00:00:00.000+10:00,1.352,140,603
1990-08-14T00:00:00.000+10:00,1.328,140,603
1990-08-15T00:00:00.000+10:00,1.352,140,603
1990-08-16T00:00:00.000+10:00,1.327,140,603
1990-08-17T00:00:00.000+10:00,1.203,140,603
1990-08-18T00:00:00.000+10:00,1.127,140,603
1990-08-19T00:00:00.000+10:00,1.099,140,603
1990-08-20T00:00:00.000+10:00,1.099,140,603
1990-08-21T00:00:00.000+10:00,1.072,140,603
1990-08-22T00:00:00.000+10:00,1.027,140,603
1990-08-23T00:00:00.000+10:00,0.923,140,603
1990-08-24T00:00:00.000+10:00,0.896,140,603
1990-08-25T00:00:00.000+10:00,0.825,140,603
1990-08-26T00:00:00.000+10:00,0.846,140,603
1990-08-27T00:00:00.000+10:00,0.799,140,603
1990-08-28T00:00:00.000+10:00,0.762,140,603
1990-08-29T00:00:00.000+10:00,0.785,140,603
1990-08-30T00:00:00.000+10:00,0.709,140,603
1990-08-31T00:00:00.000+10:00,0.857,140,603
1990-09-01T00:00:00.000+10:00,1.120,140,603
1990-09-02T00:00:00.000+10:00,0.970,140,603
1990-09-03T00:00:00.000+10:00,0.786,140,603
1990-09-04T00:00:00.000+10:00,0.654,140,603
1990-09-05T00:00:00.000+10:00,0.676,140,603
1990-09-06T00:00:00.000+10:00,0.649,140,603
1990-09-07T00:00:00.000+10:00,0.609,140,603
1990-09-08T00:00:00.000+10:00,0.578,140,603
1990-09-09T00:00:00.000+10:00,0.591,140,603
1990-09-10T00:00:00.000+10:00,0.535,140,603
1990-09-11T00:00:00.000+10:00,0.485,140,603
1990-09-12T00:00:00.000+10:00,0.658,140,603
1990-09-13T00:00:00.000+10:00,0.618,140,603
1990-09-14T00:00:00.000+10:00,0.705,140,603
1990-09-15T00:00:00.000+10:00,2.514,140,603
1990-09-16T00:00:00.000+10:00,3.208,140,603
1990-09-17T00:00:00.000+10:00,1.533,140,603
1990-09-18T00:00:00.000+10:00,1.344,140,603
1990-09-19T00:00:00.000+10:00,1.345,140,603
1990-09-20T00:00:00.000+10:00,1.090,140,603
1990-09-21T00:00:00.000+10:00,0.587,140,603
1990-09-22T00:00:00.000+10:00,0.585,140,603
1990-09-23T00:00:00.000+10:00,0.883,140,603
1990-09-24T00:00:00.000+10:00,4.044,140,603
1990-09-25T00:00:00.000+10:00,2.195,140,603
1990-09-26T00:00:00.000+10:00,1.729,140,603
1990-09-27T00:00:00.000+10:00,1.246,140,603
1990-09-28T00:00:00.000+10:00,0.845,140,603
1990-09-29T00:00:00.000+10:00,0.818,140,603
1990-09-30T00:00:00.000+10:00,0.992,140,603
1990-10-01T00:00:00.000+10:00,0.961,140,603
1990-10-02T00:00:00.000+10:00,1.007,140,603
1990-10-03T00:00:00.000+10:00,0.886,140,603
1990-10-04T00:00:00.000+10:00,0.738,140,603
1990-10-05T00:00:00.000+10:00,0.685,140,603
1990-10-06T00:00:00.000+10:00,0.657,140,603
1990-10-07T00:00:00.000+10:00,0.965,140,603
1990-10-08T00:00:00.000+10:00,1.026,140,603
1990-10-09T00:00:00.000+10:00,0.804,140,603
1990-10-10T00:00:00.000+10:00,0.692,140,603
1990-10-11T00:00:00.000+10:00,0.608,140,603
1990-10-12T00:00:00.000+10:00,0.555,140,603
1990-10-13T00:00:00.000+10:00,0.495,140,603
1990-10-14T00:00:00.000+10:00,0.465,140,603
1990-10-15T00:00:00.000+10:00,0.410,140,603
1990-10-16T00:00:00.000+10:00,0.489,140,603
1990-10-17T00:00:00.000+10:00,0.219,140,603
1990-10-18T00:00:00.000+10:00,0.301,140,603
1990-10-19T00:00:00.000+10:00,0.337,140,603
1990-10-20T00:00:00.000+10:00,0.401,140,603
1990-10-21T00:00:00.000+10:00,0.410,140,603
1990-10-22T00:00:00.000+10:00,0.357,140,603
1990-10-23T00:00:00.000+10:00,0.346,140,603
1990-10-24T00:00:00.000+10:00,0.336,140,603
1990-10-25T00:00:00.000+10:00,0.295,140,603
1990-10-26T00:00:00.000+10:00,0.293,140,603
1990-10-27T00:00:00.000+10:00,0.245,140,603
1990-10-28T00:00:00.000+10:00,0.429,140,603
1990-10-29T00:00:00.000+10:00,0.352,140,603
1990-10-30T00:00:00.000+10:00,0.248,140,603
1990-10-31T00:00:00.000+10:00,0.078,140,603
1990-11-01T00:00:00.000+10:00,0.059,140,603
1990-11-02T00:00:00.000+10:00,0.201,140,603
1990-11-03T00:00:00.000+10:00,0.049,140,603
1990-11-04T00:00:00.000+10:00,0.253,140,603
1990-11-05T00:00:00.000+10:00,2.722,140,603
1990-11-06T00:00:00.000+10:00,1.303,140,603
1990-11-07T00:00:00.000+10:00,0.962,140,603
1990-11-08T00:00:00.000+10:00,0.665,140,603
1990-11-09T00:00:00.000+10:00,0.464,140,603
1990-11-10T00:00:00.000+10:00,0.455,140,603
1990-11-11T00:00:00.000+10:00,0.484,140,603
1990-11-12T00:00:00.000+10:00,0.393,140,603
1990-11-13T00:00:00.000+10:00,0.290,140,603
1990-11-14T00:00:00.000+10:00,0.271,140,603
1990-11-15T00:00:00.000+10:00,0.250,140,603
1990-11-16T00:00:00.000+10:00,0.268,140,603
1990-11-17T00:00:00.000+10:00,0.327,140,603
1990-11-18T00:00:00.000+10:00,0.298,140,603
1990-11-19T00:00:00.000+10:00,0.282,140,603
1990-11-20T00:00:00.000+10:00,0.171,140,603
1990-11-21T00:00:00.000+10:00,0.177,140,603
1990-11-22T00:00:00.000+10:00,0.139,140,603
1990-11-23T00:00:00.000+10:00,0.126,140,603
1990-11-24T00:00:00.000+10:00,0.112,140,603
1990-11-25T00:00:00.000+10:00,0.111,140,603
1990-11-26T00:00:00.000+10:00,0.068,140,603
1990-11-27T00:00:00.000+10:00,0.037,140,603
1990-11-28T00:00:00.000+10:00,0.042,140,603
1990-11-29T00:00:00.000+10:00,0.038,140,603
1990-11-30T00:00:00.000+10:00,0.033,140,603
1990-12-01T00:00:00.000+10:00,0.007,140,603
1990-12-02T00:00:00.000+10:00,0.000,140,603
1990-12-03T00:00:00.000+10:00,0.002,140,603
1990-12-04T00:00:00.000+10:00,0.080,140,603
1990-12-05T00:00:00.000+10:00,0.107,140,603
1990-12-06T00:00:00.000+10:00,0.109,140,603
1990-12-07T00:00:00.000+10:00,0.088,140,603
1990-12-08T00:00:00.000+10:00,0.077,140,603
1990-12-09T00:00:00.000+10:00,0.058,140,603
1990-12-10T00:00:00.000+10:00,0.061,140,603
1990-12-11T00:00:00.000+10:00,0.053,140,603
1990-12-12T00:00:00.000+10:00,0.018,140,603
1990-12-13T00:00:00.000+10:00,0.008,140,603
1990-12-14T00:00:00.000+10:00,0.001,140,603
1990-12-15T00:00:00.000+10:00,0.000,140,603
1990-12-16T00:00:00.000+10:00,0.000,140,603
1990-12-17T00:00:00.000+10:00,0.000,140,603
1990-12-18T00:00:00.000+10:00,0.000,140,603
1990-12-19T00:00:00.000+10:00,0.000,140,603
1990-12-20T00:00:00.000+10:00,0.000,140,603
1990-12-21T00:00:00.000+10:00,0.000,140,603
1990-12-22T00:00:00.000+10:00,0.000,140,603
1990-12-23T00:00:00.000+10:00,0.000,140,603
1990-12-24T00:00:00.000+10:00,0.000,140,603
1990-12-25T00:00:00.000+10:00,0.000,140,603
1990-12-26T00:00:00.000+10:00,0.000,140,603
1990-12-27T00:00:00.000+10:00,0.000,140,603
1990-12-28T00:00:00.000+10:00,0.000,140,603
1990-12-29T00:00:00.000+10:00,0.000,140,603
1990-12-30T00:00:00.000+10:00,0.000,140,603
1990-12-31T00:00:00.000+10:00,0.000,140,603
1991-01-01T00:00:00.000+10:00,0.000,140,603
1991-01-02T00:00:00.000+10:00,0.000,140,603
1991-01-03T00:00:00.000+10:00,0.000,140,603
1991-01-04T00:00:00.000+10:00,0.000,140,603
1991-01-05T00:00:00.000+10:00,0.000,140,603
1991-01-06T00:00:00.000+10:00,0.000,140,603
1991-01-07T00:00:00.000+10:00,0.000,140,603
1991-01-08T00:00:00.000+10:00,0.000,140,603
1991-01-09T00:00:00.000+10:00,0.000,140,603
1991-01-10T00:00:00.000+10:00,0.000,140,603
1991-01-11T00:00:00.000+10:00,0.000,140,603
1991-01-12T00:00:00.000+10:00,0.000,140,603
1991-01-13T00:00:00.000+10:00,0.000,140,603
1991-01-14T00:00:00.000+10:00,0.000,140,603
1991-01-15T00:00:00.000+10:00,0.000,140,603
1991-01-16T00:00:00.000+10:00,0.000,140,603
1991-01-17T00:00:00.000+10:00,0.000,140,603
1991-01-18T00:00:00.000+10:00,0.000,140,603
1991-01-19T00:00:00.000+10:00,0.000,140,603
1991-01-20T00:00:00.000+10:00,0.000,140,603
1991-01-21T00:00:00.000+10:00,0.000,140,603
1991-01-22T00:00:00.000+10:00,0.000,140,603
1991-01-23T00:00:00.000+10:00,0.000,140,603
1991-01-24T00:00:00.000+10:00,0.156,140,603
1991-01-25T00:00:00.000+10:00,0.823,140,603
1991-01-26T00:00:00.000+10:00,2.482,140,603
1991-01-27T00:00:00.000+10:00,4.662,140,603
1991-01-28T00:00:00.000+10:00,1.903,140,603
1991-01-29T00:00:00.000+10:00,1.200,140,603
1991-01-30T00:00:00.000+10:00,1.027,140,603
1991-01-31T00:00:00.000+10:00,0.866,140,603
1991-02-01T00:00:00.000+10:00,0.566,140,603
1991-02-02T00:00:00.000+10:00,0.570,140,603
1991-02-03T00:00:00.000+10:00,0.488,140,603
1991-02-04T00:00:00.000+10:00,0.394,140,603
1991-02-05T00:00:00.000+10:00,0.311,140,603
1991-02-06T00:00:00.000+10:00,0.314,140,603
1991-02-07T00:00:00.000+10:00,2.424,140,603
1991-02-08T00:00:00.000+10:00,2.382,140,603
1991-02-09T00:00:00.000+10:00,1.278,140,603
1991-02-10T00:00:00.000+10:00,1.048,140,603
1991-02-11T00:00:00.000+10:00,0.822,140,603
1991-02-12T00:00:00.000+10:00,0.550,140,603
1991-02-13T00:00:00.000+10:00,0.484,140,603
1991-02-14T00:00:00.000+10:00,0.419,140,603
1991-02-15T00:00:00.000+10:00,0.450,140,603
1991-02-16T00:00:00.000+10:00,0.565,140,603
1991-02-17T00:00:00.000+10:00,0.514,140,603
1991-02-18T00:00:00.000+10:00,0.409,140,603
1991-02-19T00:00:00.000+10:00,0.246,140,603
1991-02-20T00:00:00.000+10:00,0.227,140,603
1991-02-21T00:00:00.000+10:00,0.170,140,603
1991-02-22T00:00:00.000+10:00,0.164,140,603
1991-02-23T00:00:00.000+10:00,0.246,140,603
1991-02-24T00:00:00.000+10:00,0.282,140,603
1991-02-25T00:00:00.000+10:00,0.163,140,603
1991-02-26T00:00:00.000+10:00,0.264,140,603
1991-02-27T00:00:00.000+10:00,0.215,140,603
1991-02-28T00:00:00.000+10:00,1.045,140,603
1991-03-01T00:00:00.000+10:00,0.724,140,603
1991-03-02T00:00:00.000+10:00,0.740,140,603
1991-03-03T00:00:00.000+10:00,0.879,140,603
1991-03-04T00:00:00.000+10:00,0.695,140,603
1991-03-05T00:00:00.000+10:00,0.510,140,603
1991-03-06T00:00:00.000+10:00,0.520,140,603
1991-03-07T00:00:00.000+10:00,0.421,140,603
1991-03-08T00:00:00.000+10:00,0.524,140,603
1991-03-09T00:00:00.000+10:00,0.490,140,603
1991-03-10T00:00:00.000+10:00,0.490,140,603
1991-03-11T00:00:00.000+10:00,0.395,140,603
1991-03-12T00:00:00.000+10:00,0.523,140,603
1991-03-13T00:00:00.000+10:00,0.403,140,603
1991-03-14T00:00:00.000+10:00,0.222,140,603
1991-03-15T00:00:00.000+10:00,0.293,140,603
1991-03-16T00:00:00.000+10:00,0.427,140,603
1991-03-17T00:00:00.000+10:00,0.314,140,603
1991-03-18T00:00:00.000+10:00,0.135,140,603
1991-03-19T00:00:00.000+10:00,0.105,140,603
1991-03-20T00:00:00.000+10:00,0.126,140,603
1991-03-21T00:00:00.000+10:00,0.235,140,603
1991-03-22T00:00:00.000+10:00,0.027,140,603
1991-03-23T00:00:00.000+10:00,0.072,140,603
1991-03-24T00:00:00.000+10:00,0.224,140,603
1991-03-25T00:00:00.000+10:00,0.018,140,603
1991-03-26T00:00:00.000+10:00,0.014,140,603
1991-03-27T00:00:00.000+10:00,0.209,140,603
1991-03-28T00:00:00.000+10:00,0.014,140,603
1991-03-29T00:00:00.000+10:00,0.000,140,603
1991-03-30T00:00:00.000+10:00,0.000,140,603
1991-03-31T00:00:00.000+10:00,0.000,140,603
1991-04-01T00:00:00.000+10:00,0.019,140,603
1991-04-02T00:00:00.000+10:00,0.000,140,603
1991-04-03T00:00:00.000+10:00,0.000,140,603
1991-04-04T00:00:00.000+10:00,0.000,140,603
1991-04-05T00:00:00.000+10:00,0.000,140,603
1991-04-06T00:00:00.000+10:00,0.000,140,603
1991-04-07T00:00:00.000+10:00,0.000,140,603
1991-04-08T00:00:00.000+10:00,0.000,140,603
1991-04-09T00:00:00.000+10:00,0.000,140,603
1991-04-10T00:00:00.000+10:00,0.122,140,603
1991-04-11T00:00:00.000+10:00,0.082,140,603
1991-04-12T00:00:00.000+10:00,0.253,140,603
1991-04-13T00:00:00.000+10:00,0.202,140,603
1991-04-14T00:00:00.000+10:00,0.236,140,603
1991-04-15T00:00:00.000+10:00,0.078,140,603
1991-04-16T00:00:00.000+10:00,0.189,140,603
1991-04-17T00:00:00.000+10:00,0.006,140,603
1991-04-18T00:00:00.000+10:00,0.049,140,603
1991-04-19T00:00:00.000+10:00,0.071,140,603
1991-04-20T00:00:00.000+10:00,0.056,140,603
1991-04-21T00:00:00.000+10:00,0.069,140,603
1991-04-22T00:00:00.000+10:00,0.095,140,603
1991-04-23T00:00:00.000+10:00,0.060,140,603
1991-04-24T00:00:00.000+10:00,0.077,140,603
1991-04-25T00:00:00.000+10:00,0.076,140,603
1991-04-26T00:00:00.000+10:00,0.001,140,603
1991-04-27T00:00:00.000+10:00,0.034,140,603
1991-04-28T00:00:00.000+10:00,0.000,140,603
1991-04-29T00:00:00.000+10:00,0.000,140,603
1991-04-30T00:00:00.000+10:00,0.000,140,603
1991-05-01T00:00:00.000+10:00,0.000,140,603
1991-05-02T00:00:00.000+10:00,0.000,140,603
1991-05-03T00:00:00.000+10:00,0.000,140,603
1991-05-04T00:00:00.000+10:00,0.000,140,603
1991-05-05T00:00:00.000+10:00,0.000,140,603
1991-05-06T00:00:00.000+10:00,0.000,140,603
1991-05-07T00:00:00.000+10:00,0.000,140,603
1991-05-08T00:00:00.000+10:00,0.000,140,603
1991-05-09T00:00:00.000+10:00,0.000,140,603
1991-05-10T00:00:00.000+10:00,0.000,140,603
1991-05-11T00:00:00.000+10:00,0.000,140,603
1991-05-12T00:00:00.000+10:00,0.108,140,603
1991-05-13T00:00:00.000+10:00,0.134,140,603
1991-05-14T00:00:00.000+10:00,0.003,140,603
1991-05-15T00:00:00.000+10:00,0.000,140,603
1991-05-16T00:00:00.000+10:00,0.000,140,603
1991-05-17T00:00:00.000+10:00,0.000,140,603
1991-05-18T00:00:00.000+10:00,0.140,140,603
1991-05-19T00:00:00.000+10:00,0.168,140,603
1991-05-20T00:00:00.000+10:00,0.004,140,603
1991-05-21T00:00:00.000+10:00,0.146,140,603
1991-05-22T00:00:00.000+10:00,0.347,140,603
1991-05-23T00:00:00.000+10:00,0.833,140,603
1991-05-24T00:00:00.000+10:00,0.426,140,603
1991-05-25T00:00:00.000+10:00,0.396,140,603
1991-05-26T00:00:00.000+10:00,0.309,140,603
1991-05-27T00:00:00.000+10:00,0.331,140,603
1991-05-28T00:00:00.000+10:00,0.224,140,603
1991-05-29T00:00:00.000+10:00,1.485,140,603
1991-05-30T00:00:00.000+10:00,0.992,140,603
1991-05-31T00:00:00.000+10:00,0.660,140,603
1991-06-01T00:00:00.000+10:00,0.547,140,603
1991-06-02T00:00:00.000+10:00,0.587,140,603
1991-06-03T00:00:00.000+10:00,0.416,140,603
1991-06-04T00:00:00.000+10:00,0.271,140,603
1991-06-05T00:00:00.000+10:00,0.342,140,603
1991-06-06T00:00:00.000+10:00,0.632,140,603
1991-06-07T00:00:00.000+10:00,4.300,140,603
1991-06-08T00:00:00.000+10:00,5.557,140,603
1991-06-09T00:00:00.000+10:00,63.886,140,603
1991-06-10T00:00:00.000+10:00,82.999,140,603
1991-06-11T00:00:00.000+10:00,13.347,140,603
1991-06-12T00:00:00.000+10:00,7.517,140,603
1991-06-13T00:00:00.000+10:00,5.018,140,603
1991-06-14T00:00:00.000+10:00,3.670,140,603
1991-06-15T00:00:00.000+10:00,2.853,140,603
1991-06-16T00:00:00.000+10:00,2.346,140,603
1991-06-17T00:00:00.000+10:00,1.994,140,603
1991-06-18T00:00:00.000+10:00,1.682,140,603
1991-06-19T00:00:00.000+10:00,1.287,140,603
1991-06-20T00:00:00.000+10:00,1.111,140,603
1991-06-21T00:00:00.000+10:00,1.076,140,603
1991-06-22T00:00:00.000+10:00,0.942,140,603
1991-06-23T00:00:00.000+10:00,0.741,140,603
1991-06-24T00:00:00.000+10:00,0.655,140,603
1991-06-25T00:00:00.000+10:00,0.624,140,603
1991-06-26T00:00:00.000+10:00,0.518,140,603
1991-06-27T00:00:00.000+10:00,0.646,140,603
1991-06-28T00:00:00.000+10:00,0.579,140,603
1991-06-29T00:00:00.000+10:00,0.553,140,603
1991-06-30T00:00:00.000+10:00,0.392,140,603
1991-07-01T00:00:00.000+10:00,0.432,140,603
1991-07-02T00:00:00.000+10:00,0.489,140,603
1991-07-03T00:00:00.000+10:00,0.457,140,603
1991-07-04T00:00:00.000+10:00,0.430,140,603
1991-07-05T00:00:00.000+10:00,0.394,140,603
1991-07-06T00:00:00.000+10:00,0.359,140,603
1991-07-07T00:00:00.000+10:00,0.340,140,603
1991-07-08T00:00:00.000+10:00,0.328,140,603
1991-07-09T00:00:00.000+10:00,0.320,140,603
1991-07-10T00:00:00.000+10:00,0.694,140,603
1991-07-11T00:00:00.000+10:00,0.713,140,603
1991-07-12T00:00:00.000+10:00,0.528,140,603
1991-07-13T00:00:00.000+10:00,0.513,140,603
1991-07-14T00:00:00.000+10:00,0.488,140,603
1991-07-15T00:00:00.000+10:00,0.459,140,603
1991-07-16T00:00:00.000+10:00,0.408,140,603
1991-07-17T00:00:00.000+10:00,0.362,140,603
1991-07-18T00:00:00.000+10:00,0.346,140,603
1991-07-19T00:00:00.000+10:00,0.322,140,603
1991-07-20T00:00:00.000+10:00,0.307,140,603
1991-07-21T00:00:00.000+10:00,0.292,140,603
1991-07-22T00:00:00.000+10:00,0.277,140,603
1991-07-23T00:00:00.000+10:00,0.260,140,603
1991-07-24T00:00:00.000+10:00,0.237,140,603
1991-07-25T00:00:00.000+10:00,0.219,140,603
1991-07-26T00:00:00.000+10:00,0.209,140,603
1991-07-27T00:00:00.000+10:00,0.200,140,603
1991-07-28T00:00:00.000+10:00,0.197,140,603
1991-07-29T00:00:00.000+10:00,0.188,140,603
1991-07-30T00:00:00.000+10:00,0.180,140,603
1991-07-31T00:00:00.000+10:00,0.161,140,603
1991-08-01T00:00:00.000+10:00,0.146,140,603
1991-08-02T00:00:00.000+10:00,0.136,140,603
1991-08-03T00:00:00.000+10:00,0.133,140,603
1991-08-04T00:00:00.000+10:00,0.134,140,603
1991-08-05T00:00:00.000+10:00,0.128,140,603
1991-08-06T00:00:00.000+10:00,0.124,140,603
1991-08-07T00:00:00.000+10:00,0.125,140,603
1991-08-08T00:00:00.000+10:00,0.128,140,603
1991-08-09T00:00:00.000+10:00,0.115,140,603
1991-08-10T00:00:00.000+10:00,0.116,140,603
1991-08-11T00:00:00.000+10:00,0.096,140,603
1991-08-12T00:00:00.000+10:00,0.029,140,603
1991-08-13T00:00:00.000+10:00,0.057,140,603
1991-08-14T00:00:00.000+10:00,0.080,140,603
1991-08-15T00:00:00.000+10:00,0.113,140,603
1991-08-16T00:00:00.000+10:00,0.096,140,603
1991-08-17T00:00:00.000+10:00,0.192,140,603
1991-08-18T00:00:00.000+10:00,0.194,140,603
1991-08-19T00:00:00.000+10:00,0.153,140,603
1991-08-20T00:00:00.000+10:00,0.009,140,603
1991-08-21T00:00:00.000+10:00,0.000,140,603
1991-08-22T00:00:00.000+10:00,0.000,140,603
1991-08-23T00:00:00.000+10:00,0.000,140,603
1991-08-24T00:00:00.000+10:00,0.000,140,603
1991-08-25T00:00:00.000+10:00,0.000,140,603
1991-08-26T00:00:00.000+10:00,0.000,140,603
1991-08-27T00:00:00.000+10:00,0.000,140,603
1991-08-28T00:00:00.000+10:00,0.000,140,603
1991-08-29T00:00:00.000+10:00,0.000,140,603
1991-08-30T00:00:00.000+10:00,0.000,140,603
1991-08-31T00:00:00.000+10:00,0.000,140,603
1991-09-01T00:00:00.000+10:00,0.000,140,603
1991-09-02T00:00:00.000+10:00,0.000,140,603
1991-09-03T00:00:00.000+10:00,0.000,140,603
1991-09-04T00:00:00.000+10:00,0.000,140,603
1991-09-05T00:00:00.000+10:00,0.000,140,603
1991-09-06T00:00:00.000+10:00,0.000,140,603
1991-09-07T00:00:00.000+10:00,0.000,140,603
1991-09-08T00:00:00.000+10:00,0.000,140,603
1991-09-09T00:00:00.000+10:00,0.000,140,603
1991-09-10T00:00:00.000+10:00,0.000,140,603
1991-09-11T00:00:00.000+10:00,0.000,140,603
1991-09-12T00:00:00.000+10:00,0.000,140,603
1991-09-13T00:00:00.000+10:00,0.000,140,603
1991-09-14T00:00:00.000+10:00,0.000,140,603
1991-09-15T00:00:00.000+10:00,0.000,140,603
1991-09-16T00:00:00.000+10:00,0.000,140,603
1991-09-17T00:00:00.000+10:00,0.000,140,603
1991-09-18T00:00:00.000+10:00,0.000,140,603
1991-09-19T00:00:00.000+10:00,0.000,140,603
1991-09-20T00:00:00.000+10:00,0.000,140,603
1991-09-21T00:00:00.000+10:00,0.000,140,603
1991-09-22T00:00:00.000+10:00,0.000,140,603
1991-09-23T00:00:00.000+10:00,0.000,140,603
1991-09-24T00:00:00.000+10:00,0.000,140,603
1991-09-25T00:00:00.000+10:00,0.000,140,603
1991-09-26T00:00:00.000+10:00,0.000,140,603
1991-09-27T00:00:00.000+10:00,0.000,140,603
1991-09-28T00:00:00.000+10:00,0.000,140,603
1991-09-29T00:00:00.000+10:00,0.000,140,603
1991-09-30T00:00:00.000+10:00,0.000,140,603
1991-10-01T00:00:00.000+10:00,0.000,140,603
1991-10-02T00:00:00.000+10:00,0.000,140,603
1991-10-03T00:00:00.000+10:00,0.000,140,603
1991-10-04T00:00:00.000+10:00,0.000,140,603
1991-10-05T00:00:00.000+10:00,0.000,140,603
1991-10-06T00:00:00.000+10:00,0.000,140,603
1991-10-07T00:00:00.000+10:00,0.000,140,603
1991-10-08T00:00:00.000+10:00,0.000,140,603
1991-10-09T00:00:00.000+10:00,0.061,140,603
1991-10-10T00:00:00.000+10:00,2.189,140,603
1991-10-11T00:00:00.000+10:00,0.296,140,603
1991-10-12T00:00:00.000+10:00,0.150,140,603
1991-10-13T00:00:00.000+10:00,0.097,140,603
1991-10-14T00:00:00.000+10:00,0.065,140,603
1991-10-15T00:00:00.000+10:00,0.018,140,603
1991-10-16T00:00:00.000+10:00,0.000,140,603
1991-10-17T00:00:00.000+10:00,0.000,140,603
1991-10-18T00:00:00.000+10:00,0.000,140,603
1991-10-19T00:00:00.000+10:00,0.000,140,603
1991-10-20T00:00:00.000+10:00,0.000,140,603
1991-10-21T00:00:00.000+10:00,0.000,140,603
1991-10-22T00:00:00.000+10:00,0.000,140,603
1991-10-23T00:00:00.000+10:00,0.000,140,603
1991-10-24T00:00:00.000+10:00,0.000,140,603
1991-10-25T00:00:00.000+10:00,0.000,140,603
1991-10-26T00:00:00.000+10:00,0.000,140,603
1991-10-27T00:00:00.000+10:00,0.000,140,603
1991-10-28T00:00:00.000+10:00,0.000,140,603
1991-10-29T00:00:00.000+10:00,0.000,140,603
1991-10-30T00:00:00.000+10:00,0.000,140,603
1991-10-31T00:00:00.000+10:00,0.000,140,603
1991-11-01T00:00:00.000+10:00,0.000,140,603
1991-11-02T00:00:00.000+10:00,0.000,140,603
1991-11-03T00:00:00.000+10:00,0.000,140,603
1991-11-04T00:00:00.000+10:00,0.000,140,603
1991-11-05T00:00:00.000+10:00,0.000,140,603
1991-11-06T00:00:00.000+10:00,0.000,140,603
1991-11-07T00:00:00.000+10:00,0.000,140,603
1991-11-08T00:00:00.000+10:00,0.000,140,603
1991-11-09T00:00:00.000+10:00,0.000,140,603
1991-11-10T00:00:00.000+10:00,0.000,140,603
1991-11-11T00:00:00.000+10:00,0.000,140,603
1991-11-12T00:00:00.000+10:00,0.000,140,603
1991-11-13T00:00:00.000+10:00,0.000,140,603
1991-11-14T00:00:00.000+10:00,0.000,140,603
1991-11-15T00:00:00.000+10:00,0.000,140,603
1991-11-16T00:00:00.000+10:00,0.000,140,603
1991-11-17T00:00:00.000+10:00,0.000,140,603
1991-11-18T00:00:00.000+10:00,0.000,140,603
1991-11-19T00:00:00.000+10:00,0.000,140,603
1991-11-20T00:00:00.000+10:00,0.000,140,603
1991-11-21T00:00:00.000+10:00,0.000,140,603
1991-11-22T00:00:00.000+10:00,0.000,140,603
1991-11-23T00:00:00.000+10:00,0.000,140,603
1991-11-24T00:00:00.000+10:00,0.000,140,603
1991-11-25T00:00:00.000+10:00,0.000,140,603
1991-11-26T00:00:00.000+10:00,0.000,140,603
1991-11-27T00:00:00.000+10:00,0.000,140,603
1991-11-28T00:00:00.000+10:00,0.000,140,603
1991-11-29T00:00:00.000+10:00,0.000,140,603
1991-11-30T00:00:00.000+10:00,0.000,140,603
1991-12-01T00:00:00.000+10:00,0.000,140,603
1991-12-02T00:00:00.000+10:00,0.000,140,603
1991-12-03T00:00:00.000+10:00,0.000,140,603
1991-12-04T00:00:00.000+10:00,0.000,140,603
1991-12-05T00:00:00.000+10:00,0.000,140,603
1991-12-06T00:00:00.000+10:00,0.000,140,603
1991-12-07T00:00:00.000+10:00,0.000,140,603
1991-12-08T00:00:00.000+10:00,0.000,140,603
1991-12-09T00:00:00.000+10:00,0.000,140,603
1991-12-10T00:00:00.000+10:00,0.000,140,603
1991-12-11T00:00:00.000+10:00,0.000,140,603
1991-12-12T00:00:00.000+10:00,0.822,140,603
1991-12-13T00:00:00.000+10:00,49.248,140,603
1991-12-14T00:00:00.000+10:00,6.227,140,603
1991-12-15T00:00:00.000+10:00,3.158,140,603
1991-12-16T00:00:00.000+10:00,1.909,140,603
1991-12-17T00:00:00.000+10:00,1.313,140,603
1991-12-18T00:00:00.000+10:00,0.981,140,603
1991-12-19T00:00:00.000+10:00,0.789,140,603
1991-12-20T00:00:00.000+10:00,0.809,140,603
1991-12-21T00:00:00.000+10:00,1.239,140,603
1991-12-22T00:00:00.000+10:00,1.072,140,603
1991-12-23T00:00:00.000+10:00,1.587,140,603
1991-12-24T00:00:00.000+10:00,1.042,140,603
1991-12-25T00:00:00.000+10:00,0.855,140,603
1991-12-26T00:00:00.000+10:00,0.705,140,603
1991-12-27T00:00:00.000+10:00,0.627,140,603
1991-12-28T00:00:00.000+10:00,0.587,140,603
1991-12-29T00:00:00.000+10:00,0.519,140,603
1991-12-30T00:00:00.000+10:00,0.479,140,603
1991-12-31T00:00:00.000+10:00,0.541,140,603
1992-01-01T00:00:00.000+10:00,14.019,140,603
1992-01-02T00:00:00.000+10:00,7.431,140,603
1992-01-03T00:00:00.000+10:00,4.069,140,603
1992-01-04T00:00:00.000+10:00,2.744,140,603
1992-01-05T00:00:00.000+10:00,2.371,140,603
1992-01-06T00:00:00.000+10:00,1.716,140,603
1992-01-07T00:00:00.000+10:00,1.313,140,603
1992-01-08T00:00:00.000+10:00,1.165,140,603
1992-01-09T00:00:00.000+10:00,1.422,140,603
1992-01-10T00:00:00.000+10:00,1.881,140,603
1992-01-11T00:00:00.000+10:00,2.109,140,603
1992-01-12T00:00:00.000+10:00,1.368,140,603
1992-01-13T00:00:00.000+10:00,1.068,140,603
1992-01-14T00:00:00.000+10:00,1.018,140,603
1992-01-15T00:00:00.000+10:00,0.900,140,603
1992-01-16T00:00:00.000+10:00,0.836,140,603
1992-01-17T00:00:00.000+10:00,0.760,140,603
1992-01-18T00:00:00.000+10:00,0.782,140,603
1992-01-19T00:00:00.000+10:00,1.000,140,603
1992-01-20T00:00:00.000+10:00,0.808,140,603
1992-01-21T00:00:00.000+10:00,0.738,140,603
1992-01-22T00:00:00.000+10:00,0.596,140,603
1992-01-23T00:00:00.000+10:00,0.495,140,603
1992-01-24T00:00:00.000+10:00,0.513,140,603
1992-01-25T00:00:00.000+10:00,0.428,140,603
1992-01-26T00:00:00.000+10:00,0.576,140,603
1992-01-27T00:00:00.000+10:00,0.573,140,603
1992-01-28T00:00:00.000+10:00,0.444,140,603
1992-01-29T00:00:00.000+10:00,0.351,140,603
1992-01-30T00:00:00.000+10:00,0.429,140,603
1992-01-31T00:00:00.000+10:00,0.378,140,603
1992-02-01T00:00:00.000+10:00,0.393,140,603
1992-02-02T00:00:00.000+10:00,0.386,140,603
1992-02-03T00:00:00.000+10:00,0.326,140,603
1992-02-04T00:00:00.000+10:00,0.284,140,603
1992-02-05T00:00:00.000+10:00,0.264,140,603
1992-02-06T00:00:00.000+10:00,0.272,140,603
1992-02-07T00:00:00.000+10:00,0.342,140,603
1992-02-08T00:00:00.000+10:00,0.605,140,603
1992-02-09T00:00:00.000+10:00,0.638,140,603
1992-02-10T00:00:00.000+10:00,19.666,140,603
1992-02-11T00:00:00.000+10:00,15.175,140,603
1992-02-12T00:00:00.000+10:00,59.069,140,603
1992-02-13T00:00:00.000+10:00,11.654,140,603
1992-02-14T00:00:00.000+10:00,12.145,140,603
1992-02-15T00:00:00.000+10:00,7.422,140,603
1992-02-16T00:00:00.000+10:00,5.325,140,603
1992-02-17T00:00:00.000+10:00,3.963,140,603
1992-02-18T00:00:00.000+10:00,3.080,140,603
1992-02-19T00:00:00.000+10:00,2.637,140,603
1992-02-20T00:00:00.000+10:00,2.191,140,603
1992-02-21T00:00:00.000+10:00,1.885,140,603
1992-02-22T00:00:00.000+10:00,1.831,140,603
1992-02-23T00:00:00.000+10:00,1.446,140,603
1992-02-24T00:00:00.000+10:00,1.327,140,603
1992-02-25T00:00:00.000+10:00,4.852,140,603
1992-02-26T00:00:00.000+10:00,10.855,140,603
1992-02-27T00:00:00.000+10:00,11.252,140,603
1992-02-28T00:00:00.000+10:00,6.943,140,603
1992-02-29T00:00:00.000+10:00,5.063,140,603
1992-03-01T00:00:00.000+10:00,4.078,140,603
1992-03-02T00:00:00.000+10:00,3.323,140,603
1992-03-03T00:00:00.000+10:00,2.991,140,603
1992-03-04T00:00:00.000+10:00,2.550,140,603
1992-03-05T00:00:00.000+10:00,2.163,140,603
1992-03-06T00:00:00.000+10:00,1.840,140,603
1992-03-07T00:00:00.000+10:00,1.823,140,603
1992-03-08T00:00:00.000+10:00,1.483,140,603
1992-03-09T00:00:00.000+10:00,1.360,140,603
1992-03-10T00:00:00.000+10:00,1.452,140,603
1992-03-11T00:00:00.000+10:00,1.234,140,603
1992-03-12T00:00:00.000+10:00,1.185,140,603
1992-03-13T00:00:00.000+10:00,1.115,140,603
1992-03-14T00:00:00.000+10:00,0.935,140,603
1992-03-15T00:00:00.000+10:00,0.912,140,603
1992-03-16T00:00:00.000+10:00,0.872,140,603
1992-03-17T00:00:00.000+10:00,0.902,140,603
1992-03-18T00:00:00.000+10:00,1.083,140,603
1992-03-19T00:00:00.000+10:00,0.913,140,603
1992-03-20T00:00:00.000+10:00,0.762,140,603
1992-03-21T00:00:00.000+10:00,0.746,140,603
1992-03-22T00:00:00.000+10:00,10.170,140,603
1992-03-23T00:00:00.000+10:00,35.961,140,603
1992-03-24T00:00:00.000+10:00,12.359,140,603
1992-03-25T00:00:00.000+10:00,7.648,140,603
1992-03-26T00:00:00.000+10:00,5.508,140,603
1992-03-27T00:00:00.000+10:00,4.606,140,603
1992-03-28T00:00:00.000+10:00,3.545,140,603
1992-03-29T00:00:00.000+10:00,3.124,140,603
1992-03-30T00:00:00.000+10:00,29.935,140,603
1992-03-31T00:00:00.000+10:00,19.464,140,603
1992-04-01T00:00:00.000+10:00,13.388,140,603
1992-04-02T00:00:00.000+10:00,84.421,140,603
1992-04-03T00:00:00.000+10:00,64.010,140,603
1992-04-04T00:00:00.000+10:00,26.539,140,603
1992-04-05T00:00:00.000+10:00,17.711,140,603
1992-04-06T00:00:00.000+10:00,13.131,140,603
1992-04-07T00:00:00.000+10:00,10.009,140,603
1992-04-08T00:00:00.000+10:00,9.946,140,603
1992-04-09T00:00:00.000+10:00,10.415,140,603
1992-04-10T00:00:00.000+10:00,7.926,140,603
1992-04-11T00:00:00.000+10:00,7.068,140,603
1992-04-12T00:00:00.000+10:00,6.005,140,603
1992-04-13T00:00:00.000+10:00,5.250,140,603
1992-04-14T00:00:00.000+10:00,4.818,140,603
1992-04-15T00:00:00.000+10:00,4.580,140,603
1992-04-16T00:00:00.000+10:00,4.191,140,603
1992-04-17T00:00:00.000+10:00,3.932,140,603
1992-04-18T00:00:00.000+10:00,3.444,140,603
1992-04-19T00:00:00.000+10:00,3.298,140,603
1992-04-20T00:00:00.000+10:00,2.970,140,603
1992-04-21T00:00:00.000+10:00,2.689,140,603
1992-04-22T00:00:00.000+10:00,2.646,140,603
1992-04-23T00:00:00.000+10:00,2.577,140,603
1992-04-24T00:00:00.000+10:00,2.414,140,603
1992-04-25T00:00:00.000+10:00,3.221,140,603
1992-04-26T00:00:00.000+10:00,2.338,140,603
1992-04-27T00:00:00.000+10:00,2.177,140,603
1992-04-28T00:00:00.000+10:00,2.122,140,603
1992-04-29T00:00:00.000+10:00,1.946,140,603
1992-04-30T00:00:00.000+10:00,1.813,140,603
1992-05-01T00:00:00.000+10:00,1.776,140,603
1992-05-02T00:00:00.000+10:00,1.618,140,603
1992-05-03T00:00:00.000+10:00,1.612,140,603
1992-05-04T00:00:00.000+10:00,1.502,140,603
1992-05-05T00:00:00.000+10:00,1.386,140,603
1992-05-06T00:00:00.000+10:00,1.394,140,603
1992-05-07T00:00:00.000+10:00,1.280,140,603
1992-05-08T00:00:00.000+10:00,1.353,140,603
1992-05-09T00:00:00.000+10:00,1.254,140,603
1992-05-10T00:00:00.000+10:00,1.162,140,603
1992-05-11T00:00:00.000+10:00,1.075,140,603
1992-05-12T00:00:00.000+10:00,1.341,140,603
1992-05-13T00:00:00.000+10:00,1.537,140,603
1992-05-14T00:00:00.000+10:00,1.209,140,603
1992-05-15T00:00:00.000+10:00,1.163,140,603
1992-05-16T00:00:00.000+10:00,1.030,140,603
1992-05-17T00:00:00.000+10:00,1.063,140,603
1992-05-18T00:00:00.000+10:00,1.128,140,603
1992-05-19T00:00:00.000+10:00,0.956,140,603
1992-05-20T00:00:00.000+10:00,0.977,140,603
1992-05-21T00:00:00.000+10:00,0.947,140,603
1992-05-22T00:00:00.000+10:00,1.555,140,603
1992-05-23T00:00:00.000+10:00,1.214,140,603
1992-05-24T00:00:00.000+10:00,1.065,140,603
1992-05-25T00:00:00.000+10:00,1.001,140,603
1992-05-26T00:00:00.000+10:00,0.793,140,603
1992-05-27T00:00:00.000+10:00,0.782,140,603
1992-05-28T00:00:00.000+10:00,0.851,140,603
1992-05-29T00:00:00.000+10:00,0.857,140,603
1992-05-30T00:00:00.000+10:00,0.951,140,603
1992-05-31T00:00:00.000+10:00,1.164,140,603
1992-06-01T00:00:00.000+10:00,0.968,140,603
1992-06-02T00:00:00.000+10:00,0.947,140,603
1992-06-03T00:00:00.000+10:00,0.904,140,603
1992-06-04T00:00:00.000+10:00,0.907,140,603
1992-06-05T00:00:00.000+10:00,0.784,140,603
1992-06-06T00:00:00.000+10:00,0.708,140,603
1992-06-07T00:00:00.000+10:00,0.721,140,603
1992-06-08T00:00:00.000+10:00,0.730,140,603
1992-06-09T00:00:00.000+10:00,0.695,140,603
1992-06-10T00:00:00.000+10:00,0.700,140,603
1992-06-11T00:00:00.000+10:00,0.669,140,603
1992-06-12T00:00:00.000+10:00,0.785,140,603
1992-06-13T00:00:00.000+10:00,0.785,140,603
1992-06-14T00:00:00.000+10:00,0.775,140,603
1992-06-15T00:00:00.000+10:00,0.681,140,603
1992-06-16T00:00:00.000+10:00,0.694,140,603
1992-06-17T00:00:00.000+10:00,0.637,140,603
1992-06-18T00:00:00.000+10:00,0.621,140,603
1992-06-19T00:00:00.000+10:00,0.674,140,603
1992-06-20T00:00:00.000+10:00,0.606,140,603
1992-06-21T00:00:00.000+10:00,0.645,140,603
1992-06-22T00:00:00.000+10:00,0.653,140,603
1992-06-23T00:00:00.000+10:00,0.617,140,603
1992-06-24T00:00:00.000+10:00,0.578,140,603
1992-06-25T00:00:00.000+10:00,0.568,140,603
1992-06-26T00:00:00.000+10:00,0.553,140,603
1992-06-27T00:00:00.000+10:00,0.557,140,603
1992-06-28T00:00:00.000+10:00,0.540,140,603
1992-06-29T00:00:00.000+10:00,0.504,140,603
1992-06-30T00:00:00.000+10:00,0.540,140,603
1992-07-01T00:00:00.000+10:00,0.479,140,603
1992-07-02T00:00:00.000+10:00,0.483,140,603
1992-07-03T00:00:00.000+10:00,0.425,140,603
1992-07-04T00:00:00.000+10:00,0.455,140,603
1992-07-05T00:00:00.000+10:00,0.453,140,603
1992-07-06T00:00:00.000+10:00,0.412,140,603
1992-07-07T00:00:00.000+10:00,0.353,140,603
1992-07-08T00:00:00.000+10:00,0.342,140,603
1992-07-09T00:00:00.000+10:00,0.334,140,603
1992-07-10T00:00:00.000+10:00,0.331,140,603
1992-07-11T00:00:00.000+10:00,0.339,140,603
1992-07-12T00:00:00.000+10:00,0.335,140,603
1992-07-13T00:00:00.000+10:00,0.307,140,603
1992-07-14T00:00:00.000+10:00,0.274,140,603
1992-07-15T00:00:00.000+10:00,0.244,140,603
1992-07-16T00:00:00.000+10:00,0.288,140,603
1992-07-17T00:00:00.000+10:00,0.324,140,603
1992-07-18T00:00:00.000+10:00,0.643,140,603
1992-07-19T00:00:00.000+10:00,0.801,140,603
1992-07-20T00:00:00.000+10:00,0.497,140,603
1992-07-21T00:00:00.000+10:00,0.319,140,603
1992-07-22T00:00:00.000+10:00,0.385,140,603
1992-07-23T00:00:00.000+10:00,0.350,140,603
1992-07-24T00:00:00.000+10:00,0.362,140,603
1992-07-25T00:00:00.000+10:00,0.331,140,603
1992-07-26T00:00:00.000+10:00,0.372,140,603
1992-07-27T00:00:00.000+10:00,0.326,140,603
1992-07-28T00:00:00.000+10:00,0.314,140,603
1992-07-29T00:00:00.000+10:00,0.310,140,603
1992-07-30T00:00:00.000+10:00,0.311,140,603
1992-07-31T00:00:00.000+10:00,0.291,140,603
1992-08-01T00:00:00.000+10:00,0.272,140,603
1992-08-02T00:00:00.000+10:00,0.272,140,603
1992-08-03T00:00:00.000+10:00,0.231,140,603
1992-08-04T00:00:00.000+10:00,0.217,140,603
1992-08-05T00:00:00.000+10:00,0.263,140,603
1992-08-06T00:00:00.000+10:00,0.242,140,603
1992-08-07T00:00:00.000+10:00,0.249,140,603
1992-08-08T00:00:00.000+10:00,0.267,140,603
1992-08-09T00:00:00.000+10:00,0.274,140,603
1992-08-10T00:00:00.000+10:00,0.233,140,603
1992-08-11T00:00:00.000+10:00,0.203,140,603
1992-08-12T00:00:00.000+10:00,0.197,140,603
1992-08-13T00:00:00.000+10:00,0.181,140,603
1992-08-14T00:00:00.000+10:00,0.131,140,603
1992-08-15T00:00:00.000+10:00,0.147,140,603
1992-08-16T00:00:00.000+10:00,0.152,140,603
1992-08-17T00:00:00.000+10:00,0.120,140,603
1992-08-18T00:00:00.000+10:00,0.130,140,603
1992-08-19T00:00:00.000+10:00,0.126,140,603
1992-08-20T00:00:00.000+10:00,0.085,140,603
1992-08-21T00:00:00.000+10:00,0.011,140,603
1992-08-22T00:00:00.000+10:00,0.093,140,603
1992-08-23T00:00:00.000+10:00,0.075,140,603
1992-08-24T00:00:00.000+10:00,0.102,140,603
1992-08-25T00:00:00.000+10:00,0.119,140,603
1992-08-26T00:00:00.000+10:00,0.026,140,603
1992-08-27T00:00:00.000+10:00,0.039,140,603
1992-08-28T00:00:00.000+10:00,0.049,140,603
1992-08-29T00:00:00.000+10:00,0.018,140,603
1992-08-30T00:00:00.000+10:00,0.046,140,603
1992-08-31T00:00:00.000+10:00,0.038,140,603
1992-09-01T00:00:00.000+10:00,0.003,140,603
1992-09-02T00:00:00.000+10:00,0.016,140,603
1992-09-03T00:00:00.000+10:00,0.004,140,603
1992-09-04T00:00:00.000+10:00,0.000,140,603
1992-09-05T00:00:00.000+10:00,0.015,140,603
1992-09-06T00:00:00.000+10:00,0.028,140,603
1992-09-07T00:00:00.000+10:00,0.053,140,603
1992-09-08T00:00:00.000+10:00,0.015,140,603
1992-09-09T00:00:00.000+10:00,0.001,140,603
1992-09-10T00:00:00.000+10:00,0.001,140,603
1992-09-11T00:00:00.000+10:00,0.008,140,603
1992-09-12T00:00:00.000+10:00,0.020,140,603
1992-09-13T00:00:00.000+10:00,0.029,140,603
1992-09-14T00:00:00.000+10:00,0.043,140,603
1992-09-15T00:00:00.000+10:00,0.026,140,603
1992-09-16T00:00:00.000+10:00,0.033,140,603
1992-09-17T00:00:00.000+10:00,0.012,140,603
1992-09-18T00:00:00.000+10:00,0.002,140,603
1992-09-19T00:00:00.000+10:00,0.000,140,603
1992-09-20T00:00:00.000+10:00,0.000,140,603
1992-09-21T00:00:00.000+10:00,0.000,140,603
1992-09-22T00:00:00.000+10:00,0.003,140,603
1992-09-23T00:00:00.000+10:00,0.003,140,603
1992-09-24T00:00:00.000+10:00,0.006,140,603
1992-09-25T00:00:00.000+10:00,0.001,140,603
1992-09-26T00:00:00.000+10:00,0.000,140,603
1992-09-27T00:00:00.000+10:00,0.000,140,603
1992-09-28T00:00:00.000+10:00,0.000,140,603
1992-09-29T00:00:00.000+10:00,0.000,140,603
1992-09-30T00:00:00.000+10:00,0.000,140,603
1992-10-01T00:00:00.000+10:00,0.000,140,603
1992-10-02T00:00:00.000+10:00,0.000,140,603
1992-10-03T00:00:00.000+10:00,0.000,140,603
1992-10-04T00:00:00.000+10:00,0.000,140,603
1992-10-05T00:00:00.000+10:00,0.000,140,603
1992-10-06T00:00:00.000+10:00,0.000,140,603
1992-10-07T00:00:00.000+10:00,0.000,140,603
1992-10-08T00:00:00.000+10:00,0.000,140,603
1992-10-09T00:00:00.000+10:00,0.000,140,603
1992-10-10T00:00:00.000+10:00,0.000,140,603
1992-10-11T00:00:00.000+10:00,0.000,140,603
1992-10-12T00:00:00.000+10:00,0.000,140,603
1992-10-13T00:00:00.000+10:00,0.000,140,603
1992-10-14T00:00:00.000+10:00,0.000,140,603
1992-10-15T00:00:00.000+10:00,0.000,140,603
1992-10-16T00:00:00.000+10:00,0.000,140,603
1992-10-17T00:00:00.000+10:00,0.000,140,603
1992-10-18T00:00:00.000+10:00,0.000,140,603
1992-10-19T00:00:00.000+10:00,0.000,140,603
1992-10-20T00:00:00.000+10:00,0.000,140,603
1992-10-21T00:00:00.000+10:00,0.000,140,603
1992-10-22T00:00:00.000+10:00,0.000,140,603
1992-10-23T00:00:00.000+10:00,0.000,140,603
1992-10-24T00:00:00.000+10:00,0.000,140,603
1992-10-25T00:00:00.000+10:00,0.000,140,603
1992-10-26T00:00:00.000+10:00,0.000,140,603
1992-10-27T00:00:00.000+10:00,0.000,140,603
1992-10-28T00:00:00.000+10:00,0.000,140,603
1992-10-29T00:00:00.000+10:00,0.000,140,603
1992-10-30T00:00:00.000+10:00,0.000,140,603
1992-10-31T00:00:00.000+10:00,0.000,140,603
1992-11-01T00:00:00.000+10:00,0.000,140,603
1992-11-02T00:00:00.000+10:00,0.002,140,603
1992-11-03T00:00:00.000+10:00,0.027,140,603
1992-11-04T00:00:00.000+10:00,0.009,140,603
1992-11-05T00:00:00.000+10:00,0.090,140,603
1992-11-06T00:00:00.000+10:00,0.716,140,603
1992-11-07T00:00:00.000+10:00,0.396,140,603
1992-11-08T00:00:00.000+10:00,0.195,140,603
1992-11-09T00:00:00.000+10:00,0.096,140,603
1992-11-10T00:00:00.000+10:00,0.091,140,603
1992-11-11T00:00:00.000+10:00,0.070,140,603
1992-11-12T00:00:00.000+10:00,0.060,140,603
1992-11-13T00:00:00.000+10:00,0.044,140,603
1992-11-14T00:00:00.000+10:00,0.055,140,603
1992-11-15T00:00:00.000+10:00,0.044,140,603
1992-11-16T00:00:00.000+10:00,0.045,140,603
1992-11-17T00:00:00.000+10:00,0.058,140,603
1992-11-18T00:00:00.000+10:00,0.156,140,603
1992-11-19T00:00:00.000+10:00,0.128,140,603
1992-11-20T00:00:00.000+10:00,0.092,140,603
1992-11-21T00:00:00.000+10:00,0.072,140,603
1992-11-22T00:00:00.000+10:00,0.069,140,603
1992-11-23T00:00:00.000+10:00,0.064,140,603
1992-11-24T00:00:00.000+10:00,0.061,140,603
1992-11-25T00:00:00.000+10:00,0.077,140,603
1992-11-26T00:00:00.000+10:00,0.065,140,603
1992-11-27T00:00:00.000+10:00,0.040,140,603
1992-11-28T00:00:00.000+10:00,0.046,140,603
1992-11-29T00:00:00.000+10:00,0.048,140,603
1992-11-30T00:00:00.000+10:00,0.048,140,603
1992-12-01T00:00:00.000+10:00,0.025,140,603
1992-12-02T00:00:00.000+10:00,0.018,140,603
1992-12-03T00:00:00.000+10:00,0.041,140,603
1992-12-04T00:00:00.000+10:00,0.074,140,603
1992-12-05T00:00:00.000+10:00,0.968,140,603
1992-12-06T00:00:00.000+10:00,0.978,140,603
1992-12-07T00:00:00.000+10:00,0.772,140,603
1992-12-08T00:00:00.000+10:00,0.660,140,603
1992-12-09T00:00:00.000+10:00,0.751,140,603
1992-12-10T00:00:00.000+10:00,0.838,140,603
1992-12-11T00:00:00.000+10:00,0.702,140,603
1992-12-12T00:00:00.000+10:00,0.555,140,603
1992-12-13T00:00:00.000+10:00,0.488,140,603
1992-12-14T00:00:00.000+10:00,0.463,140,603
1992-12-15T00:00:00.000+10:00,0.464,140,603
1992-12-16T00:00:00.000+10:00,0.429,140,603
1992-12-17T00:00:00.000+10:00,0.390,140,603
1992-12-18T00:00:00.000+10:00,0.367,140,603
1992-12-19T00:00:00.000+10:00,0.455,140,603
1992-12-20T00:00:00.000+10:00,0.528,140,603
1992-12-21T00:00:00.000+10:00,0.434,140,603
1992-12-22T00:00:00.000+10:00,0.333,140,603
1992-12-23T00:00:00.000+10:00,0.249,140,603
1992-12-24T00:00:00.000+10:00,0.294,140,603
1992-12-25T00:00:00.000+10:00,0.274,140,603
1992-12-26T00:00:00.000+10:00,0.277,140,603
1992-12-27T00:00:00.000+10:00,0.308,140,603
1992-12-28T00:00:00.000+10:00,0.334,140,603
1992-12-29T00:00:00.000+10:00,0.284,140,603
1992-12-30T00:00:00.000+10:00,0.161,140,603
1992-12-31T00:00:00.000+10:00,0.081,140,603
1993-01-01T00:00:00.000+10:00,0.097,140,603
1993-01-02T00:00:00.000+10:00,0.082,140,603
1993-01-03T00:00:00.000+10:00,0.104,140,603
1993-01-04T00:00:00.000+10:00,0.092,140,603
1993-01-05T00:00:00.000+10:00,0.126,140,603
1993-01-06T00:00:00.000+10:00,0.400,140,603
1993-01-07T00:00:00.000+10:00,2.399,140,603
1993-01-08T00:00:00.000+10:00,0.877,140,603
1993-01-09T00:00:00.000+10:00,1.626,140,603
1993-01-10T00:00:00.000+10:00,0.979,140,603
1993-01-11T00:00:00.000+10:00,1.240,140,603
1993-01-12T00:00:00.000+10:00,0.746,140,603
1993-01-13T00:00:00.000+10:00,0.597,140,603
1993-01-14T00:00:00.000+10:00,0.536,140,603
1993-01-15T00:00:00.000+10:00,0.475,140,603
1993-01-16T00:00:00.000+10:00,0.403,140,603
1993-01-17T00:00:00.000+10:00,0.366,140,603
1993-01-18T00:00:00.000+10:00,0.292,140,603
1993-01-19T00:00:00.000+10:00,0.241,140,603
1993-01-20T00:00:00.000+10:00,0.211,140,603
1993-01-21T00:00:00.000+10:00,0.160,140,603
1993-01-22T00:00:00.000+10:00,0.128,140,603
1993-01-23T00:00:00.000+10:00,0.210,140,603
1993-01-24T00:00:00.000+10:00,0.193,140,603
1993-01-25T00:00:00.000+10:00,0.487,140,603
1993-01-26T00:00:00.000+10:00,1.262,140,603
1993-01-27T00:00:00.000+10:00,0.702,140,603
1993-01-28T00:00:00.000+10:00,0.422,140,603
1993-01-29T00:00:00.000+10:00,0.434,140,603
1993-01-30T00:00:00.000+10:00,0.295,140,603
1993-01-31T00:00:00.000+10:00,0.339,140,603
1993-02-01T00:00:00.000+10:00,0.376,140,603
1993-02-02T00:00:00.000+10:00,0.286,140,603
1993-02-03T00:00:00.000+10:00,0.196,140,603
1993-02-04T00:00:00.000+10:00,0.238,140,603
1993-02-05T00:00:00.000+10:00,0.193,140,603
1993-02-06T00:00:00.000+10:00,3.459,140,603
1993-02-07T00:00:00.000+10:00,2.499,140,603
1993-02-08T00:00:00.000+10:00,1.060,140,603
1993-02-09T00:00:00.000+10:00,0.673,140,603
1993-02-10T00:00:00.000+10:00,0.553,140,603
1993-02-11T00:00:00.000+10:00,0.556,140,603
1993-02-12T00:00:00.000+10:00,0.549,140,603
1993-02-13T00:00:00.000+10:00,0.513,140,603
1993-02-14T00:00:00.000+10:00,0.643,140,603
1993-02-15T00:00:00.000+10:00,0.629,140,603
1993-02-16T00:00:00.000+10:00,0.442,140,603
1993-02-17T00:00:00.000+10:00,0.440,140,603
1993-02-18T00:00:00.000+10:00,0.389,140,603
1993-02-19T00:00:00.000+10:00,0.673,140,603
1993-02-20T00:00:00.000+10:00,0.597,140,603
1993-02-21T00:00:00.000+10:00,0.450,140,603
1993-02-22T00:00:00.000+10:00,0.363,140,603
1993-02-23T00:00:00.000+10:00,0.389,140,603
1993-02-24T00:00:00.000+10:00,0.372,140,603
1993-02-25T00:00:00.000+10:00,0.292,140,603
1993-02-26T00:00:00.000+10:00,0.586,140,603
1993-02-27T00:00:00.000+10:00,0.523,140,603
1993-02-28T00:00:00.000+10:00,0.392,140,603
1993-03-01T00:00:00.000+10:00,0.340,140,603
1993-03-02T00:00:00.000+10:00,0.258,140,603
1993-03-03T00:00:00.000+10:00,0.193,140,603
1993-03-04T00:00:00.000+10:00,0.210,140,603
1993-03-05T00:00:00.000+10:00,0.245,140,603
1993-03-06T00:00:00.000+10:00,0.130,140,603
1993-03-07T00:00:00.000+10:00,0.123,140,603
1993-03-08T00:00:00.000+10:00,0.112,140,603
1993-03-09T00:00:00.000+10:00,0.107,140,603
1993-03-10T00:00:00.000+10:00,0.092,140,603
1993-03-11T00:00:00.000+10:00,0.065,140,603
1993-03-12T00:00:00.000+10:00,0.062,140,603
1993-03-13T00:00:00.000+10:00,0.079,140,603
1993-03-14T00:00:00.000+10:00,0.086,140,603
1993-03-15T00:00:00.000+10:00,0.090,140,603
1993-03-16T00:00:00.000+10:00,0.122,140,603
1993-03-17T00:00:00.000+10:00,1.837,140,603
1993-03-18T00:00:00.000+10:00,4.222,140,603
1993-03-19T00:00:00.000+10:00,5.473,140,603
1993-03-20T00:00:00.000+10:00,3.394,140,603
1993-03-21T00:00:00.000+10:00,2.210,140,603
1993-03-22T00:00:00.000+10:00,1.880,140,603
1993-03-23T00:00:00.000+10:00,2.014,140,603
1993-03-24T00:00:00.000+10:00,1.506,140,603
1993-03-25T00:00:00.000+10:00,1.345,140,603
1993-03-26T00:00:00.000+10:00,1.270,140,603
1993-03-27T00:00:00.000+10:00,0.942,140,603
1993-03-28T00:00:00.000+10:00,0.977,140,603
1993-03-29T00:00:00.000+10:00,0.933,140,603
1993-03-30T00:00:00.000+10:00,0.860,140,603
1993-03-31T00:00:00.000+10:00,0.764,140,603
1993-04-01T00:00:00.000+10:00,0.684,140,603
1993-04-02T00:00:00.000+10:00,0.602,140,603
1993-04-03T00:00:00.000+10:00,0.559,140,603
1993-04-04T00:00:00.000+10:00,0.498,140,603
1993-04-05T00:00:00.000+10:00,0.428,140,603
1993-04-06T00:00:00.000+10:00,0.405,140,603
1993-04-07T00:00:00.000+10:00,0.411,140,603
1993-04-08T00:00:00.000+10:00,0.364,140,603
1993-04-09T00:00:00.000+10:00,0.313,140,603
1993-04-10T00:00:00.000+10:00,0.311,140,603
1993-04-11T00:00:00.000+10:00,0.400,140,603
1993-04-12T00:00:00.000+10:00,0.473,140,603
1993-04-13T00:00:00.000+10:00,0.388,140,603
1993-04-14T00:00:00.000+10:00,0.327,140,603
1993-04-15T00:00:00.000+10:00,0.299,140,603
1993-04-16T00:00:00.000+10:00,0.357,140,603
1993-04-17T00:00:00.000+10:00,1.520,140,603
1993-04-18T00:00:00.000+10:00,1.126,140,603
1993-04-19T00:00:00.000+10:00,0.860,140,603
1993-04-20T00:00:00.000+10:00,0.706,140,603
1993-04-21T00:00:00.000+10:00,0.650,140,603
1993-04-22T00:00:00.000+10:00,0.573,140,603
1993-04-23T00:00:00.000+10:00,0.486,140,603
1993-04-24T00:00:00.000+10:00,0.465,140,603
1993-04-25T00:00:00.000+10:00,0.438,140,603
1993-04-26T00:00:00.000+10:00,0.522,140,603
1993-04-27T00:00:00.000+10:00,0.508,140,603
1993-04-28T00:00:00.000+10:00,0.385,140,603
1993-04-29T00:00:00.000+10:00,0.277,140,603
1993-04-30T00:00:00.000+10:00,0.389,140,603
1993-05-01T00:00:00.000+10:00,0.641,140,603
1993-05-02T00:00:00.000+10:00,0.637,140,603
1993-05-03T00:00:00.000+10:00,0.565,140,603
1993-05-04T00:00:00.000+10:00,0.492,140,603
1993-05-05T00:00:00.000+10:00,0.447,140,603
1993-05-06T00:00:00.000+10:00,0.434,140,603
1993-05-07T00:00:00.000+10:00,0.390,140,603
1993-05-08T00:00:00.000+10:00,0.376,140,603
1993-05-09T00:00:00.000+10:00,0.317,140,603
1993-05-10T00:00:00.000+10:00,0.339,140,603
1993-05-11T00:00:00.000+10:00,0.388,140,603
1993-05-12T00:00:00.000+10:00,0.388,140,603
1993-05-13T00:00:00.000+10:00,0.329,140,603
1993-05-14T00:00:00.000+10:00,0.312,140,603
1993-05-15T00:00:00.000+10:00,0.309,140,603
1993-05-16T00:00:00.000+10:00,0.305,140,603
1993-05-17T00:00:00.000+10:00,0.235,140,603
1993-05-18T00:00:00.000+10:00,0.166,140,603
1993-05-19T00:00:00.000+10:00,0.233,140,603
1993-05-20T00:00:00.000+10:00,0.203,140,603
1993-05-21T00:00:00.000+10:00,0.185,140,603
1993-05-22T00:00:00.000+10:00,0.176,140,603
1993-05-23T00:00:00.000+10:00,0.180,140,603
1993-05-24T00:00:00.000+10:00,0.156,140,603
1993-05-25T00:00:00.000+10:00,0.153,140,603
1993-05-26T00:00:00.000+10:00,0.134,140,603
1993-05-27T00:00:00.000+10:00,0.118,140,603
1993-05-28T00:00:00.000+10:00,0.135,140,603
1993-05-29T00:00:00.000+10:00,0.169,140,603
1993-05-30T00:00:00.000+10:00,0.173,140,603
1993-05-31T00:00:00.000+10:00,0.154,140,603
1993-06-01T00:00:00.000+10:00,0.126,140,603
1993-06-02T00:00:00.000+10:00,0.095,140,603
1993-06-03T00:00:00.000+10:00,0.148,140,603
1993-06-04T00:00:00.000+10:00,0.094,140,603
1993-06-05T00:00:00.000+10:00,0.151,140,603
1993-06-06T00:00:00.000+10:00,0.108,140,603
1993-06-07T00:00:00.000+10:00,0.087,140,603
1993-06-08T00:00:00.000+10:00,0.128,140,603
1993-06-09T00:00:00.000+10:00,0.150,140,603
1993-06-10T00:00:00.000+10:00,0.112,140,603
1993-06-11T00:00:00.000+10:00,0.094,140,603
1993-06-12T00:00:00.000+10:00,0.118,140,603
1993-06-13T00:00:00.000+10:00,0.109,140,603
1993-06-14T00:00:00.000+10:00,0.049,140,603
1993-06-15T00:00:00.000+10:00,0.091,140,603
1993-06-16T00:00:00.000+10:00,0.061,140,603
1993-06-17T00:00:00.000+10:00,0.059,140,603
1993-06-18T00:00:00.000+10:00,0.054,140,603
1993-06-19T00:00:00.000+10:00,0.064,140,603
1993-06-20T00:00:00.000+10:00,0.046,140,603
1993-06-21T00:00:00.000+10:00,0.071,140,603
1993-06-22T00:00:00.000+10:00,0.059,140,603
1993-06-23T00:00:00.000+10:00,0.036,140,603
1993-06-24T00:00:00.000+10:00,0.051,140,603
1993-06-25T00:00:00.000+10:00,0.037,140,603
1993-06-26T00:00:00.000+10:00,0.049,140,603
1993-06-27T00:00:00.000+10:00,0.060,140,603
1993-06-28T00:00:00.000+10:00,0.072,140,603
1993-06-29T00:00:00.000+10:00,0.070,140,603
1993-06-30T00:00:00.000+10:00,0.073,140,603
1993-07-01T00:00:00.000+10:00,0.081,140,603
1993-07-02T00:00:00.000+10:00,0.093,140,603
1993-07-03T00:00:00.000+10:00,0.067,140,603
1993-07-04T00:00:00.000+10:00,0.061,140,603
1993-07-05T00:00:00.000+10:00,0.064,140,603
1993-07-06T00:00:00.000+10:00,0.069,140,603
1993-07-07T00:00:00.000+10:00,0.077,140,603
1993-07-08T00:00:00.000+10:00,0.075,140,603
1993-07-09T00:00:00.000+10:00,0.095,140,603
1993-07-10T00:00:00.000+10:00,0.109,140,603
1993-07-11T00:00:00.000+10:00,0.135,140,603
1993-07-12T00:00:00.000+10:00,0.501,140,603
1993-07-13T00:00:00.000+10:00,0.760,140,603
1993-07-14T00:00:00.000+10:00,0.401,140,603
1993-07-15T00:00:00.000+10:00,0.458,140,603
1993-07-16T00:00:00.000+10:00,0.511,140,603
1993-07-17T00:00:00.000+10:00,0.369,140,603
1993-07-18T00:00:00.000+10:00,0.327,140,603
1993-07-19T00:00:00.000+10:00,0.365,140,603
1993-07-20T00:00:00.000+10:00,0.408,140,603
1993-07-21T00:00:00.000+10:00,0.385,140,603
1993-07-22T00:00:00.000+10:00,0.428,140,603
1993-07-23T00:00:00.000+10:00,0.372,140,603
1993-07-24T00:00:00.000+10:00,0.364,140,603
1993-07-25T00:00:00.000+10:00,0.335,140,603
1993-07-26T00:00:00.000+10:00,0.312,140,603
1993-07-27T00:00:00.000+10:00,0.267,140,603
1993-07-28T00:00:00.000+10:00,0.298,140,603
1993-07-29T00:00:00.000+10:00,0.363,140,603
1993-07-30T00:00:00.000+10:00,1.758,140,603
1993-07-31T00:00:00.000+10:00,0.930,140,603
1993-08-01T00:00:00.000+10:00,0.769,140,603
1993-08-02T00:00:00.000+10:00,0.594,140,603
1993-08-03T00:00:00.000+10:00,0.453,140,603
1993-08-04T00:00:00.000+10:00,0.419,140,603
1993-08-05T00:00:00.000+10:00,0.386,140,603
1993-08-06T00:00:00.000+10:00,0.439,140,603
1993-08-07T00:00:00.000+10:00,0.466,140,603
1993-08-08T00:00:00.000+10:00,0.440,140,603
1993-08-09T00:00:00.000+10:00,0.321,140,603
1993-08-10T00:00:00.000+10:00,0.288,140,603
1993-08-11T00:00:00.000+10:00,0.267,140,603
1993-08-12T00:00:00.000+10:00,0.300,140,603
1993-08-13T00:00:00.000+10:00,0.293,140,603
1993-08-14T00:00:00.000+10:00,0.222,140,603
1993-08-15T00:00:00.000+10:00,0.238,140,603
1993-08-16T00:00:00.000+10:00,0.220,140,603
1993-08-17T00:00:00.000+10:00,0.187,140,603
1993-08-18T00:00:00.000+10:00,0.162,140,603
1993-08-19T00:00:00.000+10:00,0.151,140,603
1993-08-20T00:00:00.000+10:00,0.136,140,603
1993-08-21T00:00:00.000+10:00,0.095,140,603
1993-08-22T00:00:00.000+10:00,0.113,140,603
1993-08-23T00:00:00.000+10:00,0.113,140,603
1993-08-24T00:00:00.000+10:00,0.086,140,603
1993-08-25T00:00:00.000+10:00,0.083,140,603
1993-08-26T00:00:00.000+10:00,0.097,140,603
1993-08-27T00:00:00.000+10:00,0.123,140,603
1993-08-28T00:00:00.000+10:00,0.104,140,603
1993-08-29T00:00:00.000+10:00,0.137,140,603
1993-08-30T00:00:00.000+10:00,0.165,140,603
1993-08-31T00:00:00.000+10:00,0.172,140,603
1993-09-01T00:00:00.000+10:00,0.157,140,603
1993-09-02T00:00:00.000+10:00,0.149,140,603
1993-09-03T00:00:00.000+10:00,0.182,140,603
1993-09-04T00:00:00.000+10:00,0.087,140,603
1993-09-05T00:00:00.000+10:00,0.095,140,603
1993-09-06T00:00:00.000+10:00,0.160,140,603
1993-09-07T00:00:00.000+10:00,0.090,140,603
1993-09-08T00:00:00.000+10:00,0.061,140,603
1993-09-09T00:00:00.000+10:00,0.137,140,603
1993-09-10T00:00:00.000+10:00,0.127,140,603
1993-09-11T00:00:00.000+10:00,0.091,140,603
1993-09-12T00:00:00.000+10:00,0.107,140,603
1993-09-13T00:00:00.000+10:00,0.138,140,603
1993-09-14T00:00:00.000+10:00,0.137,140,603
1993-09-15T00:00:00.000+10:00,0.134,140,603
1993-09-16T00:00:00.000+10:00,0.157,140,603
1993-09-17T00:00:00.000+10:00,0.127,140,603
1993-09-18T00:00:00.000+10:00,0.124,140,603
1993-09-19T00:00:00.000+10:00,0.122,140,603
1993-09-20T00:00:00.000+10:00,0.114,140,603
1993-09-21T00:00:00.000+10:00,0.128,140,603
1993-09-22T00:00:00.000+10:00,0.091,140,603
1993-09-23T00:00:00.000+10:00,0.055,140,603
1993-09-24T00:00:00.000+10:00,0.105,140,603
1993-09-25T00:00:00.000+10:00,0.103,140,603
1993-09-26T00:00:00.000+10:00,0.111,140,603
1993-09-27T00:00:00.000+10:00,0.084,140,603
1993-09-28T00:00:00.000+10:00,0.118,140,603
1993-09-29T00:00:00.000+10:00,0.073,140,603
1993-09-30T00:00:00.000+10:00,0.076,140,603
1993-10-01T00:00:00.000+10:00,0.072,140,603
1993-10-02T00:00:00.000+10:00,0.065,140,603
1993-10-03T00:00:00.000+10:00,0.100,140,603
1993-10-04T00:00:00.000+10:00,0.067,140,603
1993-10-05T00:00:00.000+10:00,0.065,140,603
1993-10-06T00:00:00.000+10:00,0.052,140,603
1993-10-07T00:00:00.000+10:00,0.037,140,603
1993-10-08T00:00:00.000+10:00,0.035,140,603
1993-10-09T00:00:00.000+10:00,0.033,140,603
1993-10-10T00:00:00.000+10:00,0.032,140,603
1993-10-11T00:00:00.000+10:00,0.034,140,603
1993-10-12T00:00:00.000+10:00,0.028,140,603
1993-10-13T00:00:00.000+10:00,0.010,140,603
1993-10-14T00:00:00.000+10:00,0.004,140,603
1993-10-15T00:00:00.000+10:00,0.060,140,603
1993-10-16T00:00:00.000+10:00,0.021,140,603
1993-10-17T00:00:00.000+10:00,0.018,140,603
1993-10-18T00:00:00.000+10:00,0.025,140,603
1993-10-19T00:00:00.000+10:00,0.032,140,603
1993-10-20T00:00:00.000+10:00,0.019,140,603
1993-10-21T00:00:00.000+10:00,0.019,140,603
1993-10-22T00:00:00.000+10:00,0.041,140,603
1993-10-23T00:00:00.000+10:00,0.029,140,603
1993-10-24T00:00:00.000+10:00,0.031,140,603
1993-10-25T00:00:00.000+10:00,0.033,140,603
1993-10-26T00:00:00.000+10:00,0.020,140,603
1993-10-27T00:00:00.000+10:00,0.015,140,603
1993-10-28T00:00:00.000+10:00,0.011,140,603
1993-10-29T00:00:00.000+10:00,0.006,140,603
1993-10-30T00:00:00.000+10:00,0.005,140,603
1993-10-31T00:00:00.000+10:00,0.024,140,603
1993-11-01T00:00:00.000+10:00,0.016,140,603
1993-11-02T00:00:00.000+10:00,0.012,140,603
1993-11-03T00:00:00.000+10:00,0.021,140,603
1993-11-04T00:00:00.000+10:00,0.019,140,603
1993-11-05T00:00:00.000+10:00,0.019,140,603
1993-11-06T00:00:00.000+10:00,0.015,140,603
1993-11-07T00:00:00.000+10:00,0.008,140,603
1993-11-08T00:00:00.000+10:00,0.004,140,603
1993-11-09T00:00:00.000+10:00,0.003,140,603
1993-11-10T00:00:00.000+10:00,0.010,140,603
1993-11-11T00:00:00.000+10:00,0.009,140,603
1993-11-12T00:00:00.000+10:00,0.013,140,603
1993-11-13T00:00:00.000+10:00,0.018,140,603
1993-11-14T00:00:00.000+10:00,0.033,140,603
1993-11-15T00:00:00.000+10:00,0.027,140,603
1993-11-16T00:00:00.000+10:00,0.025,140,603
1993-11-17T00:00:00.000+10:00,0.019,140,603
1993-11-18T00:00:00.000+10:00,0.013,140,603
1993-11-19T00:00:00.000+10:00,0.017,140,603
1993-11-20T00:00:00.000+10:00,0.029,140,603
1993-11-21T00:00:00.000+10:00,0.048,140,603
1993-11-22T00:00:00.000+10:00,0.043,140,603
1993-11-23T00:00:00.000+10:00,0.027,140,603
1993-11-24T00:00:00.000+10:00,0.045,140,603
1993-11-25T00:00:00.000+10:00,0.022,140,603
1993-11-26T00:00:00.000+10:00,0.024,140,603
1993-11-27T00:00:00.000+10:00,0.019,140,603
1993-11-28T00:00:00.000+10:00,0.023,140,603
1993-11-29T00:00:00.000+10:00,0.021,140,603
1993-11-30T00:00:00.000+10:00,0.021,140,603
1993-12-01T00:00:00.000+10:00,0.025,140,603
1993-12-02T00:00:00.000+10:00,0.014,140,603
1993-12-03T00:00:00.000+10:00,0.018,140,603
1993-12-04T00:00:00.000+10:00,0.029,140,603
1993-12-05T00:00:00.000+10:00,0.096,140,603
1993-12-06T00:00:00.000+10:00,0.511,140,603
1993-12-07T00:00:00.000+10:00,8.375,140,603
1993-12-08T00:00:00.000+10:00,30.174,140,603
1993-12-09T00:00:00.000+10:00,8.962,140,603
1993-12-10T00:00:00.000+10:00,4.297,140,603
1993-12-11T00:00:00.000+10:00,2.714,140,603
1993-12-12T00:00:00.000+10:00,1.902,140,603
1993-12-13T00:00:00.000+10:00,1.403,140,603
1993-12-14T00:00:00.000+10:00,1.096,140,603
1993-12-15T00:00:00.000+10:00,0.911,140,603
1993-12-16T00:00:00.000+10:00,0.742,140,603
1993-12-17T00:00:00.000+10:00,0.625,140,603
1993-12-18T00:00:00.000+10:00,0.546,140,603
1993-12-19T00:00:00.000+10:00,0.466,140,603
1993-12-20T00:00:00.000+10:00,0.388,140,603
1993-12-21T00:00:00.000+10:00,0.366,140,603
1993-12-22T00:00:00.000+10:00,0.335,140,603
1993-12-23T00:00:00.000+10:00,0.290,140,603
1993-12-24T00:00:00.000+10:00,0.252,140,603
1993-12-25T00:00:00.000+10:00,0.284,140,603
1993-12-26T00:00:00.000+10:00,0.233,140,603
1993-12-27T00:00:00.000+10:00,0.102,140,603
1993-12-28T00:00:00.000+10:00,0.078,140,603
1993-12-29T00:00:00.000+10:00,0.049,140,603
1993-12-30T00:00:00.000+10:00,0.034,140,603
1993-12-31T00:00:00.000+10:00,0.076,140,603
1994-01-01T00:00:00.000+10:00,0.028,140,603
1994-01-02T00:00:00.000+10:00,0.017,140,603
1994-01-03T00:00:00.000+10:00,0.056,140,603
1994-01-04T00:00:00.000+10:00,0.109,140,603
1994-01-05T00:00:00.000+10:00,0.047,140,603
1994-01-06T00:00:00.000+10:00,0.041,140,603
1994-01-07T00:00:00.000+10:00,0.038,140,603
1994-01-08T00:00:00.000+10:00,0.047,140,603
1994-01-09T00:00:00.000+10:00,0.033,140,603
1994-01-10T00:00:00.000+10:00,0.050,140,603
1994-01-11T00:00:00.000+10:00,0.040,140,603
1994-01-12T00:00:00.000+10:00,0.020,140,603
1994-01-13T00:00:00.000+10:00,0.029,140,603
1994-01-14T00:00:00.000+10:00,0.028,140,603
1994-01-15T00:00:00.000+10:00,0.034,140,603
1994-01-16T00:00:00.000+10:00,0.032,140,603
1994-01-17T00:00:00.000+10:00,0.035,140,603
1994-01-18T00:00:00.000+10:00,0.027,140,603
1994-01-19T00:00:00.000+10:00,0.036,140,603
1994-01-20T00:00:00.000+10:00,0.057,140,603
1994-01-21T00:00:00.000+10:00,0.038,140,603
1994-01-22T00:00:00.000+10:00,0.031,140,603
1994-01-23T00:00:00.000+10:00,0.029,140,603
1994-01-24T00:00:00.000+10:00,0.046,140,603
1994-01-25T00:00:00.000+10:00,0.026,140,603
1994-01-26T00:00:00.000+10:00,0.026,140,603
1994-01-27T00:00:00.000+10:00,0.023,140,603
1994-01-28T00:00:00.000+10:00,0.015,140,603
1994-01-29T00:00:00.000+10:00,0.018,140,603
1994-01-30T00:00:00.000+10:00,0.032,140,603
1994-01-31T00:00:00.000+10:00,0.020,140,603
1994-02-01T00:00:00.000+10:00,0.019,140,603
1994-02-02T00:00:00.000+10:00,0.009,140,603
1994-02-03T00:00:00.000+10:00,0.048,140,603
1994-02-04T00:00:00.000+10:00,0.008,140,603
1994-02-05T00:00:00.000+10:00,0.044,140,603
1994-02-06T00:00:00.000+10:00,0.062,140,603
1994-02-07T00:00:00.000+10:00,0.055,140,603
1994-02-08T00:00:00.000+10:00,0.042,140,603
1994-02-09T00:00:00.000+10:00,0.017,140,603
1994-02-10T00:00:00.000+10:00,0.017,140,603
1994-02-11T00:00:00.000+10:00,0.017,140,603
1994-02-12T00:00:00.000+10:00,0.030,140,603
1994-02-13T00:00:00.000+10:00,0.012,140,603
1994-02-14T00:00:00.000+10:00,0.008,140,603
1994-02-15T00:00:00.000+10:00,0.025,140,603
1994-02-16T00:00:00.000+10:00,0.082,140,603
1994-02-17T00:00:00.000+10:00,0.069,140,603
1994-02-18T00:00:00.000+10:00,0.039,140,603
1994-02-19T00:00:00.000+10:00,1.557,140,603
1994-02-20T00:00:00.000+10:00,3.670,140,603
1994-02-21T00:00:00.000+10:00,0.868,140,603
1994-02-22T00:00:00.000+10:00,0.413,140,603
1994-02-23T00:00:00.000+10:00,0.209,140,603
1994-02-24T00:00:00.000+10:00,0.081,140,603
1994-02-25T00:00:00.000+10:00,0.031,140,603
1994-02-26T00:00:00.000+10:00,0.072,140,603
1994-02-27T00:00:00.000+10:00,0.134,140,603
1994-02-28T00:00:00.000+10:00,0.069,140,603
1994-03-01T00:00:00.000+10:00,7.850,140,603
1994-03-02T00:00:00.000+10:00,11.554,140,603
1994-03-03T00:00:00.000+10:00,6.899,140,603
1994-03-04T00:00:00.000+10:00,5.213,140,603
1994-03-05T00:00:00.000+10:00,3.249,140,603
1994-03-06T00:00:00.000+10:00,2.206,140,603
1994-03-07T00:00:00.000+10:00,1.655,140,603
1994-03-08T00:00:00.000+10:00,1.318,140,603
1994-03-09T00:00:00.000+10:00,1.125,140,603
1994-03-10T00:00:00.000+10:00,1.052,140,603
1994-03-11T00:00:00.000+10:00,0.906,140,603
1994-03-12T00:00:00.000+10:00,0.744,140,603
1994-03-13T00:00:00.000+10:00,0.637,140,603
1994-03-14T00:00:00.000+10:00,0.565,140,603
1994-03-15T00:00:00.000+10:00,0.500,140,603
1994-03-16T00:00:00.000+10:00,0.495,140,603
1994-03-17T00:00:00.000+10:00,0.407,140,603
1994-03-18T00:00:00.000+10:00,0.532,140,603
1994-03-19T00:00:00.000+10:00,0.578,140,603
1994-03-20T00:00:00.000+10:00,0.498,140,603
1994-03-21T00:00:00.000+10:00,0.505,140,603
1994-03-22T00:00:00.000+10:00,0.474,140,603
1994-03-23T00:00:00.000+10:00,0.407,140,603
1994-03-24T00:00:00.000+10:00,0.466,140,603
1994-03-25T00:00:00.000+10:00,0.814,140,603
1994-03-26T00:00:00.000+10:00,3.670,140,603
1994-03-27T00:00:00.000+10:00,2.203,140,603
1994-03-28T00:00:00.000+10:00,5.869,140,603
1994-03-29T00:00:00.000+10:00,8.298,140,603
1994-03-30T00:00:00.000+10:00,7.457,140,603
1994-03-31T00:00:00.000+10:00,11.485,140,603
1994-04-01T00:00:00.000+10:00,7.902,140,603
1994-04-02T00:00:00.000+10:00,5.349,140,603
1994-04-03T00:00:00.000+10:00,4.238,140,603
1994-04-04T00:00:00.000+10:00,3.367,140,603
1994-04-05T00:00:00.000+10:00,2.741,140,603
1994-04-06T00:00:00.000+10:00,2.346,140,603
1994-04-07T00:00:00.000+10:00,1.916,140,603
1994-04-08T00:00:00.000+10:00,1.807,140,603
1994-04-09T00:00:00.000+10:00,1.478,140,603
1994-04-10T00:00:00.000+10:00,1.301,140,603
1994-04-11T00:00:00.000+10:00,1.227,140,603
1994-04-12T00:00:00.000+10:00,1.073,140,603
1994-04-13T00:00:00.000+10:00,0.953,140,603
1994-04-14T00:00:00.000+10:00,0.926,140,603
1994-04-15T00:00:00.000+10:00,0.846,140,603
1994-04-16T00:00:00.000+10:00,0.792,140,603
1994-04-17T00:00:00.000+10:00,0.820,140,603
1994-04-18T00:00:00.000+10:00,0.774,140,603
1994-04-19T00:00:00.000+10:00,0.703,140,603
1994-04-20T00:00:00.000+10:00,0.645,140,603
1994-04-21T00:00:00.000+10:00,0.602,140,603
1994-04-22T00:00:00.000+10:00,0.577,140,603
1994-04-23T00:00:00.000+10:00,0.506,140,603
1994-04-24T00:00:00.000+10:00,0.500,140,603
1994-04-25T00:00:00.000+10:00,0.502,140,603
1994-04-26T00:00:00.000+10:00,0.458,140,603
1994-04-27T00:00:00.000+10:00,0.442,140,603
1994-04-28T00:00:00.000+10:00,0.445,140,603
1994-04-29T00:00:00.000+10:00,0.426,140,603
1994-04-30T00:00:00.000+10:00,0.405,140,603
1994-05-01T00:00:00.000+10:00,0.378,140,603
1994-05-02T00:00:00.000+10:00,0.386,140,603
1994-05-03T00:00:00.000+10:00,0.387,140,603
1994-05-04T00:00:00.000+10:00,0.877,140,603
1994-05-05T00:00:00.000+10:00,5.631,140,603
1994-05-06T00:00:00.000+10:00,2.385,140,603
1994-05-07T00:00:00.000+10:00,1.743,140,603
1994-05-08T00:00:00.000+10:00,1.274,140,603
1994-05-09T00:00:00.000+10:00,0.982,140,603
1994-05-10T00:00:00.000+10:00,0.914,140,603
1994-05-11T00:00:00.000+10:00,0.906,140,603
1994-05-12T00:00:00.000+10:00,0.840,140,603
1994-05-13T00:00:00.000+10:00,0.715,140,603
1994-05-14T00:00:00.000+10:00,0.673,140,603
1994-05-15T00:00:00.000+10:00,0.584,140,603
1994-05-16T00:00:00.000+10:00,0.528,140,603
1994-05-17T00:00:00.000+10:00,0.489,140,603
1994-05-18T00:00:00.000+10:00,0.458,140,603
1994-05-19T00:00:00.000+10:00,0.423,140,603
1994-05-20T00:00:00.000+10:00,0.371,140,603
1994-05-21T00:00:00.000+10:00,0.341,140,603
1994-05-22T00:00:00.000+10:00,0.315,140,603
1994-05-23T00:00:00.000+10:00,0.302,140,603
1994-05-24T00:00:00.000+10:00,0.294,140,603
1994-05-25T00:00:00.000+10:00,0.271,140,603
1994-05-26T00:00:00.000+10:00,0.265,140,603
1994-05-27T00:00:00.000+10:00,0.241,140,603
1994-05-28T00:00:00.000+10:00,0.231,140,603
1994-05-29T00:00:00.000+10:00,0.234,140,603
1994-05-30T00:00:00.000+10:00,0.207,140,603
1994-05-31T00:00:00.000+10:00,0.215,140,603
1994-06-01T00:00:00.000+10:00,0.220,140,603
1994-06-02T00:00:00.000+10:00,0.200,140,603
1994-06-03T00:00:00.000+10:00,0.179,140,603
1994-06-04T00:00:00.000+10:00,0.229,140,603
1994-06-05T00:00:00.000+10:00,0.231,140,603
1994-06-06T00:00:00.000+10:00,0.224,140,603
1994-06-07T00:00:00.000+10:00,0.203,140,603
1994-06-08T00:00:00.000+10:00,0.195,140,603
1994-06-09T00:00:00.000+10:00,0.160,140,603
1994-06-10T00:00:00.000+10:00,0.223,140,603
1994-06-11T00:00:00.000+10:00,0.164,140,603
1994-06-12T00:00:00.000+10:00,0.150,140,603
1994-06-13T00:00:00.000+10:00,0.146,140,603
1994-06-14T00:00:00.000+10:00,0.143,140,603
1994-06-15T00:00:00.000+10:00,0.131,140,603
1994-06-16T00:00:00.000+10:00,0.126,140,603
1994-06-17T00:00:00.000+10:00,0.118,140,603
1994-06-18T00:00:00.000+10:00,0.118,140,603
1994-06-19T00:00:00.000+10:00,0.118,140,603
1994-06-20T00:00:00.000+10:00,0.118,140,603
1994-06-21T00:00:00.000+10:00,0.114,140,603
1994-06-22T00:00:00.000+10:00,0.099,140,603
1994-06-23T00:00:00.000+10:00,0.120,140,603
1994-06-24T00:00:00.000+10:00,0.100,140,603
1994-06-25T00:00:00.000+10:00,0.103,140,603
1994-06-26T00:00:00.000+10:00,0.103,140,603
1994-06-27T00:00:00.000+10:00,0.116,140,603
1994-06-28T00:00:00.000+10:00,0.110,140,603
1994-06-29T00:00:00.000+10:00,0.131,140,603
1994-06-30T00:00:00.000+10:00,0.131,140,603
1994-07-01T00:00:00.000+10:00,0.275,140,603
1994-07-02T00:00:00.000+10:00,0.548,140,603
1994-07-03T00:00:00.000+10:00,0.344,140,603
1994-07-04T00:00:00.000+10:00,0.225,140,603
1994-07-05T00:00:00.000+10:00,0.236,140,603
1994-07-06T00:00:00.000+10:00,0.173,140,603
1994-07-07T00:00:00.000+10:00,0.168,140,603
1994-07-08T00:00:00.000+10:00,0.169,140,603
1994-07-09T00:00:00.000+10:00,0.171,140,603
1994-07-10T00:00:00.000+10:00,0.167,140,603
1994-07-11T00:00:00.000+10:00,0.160,140,603
1994-07-12T00:00:00.000+10:00,0.177,140,603
1994-07-13T00:00:00.000+10:00,0.166,140,603
1994-07-14T00:00:00.000+10:00,0.151,140,603
1994-07-15T00:00:00.000+10:00,0.131,140,603
1994-07-16T00:00:00.000+10:00,0.126,140,603
1994-07-17T00:00:00.000+10:00,0.131,140,603
1994-07-18T00:00:00.000+10:00,0.128,140,603
1994-07-19T00:00:00.000+10:00,0.114,140,603
1994-07-20T00:00:00.000+10:00,0.107,140,603
1994-07-21T00:00:00.000+10:00,0.101,140,603
1994-07-22T00:00:00.000+10:00,0.098,140,603
1994-07-23T00:00:00.000+10:00,0.085,140,603
1994-07-24T00:00:00.000+10:00,0.096,140,603
1994-07-25T00:00:00.000+10:00,0.087,140,603
1994-07-26T00:00:00.000+10:00,0.071,140,603
1994-07-27T00:00:00.000+10:00,0.071,140,603
1994-07-28T00:00:00.000+10:00,0.073,140,603
1994-07-29T00:00:00.000+10:00,0.063,140,603
1994-07-30T00:00:00.000+10:00,0.080,140,603
1994-07-31T00:00:00.000+10:00,0.076,140,603
1994-08-01T00:00:00.000+10:00,0.061,140,603
1994-08-02T00:00:00.000+10:00,0.065,140,603
1994-08-03T00:00:00.000+10:00,0.076,140,603
1994-08-04T00:00:00.000+10:00,0.060,140,603
1994-08-05T00:00:00.000+10:00,0.039,140,603
1994-08-06T00:00:00.000+10:00,0.016,140,603
1994-08-07T00:00:00.000+10:00,0.015,140,603
1994-08-08T00:00:00.000+10:00,0.014,140,603
1994-08-09T00:00:00.000+10:00,0.007,140,603
1994-08-10T00:00:00.000+10:00,0.002,140,603
1994-08-11T00:00:00.000+10:00,0.003,140,603
1994-08-12T00:00:00.000+10:00,0.002,140,603
1994-08-13T00:00:00.000+10:00,0.001,140,603
1994-08-14T00:00:00.000+10:00,0.001,140,603
1994-08-15T00:00:00.000+10:00,0.004,140,603
1994-08-16T00:00:00.000+10:00,0.062,140,603
1994-08-17T00:00:00.000+10:00,0.029,140,603
1994-08-18T00:00:00.000+10:00,0.068,140,603
1994-08-19T00:00:00.000+10:00,0.068,140,603
1994-08-20T00:00:00.000+10:00,0.025,140,603
1994-08-21T00:00:00.000+10:00,0.047,140,603
1994-08-22T00:00:00.000+10:00,0.065,140,603
1994-08-23T00:00:00.000+10:00,0.032,140,603
1994-08-24T00:00:00.000+10:00,0.018,140,603
1994-08-25T00:00:00.000+10:00,0.037,140,603
1994-08-26T00:00:00.000+10:00,0.060,140,603
1994-08-27T00:00:00.000+10:00,0.064,140,603
1994-08-28T00:00:00.000+10:00,0.073,140,603
1994-08-29T00:00:00.000+10:00,0.074,140,603
1994-08-30T00:00:00.000+10:00,0.078,140,603
1994-08-31T00:00:00.000+10:00,0.075,140,603
1994-09-01T00:00:00.000+10:00,0.073,140,603
1994-09-02T00:00:00.000+10:00,0.044,140,603
1994-09-03T00:00:00.000+10:00,0.047,140,603
1994-09-04T00:00:00.000+10:00,0.064,140,603
1994-09-05T00:00:00.000+10:00,0.046,140,603
1994-09-06T00:00:00.000+10:00,0.053,140,603
1994-09-07T00:00:00.000+10:00,0.097,140,603
1994-09-08T00:00:00.000+10:00,0.061,140,603
1994-09-09T00:00:00.000+10:00,0.070,140,603
1994-09-10T00:00:00.000+10:00,0.083,140,603
1994-09-11T00:00:00.000+10:00,0.081,140,603
1994-09-12T00:00:00.000+10:00,0.038,140,603
1994-09-13T00:00:00.000+10:00,0.056,140,603
1994-09-14T00:00:00.000+10:00,0.053,140,603
1994-09-15T00:00:00.000+10:00,0.071,140,603
1994-09-16T00:00:00.000+10:00,0.060,140,603
1994-09-17T00:00:00.000+10:00,0.044,140,603
1994-09-18T00:00:00.000+10:00,0.045,140,603
1994-09-19T00:00:00.000+10:00,0.055,140,603
1994-09-20T00:00:00.000+10:00,0.050,140,603
1994-09-21T00:00:00.000+10:00,0.025,140,603
1994-09-22T00:00:00.000+10:00,0.007,140,603
1994-09-23T00:00:00.000+10:00,0.036,140,603
1994-09-24T00:00:00.000+10:00,0.044,140,603
1994-09-25T00:00:00.000+10:00,0.044,140,603
1994-09-26T00:00:00.000+10:00,0.044,140,603
1994-09-27T00:00:00.000+10:00,0.044,140,603
1994-09-28T00:00:00.000+10:00,0.044,140,603
1994-09-29T00:00:00.000+10:00,0.034,140,603
1994-09-30T00:00:00.000+10:00,0.014,140,603
1994-10-01T00:00:00.000+10:00,0.006,140,603
1994-10-02T00:00:00.000+10:00,0.007,140,603
1994-10-03T00:00:00.000+10:00,0.011,140,603
1994-10-04T00:00:00.000+10:00,0.005,140,603
1994-10-05T00:00:00.000+10:00,0.002,140,603
1994-10-06T00:00:00.000+10:00,0.002,140,603
1994-10-07T00:00:00.000+10:00,0.002,140,603
1994-10-08T00:00:00.000+10:00,0.002,140,603
1994-10-09T00:00:00.000+10:00,0.002,140,603
1994-10-10T00:00:00.000+10:00,0.003,140,603
1994-10-11T00:00:00.000+10:00,0.002,140,603
1994-10-12T00:00:00.000+10:00,0.000,140,603
1994-10-13T00:00:00.000+10:00,0.001,140,603
1994-10-14T00:00:00.000+10:00,0.001,140,603
1994-10-15T00:00:00.000+10:00,0.000,140,603
1994-10-16T00:00:00.000+10:00,0.001,140,603
1994-10-17T00:00:00.000+10:00,0.001,140,603
1994-10-18T00:00:00.000+10:00,0.000,140,603
1994-10-19T00:00:00.000+10:00,0.000,140,603
1994-10-20T00:00:00.000+10:00,0.000,140,603
1994-10-21T00:00:00.000+10:00,0.000,140,603
1994-10-22T00:00:00.000+10:00,0.000,140,603
1994-10-23T00:00:00.000+10:00,0.000,140,603
1994-10-24T00:00:00.000+10:00,0.000,140,603
1994-10-25T00:00:00.000+10:00,0.000,140,603
1994-10-26T00:00:00.000+10:00,0.000,140,603
1994-10-27T00:00:00.000+10:00,0.000,140,603
1994-10-28T00:00:00.000+10:00,0.000,140,603
1994-10-29T00:00:00.000+10:00,0.000,140,603
1994-10-30T00:00:00.000+10:00,0.000,140,603
1994-10-31T00:00:00.000+10:00,0.000,140,603
1994-11-01T00:00:00.000+10:00,0.000,140,603
1994-11-02T00:00:00.000+10:00,0.000,140,603
1994-11-03T00:00:00.000+10:00,0.000,140,603
1994-11-04T00:00:00.000+10:00,0.000,140,603
1994-11-05T00:00:00.000+10:00,0.000,140,603
1994-11-06T00:00:00.000+10:00,0.000,140,603
1994-11-07T00:00:00.000+10:00,0.000,140,603
1994-11-08T00:00:00.000+10:00,0.000,140,603
1994-11-09T00:00:00.000+10:00,0.000,140,603
1994-11-10T00:00:00.000+10:00,0.000,140,603
1994-11-11T00:00:00.000+10:00,0.000,140,603
1994-11-12T00:00:00.000+10:00,0.000,140,603
1994-11-13T00:00:00.000+10:00,0.000,140,603
1994-11-14T00:00:00.000+10:00,0.000,140,603
1994-11-15T00:00:00.000+10:00,0.000,140,603
1994-11-16T00:00:00.000+10:00,0.000,140,603
1994-11-17T00:00:00.000+10:00,0.000,140,603
1994-11-18T00:00:00.000+10:00,0.000,140,603
1994-11-19T00:00:00.000+10:00,0.000,140,603
1994-11-20T00:00:00.000+10:00,0.000,140,603
1994-11-21T00:00:00.000+10:00,0.000,140,603
1994-11-22T00:00:00.000+10:00,0.000,140,603
1994-11-23T00:00:00.000+10:00,0.000,140,603
1994-11-24T00:00:00.000+10:00,0.000,140,603
1994-11-25T00:00:00.000+10:00,0.000,140,603
1994-11-26T00:00:00.000+10:00,0.000,140,603
1994-11-27T00:00:00.000+10:00,0.000,140,603
1994-11-28T00:00:00.000+10:00,0.000,140,603
1994-11-29T00:00:00.000+10:00,0.000,140,603
1994-11-30T00:00:00.000+10:00,0.000,140,603
1994-12-01T00:00:00.000+10:00,0.000,140,603
1994-12-02T00:00:00.000+10:00,0.530,140,603
1994-12-03T00:00:00.000+10:00,6.252,140,603
1994-12-04T00:00:00.000+10:00,1.476,140,603
1994-12-05T00:00:00.000+10:00,0.531,140,603
1994-12-06T00:00:00.000+10:00,0.217,140,603
1994-12-07T00:00:00.000+10:00,0.105,140,603
1994-12-08T00:00:00.000+10:00,0.065,140,603
1994-12-09T00:00:00.000+10:00,0.009,140,603
1994-12-10T00:00:00.000+10:00,0.008,140,603
1994-12-11T00:00:00.000+10:00,0.001,140,603
1994-12-12T00:00:00.000+10:00,0.000,140,603
1994-12-13T00:00:00.000+10:00,0.000,140,603
1994-12-14T00:00:00.000+10:00,0.000,140,603
1994-12-15T00:00:00.000+10:00,0.000,140,603
1994-12-16T00:00:00.000+10:00,0.000,140,603
1994-12-17T00:00:00.000+10:00,0.000,140,603
1994-12-18T00:00:00.000+10:00,0.000,140,603
1994-12-19T00:00:00.000+10:00,0.000,140,603
1994-12-20T00:00:00.000+10:00,0.000,140,603
1994-12-21T00:00:00.000+10:00,0.000,140,603
1994-12-22T00:00:00.000+10:00,0.000,140,603
1994-12-23T00:00:00.000+10:00,0.000,140,603
1994-12-24T00:00:00.000+10:00,0.000,140,603
1994-12-25T00:00:00.000+10:00,0.459,140,603
1994-12-26T00:00:00.000+10:00,1.786,140,603
1994-12-27T00:00:00.000+10:00,0.588,140,603
1994-12-28T00:00:00.000+10:00,0.320,140,603
1994-12-29T00:00:00.000+10:00,0.207,140,603
1994-12-30T00:00:00.000+10:00,0.107,140,603
1994-12-31T00:00:00.000+10:00,0.050,140,603
1995-01-01T00:00:00.000+10:00,0.043,140,603
1995-01-02T00:00:00.000+10:00,0.074,140,603
1995-01-03T00:00:00.000+10:00,0.363,140,603
1995-01-04T00:00:00.000+10:00,0.405,140,603
1995-01-05T00:00:00.000+10:00,0.485,140,603
1995-01-06T00:00:00.000+10:00,0.351,140,603
1995-01-07T00:00:00.000+10:00,0.250,140,603
1995-01-08T00:00:00.000+10:00,0.192,140,603
1995-01-09T00:00:00.000+10:00,0.688,140,603
1995-01-10T00:00:00.000+10:00,0.739,140,603
1995-01-11T00:00:00.000+10:00,0.648,140,603
1995-01-12T00:00:00.000+10:00,0.482,140,603
1995-01-13T00:00:00.000+10:00,0.351,140,603
1995-01-14T00:00:00.000+10:00,0.234,140,603
1995-01-15T00:00:00.000+10:00,0.172,140,603
1995-01-16T00:00:00.000+10:00,0.169,140,603
1995-01-17T00:00:00.000+10:00,0.180,140,603
1995-01-18T00:00:00.000+10:00,0.149,140,603
1995-01-19T00:00:00.000+10:00,0.038,140,603
1995-01-20T00:00:00.000+10:00,0.062,140,603
1995-01-21T00:00:00.000+10:00,0.560,140,603
1995-01-22T00:00:00.000+10:00,0.425,140,603
1995-01-23T00:00:00.000+10:00,0.192,140,603
1995-01-24T00:00:00.000+10:00,0.147,140,603
1995-01-25T00:00:00.000+10:00,0.084,140,603
1995-01-26T00:00:00.000+10:00,0.193,140,603
1995-01-27T00:00:00.000+10:00,0.382,140,603
1995-01-28T00:00:00.000+10:00,0.351,140,603
1995-01-29T00:00:00.000+10:00,0.358,140,603
1995-01-30T00:00:00.000+10:00,0.363,140,603
1995-01-31T00:00:00.000+10:00,0.314,140,603
1995-02-01T00:00:00.000+10:00,0.263,140,603
1995-02-02T00:00:00.000+10:00,0.263,140,603
1995-02-03T00:00:00.000+10:00,0.247,140,603
1995-02-04T00:00:00.000+10:00,0.207,140,603
1995-02-05T00:00:00.000+10:00,0.153,140,603
1995-02-06T00:00:00.000+10:00,0.210,140,603
1995-02-07T00:00:00.000+10:00,0.612,140,603
1995-02-08T00:00:00.000+10:00,0.563,140,603
1995-02-09T00:00:00.000+10:00,0.433,140,603
1995-02-10T00:00:00.000+10:00,0.355,140,603
1995-02-11T00:00:00.000+10:00,0.287,140,603
1995-02-12T00:00:00.000+10:00,2.872,140,603
1995-02-13T00:00:00.000+10:00,5.179,140,603
1995-02-14T00:00:00.000+10:00,10.957,140,603
1995-02-15T00:00:00.000+10:00,35.242,140,603
1995-02-16T00:00:00.000+10:00,126.982,140,603
1995-02-17T00:00:00.000+10:00,25.799,140,603
1995-02-18T00:00:00.000+10:00,15.534,140,603
1995-02-19T00:00:00.000+10:00,10.156,140,603
1995-02-20T00:00:00.000+10:00,7.281,140,603
1995-02-21T00:00:00.000+10:00,5.299,140,603
1995-02-22T00:00:00.000+10:00,4.060,140,603
1995-02-23T00:00:00.000+10:00,3.214,140,603
1995-02-24T00:00:00.000+10:00,2.737,140,603
1995-02-25T00:00:00.000+10:00,2.375,140,603
1995-02-26T00:00:00.000+10:00,2.127,140,603
1995-02-27T00:00:00.000+10:00,1.967,140,603
1995-02-28T00:00:00.000+10:00,1.792,140,603
1995-03-01T00:00:00.000+10:00,1.582,140,603
1995-03-02T00:00:00.000+10:00,1.365,140,603
1995-03-03T00:00:00.000+10:00,1.090,140,603
1995-03-04T00:00:00.000+10:00,1.421,140,603
1995-03-05T00:00:00.000+10:00,2.012,140,603
1995-03-06T00:00:00.000+10:00,64.579,140,603
1995-03-07T00:00:00.000+10:00,160.442,140,603
1995-03-08T00:00:00.000+10:00,60.030,140,603
1995-03-09T00:00:00.000+10:00,20.923,140,603
1995-03-10T00:00:00.000+10:00,14.774,140,603
1995-03-11T00:00:00.000+10:00,10.716,140,603
1995-03-12T00:00:00.000+10:00,8.159,140,603
1995-03-13T00:00:00.000+10:00,6.441,140,603
1995-03-14T00:00:00.000+10:00,5.199,140,603
1995-03-15T00:00:00.000+10:00,4.279,140,603
1995-03-16T00:00:00.000+10:00,4.335,140,603
1995-03-17T00:00:00.000+10:00,4.049,140,603
1995-03-18T00:00:00.000+10:00,3.406,140,603
1995-03-19T00:00:00.000+10:00,3.469,140,603
1995-03-20T00:00:00.000+10:00,4.289,140,603
1995-03-21T00:00:00.000+10:00,3.007,140,603
1995-03-22T00:00:00.000+10:00,2.486,140,603
1995-03-23T00:00:00.000+10:00,2.207,140,603
1995-03-24T00:00:00.000+10:00,2.005,140,603
1995-03-25T00:00:00.000+10:00,1.869,140,603
1995-03-26T00:00:00.000+10:00,1.791,140,603
1995-03-27T00:00:00.000+10:00,7.311,140,603
1995-03-28T00:00:00.000+10:00,4.423,140,603
1995-03-29T00:00:00.000+10:00,3.974,140,603
1995-03-30T00:00:00.000+10:00,3.338,140,603
1995-03-31T00:00:00.000+10:00,3.669,140,603
1995-04-01T00:00:00.000+10:00,2.846,140,603
1995-04-02T00:00:00.000+10:00,2.563,140,603
1995-04-03T00:00:00.000+10:00,2.295,140,603
1995-04-04T00:00:00.000+10:00,2.126,140,603
1995-04-05T00:00:00.000+10:00,1.934,140,603
1995-04-06T00:00:00.000+10:00,1.603,140,603
1995-04-07T00:00:00.000+10:00,1.506,140,603
1995-04-08T00:00:00.000+10:00,1.476,140,603
1995-04-09T00:00:00.000+10:00,1.447,140,603
1995-04-10T00:00:00.000+10:00,1.450,140,603
1995-04-11T00:00:00.000+10:00,1.393,140,603
1995-04-12T00:00:00.000+10:00,1.292,140,603
1995-04-13T00:00:00.000+10:00,1.056,140,603
1995-04-14T00:00:00.000+10:00,1.203,140,603
1995-04-15T00:00:00.000+10:00,3.300,140,603
1995-04-16T00:00:00.000+10:00,2.198,140,603
1995-04-17T00:00:00.000+10:00,1.669,140,603
1995-04-18T00:00:00.000+10:00,1.369,140,603
1995-04-19T00:00:00.000+10:00,1.204,140,603
1995-04-20T00:00:00.000+10:00,1.155,140,603
1995-04-21T00:00:00.000+10:00,1.157,140,603
1995-04-22T00:00:00.000+10:00,1.108,140,603
1995-04-23T00:00:00.000+10:00,0.982,140,603
1995-04-24T00:00:00.000+10:00,1.001,140,603
1995-04-25T00:00:00.000+10:00,0.981,140,603
1995-04-26T00:00:00.000+10:00,1.002,140,603
1995-04-27T00:00:00.000+10:00,0.996,140,603
1995-04-28T00:00:00.000+10:00,0.935,140,603
1995-04-29T00:00:00.000+10:00,0.888,140,603
1995-04-30T00:00:00.000+10:00,0.819,140,603
1995-05-01T00:00:00.000+10:00,0.826,140,603
1995-05-02T00:00:00.000+10:00,0.834,140,603
1995-05-03T00:00:00.000+10:00,0.836,140,603
1995-05-04T00:00:00.000+10:00,0.903,140,603
1995-05-05T00:00:00.000+10:00,0.798,140,603
1995-05-06T00:00:00.000+10:00,0.683,140,603
1995-05-07T00:00:00.000+10:00,0.678,140,603
1995-05-08T00:00:00.000+10:00,0.849,140,603
1995-05-09T00:00:00.000+10:00,1.227,140,603
1995-05-10T00:00:00.000+10:00,1.045,140,603
1995-05-11T00:00:00.000+10:00,1.066,140,603
1995-05-12T00:00:00.000+10:00,0.839,140,603
1995-05-13T00:00:00.000+10:00,0.741,140,603
1995-05-14T00:00:00.000+10:00,0.819,140,603
1995-05-15T00:00:00.000+10:00,0.819,140,603
1995-05-16T00:00:00.000+10:00,0.782,140,603
1995-05-17T00:00:00.000+10:00,0.904,140,603
1995-05-18T00:00:00.000+10:00,1.018,140,603
1995-05-19T00:00:00.000+10:00,0.973,140,603
1995-05-20T00:00:00.000+10:00,0.874,140,603
1995-05-21T00:00:00.000+10:00,0.735,140,603
1995-05-22T00:00:00.000+10:00,0.652,140,603
1995-05-23T00:00:00.000+10:00,13.380,140,603
1995-05-24T00:00:00.000+10:00,20.227,140,603
1995-05-25T00:00:00.000+10:00,10.207,140,603
1995-05-26T00:00:00.000+10:00,6.823,140,603
1995-05-27T00:00:00.000+10:00,5.151,140,603
1995-05-28T00:00:00.000+10:00,4.026,140,603
1995-05-29T00:00:00.000+10:00,3.248,140,603
1995-05-30T00:00:00.000+10:00,2.709,140,603
1995-05-31T00:00:00.000+10:00,2.419,140,603
1995-06-01T00:00:00.000+10:00,2.355,140,603
1995-06-02T00:00:00.000+10:00,1.980,140,603
1995-06-03T00:00:00.000+10:00,1.759,140,603
1995-06-04T00:00:00.000+10:00,1.646,140,603
1995-06-05T00:00:00.000+10:00,1.550,140,603
1995-06-06T00:00:00.000+10:00,1.436,140,603
1995-06-07T00:00:00.000+10:00,1.383,140,603
1995-06-08T00:00:00.000+10:00,1.327,140,603
1995-06-09T00:00:00.000+10:00,1.294,140,603
1995-06-10T00:00:00.000+10:00,1.248,140,603
1995-06-11T00:00:00.000+10:00,1.233,140,603
1995-06-12T00:00:00.000+10:00,1.164,140,603
1995-06-13T00:00:00.000+10:00,1.134,140,603
1995-06-14T00:00:00.000+10:00,1.039,140,603
1995-06-15T00:00:00.000+10:00,0.980,140,603
1995-06-16T00:00:00.000+10:00,1.075,140,603
1995-06-17T00:00:00.000+10:00,1.018,140,603
1995-06-18T00:00:00.000+10:00,0.960,140,603
1995-06-19T00:00:00.000+10:00,0.880,140,603
1995-06-20T00:00:00.000+10:00,0.814,140,603
1995-06-21T00:00:00.000+10:00,0.794,140,603
1995-06-22T00:00:00.000+10:00,0.805,140,603
1995-06-23T00:00:00.000+10:00,0.849,140,603
1995-06-24T00:00:00.000+10:00,0.903,140,603
1995-06-25T00:00:00.000+10:00,0.874,140,603
1995-06-26T00:00:00.000+10:00,0.859,140,603
1995-06-27T00:00:00.000+10:00,0.843,140,603
1995-06-28T00:00:00.000+10:00,0.743,140,603
1995-06-29T00:00:00.000+10:00,0.660,140,603
1995-06-30T00:00:00.000+10:00,0.645,140,603
1995-07-01T00:00:00.000+10:00,0.628,140,603
1995-07-02T00:00:00.000+10:00,0.677,140,603
1995-07-03T00:00:00.000+10:00,0.660,140,603
1995-07-04T00:00:00.000+10:00,0.667,140,603
1995-07-05T00:00:00.000+10:00,0.666,140,603
1995-07-06T00:00:00.000+10:00,0.764,140,603
1995-07-07T00:00:00.000+10:00,0.712,140,603
1995-07-08T00:00:00.000+10:00,0.704,140,603
1995-07-09T00:00:00.000+10:00,0.707,140,603
1995-07-10T00:00:00.000+10:00,0.699,140,603
1995-07-11T00:00:00.000+10:00,0.691,140,603
1995-07-12T00:00:00.000+10:00,0.712,140,603
1995-07-13T00:00:00.000+10:00,0.688,140,603
1995-07-14T00:00:00.000+10:00,0.728,140,603
1995-07-15T00:00:00.000+10:00,0.734,140,603
1995-07-16T00:00:00.000+10:00,0.718,140,603
1995-07-17T00:00:00.000+10:00,0.720,140,603
1995-07-18T00:00:00.000+10:00,0.604,140,603
1995-07-19T00:00:00.000+10:00,0.370,140,603
1995-07-20T00:00:00.000+10:00,0.408,140,603
1995-07-21T00:00:00.000+10:00,0.530,140,603
1995-07-22T00:00:00.000+10:00,0.485,140,603
1995-07-23T00:00:00.000+10:00,0.547,140,603
1995-07-24T00:00:00.000+10:00,0.531,140,603
1995-07-25T00:00:00.000+10:00,0.442,140,603
1995-07-26T00:00:00.000+10:00,0.252,140,603
1995-07-27T00:00:00.000+10:00,0.228,140,603
1995-07-28T00:00:00.000+10:00,0.242,140,603
1995-07-29T00:00:00.000+10:00,0.186,140,603
1995-07-30T00:00:00.000+10:00,0.200,140,603
1995-07-31T00:00:00.000+10:00,0.230,140,603
1995-08-01T00:00:00.000+10:00,0.152,140,603
1995-08-02T00:00:00.000+10:00,0.120,140,603
1995-08-03T00:00:00.000+10:00,0.105,140,603
1995-08-04T00:00:00.000+10:00,0.102,140,603
1995-08-05T00:00:00.000+10:00,0.124,140,603
1995-08-06T00:00:00.000+10:00,0.130,140,603
1995-08-07T00:00:00.000+10:00,0.117,140,603
1995-08-08T00:00:00.000+10:00,0.080,140,603
1995-08-09T00:00:00.000+10:00,0.044,140,603
1995-08-10T00:00:00.000+10:00,0.057,140,603
1995-08-11T00:00:00.000+10:00,0.097,140,603
1995-08-12T00:00:00.000+10:00,0.114,140,603
1995-08-13T00:00:00.000+10:00,0.060,140,603
1995-08-14T00:00:00.000+10:00,0.056,140,603
1995-08-15T00:00:00.000+10:00,0.097,140,603
1995-08-16T00:00:00.000+10:00,0.071,140,603
1995-08-17T00:00:00.000+10:00,0.039,140,603
1995-08-18T00:00:00.000+10:00,0.038,140,603
1995-08-19T00:00:00.000+10:00,0.042,140,603
1995-08-20T00:00:00.000+10:00,0.032,140,603
1995-08-21T00:00:00.000+10:00,0.036,140,603
1995-08-22T00:00:00.000+10:00,0.043,140,603
1995-08-23T00:00:00.000+10:00,0.043,140,603
1995-08-24T00:00:00.000+10:00,0.031,140,603
1995-08-25T00:00:00.000+10:00,0.025,140,603
1995-08-26T00:00:00.000+10:00,0.093,140,603
1995-08-27T00:00:00.000+10:00,0.037,140,603
1995-08-28T00:00:00.000+10:00,0.038,140,603
1995-08-29T00:00:00.000+10:00,0.139,140,603
1995-08-30T00:00:00.000+10:00,0.064,140,603
1995-08-31T00:00:00.000+10:00,0.050,140,603
1995-09-01T00:00:00.000+10:00,0.069,140,603
1995-09-02T00:00:00.000+10:00,0.082,140,603
1995-09-03T00:00:00.000+10:00,0.120,140,603
1995-09-04T00:00:00.000+10:00,0.119,140,603
1995-09-05T00:00:00.000+10:00,0.059,140,603
1995-09-06T00:00:00.000+10:00,0.089,140,603
1995-09-07T00:00:00.000+10:00,0.059,140,603
1995-09-08T00:00:00.000+10:00,0.075,140,603
1995-09-09T00:00:00.000+10:00,0.087,140,603
1995-09-10T00:00:00.000+10:00,0.079,140,603
1995-09-11T00:00:00.000+10:00,0.060,140,603
1995-09-12T00:00:00.000+10:00,0.067,140,603
1995-09-13T00:00:00.000+10:00,0.045,140,603
1995-09-14T00:00:00.000+10:00,0.052,140,603
1995-09-15T00:00:00.000+10:00,0.078,140,603
1995-09-16T00:00:00.000+10:00,0.082,140,603
1995-09-17T00:00:00.000+10:00,0.068,140,603
1995-09-18T00:00:00.000+10:00,0.064,140,603
1995-09-19T00:00:00.000+10:00,0.077,140,603
1995-09-20T00:00:00.000+10:00,0.053,140,603
1995-09-21T00:00:00.000+10:00,0.047,140,603
1995-09-22T00:00:00.000+10:00,0.066,140,603
1995-09-23T00:00:00.000+10:00,0.056,140,603
1995-09-24T00:00:00.000+10:00,0.089,140,603
1995-09-25T00:00:00.000+10:00,0.122,140,603
1995-09-26T00:00:00.000+10:00,0.071,140,603
1995-09-27T00:00:00.000+10:00,0.102,140,603
1995-09-28T00:00:00.000+10:00,0.090,140,603
1995-09-29T00:00:00.000+10:00,0.080,140,603
1995-09-30T00:00:00.000+10:00,0.067,140,603
1995-10-01T00:00:00.000+10:00,0.069,140,603
1995-10-02T00:00:00.000+10:00,0.074,140,603
1995-10-03T00:00:00.000+10:00,0.089,140,603
1995-10-04T00:00:00.000+10:00,0.080,140,603
1995-10-05T00:00:00.000+10:00,0.074,140,603
1995-10-06T00:00:00.000+10:00,0.069,140,603
1995-10-07T00:00:00.000+10:00,0.064,140,603
1995-10-08T00:00:00.000+10:00,0.080,140,603
1995-10-09T00:00:00.000+10:00,0.099,140,603
1995-10-10T00:00:00.000+10:00,0.067,140,603
1995-10-11T00:00:00.000+10:00,0.063,140,603
1995-10-12T00:00:00.000+10:00,0.080,140,603
1995-10-13T00:00:00.000+10:00,0.068,140,603
1995-10-14T00:00:00.000+10:00,0.050,140,603
1995-10-15T00:00:00.000+10:00,0.070,140,603
1995-10-16T00:00:00.000+10:00,0.065,140,603
1995-10-17T00:00:00.000+10:00,0.057,140,603
1995-10-18T00:00:00.000+10:00,0.058,140,603
1995-10-19T00:00:00.000+10:00,0.060,140,603
1995-10-20T00:00:00.000+10:00,0.066,140,603
1995-10-21T00:00:00.000+10:00,0.058,140,603
1995-10-22T00:00:00.000+10:00,0.065,140,603
1995-10-23T00:00:00.000+10:00,0.065,140,603
1995-10-24T00:00:00.000+10:00,0.058,140,603
1995-10-25T00:00:00.000+10:00,0.052,140,603
1995-10-26T00:00:00.000+10:00,0.070,140,603
1995-10-27T00:00:00.000+10:00,0.118,140,603
1995-10-28T00:00:00.000+10:00,0.055,140,603
1995-10-29T00:00:00.000+10:00,0.063,140,603
1995-10-30T00:00:00.000+10:00,0.071,140,603
1995-10-31T00:00:00.000+10:00,0.064,140,603
1995-11-01T00:00:00.000+10:00,0.075,140,603
1995-11-02T00:00:00.000+10:00,0.078,140,603
1995-11-03T00:00:00.000+10:00,0.069,140,603
1995-11-04T00:00:00.000+10:00,0.069,140,603
1995-11-05T00:00:00.000+10:00,0.073,140,603
1995-11-06T00:00:00.000+10:00,0.064,140,603
1995-11-07T00:00:00.000+10:00,0.073,140,603
1995-11-08T00:00:00.000+10:00,0.071,140,603
1995-11-09T00:00:00.000+10:00,0.063,140,603
1995-11-10T00:00:00.000+10:00,0.050,140,603
1995-11-11T00:00:00.000+10:00,0.047,140,603
1995-11-12T00:00:00.000+10:00,0.061,140,603
1995-11-13T00:00:00.000+10:00,0.052,140,603
1995-11-14T00:00:00.000+10:00,0.058,140,603
1995-11-15T00:00:00.000+10:00,0.059,140,603
1995-11-16T00:00:00.000+10:00,0.070,140,603
1995-11-17T00:00:00.000+10:00,0.427,140,603
1995-11-18T00:00:00.000+10:00,0.345,140,603
1995-11-19T00:00:00.000+10:00,0.208,140,603
1995-11-20T00:00:00.000+10:00,0.127,140,603
1995-11-21T00:00:00.000+10:00,2.798,140,603
1995-11-22T00:00:00.000+10:00,8.353,140,603
1995-11-23T00:00:00.000+10:00,18.793,140,603
1995-11-24T00:00:00.000+10:00,5.296,140,603
1995-11-25T00:00:00.000+10:00,2.654,140,603
1995-11-26T00:00:00.000+10:00,1.670,140,603
1995-11-27T00:00:00.000+10:00,1.189,140,603
1995-11-28T00:00:00.000+10:00,0.871,140,603
1995-11-29T00:00:00.000+10:00,0.653,140,603
1995-11-30T00:00:00.000+10:00,0.476,140,603
1995-12-01T00:00:00.000+10:00,0.350,140,603
1995-12-02T00:00:00.000+10:00,0.266,140,603
1995-12-03T00:00:00.000+10:00,0.198,140,603
1995-12-04T00:00:00.000+10:00,0.149,140,603
1995-12-05T00:00:00.000+10:00,0.087,140,603
1995-12-06T00:00:00.000+10:00,0.072,140,603
1995-12-07T00:00:00.000+10:00,0.085,140,603
1995-12-08T00:00:00.000+10:00,0.075,140,603
1995-12-09T00:00:00.000+10:00,0.116,140,603
1995-12-10T00:00:00.000+10:00,0.140,140,603
1995-12-11T00:00:00.000+10:00,0.647,140,603
1995-12-12T00:00:00.000+10:00,0.371,140,603
1995-12-13T00:00:00.000+10:00,0.156,140,603
1995-12-14T00:00:00.000+10:00,0.093,140,603
1995-12-15T00:00:00.000+10:00,0.200,140,603
1995-12-16T00:00:00.000+10:00,0.191,140,603
1995-12-17T00:00:00.000+10:00,0.252,140,603
1995-12-18T00:00:00.000+10:00,0.236,140,603
1995-12-19T00:00:00.000+10:00,0.228,140,603
1995-12-20T00:00:00.000+10:00,0.228,140,603
1995-12-21T00:00:00.000+10:00,0.091,140,603
1995-12-22T00:00:00.000+10:00,0.099,140,603
1995-12-23T00:00:00.000+10:00,0.115,140,603
1995-12-24T00:00:00.000+10:00,0.135,140,603
1995-12-25T00:00:00.000+10:00,0.309,140,603
1995-12-26T00:00:00.000+10:00,0.253,140,603
1995-12-27T00:00:00.000+10:00,0.136,140,603
1995-12-28T00:00:00.000+10:00,0.205,140,603
1995-12-29T00:00:00.000+10:00,0.206,140,603
1995-12-30T00:00:00.000+10:00,0.176,140,603
1995-12-31T00:00:00.000+10:00,0.143,140,603
1996-01-01T00:00:00.000+10:00,0.098,140,603
1996-01-02T00:00:00.000+10:00,0.088,140,603
1996-01-03T00:00:00.000+10:00,20.057,140,603
1996-01-04T00:00:00.000+10:00,7.436,140,603
1996-01-05T00:00:00.000+10:00,4.461,140,603
1996-01-06T00:00:00.000+10:00,4.083,140,603
1996-01-07T00:00:00.000+10:00,5.964,140,603
1996-01-08T00:00:00.000+10:00,3.948,140,603
1996-01-09T00:00:00.000+10:00,2.940,140,603
1996-01-10T00:00:00.000+10:00,9.006,140,603
1996-01-11T00:00:00.000+10:00,18.757,140,603
1996-01-12T00:00:00.000+10:00,9.320,140,603
1996-01-13T00:00:00.000+10:00,5.827,140,603
1996-01-14T00:00:00.000+10:00,4.066,140,603
1996-01-15T00:00:00.000+10:00,3.013,140,603
1996-01-16T00:00:00.000+10:00,2.501,140,603
1996-01-17T00:00:00.000+10:00,2.085,140,603
1996-01-18T00:00:00.000+10:00,1.685,140,603
1996-01-19T00:00:00.000+10:00,1.382,140,603
1996-01-20T00:00:00.000+10:00,1.123,140,603
1996-01-21T00:00:00.000+10:00,0.938,140,603
1996-01-22T00:00:00.000+10:00,1.091,140,603
1996-01-23T00:00:00.000+10:00,4.278,140,603
1996-01-24T00:00:00.000+10:00,4.678,140,603
1996-01-25T00:00:00.000+10:00,6.643,140,603
1996-01-26T00:00:00.000+10:00,12.225,140,603
1996-01-27T00:00:00.000+10:00,14.119,140,603
1996-01-28T00:00:00.000+10:00,6.671,140,603
1996-01-29T00:00:00.000+10:00,4.587,140,603
1996-01-30T00:00:00.000+10:00,3.482,140,603
1996-01-31T00:00:00.000+10:00,2.778,140,603
1996-02-01T00:00:00.000+10:00,2.299,140,603
1996-02-02T00:00:00.000+10:00,1.859,140,603
1996-02-03T00:00:00.000+10:00,1.547,140,603
1996-02-04T00:00:00.000+10:00,1.315,140,603
1996-02-05T00:00:00.000+10:00,1.185,140,603
1996-02-06T00:00:00.000+10:00,1.041,140,603
1996-02-07T00:00:00.000+10:00,0.940,140,603
1996-02-08T00:00:00.000+10:00,0.839,140,603
1996-02-09T00:00:00.000+10:00,0.771,140,603
1996-02-10T00:00:00.000+10:00,0.726,140,603
1996-02-11T00:00:00.000+10:00,0.604,140,603
1996-02-12T00:00:00.000+10:00,0.478,140,603
1996-02-13T00:00:00.000+10:00,0.401,140,603
1996-02-14T00:00:00.000+10:00,0.381,140,603
1996-02-15T00:00:00.000+10:00,1.043,140,603
1996-02-16T00:00:00.000+10:00,1.862,140,603
1996-02-17T00:00:00.000+10:00,1.438,140,603
1996-02-18T00:00:00.000+10:00,0.915,140,603
1996-02-19T00:00:00.000+10:00,0.697,140,603
1996-02-20T00:00:00.000+10:00,0.538,140,603
1996-02-21T00:00:00.000+10:00,0.734,140,603
1996-02-22T00:00:00.000+10:00,1.144,140,603
1996-02-23T00:00:00.000+10:00,1.083,140,603
1996-02-24T00:00:00.000+10:00,1.484,140,603
1996-02-25T00:00:00.000+10:00,1.585,140,603
1996-02-26T00:00:00.000+10:00,1.387,140,603
1996-02-27T00:00:00.000+10:00,1.296,140,603
1996-02-28T00:00:00.000+10:00,1.107,140,603
1996-02-29T00:00:00.000+10:00,1.166,140,603
1996-03-01T00:00:00.000+10:00,7.060,140,603
1996-03-02T00:00:00.000+10:00,5.878,140,603
1996-03-03T00:00:00.000+10:00,3.823,140,603
1996-03-04T00:00:00.000+10:00,2.849,140,603
1996-03-05T00:00:00.000+10:00,2.575,140,603
1996-03-06T00:00:00.000+10:00,2.769,140,603
1996-03-07T00:00:00.000+10:00,2.092,140,603
1996-03-08T00:00:00.000+10:00,2.024,140,603
1996-03-09T00:00:00.000+10:00,5.430,140,603
1996-03-10T00:00:00.000+10:00,5.384,140,603
1996-03-11T00:00:00.000+10:00,4.339,140,603
1996-03-12T00:00:00.000+10:00,5.303,140,603
1996-03-13T00:00:00.000+10:00,5.073,140,603
1996-03-14T00:00:00.000+10:00,4.137,140,603
1996-03-15T00:00:00.000+10:00,3.546,140,603
1996-03-16T00:00:00.000+10:00,3.090,140,603
1996-03-17T00:00:00.000+10:00,2.688,140,603
1996-03-18T00:00:00.000+10:00,2.357,140,603
1996-03-19T00:00:00.000+10:00,2.262,140,603
1996-03-20T00:00:00.000+10:00,2.093,140,603
1996-03-21T00:00:00.000+10:00,1.843,140,603
1996-03-22T00:00:00.000+10:00,1.634,140,603
1996-03-23T00:00:00.000+10:00,1.613,140,603
1996-03-24T00:00:00.000+10:00,1.615,140,603
1996-03-25T00:00:00.000+10:00,1.606,140,603
1996-03-26T00:00:00.000+10:00,1.603,140,603
1996-03-27T00:00:00.000+10:00,1.592,140,603
1996-03-28T00:00:00.000+10:00,1.828,140,603
1996-03-29T00:00:00.000+10:00,2.304,140,603
1996-03-30T00:00:00.000+10:00,2.053,140,603
1996-03-31T00:00:00.000+10:00,1.789,140,603
1996-04-01T00:00:00.000+10:00,2.829,140,603
1996-04-02T00:00:00.000+10:00,1.935,140,603
1996-04-03T00:00:00.000+10:00,1.681,140,603
1996-04-04T00:00:00.000+10:00,1.406,140,603
1996-04-05T00:00:00.000+10:00,1.300,140,603
1996-04-06T00:00:00.000+10:00,1.260,140,603
1996-04-07T00:00:00.000+10:00,1.214,140,603
1996-04-08T00:00:00.000+10:00,1.224,140,603
1996-04-09T00:00:00.000+10:00,1.509,140,603
1996-04-10T00:00:00.000+10:00,1.312,140,603
1996-04-11T00:00:00.000+10:00,1.307,140,603
1996-04-12T00:00:00.000+10:00,1.039,140,603
1996-04-13T00:00:00.000+10:00,1.001,140,603
1996-04-14T00:00:00.000+10:00,0.972,140,603
1996-04-15T00:00:00.000+10:00,0.870,140,603
1996-04-16T00:00:00.000+10:00,0.819,140,603
1996-04-17T00:00:00.000+10:00,0.784,140,603
1996-04-18T00:00:00.000+10:00,0.794,140,603
1996-04-19T00:00:00.000+10:00,0.747,140,603
1996-04-20T00:00:00.000+10:00,0.674,140,603
1996-04-21T00:00:00.000+10:00,0.645,140,603
1996-04-22T00:00:00.000+10:00,0.619,140,603
1996-04-23T00:00:00.000+10:00,0.576,140,603
1996-04-24T00:00:00.000+10:00,0.577,140,603
1996-04-25T00:00:00.000+10:00,0.701,140,603
1996-04-26T00:00:00.000+10:00,0.728,140,603
1996-04-27T00:00:00.000+10:00,0.654,140,603
1996-04-28T00:00:00.000+10:00,0.693,140,603
1996-04-29T00:00:00.000+10:00,0.996,140,603
1996-04-30T00:00:00.000+10:00,0.836,140,603
1996-05-01T00:00:00.000+10:00,2.197,140,603
1996-05-02T00:00:00.000+10:00,84.887,140,603
1996-05-03T00:00:00.000+10:00,231.777,140,603
1996-05-04T00:00:00.000+10:00,100.239,140,603
1996-05-05T00:00:00.000+10:00,72.529,140,603
1996-05-06T00:00:00.000+10:00,131.675,140,603
1996-05-07T00:00:00.000+10:00,47.421,140,603
1996-05-08T00:00:00.000+10:00,22.552,140,603
1996-05-09T00:00:00.000+10:00,17.775,140,603
1996-05-10T00:00:00.000+10:00,13.132,140,603
1996-05-11T00:00:00.000+10:00,10.192,140,603
1996-05-12T00:00:00.000+10:00,8.303,140,603
1996-05-13T00:00:00.000+10:00,6.827,140,603
1996-05-14T00:00:00.000+10:00,6.072,140,603
1996-05-15T00:00:00.000+10:00,9.329,140,603
1996-05-16T00:00:00.000+10:00,16.761,140,603
1996-05-17T00:00:00.000+10:00,15.421,140,603
1996-05-18T00:00:00.000+10:00,23.326,140,603
1996-05-19T00:00:00.000+10:00,21.180,140,603
1996-05-20T00:00:00.000+10:00,14.332,140,603
1996-05-21T00:00:00.000+10:00,10.411,140,603
1996-05-22T00:00:00.000+10:00,8.471,140,603
1996-05-23T00:00:00.000+10:00,7.197,140,603
1996-05-24T00:00:00.000+10:00,6.126,140,603
1996-05-25T00:00:00.000+10:00,5.282,140,603
1996-05-26T00:00:00.000+10:00,4.607,140,603
1996-05-27T00:00:00.000+10:00,4.152,140,603
1996-05-28T00:00:00.000+10:00,3.784,140,603
1996-05-29T00:00:00.000+10:00,3.460,140,603
1996-05-30T00:00:00.000+10:00,3.280,140,603
1996-05-31T00:00:00.000+10:00,3.079,140,603
1996-06-01T00:00:00.000+10:00,2.738,140,603
1996-06-02T00:00:00.000+10:00,2.455,140,603
1996-06-03T00:00:00.000+10:00,2.325,140,603
1996-06-04T00:00:00.000+10:00,2.260,140,603
1996-06-05T00:00:00.000+10:00,2.140,140,603
1996-06-06T00:00:00.000+10:00,2.077,140,603
1996-06-07T00:00:00.000+10:00,2.236,140,603
1996-06-08T00:00:00.000+10:00,2.025,140,603
1996-06-09T00:00:00.000+10:00,1.778,140,603
1996-06-10T00:00:00.000+10:00,1.784,140,603
1996-06-11T00:00:00.000+10:00,1.762,140,603
1996-06-12T00:00:00.000+10:00,1.732,140,603
1996-06-13T00:00:00.000+10:00,1.558,140,603
1996-06-14T00:00:00.000+10:00,1.520,140,603
1996-06-15T00:00:00.000+10:00,1.551,140,603
1996-06-16T00:00:00.000+10:00,1.695,140,603
1996-06-17T00:00:00.000+10:00,2.669,140,603
1996-06-18T00:00:00.000+10:00,2.312,140,603
1996-06-19T00:00:00.000+10:00,1.913,140,603
1996-06-20T00:00:00.000+10:00,1.577,140,603
1996-06-21T00:00:00.000+10:00,1.503,140,603
1996-06-22T00:00:00.000+10:00,1.439,140,603
1996-06-23T00:00:00.000+10:00,1.421,140,603
1996-06-24T00:00:00.000+10:00,1.345,140,603
1996-06-25T00:00:00.000+10:00,1.301,140,603
1996-06-26T00:00:00.000+10:00,1.258,140,603
1996-06-27T00:00:00.000+10:00,1.228,140,603
1996-06-28T00:00:00.000+10:00,1.146,140,603
1996-06-29T00:00:00.000+10:00,1.139,140,603
1996-06-30T00:00:00.000+10:00,1.133,140,603
1996-07-01T00:00:00.000+10:00,1.081,140,603
1996-07-02T00:00:00.000+10:00,1.036,140,603
1996-07-03T00:00:00.000+10:00,1.008,140,603
1996-07-04T00:00:00.000+10:00,0.984,140,603
1996-07-05T00:00:00.000+10:00,0.957,140,603
1996-07-06T00:00:00.000+10:00,0.938,140,603
1996-07-07T00:00:00.000+10:00,0.903,140,603
1996-07-08T00:00:00.000+10:00,0.880,140,603
1996-07-09T00:00:00.000+10:00,0.882,140,603
1996-07-10T00:00:00.000+10:00,0.891,140,603
1996-07-11T00:00:00.000+10:00,0.937,140,603
1996-07-12T00:00:00.000+10:00,0.752,140,603
1996-07-13T00:00:00.000+10:00,0.727,140,603
1996-07-14T00:00:00.000+10:00,0.752,140,603
1996-07-15T00:00:00.000+10:00,0.763,140,603
1996-07-16T00:00:00.000+10:00,0.744,140,603
1996-07-17T00:00:00.000+10:00,0.712,140,603
1996-07-18T00:00:00.000+10:00,0.632,140,603
1996-07-19T00:00:00.000+10:00,0.723,140,603
1996-07-20T00:00:00.000+10:00,0.641,140,603
1996-07-21T00:00:00.000+10:00,0.622,140,603
1996-07-22T00:00:00.000+10:00,0.568,140,603
1996-07-23T00:00:00.000+10:00,0.553,140,603
1996-07-24T00:00:00.000+10:00,0.466,140,603
1996-07-25T00:00:00.000+10:00,0.505,140,603
1996-07-26T00:00:00.000+10:00,0.615,140,603
1996-07-27T00:00:00.000+10:00,0.636,140,603
1996-07-28T00:00:00.000+10:00,2.412,140,603
1996-07-29T00:00:00.000+10:00,1.747,140,603
1996-07-30T00:00:00.000+10:00,1.254,140,603
1996-07-31T00:00:00.000+10:00,1.061,140,603
1996-08-01T00:00:00.000+10:00,0.845,140,603
1996-08-02T00:00:00.000+10:00,0.775,140,603
1996-08-03T00:00:00.000+10:00,0.744,140,603
1996-08-04T00:00:00.000+10:00,0.732,140,603
1996-08-05T00:00:00.000+10:00,0.715,140,603
1996-08-06T00:00:00.000+10:00,0.679,140,603
1996-08-07T00:00:00.000+10:00,0.660,140,603
1996-08-08T00:00:00.000+10:00,0.624,140,603
1996-08-09T00:00:00.000+10:00,0.597,140,603
1996-08-10T00:00:00.000+10:00,0.584,140,603
1996-08-11T00:00:00.000+10:00,0.574,140,603
1996-08-12T00:00:00.000+10:00,0.546,140,603
1996-08-13T00:00:00.000+10:00,0.494,140,603
1996-08-14T00:00:00.000+10:00,0.478,140,603
1996-08-15T00:00:00.000+10:00,0.471,140,603
1996-08-16T00:00:00.000+10:00,0.413,140,603
1996-08-17T00:00:00.000+10:00,0.400,140,603
1996-08-18T00:00:00.000+10:00,0.438,140,603
1996-08-19T00:00:00.000+10:00,0.444,140,603
1996-08-20T00:00:00.000+10:00,0.411,140,603
1996-08-21T00:00:00.000+10:00,0.392,140,603
1996-08-22T00:00:00.000+10:00,0.377,140,603
1996-08-23T00:00:00.000+10:00,0.394,140,603
1996-08-24T00:00:00.000+10:00,0.366,140,603
1996-08-25T00:00:00.000+10:00,0.361,140,603
1996-08-26T00:00:00.000+10:00,0.379,140,603
1996-08-27T00:00:00.000+10:00,0.338,140,603
1996-08-28T00:00:00.000+10:00,0.311,140,603
1996-08-29T00:00:00.000+10:00,0.301,140,603
1996-08-30T00:00:00.000+10:00,0.504,140,603
1996-08-31T00:00:00.000+10:00,1.732,140,603
1996-09-01T00:00:00.000+10:00,0.903,140,603
1996-09-02T00:00:00.000+10:00,0.710,140,603
1996-09-03T00:00:00.000+10:00,0.650,140,603
1996-09-04T00:00:00.000+10:00,0.632,140,603
1996-09-05T00:00:00.000+10:00,0.630,140,603
1996-09-06T00:00:00.000+10:00,0.591,140,603
1996-09-07T00:00:00.000+10:00,0.592,140,603
1996-09-08T00:00:00.000+10:00,0.535,140,603
1996-09-09T00:00:00.000+10:00,0.477,140,603
1996-09-10T00:00:00.000+10:00,0.440,140,603
1996-09-11T00:00:00.000+10:00,0.414,140,603
1996-09-12T00:00:00.000+10:00,0.365,140,603
1996-09-13T00:00:00.000+10:00,0.341,140,603
1996-09-14T00:00:00.000+10:00,0.319,140,603
1996-09-15T00:00:00.000+10:00,0.305,140,603
1996-09-16T00:00:00.000+10:00,0.317,140,603
1996-09-17T00:00:00.000+10:00,0.311,140,603
1996-09-18T00:00:00.000+10:00,0.310,140,603
1996-09-19T00:00:00.000+10:00,0.315,140,603
1996-09-20T00:00:00.000+10:00,0.306,140,603
1996-09-21T00:00:00.000+10:00,0.339,140,603
1996-09-22T00:00:00.000+10:00,0.334,140,603
1996-09-23T00:00:00.000+10:00,0.321,140,603
1996-09-24T00:00:00.000+10:00,0.307,140,603
1996-09-25T00:00:00.000+10:00,0.326,140,603
1996-09-26T00:00:00.000+10:00,0.207,140,603
1996-09-27T00:00:00.000+10:00,0.318,140,603
1996-09-28T00:00:00.000+10:00,0.317,140,603
1996-09-29T00:00:00.000+10:00,0.307,140,603
1996-09-30T00:00:00.000+10:00,0.338,140,603
1996-10-01T00:00:00.000+10:00,0.312,140,603
1996-10-02T00:00:00.000+10:00,0.288,140,603
1996-10-03T00:00:00.000+10:00,0.310,140,603
1996-10-04T00:00:00.000+10:00,0.323,140,603
1996-10-05T00:00:00.000+10:00,0.297,140,603
1996-10-06T00:00:00.000+10:00,0.287,140,603
1996-10-07T00:00:00.000+10:00,0.304,140,603
1996-10-08T00:00:00.000+10:00,0.294,140,603
1996-10-09T00:00:00.000+10:00,0.305,140,603
1996-10-10T00:00:00.000+10:00,0.303,140,603
1996-10-11T00:00:00.000+10:00,0.290,140,603
1996-10-12T00:00:00.000+10:00,0.291,140,603
1996-10-13T00:00:00.000+10:00,0.288,140,603
1996-10-14T00:00:00.000+10:00,0.298,140,603
1996-10-15T00:00:00.000+10:00,0.291,140,603
1996-10-16T00:00:00.000+10:00,0.294,140,603
1996-10-17T00:00:00.000+10:00,0.293,140,603
1996-10-18T00:00:00.000+10:00,0.288,140,603
1996-10-19T00:00:00.000+10:00,0.302,140,603
1996-10-20T00:00:00.000+10:00,0.301,140,603
1996-10-21T00:00:00.000+10:00,0.291,140,603
1996-10-22T00:00:00.000+10:00,0.285,140,603
1996-10-23T00:00:00.000+10:00,0.279,140,603
1996-10-24T00:00:00.000+10:00,0.286,140,603
1996-10-25T00:00:00.000+10:00,0.274,140,603
1996-10-26T00:00:00.000+10:00,0.264,140,603
1996-10-27T00:00:00.000+10:00,0.258,140,603
1996-10-28T00:00:00.000+10:00,0.252,140,603
1996-10-29T00:00:00.000+10:00,0.236,140,603
1996-10-30T00:00:00.000+10:00,0.235,140,603
1996-10-31T00:00:00.000+10:00,0.236,140,603
1996-11-01T00:00:00.000+10:00,0.235,140,603
1996-11-02T00:00:00.000+10:00,0.238,140,603
1996-11-03T00:00:00.000+10:00,0.239,140,603
1996-11-04T00:00:00.000+10:00,0.233,140,603
1996-11-05T00:00:00.000+10:00,0.230,140,603
1996-11-06T00:00:00.000+10:00,0.254,140,603
1996-11-07T00:00:00.000+10:00,0.251,140,603
1996-11-08T00:00:00.000+10:00,0.285,140,603
1996-11-09T00:00:00.000+10:00,0.308,140,603
1996-11-10T00:00:00.000+10:00,0.335,140,603
1996-11-11T00:00:00.000+10:00,0.312,140,603
1996-11-12T00:00:00.000+10:00,0.304,140,603
1996-11-13T00:00:00.000+10:00,0.288,140,603
1996-11-14T00:00:00.000+10:00,0.278,140,603
1996-11-15T00:00:00.000+10:00,0.261,140,603
1996-11-16T00:00:00.000+10:00,0.246,140,603
1996-11-17T00:00:00.000+10:00,0.248,140,603
1996-11-18T00:00:00.000+10:00,0.234,140,603
1996-11-19T00:00:00.000+10:00,0.214,140,603
1996-11-20T00:00:00.000+10:00,0.206,140,603
1996-11-21T00:00:00.000+10:00,0.196,140,603
1996-11-22T00:00:00.000+10:00,0.239,140,603
1996-11-23T00:00:00.000+10:00,41.675,140,603
1996-11-24T00:00:00.000+10:00,73.511,140,603
1996-11-25T00:00:00.000+10:00,11.700,140,603
1996-11-26T00:00:00.000+10:00,5.643,140,603
1996-11-27T00:00:00.000+10:00,3.599,140,603
1996-11-28T00:00:00.000+10:00,2.537,140,603
1996-11-29T00:00:00.000+10:00,1.867,140,603
1996-11-30T00:00:00.000+10:00,1.494,140,603
1996-12-01T00:00:00.000+10:00,1.221,140,603
1996-12-02T00:00:00.000+10:00,1.175,140,603
1996-12-03T00:00:00.000+10:00,1.119,140,603
1996-12-04T00:00:00.000+10:00,1.115,140,603
1996-12-05T00:00:00.000+10:00,1.052,140,603
1996-12-06T00:00:00.000+10:00,0.853,140,603
1996-12-07T00:00:00.000+10:00,0.806,140,603
1996-12-08T00:00:00.000+10:00,0.836,140,603
1996-12-09T00:00:00.000+10:00,0.828,140,603
1996-12-10T00:00:00.000+10:00,0.858,140,603
1996-12-11T00:00:00.000+10:00,0.556,140,603
1996-12-12T00:00:00.000+10:00,0.409,140,603
1996-12-13T00:00:00.000+10:00,0.424,140,603
1996-12-14T00:00:00.000+10:00,0.429,140,603
1996-12-15T00:00:00.000+10:00,0.362,140,603
1996-12-16T00:00:00.000+10:00,0.383,140,603
1996-12-17T00:00:00.000+10:00,0.366,140,603
1996-12-18T00:00:00.000+10:00,0.656,140,603
1996-12-19T00:00:00.000+10:00,1.538,140,603
1996-12-20T00:00:00.000+10:00,0.896,140,603
1996-12-21T00:00:00.000+10:00,0.705,140,603
1996-12-22T00:00:00.000+10:00,0.573,140,603
1996-12-23T00:00:00.000+10:00,0.815,140,603
1996-12-24T00:00:00.000+10:00,0.872,140,603
1996-12-25T00:00:00.000+10:00,0.781,140,603
1996-12-26T00:00:00.000+10:00,0.762,140,603
1996-12-27T00:00:00.000+10:00,0.649,140,603
1996-12-28T00:00:00.000+10:00,0.617,140,603
1996-12-29T00:00:00.000+10:00,0.571,140,603
1996-12-30T00:00:00.000+10:00,0.461,140,603
1996-12-31T00:00:00.000+10:00,0.455,140,603
1997-01-01T00:00:00.000+10:00,0.432,140,603
1997-01-02T00:00:00.000+10:00,0.407,140,603
1997-01-03T00:00:00.000+10:00,0.399,140,603
1997-01-04T00:00:00.000+10:00,0.403,140,603
1997-01-05T00:00:00.000+10:00,0.411,140,603
1997-01-06T00:00:00.000+10:00,0.389,140,603
1997-01-07T00:00:00.000+10:00,0.339,140,603
1997-01-08T00:00:00.000+10:00,0.314,140,603
1997-01-09T00:00:00.000+10:00,0.309,140,603
1997-01-10T00:00:00.000+10:00,0.293,140,603
1997-01-11T00:00:00.000+10:00,0.321,140,603
1997-01-12T00:00:00.000+10:00,0.303,140,603
1997-01-13T00:00:00.000+10:00,0.335,140,603
1997-01-14T00:00:00.000+10:00,0.343,140,603
1997-01-15T00:00:00.000+10:00,0.288,140,603
1997-01-16T00:00:00.000+10:00,0.356,140,603
1997-01-17T00:00:00.000+10:00,0.322,140,603
1997-01-18T00:00:00.000+10:00,0.354,140,603
1997-01-19T00:00:00.000+10:00,0.368,140,603
1997-01-20T00:00:00.000+10:00,0.358,140,603
1997-01-21T00:00:00.000+10:00,0.345,140,603
1997-01-22T00:00:00.000+10:00,0.327,140,603
1997-01-23T00:00:00.000+10:00,0.337,140,603
1997-01-24T00:00:00.000+10:00,0.326,140,603
1997-01-25T00:00:00.000+10:00,0.376,140,603
1997-01-26T00:00:00.000+10:00,0.534,140,603
1997-01-27T00:00:00.000+10:00,3.043,140,603
1997-01-28T00:00:00.000+10:00,2.691,140,603
1997-01-29T00:00:00.000+10:00,1.697,140,603
1997-01-30T00:00:00.000+10:00,1.750,140,603
1997-01-31T00:00:00.000+10:00,2.145,140,603
1997-02-01T00:00:00.000+10:00,3.773,140,603
1997-02-02T00:00:00.000+10:00,4.097,140,603
1997-02-03T00:00:00.000+10:00,3.141,140,603
1997-02-04T00:00:00.000+10:00,2.389,140,603
1997-02-05T00:00:00.000+10:00,1.968,140,603
1997-02-06T00:00:00.000+10:00,1.636,140,603
1997-02-07T00:00:00.000+10:00,1.473,140,603
1997-02-08T00:00:00.000+10:00,1.284,140,603
1997-02-09T00:00:00.000+10:00,1.145,140,603
1997-02-10T00:00:00.000+10:00,1.019,140,603
1997-02-11T00:00:00.000+10:00,0.911,140,603
1997-02-12T00:00:00.000+10:00,0.924,140,603
1997-02-13T00:00:00.000+10:00,1.975,140,603
1997-02-14T00:00:00.000+10:00,5.617,140,603
1997-02-15T00:00:00.000+10:00,4.052,140,603
1997-02-16T00:00:00.000+10:00,4.965,140,603
1997-02-17T00:00:00.000+10:00,3.776,140,603
1997-02-18T00:00:00.000+10:00,5.249,140,603
1997-02-19T00:00:00.000+10:00,4.444,140,603
1997-02-20T00:00:00.000+10:00,3.863,140,603
1997-02-21T00:00:00.000+10:00,3.218,140,603
1997-02-22T00:00:00.000+10:00,2.585,140,603
1997-02-23T00:00:00.000+10:00,2.200,140,603
1997-02-24T00:00:00.000+10:00,1.923,140,603
1997-02-25T00:00:00.000+10:00,1.756,140,603
1997-02-26T00:00:00.000+10:00,2.056,140,603
1997-02-27T00:00:00.000+10:00,13.877,140,603
1997-02-28T00:00:00.000+10:00,8.893,140,603
1997-03-01T00:00:00.000+10:00,5.507,140,603
1997-03-02T00:00:00.000+10:00,4.174,140,603
1997-03-03T00:00:00.000+10:00,3.268,140,603
1997-03-04T00:00:00.000+10:00,2.748,140,603
1997-03-05T00:00:00.000+10:00,2.788,140,603
1997-03-06T00:00:00.000+10:00,34.754,140,603
1997-03-07T00:00:00.000+10:00,18.818,140,603
1997-03-08T00:00:00.000+10:00,10.582,140,603
1997-03-09T00:00:00.000+10:00,7.248,140,603
1997-03-10T00:00:00.000+10:00,5.894,140,603
1997-03-11T00:00:00.000+10:00,5.153,140,603
1997-03-12T00:00:00.000+10:00,4.551,140,603
1997-03-13T00:00:00.000+10:00,3.956,140,603
1997-03-14T00:00:00.000+10:00,3.606,140,603
1997-03-15T00:00:00.000+10:00,3.052,140,603
1997-03-16T00:00:00.000+10:00,2.815,140,603
1997-03-17T00:00:00.000+10:00,2.430,140,603
1997-03-18T00:00:00.000+10:00,2.459,140,603
1997-03-19T00:00:00.000+10:00,2.139,140,603
1997-03-20T00:00:00.000+10:00,1.955,140,603
1997-03-21T00:00:00.000+10:00,1.818,140,603
1997-03-22T00:00:00.000+10:00,1.715,140,603
1997-03-23T00:00:00.000+10:00,1.706,140,603
1997-03-24T00:00:00.000+10:00,1.673,140,603
1997-03-25T00:00:00.000+10:00,1.557,140,603
1997-03-26T00:00:00.000+10:00,1.561,140,603
1997-03-27T00:00:00.000+10:00,1.452,140,603
1997-03-28T00:00:00.000+10:00,1.387,140,603
1997-03-29T00:00:00.000+10:00,1.342,140,603
1997-03-30T00:00:00.000+10:00,1.263,140,603
1997-03-31T00:00:00.000+10:00,1.303,140,603
1997-04-01T00:00:00.000+10:00,1.287,140,603
1997-04-02T00:00:00.000+10:00,1.200,140,603
1997-04-03T00:00:00.000+10:00,1.131,140,603
1997-04-04T00:00:00.000+10:00,1.089,140,603
1997-04-05T00:00:00.000+10:00,1.037,140,603
1997-04-06T00:00:00.000+10:00,1.001,140,603
1997-04-07T00:00:00.000+10:00,0.958,140,603
1997-04-08T00:00:00.000+10:00,0.901,140,603
1997-04-09T00:00:00.000+10:00,0.857,140,603
1997-04-10T00:00:00.000+10:00,0.832,140,603
1997-04-11T00:00:00.000+10:00,0.805,140,603
1997-04-12T00:00:00.000+10:00,0.784,140,603
1997-04-13T00:00:00.000+10:00,0.765,140,603
1997-04-14T00:00:00.000+10:00,0.719,140,603
1997-04-15T00:00:00.000+10:00,0.699,140,603
1997-04-16T00:00:00.000+10:00,0.709,140,603
1997-04-17T00:00:00.000+10:00,0.750,140,603
1997-04-18T00:00:00.000+10:00,0.638,140,603
1997-04-19T00:00:00.000+10:00,0.661,140,603
1997-04-20T00:00:00.000+10:00,0.734,140,603
1997-04-21T00:00:00.000+10:00,0.747,140,603
1997-04-22T00:00:00.000+10:00,0.663,140,603
1997-04-23T00:00:00.000+10:00,0.579,140,603
1997-04-24T00:00:00.000+10:00,0.543,140,603
1997-04-25T00:00:00.000+10:00,0.531,140,603
1997-04-26T00:00:00.000+10:00,0.672,140,603
1997-04-27T00:00:00.000+10:00,0.695,140,603
1997-04-28T00:00:00.000+10:00,0.621,140,603
1997-04-29T00:00:00.000+10:00,0.555,140,603
1997-04-30T00:00:00.000+10:00,0.503,140,603
1997-05-01T00:00:00.000+10:00,0.645,140,603
1997-05-02T00:00:00.000+10:00,1.223,140,603
1997-05-03T00:00:00.000+10:00,1.754,140,603
1997-05-04T00:00:00.000+10:00,1.618,140,603
1997-05-05T00:00:00.000+10:00,1.383,140,603
1997-05-06T00:00:00.000+10:00,1.126,140,603
1997-05-07T00:00:00.000+10:00,1.152,140,603
1997-05-08T00:00:00.000+10:00,1.269,140,603
1997-05-09T00:00:00.000+10:00,1.458,140,603
1997-05-10T00:00:00.000+10:00,1.372,140,603
1997-05-11T00:00:00.000+10:00,1.171,140,603
1997-05-12T00:00:00.000+10:00,0.992,140,603
1997-05-13T00:00:00.000+10:00,0.933,140,603
1997-05-14T00:00:00.000+10:00,0.848,140,603
1997-05-15T00:00:00.000+10:00,0.848,140,603
1997-05-16T00:00:00.000+10:00,0.938,140,603
1997-05-17T00:00:00.000+10:00,2.087,140,603
1997-05-18T00:00:00.000+10:00,1.727,140,603
1997-05-19T00:00:00.000+10:00,1.385,140,603
1997-05-20T00:00:00.000+10:00,1.231,140,603
1997-05-21T00:00:00.000+10:00,1.138,140,603
1997-05-22T00:00:00.000+10:00,1.079,140,603
1997-05-23T00:00:00.000+10:00,1.009,140,603
1997-05-24T00:00:00.000+10:00,0.940,140,603
1997-05-25T00:00:00.000+10:00,0.908,140,603
1997-05-26T00:00:00.000+10:00,0.875,140,603
1997-05-27T00:00:00.000+10:00,0.836,140,603
1997-05-28T00:00:00.000+10:00,0.805,140,603
1997-05-29T00:00:00.000+10:00,0.760,140,603
1997-05-30T00:00:00.000+10:00,0.744,140,603
1997-05-31T00:00:00.000+10:00,0.705,140,603
1997-06-01T00:00:00.000+10:00,0.654,140,603
1997-06-02T00:00:00.000+10:00,0.621,140,603
1997-06-03T00:00:00.000+10:00,0.600,140,603
1997-06-04T00:00:00.000+10:00,0.574,140,603
1997-06-05T00:00:00.000+10:00,0.552,140,603
1997-06-06T00:00:00.000+10:00,0.517,140,603
1997-06-07T00:00:00.000+10:00,0.500,140,603
1997-06-08T00:00:00.000+10:00,0.452,140,603
1997-06-09T00:00:00.000+10:00,0.435,140,603
1997-06-10T00:00:00.000+10:00,0.416,140,603
1997-06-11T00:00:00.000+10:00,0.410,140,603
1997-06-12T00:00:00.000+10:00,0.393,140,603
1997-06-13T00:00:00.000+10:00,0.398,140,603
1997-06-14T00:00:00.000+10:00,0.371,140,603
1997-06-15T00:00:00.000+10:00,0.351,140,603
1997-06-16T00:00:00.000+10:00,0.455,140,603
1997-06-17T00:00:00.000+10:00,1.863,140,603
1997-06-18T00:00:00.000+10:00,1.191,140,603
1997-06-19T00:00:00.000+10:00,0.832,140,603
1997-06-20T00:00:00.000+10:00,0.591,140,603
1997-06-21T00:00:00.000+10:00,0.609,140,603
1997-06-22T00:00:00.000+10:00,0.614,140,603
1997-06-23T00:00:00.000+10:00,0.993,140,603
1997-06-24T00:00:00.000+10:00,0.751,140,603
1997-06-25T00:00:00.000+10:00,0.658,140,603
1997-06-26T00:00:00.000+10:00,0.612,140,603
1997-06-27T00:00:00.000+10:00,0.532,140,603
1997-06-28T00:00:00.000+10:00,0.493,140,603
1997-06-29T00:00:00.000+10:00,0.485,140,603
1997-06-30T00:00:00.000+10:00,0.523,140,603
1997-07-01T00:00:00.000+10:00,0.458,140,603
1997-07-02T00:00:00.000+10:00,0.432,140,603
1997-07-03T00:00:00.000+10:00,0.419,140,603
1997-07-04T00:00:00.000+10:00,0.398,140,603
1997-07-05T00:00:00.000+10:00,0.390,140,603
1997-07-06T00:00:00.000+10:00,0.469,140,603
1997-07-07T00:00:00.000+10:00,0.530,140,603
1997-07-08T00:00:00.000+10:00,0.403,140,603
1997-07-09T00:00:00.000+10:00,0.379,140,603
1997-07-10T00:00:00.000+10:00,0.359,140,603
1997-07-11T00:00:00.000+10:00,0.354,140,603
1997-07-12T00:00:00.000+10:00,0.368,140,603
1997-07-13T00:00:00.000+10:00,0.364,140,603
1997-07-14T00:00:00.000+10:00,0.354,140,603
1997-07-15T00:00:00.000+10:00,0.354,140,603
1997-07-16T00:00:00.000+10:00,0.450,140,603
1997-07-17T00:00:00.000+10:00,0.443,140,603
1997-07-18T00:00:00.000+10:00,0.337,140,603
1997-07-19T00:00:00.000+10:00,0.386,140,603
1997-07-20T00:00:00.000+10:00,0.356,140,603
1997-07-21T00:00:00.000+10:00,0.357,140,603
1997-07-22T00:00:00.000+10:00,0.354,140,603
1997-07-23T00:00:00.000+10:00,0.345,140,603
1997-07-24T00:00:00.000+10:00,0.342,140,603
1997-07-25T00:00:00.000+10:00,0.350,140,603
1997-07-26T00:00:00.000+10:00,0.349,140,603
1997-07-27T00:00:00.000+10:00,0.346,140,603
1997-07-28T00:00:00.000+10:00,0.362,140,603
1997-07-29T00:00:00.000+10:00,0.357,140,603
1997-07-30T00:00:00.000+10:00,0.360,140,603
1997-07-31T00:00:00.000+10:00,0.363,140,603
1997-08-01T00:00:00.000+10:00,0.374,140,603
1997-08-02T00:00:00.000+10:00,0.349,140,603
1997-08-03T00:00:00.000+10:00,0.334,140,603
1997-08-04T00:00:00.000+10:00,0.340,140,603
1997-08-05T00:00:00.000+10:00,0.351,140,603
1997-08-06T00:00:00.000+10:00,0.342,140,603
1997-08-07T00:00:00.000+10:00,0.337,140,603
1997-08-08T00:00:00.000+10:00,0.336,140,603
1997-08-09T00:00:00.000+10:00,0.322,140,603
1997-08-10T00:00:00.000+10:00,0.314,140,603
1997-08-11T00:00:00.000+10:00,0.328,140,603
1997-08-12T00:00:00.000+10:00,0.350,140,603
1997-08-13T00:00:00.000+10:00,0.329,140,603
1997-08-14T00:00:00.000+10:00,0.329,140,603
1997-08-15T00:00:00.000+10:00,0.332,140,603
1997-08-16T00:00:00.000+10:00,0.320,140,603
1997-08-17T00:00:00.000+10:00,0.325,140,603
1997-08-18T00:00:00.000+10:00,0.319,140,603
1997-08-19T00:00:00.000+10:00,0.316,140,603
1997-08-20T00:00:00.000+10:00,0.315,140,603
1997-08-21T00:00:00.000+10:00,0.311,140,603
1997-08-22T00:00:00.000+10:00,0.304,140,603
1997-08-23T00:00:00.000+10:00,0.300,140,603
1997-08-24T00:00:00.000+10:00,0.291,140,603
1997-08-25T00:00:00.000+10:00,0.280,140,603
1997-08-26T00:00:00.000+10:00,0.276,140,603
1997-08-27T00:00:00.000+10:00,0.271,140,603
1997-08-28T00:00:00.000+10:00,0.265,140,603
1997-08-29T00:00:00.000+10:00,0.248,140,603
1997-08-30T00:00:00.000+10:00,0.240,140,603
1997-08-31T00:00:00.000+10:00,0.237,140,603
1997-09-01T00:00:00.000+10:00,0.236,140,603
1997-09-02T00:00:00.000+10:00,0.234,140,603
1997-09-03T00:00:00.000+10:00,0.227,140,603
1997-09-04T00:00:00.000+10:00,0.220,140,603
1997-09-05T00:00:00.000+10:00,0.215,140,603
1997-09-06T00:00:00.000+10:00,0.203,140,603
1997-09-07T00:00:00.000+10:00,0.190,140,603
1997-09-08T00:00:00.000+10:00,0.191,140,603
1997-09-09T00:00:00.000+10:00,0.184,140,603
1997-09-10T00:00:00.000+10:00,0.185,140,603
1997-09-11T00:00:00.000+10:00,0.192,140,603
1997-09-12T00:00:00.000+10:00,0.186,140,603
1997-09-13T00:00:00.000+10:00,0.188,140,603
1997-09-14T00:00:00.000+10:00,0.186,140,603
1997-09-15T00:00:00.000+10:00,0.180,140,603
1997-09-16T00:00:00.000+10:00,0.170,140,603
1997-09-17T00:00:00.000+10:00,0.171,140,603
1997-09-18T00:00:00.000+10:00,0.187,140,603
1997-09-19T00:00:00.000+10:00,0.190,140,603
1997-09-20T00:00:00.000+10:00,0.208,140,603
1997-09-21T00:00:00.000+10:00,0.208,140,603
1997-09-22T00:00:00.000+10:00,0.209,140,603
1997-09-23T00:00:00.000+10:00,0.212,140,603
1997-09-24T00:00:00.000+10:00,0.214,140,603
1997-09-25T00:00:00.000+10:00,0.218,140,603
1997-09-26T00:00:00.000+10:00,0.219,140,603
1997-09-27T00:00:00.000+10:00,0.227,140,603
1997-09-28T00:00:00.000+10:00,0.213,140,603
1997-09-29T00:00:00.000+10:00,0.212,140,603
1997-09-30T00:00:00.000+10:00,0.199,140,603
1997-10-01T00:00:00.000+10:00,0.187,140,603
1997-10-02T00:00:00.000+10:00,0.184,140,603
1997-10-03T00:00:00.000+10:00,0.198,140,603
1997-10-04T00:00:00.000+10:00,0.168,140,603
1997-10-05T00:00:00.000+10:00,0.168,140,603
1997-10-06T00:00:00.000+10:00,0.209,140,603
1997-10-07T00:00:00.000+10:00,0.538,140,603
1997-10-08T00:00:00.000+10:00,0.939,140,603
1997-10-09T00:00:00.000+10:00,0.388,140,603
1997-10-10T00:00:00.000+10:00,0.209,140,603
1997-10-11T00:00:00.000+10:00,0.208,140,603
1997-10-12T00:00:00.000+10:00,0.193,140,603
1997-10-13T00:00:00.000+10:00,0.199,140,603
1997-10-14T00:00:00.000+10:00,0.178,140,603
1997-10-15T00:00:00.000+10:00,0.181,140,603
1997-10-16T00:00:00.000+10:00,0.175,140,603
1997-10-17T00:00:00.000+10:00,0.199,140,603
1997-10-18T00:00:00.000+10:00,0.174,140,603
1997-10-19T00:00:00.000+10:00,0.163,140,603
1997-10-20T00:00:00.000+10:00,0.167,140,603
1997-10-21T00:00:00.000+10:00,0.173,140,603
1997-10-22T00:00:00.000+10:00,0.165,140,603
1997-10-23T00:00:00.000+10:00,0.171,140,603
1997-10-24T00:00:00.000+10:00,0.157,140,603
1997-10-25T00:00:00.000+10:00,0.163,140,603
1997-10-26T00:00:00.000+10:00,0.201,140,603
1997-10-27T00:00:00.000+10:00,0.202,140,603
1997-10-28T00:00:00.000+10:00,0.168,140,603
1997-10-29T00:00:00.000+10:00,0.162,140,603
1997-10-30T00:00:00.000+10:00,0.190,140,603
1997-10-31T00:00:00.000+10:00,0.164,140,603
1997-11-01T00:00:00.000+10:00,0.176,140,603
1997-11-02T00:00:00.000+10:00,0.176,140,603
1997-11-03T00:00:00.000+10:00,0.258,140,603
1997-11-04T00:00:00.000+10:00,0.185,140,603
1997-11-05T00:00:00.000+10:00,0.126,140,603
1997-11-06T00:00:00.000+10:00,1.104,140,603
1997-11-07T00:00:00.000+10:00,0.819,140,603
1997-11-08T00:00:00.000+10:00,0.801,140,603
1997-11-09T00:00:00.000+10:00,2.902,140,603
1997-11-10T00:00:00.000+10:00,1.634,140,603
1997-11-11T00:00:00.000+10:00,1.143,140,603
1997-11-12T00:00:00.000+10:00,0.878,140,603
1997-11-13T00:00:00.000+10:00,0.699,140,603
1997-11-14T00:00:00.000+10:00,0.582,140,603
1997-11-15T00:00:00.000+10:00,0.438,140,603
1997-11-16T00:00:00.000+10:00,0.338,140,603
1997-11-17T00:00:00.000+10:00,0.366,140,603
1997-11-18T00:00:00.000+10:00,0.303,140,603
1997-11-19T00:00:00.000+10:00,0.373,140,603
1997-11-20T00:00:00.000+10:00,0.450,140,603
1997-11-21T00:00:00.000+10:00,0.329,140,603
1997-11-22T00:00:00.000+10:00,1.358,140,603
1997-11-23T00:00:00.000+10:00,0.873,140,603
1997-11-24T00:00:00.000+10:00,0.462,140,603
1997-11-25T00:00:00.000+10:00,0.372,140,603
1997-11-26T00:00:00.000+10:00,0.444,140,603
1997-11-27T00:00:00.000+10:00,0.375,140,603
1997-11-28T00:00:00.000+10:00,0.313,140,603
1997-11-29T00:00:00.000+10:00,0.290,140,603
1997-11-30T00:00:00.000+10:00,0.279,140,603
1997-12-01T00:00:00.000+10:00,0.324,140,603
1997-12-02T00:00:00.000+10:00,0.310,140,603
1997-12-03T00:00:00.000+10:00,0.291,140,603
1997-12-04T00:00:00.000+10:00,0.279,140,603
1997-12-05T00:00:00.000+10:00,0.278,140,603
1997-12-06T00:00:00.000+10:00,0.287,140,603
1997-12-07T00:00:00.000+10:00,0.296,140,603
1997-12-08T00:00:00.000+10:00,0.308,140,603
1997-12-09T00:00:00.000+10:00,0.365,140,603
1997-12-10T00:00:00.000+10:00,0.301,140,603
1997-12-11T00:00:00.000+10:00,0.277,140,603
1997-12-12T00:00:00.000+10:00,0.272,140,603
1997-12-13T00:00:00.000+10:00,0.266,140,603
1997-12-14T00:00:00.000+10:00,0.257,140,603
1997-12-15T00:00:00.000+10:00,0.287,140,603
1997-12-16T00:00:00.000+10:00,0.272,140,603
1997-12-17T00:00:00.000+10:00,0.274,140,603
1997-12-18T00:00:00.000+10:00,0.264,140,603
1997-12-19T00:00:00.000+10:00,0.269,140,603
1997-12-20T00:00:00.000+10:00,0.273,140,603
1997-12-21T00:00:00.000+10:00,0.268,140,603
1997-12-22T00:00:00.000+10:00,0.276,140,603
1997-12-23T00:00:00.000+10:00,0.265,140,603
1997-12-24T00:00:00.000+10:00,0.263,140,603
1997-12-25T00:00:00.000+10:00,0.264,140,603
1997-12-26T00:00:00.000+10:00,0.267,140,603
1997-12-27T00:00:00.000+10:00,0.262,140,603
1997-12-28T00:00:00.000+10:00,0.255,140,603
1997-12-29T00:00:00.000+10:00,0.247,140,603
1997-12-30T00:00:00.000+10:00,0.239,140,603
1997-12-31T00:00:00.000+10:00,0.232,140,603
1998-01-01T00:00:00.000+10:00,0.217,140,603
1998-01-02T00:00:00.000+10:00,0.207,140,603
1998-01-03T00:00:00.000+10:00,0.203,140,603
1998-01-04T00:00:00.000+10:00,0.195,140,603
1998-01-05T00:00:00.000+10:00,0.178,140,603
1998-01-06T00:00:00.000+10:00,0.176,140,603
1998-01-07T00:00:00.000+10:00,0.174,140,603
1998-01-08T00:00:00.000+10:00,0.163,140,603
1998-01-09T00:00:00.000+10:00,0.163,140,603
1998-01-10T00:00:00.000+10:00,0.200,140,603
1998-01-11T00:00:00.000+10:00,0.192,140,603
1998-01-12T00:00:00.000+10:00,0.237,140,603
1998-01-13T00:00:00.000+10:00,0.274,140,603
1998-01-14T00:00:00.000+10:00,0.258,140,603
1998-01-15T00:00:00.000+10:00,0.251,140,603
1998-01-16T00:00:00.000+10:00,0.193,140,603
1998-01-17T00:00:00.000+10:00,0.221,140,603
1998-01-18T00:00:00.000+10:00,0.202,140,603
1998-01-19T00:00:00.000+10:00,0.205,140,603
1998-01-20T00:00:00.000+10:00,0.195,140,603
1998-01-21T00:00:00.000+10:00,0.184,140,603
1998-01-22T00:00:00.000+10:00,0.185,140,603
1998-01-23T00:00:00.000+10:00,0.172,140,603
1998-01-24T00:00:00.000+10:00,0.200,140,603
1998-01-25T00:00:00.000+10:00,0.195,140,603
1998-01-26T00:00:00.000+10:00,0.180,140,603
1998-01-27T00:00:00.000+10:00,0.181,140,603
1998-01-28T00:00:00.000+10:00,0.173,140,603
1998-01-29T00:00:00.000+10:00,0.178,140,603
1998-01-30T00:00:00.000+10:00,0.160,140,603
1998-01-31T00:00:00.000+10:00,0.177,140,603
1998-02-01T00:00:00.000+10:00,0.207,140,603
1998-02-02T00:00:00.000+10:00,0.155,140,603
1998-02-03T00:00:00.000+10:00,0.176,140,603
1998-02-04T00:00:00.000+10:00,0.160,140,603
1998-02-05T00:00:00.000+10:00,0.202,140,603
1998-02-06T00:00:00.000+10:00,0.194,140,603
1998-02-07T00:00:00.000+10:00,0.137,140,603
1998-02-08T00:00:00.000+10:00,0.132,140,603
1998-02-09T00:00:00.000+10:00,0.154,140,603
1998-02-10T00:00:00.000+10:00,0.207,140,603
1998-02-11T00:00:00.000+10:00,0.846,140,603
1998-02-12T00:00:00.000+10:00,0.513,140,603
1998-02-13T00:00:00.000+10:00,0.292,140,603
1998-02-14T00:00:00.000+10:00,0.336,140,603
1998-02-15T00:00:00.000+10:00,0.250,140,603
1998-02-16T00:00:00.000+10:00,0.476,140,603
1998-02-17T00:00:00.000+10:00,1.081,140,603
1998-02-18T00:00:00.000+10:00,0.378,140,603
1998-02-19T00:00:00.000+10:00,0.329,140,603
1998-02-20T00:00:00.000+10:00,0.300,140,603
1998-02-21T00:00:00.000+10:00,0.148,140,603
1998-02-22T00:00:00.000+10:00,0.133,140,603
1998-02-23T00:00:00.000+10:00,0.180,140,603
1998-02-24T00:00:00.000+10:00,0.168,140,603
1998-02-25T00:00:00.000+10:00,0.168,140,603
1998-02-26T00:00:00.000+10:00,0.156,140,603
1998-02-27T00:00:00.000+10:00,0.171,140,603
1998-02-28T00:00:00.000+10:00,0.177,140,603
1998-03-01T00:00:00.000+10:00,0.172,140,603
1998-03-02T00:00:00.000+10:00,0.151,140,603
1998-03-03T00:00:00.000+10:00,0.246,140,603
1998-03-04T00:00:00.000+10:00,0.212,140,603
1998-03-05T00:00:00.000+10:00,0.186,140,603
1998-03-06T00:00:00.000+10:00,0.194,140,603
1998-03-07T00:00:00.000+10:00,0.169,140,603
1998-03-08T00:00:00.000+10:00,0.150,140,603
1998-03-09T00:00:00.000+10:00,0.165,140,603
1998-03-10T00:00:00.000+10:00,0.159,140,603
1998-03-11T00:00:00.000+10:00,0.160,140,603
1998-03-12T00:00:00.000+10:00,0.161,140,603
1998-03-13T00:00:00.000+10:00,0.161,140,603
1998-03-14T00:00:00.000+10:00,0.158,140,603
1998-03-15T00:00:00.000+10:00,0.158,140,603
1998-03-16T00:00:00.000+10:00,0.190,140,603
1998-03-17T00:00:00.000+10:00,0.198,140,603
1998-03-18T00:00:00.000+10:00,0.197,140,603
1998-03-19T00:00:00.000+10:00,0.247,140,603
1998-03-20T00:00:00.000+10:00,0.199,140,603
1998-03-21T00:00:00.000+10:00,0.197,140,603
1998-03-22T00:00:00.000+10:00,0.178,140,603
1998-03-23T00:00:00.000+10:00,0.173,140,603
1998-03-24T00:00:00.000+10:00,0.157,140,603
1998-03-25T00:00:00.000+10:00,0.157,140,603
1998-03-26T00:00:00.000+10:00,0.861,140,603
1998-03-27T00:00:00.000+10:00,0.226,140,603
1998-03-28T00:00:00.000+10:00,0.183,140,603
1998-03-29T00:00:00.000+10:00,0.197,140,603
1998-03-30T00:00:00.000+10:00,0.207,140,603
1998-03-31T00:00:00.000+10:00,0.156,140,603
1998-04-01T00:00:00.000+10:00,0.161,140,603
1998-04-02T00:00:00.000+10:00,1.063,140,603
1998-04-03T00:00:00.000+10:00,1.134,140,603
1998-04-04T00:00:00.000+10:00,0.430,140,603
1998-04-05T00:00:00.000+10:00,0.180,140,603
1998-04-06T00:00:00.000+10:00,0.273,140,603
1998-04-07T00:00:00.000+10:00,0.185,140,603
1998-04-08T00:00:00.000+10:00,0.160,140,603
1998-04-09T00:00:00.000+10:00,0.197,140,603
1998-04-10T00:00:00.000+10:00,0.190,140,603
1998-04-11T00:00:00.000+10:00,0.313,140,603
1998-04-12T00:00:00.000+10:00,0.255,140,603
1998-04-13T00:00:00.000+10:00,0.260,140,603
1998-04-14T00:00:00.000+10:00,0.279,140,603
1998-04-15T00:00:00.000+10:00,0.276,140,603
1998-04-16T00:00:00.000+10:00,0.282,140,603
1998-04-17T00:00:00.000+10:00,0.359,140,603
1998-04-18T00:00:00.000+10:00,0.340,140,603
1998-04-19T00:00:00.000+10:00,0.280,140,603
1998-04-20T00:00:00.000+10:00,0.271,140,603
1998-04-21T00:00:00.000+10:00,0.271,140,603
1998-04-22T00:00:00.000+10:00,0.264,140,603
1998-04-23T00:00:00.000+10:00,0.275,140,603
1998-04-24T00:00:00.000+10:00,1.419,140,603
1998-04-25T00:00:00.000+10:00,1.332,140,603
1998-04-26T00:00:00.000+10:00,0.704,140,603
1998-04-27T00:00:00.000+10:00,0.466,140,603
1998-04-28T00:00:00.000+10:00,0.369,140,603
1998-04-29T00:00:00.000+10:00,0.295,140,603
1998-04-30T00:00:00.000+10:00,0.318,140,603
1998-05-01T00:00:00.000+10:00,0.309,140,603
1998-05-02T00:00:00.000+10:00,0.440,140,603
1998-05-03T00:00:00.000+10:00,0.580,140,603
1998-05-04T00:00:00.000+10:00,0.310,140,603
1998-05-05T00:00:00.000+10:00,0.280,140,603
1998-05-06T00:00:00.000+10:00,0.284,140,603
1998-05-07T00:00:00.000+10:00,0.259,140,603
1998-05-08T00:00:00.000+10:00,0.241,140,603
1998-05-09T00:00:00.000+10:00,0.259,140,603
1998-05-10T00:00:00.000+10:00,0.282,140,603
1998-05-11T00:00:00.000+10:00,0.261,140,603
1998-05-12T00:00:00.000+10:00,0.259,140,603
1998-05-13T00:00:00.000+10:00,0.277,140,603
1998-05-14T00:00:00.000+10:00,0.293,140,603
1998-05-15T00:00:00.000+10:00,0.281,140,603
1998-05-16T00:00:00.000+10:00,0.297,140,603
1998-05-17T00:00:00.000+10:00,0.277,140,603
1998-05-18T00:00:00.000+10:00,0.273,140,603
1998-05-19T00:00:00.000+10:00,0.297,140,603
1998-05-20T00:00:00.000+10:00,0.328,140,603
1998-05-21T00:00:00.000+10:00,0.298,140,603
1998-05-22T00:00:00.000+10:00,0.274,140,603
1998-05-23T00:00:00.000+10:00,0.270,140,603
1998-05-24T00:00:00.000+10:00,0.278,140,603
1998-05-25T00:00:00.000+10:00,0.273,140,603
1998-05-26T00:00:00.000+10:00,0.268,140,603
1998-05-27T00:00:00.000+10:00,0.265,140,603
1998-05-28T00:00:00.000+10:00,0.262,140,603
1998-05-29T00:00:00.000+10:00,0.271,140,603
1998-05-30T00:00:00.000+10:00,0.279,140,603
1998-05-31T00:00:00.000+10:00,0.262,140,603
1998-06-01T00:00:00.000+10:00,0.285,140,603
1998-06-02T00:00:00.000+10:00,0.285,140,603
1998-06-03T00:00:00.000+10:00,0.277,140,603
1998-06-04T00:00:00.000+10:00,0.270,140,603
1998-06-05T00:00:00.000+10:00,0.259,140,603
1998-06-06T00:00:00.000+10:00,0.271,140,603
1998-06-07T00:00:00.000+10:00,0.273,140,603
1998-06-08T00:00:00.000+10:00,0.261,140,603
1998-06-09T00:00:00.000+10:00,0.262,140,603
1998-06-10T00:00:00.000+10:00,0.271,140,603
1998-06-11T00:00:00.000+10:00,0.264,140,603
1998-06-12T00:00:00.000+10:00,0.257,140,603
1998-06-13T00:00:00.000+10:00,0.253,140,603
1998-06-14T00:00:00.000+10:00,0.249,140,603
1998-06-15T00:00:00.000+10:00,0.244,140,603
1998-06-16T00:00:00.000+10:00,0.248,140,603
1998-06-17T00:00:00.000+10:00,0.242,140,603
1998-06-18T00:00:00.000+10:00,0.237,140,603
1998-06-19T00:00:00.000+10:00,0.233,140,603
1998-06-20T00:00:00.000+10:00,0.229,140,603
1998-06-21T00:00:00.000+10:00,0.227,140,603
1998-06-22T00:00:00.000+10:00,0.237,140,603
1998-06-23T00:00:00.000+10:00,0.256,140,603
1998-06-24T00:00:00.000+10:00,0.242,140,603
1998-06-25T00:00:00.000+10:00,0.238,140,603
1998-06-26T00:00:00.000+10:00,0.239,140,603
1998-06-27T00:00:00.000+10:00,0.244,140,603
1998-06-28T00:00:00.000+10:00,0.248,140,603
1998-06-29T00:00:00.000+10:00,0.257,140,603
1998-06-30T00:00:00.000+10:00,0.293,140,603
1998-07-01T00:00:00.000+10:00,0.284,140,603
1998-07-02T00:00:00.000+10:00,0.248,140,603
1998-07-03T00:00:00.000+10:00,0.236,140,603
1998-07-04T00:00:00.000+10:00,0.238,140,603
1998-07-05T00:00:00.000+10:00,0.243,140,603
1998-07-06T00:00:00.000+10:00,0.239,140,603
1998-07-07T00:00:00.000+10:00,0.231,140,603
1998-07-08T00:00:00.000+10:00,0.226,140,603
1998-07-09T00:00:00.000+10:00,0.218,140,603
1998-07-10T00:00:00.000+10:00,0.208,140,603
1998-07-11T00:00:00.000+10:00,0.199,140,603
1998-07-12T00:00:00.000+10:00,0.195,140,603
1998-07-13T00:00:00.000+10:00,0.194,140,603
1998-07-14T00:00:00.000+10:00,0.200,140,603
1998-07-15T00:00:00.000+10:00,0.191,140,603
1998-07-16T00:00:00.000+10:00,0.186,140,603
1998-07-17T00:00:00.000+10:00,0.182,140,603
1998-07-18T00:00:00.000+10:00,0.191,140,603
1998-07-19T00:00:00.000+10:00,0.192,140,603
1998-07-20T00:00:00.000+10:00,0.185,140,603
1998-07-21T00:00:00.000+10:00,0.185,140,603
1998-07-22T00:00:00.000+10:00,0.180,140,603
1998-07-23T00:00:00.000+10:00,0.175,140,603
1998-07-24T00:00:00.000+10:00,0.176,140,603
1998-07-25T00:00:00.000+10:00,0.189,140,603
1998-07-26T00:00:00.000+10:00,0.194,140,603
1998-07-27T00:00:00.000+10:00,0.200,140,603
1998-07-28T00:00:00.000+10:00,0.202,140,603
1998-07-29T00:00:00.000+10:00,0.188,140,603
1998-07-30T00:00:00.000+10:00,0.202,140,603
1998-07-31T00:00:00.000+10:00,0.205,140,603
1998-08-01T00:00:00.000+10:00,0.205,140,603
1998-08-02T00:00:00.000+10:00,0.203,140,603
1998-08-03T00:00:00.000+10:00,0.199,140,603
1998-08-04T00:00:00.000+10:00,0.192,140,603
1998-08-05T00:00:00.000+10:00,0.197,140,603
1998-08-06T00:00:00.000+10:00,0.247,140,603
1998-08-07T00:00:00.000+10:00,0.247,140,603
1998-08-08T00:00:00.000+10:00,0.214,140,603
1998-08-09T00:00:00.000+10:00,0.203,140,603
1998-08-10T00:00:00.000+10:00,0.197,140,603
1998-08-11T00:00:00.000+10:00,0.210,140,603
1998-08-12T00:00:00.000+10:00,0.190,140,603
1998-08-13T00:00:00.000+10:00,0.199,140,603
1998-08-14T00:00:00.000+10:00,0.184,140,603
1998-08-15T00:00:00.000+10:00,0.208,140,603
1998-08-16T00:00:00.000+10:00,0.199,140,603
1998-08-17T00:00:00.000+10:00,9.138,140,603
1998-08-18T00:00:00.000+10:00,4.738,140,603
1998-08-19T00:00:00.000+10:00,2.286,140,603
1998-08-20T00:00:00.000+10:00,1.324,140,603
1998-08-21T00:00:00.000+10:00,1.029,140,603
1998-08-22T00:00:00.000+10:00,0.840,140,603
1998-08-23T00:00:00.000+10:00,0.713,140,603
1998-08-24T00:00:00.000+10:00,0.555,140,603
1998-08-25T00:00:00.000+10:00,0.382,140,603
1998-08-26T00:00:00.000+10:00,0.282,140,603
1998-08-27T00:00:00.000+10:00,0.284,140,603
1998-08-28T00:00:00.000+10:00,0.504,140,603
1998-08-29T00:00:00.000+10:00,1.315,140,603
1998-08-30T00:00:00.000+10:00,1.356,140,603
1998-08-31T00:00:00.000+10:00,1.123,140,603
1998-09-01T00:00:00.000+10:00,0.950,140,603
1998-09-02T00:00:00.000+10:00,0.805,140,603
1998-09-03T00:00:00.000+10:00,0.657,140,603
1998-09-04T00:00:00.000+10:00,0.515,140,603
1998-09-05T00:00:00.000+10:00,0.416,140,603
1998-09-06T00:00:00.000+10:00,0.397,140,603
1998-09-07T00:00:00.000+10:00,0.454,140,603
1998-09-08T00:00:00.000+10:00,0.397,140,603
1998-09-09T00:00:00.000+10:00,0.455,140,603
1998-09-10T00:00:00.000+10:00,0.392,140,603
1998-09-11T00:00:00.000+10:00,1.000,140,603
1998-09-12T00:00:00.000+10:00,4.808,140,603
1998-09-13T00:00:00.000+10:00,3.412,140,603
1998-09-14T00:00:00.000+10:00,2.426,140,603
1998-09-15T00:00:00.000+10:00,1.855,140,603
1998-09-16T00:00:00.000+10:00,1.324,140,603
1998-09-17T00:00:00.000+10:00,1.092,140,603
1998-09-18T00:00:00.000+10:00,0.946,140,603
1998-09-19T00:00:00.000+10:00,0.865,140,603
1998-09-20T00:00:00.000+10:00,1.221,140,603
1998-09-21T00:00:00.000+10:00,1.237,140,603
1998-09-22T00:00:00.000+10:00,1.162,140,603
1998-09-23T00:00:00.000+10:00,0.999,140,603
1998-09-24T00:00:00.000+10:00,0.900,140,603
1998-09-25T00:00:00.000+10:00,0.884,140,603
1998-09-26T00:00:00.000+10:00,0.863,140,603
1998-09-27T00:00:00.000+10:00,0.793,140,603
1998-09-28T00:00:00.000+10:00,0.742,140,603
1998-09-29T00:00:00.000+10:00,0.692,140,603
1998-09-30T00:00:00.000+10:00,0.634,140,603
1998-10-01T00:00:00.000+10:00,0.562,140,603
1998-10-02T00:00:00.000+10:00,0.510,140,603
1998-10-03T00:00:00.000+10:00,0.535,140,603
1998-10-04T00:00:00.000+10:00,0.451,140,603
1998-10-05T00:00:00.000+10:00,0.406,140,603
1998-10-06T00:00:00.000+10:00,0.384,140,603
1998-10-07T00:00:00.000+10:00,0.388,140,603
1998-10-08T00:00:00.000+10:00,0.355,140,603
1998-10-09T00:00:00.000+10:00,0.334,140,603
1998-10-10T00:00:00.000+10:00,0.342,140,603
1998-10-11T00:00:00.000+10:00,0.327,140,603
1998-10-12T00:00:00.000+10:00,0.306,140,603
1998-10-13T00:00:00.000+10:00,0.309,140,603
1998-10-14T00:00:00.000+10:00,0.297,140,603
1998-10-15T00:00:00.000+10:00,0.304,140,603
1998-10-16T00:00:00.000+10:00,0.315,140,603
1998-10-17T00:00:00.000+10:00,0.293,140,603
1998-10-18T00:00:00.000+10:00,0.295,140,603
1998-10-19T00:00:00.000+10:00,0.297,140,603
1998-10-20T00:00:00.000+10:00,0.291,140,603
1998-10-21T00:00:00.000+10:00,0.288,140,603
1998-10-22T00:00:00.000+10:00,0.303,140,603
1998-10-23T00:00:00.000+10:00,0.294,140,603
1998-10-24T00:00:00.000+10:00,0.286,140,603
1998-10-25T00:00:00.000+10:00,0.282,140,603
1998-10-26T00:00:00.000+10:00,0.294,140,603
1998-10-27T00:00:00.000+10:00,0.283,140,603
1998-10-28T00:00:00.000+10:00,0.262,140,603
1998-10-29T00:00:00.000+10:00,0.255,140,603
1998-10-30T00:00:00.000+10:00,0.261,140,603
1998-10-31T00:00:00.000+10:00,0.275,140,603
1998-11-01T00:00:00.000+10:00,0.263,140,603
1998-11-02T00:00:00.000+10:00,0.249,140,603
1998-11-03T00:00:00.000+10:00,0.237,140,603
1998-11-04T00:00:00.000+10:00,0.230,140,603
1998-11-05T00:00:00.000+10:00,0.220,140,603
1998-11-06T00:00:00.000+10:00,0.212,140,603
1998-11-07T00:00:00.000+10:00,0.209,140,603
1998-11-08T00:00:00.000+10:00,0.215,140,603
1998-11-09T00:00:00.000+10:00,0.311,140,603
1998-11-10T00:00:00.000+10:00,0.812,140,603
1998-11-11T00:00:00.000+10:00,0.664,140,603
1998-11-12T00:00:00.000+10:00,0.352,140,603
1998-11-13T00:00:00.000+10:00,0.316,140,603
1998-11-14T00:00:00.000+10:00,0.346,140,603
1998-11-15T00:00:00.000+10:00,0.327,140,603
1998-11-16T00:00:00.000+10:00,0.317,140,603
1998-11-17T00:00:00.000+10:00,0.370,140,603
1998-11-18T00:00:00.000+10:00,0.938,140,603
1998-11-19T00:00:00.000+10:00,7.513,140,603
1998-11-20T00:00:00.000+10:00,3.263,140,603
1998-11-21T00:00:00.000+10:00,2.111,140,603
1998-11-22T00:00:00.000+10:00,1.638,140,603
1998-11-23T00:00:00.000+10:00,1.589,140,603
1998-11-24T00:00:00.000+10:00,2.086,140,603
1998-11-25T00:00:00.000+10:00,2.808,140,603
1998-11-26T00:00:00.000+10:00,4.548,140,603
1998-11-27T00:00:00.000+10:00,5.361,140,603
1998-11-28T00:00:00.000+10:00,3.214,140,603
1998-11-29T00:00:00.000+10:00,2.151,140,603
1998-11-30T00:00:00.000+10:00,1.826,140,603
1998-12-01T00:00:00.000+10:00,1.740,140,603
1998-12-02T00:00:00.000+10:00,1.647,140,603
1998-12-03T00:00:00.000+10:00,1.370,140,603
1998-12-04T00:00:00.000+10:00,1.163,140,603
1998-12-05T00:00:00.000+10:00,1.074,140,603
1998-12-06T00:00:00.000+10:00,0.995,140,603
1998-12-07T00:00:00.000+10:00,1.211,140,603
1998-12-08T00:00:00.000+10:00,1.219,140,603
1998-12-09T00:00:00.000+10:00,0.956,140,603
1998-12-10T00:00:00.000+10:00,0.826,140,603
1998-12-11T00:00:00.000+10:00,0.899,140,603
1998-12-12T00:00:00.000+10:00,0.916,140,603
1998-12-13T00:00:00.000+10:00,0.826,140,603
1998-12-14T00:00:00.000+10:00,0.797,140,603
1998-12-15T00:00:00.000+10:00,0.728,140,603
1998-12-16T00:00:00.000+10:00,0.638,140,603
1998-12-17T00:00:00.000+10:00,0.458,140,603
1998-12-18T00:00:00.000+10:00,0.432,140,603
1998-12-19T00:00:00.000+10:00,0.479,140,603
1998-12-20T00:00:00.000+10:00,0.586,140,603
1998-12-21T00:00:00.000+10:00,0.541,140,603
1998-12-22T00:00:00.000+10:00,0.555,140,603
1998-12-23T00:00:00.000+10:00,0.530,140,603
1998-12-24T00:00:00.000+10:00,4.130,140,603
1998-12-25T00:00:00.000+10:00,3.252,140,603
1998-12-26T00:00:00.000+10:00,1.913,140,603
1998-12-27T00:00:00.000+10:00,1.402,140,603
1998-12-28T00:00:00.000+10:00,1.183,140,603
1998-12-29T00:00:00.000+10:00,1.034,140,603
1998-12-30T00:00:00.000+10:00,0.931,140,603
1998-12-31T00:00:00.000+10:00,0.829,140,603
1999-01-01T00:00:00.000+10:00,0.755,140,603
1999-01-02T00:00:00.000+10:00,0.825,140,603
1999-01-03T00:00:00.000+10:00,0.922,140,603
1999-01-04T00:00:00.000+10:00,0.893,140,603
1999-01-05T00:00:00.000+10:00,0.833,140,603
1999-01-06T00:00:00.000+10:00,0.749,140,603
1999-01-07T00:00:00.000+10:00,0.695,140,603
1999-01-08T00:00:00.000+10:00,0.618,140,603
1999-01-09T00:00:00.000+10:00,0.758,140,603
1999-01-10T00:00:00.000+10:00,1.426,140,603
1999-01-11T00:00:00.000+10:00,1.158,140,603
1999-01-12T00:00:00.000+10:00,0.928,140,603
1999-01-13T00:00:00.000+10:00,0.887,140,603
1999-01-14T00:00:00.000+10:00,0.838,140,603
1999-01-15T00:00:00.000+10:00,2.075,140,603
1999-01-16T00:00:00.000+10:00,1.873,140,603
1999-01-17T00:00:00.000+10:00,1.417,140,603
1999-01-18T00:00:00.000+10:00,1.246,140,603
1999-01-19T00:00:00.000+10:00,1.139,140,603
1999-01-20T00:00:00.000+10:00,1.043,140,603
1999-01-21T00:00:00.000+10:00,0.934,140,603
1999-01-22T00:00:00.000+10:00,0.867,140,603
1999-01-23T00:00:00.000+10:00,0.801,140,603
1999-01-24T00:00:00.000+10:00,0.736,140,603
1999-01-25T00:00:00.000+10:00,0.753,140,603
1999-01-26T00:00:00.000+10:00,0.754,140,603
1999-01-27T00:00:00.000+10:00,0.692,140,603
1999-01-28T00:00:00.000+10:00,4.262,140,603
1999-01-29T00:00:00.000+10:00,4.372,140,603
1999-01-30T00:00:00.000+10:00,2.761,140,603
1999-01-31T00:00:00.000+10:00,4.156,140,603
1999-02-01T00:00:00.000+10:00,7.662,140,603
1999-02-02T00:00:00.000+10:00,11.438,140,603
1999-02-03T00:00:00.000+10:00,8.509,140,603
1999-02-04T00:00:00.000+10:00,10.994,140,603
1999-02-05T00:00:00.000+10:00,15.209,140,603
1999-02-06T00:00:00.000+10:00,9.838,140,603
1999-02-07T00:00:00.000+10:00,6.741,140,603
1999-02-08T00:00:00.000+10:00,7.366,140,603
1999-02-09T00:00:00.000+10:00,11.170,140,603
1999-02-10T00:00:00.000+10:00,17.355,140,603
1999-02-11T00:00:00.000+10:00,12.304,140,603
1999-02-12T00:00:00.000+10:00,8.714,140,603
1999-02-13T00:00:00.000+10:00,8.859,140,603
1999-02-14T00:00:00.000+10:00,6.863,140,603
1999-02-15T00:00:00.000+10:00,5.685,140,603
1999-02-16T00:00:00.000+10:00,4.837,140,603
1999-02-17T00:00:00.000+10:00,4.135,140,603
1999-02-18T00:00:00.000+10:00,3.508,140,603
1999-02-19T00:00:00.000+10:00,2.993,140,603
1999-02-20T00:00:00.000+10:00,2.681,140,603
1999-02-21T00:00:00.000+10:00,2.418,140,603
1999-02-22T00:00:00.000+10:00,2.241,140,603
1999-02-23T00:00:00.000+10:00,2.522,140,603
1999-02-24T00:00:00.000+10:00,2.439,140,603
1999-02-25T00:00:00.000+10:00,2.116,140,603
1999-02-26T00:00:00.000+10:00,1.982,140,603
1999-02-27T00:00:00.000+10:00,1.782,140,603
1999-02-28T00:00:00.000+10:00,1.685,140,603
1999-03-01T00:00:00.000+10:00,2.492,140,603
1999-03-02T00:00:00.000+10:00,4.311,140,603
1999-03-03T00:00:00.000+10:00,10.696,140,603
1999-03-04T00:00:00.000+10:00,7.478,140,603
1999-03-05T00:00:00.000+10:00,5.552,140,603
1999-03-06T00:00:00.000+10:00,4.450,140,603
1999-03-07T00:00:00.000+10:00,3.686,140,603
1999-03-08T00:00:00.000+10:00,4.521,140,603
1999-03-09T00:00:00.000+10:00,4.571,140,603
1999-03-10T00:00:00.000+10:00,3.511,140,603
1999-03-11T00:00:00.000+10:00,3.201,140,603
1999-03-12T00:00:00.000+10:00,4.017,140,603
1999-03-13T00:00:00.000+10:00,3.714,140,603
1999-03-14T00:00:00.000+10:00,3.122,140,603
1999-03-15T00:00:00.000+10:00,3.288,140,603
1999-03-16T00:00:00.000+10:00,3.400,140,603
1999-03-17T00:00:00.000+10:00,5.235,140,603
1999-03-18T00:00:00.000+10:00,5.619,140,603
1999-03-19T00:00:00.000+10:00,4.423,140,603
1999-03-20T00:00:00.000+10:00,5.894,140,603
1999-03-21T00:00:00.000+10:00,7.870,140,603
1999-03-22T00:00:00.000+10:00,5.270,140,603
1999-03-23T00:00:00.000+10:00,6.189,140,603
1999-03-24T00:00:00.000+10:00,5.171,140,603
1999-03-25T00:00:00.000+10:00,4.407,140,603
1999-03-26T00:00:00.000+10:00,3.897,140,603
1999-03-27T00:00:00.000+10:00,3.422,140,603
1999-03-28T00:00:00.000+10:00,3.031,140,603
1999-03-29T00:00:00.000+10:00,2.727,140,603
1999-03-30T00:00:00.000+10:00,2.485,140,603
1999-03-31T00:00:00.000+10:00,2.287,140,603
1999-04-01T00:00:00.000+10:00,2.121,140,603
1999-04-02T00:00:00.000+10:00,9.561,140,603
1999-04-03T00:00:00.000+10:00,12.977,140,603
1999-04-04T00:00:00.000+10:00,32.978,140,603
1999-04-05T00:00:00.000+10:00,30.554,140,603
1999-04-06T00:00:00.000+10:00,19.203,140,603
1999-04-07T00:00:00.000+10:00,12.422,140,603
1999-04-08T00:00:00.000+10:00,9.428,140,603
1999-04-09T00:00:00.000+10:00,8.765,140,603
1999-04-10T00:00:00.000+10:00,19.702,140,603
1999-04-11T00:00:00.000+10:00,54.939,140,603
1999-04-12T00:00:00.000+10:00,20.407,140,603
1999-04-13T00:00:00.000+10:00,13.672,140,603
1999-04-14T00:00:00.000+10:00,10.409,140,603
1999-04-15T00:00:00.000+10:00,8.400,140,603
1999-04-16T00:00:00.000+10:00,7.154,140,603
1999-04-17T00:00:00.000+10:00,6.116,140,603
1999-04-18T00:00:00.000+10:00,5.142,140,603
1999-04-19T00:00:00.000+10:00,4.564,140,603
1999-04-20T00:00:00.000+10:00,4.141,140,603
1999-04-21T00:00:00.000+10:00,3.750,140,603
1999-04-22T00:00:00.000+10:00,3.412,140,603
1999-04-23T00:00:00.000+10:00,3.103,140,603
1999-04-24T00:00:00.000+10:00,2.881,140,603
1999-04-25T00:00:00.000+10:00,2.717,140,603
1999-04-26T00:00:00.000+10:00,2.531,140,603
1999-04-27T00:00:00.000+10:00,2.400,140,603
1999-04-28T00:00:00.000+10:00,2.245,140,603
1999-04-29T00:00:00.000+10:00,2.075,140,603
1999-04-30T00:00:00.000+10:00,1.968,140,603
1999-05-01T00:00:00.000+10:00,1.849,140,603
1999-05-02T00:00:00.000+10:00,1.770,140,603
1999-05-03T00:00:00.000+10:00,1.698,140,603
1999-05-04T00:00:00.000+10:00,1.641,140,603
1999-05-05T00:00:00.000+10:00,1.736,140,603
1999-05-06T00:00:00.000+10:00,1.775,140,603
1999-05-07T00:00:00.000+10:00,2.356,140,603
1999-05-08T00:00:00.000+10:00,2.361,140,603
1999-05-09T00:00:00.000+10:00,1.851,140,603
1999-05-10T00:00:00.000+10:00,1.804,140,603
1999-05-11T00:00:00.000+10:00,2.374,140,603
1999-05-12T00:00:00.000+10:00,5.208,140,603
1999-05-13T00:00:00.000+10:00,3.231,140,603
1999-05-14T00:00:00.000+10:00,2.486,140,603
1999-05-15T00:00:00.000+10:00,2.156,140,603
1999-05-16T00:00:00.000+10:00,1.970,140,603
1999-05-17T00:00:00.000+10:00,1.819,140,603
1999-05-18T00:00:00.000+10:00,1.701,140,603
1999-05-19T00:00:00.000+10:00,1.639,140,603
1999-05-20T00:00:00.000+10:00,1.608,140,603
1999-05-21T00:00:00.000+10:00,1.592,140,603
1999-05-22T00:00:00.000+10:00,1.852,140,603
1999-05-23T00:00:00.000+10:00,2.727,140,603
1999-05-24T00:00:00.000+10:00,4.900,140,603
1999-05-25T00:00:00.000+10:00,4.218,140,603
1999-05-26T00:00:00.000+10:00,3.287,140,603
1999-05-27T00:00:00.000+10:00,2.804,140,603
1999-05-28T00:00:00.000+10:00,2.569,140,603
1999-05-29T00:00:00.000+10:00,2.368,140,603
1999-05-30T00:00:00.000+10:00,2.204,140,603
1999-05-31T00:00:00.000+10:00,2.083,140,603
1999-06-01T00:00:00.000+10:00,1.952,140,603
1999-06-02T00:00:00.000+10:00,1.844,140,603
1999-06-03T00:00:00.000+10:00,1.781,140,603
1999-06-04T00:00:00.000+10:00,3.985,140,603
1999-06-05T00:00:00.000+10:00,4.151,140,603
1999-06-06T00:00:00.000+10:00,3.327,140,603
1999-06-07T00:00:00.000+10:00,2.977,140,603
1999-06-08T00:00:00.000+10:00,2.523,140,603
1999-06-09T00:00:00.000+10:00,2.959,140,603
1999-06-10T00:00:00.000+10:00,5.273,140,603
1999-06-11T00:00:00.000+10:00,4.206,140,603
1999-06-12T00:00:00.000+10:00,3.556,140,603
1999-06-13T00:00:00.000+10:00,3.097,140,603
1999-06-14T00:00:00.000+10:00,2.907,140,603
1999-06-15T00:00:00.000+10:00,2.622,140,603
1999-06-16T00:00:00.000+10:00,2.476,140,603
1999-06-17T00:00:00.000+10:00,2.307,140,603
1999-06-18T00:00:00.000+10:00,2.169,140,603
1999-06-19T00:00:00.000+10:00,2.099,140,603
1999-06-20T00:00:00.000+10:00,2.037,140,603
1999-06-21T00:00:00.000+10:00,1.943,140,603
1999-06-22T00:00:00.000+10:00,1.841,140,603
1999-06-23T00:00:00.000+10:00,3.015,140,603
1999-06-24T00:00:00.000+10:00,8.911,140,603
1999-06-25T00:00:00.000+10:00,8.511,140,603
1999-06-26T00:00:00.000+10:00,5.050,140,603
1999-06-27T00:00:00.000+10:00,8.655,140,603
1999-06-28T00:00:00.000+10:00,8.943,140,603
1999-06-29T00:00:00.000+10:00,10.631,140,603
1999-06-30T00:00:00.000+10:00,11.290,140,603
1999-07-01T00:00:00.000+10:00,13.121,140,603
1999-07-02T00:00:00.000+10:00,10.664,140,603
1999-07-03T00:00:00.000+10:00,7.787,140,603
1999-07-04T00:00:00.000+10:00,6.249,140,603
1999-07-05T00:00:00.000+10:00,5.626,140,603
1999-07-06T00:00:00.000+10:00,4.879,140,603
1999-07-07T00:00:00.000+10:00,4.337,140,603
1999-07-08T00:00:00.000+10:00,3.902,140,603
1999-07-09T00:00:00.000+10:00,3.951,140,603
1999-07-10T00:00:00.000+10:00,5.324,140,603
1999-07-11T00:00:00.000+10:00,5.210,140,603
1999-07-12T00:00:00.000+10:00,4.947,140,603
1999-07-13T00:00:00.000+10:00,4.696,140,603
1999-07-14T00:00:00.000+10:00,126.027,140,603
1999-07-15T00:00:00.000+10:00,138.430,140,603
1999-07-16T00:00:00.000+10:00,36.162,140,603
1999-07-17T00:00:00.000+10:00,19.361,140,603
1999-07-18T00:00:00.000+10:00,13.784,140,603
1999-07-19T00:00:00.000+10:00,10.838,140,603
1999-07-20T00:00:00.000+10:00,8.989,140,603
1999-07-21T00:00:00.000+10:00,7.683,140,603
1999-07-22T00:00:00.000+10:00,6.791,140,603
1999-07-23T00:00:00.000+10:00,6.046,140,603
1999-07-24T00:00:00.000+10:00,5.481,140,603
1999-07-25T00:00:00.000+10:00,5.771,140,603
1999-07-26T00:00:00.000+10:00,8.090,140,603
1999-07-27T00:00:00.000+10:00,6.089,140,603
1999-07-28T00:00:00.000+10:00,5.419,140,603
1999-07-29T00:00:00.000+10:00,5.202,140,603
1999-07-30T00:00:00.000+10:00,4.984,140,603
1999-07-31T00:00:00.000+10:00,4.766,140,603
1999-08-01T00:00:00.000+10:00,4.549,140,603
1999-08-02T00:00:00.000+10:00,4.331,140,603
1999-08-03T00:00:00.000+10:00,4.119,140,603
1999-08-04T00:00:00.000+10:00,3.918,140,603
1999-08-05T00:00:00.000+10:00,3.689,140,603
1999-08-06T00:00:00.000+10:00,3.465,140,603
1999-08-07T00:00:00.000+10:00,3.048,140,603
1999-08-08T00:00:00.000+10:00,2.827,140,603
1999-08-09T00:00:00.000+10:00,2.665,140,603
1999-08-10T00:00:00.000+10:00,2.549,140,603
1999-08-11T00:00:00.000+10:00,2.449,140,603
1999-08-12T00:00:00.000+10:00,2.583,140,603
1999-08-13T00:00:00.000+10:00,2.725,140,603
1999-08-14T00:00:00.000+10:00,2.733,140,603
1999-08-15T00:00:00.000+10:00,2.491,140,603
1999-08-16T00:00:00.000+10:00,2.210,140,603
1999-08-17T00:00:00.000+10:00,2.146,140,603
1999-08-18T00:00:00.000+10:00,2.124,140,603
1999-08-19T00:00:00.000+10:00,1.861,140,603
1999-08-20T00:00:00.000+10:00,1.757,140,603
1999-08-21T00:00:00.000+10:00,1.622,140,603
1999-08-22T00:00:00.000+10:00,1.589,140,603
1999-08-23T00:00:00.000+10:00,1.580,140,603
1999-08-24T00:00:00.000+10:00,1.999,140,603
1999-08-25T00:00:00.000+10:00,1.821,140,603
1999-08-26T00:00:00.000+10:00,1.628,140,603
1999-08-27T00:00:00.000+10:00,1.636,140,603
1999-08-28T00:00:00.000+10:00,2.081,140,603
1999-08-29T00:00:00.000+10:00,3.698,140,603
1999-08-30T00:00:00.000+10:00,7.342,140,603
1999-08-31T00:00:00.000+10:00,4.810,140,603
1999-09-01T00:00:00.000+10:00,3.755,140,603
1999-09-02T00:00:00.000+10:00,3.191,140,603
1999-09-03T00:00:00.000+10:00,2.709,140,603
1999-09-04T00:00:00.000+10:00,2.261,140,603
1999-09-05T00:00:00.000+10:00,2.008,140,603
1999-09-06T00:00:00.000+10:00,1.859,140,603
1999-09-07T00:00:00.000+10:00,1.702,140,603
1999-09-08T00:00:00.000+10:00,1.641,140,603
1999-09-09T00:00:00.000+10:00,1.587,140,603
1999-09-10T00:00:00.000+10:00,1.592,140,603
1999-09-11T00:00:00.000+10:00,1.664,140,603
1999-09-12T00:00:00.000+10:00,1.437,140,603
1999-09-13T00:00:00.000+10:00,1.332,140,603
1999-09-14T00:00:00.000+10:00,1.263,140,603
1999-09-15T00:00:00.000+10:00,1.221,140,603
1999-09-16T00:00:00.000+10:00,1.159,140,603
1999-09-17T00:00:00.000+10:00,1.082,140,603
1999-09-18T00:00:00.000+10:00,1.022,140,603
1999-09-19T00:00:00.000+10:00,0.947,140,603
1999-09-20T00:00:00.000+10:00,0.906,140,603
1999-09-21T00:00:00.000+10:00,0.897,140,603
1999-09-22T00:00:00.000+10:00,1.031,140,603
1999-09-23T00:00:00.000+10:00,0.987,140,603
1999-09-24T00:00:00.000+10:00,0.952,140,603
1999-09-25T00:00:00.000+10:00,0.921,140,603
1999-09-26T00:00:00.000+10:00,0.883,140,603
1999-09-27T00:00:00.000+10:00,0.991,140,603
1999-09-28T00:00:00.000+10:00,1.503,140,603
1999-09-29T00:00:00.000+10:00,2.414,140,603
1999-09-30T00:00:00.000+10:00,1.932,140,603
1999-10-01T00:00:00.000+10:00,1.637,140,603
1999-10-02T00:00:00.000+10:00,1.469,140,603
1999-10-03T00:00:00.000+10:00,1.243,140,603
1999-10-04T00:00:00.000+10:00,1.232,140,603
1999-10-05T00:00:00.000+10:00,1.432,140,603
1999-10-06T00:00:00.000+10:00,1.298,140,603
1999-10-07T00:00:00.000+10:00,1.204,140,603
1999-10-08T00:00:00.000+10:00,1.165,140,603
1999-10-09T00:00:00.000+10:00,1.061,140,603
1999-10-10T00:00:00.000+10:00,1.069,140,603
1999-10-11T00:00:00.000+10:00,1.051,140,603
1999-10-12T00:00:00.000+10:00,0.989,140,603
1999-10-13T00:00:00.000+10:00,0.955,140,603
1999-10-14T00:00:00.000+10:00,0.958,140,603
1999-10-15T00:00:00.000+10:00,1.009,140,603
1999-10-16T00:00:00.000+10:00,0.972,140,603
1999-10-17T00:00:00.000+10:00,0.886,140,603
1999-10-18T00:00:00.000+10:00,0.824,140,603
1999-10-19T00:00:00.000+10:00,0.788,140,603
1999-10-20T00:00:00.000+10:00,0.780,140,603
1999-10-21T00:00:00.000+10:00,0.745,140,603
1999-10-22T00:00:00.000+10:00,0.759,140,603
1999-10-23T00:00:00.000+10:00,0.741,140,603
1999-10-24T00:00:00.000+10:00,0.822,140,603
1999-10-25T00:00:00.000+10:00,0.744,140,603
1999-10-26T00:00:00.000+10:00,0.640,140,603
1999-10-27T00:00:00.000+10:00,0.644,140,603
1999-10-28T00:00:00.000+10:00,0.685,140,603
1999-10-29T00:00:00.000+10:00,0.658,140,603
1999-10-30T00:00:00.000+10:00,0.598,140,603
1999-10-31T00:00:00.000+10:00,0.555,140,603
1999-11-01T00:00:00.000+10:00,0.580,140,603
1999-11-02T00:00:00.000+10:00,1.176,140,603
1999-11-03T00:00:00.000+10:00,0.913,140,603
1999-11-04T00:00:00.000+10:00,0.822,140,603
1999-11-05T00:00:00.000+10:00,0.752,140,603
1999-11-06T00:00:00.000+10:00,0.712,140,603
1999-11-07T00:00:00.000+10:00,0.712,140,603
1999-11-08T00:00:00.000+10:00,0.799,140,603
1999-11-09T00:00:00.000+10:00,1.583,140,603
1999-11-10T00:00:00.000+10:00,1.171,140,603
1999-11-11T00:00:00.000+10:00,0.911,140,603
1999-11-12T00:00:00.000+10:00,0.883,140,603
1999-11-13T00:00:00.000+10:00,0.834,140,603
1999-11-14T00:00:00.000+10:00,0.719,140,603
1999-11-15T00:00:00.000+10:00,0.624,140,603
1999-11-16T00:00:00.000+10:00,0.651,140,603
1999-11-17T00:00:00.000+10:00,0.934,140,603
1999-11-18T00:00:00.000+10:00,0.880,140,603
1999-11-19T00:00:00.000+10:00,0.742,140,603
1999-11-20T00:00:00.000+10:00,0.677,140,603
1999-11-21T00:00:00.000+10:00,0.637,140,603
1999-11-22T00:00:00.000+10:00,0.643,140,603
1999-11-23T00:00:00.000+10:00,0.609,140,603
1999-11-24T00:00:00.000+10:00,0.587,140,603
1999-11-25T00:00:00.000+10:00,0.887,140,603
1999-11-26T00:00:00.000+10:00,0.782,140,603
1999-11-27T00:00:00.000+10:00,0.948,140,603
1999-11-28T00:00:00.000+10:00,1.958,140,603
1999-11-29T00:00:00.000+10:00,1.916,140,603
1999-11-30T00:00:00.000+10:00,1.492,140,603
1999-12-01T00:00:00.000+10:00,1.201,140,603
1999-12-02T00:00:00.000+10:00,1.050,140,603
1999-12-03T00:00:00.000+10:00,0.903,140,603
1999-12-04T00:00:00.000+10:00,0.784,140,603
1999-12-05T00:00:00.000+10:00,0.711,140,603
1999-12-06T00:00:00.000+10:00,0.656,140,603
1999-12-07T00:00:00.000+10:00,0.593,140,603
1999-12-08T00:00:00.000+10:00,0.574,140,603
1999-12-09T00:00:00.000+10:00,0.596,140,603
1999-12-10T00:00:00.000+10:00,0.589,140,603
1999-12-11T00:00:00.000+10:00,0.758,140,603
1999-12-12T00:00:00.000+10:00,0.871,140,603
1999-12-13T00:00:00.000+10:00,0.696,140,603
1999-12-14T00:00:00.000+10:00,0.591,140,603
1999-12-15T00:00:00.000+10:00,0.559,140,603
1999-12-16T00:00:00.000+10:00,0.503,140,603
1999-12-17T00:00:00.000+10:00,0.462,140,603
1999-12-18T00:00:00.000+10:00,0.904,140,603
1999-12-19T00:00:00.000+10:00,1.586,140,603
1999-12-20T00:00:00.000+10:00,1.176,140,603
1999-12-21T00:00:00.000+10:00,1.071,140,603
1999-12-22T00:00:00.000+10:00,0.964,140,603
1999-12-23T00:00:00.000+10:00,0.905,140,603
1999-12-24T00:00:00.000+10:00,0.834,140,603
1999-12-25T00:00:00.000+10:00,0.884,140,603
1999-12-26T00:00:00.000+10:00,0.819,140,603
1999-12-27T00:00:00.000+10:00,0.736,140,603
1999-12-28T00:00:00.000+10:00,0.731,140,603
1999-12-29T00:00:00.000+10:00,0.775,140,603
1999-12-30T00:00:00.000+10:00,1.268,140,603
1999-12-31T00:00:00.000+10:00,1.286,140,603
2000-01-01T00:00:00.000+10:00,1.858,140,603
2000-01-02T00:00:00.000+10:00,1.457,140,603
2000-01-03T00:00:00.000+10:00,1.151,140,603
2000-01-04T00:00:00.000+10:00,1.029,140,603
2000-01-05T00:00:00.000+10:00,0.943,140,603
2000-01-06T00:00:00.000+10:00,0.861,140,603
2000-01-07T00:00:00.000+10:00,0.853,140,603
2000-01-08T00:00:00.000+10:00,0.777,140,603
2000-01-09T00:00:00.000+10:00,0.712,140,603
2000-01-10T00:00:00.000+10:00,0.663,140,603
2000-01-11T00:00:00.000+10:00,0.628,140,603
2000-01-12T00:00:00.000+10:00,0.731,140,603
2000-01-13T00:00:00.000+10:00,5.361,140,603
2000-01-14T00:00:00.000+10:00,14.667,140,603
2000-01-15T00:00:00.000+10:00,15.573,140,603
2000-01-16T00:00:00.000+10:00,7.606,140,603
2000-01-17T00:00:00.000+10:00,5.528,140,603
2000-01-18T00:00:00.000+10:00,4.545,140,603
2000-01-19T00:00:00.000+10:00,3.623,140,603
2000-01-20T00:00:00.000+10:00,2.932,140,603
2000-01-21T00:00:00.000+10:00,2.482,140,603
2000-01-22T00:00:00.000+10:00,2.099,140,603
2000-01-23T00:00:00.000+10:00,1.820,140,603
2000-01-24T00:00:00.000+10:00,1.649,140,603
2000-01-25T00:00:00.000+10:00,1.540,140,603
2000-01-26T00:00:00.000+10:00,1.415,140,603
2000-01-27T00:00:00.000+10:00,1.295,140,603
2000-01-28T00:00:00.000+10:00,1.267,140,603
2000-01-29T00:00:00.000+10:00,1.218,140,603
2000-01-30T00:00:00.000+10:00,1.180,140,603
2000-01-31T00:00:00.000+10:00,1.217,140,603
2000-02-01T00:00:00.000+10:00,1.268,140,603
2000-02-02T00:00:00.000+10:00,1.382,140,603
2000-02-03T00:00:00.000+10:00,1.177,140,603
2000-02-04T00:00:00.000+10:00,1.065,140,603
2000-02-05T00:00:00.000+10:00,0.991,140,603
2000-02-06T00:00:00.000+10:00,0.897,140,603
2000-02-07T00:00:00.000+10:00,0.817,140,603
2000-02-08T00:00:00.000+10:00,0.774,140,603
2000-02-09T00:00:00.000+10:00,0.737,140,603
2000-02-10T00:00:00.000+10:00,0.712,140,603
2000-02-11T00:00:00.000+10:00,0.659,140,603
2000-02-12T00:00:00.000+10:00,0.618,140,603
2000-02-13T00:00:00.000+10:00,2.188,140,603
2000-02-14T00:00:00.000+10:00,3.678,140,603
2000-02-15T00:00:00.000+10:00,2.481,140,603
2000-02-16T00:00:00.000+10:00,1.937,140,603
2000-02-17T00:00:00.000+10:00,1.464,140,603
2000-02-18T00:00:00.000+10:00,1.265,140,603
2000-02-19T00:00:00.000+10:00,1.143,140,603
2000-02-20T00:00:00.000+10:00,1.039,140,603
2000-02-21T00:00:00.000+10:00,0.940,140,603
2000-02-22T00:00:00.000+10:00,0.917,140,603
2000-02-23T00:00:00.000+10:00,0.997,140,603
2000-02-24T00:00:00.000+10:00,1.079,140,603
2000-02-25T00:00:00.000+10:00,0.963,140,603
2000-02-26T00:00:00.000+10:00,0.870,140,603
2000-02-27T00:00:00.000+10:00,0.798,140,603
2000-02-28T00:00:00.000+10:00,0.726,140,603
2000-02-29T00:00:00.000+10:00,0.693,140,603
2000-03-01T00:00:00.000+10:00,0.681,140,603
2000-03-02T00:00:00.000+10:00,0.683,140,603
2000-03-03T00:00:00.000+10:00,0.728,140,603
2000-03-04T00:00:00.000+10:00,0.656,140,603
2000-03-05T00:00:00.000+10:00,0.619,140,603
2000-03-06T00:00:00.000+10:00,0.590,140,603
2000-03-07T00:00:00.000+10:00,0.632,140,603
2000-03-08T00:00:00.000+10:00,0.686,140,603
2000-03-09T00:00:00.000+10:00,1.435,140,603
2000-03-10T00:00:00.000+10:00,6.141,140,603
2000-03-11T00:00:00.000+10:00,3.641,140,603
2000-03-12T00:00:00.000+10:00,2.744,140,603
2000-03-13T00:00:00.000+10:00,2.220,140,603
2000-03-14T00:00:00.000+10:00,2.194,140,603
2000-03-15T00:00:00.000+10:00,1.798,140,603
2000-03-16T00:00:00.000+10:00,1.641,140,603
2000-03-17T00:00:00.000+10:00,1.448,140,603
2000-03-18T00:00:00.000+10:00,1.301,140,603
2000-03-19T00:00:00.000+10:00,1.188,140,603
2000-03-20T00:00:00.000+10:00,1.078,140,603
2000-03-21T00:00:00.000+10:00,1.272,140,603
2000-03-22T00:00:00.000+10:00,5.015,140,603
2000-03-23T00:00:00.000+10:00,3.610,140,603
2000-03-24T00:00:00.000+10:00,7.079,140,603
2000-03-25T00:00:00.000+10:00,6.324,140,603
2000-03-26T00:00:00.000+10:00,4.548,140,603
2000-03-27T00:00:00.000+10:00,3.815,140,603
2000-03-28T00:00:00.000+10:00,3.183,140,603
2000-03-29T00:00:00.000+10:00,2.704,140,603
2000-03-30T00:00:00.000+10:00,2.406,140,603
2000-03-31T00:00:00.000+10:00,2.108,140,603
2000-04-01T00:00:00.000+10:00,1.856,140,603
2000-04-02T00:00:00.000+10:00,1.660,140,603
2000-04-03T00:00:00.000+10:00,1.508,140,603
2000-04-04T00:00:00.000+10:00,1.419,140,603
2000-04-05T00:00:00.000+10:00,1.352,140,603
2000-04-06T00:00:00.000+10:00,3.406,140,603
2000-04-07T00:00:00.000+10:00,9.411,140,603
2000-04-08T00:00:00.000+10:00,4.853,140,603
2000-04-09T00:00:00.000+10:00,4.269,140,603
2000-04-10T00:00:00.000+10:00,3.755,140,603
2000-04-11T00:00:00.000+10:00,3.366,140,603
2000-04-12T00:00:00.000+10:00,2.967,140,603
2000-04-13T00:00:00.000+10:00,2.549,140,603
2000-04-14T00:00:00.000+10:00,2.508,140,603
2000-04-15T00:00:00.000+10:00,2.159,140,603
2000-04-16T00:00:00.000+10:00,2.000,140,603
2000-04-17T00:00:00.000+10:00,2.070,140,603
2000-04-18T00:00:00.000+10:00,1.847,140,603
2000-04-19T00:00:00.000+10:00,1.710,140,603
2000-04-20T00:00:00.000+10:00,1.517,140,603
2000-04-21T00:00:00.000+10:00,1.431,140,603
2000-04-22T00:00:00.000+10:00,1.347,140,603
2000-04-23T00:00:00.000+10:00,1.260,140,603
2000-04-24T00:00:00.000+10:00,1.204,140,603
2000-04-25T00:00:00.000+10:00,1.140,140,603
2000-04-26T00:00:00.000+10:00,1.190,140,603
2000-04-27T00:00:00.000+10:00,1.700,140,603
2000-04-28T00:00:00.000+10:00,2.262,140,603
2000-04-29T00:00:00.000+10:00,3.166,140,603
2000-04-30T00:00:00.000+10:00,2.666,140,603
2000-05-01T00:00:00.000+10:00,3.331,140,603
2000-05-02T00:00:00.000+10:00,31.820,140,603
2000-05-03T00:00:00.000+10:00,19.419,140,603
2000-05-04T00:00:00.000+10:00,10.869,140,603
2000-05-05T00:00:00.000+10:00,7.826,140,603
2000-05-06T00:00:00.000+10:00,6.289,140,603
2000-05-07T00:00:00.000+10:00,5.170,140,603
2000-05-08T00:00:00.000+10:00,4.384,140,603
2000-05-09T00:00:00.000+10:00,4.004,140,603
2000-05-10T00:00:00.000+10:00,3.492,140,603
2000-05-11T00:00:00.000+10:00,3.142,140,603
2000-05-12T00:00:00.000+10:00,2.873,140,603
2000-05-13T00:00:00.000+10:00,2.617,140,603
2000-05-14T00:00:00.000+10:00,2.385,140,603
2000-05-15T00:00:00.000+10:00,2.192,140,603
2000-05-16T00:00:00.000+10:00,1.999,140,603
2000-05-17T00:00:00.000+10:00,1.892,140,603
2000-05-18T00:00:00.000+10:00,1.787,140,603
2000-05-19T00:00:00.000+10:00,1.744,140,603
2000-05-20T00:00:00.000+10:00,1.677,140,603
2000-05-21T00:00:00.000+10:00,1.605,140,603
2000-05-22T00:00:00.000+10:00,1.735,140,603
2000-05-23T00:00:00.000+10:00,1.578,140,603
2000-05-24T00:00:00.000+10:00,1.503,140,603
2000-05-25T00:00:00.000+10:00,1.540,140,603
2000-05-26T00:00:00.000+10:00,1.566,140,603
2000-05-27T00:00:00.000+10:00,1.555,140,603
2000-05-28T00:00:00.000+10:00,1.450,140,603
2000-05-29T00:00:00.000+10:00,1.319,140,603
2000-05-30T00:00:00.000+10:00,1.270,140,603
2000-05-31T00:00:00.000+10:00,1.200,140,603
2000-06-01T00:00:00.000+10:00,1.047,140,603
2000-06-02T00:00:00.000+10:00,0.970,140,603
2000-06-03T00:00:00.000+10:00,0.914,140,603
2000-06-04T00:00:00.000+10:00,0.884,140,603
2000-06-05T00:00:00.000+10:00,0.859,140,603
2000-06-06T00:00:00.000+10:00,0.828,140,603
2000-06-07T00:00:00.000+10:00,0.790,140,603
2000-06-08T00:00:00.000+10:00,0.772,140,603
2000-06-09T00:00:00.000+10:00,0.746,140,603
2000-06-10T00:00:00.000+10:00,0.731,140,603
2000-06-11T00:00:00.000+10:00,1.104,140,603
2000-06-12T00:00:00.000+10:00,3.312,140,603
2000-06-13T00:00:00.000+10:00,2.238,140,603
2000-06-14T00:00:00.000+10:00,1.811,140,603
2000-06-15T00:00:00.000+10:00,1.459,140,603
2000-06-16T00:00:00.000+10:00,1.467,140,603
2000-06-17T00:00:00.000+10:00,1.329,140,603
2000-06-18T00:00:00.000+10:00,1.263,140,603
2000-06-19T00:00:00.000+10:00,1.114,140,603
2000-06-20T00:00:00.000+10:00,0.906,140,603
2000-06-21T00:00:00.000+10:00,0.838,140,603
2000-06-22T00:00:00.000+10:00,0.795,140,603
2000-06-23T00:00:00.000+10:00,0.756,140,603
2000-06-24T00:00:00.000+10:00,0.714,140,603
2000-06-25T00:00:00.000+10:00,0.807,140,603
2000-06-26T00:00:00.000+10:00,0.795,140,603
2000-06-27T00:00:00.000+10:00,0.609,140,603
2000-06-28T00:00:00.000+10:00,0.587,140,603
2000-06-29T00:00:00.000+10:00,0.557,140,603
2000-06-30T00:00:00.000+10:00,0.531,140,603
2000-07-01T00:00:00.000+10:00,0.513,140,603
2000-07-02T00:00:00.000+10:00,0.561,140,603
2000-07-03T00:00:00.000+10:00,0.623,140,603
2000-07-04T00:00:00.000+10:00,0.674,140,603
2000-07-05T00:00:00.000+10:00,0.638,140,603
2000-07-06T00:00:00.000+10:00,0.598,140,603
2000-07-07T00:00:00.000+10:00,0.599,140,603
2000-07-08T00:00:00.000+10:00,0.596,140,603
2000-07-09T00:00:00.000+10:00,0.588,140,603
2000-07-10T00:00:00.000+10:00,0.601,140,603
2000-07-11T00:00:00.000+10:00,0.631,140,603
2000-07-12T00:00:00.000+10:00,0.579,140,603
2000-07-13T00:00:00.000+10:00,0.534,140,603
2000-07-14T00:00:00.000+10:00,0.519,140,603
2000-07-15T00:00:00.000+10:00,0.472,140,603
2000-07-16T00:00:00.000+10:00,0.464,140,603
2000-07-17T00:00:00.000+10:00,0.427,140,603
2000-07-18T00:00:00.000+10:00,0.407,140,603
2000-07-19T00:00:00.000+10:00,0.398,140,603
2000-07-20T00:00:00.000+10:00,0.437,140,603
2000-07-21T00:00:00.000+10:00,0.428,140,603
2000-07-22T00:00:00.000+10:00,0.421,140,603
2000-07-23T00:00:00.000+10:00,0.404,140,603
2000-07-24T00:00:00.000+10:00,0.396,140,603
2000-07-25T00:00:00.000+10:00,0.385,140,603
2000-07-26T00:00:00.000+10:00,0.372,140,603
2000-07-27T00:00:00.000+10:00,0.362,140,603
2000-07-28T00:00:00.000+10:00,0.343,140,603
2000-07-29T00:00:00.000+10:00,0.336,140,603
2000-07-30T00:00:00.000+10:00,0.326,140,603
2000-07-31T00:00:00.000+10:00,0.316,140,603
2000-08-01T00:00:00.000+10:00,0.323,140,603
2000-08-02T00:00:00.000+10:00,0.343,140,603
2000-08-03T00:00:00.000+10:00,0.343,140,603
2000-08-04T00:00:00.000+10:00,0.380,140,603
2000-08-05T00:00:00.000+10:00,0.492,140,603
2000-08-06T00:00:00.000+10:00,0.500,140,603
2000-08-07T00:00:00.000+10:00,0.542,140,603
2000-08-08T00:00:00.000+10:00,0.650,140,603
2000-08-09T00:00:00.000+10:00,0.552,140,603
2000-08-10T00:00:00.000+10:00,0.499,140,603
2000-08-11T00:00:00.000+10:00,0.441,140,603
2000-08-12T00:00:00.000+10:00,0.417,140,603
2000-08-13T00:00:00.000+10:00,0.434,140,603
2000-08-14T00:00:00.000+10:00,0.468,140,603
2000-08-15T00:00:00.000+10:00,0.400,140,603
2000-08-16T00:00:00.000+10:00,0.414,140,603
2000-08-17T00:00:00.000+10:00,0.401,140,603
2000-08-18T00:00:00.000+10:00,0.360,140,603
2000-08-19T00:00:00.000+10:00,0.340,140,603
2000-08-20T00:00:00.000+10:00,0.327,140,603
2000-08-21T00:00:00.000+10:00,0.401,140,603
2000-08-22T00:00:00.000+10:00,0.398,140,603
2000-08-23T00:00:00.000+10:00,0.368,140,603
2000-08-24T00:00:00.000+10:00,0.346,140,603
2000-08-25T00:00:00.000+10:00,0.341,140,603
2000-08-26T00:00:00.000+10:00,0.344,140,603
2000-08-27T00:00:00.000+10:00,0.328,140,603
2000-08-28T00:00:00.000+10:00,0.329,140,603
2000-08-29T00:00:00.000+10:00,0.308,140,603
2000-08-30T00:00:00.000+10:00,0.276,140,603
2000-08-31T00:00:00.000+10:00,0.292,140,603
2000-09-01T00:00:00.000+10:00,0.354,140,603
2000-09-02T00:00:00.000+10:00,0.358,140,603
2000-09-03T00:00:00.000+10:00,0.349,140,603
2000-09-04T00:00:00.000+10:00,0.327,140,603
2000-09-05T00:00:00.000+10:00,0.277,140,603
2000-09-06T00:00:00.000+10:00,0.342,140,603
2000-09-07T00:00:00.000+10:00,0.384,140,603
2000-09-08T00:00:00.000+10:00,0.315,140,603
2000-09-09T00:00:00.000+10:00,0.307,140,603
2000-09-10T00:00:00.000+10:00,0.304,140,603
2000-09-11T00:00:00.000+10:00,0.310,140,603
2000-09-12T00:00:00.000+10:00,0.304,140,603
2000-09-13T00:00:00.000+10:00,0.297,140,603
2000-09-14T00:00:00.000+10:00,0.281,140,603
2000-09-15T00:00:00.000+10:00,0.253,140,603
2000-09-16T00:00:00.000+10:00,0.251,140,603
2000-09-17T00:00:00.000+10:00,0.247,140,603
2000-09-18T00:00:00.000+10:00,0.243,140,603
2000-09-19T00:00:00.000+10:00,0.232,140,603
2000-09-20T00:00:00.000+10:00,0.216,140,603
2000-09-21T00:00:00.000+10:00,0.217,140,603
2000-09-22T00:00:00.000+10:00,0.218,140,603
2000-09-23T00:00:00.000+10:00,0.212,140,603
2000-09-24T00:00:00.000+10:00,0.202,140,603
2000-09-25T00:00:00.000+10:00,0.206,140,603
2000-09-26T00:00:00.000+10:00,0.221,140,603
2000-09-27T00:00:00.000+10:00,0.260,140,603
2000-09-28T00:00:00.000+10:00,0.253,140,603
2000-09-29T00:00:00.000+10:00,0.248,140,603
2000-09-30T00:00:00.000+10:00,0.243,140,603
2000-10-01T00:00:00.000+10:00,0.238,140,603
2000-10-02T00:00:00.000+10:00,0.232,140,603
2000-10-03T00:00:00.000+10:00,0.232,140,603
2000-10-04T00:00:00.000+10:00,0.211,140,603
2000-10-05T00:00:00.000+10:00,0.174,140,603
2000-10-06T00:00:00.000+10:00,0.168,140,603
2000-10-07T00:00:00.000+10:00,0.181,140,603
2000-10-08T00:00:00.000+10:00,0.177,140,603
2000-10-09T00:00:00.000+10:00,0.167,140,603
2000-10-10T00:00:00.000+10:00,0.173,140,603
2000-10-11T00:00:00.000+10:00,0.172,140,603
2000-10-12T00:00:00.000+10:00,0.186,140,603
2000-10-13T00:00:00.000+10:00,0.167,140,603
2000-10-14T00:00:00.000+10:00,0.182,140,603
2000-10-15T00:00:00.000+10:00,0.184,140,603
2000-10-16T00:00:00.000+10:00,0.173,140,603
2000-10-17T00:00:00.000+10:00,0.185,140,603
2000-10-18T00:00:00.000+10:00,0.194,140,603
2000-10-19T00:00:00.000+10:00,0.190,140,603
2000-10-20T00:00:00.000+10:00,0.180,140,603
2000-10-21T00:00:00.000+10:00,0.190,140,603
2000-10-22T00:00:00.000+10:00,0.190,140,603
2000-10-23T00:00:00.000+10:00,0.188,140,603
2000-10-24T00:00:00.000+10:00,0.180,140,603
2000-10-25T00:00:00.000+10:00,0.199,140,603
2000-10-26T00:00:00.000+10:00,0.264,140,603
2000-10-27T00:00:00.000+10:00,0.242,140,603
2000-10-28T00:00:00.000+10:00,0.181,140,603
2000-10-29T00:00:00.000+10:00,0.164,140,603
2000-10-30T00:00:00.000+10:00,0.208,140,603
2000-10-31T00:00:00.000+10:00,0.261,140,603
2000-11-01T00:00:00.000+10:00,0.714,140,603
2000-11-02T00:00:00.000+10:00,0.289,140,603
2000-11-03T00:00:00.000+10:00,0.189,140,603
2000-11-04T00:00:00.000+10:00,0.232,140,603
2000-11-05T00:00:00.000+10:00,0.310,140,603
2000-11-06T00:00:00.000+10:00,1.523,140,603
2000-11-07T00:00:00.000+10:00,1.156,140,603
2000-11-08T00:00:00.000+10:00,0.718,140,603
2000-11-09T00:00:00.000+10:00,0.593,140,603
2000-11-10T00:00:00.000+10:00,0.357,140,603
2000-11-11T00:00:00.000+10:00,0.301,140,603
2000-11-12T00:00:00.000+10:00,0.295,140,603
2000-11-13T00:00:00.000+10:00,0.426,140,603
2000-11-14T00:00:00.000+10:00,5.451,140,603
2000-11-15T00:00:00.000+10:00,22.458,140,603
2000-11-16T00:00:00.000+10:00,15.404,140,603
2000-11-17T00:00:00.000+10:00,9.392,140,603
2000-11-18T00:00:00.000+10:00,5.641,140,603
2000-11-19T00:00:00.000+10:00,4.169,140,603
2000-11-20T00:00:00.000+10:00,3.912,140,603
2000-11-21T00:00:00.000+10:00,3.754,140,603
2000-11-22T00:00:00.000+10:00,3.388,140,603
2000-11-23T00:00:00.000+10:00,2.911,140,603
2000-11-24T00:00:00.000+10:00,2.334,140,603
2000-11-25T00:00:00.000+10:00,1.998,140,603
2000-11-26T00:00:00.000+10:00,1.751,140,603
2000-11-27T00:00:00.000+10:00,1.374,140,603
2000-11-28T00:00:00.000+10:00,1.183,140,603
2000-11-29T00:00:00.000+10:00,1.011,140,603
2000-11-30T00:00:00.000+10:00,0.860,140,603
2000-12-01T00:00:00.000+10:00,0.911,140,603
2000-12-02T00:00:00.000+10:00,0.826,140,603
2000-12-03T00:00:00.000+10:00,0.767,140,603
2000-12-04T00:00:00.000+10:00,0.716,140,603
2000-12-05T00:00:00.000+10:00,0.921,140,603
2000-12-06T00:00:00.000+10:00,0.825,140,603
2000-12-07T00:00:00.000+10:00,0.768,140,603
2000-12-08T00:00:00.000+10:00,0.792,140,603
2000-12-09T00:00:00.000+10:00,0.702,140,603
2000-12-10T00:00:00.000+10:00,0.667,140,603
2000-12-11T00:00:00.000+10:00,0.655,140,603
2000-12-12T00:00:00.000+10:00,0.587,140,603
2000-12-13T00:00:00.000+10:00,0.539,140,603
2000-12-14T00:00:00.000+10:00,0.508,140,603
2000-12-15T00:00:00.000+10:00,0.670,140,603
2000-12-16T00:00:00.000+10:00,1.186,140,603
2000-12-17T00:00:00.000+10:00,0.890,140,603
2000-12-18T00:00:00.000+10:00,0.790,140,603
2000-12-19T00:00:00.000+10:00,0.690,140,603
2000-12-20T00:00:00.000+10:00,0.631,140,603
2000-12-21T00:00:00.000+10:00,0.641,140,603
2000-12-22T00:00:00.000+10:00,0.626,140,603
2000-12-23T00:00:00.000+10:00,0.574,140,603
2000-12-24T00:00:00.000+10:00,0.491,140,603
2000-12-25T00:00:00.000+10:00,0.525,140,603
2000-12-26T00:00:00.000+10:00,0.495,140,603
2000-12-27T00:00:00.000+10:00,0.323,140,603
2000-12-28T00:00:00.000+10:00,0.327,140,603
2000-12-29T00:00:00.000+10:00,0.452,140,603
2000-12-30T00:00:00.000+10:00,1.337,140,603
2000-12-31T00:00:00.000+10:00,0.824,140,603
2001-01-01T00:00:00.000+10:00,0.902,140,603
2001-01-02T00:00:00.000+10:00,0.798,140,603
2001-01-03T00:00:00.000+10:00,0.729,140,603
2001-01-04T00:00:00.000+10:00,0.632,140,603
2001-01-05T00:00:00.000+10:00,0.576,140,603
2001-01-06T00:00:00.000+10:00,0.529,140,603
2001-01-07T00:00:00.000+10:00,0.484,140,603
2001-01-08T00:00:00.000+10:00,0.450,140,603
2001-01-09T00:00:00.000+10:00,0.410,140,603
2001-01-10T00:00:00.000+10:00,0.391,140,603
2001-01-11T00:00:00.000+10:00,0.363,140,603
2001-01-12T00:00:00.000+10:00,0.349,140,603
2001-01-13T00:00:00.000+10:00,0.320,140,603
2001-01-14T00:00:00.000+10:00,0.303,140,603
2001-01-15T00:00:00.000+10:00,0.305,140,603
2001-01-16T00:00:00.000+10:00,0.294,140,603
2001-01-17T00:00:00.000+10:00,0.326,140,603
2001-01-18T00:00:00.000+10:00,0.350,140,603
2001-01-19T00:00:00.000+10:00,0.752,140,603
2001-01-20T00:00:00.000+10:00,0.952,140,603
2001-01-21T00:00:00.000+10:00,0.550,140,603
2001-01-22T00:00:00.000+10:00,0.424,140,603
2001-01-23T00:00:00.000+10:00,0.422,140,603
2001-01-24T00:00:00.000+10:00,0.387,140,603
2001-01-25T00:00:00.000+10:00,0.357,140,603
2001-01-26T00:00:00.000+10:00,0.339,140,603
2001-01-27T00:00:00.000+10:00,0.346,140,603
2001-01-28T00:00:00.000+10:00,0.377,140,603
2001-01-29T00:00:00.000+10:00,0.394,140,603
2001-01-30T00:00:00.000+10:00,0.468,140,603
2001-01-31T00:00:00.000+10:00,11.271,140,603
2001-02-01T00:00:00.000+10:00,102.365,140,603
2001-02-02T00:00:00.000+10:00,88.057,140,603
2001-02-03T00:00:00.000+10:00,39.673,140,603
2001-02-04T00:00:00.000+10:00,23.087,140,603
2001-02-05T00:00:00.000+10:00,13.544,140,603
2001-02-06T00:00:00.000+10:00,9.445,140,603
2001-02-07T00:00:00.000+10:00,7.765,140,603
2001-02-08T00:00:00.000+10:00,6.636,140,603
2001-02-09T00:00:00.000+10:00,5.561,140,603
2001-02-10T00:00:00.000+10:00,4.630,140,603
2001-02-11T00:00:00.000+10:00,3.849,140,603
2001-02-12T00:00:00.000+10:00,3.352,140,603
2001-02-13T00:00:00.000+10:00,2.897,140,603
2001-02-14T00:00:00.000+10:00,2.494,140,603
2001-02-15T00:00:00.000+10:00,2.199,140,603
2001-02-16T00:00:00.000+10:00,3.621,140,603
2001-02-17T00:00:00.000+10:00,2.849,140,603
2001-02-18T00:00:00.000+10:00,2.809,140,603
2001-02-19T00:00:00.000+10:00,2.485,140,603
2001-02-20T00:00:00.000+10:00,3.526,140,603
2001-02-21T00:00:00.000+10:00,5.617,140,603
2001-02-22T00:00:00.000+10:00,3.874,140,603
2001-02-23T00:00:00.000+10:00,3.017,140,603
2001-02-24T00:00:00.000+10:00,2.362,140,603
2001-02-25T00:00:00.000+10:00,2.038,140,603
2001-02-26T00:00:00.000+10:00,1.803,140,603
2001-02-27T00:00:00.000+10:00,1.637,140,603
2001-02-28T00:00:00.000+10:00,1.474,140,603
2001-03-01T00:00:00.000+10:00,1.377,140,603
2001-03-02T00:00:00.000+10:00,2.376,140,603
2001-03-03T00:00:00.000+10:00,1.790,140,603
2001-03-04T00:00:00.000+10:00,1.742,140,603
2001-03-05T00:00:00.000+10:00,1.781,140,603
2001-03-06T00:00:00.000+10:00,26.857,140,603
2001-03-07T00:00:00.000+10:00,34.299,140,603
2001-03-08T00:00:00.000+10:00,170.439,140,603
2001-03-09T00:00:00.000+10:00,188.493,140,603
2001-03-10T00:00:00.000+10:00,158.011,140,603
2001-03-11T00:00:00.000+10:00,69.135,140,603
2001-03-12T00:00:00.000+10:00,30.467,140,603
2001-03-13T00:00:00.000+10:00,18.683,140,603
2001-03-14T00:00:00.000+10:00,13.992,140,603
2001-03-15T00:00:00.000+10:00,10.695,140,603
2001-03-16T00:00:00.000+10:00,8.729,140,603
2001-03-17T00:00:00.000+10:00,7.326,140,603
2001-03-18T00:00:00.000+10:00,6.260,140,603
2001-03-19T00:00:00.000+10:00,5.437,140,603
2001-03-20T00:00:00.000+10:00,4.751,140,603
2001-03-21T00:00:00.000+10:00,4.162,140,603
2001-03-22T00:00:00.000+10:00,3.954,140,603
2001-03-23T00:00:00.000+10:00,3.174,140,603
2001-03-24T00:00:00.000+10:00,2.713,140,603
2001-03-25T00:00:00.000+10:00,2.563,140,603
2001-03-26T00:00:00.000+10:00,8.269,140,603
2001-03-27T00:00:00.000+10:00,7.870,140,603
2001-03-28T00:00:00.000+10:00,4.986,140,603
2001-03-29T00:00:00.000+10:00,3.916,140,603
2001-03-30T00:00:00.000+10:00,3.631,140,603
2001-03-31T00:00:00.000+10:00,5.207,140,603
2001-04-01T00:00:00.000+10:00,4.073,140,603
2001-04-02T00:00:00.000+10:00,3.654,140,603
2001-04-03T00:00:00.000+10:00,4.111,140,603
2001-04-04T00:00:00.000+10:00,4.466,140,603
2001-04-05T00:00:00.000+10:00,3.767,140,603
2001-04-06T00:00:00.000+10:00,3.443,140,603
2001-04-07T00:00:00.000+10:00,3.199,140,603
2001-04-08T00:00:00.000+10:00,3.550,140,603
2001-04-09T00:00:00.000+10:00,3.497,140,603
2001-04-10T00:00:00.000+10:00,3.124,140,603
2001-04-11T00:00:00.000+10:00,2.839,140,603
2001-04-12T00:00:00.000+10:00,2.520,140,603
2001-04-13T00:00:00.000+10:00,2.202,140,603
2001-04-14T00:00:00.000+10:00,2.087,140,603
2001-04-15T00:00:00.000+10:00,1.953,140,603
2001-04-16T00:00:00.000+10:00,1.869,140,603
2001-04-17T00:00:00.000+10:00,1.712,140,603
2001-04-18T00:00:00.000+10:00,1.573,140,603
2001-04-19T00:00:00.000+10:00,1.497,140,603
2001-04-20T00:00:00.000+10:00,1.288,140,603
2001-04-21T00:00:00.000+10:00,1.246,140,603
2001-04-22T00:00:00.000+10:00,1.353,140,603
2001-04-23T00:00:00.000+10:00,1.314,140,603
2001-04-24T00:00:00.000+10:00,1.310,140,603
2001-04-25T00:00:00.000+10:00,1.165,140,603
2001-04-26T00:00:00.000+10:00,1.176,140,603
2001-04-27T00:00:00.000+10:00,1.237,140,603
2001-04-28T00:00:00.000+10:00,1.918,140,603
2001-04-29T00:00:00.000+10:00,5.720,140,603
2001-04-30T00:00:00.000+10:00,2.873,140,603
2001-05-01T00:00:00.000+10:00,2.114,140,603
2001-05-02T00:00:00.000+10:00,1.692,140,603
2001-05-03T00:00:00.000+10:00,1.381,140,603
2001-05-04T00:00:00.000+10:00,1.302,140,603
2001-05-05T00:00:00.000+10:00,1.251,140,603
2001-05-06T00:00:00.000+10:00,1.194,140,603
2001-05-07T00:00:00.000+10:00,1.241,140,603
2001-05-08T00:00:00.000+10:00,2.977,140,603
2001-05-09T00:00:00.000+10:00,2.130,140,603
2001-05-10T00:00:00.000+10:00,1.626,140,603
2001-05-11T00:00:00.000+10:00,1.329,140,603
2001-05-12T00:00:00.000+10:00,1.225,140,603
2001-05-13T00:00:00.000+10:00,1.157,140,603
2001-05-14T00:00:00.000+10:00,1.098,140,603
2001-05-15T00:00:00.000+10:00,1.034,140,603
2001-05-16T00:00:00.000+10:00,1.003,140,603
2001-05-17T00:00:00.000+10:00,0.959,140,603
2001-05-18T00:00:00.000+10:00,0.915,140,603
2001-05-19T00:00:00.000+10:00,0.892,140,603
2001-05-20T00:00:00.000+10:00,1.681,140,603
2001-05-21T00:00:00.000+10:00,9.023,140,603
2001-05-22T00:00:00.000+10:00,4.590,140,603
2001-05-23T00:00:00.000+10:00,3.358,140,603
2001-05-24T00:00:00.000+10:00,2.582,140,603
2001-05-25T00:00:00.000+10:00,1.971,140,603
2001-05-26T00:00:00.000+10:00,1.739,140,603
2001-05-27T00:00:00.000+10:00,1.540,140,603
2001-05-28T00:00:00.000+10:00,1.529,140,603
2001-05-29T00:00:00.000+10:00,1.599,140,603
2001-05-30T00:00:00.000+10:00,1.538,140,603
2001-05-31T00:00:00.000+10:00,1.461,140,603
2001-06-01T00:00:00.000+10:00,1.313,140,603
2001-06-02T00:00:00.000+10:00,1.150,140,603
2001-06-03T00:00:00.000+10:00,1.117,140,603
2001-06-04T00:00:00.000+10:00,1.095,140,603
2001-06-05T00:00:00.000+10:00,1.098,140,603
2001-06-06T00:00:00.000+10:00,1.076,140,603
2001-06-07T00:00:00.000+10:00,1.056,140,603
2001-06-08T00:00:00.000+10:00,1.028,140,603
2001-06-09T00:00:00.000+10:00,1.010,140,603
2001-06-10T00:00:00.000+10:00,0.998,140,603
2001-06-11T00:00:00.000+10:00,0.980,140,603
2001-06-12T00:00:00.000+10:00,0.966,140,603
2001-06-13T00:00:00.000+10:00,0.954,140,603
2001-06-14T00:00:00.000+10:00,0.946,140,603
2001-06-15T00:00:00.000+10:00,0.917,140,603
2001-06-16T00:00:00.000+10:00,0.901,140,603
2001-06-17T00:00:00.000+10:00,0.904,140,603
2001-06-18T00:00:00.000+10:00,0.898,140,603
2001-06-19T00:00:00.000+10:00,0.903,140,603
2001-06-20T00:00:00.000+10:00,0.918,140,603
2001-06-21T00:00:00.000+10:00,0.900,140,603
2001-06-22T00:00:00.000+10:00,0.869,140,603
2001-06-23T00:00:00.000+10:00,0.855,140,603
2001-06-24T00:00:00.000+10:00,0.824,140,603
2001-06-25T00:00:00.000+10:00,0.817,140,603
2001-06-26T00:00:00.000+10:00,0.805,140,603
2001-06-27T00:00:00.000+10:00,0.792,140,603
2001-06-28T00:00:00.000+10:00,0.801,140,603
2001-06-29T00:00:00.000+10:00,0.795,140,603
2001-06-30T00:00:00.000+10:00,0.779,140,603
2001-07-01T00:00:00.000+10:00,0.771,140,603
2001-07-02T00:00:00.000+10:00,0.760,140,603
2001-07-03T00:00:00.000+10:00,0.748,140,603
2001-07-04T00:00:00.000+10:00,0.837,140,603
2001-07-05T00:00:00.000+10:00,0.760,140,603
2001-07-06T00:00:00.000+10:00,0.747,140,603
2001-07-07T00:00:00.000+10:00,0.731,140,603
2001-07-08T00:00:00.000+10:00,0.704,140,603
2001-07-09T00:00:00.000+10:00,0.686,140,603
2001-07-10T00:00:00.000+10:00,0.646,140,603
2001-07-11T00:00:00.000+10:00,0.601,140,603
2001-07-12T00:00:00.000+10:00,0.744,140,603
2001-07-13T00:00:00.000+10:00,0.752,140,603
2001-07-14T00:00:00.000+10:00,0.652,140,603
2001-07-15T00:00:00.000+10:00,0.610,140,603
2001-07-16T00:00:00.000+10:00,0.569,140,603
2001-07-17T00:00:00.000+10:00,0.505,140,603
2001-07-18T00:00:00.000+10:00,0.495,140,603
2001-07-19T00:00:00.000+10:00,0.496,140,603
2001-07-20T00:00:00.000+10:00,0.512,140,603
2001-07-21T00:00:00.000+10:00,0.593,140,603
2001-07-22T00:00:00.000+10:00,0.452,140,603
2001-07-23T00:00:00.000+10:00,0.446,140,603
2001-07-24T00:00:00.000+10:00,0.433,140,603
2001-07-25T00:00:00.000+10:00,0.484,140,603
2001-07-26T00:00:00.000+10:00,0.609,140,603
2001-07-27T00:00:00.000+10:00,1.371,140,603
2001-07-28T00:00:00.000+10:00,1.293,140,603
2001-07-29T00:00:00.000+10:00,0.943,140,603
2001-07-30T00:00:00.000+10:00,0.668,140,603
2001-07-31T00:00:00.000+10:00,0.602,140,603
2001-08-01T00:00:00.000+10:00,0.555,140,603
2001-08-02T00:00:00.000+10:00,0.527,140,603
2001-08-03T00:00:00.000+10:00,0.539,140,603
2001-08-04T00:00:00.000+10:00,0.502,140,603
2001-08-05T00:00:00.000+10:00,0.485,140,603
2001-08-06T00:00:00.000+10:00,0.448,140,603
2001-08-07T00:00:00.000+10:00,0.438,140,603
2001-08-08T00:00:00.000+10:00,0.408,140,603
2001-08-09T00:00:00.000+10:00,0.366,140,603
2001-08-10T00:00:00.000+10:00,0.393,140,603
2001-08-11T00:00:00.000+10:00,0.324,140,603
2001-08-12T00:00:00.000+10:00,0.311,140,603
2001-08-13T00:00:00.000+10:00,0.328,140,603
2001-08-14T00:00:00.000+10:00,0.431,140,603
2001-08-15T00:00:00.000+10:00,0.395,140,603
2001-08-16T00:00:00.000+10:00,0.359,140,603
2001-08-17T00:00:00.000+10:00,0.320,140,603
2001-08-18T00:00:00.000+10:00,0.344,140,603
2001-08-19T00:00:00.000+10:00,0.350,140,603
2001-08-20T00:00:00.000+10:00,0.354,140,603
2001-08-21T00:00:00.000+10:00,0.342,140,603
2001-08-22T00:00:00.000+10:00,0.323,140,603
2001-08-23T00:00:00.000+10:00,0.308,140,603
2001-08-24T00:00:00.000+10:00,0.316,140,603
2001-08-25T00:00:00.000+10:00,0.422,140,603
2001-08-26T00:00:00.000+10:00,0.371,140,603
2001-08-27T00:00:00.000+10:00,0.349,140,603
2001-08-28T00:00:00.000+10:00,0.300,140,603
2001-08-29T00:00:00.000+10:00,0.331,140,603
2001-08-30T00:00:00.000+10:00,0.359,140,603
2001-08-31T00:00:00.000+10:00,0.398,140,603
2001-09-01T00:00:00.000+10:00,0.300,140,603
2001-09-02T00:00:00.000+10:00,0.352,140,603
2001-09-03T00:00:00.000+10:00,0.337,140,603
2001-09-04T00:00:00.000+10:00,0.332,140,603
2001-09-05T00:00:00.000+10:00,0.363,140,603
2001-09-06T00:00:00.000+10:00,0.448,140,603
2001-09-07T00:00:00.000+10:00,0.391,140,603
2001-09-08T00:00:00.000+10:00,0.354,140,603
2001-09-09T00:00:00.000+10:00,0.398,140,603
2001-09-10T00:00:00.000+10:00,0.338,140,603
2001-09-11T00:00:00.000+10:00,0.395,140,603
2001-09-12T00:00:00.000+10:00,0.396,140,603
2001-09-13T00:00:00.000+10:00,0.386,140,603
2001-09-14T00:00:00.000+10:00,0.310,140,603
2001-09-15T00:00:00.000+10:00,0.267,140,603
2001-09-16T00:00:00.000+10:00,0.259,140,603
2001-09-17T00:00:00.000+10:00,0.253,140,603
2001-09-18T00:00:00.000+10:00,0.249,140,603
2001-09-19T00:00:00.000+10:00,0.244,140,603
2001-09-20T00:00:00.000+10:00,0.238,140,603
2001-09-21T00:00:00.000+10:00,0.234,140,603
2001-09-22T00:00:00.000+10:00,0.230,140,603
2001-09-23T00:00:00.000+10:00,0.226,140,603
2001-09-24T00:00:00.000+10:00,0.221,140,603
2001-09-25T00:00:00.000+10:00,0.215,140,603
2001-09-26T00:00:00.000+10:00,0.216,140,603
2001-09-27T00:00:00.000+10:00,0.209,140,603
2001-09-28T00:00:00.000+10:00,0.204,140,603
2001-09-29T00:00:00.000+10:00,0.201,140,603
2001-09-30T00:00:00.000+10:00,0.196,140,603
2001-10-01T00:00:00.000+10:00,0.194,140,603
2001-10-02T00:00:00.000+10:00,0.191,140,603
2001-10-03T00:00:00.000+10:00,0.182,140,603
2001-10-04T00:00:00.000+10:00,0.179,140,603
2001-10-05T00:00:00.000+10:00,0.173,140,603
2001-10-06T00:00:00.000+10:00,0.169,140,603
2001-10-07T00:00:00.000+10:00,0.160,140,603
2001-10-08T00:00:00.000+10:00,0.153,140,603
2001-10-09T00:00:00.000+10:00,0.150,140,603
2001-10-10T00:00:00.000+10:00,0.146,140,603
2001-10-11T00:00:00.000+10:00,0.142,140,603
2001-10-12T00:00:00.000+10:00,0.138,140,603
2001-10-13T00:00:00.000+10:00,0.134,140,603
2001-10-14T00:00:00.000+10:00,0.130,140,603
2001-10-15T00:00:00.000+10:00,0.126,140,603
2001-10-16T00:00:00.000+10:00,0.123,140,603
2001-10-17T00:00:00.000+10:00,0.119,140,603
2001-10-18T00:00:00.000+10:00,0.116,140,603
2001-10-19T00:00:00.000+10:00,0.113,140,603
2001-10-20T00:00:00.000+10:00,0.109,140,603
2001-10-21T00:00:00.000+10:00,0.105,140,603
2001-10-22T00:00:00.000+10:00,0.109,140,603
2001-10-23T00:00:00.000+10:00,0.108,140,603
2001-10-24T00:00:00.000+10:00,0.103,140,603
2001-10-25T00:00:00.000+10:00,0.101,140,603
2001-10-26T00:00:00.000+10:00,0.107,140,603
2001-10-27T00:00:00.000+10:00,0.131,140,603
2001-10-28T00:00:00.000+10:00,0.116,140,603
2001-10-29T00:00:00.000+10:00,0.112,140,603
2001-10-30T00:00:00.000+10:00,0.109,140,603
2001-10-31T00:00:00.000+10:00,0.113,140,603
2001-11-01T00:00:00.000+10:00,0.114,140,603
2001-11-02T00:00:00.000+10:00,0.113,140,603
2001-11-03T00:00:00.000+10:00,0.108,140,603
2001-11-04T00:00:00.000+10:00,0.103,140,603
2001-11-05T00:00:00.000+10:00,0.098,140,603
2001-11-06T00:00:00.000+10:00,0.093,140,603
2001-11-07T00:00:00.000+10:00,0.097,140,603
2001-11-08T00:00:00.000+10:00,0.098,140,603
2001-11-09T00:00:00.000+10:00,0.095,140,603
2001-11-10T00:00:00.000+10:00,0.099,140,603
2001-11-11T00:00:00.000+10:00,0.104,140,603
2001-11-12T00:00:00.000+10:00,0.111,140,603
2001-11-13T00:00:00.000+10:00,0.100,140,603
2001-11-14T00:00:00.000+10:00,0.109,140,603
2001-11-15T00:00:00.000+10:00,0.116,140,603
2001-11-16T00:00:00.000+10:00,0.125,140,603
2001-11-17T00:00:00.000+10:00,0.128,140,603
2001-11-18T00:00:00.000+10:00,0.124,140,603
2001-11-19T00:00:00.000+10:00,0.141,140,603
2001-11-20T00:00:00.000+10:00,0.157,140,603
2001-11-21T00:00:00.000+10:00,0.161,140,603
2001-11-22T00:00:00.000+10:00,0.173,140,603
2001-11-23T00:00:00.000+10:00,0.171,140,603
2001-11-24T00:00:00.000+10:00,0.182,140,603
2001-11-25T00:00:00.000+10:00,0.223,140,603
2001-11-26T00:00:00.000+10:00,0.204,140,603
2001-11-27T00:00:00.000+10:00,0.214,140,603
2001-11-28T00:00:00.000+10:00,0.217,140,603
2001-11-29T00:00:00.000+10:00,0.226,140,603
2001-11-30T00:00:00.000+10:00,0.242,140,603
2001-12-01T00:00:00.000+10:00,0.233,140,603
2001-12-02T00:00:00.000+10:00,0.210,140,603
2001-12-03T00:00:00.000+10:00,0.192,140,603
2001-12-04T00:00:00.000+10:00,0.171,140,603
2001-12-05T00:00:00.000+10:00,0.196,140,603
2001-12-06T00:00:00.000+10:00,0.195,140,603
2001-12-07T00:00:00.000+10:00,0.190,140,603
2001-12-08T00:00:00.000+10:00,0.179,140,603
2001-12-09T00:00:00.000+10:00,0.175,140,603
2001-12-10T00:00:00.000+10:00,0.163,140,603
2001-12-11T00:00:00.000+10:00,0.151,140,603
2001-12-12T00:00:00.000+10:00,0.142,140,603
2001-12-13T00:00:00.000+10:00,0.134,140,603
2001-12-14T00:00:00.000+10:00,0.097,140,603
2001-12-15T00:00:00.000+10:00,0.106,140,603
2001-12-16T00:00:00.000+10:00,0.101,140,603
2001-12-17T00:00:00.000+10:00,0.093,140,603
2001-12-18T00:00:00.000+10:00,0.093,140,603
2001-12-19T00:00:00.000+10:00,0.093,140,603
2001-12-20T00:00:00.000+10:00,0.091,140,603
2001-12-21T00:00:00.000+10:00,0.087,140,603
2001-12-22T00:00:00.000+10:00,0.081,140,603
2001-12-23T00:00:00.000+10:00,0.076,140,603
2001-12-24T00:00:00.000+10:00,0.071,140,603
2001-12-25T00:00:00.000+10:00,0.078,140,603
2001-12-26T00:00:00.000+10:00,0.077,140,603
2001-12-27T00:00:00.000+10:00,0.076,140,603
2001-12-28T00:00:00.000+10:00,0.070,140,603
2001-12-29T00:00:00.000+10:00,0.068,140,603
2001-12-30T00:00:00.000+10:00,0.064,140,603
2001-12-31T00:00:00.000+10:00,0.064,140,603
2002-01-01T00:00:00.000+10:00,0.061,140,603
2002-01-02T00:00:00.000+10:00,0.058,140,603
2002-01-03T00:00:00.000+10:00,0.054,140,603
2002-01-04T00:00:00.000+10:00,0.050,140,603
2002-01-05T00:00:00.000+10:00,0.045,140,603
2002-01-06T00:00:00.000+10:00,0.043,140,603
2002-01-07T00:00:00.000+10:00,0.042,140,603
2002-01-08T00:00:00.000+10:00,0.040,140,603
2002-01-09T00:00:00.000+10:00,0.034,140,603
2002-01-10T00:00:00.000+10:00,0.031,140,603
2002-01-11T00:00:00.000+10:00,0.030,140,603
2002-01-12T00:00:00.000+10:00,0.026,140,603
2002-01-13T00:00:00.000+10:00,0.022,140,603
2002-01-14T00:00:00.000+10:00,0.017,140,603
2002-01-15T00:00:00.000+10:00,0.015,140,603
2002-01-16T00:00:00.000+10:00,0.018,140,603
2002-01-17T00:00:00.000+10:00,0.034,140,603
2002-01-18T00:00:00.000+10:00,0.036,140,603
2002-01-19T00:00:00.000+10:00,0.025,140,603
2002-01-20T00:00:00.000+10:00,0.018,140,603
2002-01-21T00:00:00.000+10:00,0.012,140,603
2002-01-22T00:00:00.000+10:00,0.011,140,603
2002-01-23T00:00:00.000+10:00,0.005,140,603
2002-01-24T00:00:00.000+10:00,0.002,140,603
2002-01-25T00:00:00.000+10:00,0.011,140,603
2002-01-26T00:00:00.000+10:00,0.026,140,603
2002-01-27T00:00:00.000+10:00,0.022,140,603
2002-01-28T00:00:00.000+10:00,0.016,140,603
2002-01-29T00:00:00.000+10:00,0.012,140,603
2002-01-30T00:00:00.000+10:00,0.018,140,603
2002-01-31T00:00:00.000+10:00,0.024,140,603
2002-02-01T00:00:00.000+10:00,0.438,140,603
2002-02-02T00:00:00.000+10:00,0.349,140,603
2002-02-03T00:00:00.000+10:00,0.110,140,603
2002-02-04T00:00:00.000+10:00,0.176,140,603
2002-02-05T00:00:00.000+10:00,0.138,140,603
2002-02-06T00:00:00.000+10:00,8.942,140,603
2002-02-07T00:00:00.000+10:00,27.413,140,603
2002-02-08T00:00:00.000+10:00,8.209,140,603
2002-02-09T00:00:00.000+10:00,4.101,140,603
2002-02-10T00:00:00.000+10:00,2.496,140,603
2002-02-11T00:00:00.000+10:00,1.387,140,603
2002-02-12T00:00:00.000+10:00,0.929,140,603
2002-02-13T00:00:00.000+10:00,0.713,140,603
2002-02-14T00:00:00.000+10:00,0.518,140,603
2002-02-15T00:00:00.000+10:00,0.375,140,603
2002-02-16T00:00:00.000+10:00,0.265,140,603
2002-02-17T00:00:00.000+10:00,0.236,140,603
2002-02-18T00:00:00.000+10:00,0.134,140,603
2002-02-19T00:00:00.000+10:00,0.112,140,603
2002-02-20T00:00:00.000+10:00,0.182,140,603
2002-02-21T00:00:00.000+10:00,0.120,140,603
2002-02-22T00:00:00.000+10:00,0.089,140,603
2002-02-23T00:00:00.000+10:00,0.307,140,603
2002-02-24T00:00:00.000+10:00,0.129,140,603
2002-02-25T00:00:00.000+10:00,0.165,140,603
2002-02-26T00:00:00.000+10:00,0.097,140,603
2002-02-27T00:00:00.000+10:00,0.101,140,603
2002-02-28T00:00:00.000+10:00,0.089,140,603
2002-03-01T00:00:00.000+10:00,0.126,140,603
2002-03-02T00:00:00.000+10:00,0.120,140,603
2002-03-03T00:00:00.000+10:00,0.088,140,603
2002-03-04T00:00:00.000+10:00,0.093,140,603
2002-03-05T00:00:00.000+10:00,0.207,140,603
2002-03-06T00:00:00.000+10:00,0.115,140,603
2002-03-07T00:00:00.000+10:00,0.109,140,603
2002-03-08T00:00:00.000+10:00,0.097,140,603
2002-03-09T00:00:00.000+10:00,0.106,140,603
2002-03-10T00:00:00.000+10:00,0.086,140,603
2002-03-11T00:00:00.000+10:00,0.092,140,603
2002-03-12T00:00:00.000+10:00,0.094,140,603
2002-03-13T00:00:00.000+10:00,0.099,140,603
2002-03-14T00:00:00.000+10:00,0.090,140,603
2002-03-15T00:00:00.000+10:00,0.080,140,603
2002-03-16T00:00:00.000+10:00,0.122,140,603
2002-03-17T00:00:00.000+10:00,0.160,140,603
2002-03-18T00:00:00.000+10:00,0.086,140,603
2002-03-19T00:00:00.000+10:00,0.086,140,603
2002-03-20T00:00:00.000+10:00,0.089,140,603
2002-03-21T00:00:00.000+10:00,0.090,140,603
2002-03-22T00:00:00.000+10:00,6.213,140,603
2002-03-23T00:00:00.000+10:00,6.293,140,603
2002-03-24T00:00:00.000+10:00,2.824,140,603
2002-03-25T00:00:00.000+10:00,1.685,140,603
2002-03-26T00:00:00.000+10:00,1.193,140,603
2002-03-27T00:00:00.000+10:00,1.033,140,603
2002-03-28T00:00:00.000+10:00,1.294,140,603
2002-03-29T00:00:00.000+10:00,3.177,140,603
2002-03-30T00:00:00.000+10:00,2.965,140,603
2002-03-31T00:00:00.000+10:00,6.253,140,603
2002-04-01T00:00:00.000+10:00,4.463,140,603
2002-04-02T00:00:00.000+10:00,5.503,140,603
2002-04-03T00:00:00.000+10:00,4.209,140,603
2002-04-04T00:00:00.000+10:00,3.044,140,603
2002-04-05T00:00:00.000+10:00,2.356,140,603
2002-04-06T00:00:00.000+10:00,1.854,140,603
2002-04-07T00:00:00.000+10:00,1.363,140,603
2002-04-08T00:00:00.000+10:00,1.100,140,603
2002-04-09T00:00:00.000+10:00,0.949,140,603
2002-04-10T00:00:00.000+10:00,0.820,140,603
2002-04-11T00:00:00.000+10:00,0.695,140,603
2002-04-12T00:00:00.000+10:00,0.548,140,603
2002-04-13T00:00:00.000+10:00,0.453,140,603
2002-04-14T00:00:00.000+10:00,0.447,140,603
2002-04-15T00:00:00.000+10:00,0.490,140,603
2002-04-16T00:00:00.000+10:00,0.432,140,603
2002-04-17T00:00:00.000+10:00,0.404,140,603
2002-04-18T00:00:00.000+10:00,0.409,140,603
2002-04-19T00:00:00.000+10:00,0.453,140,603
2002-04-20T00:00:00.000+10:00,0.438,140,603
2002-04-21T00:00:00.000+10:00,0.413,140,603
2002-04-22T00:00:00.000+10:00,0.475,140,603
2002-04-23T00:00:00.000+10:00,0.491,140,603
2002-04-24T00:00:00.000+10:00,0.628,140,603
2002-04-25T00:00:00.000+10:00,0.464,140,603
2002-04-26T00:00:00.000+10:00,0.492,140,603
2002-04-27T00:00:00.000+10:00,0.422,140,603
2002-04-28T00:00:00.000+10:00,0.423,140,603
2002-04-29T00:00:00.000+10:00,0.418,140,603
2002-04-30T00:00:00.000+10:00,0.447,140,603
2002-05-01T00:00:00.000+10:00,0.401,140,603
2002-05-02T00:00:00.000+10:00,0.382,140,603
2002-05-03T00:00:00.000+10:00,0.504,140,603
2002-05-04T00:00:00.000+10:00,0.607,140,603
2002-05-05T00:00:00.000+10:00,0.663,140,603
2002-05-06T00:00:00.000+10:00,0.615,140,603
2002-05-07T00:00:00.000+10:00,0.467,140,603
2002-05-08T00:00:00.000+10:00,0.383,140,603
2002-05-09T00:00:00.000+10:00,0.563,140,603
2002-05-10T00:00:00.000+10:00,0.450,140,603
2002-05-11T00:00:00.000+10:00,0.410,140,603
2002-05-12T00:00:00.000+10:00,0.421,140,603
2002-05-13T00:00:00.000+10:00,0.458,140,603
2002-05-14T00:00:00.000+10:00,0.424,140,603
2002-05-15T00:00:00.000+10:00,0.386,140,603
2002-05-16T00:00:00.000+10:00,0.399,140,603
2002-05-17T00:00:00.000+10:00,0.386,140,603
2002-05-18T00:00:00.000+10:00,0.367,140,603
2002-05-19T00:00:00.000+10:00,0.354,140,603
2002-05-20T00:00:00.000+10:00,0.342,140,603
2002-05-21T00:00:00.000+10:00,0.326,140,603
2002-05-22T00:00:00.000+10:00,0.365,140,603
2002-05-23T00:00:00.000+10:00,0.378,140,603
2002-05-24T00:00:00.000+10:00,0.361,140,603
2002-05-25T00:00:00.000+10:00,0.346,140,603
2002-05-26T00:00:00.000+10:00,0.363,140,603
2002-05-27T00:00:00.000+10:00,0.310,140,603
2002-05-28T00:00:00.000+10:00,0.289,140,603
2002-05-29T00:00:00.000+10:00,0.316,140,603
2002-05-30T00:00:00.000+10:00,0.310,140,603
2002-05-31T00:00:00.000+10:00,0.302,140,603
2002-06-01T00:00:00.000+10:00,0.289,140,603
2002-06-02T00:00:00.000+10:00,0.296,140,603
2002-06-03T00:00:00.000+10:00,0.322,140,603
2002-06-04T00:00:00.000+10:00,0.318,140,603
2002-06-05T00:00:00.000+10:00,0.283,140,603
2002-06-06T00:00:00.000+10:00,0.331,140,603
2002-06-07T00:00:00.000+10:00,0.323,140,603
2002-06-08T00:00:00.000+10:00,0.315,140,603
2002-06-09T00:00:00.000+10:00,0.343,140,603
2002-06-10T00:00:00.000+10:00,0.330,140,603
2002-06-11T00:00:00.000+10:00,0.314,140,603
2002-06-12T00:00:00.000+10:00,0.319,140,603
2002-06-13T00:00:00.000+10:00,0.317,140,603
2002-06-14T00:00:00.000+10:00,0.307,140,603
2002-06-15T00:00:00.000+10:00,0.331,140,603
2002-06-16T00:00:00.000+10:00,0.325,140,603
2002-06-17T00:00:00.000+10:00,0.329,140,603
2002-06-18T00:00:00.000+10:00,0.306,140,603
2002-06-19T00:00:00.000+10:00,0.300,140,603
2002-06-20T00:00:00.000+10:00,0.294,140,603
2002-06-21T00:00:00.000+10:00,0.290,140,603
2002-06-22T00:00:00.000+10:00,0.281,140,603
2002-06-23T00:00:00.000+10:00,0.275,140,603
2002-06-24T00:00:00.000+10:00,0.252,140,603
2002-06-25T00:00:00.000+10:00,0.176,140,603
2002-06-26T00:00:00.000+10:00,0.153,140,603
2002-06-27T00:00:00.000+10:00,0.163,140,603
2002-06-28T00:00:00.000+10:00,0.153,140,603
2002-06-29T00:00:00.000+10:00,0.158,140,603
2002-06-30T00:00:00.000+10:00,0.150,140,603
2002-07-01T00:00:00.000+10:00,0.155,140,603
2002-07-02T00:00:00.000+10:00,0.182,140,603
2002-07-03T00:00:00.000+10:00,0.190,140,603
2002-07-04T00:00:00.000+10:00,0.186,140,603
2002-07-05T00:00:00.000+10:00,0.180,140,603
2002-07-06T00:00:00.000+10:00,0.174,140,603
2002-07-07T00:00:00.000+10:00,0.168,140,603
2002-07-08T00:00:00.000+10:00,0.166,140,603
2002-07-09T00:00:00.000+10:00,0.163,140,603
2002-07-10T00:00:00.000+10:00,0.159,140,603
2002-07-11T00:00:00.000+10:00,0.152,140,603
2002-07-12T00:00:00.000+10:00,0.149,140,603
2002-07-13T00:00:00.000+10:00,0.148,140,603
2002-07-14T00:00:00.000+10:00,0.148,140,603
2002-07-15T00:00:00.000+10:00,0.144,140,603
2002-07-16T00:00:00.000+10:00,0.134,140,603
2002-07-17T00:00:00.000+10:00,0.131,140,603
2002-07-18T00:00:00.000+10:00,0.125,140,603
2002-07-19T00:00:00.000+10:00,0.122,140,603
2002-07-20T00:00:00.000+10:00,0.119,140,603
2002-07-21T00:00:00.000+10:00,0.117,140,603
2002-07-22T00:00:00.000+10:00,0.112,140,603
2002-07-23T00:00:00.000+10:00,0.111,140,603
2002-07-24T00:00:00.000+10:00,0.110,140,603
2002-07-25T00:00:00.000+10:00,0.108,140,603
2002-07-26T00:00:00.000+10:00,0.104,140,603
2002-07-27T00:00:00.000+10:00,0.103,140,603
2002-07-28T00:00:00.000+10:00,0.102,140,603
2002-07-29T00:00:00.000+10:00,0.102,140,603
2002-07-30T00:00:00.000+10:00,0.102,140,603
2002-07-31T00:00:00.000+10:00,0.100,140,603
2002-08-01T00:00:00.000+10:00,0.097,140,603
2002-08-02T00:00:00.000+10:00,0.095,140,603
2002-08-03T00:00:00.000+10:00,0.093,140,603
2002-08-04T00:00:00.000+10:00,0.094,140,603
2002-08-05T00:00:00.000+10:00,0.094,140,603
2002-08-06T00:00:00.000+10:00,0.093,140,603
2002-08-07T00:00:00.000+10:00,0.089,140,603
2002-08-08T00:00:00.000+10:00,0.086,140,603
2002-08-09T00:00:00.000+10:00,0.087,140,603
2002-08-10T00:00:00.000+10:00,0.085,140,603
2002-08-11T00:00:00.000+10:00,0.083,140,603
2002-08-12T00:00:00.000+10:00,0.081,140,603
2002-08-13T00:00:00.000+10:00,0.084,140,603
2002-08-14T00:00:00.000+10:00,0.090,140,603
2002-08-15T00:00:00.000+10:00,0.097,140,603
2002-08-16T00:00:00.000+10:00,0.084,140,603
2002-08-17T00:00:00.000+10:00,0.072,140,603
2002-08-18T00:00:00.000+10:00,0.076,140,603
2002-08-19T00:00:00.000+10:00,0.089,140,603
2002-08-20T00:00:00.000+10:00,0.082,140,603
2002-08-21T00:00:00.000+10:00,0.088,140,603
2002-08-22T00:00:00.000+10:00,0.142,140,603
2002-08-23T00:00:00.000+10:00,0.184,140,603
2002-08-24T00:00:00.000+10:00,0.145,140,603
2002-08-25T00:00:00.000+10:00,0.182,140,603
2002-08-26T00:00:00.000+10:00,0.518,140,603
2002-08-27T00:00:00.000+10:00,2.078,140,603
2002-08-28T00:00:00.000+10:00,0.940,140,603
2002-08-29T00:00:00.000+10:00,0.458,140,603
2002-08-30T00:00:00.000+10:00,0.218,140,603
2002-08-31T00:00:00.000+10:00,0.173,140,603
2002-09-01T00:00:00.000+10:00,0.183,140,603
2002-09-02T00:00:00.000+10:00,0.209,140,603
2002-09-03T00:00:00.000+10:00,0.194,140,603
2002-09-04T00:00:00.000+10:00,0.185,140,603
2002-09-05T00:00:00.000+10:00,0.167,140,603
2002-09-06T00:00:00.000+10:00,0.153,140,603
2002-09-07T00:00:00.000+10:00,0.222,140,603
2002-09-08T00:00:00.000+10:00,0.169,140,603
2002-09-09T00:00:00.000+10:00,0.173,140,603
2002-09-10T00:00:00.000+10:00,0.168,140,603
2002-09-11T00:00:00.000+10:00,0.177,140,603
2002-09-12T00:00:00.000+10:00,0.167,140,603
2002-09-13T00:00:00.000+10:00,0.150,140,603
2002-09-14T00:00:00.000+10:00,0.174,140,603
2002-09-15T00:00:00.000+10:00,0.191,140,603
2002-09-16T00:00:00.000+10:00,0.176,140,603
2002-09-17T00:00:00.000+10:00,0.176,140,603
2002-09-18T00:00:00.000+10:00,0.217,140,603
2002-09-19T00:00:00.000+10:00,0.243,140,603
2002-09-20T00:00:00.000+10:00,0.188,140,603
2002-09-21T00:00:00.000+10:00,0.132,140,603
2002-09-22T00:00:00.000+10:00,0.164,140,603
2002-09-23T00:00:00.000+10:00,0.159,140,603
2002-09-24T00:00:00.000+10:00,0.151,140,603
2002-09-25T00:00:00.000+10:00,0.140,140,603
2002-09-26T00:00:00.000+10:00,0.129,140,603
2002-09-27T00:00:00.000+10:00,0.120,140,603
2002-09-28T00:00:00.000+10:00,0.113,140,603
2002-09-29T00:00:00.000+10:00,0.108,140,603
2002-09-30T00:00:00.000+10:00,0.107,140,603
2002-10-01T00:00:00.000+10:00,0.101,140,603
2002-10-02T00:00:00.000+10:00,0.095,140,603
2002-10-03T00:00:00.000+10:00,0.093,140,603
2002-10-04T00:00:00.000+10:00,0.089,140,603
2002-10-05T00:00:00.000+10:00,0.085,140,603
2002-10-06T00:00:00.000+10:00,0.087,140,603
2002-10-07T00:00:00.000+10:00,0.088,140,603
2002-10-08T00:00:00.000+10:00,0.076,140,603
2002-10-09T00:00:00.000+10:00,0.074,140,603
2002-10-10T00:00:00.000+10:00,0.068,140,603
2002-10-11T00:00:00.000+10:00,0.067,140,603
2002-10-12T00:00:00.000+10:00,0.069,140,603
2002-10-13T00:00:00.000+10:00,0.069,140,603
2002-10-14T00:00:00.000+10:00,0.063,140,603
2002-10-15T00:00:00.000+10:00,0.058,140,603
2002-10-16T00:00:00.000+10:00,0.057,140,603
2002-10-17T00:00:00.000+10:00,0.057,140,603
2002-10-18T00:00:00.000+10:00,0.051,140,603
2002-10-19T00:00:00.000+10:00,0.052,140,603
2002-10-20T00:00:00.000+10:00,0.053,140,603
2002-10-21T00:00:00.000+10:00,0.051,140,603
2002-10-22T00:00:00.000+10:00,0.048,140,603
2002-10-23T00:00:00.000+10:00,0.040,140,603
2002-10-24T00:00:00.000+10:00,0.036,140,603
2002-10-25T00:00:00.000+10:00,0.032,140,603
2002-10-26T00:00:00.000+10:00,0.029,140,603
2002-10-27T00:00:00.000+10:00,0.030,140,603
2002-10-28T00:00:00.000+10:00,0.051,140,603
2002-10-29T00:00:00.000+10:00,0.052,140,603
2002-10-30T00:00:00.000+10:00,0.060,140,603
2002-10-31T00:00:00.000+10:00,0.116,140,603
2002-11-01T00:00:00.000+10:00,0.107,140,603
2002-11-02T00:00:00.000+10:00,0.095,140,603
2002-11-03T00:00:00.000+10:00,0.087,140,603
2002-11-04T00:00:00.000+10:00,0.092,140,603
2002-11-05T00:00:00.000+10:00,0.085,140,603
2002-11-06T00:00:00.000+10:00,0.091,140,603
2002-11-07T00:00:00.000+10:00,0.086,140,603
2002-11-08T00:00:00.000+10:00,0.080,140,603
2002-11-09T00:00:00.000+10:00,0.074,140,603
2002-11-10T00:00:00.000+10:00,0.067,140,603
2002-11-11T00:00:00.000+10:00,0.061,140,603
2002-11-12T00:00:00.000+10:00,0.057,140,603
2002-11-13T00:00:00.000+10:00,0.054,140,603
2002-11-14T00:00:00.000+10:00,0.051,140,603
2002-11-15T00:00:00.000+10:00,0.048,140,603
2002-11-16T00:00:00.000+10:00,0.046,140,603
2002-11-17T00:00:00.000+10:00,0.044,140,603
2002-11-18T00:00:00.000+10:00,0.042,140,603
2002-11-19T00:00:00.000+10:00,0.040,140,603
2002-11-20T00:00:00.000+10:00,0.039,140,603
2002-11-21T00:00:00.000+10:00,0.037,140,603
2002-11-22T00:00:00.000+10:00,0.036,140,603
2002-11-23T00:00:00.000+10:00,0.036,140,603
2002-11-24T00:00:00.000+10:00,0.035,140,603
2002-11-25T00:00:00.000+10:00,0.034,140,603
2002-11-26T00:00:00.000+10:00,0.033,140,603
2002-11-27T00:00:00.000+10:00,0.033,140,603
2002-11-28T00:00:00.000+10:00,0.032,140,603
2002-11-29T00:00:00.000+10:00,0.031,140,603
2002-11-30T00:00:00.000+10:00,0.030,140,603
2002-12-01T00:00:00.000+10:00,0.030,140,603
2002-12-02T00:00:00.000+10:00,0.029,140,603
2002-12-03T00:00:00.000+10:00,0.028,140,603
2002-12-04T00:00:00.000+10:00,0.027,140,603
2002-12-05T00:00:00.000+10:00,0.027,140,603
2002-12-06T00:00:00.000+10:00,0.025,140,603
2002-12-07T00:00:00.000+10:00,0.021,140,603
2002-12-08T00:00:00.000+10:00,0.018,140,603
2002-12-09T00:00:00.000+10:00,0.019,140,603
2002-12-10T00:00:00.000+10:00,0.023,140,603
2002-12-11T00:00:00.000+10:00,0.026,140,603
2002-12-12T00:00:00.000+10:00,0.017,140,603
2002-12-13T00:00:00.000+10:00,0.000,140,603
2002-12-14T00:00:00.000+10:00,0.000,140,603
2002-12-15T00:00:00.000+10:00,0.000,140,603
2002-12-16T00:00:00.000+10:00,0.000,140,603
2002-12-17T00:00:00.000+10:00,0.000,140,603
2002-12-18T00:00:00.000+10:00,0.000,140,603
2002-12-19T00:00:00.000+10:00,0.000,140,603
2002-12-20T00:00:00.000+10:00,0.000,140,603
2002-12-21T00:00:00.000+10:00,0.000,140,603
2002-12-22T00:00:00.000+10:00,0.000,140,603
2002-12-23T00:00:00.000+10:00,0.000,140,603
2002-12-24T00:00:00.000+10:00,0.000,140,603
2002-12-25T00:00:00.000+10:00,0.000,140,603
2002-12-26T00:00:00.000+10:00,0.000,140,603
2002-12-27T00:00:00.000+10:00,0.000,140,603
2002-12-28T00:00:00.000+10:00,0.000,140,603
2002-12-29T00:00:00.000+10:00,0.000,140,603
2002-12-30T00:00:00.000+10:00,0.000,140,603
2002-12-31T00:00:00.000+10:00,0.000,140,603
2003-01-01T00:00:00.000+10:00,0.000,140,603
2003-01-02T00:00:00.000+10:00,0.000,140,603
2003-01-03T00:00:00.000+10:00,0.000,140,603
2003-01-04T00:00:00.000+10:00,0.003,140,603
2003-01-05T00:00:00.000+10:00,0.016,140,603
2003-01-06T00:00:00.000+10:00,0.025,140,603
2003-01-07T00:00:00.000+10:00,0.021,140,603
2003-01-08T00:00:00.000+10:00,0.020,140,603
2003-01-09T00:00:00.000+10:00,0.018,140,603
2003-01-10T00:00:00.000+10:00,0.012,140,603
2003-01-11T00:00:00.000+10:00,0.008,140,603
2003-01-12T00:00:00.000+10:00,0.009,140,603
2003-01-13T00:00:00.000+10:00,0.012,140,603
2003-01-14T00:00:00.000+10:00,0.012,140,603
2003-01-15T00:00:00.000+10:00,0.012,140,603
2003-01-16T00:00:00.000+10:00,0.011,140,603
2003-01-17T00:00:00.000+10:00,0.009,140,603
2003-01-18T00:00:00.000+10:00,0.005,140,603
2003-01-19T00:00:00.000+10:00,0.004,140,603
2003-01-20T00:00:00.000+10:00,0.002,140,603
2003-01-21T00:00:00.000+10:00,0.001,140,603
2003-01-22T00:00:00.000+10:00,0.000,140,603
2003-01-23T00:00:00.000+10:00,0.000,140,603
2003-01-24T00:00:00.000+10:00,0.002,140,603
2003-01-25T00:00:00.000+10:00,0.002,140,603
2003-01-26T00:00:00.000+10:00,0.000,140,603
2003-01-27T00:00:00.000+10:00,0.000,140,603
2003-01-28T00:00:00.000+10:00,0.000,140,603
2003-01-29T00:00:00.000+10:00,0.000,140,603
2003-01-30T00:00:00.000+10:00,0.000,140,603
2003-01-31T00:00:00.000+10:00,0.000,140,603
2003-02-01T00:00:00.000+10:00,0.000,140,603
2003-02-02T00:00:00.000+10:00,0.000,140,603
2003-02-03T00:00:00.000+10:00,0.000,140,603
2003-02-04T00:00:00.000+10:00,0.000,140,603
2003-02-05T00:00:00.000+10:00,0.006,140,603
2003-02-06T00:00:00.000+10:00,0.018,140,603
2003-02-07T00:00:00.000+10:00,0.029,140,603
2003-02-08T00:00:00.000+10:00,0.043,140,603
2003-02-09T00:00:00.000+10:00,0.069,140,603
2003-02-10T00:00:00.000+10:00,0.095,140,603
2003-02-11T00:00:00.000+10:00,0.101,140,603
2003-02-12T00:00:00.000+10:00,0.105,140,603
2003-02-13T00:00:00.000+10:00,0.107,140,603
2003-02-14T00:00:00.000+10:00,0.109,140,603
2003-02-15T00:00:00.000+10:00,0.112,140,603
2003-02-16T00:00:00.000+10:00,0.110,140,603
2003-02-17T00:00:00.000+10:00,0.112,140,603
2003-02-18T00:00:00.000+10:00,0.121,140,603
2003-02-19T00:00:00.000+10:00,0.110,140,603
2003-02-20T00:00:00.000+10:00,0.117,140,603
2003-02-21T00:00:00.000+10:00,0.133,140,603
2003-02-22T00:00:00.000+10:00,0.395,140,603
2003-02-23T00:00:00.000+10:00,1.448,140,603
2003-02-24T00:00:00.000+10:00,29.055,140,603
2003-02-25T00:00:00.000+10:00,43.061,140,603
2003-02-26T00:00:00.000+10:00,19.348,140,603
2003-02-27T00:00:00.000+10:00,8.498,140,603
2003-02-28T00:00:00.000+10:00,5.178,140,603
2003-03-01T00:00:00.000+10:00,3.453,140,603
2003-03-02T00:00:00.000+10:00,2.493,140,603
2003-03-03T00:00:00.000+10:00,1.721,140,603
2003-03-04T00:00:00.000+10:00,1.398,140,603
2003-03-05T00:00:00.000+10:00,1.286,140,603
2003-03-06T00:00:00.000+10:00,2.457,140,603
2003-03-07T00:00:00.000+10:00,2.874,140,603
2003-03-08T00:00:00.000+10:00,4.189,140,603
2003-03-09T00:00:00.000+10:00,3.232,140,603
2003-03-10T00:00:00.000+10:00,2.593,140,603
2003-03-11T00:00:00.000+10:00,2.736,140,603
2003-03-12T00:00:00.000+10:00,21.306,140,603
2003-03-13T00:00:00.000+10:00,20.124,140,603
2003-03-14T00:00:00.000+10:00,11.490,140,603
2003-03-15T00:00:00.000+10:00,7.255,140,603
2003-03-16T00:00:00.000+10:00,5.438,140,603
2003-03-17T00:00:00.000+10:00,6.905,140,603
2003-03-18T00:00:00.000+10:00,4.542,140,603
2003-03-19T00:00:00.000+10:00,3.574,140,603
2003-03-20T00:00:00.000+10:00,2.856,140,603
2003-03-21T00:00:00.000+10:00,2.286,140,603
2003-03-22T00:00:00.000+10:00,1.828,140,603
2003-03-23T00:00:00.000+10:00,1.672,140,603
2003-03-24T00:00:00.000+10:00,1.333,140,603
2003-03-25T00:00:00.000+10:00,1.121,140,603
2003-03-26T00:00:00.000+10:00,0.998,140,603
2003-03-27T00:00:00.000+10:00,0.887,140,603
2003-03-28T00:00:00.000+10:00,0.798,140,603
2003-03-29T00:00:00.000+10:00,0.716,140,603
2003-03-30T00:00:00.000+10:00,0.653,140,603
2003-03-31T00:00:00.000+10:00,0.837,140,603
2003-04-01T00:00:00.000+10:00,0.671,140,603
2003-04-02T00:00:00.000+10:00,0.579,140,603
2003-04-03T00:00:00.000+10:00,0.481,140,603
2003-04-04T00:00:00.000+10:00,0.424,140,603
2003-04-05T00:00:00.000+10:00,0.358,140,603
2003-04-06T00:00:00.000+10:00,0.704,140,603
2003-04-07T00:00:00.000+10:00,0.871,140,603
2003-04-08T00:00:00.000+10:00,0.872,140,603
2003-04-09T00:00:00.000+10:00,0.839,140,603
2003-04-10T00:00:00.000+10:00,0.821,140,603
2003-04-11T00:00:00.000+10:00,0.777,140,603
2003-04-12T00:00:00.000+10:00,0.741,140,603
2003-04-13T00:00:00.000+10:00,0.728,140,603
2003-04-14T00:00:00.000+10:00,0.708,140,603
2003-04-15T00:00:00.000+10:00,0.674,140,603
2003-04-16T00:00:00.000+10:00,0.642,140,603
2003-04-17T00:00:00.000+10:00,0.596,140,603
2003-04-18T00:00:00.000+10:00,0.564,140,603
2003-04-19T00:00:00.000+10:00,0.416,140,603
2003-04-20T00:00:00.000+10:00,0.448,140,603
2003-04-21T00:00:00.000+10:00,0.419,140,603
2003-04-22T00:00:00.000+10:00,0.411,140,603
2003-04-23T00:00:00.000+10:00,0.579,140,603
2003-04-24T00:00:00.000+10:00,0.636,140,603
2003-04-25T00:00:00.000+10:00,0.735,140,603
2003-04-26T00:00:00.000+10:00,0.918,140,603
2003-04-27T00:00:00.000+10:00,1.010,140,603
2003-04-28T00:00:00.000+10:00,1.056,140,603
2003-04-29T00:00:00.000+10:00,1.053,140,603
2003-04-30T00:00:00.000+10:00,0.962,140,603
2003-05-01T00:00:00.000+10:00,0.915,140,603
2003-05-02T00:00:00.000+10:00,0.846,140,603
2003-05-03T00:00:00.000+10:00,0.869,140,603
2003-05-04T00:00:00.000+10:00,0.855,140,603
2003-05-05T00:00:00.000+10:00,0.747,140,603
2003-05-06T00:00:00.000+10:00,0.771,140,603
2003-05-07T00:00:00.000+10:00,0.918,140,603
2003-05-08T00:00:00.000+10:00,0.993,140,603
2003-05-09T00:00:00.000+10:00,0.889,140,603
2003-05-10T00:00:00.000+10:00,0.804,140,603
2003-05-11T00:00:00.000+10:00,0.745,140,603
2003-05-12T00:00:00.000+10:00,0.687,140,603
2003-05-13T00:00:00.000+10:00,0.668,140,603
2003-05-14T00:00:00.000+10:00,0.690,140,603
2003-05-15T00:00:00.000+10:00,4.939,140,603
2003-05-16T00:00:00.000+10:00,11.071,140,603
2003-05-17T00:00:00.000+10:00,6.177,140,603
2003-05-18T00:00:00.000+10:00,4.381,140,603
2003-05-19T00:00:00.000+10:00,3.314,140,603
2003-05-20T00:00:00.000+10:00,2.581,140,603
2003-05-21T00:00:00.000+10:00,2.090,140,603
2003-05-22T00:00:00.000+10:00,1.737,140,603
2003-05-23T00:00:00.000+10:00,1.521,140,603
2003-05-24T00:00:00.000+10:00,1.350,140,603
2003-05-25T00:00:00.000+10:00,1.214,140,603
2003-05-26T00:00:00.000+10:00,1.117,140,603
2003-05-27T00:00:00.000+10:00,1.889,140,603
2003-05-28T00:00:00.000+10:00,14.324,140,603
2003-05-29T00:00:00.000+10:00,7.426,140,603
2003-05-30T00:00:00.000+10:00,5.380,140,603
2003-05-31T00:00:00.000+10:00,4.262,140,603
2003-06-01T00:00:00.000+10:00,3.538,140,603
2003-06-02T00:00:00.000+10:00,2.992,140,603
2003-06-03T00:00:00.000+10:00,2.583,140,603
2003-06-04T00:00:00.000+10:00,2.207,140,603
2003-06-05T00:00:00.000+10:00,1.914,140,603
2003-06-06T00:00:00.000+10:00,1.673,140,603
2003-06-07T00:00:00.000+10:00,1.485,140,603
2003-06-08T00:00:00.000+10:00,1.333,140,603
2003-06-09T00:00:00.000+10:00,1.201,140,603
2003-06-10T00:00:00.000+10:00,1.140,140,603
2003-06-11T00:00:00.000+10:00,1.088,140,603
2003-06-12T00:00:00.000+10:00,1.051,140,603
2003-06-13T00:00:00.000+10:00,1.011,140,603
2003-06-14T00:00:00.000+10:00,0.968,140,603
2003-06-15T00:00:00.000+10:00,0.933,140,603
2003-06-16T00:00:00.000+10:00,0.899,140,603
2003-06-17T00:00:00.000+10:00,0.869,140,603
2003-06-18T00:00:00.000+10:00,0.826,140,603
2003-06-19T00:00:00.000+10:00,0.792,140,603
2003-06-20T00:00:00.000+10:00,0.764,140,603
2003-06-21T00:00:00.000+10:00,0.758,140,603
2003-06-22T00:00:00.000+10:00,0.752,140,603
2003-06-23T00:00:00.000+10:00,0.703,140,603
2003-06-24T00:00:00.000+10:00,0.655,140,603
2003-06-25T00:00:00.000+10:00,0.634,140,603
2003-06-26T00:00:00.000+10:00,1.118,140,603
2003-06-27T00:00:00.000+10:00,2.897,140,603
2003-06-28T00:00:00.000+10:00,1.617,140,603
2003-06-29T00:00:00.000+10:00,1.198,140,603
2003-06-30T00:00:00.000+10:00,1.054,140,603
2003-07-01T00:00:00.000+10:00,0.974,140,603
2003-07-02T00:00:00.000+10:00,0.916,140,603
2003-07-03T00:00:00.000+10:00,0.859,140,603
2003-07-04T00:00:00.000+10:00,0.813,140,603
2003-07-05T00:00:00.000+10:00,0.752,140,603
2003-07-06T00:00:00.000+10:00,0.689,140,603
2003-07-07T00:00:00.000+10:00,0.649,140,603
2003-07-08T00:00:00.000+10:00,0.614,140,603
2003-07-09T00:00:00.000+10:00,0.580,140,603
2003-07-10T00:00:00.000+10:00,0.545,140,603
2003-07-11T00:00:00.000+10:00,0.544,140,603
2003-07-12T00:00:00.000+10:00,0.542,140,603
2003-07-13T00:00:00.000+10:00,0.533,140,603
2003-07-14T00:00:00.000+10:00,0.544,140,603
2003-07-15T00:00:00.000+10:00,0.510,140,603
2003-07-16T00:00:00.000+10:00,0.454,140,603
2003-07-17T00:00:00.000+10:00,0.504,140,603
2003-07-18T00:00:00.000+10:00,0.507,140,603
2003-07-19T00:00:00.000+10:00,0.360,140,603
2003-07-20T00:00:00.000+10:00,0.437,140,603
2003-07-21T00:00:00.000+10:00,0.336,140,603
2003-07-22T00:00:00.000+10:00,0.409,140,603
2003-07-23T00:00:00.000+10:00,0.382,140,603
2003-07-24T00:00:00.000+10:00,0.342,140,603
2003-07-25T00:00:00.000+10:00,0.332,140,603
2003-07-26T00:00:00.000+10:00,0.327,140,603
2003-07-27T00:00:00.000+10:00,0.335,140,603
2003-07-28T00:00:00.000+10:00,0.332,140,603
2003-07-29T00:00:00.000+10:00,0.355,140,603
2003-07-30T00:00:00.000+10:00,0.321,140,603
2003-07-31T00:00:00.000+10:00,0.334,140,603
2003-08-01T00:00:00.000+10:00,0.308,140,603
2003-08-02T00:00:00.000+10:00,0.412,140,603
2003-08-03T00:00:00.000+10:00,0.374,140,603
2003-08-04T00:00:00.000+10:00,0.319,140,603
2003-08-05T00:00:00.000+10:00,0.331,140,603
2003-08-06T00:00:00.000+10:00,0.307,140,603
2003-08-07T00:00:00.000+10:00,0.322,140,603
2003-08-08T00:00:00.000+10:00,0.334,140,603
2003-08-09T00:00:00.000+10:00,0.326,140,603
2003-08-10T00:00:00.000+10:00,0.308,140,603
2003-08-11T00:00:00.000+10:00,0.306,140,603
2003-08-12T00:00:00.000+10:00,0.317,140,603
2003-08-13T00:00:00.000+10:00,0.313,140,603
2003-08-14T00:00:00.000+10:00,0.304,140,603
2003-08-15T00:00:00.000+10:00,0.292,140,603
2003-08-16T00:00:00.000+10:00,0.303,140,603
2003-08-17T00:00:00.000+10:00,0.330,140,603
2003-08-18T00:00:00.000+10:00,0.309,140,603
2003-08-19T00:00:00.000+10:00,0.286,140,603
2003-08-20T00:00:00.000+10:00,0.292,140,603
2003-08-21T00:00:00.000+10:00,0.286,140,603
2003-08-22T00:00:00.000+10:00,0.271,140,603
2003-08-23T00:00:00.000+10:00,0.259,140,603
2003-08-24T00:00:00.000+10:00,0.279,140,603
2003-08-25T00:00:00.000+10:00,0.269,140,603
2003-08-26T00:00:00.000+10:00,0.258,140,603
2003-08-27T00:00:00.000+10:00,0.251,140,603
2003-08-28T00:00:00.000+10:00,0.244,140,603
2003-08-29T00:00:00.000+10:00,0.227,140,603
2003-08-30T00:00:00.000+10:00,0.227,140,603
2003-08-31T00:00:00.000+10:00,0.223,140,603
2003-09-01T00:00:00.000+10:00,0.225,140,603
2003-09-02T00:00:00.000+10:00,0.212,140,603
2003-09-03T00:00:00.000+10:00,0.211,140,603
2003-09-04T00:00:00.000+10:00,0.204,140,603
2003-09-05T00:00:00.000+10:00,0.195,140,603
2003-09-06T00:00:00.000+10:00,0.182,140,603
2003-09-07T00:00:00.000+10:00,0.161,140,603
2003-09-08T00:00:00.000+10:00,0.148,140,603
2003-09-09T00:00:00.000+10:00,0.149,140,603
2003-09-10T00:00:00.000+10:00,0.150,140,603
2003-09-11T00:00:00.000+10:00,0.152,140,603
2003-09-12T00:00:00.000+10:00,0.138,140,603
2003-09-13T00:00:00.000+10:00,0.153,140,603
2003-09-14T00:00:00.000+10:00,0.141,140,603
2003-09-15T00:00:00.000+10:00,0.133,140,603
2003-09-16T00:00:00.000+10:00,0.120,140,603
2003-09-17T00:00:00.000+10:00,0.113,140,603
2003-09-18T00:00:00.000+10:00,0.109,140,603
2003-09-19T00:00:00.000+10:00,0.105,140,603
2003-09-20T00:00:00.000+10:00,0.099,140,603
2003-09-21T00:00:00.000+10:00,0.095,140,603
2003-09-22T00:00:00.000+10:00,0.096,140,603
2003-09-23T00:00:00.000+10:00,0.095,140,603
2003-09-24T00:00:00.000+10:00,0.087,140,603
2003-09-25T00:00:00.000+10:00,0.089,140,603
2003-09-26T00:00:00.000+10:00,0.078,140,603
2003-09-27T00:00:00.000+10:00,0.073,140,603
2003-09-28T00:00:00.000+10:00,0.073,140,603
2003-09-29T00:00:00.000+10:00,0.083,140,603
2003-09-30T00:00:00.000+10:00,0.082,140,603
2003-10-01T00:00:00.000+10:00,0.075,140,603
2003-10-02T00:00:00.000+10:00,0.113,140,603
2003-10-03T00:00:00.000+10:00,0.095,140,603
2003-10-04T00:00:00.000+10:00,0.093,140,603
2003-10-05T00:00:00.000+10:00,0.092,140,603
2003-10-06T00:00:00.000+10:00,0.117,140,603
2003-10-07T00:00:00.000+10:00,0.119,140,603
2003-10-08T00:00:00.000+10:00,0.123,140,603
2003-10-09T00:00:00.000+10:00,0.118,140,603
2003-10-10T00:00:00.000+10:00,0.119,140,603
2003-10-11T00:00:00.000+10:00,0.121,140,603
2003-10-12T00:00:00.000+10:00,0.119,140,603
2003-10-13T00:00:00.000+10:00,0.116,140,603
2003-10-14T00:00:00.000+10:00,0.113,140,603
2003-10-15T00:00:00.000+10:00,0.110,140,603
2003-10-16T00:00:00.000+10:00,0.108,140,603
2003-10-17T00:00:00.000+10:00,0.106,140,603
2003-10-18T00:00:00.000+10:00,0.108,140,603
2003-10-19T00:00:00.000+10:00,0.105,140,603
2003-10-20T00:00:00.000+10:00,0.108,140,603
2003-10-21T00:00:00.000+10:00,0.102,140,603
2003-10-22T00:00:00.000+10:00,0.095,140,603
2003-10-23T00:00:00.000+10:00,0.092,140,603
2003-10-24T00:00:00.000+10:00,0.090,140,603
2003-10-25T00:00:00.000+10:00,0.092,140,603
2003-10-26T00:00:00.000+10:00,0.099,140,603
2003-10-27T00:00:00.000+10:00,0.097,140,603
2003-10-28T00:00:00.000+10:00,0.095,140,603
2003-10-29T00:00:00.000+10:00,0.093,140,603
2003-10-30T00:00:00.000+10:00,0.085,140,603
2003-10-31T00:00:00.000+10:00,0.086,140,603
2003-11-01T00:00:00.000+10:00,0.085,140,603
2003-11-02T00:00:00.000+10:00,0.082,140,603
2003-11-03T00:00:00.000+10:00,0.078,140,603
2003-11-04T00:00:00.000+10:00,0.077,140,603
2003-11-05T00:00:00.000+10:00,0.071,140,603
2003-11-06T00:00:00.000+10:00,0.062,140,603
2003-11-07T00:00:00.000+10:00,0.060,140,603
2003-11-08T00:00:00.000+10:00,0.058,140,603
2003-11-09T00:00:00.000+10:00,0.056,140,603
2003-11-10T00:00:00.000+10:00,0.055,140,603
2003-11-11T00:00:00.000+10:00,0.051,140,603
2003-11-12T00:00:00.000+10:00,0.048,140,603
2003-11-13T00:00:00.000+10:00,0.047,140,603
2003-11-14T00:00:00.000+10:00,0.045,140,603
2003-11-15T00:00:00.000+10:00,0.042,140,603
2003-11-16T00:00:00.000+10:00,0.037,140,603
2003-11-17T00:00:00.000+10:00,0.032,140,603
2003-11-18T00:00:00.000+10:00,0.031,140,603
2003-11-19T00:00:00.000+10:00,0.031,140,603
2003-11-20T00:00:00.000+10:00,0.030,140,603
2003-11-21T00:00:00.000+10:00,0.034,140,603
2003-11-22T00:00:00.000+10:00,0.099,140,603
2003-11-23T00:00:00.000+10:00,0.069,140,603
2003-11-24T00:00:00.000+10:00,0.053,140,603
2003-11-25T00:00:00.000+10:00,0.052,140,603
2003-11-26T00:00:00.000+10:00,0.054,140,603
2003-11-27T00:00:00.000+10:00,0.059,140,603
2003-11-28T00:00:00.000+10:00,0.062,140,603
2003-11-29T00:00:00.000+10:00,0.067,140,603
2003-11-30T00:00:00.000+10:00,0.069,140,603
2003-12-01T00:00:00.000+10:00,0.068,140,603
2003-12-02T00:00:00.000+10:00,0.065,140,603
2003-12-03T00:00:00.000+10:00,0.061,140,603
2003-12-04T00:00:00.000+10:00,0.059,140,603
2003-12-05T00:00:00.000+10:00,0.065,140,603
2003-12-06T00:00:00.000+10:00,0.098,140,603
2003-12-07T00:00:00.000+10:00,0.357,140,603
2003-12-08T00:00:00.000+10:00,0.126,140,603
2003-12-09T00:00:00.000+10:00,0.226,140,603
2003-12-10T00:00:00.000+10:00,0.137,140,603
2003-12-11T00:00:00.000+10:00,0.177,140,603
2003-12-12T00:00:00.000+10:00,0.167,140,603
2003-12-13T00:00:00.000+10:00,0.150,140,603
2003-12-14T00:00:00.000+10:00,0.172,140,603
2003-12-15T00:00:00.000+10:00,0.146,140,603
2003-12-16T00:00:00.000+10:00,0.146,140,603
2003-12-17T00:00:00.000+10:00,0.154,140,603
2003-12-18T00:00:00.000+10:00,0.213,140,603
2003-12-19T00:00:00.000+10:00,0.192,140,603
2003-12-20T00:00:00.000+10:00,0.203,140,603
2003-12-21T00:00:00.000+10:00,0.178,140,603
2003-12-22T00:00:00.000+10:00,0.215,140,603
2003-12-23T00:00:00.000+10:00,0.155,140,603
2003-12-24T00:00:00.000+10:00,0.143,140,603
2003-12-25T00:00:00.000+10:00,0.131,140,603
2003-12-26T00:00:00.000+10:00,0.116,140,603
2003-12-27T00:00:00.000+10:00,0.115,140,603
2003-12-28T00:00:00.000+10:00,0.117,140,603
2003-12-29T00:00:00.000+10:00,0.106,140,603
2003-12-30T00:00:00.000+10:00,0.099,140,603
2003-12-31T00:00:00.000+10:00,0.091,140,603
2004-01-01T00:00:00.000+10:00,0.088,140,603
2004-01-02T00:00:00.000+10:00,0.086,140,603
2004-01-03T00:00:00.000+10:00,0.082,140,603
2004-01-04T00:00:00.000+10:00,0.079,140,603
2004-01-05T00:00:00.000+10:00,0.075,140,603
2004-01-06T00:00:00.000+10:00,0.069,140,603
2004-01-07T00:00:00.000+10:00,0.065,140,603
2004-01-08T00:00:00.000+10:00,0.058,140,603
2004-01-09T00:00:00.000+10:00,0.054,140,603
2004-01-10T00:00:00.000+10:00,0.054,140,603
2004-01-11T00:00:00.000+10:00,0.064,140,603
2004-01-12T00:00:00.000+10:00,0.070,140,603
2004-01-13T00:00:00.000+10:00,0.064,140,603
2004-01-14T00:00:00.000+10:00,0.060,140,603
2004-01-15T00:00:00.000+10:00,14.896,140,603
2004-01-16T00:00:00.000+10:00,9.540,140,603
2004-01-17T00:00:00.000+10:00,4.954,140,603
2004-01-18T00:00:00.000+10:00,2.503,140,603
2004-01-19T00:00:00.000+10:00,2.994,140,603
2004-01-20T00:00:00.000+10:00,2.779,140,603
2004-01-21T00:00:00.000+10:00,1.712,140,603
2004-01-22T00:00:00.000+10:00,1.181,140,603
2004-01-23T00:00:00.000+10:00,0.929,140,603
2004-01-24T00:00:00.000+10:00,0.791,140,603
2004-01-25T00:00:00.000+10:00,0.696,140,603
2004-01-26T00:00:00.000+10:00,0.938,140,603
2004-01-27T00:00:00.000+10:00,0.723,140,603
2004-01-28T00:00:00.000+10:00,0.572,140,603
2004-01-29T00:00:00.000+10:00,0.500,140,603
2004-01-30T00:00:00.000+10:00,0.320,140,603
2004-01-31T00:00:00.000+10:00,0.218,140,603
2004-02-01T00:00:00.000+10:00,0.179,140,603
2004-02-02T00:00:00.000+10:00,0.168,140,603
2004-02-03T00:00:00.000+10:00,0.249,140,603
2004-02-04T00:00:00.000+10:00,0.260,140,603
2004-02-05T00:00:00.000+10:00,0.228,140,603
2004-02-06T00:00:00.000+10:00,0.194,140,603
2004-02-07T00:00:00.000+10:00,0.277,140,603
2004-02-08T00:00:00.000+10:00,0.466,140,603
2004-02-09T00:00:00.000+10:00,0.333,140,603
2004-02-10T00:00:00.000+10:00,0.266,140,603
2004-02-11T00:00:00.000+10:00,0.268,140,603
2004-02-12T00:00:00.000+10:00,0.262,140,603
2004-02-13T00:00:00.000+10:00,0.310,140,603
2004-02-14T00:00:00.000+10:00,0.178,140,603
2004-02-15T00:00:00.000+10:00,0.194,140,603
2004-02-16T00:00:00.000+10:00,0.167,140,603
2004-02-17T00:00:00.000+10:00,0.175,140,603
2004-02-18T00:00:00.000+10:00,0.178,140,603
2004-02-19T00:00:00.000+10:00,0.182,140,603
2004-02-20T00:00:00.000+10:00,0.169,140,603
2004-02-21T00:00:00.000+10:00,0.166,140,603
2004-02-22T00:00:00.000+10:00,0.177,140,603
2004-02-23T00:00:00.000+10:00,0.173,140,603
2004-02-24T00:00:00.000+10:00,0.314,140,603
2004-02-25T00:00:00.000+10:00,2.553,140,603
2004-02-26T00:00:00.000+10:00,2.151,140,603
2004-02-27T00:00:00.000+10:00,1.160,140,603
2004-02-28T00:00:00.000+10:00,0.809,140,603
2004-02-29T00:00:00.000+10:00,0.574,140,603
2004-03-01T00:00:00.000+10:00,0.393,140,603
2004-03-02T00:00:00.000+10:00,0.493,140,603
2004-03-03T00:00:00.000+10:00,0.360,140,603
2004-03-04T00:00:00.000+10:00,0.310,140,603
2004-03-05T00:00:00.000+10:00,0.319,140,603
2004-03-06T00:00:00.000+10:00,31.490,140,603
2004-03-07T00:00:00.000+10:00,10.533,140,603
2004-03-08T00:00:00.000+10:00,5.308,140,603
2004-03-09T00:00:00.000+10:00,3.427,140,603
2004-03-10T00:00:00.000+10:00,2.434,140,603
2004-03-11T00:00:00.000+10:00,2.340,140,603
2004-03-12T00:00:00.000+10:00,1.983,140,603
2004-03-13T00:00:00.000+10:00,1.680,140,603
2004-03-14T00:00:00.000+10:00,1.652,140,603
2004-03-15T00:00:00.000+10:00,1.745,140,603
2004-03-16T00:00:00.000+10:00,4.908,140,603
2004-03-17T00:00:00.000+10:00,4.085,140,603
2004-03-18T00:00:00.000+10:00,3.532,140,603
2004-03-19T00:00:00.000+10:00,3.187,140,603
2004-03-20T00:00:00.000+10:00,2.651,140,603
2004-03-21T00:00:00.000+10:00,2.186,140,603
2004-03-22T00:00:00.000+10:00,1.983,140,603
2004-03-23T00:00:00.000+10:00,33.065,140,603
2004-03-24T00:00:00.000+10:00,43.708,140,603
2004-03-25T00:00:00.000+10:00,13.236,140,603
2004-03-26T00:00:00.000+10:00,8.330,140,603
2004-03-27T00:00:00.000+10:00,6.142,140,603
2004-03-28T00:00:00.000+10:00,4.784,140,603
2004-03-29T00:00:00.000+10:00,3.813,140,603
2004-03-30T00:00:00.000+10:00,3.052,140,603
2004-03-31T00:00:00.000+10:00,2.643,140,603
2004-04-01T00:00:00.000+10:00,2.318,140,603
2004-04-02T00:00:00.000+10:00,2.005,140,603
2004-04-03T00:00:00.000+10:00,2.024,140,603
2004-04-04T00:00:00.000+10:00,1.792,140,603
2004-04-05T00:00:00.000+10:00,1.658,140,603
2004-04-06T00:00:00.000+10:00,1.590,140,603
2004-04-07T00:00:00.000+10:00,2.128,140,603
2004-04-08T00:00:00.000+10:00,1.952,140,603
2004-04-09T00:00:00.000+10:00,1.647,140,603
2004-04-10T00:00:00.000+10:00,1.413,140,603
2004-04-11T00:00:00.000+10:00,1.269,140,603
2004-04-12T00:00:00.000+10:00,1.252,140,603
2004-04-13T00:00:00.000+10:00,1.142,140,603
2004-04-14T00:00:00.000+10:00,1.100,140,603
2004-04-15T00:00:00.000+10:00,1.047,140,603
2004-04-16T00:00:00.000+10:00,0.976,140,603
2004-04-17T00:00:00.000+10:00,0.922,140,603
2004-04-18T00:00:00.000+10:00,0.899,140,603
2004-04-19T00:00:00.000+10:00,0.879,140,603
2004-04-20T00:00:00.000+10:00,0.848,140,603
2004-04-21T00:00:00.000+10:00,0.844,140,603
2004-04-22T00:00:00.000+10:00,0.795,140,603
2004-04-23T00:00:00.000+10:00,0.684,140,603
2004-04-24T00:00:00.000+10:00,0.680,140,603
2004-04-25T00:00:00.000+10:00,0.644,140,603
2004-04-26T00:00:00.000+10:00,0.587,140,603
2004-04-27T00:00:00.000+10:00,0.567,140,603
2004-04-28T00:00:00.000+10:00,0.550,140,603
2004-04-29T00:00:00.000+10:00,0.640,140,603
2004-04-30T00:00:00.000+10:00,0.954,140,603
2004-05-01T00:00:00.000+10:00,0.951,140,603
2004-05-02T00:00:00.000+10:00,0.848,140,603
2004-05-03T00:00:00.000+10:00,0.733,140,603
2004-05-04T00:00:00.000+10:00,0.553,140,603
2004-05-05T00:00:00.000+10:00,0.456,140,603
2004-05-06T00:00:00.000+10:00,0.409,140,603
2004-05-07T00:00:00.000+10:00,0.425,140,603
2004-05-08T00:00:00.000+10:00,0.393,140,603
2004-05-09T00:00:00.000+10:00,0.477,140,603
2004-05-10T00:00:00.000+10:00,0.703,140,603
2004-05-11T00:00:00.000+10:00,0.552,140,603
2004-05-12T00:00:00.000+10:00,0.318,140,603
2004-05-13T00:00:00.000+10:00,0.296,140,603
2004-05-14T00:00:00.000+10:00,0.282,140,603
2004-05-15T00:00:00.000+10:00,0.311,140,603
2004-05-16T00:00:00.000+10:00,0.289,140,603
2004-05-17T00:00:00.000+10:00,0.289,140,603
2004-05-18T00:00:00.000+10:00,0.286,140,603
2004-05-19T00:00:00.000+10:00,0.279,140,603
2004-05-20T00:00:00.000+10:00,0.283,140,603
2004-05-21T00:00:00.000+10:00,0.274,140,603
2004-05-22T00:00:00.000+10:00,0.288,140,603
2004-05-23T00:00:00.000+10:00,0.277,140,603
2004-05-24T00:00:00.000+10:00,0.268,140,603
2004-05-25T00:00:00.000+10:00,0.267,140,603
2004-05-26T00:00:00.000+10:00,0.288,140,603
2004-05-27T00:00:00.000+10:00,0.307,140,603
2004-05-28T00:00:00.000+10:00,0.277,140,603
2004-05-29T00:00:00.000+10:00,0.262,140,603
2004-05-30T00:00:00.000+10:00,0.255,140,603
2004-05-31T00:00:00.000+10:00,0.253,140,603
2004-06-01T00:00:00.000+10:00,0.269,140,603
2004-06-02T00:00:00.000+10:00,0.274,140,603
2004-06-03T00:00:00.000+10:00,0.275,140,603
2004-06-04T00:00:00.000+10:00,0.270,140,603
2004-06-05T00:00:00.000+10:00,0.263,140,603
2004-06-06T00:00:00.000+10:00,0.270,140,603
2004-06-07T00:00:00.000+10:00,0.277,140,603
2004-06-08T00:00:00.000+10:00,0.278,140,603
2004-06-09T00:00:00.000+10:00,0.277,140,603
2004-06-10T00:00:00.000+10:00,0.268,140,603
2004-06-11T00:00:00.000+10:00,0.280,140,603
2004-06-12T00:00:00.000+10:00,0.274,140,603
2004-06-13T00:00:00.000+10:00,0.257,140,603
2004-06-14T00:00:00.000+10:00,0.262,140,603
2004-06-15T00:00:00.000+10:00,0.263,140,603
2004-06-16T00:00:00.000+10:00,0.261,140,603
2004-06-17T00:00:00.000+10:00,0.251,140,603
2004-06-18T00:00:00.000+10:00,0.246,140,603
2004-06-19T00:00:00.000+10:00,0.232,140,603
2004-06-20T00:00:00.000+10:00,0.220,140,603
2004-06-21T00:00:00.000+10:00,0.213,140,603
2004-06-22T00:00:00.000+10:00,0.207,140,603
2004-06-23T00:00:00.000+10:00,0.207,140,603
2004-06-24T00:00:00.000+10:00,0.201,140,603
2004-06-25T00:00:00.000+10:00,0.195,140,603
2004-06-26T00:00:00.000+10:00,0.189,140,603
2004-06-27T00:00:00.000+10:00,0.178,140,603
2004-06-28T00:00:00.000+10:00,0.173,140,603
2004-06-29T00:00:00.000+10:00,0.170,140,603
2004-06-30T00:00:00.000+10:00,0.163,140,603
2004-07-01T00:00:00.000+10:00,0.156,140,603
2004-07-02T00:00:00.000+10:00,0.155,140,603
2004-07-03T00:00:00.000+10:00,0.154,140,603
2004-07-04T00:00:00.000+10:00,0.149,140,603
2004-07-05T00:00:00.000+10:00,0.143,140,603
2004-07-06T00:00:00.000+10:00,0.143,140,603
2004-07-07T00:00:00.000+10:00,0.141,140,603
2004-07-08T00:00:00.000+10:00,0.136,140,603
2004-07-09T00:00:00.000+10:00,0.129,140,603
2004-07-10T00:00:00.000+10:00,0.129,140,603
2004-07-11T00:00:00.000+10:00,0.130,140,603
2004-07-12T00:00:00.000+10:00,0.143,140,603
2004-07-13T00:00:00.000+10:00,0.144,140,603
2004-07-14T00:00:00.000+10:00,0.145,140,603
2004-07-15T00:00:00.000+10:00,0.142,140,603
2004-07-16T00:00:00.000+10:00,0.136,140,603
2004-07-17T00:00:00.000+10:00,0.134,140,603
2004-07-18T00:00:00.000+10:00,0.130,140,603
2004-07-19T00:00:00.000+10:00,0.124,140,603
2004-07-20T00:00:00.000+10:00,0.120,140,603
2004-07-21T00:00:00.000+10:00,0.119,140,603
2004-07-22T00:00:00.000+10:00,0.117,140,603
2004-07-23T00:00:00.000+10:00,0.113,140,603
2004-07-24T00:00:00.000+10:00,0.110,140,603
2004-07-25T00:00:00.000+10:00,0.107,140,603
2004-07-26T00:00:00.000+10:00,0.108,140,603
2004-07-27T00:00:00.000+10:00,0.144,140,603
2004-07-28T00:00:00.000+10:00,0.144,140,603
2004-07-29T00:00:00.000+10:00,0.145,140,603
2004-07-30T00:00:00.000+10:00,0.136,140,603
2004-07-31T00:00:00.000+10:00,0.132,140,603
2004-08-01T00:00:00.000+10:00,0.134,140,603
2004-08-02T00:00:00.000+10:00,0.136,140,603
2004-08-03T00:00:00.000+10:00,0.128,140,603
2004-08-04T00:00:00.000+10:00,0.123,140,603
2004-08-05T00:00:00.000+10:00,0.119,140,603
2004-08-06T00:00:00.000+10:00,0.118,140,603
2004-08-07T00:00:00.000+10:00,0.115,140,603
2004-08-08T00:00:00.000+10:00,0.111,140,603
2004-08-09T00:00:00.000+10:00,0.104,140,603
2004-08-10T00:00:00.000+10:00,0.100,140,603
2004-08-11T00:00:00.000+10:00,0.095,140,603
2004-08-12T00:00:00.000+10:00,0.093,140,603
2004-08-13T00:00:00.000+10:00,0.092,140,603
2004-08-14T00:00:00.000+10:00,0.090,140,603
2004-08-15T00:00:00.000+10:00,0.091,140,603
2004-08-16T00:00:00.000+10:00,0.090,140,603
2004-08-17T00:00:00.000+10:00,0.089,140,603
2004-08-18T00:00:00.000+10:00,0.090,140,603
2004-08-19T00:00:00.000+10:00,0.094,140,603
2004-08-20T00:00:00.000+10:00,0.093,140,603
2004-08-21T00:00:00.000+10:00,0.091,140,603
2004-08-22T00:00:00.000+10:00,0.090,140,603
2004-08-23T00:00:00.000+10:00,0.089,140,603
2004-08-24T00:00:00.000+10:00,0.088,140,603
2004-08-25T00:00:00.000+10:00,0.089,140,603
2004-08-26T00:00:00.000+10:00,0.093,140,603
2004-08-27T00:00:00.000+10:00,0.094,140,603
2004-08-28T00:00:00.000+10:00,0.098,140,603
2004-08-29T00:00:00.000+10:00,0.126,140,603
2004-08-30T00:00:00.000+10:00,0.223,140,603
2004-08-31T00:00:00.000+10:00,0.122,140,603
2004-09-01T00:00:00.000+10:00,0.104,140,603
2004-09-02T00:00:00.000+10:00,0.100,140,603
2004-09-03T00:00:00.000+10:00,0.093,140,603
2004-09-04T00:00:00.000+10:00,0.094,140,603
2004-09-05T00:00:00.000+10:00,0.093,140,603
2004-09-06T00:00:00.000+10:00,0.090,140,603
2004-09-07T00:00:00.000+10:00,0.087,140,603
2004-09-08T00:00:00.000+10:00,0.087,140,603
2004-09-09T00:00:00.000+10:00,0.172,140,603
2004-09-10T00:00:00.000+10:00,0.257,140,603
2004-09-11T00:00:00.000+10:00,0.109,140,603
2004-09-12T00:00:00.000+10:00,0.169,140,603
2004-09-13T00:00:00.000+10:00,0.177,140,603
2004-09-14T00:00:00.000+10:00,0.177,140,603
2004-09-15T00:00:00.000+10:00,0.170,140,603
2004-09-16T00:00:00.000+10:00,0.160,140,603
2004-09-17T00:00:00.000+10:00,0.148,140,603
2004-09-18T00:00:00.000+10:00,0.138,140,603
2004-09-19T00:00:00.000+10:00,0.129,140,603
2004-09-20T00:00:00.000+10:00,0.122,140,603
2004-09-21T00:00:00.000+10:00,0.117,140,603
2004-09-22T00:00:00.000+10:00,0.112,140,603
2004-09-23T00:00:00.000+10:00,0.105,140,603
2004-09-24T00:00:00.000+10:00,0.103,140,603
2004-09-25T00:00:00.000+10:00,0.102,140,603
2004-09-26T00:00:00.000+10:00,0.098,140,603
2004-09-27T00:00:00.000+10:00,0.095,140,603
2004-09-28T00:00:00.000+10:00,0.084,140,603
2004-09-29T00:00:00.000+10:00,0.079,140,603
2004-09-30T00:00:00.000+10:00,0.077,140,603
2004-10-01T00:00:00.000+10:00,0.092,140,603
2004-10-02T00:00:00.000+10:00,0.087,140,603
2004-10-03T00:00:00.000+10:00,0.082,140,603
2004-10-04T00:00:00.000+10:00,0.082,140,603
2004-10-05T00:00:00.000+10:00,0.080,140,603
2004-10-06T00:00:00.000+10:00,0.076,140,603
2004-10-07T00:00:00.000+10:00,0.073,140,603
2004-10-08T00:00:00.000+10:00,0.071,140,603
2004-10-09T00:00:00.000+10:00,0.069,140,603
2004-10-10T00:00:00.000+10:00,0.068,140,603
2004-10-11T00:00:00.000+10:00,0.068,140,603
2004-10-12T00:00:00.000+10:00,0.067,140,603
2004-10-13T00:00:00.000+10:00,0.063,140,603
2004-10-14T00:00:00.000+10:00,0.060,140,603
2004-10-15T00:00:00.000+10:00,0.060,140,603
2004-10-16T00:00:00.000+10:00,0.052,140,603
2004-10-17T00:00:00.000+10:00,0.055,140,603
2004-10-18T00:00:00.000+10:00,0.096,140,603
2004-10-19T00:00:00.000+10:00,3.477,140,603
2004-10-20T00:00:00.000+10:00,57.771,140,603
2004-10-21T00:00:00.000+10:00,13.655,140,603
2004-10-22T00:00:00.000+10:00,5.534,140,603
2004-10-23T00:00:00.000+10:00,3.256,140,603
2004-10-24T00:00:00.000+10:00,1.923,140,603
2004-10-25T00:00:00.000+10:00,1.371,140,603
2004-10-26T00:00:00.000+10:00,1.049,140,603
2004-10-27T00:00:00.000+10:00,0.858,140,603
2004-10-28T00:00:00.000+10:00,0.711,140,603
2004-10-29T00:00:00.000+10:00,0.445,140,603
2004-10-30T00:00:00.000+10:00,0.296,140,603
2004-10-31T00:00:00.000+10:00,0.211,140,603
2004-11-01T00:00:00.000+10:00,0.178,140,603
2004-11-02T00:00:00.000+10:00,0.241,140,603
2004-11-03T00:00:00.000+10:00,0.184,140,603
2004-11-04T00:00:00.000+10:00,0.159,140,603
2004-11-05T00:00:00.000+10:00,0.160,140,603
2004-11-06T00:00:00.000+10:00,0.230,140,603
2004-11-07T00:00:00.000+10:00,0.274,140,603
2004-11-08T00:00:00.000+10:00,0.334,140,603
2004-11-09T00:00:00.000+10:00,0.483,140,603
2004-11-10T00:00:00.000+10:00,1.322,140,603
2004-11-11T00:00:00.000+10:00,0.832,140,603
2004-11-12T00:00:00.000+10:00,0.506,140,603
2004-11-13T00:00:00.000+10:00,0.428,140,603
2004-11-14T00:00:00.000+10:00,0.540,140,603
2004-11-15T00:00:00.000+10:00,0.398,140,603
2004-11-16T00:00:00.000+10:00,0.324,140,603
2004-11-17T00:00:00.000+10:00,0.373,140,603
2004-11-18T00:00:00.000+10:00,0.306,140,603
2004-11-19T00:00:00.000+10:00,0.281,140,603
2004-11-20T00:00:00.000+10:00,0.304,140,603
2004-11-21T00:00:00.000+10:00,0.308,140,603
2004-11-22T00:00:00.000+10:00,1.000,140,603
2004-11-23T00:00:00.000+10:00,1.970,140,603
2004-11-24T00:00:00.000+10:00,1.075,140,603
2004-11-25T00:00:00.000+10:00,0.883,140,603
2004-11-26T00:00:00.000+10:00,0.899,140,603
2004-11-27T00:00:00.000+10:00,0.775,140,603
2004-11-28T00:00:00.000+10:00,0.685,140,603
2004-11-29T00:00:00.000+10:00,0.636,140,603
2004-11-30T00:00:00.000+10:00,0.493,140,603
2004-12-01T00:00:00.000+10:00,0.414,140,603
2004-12-02T00:00:00.000+10:00,0.377,140,603
2004-12-03T00:00:00.000+10:00,0.475,140,603
2004-12-04T00:00:00.000+10:00,0.728,140,603
2004-12-05T00:00:00.000+10:00,0.775,140,603
2004-12-06T00:00:00.000+10:00,0.720,140,603
2004-12-07T00:00:00.000+10:00,0.683,140,603
2004-12-08T00:00:00.000+10:00,0.647,140,603
2004-12-09T00:00:00.000+10:00,0.609,140,603
2004-12-10T00:00:00.000+10:00,0.687,140,603
2004-12-11T00:00:00.000+10:00,1.666,140,603
2004-12-12T00:00:00.000+10:00,1.470,140,603
2004-12-13T00:00:00.000+10:00,1.158,140,603
2004-12-14T00:00:00.000+10:00,1.118,140,603
2004-12-15T00:00:00.000+10:00,1.006,140,603
2004-12-16T00:00:00.000+10:00,1.027,140,603
2004-12-17T00:00:00.000+10:00,0.973,140,603
2004-12-18T00:00:00.000+10:00,0.913,140,603
2004-12-19T00:00:00.000+10:00,1.824,140,603
2004-12-20T00:00:00.000+10:00,3.089,140,603
2004-12-21T00:00:00.000+10:00,1.535,140,603
2004-12-22T00:00:00.000+10:00,1.158,140,603
2004-12-23T00:00:00.000+10:00,1.040,140,603
2004-12-24T00:00:00.000+10:00,1.063,140,603
2004-12-25T00:00:00.000+10:00,0.995,140,603
2004-12-26T00:00:00.000+10:00,0.919,140,603
2004-12-27T00:00:00.000+10:00,0.903,140,603
2004-12-28T00:00:00.000+10:00,0.898,140,603
2004-12-29T00:00:00.000+10:00,0.788,140,603
2004-12-30T00:00:00.000+10:00,0.661,140,603
2004-12-31T00:00:00.000+10:00,0.526,140,603
2005-01-01T00:00:00.000+10:00,0.363,140,603
2005-01-02T00:00:00.000+10:00,0.365,140,603
2005-01-03T00:00:00.000+10:00,0.390,140,603
2005-01-04T00:00:00.000+10:00,0.376,140,603
2005-01-05T00:00:00.000+10:00,0.358,140,603
2005-01-06T00:00:00.000+10:00,0.335,140,603
2005-01-07T00:00:00.000+10:00,0.327,140,603
2005-01-08T00:00:00.000+10:00,0.314,140,603
2005-01-09T00:00:00.000+10:00,0.311,140,603
2005-01-10T00:00:00.000+10:00,0.296,140,603
2005-01-11T00:00:00.000+10:00,0.292,140,603
2005-01-12T00:00:00.000+10:00,0.300,140,603
2005-01-13T00:00:00.000+10:00,0.302,140,603
2005-01-14T00:00:00.000+10:00,0.288,140,603
2005-01-15T00:00:00.000+10:00,0.292,140,603
2005-01-16T00:00:00.000+10:00,0.288,140,603
2005-01-17T00:00:00.000+10:00,0.293,140,603
2005-01-18T00:00:00.000+10:00,0.435,140,603
2005-01-19T00:00:00.000+10:00,0.843,140,603
2005-01-20T00:00:00.000+10:00,0.695,140,603
2005-01-21T00:00:00.000+10:00,0.588,140,603
2005-01-22T00:00:00.000+10:00,0.459,140,603
2005-01-23T00:00:00.000+10:00,0.422,140,603
2005-01-24T00:00:00.000+10:00,0.667,140,603
2005-01-25T00:00:00.000+10:00,8.910,140,603
2005-01-26T00:00:00.000+10:00,8.343,140,603
2005-01-27T00:00:00.000+10:00,15.440,140,603
2005-01-28T00:00:00.000+10:00,19.675,140,603
2005-01-29T00:00:00.000+10:00,10.004,140,603
2005-01-30T00:00:00.000+10:00,5.922,140,603
2005-01-31T00:00:00.000+10:00,3.982,140,603
2005-02-01T00:00:00.000+10:00,3.082,140,603
2005-02-02T00:00:00.000+10:00,2.540,140,603
2005-02-03T00:00:00.000+10:00,2.008,140,603
2005-02-04T00:00:00.000+10:00,1.601,140,603
2005-02-05T00:00:00.000+10:00,1.393,140,603
2005-02-06T00:00:00.000+10:00,1.202,140,603
2005-02-07T00:00:00.000+10:00,1.087,140,603
2005-02-08T00:00:00.000+10:00,1.019,140,603
2005-02-09T00:00:00.000+10:00,0.959,140,603
2005-02-10T00:00:00.000+10:00,0.967,140,603
2005-02-11T00:00:00.000+10:00,1.034,140,603
2005-02-12T00:00:00.000+10:00,0.980,140,603
2005-02-13T00:00:00.000+10:00,0.920,140,603
2005-02-14T00:00:00.000+10:00,0.938,140,603
2005-02-15T00:00:00.000+10:00,0.945,140,603
2005-02-16T00:00:00.000+10:00,0.878,140,603
2005-02-17T00:00:00.000+10:00,1.225,140,603
2005-02-18T00:00:00.000+10:00,8.601,140,603
2005-02-19T00:00:00.000+10:00,4.658,140,603
2005-02-20T00:00:00.000+10:00,3.198,140,603
2005-02-21T00:00:00.000+10:00,2.526,140,603
2005-02-22T00:00:00.000+10:00,1.962,140,603
2005-02-23T00:00:00.000+10:00,1.636,140,603
2005-02-24T00:00:00.000+10:00,1.431,140,603
2005-02-25T00:00:00.000+10:00,1.243,140,603
2005-02-26T00:00:00.000+10:00,1.128,140,603
2005-02-27T00:00:00.000+10:00,1.037,140,603
2005-02-28T00:00:00.000+10:00,0.971,140,603
2005-03-01T00:00:00.000+10:00,0.960,140,603
2005-03-02T00:00:00.000+10:00,0.928,140,603
2005-03-03T00:00:00.000+10:00,0.872,140,603
2005-03-04T00:00:00.000+10:00,0.789,140,603
2005-03-05T00:00:00.000+10:00,0.750,140,603
2005-03-06T00:00:00.000+10:00,0.693,140,603
2005-03-07T00:00:00.000+10:00,0.701,140,603
2005-03-08T00:00:00.000+10:00,0.716,140,603
2005-03-09T00:00:00.000+10:00,0.697,140,603
2005-03-10T00:00:00.000+10:00,0.681,140,603
2005-03-11T00:00:00.000+10:00,0.672,140,603
2005-03-12T00:00:00.000+10:00,0.659,140,603
2005-03-13T00:00:00.000+10:00,0.623,140,603
2005-03-14T00:00:00.000+10:00,0.640,140,603
2005-03-15T00:00:00.000+10:00,0.618,140,603
2005-03-16T00:00:00.000+10:00,0.590,140,603
2005-03-17T00:00:00.000+10:00,0.573,140,603
2005-03-18T00:00:00.000+10:00,1.137,140,603
2005-03-19T00:00:00.000+10:00,1.020,140,603
2005-03-20T00:00:00.000+10:00,0.911,140,603
2005-03-21T00:00:00.000+10:00,0.797,140,603
2005-03-22T00:00:00.000+10:00,0.699,140,603
2005-03-23T00:00:00.000+10:00,0.629,140,603
2005-03-24T00:00:00.000+10:00,0.581,140,603
2005-03-25T00:00:00.000+10:00,0.565,140,603
2005-03-26T00:00:00.000+10:00,0.538,140,603
2005-03-27T00:00:00.000+10:00,0.507,140,603
2005-03-28T00:00:00.000+10:00,0.503,140,603
2005-03-29T00:00:00.000+10:00,0.462,140,603
2005-03-30T00:00:00.000+10:00,0.444,140,603
2005-03-31T00:00:00.000+10:00,0.518,140,603
2005-04-01T00:00:00.000+10:00,0.516,140,603
2005-04-02T00:00:00.000+10:00,0.483,140,603
2005-04-03T00:00:00.000+10:00,0.454,140,603
2005-04-04T00:00:00.000+10:00,0.429,140,603
2005-04-05T00:00:00.000+10:00,0.441,140,603
2005-04-06T00:00:00.000+10:00,0.461,140,603
2005-04-07T00:00:00.000+10:00,0.541,140,603
2005-04-08T00:00:00.000+10:00,0.560,140,603
2005-04-09T00:00:00.000+10:00,0.564,140,603
2005-04-10T00:00:00.000+10:00,0.527,140,603
2005-04-11T00:00:00.000+10:00,0.509,140,603
2005-04-12T00:00:00.000+10:00,0.496,140,603
2005-04-13T00:00:00.000+10:00,0.490,140,603
2005-04-14T00:00:00.000+10:00,0.478,140,603
2005-04-15T00:00:00.000+10:00,0.455,140,603
2005-04-16T00:00:00.000+10:00,0.460,140,603
2005-04-17T00:00:00.000+10:00,0.480,140,603
2005-04-18T00:00:00.000+10:00,0.451,140,603
2005-04-19T00:00:00.000+10:00,0.416,140,603
2005-04-20T00:00:00.000+10:00,0.411,140,603
2005-04-21T00:00:00.000+10:00,0.496,140,603
2005-04-22T00:00:00.000+10:00,0.548,140,603
2005-04-23T00:00:00.000+10:00,0.516,140,603
2005-04-24T00:00:00.000+10:00,0.510,140,603
2005-04-25T00:00:00.000+10:00,0.505,140,603
2005-04-26T00:00:00.000+10:00,0.499,140,603
2005-04-27T00:00:00.000+10:00,0.502,140,603
2005-04-28T00:00:00.000+10:00,0.515,140,603
2005-04-29T00:00:00.000+10:00,0.518,140,603
2005-04-30T00:00:00.000+10:00,0.496,140,603
2005-05-01T00:00:00.000+10:00,0.474,140,603
2005-05-02T00:00:00.000+10:00,0.460,140,603
2005-05-03T00:00:00.000+10:00,0.451,140,603
2005-05-04T00:00:00.000+10:00,0.424,140,603
2005-05-05T00:00:00.000+10:00,0.415,140,603
2005-05-06T00:00:00.000+10:00,0.399,140,603
2005-05-07T00:00:00.000+10:00,0.380,140,603
2005-05-08T00:00:00.000+10:00,0.437,140,603
2005-05-09T00:00:00.000+10:00,0.506,140,603
2005-05-10T00:00:00.000+10:00,0.443,140,603
2005-05-11T00:00:00.000+10:00,0.413,140,603
2005-05-12T00:00:00.000+10:00,0.491,140,603
2005-05-13T00:00:00.000+10:00,5.625,140,603
2005-05-14T00:00:00.000+10:00,3.904,140,603
2005-05-15T00:00:00.000+10:00,2.320,140,603
2005-05-16T00:00:00.000+10:00,1.676,140,603
2005-05-17T00:00:00.000+10:00,1.352,140,603
2005-05-18T00:00:00.000+10:00,1.176,140,603
2005-05-19T00:00:00.000+10:00,1.061,140,603
2005-05-20T00:00:00.000+10:00,0.988,140,603
2005-05-21T00:00:00.000+10:00,0.934,140,603
2005-05-22T00:00:00.000+10:00,0.894,140,603
2005-05-23T00:00:00.000+10:00,0.858,140,603
2005-05-24T00:00:00.000+10:00,0.811,140,603
2005-05-25T00:00:00.000+10:00,0.776,140,603
2005-05-26T00:00:00.000+10:00,0.744,140,603
2005-05-27T00:00:00.000+10:00,0.722,140,603
2005-05-28T00:00:00.000+10:00,0.684,140,603
2005-05-29T00:00:00.000+10:00,0.642,140,603
2005-05-30T00:00:00.000+10:00,0.571,140,603
2005-05-31T00:00:00.000+10:00,0.492,140,603
2005-06-01T00:00:00.000+10:00,0.443,140,603
2005-06-02T00:00:00.000+10:00,0.387,140,603
2005-06-03T00:00:00.000+10:00,0.444,140,603
2005-06-04T00:00:00.000+10:00,0.506,140,603
2005-06-05T00:00:00.000+10:00,0.493,140,603
2005-06-06T00:00:00.000+10:00,0.474,140,603
2005-06-07T00:00:00.000+10:00,0.463,140,603
2005-06-08T00:00:00.000+10:00,0.445,140,603
2005-06-09T00:00:00.000+10:00,0.432,140,603
2005-06-10T00:00:00.000+10:00,0.413,140,603
2005-06-11T00:00:00.000+10:00,0.391,140,603
2005-06-12T00:00:00.000+10:00,0.379,140,603
2005-06-13T00:00:00.000+10:00,0.364,140,603
2005-06-14T00:00:00.000+10:00,0.363,140,603
2005-06-15T00:00:00.000+10:00,0.340,140,603
2005-06-16T00:00:00.000+10:00,0.299,140,603
2005-06-17T00:00:00.000+10:00,0.292,140,603
2005-06-18T00:00:00.000+10:00,0.291,140,603
2005-06-19T00:00:00.000+10:00,0.289,140,603
2005-06-20T00:00:00.000+10:00,0.289,140,603
2005-06-21T00:00:00.000+10:00,0.299,140,603
2005-06-22T00:00:00.000+10:00,0.295,140,603
2005-06-23T00:00:00.000+10:00,0.292,140,603
2005-06-24T00:00:00.000+10:00,0.284,140,603
2005-06-25T00:00:00.000+10:00,0.275,140,603
2005-06-26T00:00:00.000+10:00,0.270,140,603
2005-06-27T00:00:00.000+10:00,0.276,140,603
2005-06-28T00:00:00.000+10:00,0.319,140,603
2005-06-29T00:00:00.000+10:00,7.585,140,603
2005-06-30T00:00:00.000+10:00,55.878,140,603
2005-07-01T00:00:00.000+10:00,17.820,140,603
2005-07-02T00:00:00.000+10:00,7.705,140,603
2005-07-03T00:00:00.000+10:00,4.910,140,603
2005-07-04T00:00:00.000+10:00,3.586,140,603
2005-07-05T00:00:00.000+10:00,2.837,140,603
2005-07-06T00:00:00.000+10:00,2.304,140,603
2005-07-07T00:00:00.000+10:00,1.717,140,603
2005-07-08T00:00:00.000+10:00,1.204,140,603
2005-07-09T00:00:00.000+10:00,1.190,140,603
2005-07-10T00:00:00.000+10:00,1.228,140,603
2005-07-11T00:00:00.000+10:00,1.121,140,603
2005-07-12T00:00:00.000+10:00,1.028,140,603
2005-07-13T00:00:00.000+10:00,0.987,140,603
2005-07-14T00:00:00.000+10:00,0.940,140,603
2005-07-15T00:00:00.000+10:00,0.855,140,603
2005-07-16T00:00:00.000+10:00,0.830,140,603
2005-07-17T00:00:00.000+10:00,0.918,140,603
2005-07-18T00:00:00.000+10:00,0.889,140,603
2005-07-19T00:00:00.000+10:00,0.869,140,603
2005-07-20T00:00:00.000+10:00,0.838,140,603
2005-07-21T00:00:00.000+10:00,0.817,140,603
2005-07-22T00:00:00.000+10:00,0.828,140,603
2005-07-23T00:00:00.000+10:00,0.800,140,603
2005-07-24T00:00:00.000+10:00,0.775,140,603
2005-07-25T00:00:00.000+10:00,0.760,140,603
2005-07-26T00:00:00.000+10:00,0.749,140,603
2005-07-27T00:00:00.000+10:00,0.723,140,603
2005-07-28T00:00:00.000+10:00,0.703,140,603
2005-07-29T00:00:00.000+10:00,0.675,140,603
2005-07-30T00:00:00.000+10:00,0.658,140,603
2005-07-31T00:00:00.000+10:00,0.636,140,603
2005-08-01T00:00:00.000+10:00,0.619,140,603
2005-08-02T00:00:00.000+10:00,0.603,140,603
2005-08-03T00:00:00.000+10:00,0.573,140,603
2005-08-04T00:00:00.000+10:00,0.555,140,603
2005-08-05T00:00:00.000+10:00,0.542,140,603
2005-08-06T00:00:00.000+10:00,0.530,140,603
2005-08-07T00:00:00.000+10:00,0.515,140,603
2005-08-08T00:00:00.000+10:00,0.501,140,603
2005-08-09T00:00:00.000+10:00,0.488,140,603
2005-08-10T00:00:00.000+10:00,0.474,140,603
2005-08-11T00:00:00.000+10:00,0.468,140,603
2005-08-12T00:00:00.000+10:00,0.458,140,603
2005-08-13T00:00:00.000+10:00,0.434,140,603
2005-08-14T00:00:00.000+10:00,0.422,140,603
2005-08-15T00:00:00.000+10:00,0.406,140,603
2005-08-16T00:00:00.000+10:00,0.354,140,603
2005-08-17T00:00:00.000+10:00,0.262,140,603
2005-08-18T00:00:00.000+10:00,0.273,140,603
2005-08-19T00:00:00.000+10:00,0.264,140,603
2005-08-20T00:00:00.000+10:00,0.302,140,603
2005-08-21T00:00:00.000+10:00,0.302,140,603
2005-08-22T00:00:00.000+10:00,0.289,140,603
2005-08-23T00:00:00.000+10:00,0.276,140,603
2005-08-24T00:00:00.000+10:00,0.262,140,603
2005-08-25T00:00:00.000+10:00,0.256,140,603
2005-08-26T00:00:00.000+10:00,0.249,140,603
2005-08-27T00:00:00.000+10:00,0.237,140,603
2005-08-28T00:00:00.000+10:00,0.230,140,603
2005-08-29T00:00:00.000+10:00,0.230,140,603
2005-08-30T00:00:00.000+10:00,0.229,140,603
2005-08-31T00:00:00.000+10:00,0.226,140,603
2005-09-01T00:00:00.000+10:00,0.221,140,603
2005-09-02T00:00:00.000+10:00,0.230,140,603
2005-09-03T00:00:00.000+10:00,0.244,140,603
2005-09-04T00:00:00.000+10:00,0.438,140,603
2005-09-05T00:00:00.000+10:00,0.621,140,603
2005-09-06T00:00:00.000+10:00,0.501,140,603
2005-09-07T00:00:00.000+10:00,0.464,140,603
2005-09-08T00:00:00.000+10:00,0.409,140,603
2005-09-09T00:00:00.000+10:00,0.357,140,603
2005-09-10T00:00:00.000+10:00,0.329,140,603
2005-09-11T00:00:00.000+10:00,0.304,140,603
2005-09-12T00:00:00.000+10:00,0.313,140,603
2005-09-13T00:00:00.000+10:00,0.307,140,603
2005-09-14T00:00:00.000+10:00,0.301,140,603
2005-09-15T00:00:00.000+10:00,0.291,140,603
2005-09-16T00:00:00.000+10:00,0.285,140,603
2005-09-17T00:00:00.000+10:00,0.290,140,603
2005-09-18T00:00:00.000+10:00,0.276,140,603
2005-09-19T00:00:00.000+10:00,0.265,140,603
2005-09-20T00:00:00.000+10:00,0.249,140,603
2005-09-21T00:00:00.000+10:00,0.239,140,603
2005-09-22T00:00:00.000+10:00,0.232,140,603
2005-09-23T00:00:00.000+10:00,0.215,140,603
2005-09-24T00:00:00.000+10:00,0.206,140,603
2005-09-25T00:00:00.000+10:00,0.198,140,603
2005-09-26T00:00:00.000+10:00,0.194,140,603
2005-09-27T00:00:00.000+10:00,0.202,140,603
2005-09-28T00:00:00.000+10:00,0.401,140,603
2005-09-29T00:00:00.000+10:00,0.367,140,603
2005-09-30T00:00:00.000+10:00,0.285,140,603
2005-10-01T00:00:00.000+10:00,0.271,140,603
2005-10-02T00:00:00.000+10:00,0.257,140,603
2005-10-03T00:00:00.000+10:00,0.245,140,603
2005-10-04T00:00:00.000+10:00,0.228,140,603
2005-10-05T00:00:00.000+10:00,0.213,140,603
2005-10-06T00:00:00.000+10:00,0.196,140,603
2005-10-07T00:00:00.000+10:00,0.190,140,603
2005-10-08T00:00:00.000+10:00,0.179,140,603
2005-10-09T00:00:00.000+10:00,0.160,140,603
2005-10-10T00:00:00.000+10:00,0.146,140,603
2005-10-11T00:00:00.000+10:00,0.141,140,603
2005-10-12T00:00:00.000+10:00,0.136,140,603
2005-10-13T00:00:00.000+10:00,0.132,140,603
2005-10-14T00:00:00.000+10:00,0.127,140,603
2005-10-15T00:00:00.000+10:00,0.124,140,603
2005-10-16T00:00:00.000+10:00,0.143,140,603
2005-10-17T00:00:00.000+10:00,0.169,140,603
2005-10-18T00:00:00.000+10:00,0.164,140,603
2005-10-19T00:00:00.000+10:00,0.158,140,603
2005-10-20T00:00:00.000+10:00,0.183,140,603
2005-10-21T00:00:00.000+10:00,0.233,140,603
2005-10-22T00:00:00.000+10:00,0.253,140,603
2005-10-23T00:00:00.000+10:00,0.246,140,603
2005-10-24T00:00:00.000+10:00,0.291,140,603
2005-10-25T00:00:00.000+10:00,0.410,140,603
2005-10-26T00:00:00.000+10:00,0.324,140,603
2005-10-27T00:00:00.000+10:00,1.205,140,603
2005-10-28T00:00:00.000+10:00,1.023,140,603
2005-10-29T00:00:00.000+10:00,0.671,140,603
2005-10-30T00:00:00.000+10:00,1.008,140,603
2005-10-31T00:00:00.000+10:00,1.393,140,603
2005-11-01T00:00:00.000+10:00,3.708,140,603
2005-11-02T00:00:00.000+10:00,1.700,140,603
2005-11-03T00:00:00.000+10:00,0.960,140,603
2005-11-04T00:00:00.000+10:00,0.706,140,603
2005-11-05T00:00:00.000+10:00,0.612,140,603
2005-11-06T00:00:00.000+10:00,2.550,140,603
2005-11-07T00:00:00.000+10:00,1.500,140,603
2005-11-08T00:00:00.000+10:00,1.151,140,603
2005-11-09T00:00:00.000+10:00,1.099,140,603
2005-11-10T00:00:00.000+10:00,0.987,140,603
2005-11-11T00:00:00.000+10:00,0.882,140,603
2005-11-12T00:00:00.000+10:00,0.777,140,603
2005-11-13T00:00:00.000+10:00,0.755,140,603
2005-11-14T00:00:00.000+10:00,0.848,140,603
2005-11-15T00:00:00.000+10:00,0.798,140,603
2005-11-16T00:00:00.000+10:00,0.727,140,603
2005-11-17T00:00:00.000+10:00,0.675,140,603
2005-11-18T00:00:00.000+10:00,0.590,140,603
2005-11-19T00:00:00.000+10:00,0.349,140,603
2005-11-20T00:00:00.000+10:00,0.348,140,603
2005-11-21T00:00:00.000+10:00,0.336,140,603
2005-11-22T00:00:00.000+10:00,0.334,140,603
2005-11-23T00:00:00.000+10:00,0.506,140,603
2005-11-24T00:00:00.000+10:00,0.444,140,603
2005-11-25T00:00:00.000+10:00,0.759,140,603
2005-11-26T00:00:00.000+10:00,1.649,140,603
2005-11-27T00:00:00.000+10:00,1.251,140,603
2005-11-28T00:00:00.000+10:00,1.105,140,603
2005-11-29T00:00:00.000+10:00,0.966,140,603
2005-11-30T00:00:00.000+10:00,0.930,140,603
2005-12-01T00:00:00.000+10:00,2.092,140,603
2005-12-02T00:00:00.000+10:00,4.792,140,603
2005-12-03T00:00:00.000+10:00,3.087,140,603
2005-12-04T00:00:00.000+10:00,2.150,140,603
2005-12-05T00:00:00.000+10:00,1.571,140,603
2005-12-06T00:00:00.000+10:00,1.249,140,603
2005-12-07T00:00:00.000+10:00,1.082,140,603
2005-12-08T00:00:00.000+10:00,1.057,140,603
2005-12-09T00:00:00.000+10:00,0.994,140,603
2005-12-10T00:00:00.000+10:00,1.020,140,603
2005-12-11T00:00:00.000+10:00,0.959,140,603
2005-12-12T00:00:00.000+10:00,0.905,140,603
2005-12-13T00:00:00.000+10:00,0.864,140,603
2005-12-14T00:00:00.000+10:00,0.805,140,603
2005-12-15T00:00:00.000+10:00,0.730,140,603
2005-12-16T00:00:00.000+10:00,0.703,140,603
2005-12-17T00:00:00.000+10:00,0.734,140,603
2005-12-18T00:00:00.000+10:00,0.685,140,603
2005-12-19T00:00:00.000+10:00,0.629,140,603
2005-12-20T00:00:00.000+10:00,0.580,140,603
2005-12-21T00:00:00.000+10:00,0.447,140,603
2005-12-22T00:00:00.000+10:00,0.315,140,603
2005-12-23T00:00:00.000+10:00,0.346,140,603
2005-12-24T00:00:00.000+10:00,0.355,140,603
2005-12-25T00:00:00.000+10:00,0.325,140,603
2005-12-26T00:00:00.000+10:00,0.280,140,603
2005-12-27T00:00:00.000+10:00,0.293,140,603
2005-12-28T00:00:00.000+10:00,0.302,140,603
2005-12-29T00:00:00.000+10:00,0.325,140,603
2005-12-30T00:00:00.000+10:00,0.290,140,603
2005-12-31T00:00:00.000+10:00,0.291,140,603
2006-01-01T00:00:00.000+10:00,0.270,140,603
2006-01-02T00:00:00.000+10:00,0.254,140,603
2006-01-03T00:00:00.000+10:00,0.256,140,603
2006-01-04T00:00:00.000+10:00,0.251,140,603
2006-01-05T00:00:00.000+10:00,0.255,140,603
2006-01-06T00:00:00.000+10:00,0.607,140,603
2006-01-07T00:00:00.000+10:00,37.344,140,603
2006-01-08T00:00:00.000+10:00,25.478,140,603
2006-01-09T00:00:00.000+10:00,25.427,140,603
2006-01-10T00:00:00.000+10:00,26.973,140,603
2006-01-11T00:00:00.000+10:00,15.129,140,603
2006-01-12T00:00:00.000+10:00,8.902,140,603
2006-01-13T00:00:00.000+10:00,6.324,140,603
2006-01-14T00:00:00.000+10:00,5.050,140,603
2006-01-15T00:00:00.000+10:00,3.858,140,603
2006-01-16T00:00:00.000+10:00,3.007,140,603
2006-01-17T00:00:00.000+10:00,2.581,140,603
2006-01-18T00:00:00.000+10:00,2.619,140,603
2006-01-19T00:00:00.000+10:00,5.248,140,603
2006-01-20T00:00:00.000+10:00,10.573,140,603
2006-01-21T00:00:00.000+10:00,9.217,140,603
2006-01-22T00:00:00.000+10:00,6.588,140,603
2006-01-23T00:00:00.000+10:00,4.947,140,603
2006-01-24T00:00:00.000+10:00,4.080,140,603
2006-01-25T00:00:00.000+10:00,3.957,140,603
2006-01-26T00:00:00.000+10:00,3.688,140,603
2006-01-27T00:00:00.000+10:00,3.144,140,603
2006-01-28T00:00:00.000+10:00,2.838,140,603
2006-01-29T00:00:00.000+10:00,2.517,140,603
2006-01-30T00:00:00.000+10:00,2.090,140,603
2006-01-31T00:00:00.000+10:00,1.771,140,603
2006-02-01T00:00:00.000+10:00,1.646,140,603
2006-02-02T00:00:00.000+10:00,1.526,140,603
2006-02-03T00:00:00.000+10:00,1.396,140,603
2006-02-04T00:00:00.000+10:00,1.335,140,603
2006-02-05T00:00:00.000+10:00,1.390,140,603
2006-02-06T00:00:00.000+10:00,1.330,140,603
2006-02-07T00:00:00.000+10:00,1.232,140,603
2006-02-08T00:00:00.000+10:00,1.204,140,603
2006-02-09T00:00:00.000+10:00,1.159,140,603
2006-02-10T00:00:00.000+10:00,1.088,140,603
2006-02-11T00:00:00.000+10:00,1.036,140,603
2006-02-12T00:00:00.000+10:00,1.061,140,603
2006-02-13T00:00:00.000+10:00,1.375,140,603
2006-02-14T00:00:00.000+10:00,1.128,140,603
2006-02-15T00:00:00.000+10:00,1.427,140,603
2006-02-16T00:00:00.000+10:00,2.830,140,603
2006-02-17T00:00:00.000+10:00,3.681,140,603
2006-02-18T00:00:00.000+10:00,3.035,140,603
2006-02-19T00:00:00.000+10:00,2.345,140,603
2006-02-20T00:00:00.000+10:00,1.831,140,603
2006-02-21T00:00:00.000+10:00,1.507,140,603
2006-02-22T00:00:00.000+10:00,1.402,140,603
2006-02-23T00:00:00.000+10:00,1.389,140,603
2006-02-24T00:00:00.000+10:00,1.431,140,603
2006-02-25T00:00:00.000+10:00,1.971,140,603
2006-02-26T00:00:00.000+10:00,1.644,140,603
2006-02-27T00:00:00.000+10:00,1.333,140,603
2006-02-28T00:00:00.000+10:00,1.770,140,603
2006-03-01T00:00:00.000+10:00,4.790,140,603
2006-03-02T00:00:00.000+10:00,14.160,140,603
2006-03-03T00:00:00.000+10:00,75.655,140,603
2006-03-04T00:00:00.000+10:00,30.327,140,603
2006-03-05T00:00:00.000+10:00,20.509,140,603
2006-03-06T00:00:00.000+10:00,16.925,140,603
2006-03-07T00:00:00.000+10:00,13.370,140,603
2006-03-08T00:00:00.000+10:00,9.550,140,603
2006-03-09T00:00:00.000+10:00,7.567,140,603
2006-03-10T00:00:00.000+10:00,6.246,140,603
2006-03-11T00:00:00.000+10:00,5.135,140,603
2006-03-12T00:00:00.000+10:00,4.318,140,603
2006-03-13T00:00:00.000+10:00,3.724,140,603
2006-03-14T00:00:00.000+10:00,3.277,140,603
2006-03-15T00:00:00.000+10:00,2.905,140,603
2006-03-16T00:00:00.000+10:00,2.535,140,603
2006-03-17T00:00:00.000+10:00,2.276,140,603
2006-03-18T00:00:00.000+10:00,2.075,140,603
2006-03-19T00:00:00.000+10:00,1.884,140,603
2006-03-20T00:00:00.000+10:00,1.783,140,603
2006-03-21T00:00:00.000+10:00,2.571,140,603
2006-03-22T00:00:00.000+10:00,2.913,140,603
2006-03-23T00:00:00.000+10:00,2.948,140,603
2006-03-24T00:00:00.000+10:00,22.849,140,603
2006-03-25T00:00:00.000+10:00,17.180,140,603
2006-03-26T00:00:00.000+10:00,11.228,140,603
2006-03-27T00:00:00.000+10:00,8.085,140,603
2006-03-28T00:00:00.000+10:00,6.387,140,603
2006-03-29T00:00:00.000+10:00,5.189,140,603
2006-03-30T00:00:00.000+10:00,4.357,140,603
2006-03-31T00:00:00.000+10:00,4.032,140,603
2006-04-01T00:00:00.000+10:00,3.685,140,603
2006-04-02T00:00:00.000+10:00,3.060,140,603
2006-04-03T00:00:00.000+10:00,2.696,140,603
2006-04-04T00:00:00.000+10:00,2.408,140,603
2006-04-05T00:00:00.000+10:00,2.154,140,603
2006-04-06T00:00:00.000+10:00,1.969,140,603
2006-04-07T00:00:00.000+10:00,1.762,140,603
2006-04-08T00:00:00.000+10:00,1.572,140,603
2006-04-09T00:00:00.000+10:00,1.447,140,603
2006-04-10T00:00:00.000+10:00,1.355,140,603
2006-04-11T00:00:00.000+10:00,1.290,140,603
2006-04-12T00:00:00.000+10:00,1.214,140,603
2006-04-13T00:00:00.000+10:00,1.197,140,603
2006-04-14T00:00:00.000+10:00,1.300,140,603
2006-04-15T00:00:00.000+10:00,1.165,140,603
2006-04-16T00:00:00.000+10:00,1.100,140,603
2006-04-17T00:00:00.000+10:00,1.148,140,603
2006-04-18T00:00:00.000+10:00,1.114,140,603
2006-04-19T00:00:00.000+10:00,1.084,140,603
2006-04-20T00:00:00.000+10:00,1.058,140,603
2006-04-21T00:00:00.000+10:00,1.042,140,603
2006-04-22T00:00:00.000+10:00,1.008,140,603
2006-04-23T00:00:00.000+10:00,0.981,140,603
2006-04-24T00:00:00.000+10:00,0.933,140,603
2006-04-25T00:00:00.000+10:00,0.886,140,603
2006-04-26T00:00:00.000+10:00,0.862,140,603
2006-04-27T00:00:00.000+10:00,0.838,140,603
2006-04-28T00:00:00.000+10:00,0.827,140,603
2006-04-29T00:00:00.000+10:00,0.807,140,603
2006-04-30T00:00:00.000+10:00,0.843,140,603
2006-05-01T00:00:00.000+10:00,1.015,140,603
2006-05-02T00:00:00.000+10:00,0.896,140,603
2006-05-03T00:00:00.000+10:00,0.837,140,603
2006-05-04T00:00:00.000+10:00,0.826,140,603
2006-05-05T00:00:00.000+10:00,0.835,140,603
2006-05-06T00:00:00.000+10:00,0.823,140,603
2006-05-07T00:00:00.000+10:00,0.802,140,603
2006-05-08T00:00:00.000+10:00,0.787,140,603
2006-05-09T00:00:00.000+10:00,0.774,140,603
2006-05-10T00:00:00.000+10:00,0.761,140,603
2006-05-11T00:00:00.000+10:00,0.743,140,603
2006-05-12T00:00:00.000+10:00,0.737,140,603
2006-05-13T00:00:00.000+10:00,0.732,140,603
2006-05-14T00:00:00.000+10:00,0.708,140,603
2006-05-15T00:00:00.000+10:00,0.684,140,603
2006-05-16T00:00:00.000+10:00,0.701,140,603
2006-05-17T00:00:00.000+10:00,0.714,140,603
2006-05-18T00:00:00.000+10:00,0.681,140,603
2006-05-19T00:00:00.000+10:00,0.664,140,603
2006-05-20T00:00:00.000+10:00,0.629,140,603
2006-05-21T00:00:00.000+10:00,0.592,140,603
2006-05-22T00:00:00.000+10:00,0.558,140,603
2006-05-23T00:00:00.000+10:00,0.545,140,603
2006-05-24T00:00:00.000+10:00,0.528,140,603
2006-05-25T00:00:00.000+10:00,0.501,140,603
2006-05-26T00:00:00.000+10:00,0.476,140,603
2006-05-27T00:00:00.000+10:00,0.451,140,603
2006-05-28T00:00:00.000+10:00,0.432,140,603
2006-05-29T00:00:00.000+10:00,0.404,140,603
2006-05-30T00:00:00.000+10:00,0.385,140,603
2006-05-31T00:00:00.000+10:00,0.362,140,603
2006-06-01T00:00:00.000+10:00,0.358,140,603
2006-06-02T00:00:00.000+10:00,0.353,140,603
2006-06-03T00:00:00.000+10:00,0.333,140,603
2006-06-04T00:00:00.000+10:00,0.325,140,603
2006-06-05T00:00:00.000+10:00,0.338,140,603
2006-06-06T00:00:00.000+10:00,0.293,140,603
2006-06-07T00:00:00.000+10:00,0.251,140,603
2006-06-08T00:00:00.000+10:00,0.247,140,603
2006-06-09T00:00:00.000+10:00,0.237,140,603
2006-06-10T00:00:00.000+10:00,0.312,140,603
2006-06-11T00:00:00.000+10:00,0.701,140,603
2006-06-12T00:00:00.000+10:00,0.748,140,603
2006-06-13T00:00:00.000+10:00,0.599,140,603
2006-06-14T00:00:00.000+10:00,0.540,140,603
2006-06-15T00:00:00.000+10:00,0.511,140,603
2006-06-16T00:00:00.000+10:00,0.484,140,603
2006-06-17T00:00:00.000+10:00,0.454,140,603
2006-06-18T00:00:00.000+10:00,0.450,140,603
2006-06-19T00:00:00.000+10:00,0.452,140,603
2006-06-20T00:00:00.000+10:00,0.457,140,603
2006-06-21T00:00:00.000+10:00,0.497,140,603
2006-06-22T00:00:00.000+10:00,0.539,140,603
2006-06-23T00:00:00.000+10:00,0.523,140,603
2006-06-24T00:00:00.000+10:00,0.518,140,603
2006-06-25T00:00:00.000+10:00,0.521,140,603
2006-06-26T00:00:00.000+10:00,0.501,140,603
2006-06-27T00:00:00.000+10:00,0.497,140,603
2006-06-28T00:00:00.000+10:00,0.484,140,603
2006-06-29T00:00:00.000+10:00,0.454,140,603
2006-06-30T00:00:00.000+10:00,0.428,140,603
2006-07-01T00:00:00.000+10:00,0.410,140,603
2006-07-02T00:00:00.000+10:00,0.401,140,603
2006-07-03T00:00:00.000+10:00,0.382,140,603
2006-07-04T00:00:00.000+10:00,0.370,140,603
2006-07-05T00:00:00.000+10:00,0.362,140,603
2006-07-06T00:00:00.000+10:00,0.352,140,603
2006-07-07T00:00:00.000+10:00,0.337,140,603
2006-07-08T00:00:00.000+10:00,0.329,140,603
2006-07-09T00:00:00.000+10:00,0.323,140,603
2006-07-10T00:00:00.000+10:00,0.317,140,603
2006-07-11T00:00:00.000+10:00,0.311,140,603
2006-07-12T00:00:00.000+10:00,0.301,140,603
2006-07-13T00:00:00.000+10:00,0.293,140,603
2006-07-14T00:00:00.000+10:00,0.288,140,603
2006-07-15T00:00:00.000+10:00,0.294,140,603
2006-07-16T00:00:00.000+10:00,0.412,140,603
2006-07-17T00:00:00.000+10:00,0.389,140,603
2006-07-18T00:00:00.000+10:00,0.342,140,603
2006-07-19T00:00:00.000+10:00,0.324,140,603
2006-07-20T00:00:00.000+10:00,0.311,140,603
2006-07-21T00:00:00.000+10:00,0.295,140,603
2006-07-22T00:00:00.000+10:00,0.292,140,603
2006-07-23T00:00:00.000+10:00,0.295,140,603
2006-07-24T00:00:00.000+10:00,0.293,140,603
2006-07-25T00:00:00.000+10:00,0.312,140,603
2006-07-26T00:00:00.000+10:00,0.327,140,603
2006-07-27T00:00:00.000+10:00,0.335,140,603
2006-07-28T00:00:00.000+10:00,0.352,140,603
2006-07-29T00:00:00.000+10:00,0.382,140,603
2006-07-30T00:00:00.000+10:00,0.381,140,603
2006-07-31T00:00:00.000+10:00,0.359,140,603
2006-08-01T00:00:00.000+10:00,0.341,140,603
2006-08-02T00:00:00.000+10:00,0.330,140,603
2006-08-03T00:00:00.000+10:00,0.323,140,603
2006-08-04T00:00:00.000+10:00,0.307,140,603
2006-08-05T00:00:00.000+10:00,0.622,140,603
2006-08-06T00:00:00.000+10:00,2.126,140,603
2006-08-07T00:00:00.000+10:00,1.210,140,603
2006-08-08T00:00:00.000+10:00,0.970,140,603
2006-08-09T00:00:00.000+10:00,0.880,140,603
2006-08-10T00:00:00.000+10:00,0.804,140,603
2006-08-11T00:00:00.000+10:00,0.753,140,603
2006-08-12T00:00:00.000+10:00,0.714,140,603
2006-08-13T00:00:00.000+10:00,0.670,140,603
2006-08-14T00:00:00.000+10:00,0.633,140,603
2006-08-15T00:00:00.000+10:00,0.596,140,603
2006-08-16T00:00:00.000+10:00,0.562,140,603
2006-08-17T00:00:00.000+10:00,0.533,140,603
2006-08-18T00:00:00.000+10:00,0.526,140,603
2006-08-19T00:00:00.000+10:00,0.497,140,603
2006-08-20T00:00:00.000+10:00,0.453,140,603
2006-08-21T00:00:00.000+10:00,0.418,140,603
2006-08-22T00:00:00.000+10:00,0.372,140,603
2006-08-23T00:00:00.000+10:00,0.302,140,603
2006-08-24T00:00:00.000+10:00,0.297,140,603
2006-08-25T00:00:00.000+10:00,0.313,140,603
2006-08-26T00:00:00.000+10:00,0.301,140,603
2006-08-27T00:00:00.000+10:00,0.291,140,603
2006-08-28T00:00:00.000+10:00,0.320,140,603
2006-08-29T00:00:00.000+10:00,4.261,140,603
2006-08-30T00:00:00.000+10:00,28.272,140,603
2006-08-31T00:00:00.000+10:00,13.243,140,603
2006-09-01T00:00:00.000+10:00,6.925,140,603
2006-09-02T00:00:00.000+10:00,4.598,140,603
2006-09-03T00:00:00.000+10:00,3.163,140,603
2006-09-04T00:00:00.000+10:00,2.449,140,603
2006-09-05T00:00:00.000+10:00,1.958,140,603
2006-09-06T00:00:00.000+10:00,1.615,140,603
2006-09-07T00:00:00.000+10:00,1.421,140,603
2006-09-08T00:00:00.000+10:00,1.238,140,603
2006-09-09T00:00:00.000+10:00,1.222,140,603
2006-09-10T00:00:00.000+10:00,6.443,140,603
2006-09-11T00:00:00.000+10:00,13.474,140,603
2006-09-12T00:00:00.000+10:00,9.623,140,603
2006-09-13T00:00:00.000+10:00,6.949,140,603
2006-09-14T00:00:00.000+10:00,5.083,140,603
2006-09-15T00:00:00.000+10:00,3.977,140,603
2006-09-16T00:00:00.000+10:00,3.223,140,603
2006-09-17T00:00:00.000+10:00,2.723,140,603
2006-09-18T00:00:00.000+10:00,2.288,140,603
2006-09-19T00:00:00.000+10:00,1.970,140,603
2006-09-20T00:00:00.000+10:00,1.747,140,603
2006-09-21T00:00:00.000+10:00,1.609,140,603
2006-09-22T00:00:00.000+10:00,1.487,140,603
2006-09-23T00:00:00.000+10:00,1.402,140,603
2006-09-24T00:00:00.000+10:00,1.352,140,603
2006-09-25T00:00:00.000+10:00,1.384,140,603
2006-09-26T00:00:00.000+10:00,1.482,140,603
2006-09-27T00:00:00.000+10:00,1.462,140,603
2006-09-28T00:00:00.000+10:00,1.479,140,603
2006-09-29T00:00:00.000+10:00,1.391,140,603
2006-09-30T00:00:00.000+10:00,1.328,140,603
2006-10-01T00:00:00.000+10:00,1.348,140,603
2006-10-02T00:00:00.000+10:00,1.292,140,603
2006-10-03T00:00:00.000+10:00,1.293,140,603
2006-10-04T00:00:00.000+10:00,1.322,140,603
2006-10-05T00:00:00.000+10:00,1.307,140,603
2006-10-06T00:00:00.000+10:00,1.228,140,603
2006-10-07T00:00:00.000+10:00,1.226,140,603
2006-10-08T00:00:00.000+10:00,1.116,140,603
2006-10-09T00:00:00.000+10:00,1.068,140,603
2006-10-10T00:00:00.000+10:00,1.061,140,603
2006-10-11T00:00:00.000+10:00,1.063,140,603
2006-10-12T00:00:00.000+10:00,0.974,140,603
2006-10-13T00:00:00.000+10:00,0.877,140,603
2006-10-14T00:00:00.000+10:00,0.821,140,603
2006-10-15T00:00:00.000+10:00,0.756,140,603
2006-10-16T00:00:00.000+10:00,0.753,140,603
2006-10-17T00:00:00.000+10:00,0.838,140,603
2006-10-18T00:00:00.000+10:00,0.967,140,603
2006-10-19T00:00:00.000+10:00,0.961,140,603
2006-10-20T00:00:00.000+10:00,0.977,140,603
2006-10-21T00:00:00.000+10:00,2.318,140,603
2006-10-22T00:00:00.000+10:00,2.108,140,603
2006-10-23T00:00:00.000+10:00,1.671,140,603
2006-10-24T00:00:00.000+10:00,1.485,140,603
2006-10-25T00:00:00.000+10:00,1.100,140,603
2006-10-26T00:00:00.000+10:00,0.685,140,603
2006-10-27T00:00:00.000+10:00,0.595,140,603
2006-10-28T00:00:00.000+10:00,0.583,140,603
2006-10-29T00:00:00.000+10:00,0.508,140,603
2006-10-30T00:00:00.000+10:00,0.468,140,603
2006-10-31T00:00:00.000+10:00,0.594,140,603
2006-11-01T00:00:00.000+10:00,0.772,140,603
2006-11-02T00:00:00.000+10:00,0.696,140,603
2006-11-03T00:00:00.000+10:00,0.561,140,603
2006-11-04T00:00:00.000+10:00,1.680,140,603
2006-11-05T00:00:00.000+10:00,3.128,140,603
2006-11-06T00:00:00.000+10:00,2.348,140,603
2006-11-07T00:00:00.000+10:00,2.999,140,603
2006-11-08T00:00:00.000+10:00,2.859,140,603
2006-11-09T00:00:00.000+10:00,4.497,140,603
2006-11-10T00:00:00.000+10:00,4.630,140,603
2006-11-11T00:00:00.000+10:00,3.887,140,603
2006-11-12T00:00:00.000+10:00,3.242,140,603
2006-11-13T00:00:00.000+10:00,2.670,140,603
2006-11-14T00:00:00.000+10:00,2.278,140,603
2006-11-15T00:00:00.000+10:00,1.895,140,603
2006-11-16T00:00:00.000+10:00,1.584,140,603
2006-11-17T00:00:00.000+10:00,1.309,140,603
2006-11-18T00:00:00.000+10:00,1.095,140,603
2006-11-19T00:00:00.000+10:00,0.892,140,603
2006-11-20T00:00:00.000+10:00,0.747,140,603
2006-11-21T00:00:00.000+10:00,0.816,140,603
2006-11-22T00:00:00.000+10:00,0.929,140,603
2006-11-23T00:00:00.000+10:00,0.758,140,603
2006-11-24T00:00:00.000+10:00,0.704,140,603
2006-11-25T00:00:00.000+10:00,0.653,140,603
2006-11-26T00:00:00.000+10:00,0.604,140,603
2006-11-27T00:00:00.000+10:00,0.560,140,603
2006-11-28T00:00:00.000+10:00,0.555,140,603
2006-11-29T00:00:00.000+10:00,0.534,140,603
2006-11-30T00:00:00.000+10:00,0.542,140,603
2006-12-01T00:00:00.000+10:00,0.519,140,603
2006-12-02T00:00:00.000+10:00,0.491,140,603
2006-12-03T00:00:00.000+10:00,0.480,140,603
2006-12-04T00:00:00.000+10:00,0.482,140,603
2006-12-05T00:00:00.000+10:00,0.491,140,603
2006-12-06T00:00:00.000+10:00,0.507,140,603
2006-12-07T00:00:00.000+10:00,0.450,140,603
2006-12-08T00:00:00.000+10:00,0.383,140,603
2006-12-09T00:00:00.000+10:00,0.357,140,603
2006-12-10T00:00:00.000+10:00,0.438,140,603
2006-12-11T00:00:00.000+10:00,0.455,140,603
2006-12-12T00:00:00.000+10:00,0.283,140,603
2006-12-13T00:00:00.000+10:00,0.307,140,603
2006-12-14T00:00:00.000+10:00,0.299,140,603
2006-12-15T00:00:00.000+10:00,0.321,140,603
2006-12-16T00:00:00.000+10:00,0.349,140,603
2006-12-17T00:00:00.000+10:00,0.875,140,603
2006-12-18T00:00:00.000+10:00,1.305,140,603
2006-12-19T00:00:00.000+10:00,0.764,140,603
2006-12-20T00:00:00.000+10:00,0.659,140,603
2006-12-21T00:00:00.000+10:00,0.614,140,603
2006-12-22T00:00:00.000+10:00,0.617,140,603
2006-12-23T00:00:00.000+10:00,0.611,140,603
2006-12-24T00:00:00.000+10:00,0.577,140,603
2006-12-25T00:00:00.000+10:00,0.621,140,603
2006-12-26T00:00:00.000+10:00,0.608,140,603
2006-12-27T00:00:00.000+10:00,0.589,140,603
2006-12-28T00:00:00.000+10:00,0.544,140,603
2006-12-29T00:00:00.000+10:00,0.492,140,603
2006-12-30T00:00:00.000+10:00,0.463,140,603
2006-12-31T00:00:00.000+10:00,0.536,140,603
2007-01-01T00:00:00.000+10:00,0.606,140,603
2007-01-02T00:00:00.000+10:00,0.780,140,603
2007-01-03T00:00:00.000+10:00,0.626,140,603
2007-01-04T00:00:00.000+10:00,0.710,140,603
2007-01-05T00:00:00.000+10:00,1.230,140,603
2007-01-06T00:00:00.000+10:00,1.082,140,603
2007-01-07T00:00:00.000+10:00,0.726,140,603
2007-01-08T00:00:00.000+10:00,0.604,140,603
2007-01-09T00:00:00.000+10:00,0.663,140,603
2007-01-10T00:00:00.000+10:00,0.685,140,603
2007-01-11T00:00:00.000+10:00,0.560,140,603
2007-01-12T00:00:00.000+10:00,0.486,140,603
2007-01-13T00:00:00.000+10:00,0.423,140,603
2007-01-14T00:00:00.000+10:00,0.379,140,603
2007-01-15T00:00:00.000+10:00,0.370,140,603
2007-01-16T00:00:00.000+10:00,0.386,140,603
2007-01-17T00:00:00.000+10:00,0.365,140,603
2007-01-18T00:00:00.000+10:00,0.364,140,603
2007-01-19T00:00:00.000+10:00,0.346,140,603
2007-01-20T00:00:00.000+10:00,0.322,140,603
2007-01-21T00:00:00.000+10:00,0.312,140,603
2007-01-22T00:00:00.000+10:00,0.310,140,603
2007-01-23T00:00:00.000+10:00,0.313,140,603
2007-01-24T00:00:00.000+10:00,0.275,140,603
2007-01-25T00:00:00.000+10:00,0.308,140,603
2007-01-26T00:00:00.000+10:00,0.316,140,603
2007-01-27T00:00:00.000+10:00,0.317,140,603
2007-01-28T00:00:00.000+10:00,0.299,140,603
2007-01-29T00:00:00.000+10:00,0.292,140,603
2007-01-30T00:00:00.000+10:00,0.293,140,603
2007-01-31T00:00:00.000+10:00,0.281,140,603
2007-02-01T00:00:00.000+10:00,0.270,140,603
2007-02-02T00:00:00.000+10:00,0.268,140,603
2007-02-03T00:00:00.000+10:00,0.258,140,603
2007-02-04T00:00:00.000+10:00,0.247,140,603
2007-02-05T00:00:00.000+10:00,0.233,140,603
2007-02-06T00:00:00.000+10:00,0.222,140,603
2007-02-07T00:00:00.000+10:00,0.213,140,603
2007-02-08T00:00:00.000+10:00,0.204,140,603
2007-02-09T00:00:00.000+10:00,0.197,140,603
2007-02-10T00:00:00.000+10:00,0.193,140,603
2007-02-11T00:00:00.000+10:00,0.187,140,603
2007-02-12T00:00:00.000+10:00,0.223,140,603
2007-02-13T00:00:00.000+10:00,0.272,140,603
2007-02-14T00:00:00.000+10:00,0.335,140,603
2007-02-15T00:00:00.000+10:00,0.312,140,603
2007-02-16T00:00:00.000+10:00,0.340,140,603
2007-02-17T00:00:00.000+10:00,0.382,140,603
2007-02-18T00:00:00.000+10:00,0.470,140,603
2007-02-19T00:00:00.000+10:00,0.470,140,603
2007-02-20T00:00:00.000+10:00,0.409,140,603
2007-02-21T00:00:00.000+10:00,0.365,140,603
2007-02-22T00:00:00.000+10:00,0.332,140,603
2007-02-23T00:00:00.000+10:00,0.312,140,603
2007-02-24T00:00:00.000+10:00,0.300,140,603
2007-02-25T00:00:00.000+10:00,0.291,140,603
2007-02-26T00:00:00.000+10:00,0.290,140,603
2007-02-27T00:00:00.000+10:00,0.284,140,603
2007-02-28T00:00:00.000+10:00,0.282,140,603
2007-03-01T00:00:00.000+10:00,0.411,140,603
2007-03-02T00:00:00.000+10:00,3.784,140,603
2007-03-03T00:00:00.000+10:00,1.485,140,603
2007-03-04T00:00:00.000+10:00,0.994,140,603
2007-03-05T00:00:00.000+10:00,1.463,140,603
2007-03-06T00:00:00.000+10:00,10.142,140,603
2007-03-07T00:00:00.000+10:00,9.089,140,603
2007-03-08T00:00:00.000+10:00,5.188,140,603
2007-03-09T00:00:00.000+10:00,5.024,140,603
2007-03-10T00:00:00.000+10:00,3.045,140,603
2007-03-11T00:00:00.000+10:00,2.067,140,603
2007-03-12T00:00:00.000+10:00,1.566,140,603
2007-03-13T00:00:00.000+10:00,1.776,140,603
2007-03-14T00:00:00.000+10:00,2.328,140,603
2007-03-15T00:00:00.000+10:00,1.780,140,603
2007-03-16T00:00:00.000+10:00,1.487,140,603
2007-03-17T00:00:00.000+10:00,1.255,140,603
2007-03-18T00:00:00.000+10:00,9.441,140,603
2007-03-19T00:00:00.000+10:00,8.726,140,603
2007-03-20T00:00:00.000+10:00,4.865,140,603
2007-03-21T00:00:00.000+10:00,3.314,140,603
2007-03-22T00:00:00.000+10:00,2.604,140,603
2007-03-23T00:00:00.000+10:00,2.133,140,603
2007-03-24T00:00:00.000+10:00,1.727,140,603
2007-03-25T00:00:00.000+10:00,1.536,140,603
2007-03-26T00:00:00.000+10:00,3.365,140,603
2007-03-27T00:00:00.000+10:00,2.276,140,603
2007-03-28T00:00:00.000+10:00,1.809,140,603
2007-03-29T00:00:00.000+10:00,1.552,140,603
2007-03-30T00:00:00.000+10:00,1.378,140,603
2007-03-31T00:00:00.000+10:00,1.247,140,603
2007-04-01T00:00:00.000+10:00,1.142,140,603
2007-04-02T00:00:00.000+10:00,1.112,140,603
2007-04-03T00:00:00.000+10:00,1.060,140,603
2007-04-04T00:00:00.000+10:00,1.010,140,603
2007-04-05T00:00:00.000+10:00,0.973,140,603
2007-04-06T00:00:00.000+10:00,0.950,140,603
2007-04-07T00:00:00.000+10:00,0.933,140,603
2007-04-08T00:00:00.000+10:00,0.896,140,603
2007-04-09T00:00:00.000+10:00,0.904,140,603
2007-04-10T00:00:00.000+10:00,0.898,140,603
2007-04-11T00:00:00.000+10:00,0.870,140,603
2007-04-12T00:00:00.000+10:00,0.843,140,603
2007-04-13T00:00:00.000+10:00,0.822,140,603
2007-04-14T00:00:00.000+10:00,0.810,140,603
2007-04-15T00:00:00.000+10:00,0.788,140,603
2007-04-16T00:00:00.000+10:00,0.769,140,603
2007-04-17T00:00:00.000+10:00,0.766,140,603
2007-04-18T00:00:00.000+10:00,0.754,140,603
2007-04-19T00:00:00.000+10:00,0.733,140,603
2007-04-20T00:00:00.000+10:00,0.702,140,603
2007-04-21T00:00:00.000+10:00,0.665,140,603
2007-04-22T00:00:00.000+10:00,0.618,140,603
2007-04-23T00:00:00.000+10:00,0.776,140,603
2007-04-24T00:00:00.000+10:00,0.805,140,603
2007-04-25T00:00:00.000+10:00,0.829,140,603
2007-04-26T00:00:00.000+10:00,0.906,140,603
2007-04-27T00:00:00.000+10:00,0.806,140,603
2007-04-28T00:00:00.000+10:00,0.926,140,603
2007-04-29T00:00:00.000+10:00,1.280,140,603
2007-04-30T00:00:00.000+10:00,1.076,140,603
2007-05-01T00:00:00.000+10:00,0.898,140,603
2007-05-02T00:00:00.000+10:00,0.710,140,603
2007-05-03T00:00:00.000+10:00,0.783,140,603
2007-05-04T00:00:00.000+10:00,0.829,140,603
2007-05-05T00:00:00.000+10:00,0.795,140,603
2007-05-06T00:00:00.000+10:00,0.755,140,603
2007-05-07T00:00:00.000+10:00,0.716,140,603
2007-05-08T00:00:00.000+10:00,0.681,140,603
2007-05-09T00:00:00.000+10:00,0.666,140,603
2007-05-10T00:00:00.000+10:00,0.700,140,603
2007-05-11T00:00:00.000+10:00,1.749,140,603
2007-05-12T00:00:00.000+10:00,1.530,140,603
2007-05-13T00:00:00.000+10:00,1.105,140,603
2007-05-14T00:00:00.000+10:00,1.056,140,603
2007-05-15T00:00:00.000+10:00,1.028,140,603
2007-05-16T00:00:00.000+10:00,0.975,140,603
2007-05-17T00:00:00.000+10:00,0.943,140,603
2007-05-18T00:00:00.000+10:00,0.909,140,603
2007-05-19T00:00:00.000+10:00,0.893,140,603
2007-05-20T00:00:00.000+10:00,0.858,140,603
2007-05-21T00:00:00.000+10:00,0.818,140,603
2007-05-22T00:00:00.000+10:00,0.770,140,603
2007-05-23T00:00:00.000+10:00,0.725,140,603
2007-05-24T00:00:00.000+10:00,0.697,140,603
2007-05-25T00:00:00.000+10:00,0.660,140,603
2007-05-26T00:00:00.000+10:00,0.623,140,603
2007-05-27T00:00:00.000+10:00,0.567,140,603
2007-05-28T00:00:00.000+10:00,0.494,140,603
2007-05-29T00:00:00.000+10:00,0.473,140,603
2007-05-30T00:00:00.000+10:00,0.477,140,603
2007-05-31T00:00:00.000+10:00,0.463,140,603
2007-06-01T00:00:00.000+10:00,0.458,140,603
2007-06-02T00:00:00.000+10:00,0.426,140,603
2007-06-03T00:00:00.000+10:00,0.419,140,603
2007-06-04T00:00:00.000+10:00,0.394,140,603
2007-06-05T00:00:00.000+10:00,0.376,140,603
2007-06-06T00:00:00.000+10:00,0.406,140,603
2007-06-07T00:00:00.000+10:00,0.775,140,603
2007-06-08T00:00:00.000+10:00,1.072,140,603
2007-06-09T00:00:00.000+10:00,0.888,140,603
2007-06-10T00:00:00.000+10:00,0.790,140,603
2007-06-11T00:00:00.000+10:00,0.715,140,603
2007-06-12T00:00:00.000+10:00,0.662,140,603
2007-06-13T00:00:00.000+10:00,0.616,140,603
2007-06-14T00:00:00.000+10:00,0.581,140,603
2007-06-15T00:00:00.000+10:00,0.551,140,603
2007-06-16T00:00:00.000+10:00,0.537,140,603
2007-06-17T00:00:00.000+10:00,0.496,140,603
2007-06-18T00:00:00.000+10:00,0.485,140,603
2007-06-19T00:00:00.000+10:00,0.505,140,603
2007-06-20T00:00:00.000+10:00,0.494,140,603
2007-06-21T00:00:00.000+10:00,0.468,140,603
2007-06-22T00:00:00.000+10:00,0.442,140,603
2007-06-23T00:00:00.000+10:00,0.408,140,603
2007-06-24T00:00:00.000+10:00,0.444,140,603
2007-06-25T00:00:00.000+10:00,0.526,140,603
2007-06-26T00:00:00.000+10:00,3.880,140,603
2007-06-27T00:00:00.000+10:00,2.467,140,603
2007-06-28T00:00:00.000+10:00,1.564,140,603
2007-06-29T00:00:00.000+10:00,1.175,140,603
2007-06-30T00:00:00.000+10:00,0.979,140,603
2007-07-01T00:00:00.000+10:00,0.905,140,603
2007-07-02T00:00:00.000+10:00,0.888,140,603
2007-07-03T00:00:00.000+10:00,0.869,140,603
2007-07-04T00:00:00.000+10:00,0.830,140,603
2007-07-05T00:00:00.000+10:00,0.804,140,603
2007-07-06T00:00:00.000+10:00,0.769,140,603
2007-07-07T00:00:00.000+10:00,0.736,140,603
2007-07-08T00:00:00.000+10:00,0.703,140,603
2007-07-09T00:00:00.000+10:00,0.684,140,603
2007-07-10T00:00:00.000+10:00,0.679,140,603
2007-07-11T00:00:00.000+10:00,0.657,140,603
2007-07-12T00:00:00.000+10:00,0.636,140,603
2007-07-13T00:00:00.000+10:00,0.615,140,603
2007-07-14T00:00:00.000+10:00,0.581,140,603
2007-07-15T00:00:00.000+10:00,0.548,140,603
2007-07-16T00:00:00.000+10:00,0.520,140,603
2007-07-17T00:00:00.000+10:00,0.501,140,603
2007-07-18T00:00:00.000+10:00,0.482,140,603
2007-07-19T00:00:00.000+10:00,0.458,140,603
2007-07-20T00:00:00.000+10:00,0.434,140,603
2007-07-21T00:00:00.000+10:00,0.416,140,603
2007-07-22T00:00:00.000+10:00,0.405,140,603
2007-07-23T00:00:00.000+10:00,0.393,140,603
2007-07-24T00:00:00.000+10:00,0.379,140,603
2007-07-25T00:00:00.000+10:00,0.370,140,603
2007-07-26T00:00:00.000+10:00,0.364,140,603
2007-07-27T00:00:00.000+10:00,0.335,140,603
2007-07-28T00:00:00.000+10:00,0.298,140,603
2007-07-29T00:00:00.000+10:00,0.295,140,603
2007-07-30T00:00:00.000+10:00,0.296,140,603
2007-07-31T00:00:00.000+10:00,0.303,140,603
2007-08-01T00:00:00.000+10:00,0.296,140,603
2007-08-02T00:00:00.000+10:00,0.292,140,603
2007-08-03T00:00:00.000+10:00,0.288,140,603
2007-08-04T00:00:00.000+10:00,0.284,140,603
2007-08-05T00:00:00.000+10:00,0.281,140,603
2007-08-06T00:00:00.000+10:00,0.277,140,603
2007-08-07T00:00:00.000+10:00,0.270,140,603
2007-08-08T00:00:00.000+10:00,0.265,140,603
2007-08-09T00:00:00.000+10:00,0.262,140,603
2007-08-10T00:00:00.000+10:00,0.258,140,603
2007-08-11T00:00:00.000+10:00,0.249,140,603
2007-08-12T00:00:00.000+10:00,0.239,140,603
2007-08-13T00:00:00.000+10:00,0.235,140,603
2007-08-14T00:00:00.000+10:00,0.226,140,603
2007-08-15T00:00:00.000+10:00,0.227,140,603
2007-08-16T00:00:00.000+10:00,0.229,140,603
2007-08-17T00:00:00.000+10:00,0.223,140,603
2007-08-18T00:00:00.000+10:00,0.210,140,603
2007-08-19T00:00:00.000+10:00,0.221,140,603
2007-08-20T00:00:00.000+10:00,39.590,140,603
2007-08-21T00:00:00.000+10:00,107.526,140,603
2007-08-22T00:00:00.000+10:00,29.272,140,603
2007-08-23T00:00:00.000+10:00,23.286,140,603
2007-08-24T00:00:00.000+10:00,33.685,140,603
2007-08-25T00:00:00.000+10:00,26.384,140,603
2007-08-26T00:00:00.000+10:00,14.260,140,603
2007-08-27T00:00:00.000+10:00,9.095,140,603
2007-08-28T00:00:00.000+10:00,6.561,140,603
2007-08-29T00:00:00.000+10:00,4.954,140,603
2007-08-30T00:00:00.000+10:00,3.984,140,603
2007-08-31T00:00:00.000+10:00,3.346,140,603
2007-09-01T00:00:00.000+10:00,2.873,140,603
2007-09-02T00:00:00.000+10:00,2.510,140,603
2007-09-03T00:00:00.000+10:00,2.225,140,603
2007-09-04T00:00:00.000+10:00,2.242,140,603
2007-09-05T00:00:00.000+10:00,2.632,140,603
2007-09-06T00:00:00.000+10:00,6.343,140,603
2007-09-07T00:00:00.000+10:00,7.863,140,603
2007-09-08T00:00:00.000+10:00,5.422,140,603
2007-09-09T00:00:00.000+10:00,4.317,140,603
2007-09-10T00:00:00.000+10:00,3.721,140,603
2007-09-11T00:00:00.000+10:00,3.236,140,603
2007-09-12T00:00:00.000+10:00,2.846,140,603
2007-09-13T00:00:00.000+10:00,2.473,140,603
2007-09-14T00:00:00.000+10:00,2.205,140,603
2007-09-15T00:00:00.000+10:00,2.001,140,603
2007-09-16T00:00:00.000+10:00,1.848,140,603
2007-09-17T00:00:00.000+10:00,1.765,140,603
2007-09-18T00:00:00.000+10:00,1.710,140,603
2007-09-19T00:00:00.000+10:00,1.624,140,603
2007-09-20T00:00:00.000+10:00,1.469,140,603
2007-09-21T00:00:00.000+10:00,1.394,140,603
2007-09-22T00:00:00.000+10:00,1.676,140,603
2007-09-23T00:00:00.000+10:00,2.573,140,603
2007-09-24T00:00:00.000+10:00,1.684,140,603
2007-09-25T00:00:00.000+10:00,1.419,140,603
2007-09-26T00:00:00.000+10:00,1.237,140,603
2007-09-27T00:00:00.000+10:00,1.138,140,603
2007-09-28T00:00:00.000+10:00,1.087,140,603
2007-09-29T00:00:00.000+10:00,1.036,140,603
2007-09-30T00:00:00.000+10:00,0.990,140,603
2007-10-01T00:00:00.000+10:00,0.969,140,603
2007-10-02T00:00:00.000+10:00,0.952,140,603
2007-10-03T00:00:00.000+10:00,0.935,140,603
2007-10-04T00:00:00.000+10:00,0.936,140,603
2007-10-05T00:00:00.000+10:00,0.929,140,603
2007-10-06T00:00:00.000+10:00,0.910,140,603
2007-10-07T00:00:00.000+10:00,0.888,140,603
2007-10-08T00:00:00.000+10:00,0.897,140,603
2007-10-09T00:00:00.000+10:00,0.972,140,603
2007-10-10T00:00:00.000+10:00,0.950,140,603
2007-10-11T00:00:00.000+10:00,0.903,140,603
2007-10-12T00:00:00.000+10:00,0.865,140,603
2007-10-13T00:00:00.000+10:00,0.838,140,603
2007-10-14T00:00:00.000+10:00,0.810,140,603
2007-10-15T00:00:00.000+10:00,0.783,140,603
2007-10-16T00:00:00.000+10:00,0.756,140,603
2007-10-17T00:00:00.000+10:00,0.732,140,603
2007-10-18T00:00:00.000+10:00,0.720,140,603
2007-10-19T00:00:00.000+10:00,0.690,140,603
2007-10-20T00:00:00.000+10:00,0.642,140,603
2007-10-21T00:00:00.000+10:00,0.605,140,603
2007-10-22T00:00:00.000+10:00,0.577,140,603
2007-10-23T00:00:00.000+10:00,0.560,140,603
2007-10-24T00:00:00.000+10:00,0.537,140,603
2007-10-25T00:00:00.000+10:00,0.511,140,603
2007-10-26T00:00:00.000+10:00,0.527,140,603
2007-10-27T00:00:00.000+10:00,0.551,140,603
2007-10-28T00:00:00.000+10:00,0.601,140,603
2007-10-29T00:00:00.000+10:00,0.777,140,603
2007-10-30T00:00:00.000+10:00,1.002,140,603
2007-10-31T00:00:00.000+10:00,0.791,140,603
2007-11-01T00:00:00.000+10:00,0.701,140,603
2007-11-02T00:00:00.000+10:00,1.288,140,603
2007-11-03T00:00:00.000+10:00,3.756,140,603
2007-11-04T00:00:00.000+10:00,1.711,140,603
2007-11-05T00:00:00.000+10:00,1.158,140,603
2007-11-06T00:00:00.000+10:00,0.962,140,603
2007-11-07T00:00:00.000+10:00,0.930,140,603
2007-11-08T00:00:00.000+10:00,1.813,140,603
2007-11-09T00:00:00.000+10:00,5.159,140,603
2007-11-10T00:00:00.000+10:00,21.573,140,603
2007-11-11T00:00:00.000+10:00,9.333,140,603
2007-11-12T00:00:00.000+10:00,5.670,140,603
2007-11-13T00:00:00.000+10:00,4.092,140,603
2007-11-14T00:00:00.000+10:00,3.078,140,603
2007-11-15T00:00:00.000+10:00,2.498,140,603
2007-11-16T00:00:00.000+10:00,2.016,140,603
2007-11-17T00:00:00.000+10:00,1.692,140,603
2007-11-18T00:00:00.000+10:00,1.461,140,603
2007-11-19T00:00:00.000+10:00,1.293,140,603
2007-11-20T00:00:00.000+10:00,1.181,140,603
2007-11-21T00:00:00.000+10:00,1.115,140,603
2007-11-22T00:00:00.000+10:00,1.100,140,603
2007-11-23T00:00:00.000+10:00,2.079,140,603
2007-11-24T00:00:00.000+10:00,2.444,140,603
2007-11-25T00:00:00.000+10:00,2.569,140,603
2007-11-26T00:00:00.000+10:00,1.980,140,603
2007-11-27T00:00:00.000+10:00,1.613,140,603
2007-11-28T00:00:00.000+10:00,1.670,140,603
2007-11-29T00:00:00.000+10:00,,-1,603
2007-11-30T00:00:00.000+10:00,,-1,603
2007-12-01T00:00:00.000+10:00,,-1,603
2007-12-02T00:00:00.000+10:00,,-1,603
2007-12-03T00:00:00.000+10:00,,-1,603
2007-12-04T00:00:00.000+10:00,,-1,603
2007-12-05T00:00:00.000+10:00,,-1,603
2007-12-06T00:00:00.000+10:00,,-1,603
2007-12-07T00:00:00.000+10:00,,-1,603
2007-12-08T00:00:00.000+10:00,,-1,603
2007-12-09T00:00:00.000+10:00,,-1,603
2007-12-10T00:00:00.000+10:00,,-1,603
2007-12-11T00:00:00.000+10:00,,-1,603
2007-12-12T00:00:00.000+10:00,,-1,603
2007-12-13T00:00:00.000+10:00,,-1,603
2007-12-14T00:00:00.000+10:00,,-1,603
2007-12-15T00:00:00.000+10:00,,-1,603
2007-12-16T00:00:00.000+10:00,,-1,603
2007-12-17T00:00:00.000+10:00,,-1,603
2007-12-18T00:00:00.000+10:00,,-1,603
2007-12-19T00:00:00.000+10:00,,-1,603
2007-12-20T00:00:00.000+10:00,,-1,603
2007-12-21T00:00:00.000+10:00,,-1,603
2007-12-22T00:00:00.000+10:00,,-1,603
2007-12-23T00:00:00.000+10:00,,-1,603
2007-12-24T00:00:00.000+10:00,,-1,603
2007-12-25T00:00:00.000+10:00,,-1,603
2007-12-26T00:00:00.000+10:00,,-1,603
2007-12-27T00:00:00.000+10:00,,-1,603
2007-12-28T00:00:00.000+10:00,,-1,603
2007-12-29T00:00:00.000+10:00,,-1,603
2007-12-30T00:00:00.000+10:00,,-1,603
2007-12-31T00:00:00.000+10:00,,-1,603
2008-01-01T00:00:00.000+10:00,,-1,603
2008-01-02T00:00:00.000+10:00,,-1,603
2008-01-03T00:00:00.000+10:00,,-1,603
2008-01-04T00:00:00.000+10:00,,-1,603
2008-01-05T00:00:00.000+10:00,87.279,90,603
2008-01-06T00:00:00.000+10:00,32.717,90,603
2008-01-07T00:00:00.000+10:00,16.738,90,603
2008-01-08T00:00:00.000+10:00,10.765,90,603
2008-01-09T00:00:00.000+10:00,8.180,90,603
2008-01-10T00:00:00.000+10:00,8.024,90,603
2008-01-11T00:00:00.000+10:00,,-1,603
2008-01-12T00:00:00.000+10:00,,-1,603
2008-01-13T00:00:00.000+10:00,,-1,603
2008-01-14T00:00:00.000+10:00,,-1,603
2008-01-15T00:00:00.000+10:00,12.907,90,603
2008-01-16T00:00:00.000+10:00,10.388,90,603
2008-01-17T00:00:00.000+10:00,8.346,90,603
2008-01-18T00:00:00.000+10:00,7.265,90,603
2008-01-19T00:00:00.000+10:00,,-1,603
2008-01-20T00:00:00.000+10:00,,-1,603
2008-01-21T00:00:00.000+10:00,,-1,603
2008-01-22T00:00:00.000+10:00,,-1,603
2008-01-23T00:00:00.000+10:00,,-1,603
2008-01-24T00:00:00.000+10:00,,-1,603
2008-01-25T00:00:00.000+10:00,,-1,603
2008-01-26T00:00:00.000+10:00,,-1,603
2008-01-27T00:00:00.000+10:00,,-1,603
2008-01-28T00:00:00.000+10:00,,-1,603
2008-01-29T00:00:00.000+10:00,,-1,603
2008-01-30T00:00:00.000+10:00,,-1,603
2008-01-31T00:00:00.000+10:00,,-1,603
2008-02-01T00:00:00.000+10:00,,-1,603
2008-02-02T00:00:00.000+10:00,,-1,603
2008-02-03T00:00:00.000+10:00,55.851,90,603
2008-02-04T00:00:00.000+10:00,29.420,90,603
2008-02-05T00:00:00.000+10:00,42.903,90,603
2008-02-06T00:00:00.000+10:00,31.186,90,603
2008-02-07T00:00:00.000+10:00,18.273,90,603
2008-02-08T00:00:00.000+10:00,12.575,90,603
2008-02-09T00:00:00.000+10:00,9.459,90,603
2008-02-10T00:00:00.000+10:00,7.565,90,603
2008-02-11T00:00:00.000+10:00,,-1,603
2008-02-12T00:00:00.000+10:00,,-1,603
2008-02-13T00:00:00.000+10:00,16.020,90,603
2008-02-14T00:00:00.000+10:00,9.987,90,603
2008-02-15T00:00:00.000+10:00,7.903,90,603
2008-02-16T00:00:00.000+10:00,,-1,603
2008-02-17T00:00:00.000+10:00,,-1,603
2008-02-18T00:00:00.000+10:00,,-1,603
2008-02-19T00:00:00.000+10:00,,-1,603
2008-02-20T00:00:00.000+10:00,8.427,90,603
2008-02-21T00:00:00.000+10:00,7.276,90,603
2008-02-22T00:00:00.000+10:00,,-1,603
2008-02-23T00:00:00.000+10:00,10.842,90,603
2008-02-24T00:00:00.000+10:00,9.416,90,603
2008-02-25T00:00:00.000+10:00,8.539,90,603
2008-02-26T00:00:00.000+10:00,7.960,90,603
2008-02-27T00:00:00.000+10:00,7.329,90,603
2008-02-28T00:00:00.000+10:00,,-1,603
2008-02-29T00:00:00.000+10:00,,-1,603
2008-03-01T00:00:00.000+10:00,,-1,603
2008-03-02T00:00:00.000+10:00,,-1,603
2008-03-03T00:00:00.000+10:00,,-1,603
2008-03-04T00:00:00.000+10:00,,-1,603
2008-03-05T00:00:00.000+10:00,,-1,603
2008-03-06T00:00:00.000+10:00,,-1,603
2008-03-07T00:00:00.000+10:00,,-1,603
2008-03-08T00:00:00.000+10:00,,-1,603
2008-03-09T00:00:00.000+10:00,,-1,603
2008-03-10T00:00:00.000+10:00,,-1,603
2008-03-11T00:00:00.000+10:00,,-1,603
2008-03-12T00:00:00.000+10:00,,-1,603
2008-03-13T00:00:00.000+10:00,,-1,603
2008-03-14T00:00:00.000+10:00,,-1,603
2008-03-15T00:00:00.000+10:00,,-1,603
2008-03-16T00:00:00.000+10:00,,-1,603
2008-03-17T00:00:00.000+10:00,,-1,603
2008-03-18T00:00:00.000+10:00,,-1,603
2008-03-19T00:00:00.000+10:00,,-1,603
2008-03-20T00:00:00.000+10:00,,-1,603
2008-03-21T00:00:00.000+10:00,,-1,603
2008-03-22T00:00:00.000+10:00,,-1,603
2008-03-23T00:00:00.000+10:00,,-1,603
2008-03-24T00:00:00.000+10:00,,-1,603
2008-03-25T00:00:00.000+10:00,,-1,603
2008-03-26T00:00:00.000+10:00,,-1,603
2008-03-27T00:00:00.000+10:00,,-1,603
2008-03-28T00:00:00.000+10:00,,-1,603
2008-03-29T00:00:00.000+10:00,,-1,603
2008-03-30T00:00:00.000+10:00,,-1,603
2008-03-31T00:00:00.000+10:00,,-1,603
2008-04-01T00:00:00.000+10:00,,-1,603
2008-04-02T00:00:00.000+10:00,,-1,603
2008-04-03T00:00:00.000+10:00,,-1,603
2008-04-04T00:00:00.000+10:00,,-1,603
2008-04-05T00:00:00.000+10:00,,-1,603
2008-04-06T00:00:00.000+10:00,,-1,603
2008-04-07T00:00:00.000+10:00,,-1,603
2008-04-08T00:00:00.000+10:00,,-1,603
2008-04-09T00:00:00.000+10:00,,-1,603
2008-04-10T00:00:00.000+10:00,8.473,90,603
2008-04-11T00:00:00.000+10:00,,-1,603
2008-04-12T00:00:00.000+10:00,,-1,603
2008-04-13T00:00:00.000+10:00,,-1,603
2008-04-14T00:00:00.000+10:00,,-1,603
2008-04-15T00:00:00.000+10:00,,-1,603
2008-04-16T00:00:00.000+10:00,,-1,603
2008-04-17T00:00:00.000+10:00,,-1,603
2008-04-18T00:00:00.000+10:00,,-1,603
2008-04-19T00:00:00.000+10:00,,-1,603
2008-04-20T00:00:00.000+10:00,15.120,90,603
2008-04-21T00:00:00.000+10:00,10.889,90,603
2008-04-22T00:00:00.000+10:00,,-1,603
2008-04-23T00:00:00.000+10:00,,-1,603
2008-04-24T00:00:00.000+10:00,,-1,603
2008-04-25T00:00:00.000+10:00,,-1,603
2008-04-26T00:00:00.000+10:00,,-1,603
2008-04-27T00:00:00.000+10:00,,-1,603
2008-04-28T00:00:00.000+10:00,,-1,603
2008-04-29T00:00:00.000+10:00,,-1,603
2008-04-30T00:00:00.000+10:00,,-1,603
2008-05-01T00:00:00.000+10:00,,-1,603
2008-05-02T00:00:00.000+10:00,,-1,603
2008-05-03T00:00:00.000+10:00,,-1,603
2008-05-04T00:00:00.000+10:00,,-1,603
2008-05-05T00:00:00.000+10:00,,-1,603
2008-05-06T00:00:00.000+10:00,,-1,603
2008-05-07T00:00:00.000+10:00,,-1,603
2008-05-08T00:00:00.000+10:00,,-1,603
2008-05-09T00:00:00.000+10:00,,-1,603
2008-05-10T00:00:00.000+10:00,,-1,603
2008-05-11T00:00:00.000+10:00,,-1,603
2008-05-12T00:00:00.000+10:00,,-1,603
2008-05-13T00:00:00.000+10:00,,-1,603
2008-05-14T00:00:00.000+10:00,,-1,603
2008-05-15T00:00:00.000+10:00,,-1,603
2008-05-16T00:00:00.000+10:00,,-1,603
2008-05-17T00:00:00.000+10:00,,-1,603
2008-05-18T00:00:00.000+10:00,,-1,603
2008-05-19T00:00:00.000+10:00,,-1,603
2008-05-20T00:00:00.000+10:00,,-1,603
2008-05-21T00:00:00.000+10:00,,-1,603
2008-05-22T00:00:00.000+10:00,,-1,603
2008-05-23T00:00:00.000+10:00,,-1,603
2008-05-24T00:00:00.000+10:00,,-1,603
2008-05-25T00:00:00.000+10:00,,-1,603
2008-05-26T00:00:00.000+10:00,,-1,603
2008-05-27T00:00:00.000+10:00,,-1,603
2008-05-28T00:00:00.000+10:00,,-1,603
2008-05-29T00:00:00.000+10:00,,-1,603
2008-05-30T00:00:00.000+10:00,,-1,603
2008-05-31T00:00:00.000+10:00,,-1,603
2008-06-01T00:00:00.000+10:00,,-1,603
2008-06-02T00:00:00.000+10:00,,-1,603
2008-06-03T00:00:00.000+10:00,,-1,603
2008-06-04T00:00:00.000+10:00,14.172,140,603
2008-06-05T00:00:00.000+10:00,6.031,140,603
2008-06-06T00:00:00.000+10:00,4.030,140,603
2008-06-07T00:00:00.000+10:00,3.136,140,603
2008-06-08T00:00:00.000+10:00,2.461,140,603
2008-06-09T00:00:00.000+10:00,2.158,140,603
2008-06-10T00:00:00.000+10:00,2.076,140,603
2008-06-11T00:00:00.000+10:00,1.880,140,603
2008-06-12T00:00:00.000+10:00,1.736,140,603
2008-06-13T00:00:00.000+10:00,1.634,140,603
2008-06-14T00:00:00.000+10:00,1.554,140,603
2008-06-15T00:00:00.000+10:00,1.447,140,603
2008-06-16T00:00:00.000+10:00,1.389,140,603
2008-06-17T00:00:00.000+10:00,1.330,140,603
2008-06-18T00:00:00.000+10:00,1.310,140,603
2008-06-19T00:00:00.000+10:00,1.380,140,603
2008-06-20T00:00:00.000+10:00,1.446,140,603
2008-06-21T00:00:00.000+10:00,1.394,140,603
2008-06-22T00:00:00.000+10:00,1.349,140,603
2008-06-23T00:00:00.000+10:00,1.311,140,603
2008-06-24T00:00:00.000+10:00,1.280,140,603
2008-06-25T00:00:00.000+10:00,1.238,140,603
2008-06-26T00:00:00.000+10:00,1.211,140,603
2008-06-27T00:00:00.000+10:00,1.202,140,603
2008-06-28T00:00:00.000+10:00,1.167,140,603
2008-06-29T00:00:00.000+10:00,1.140,140,603
2008-06-30T00:00:00.000+10:00,1.113,140,603
2008-07-01T00:00:00.000+10:00,1.087,140,603
2008-07-02T00:00:00.000+10:00,1.060,140,603
2008-07-03T00:00:00.000+10:00,1.033,140,603
2008-07-04T00:00:00.000+10:00,1.002,140,603
2008-07-05T00:00:00.000+10:00,1.057,140,603
2008-07-06T00:00:00.000+10:00,1.060,140,603
2008-07-07T00:00:00.000+10:00,0.990,140,603
2008-07-08T00:00:00.000+10:00,0.961,140,603
2008-07-09T00:00:00.000+10:00,0.943,140,603
2008-07-10T00:00:00.000+10:00,0.917,140,603
2008-07-11T00:00:00.000+10:00,0.891,140,603
2008-07-12T00:00:00.000+10:00,0.872,140,603
2008-07-13T00:00:00.000+10:00,0.849,140,603
2008-07-14T00:00:00.000+10:00,0.824,140,603
2008-07-15T00:00:00.000+10:00,0.808,140,603
2008-07-16T00:00:00.000+10:00,0.800,140,603
2008-07-17T00:00:00.000+10:00,0.780,140,603
2008-07-18T00:00:00.000+10:00,0.750,140,603
2008-07-19T00:00:00.000+10:00,0.730,140,603
2008-07-20T00:00:00.000+10:00,0.710,140,603
2008-07-21T00:00:00.000+10:00,0.693,140,603
2008-07-22T00:00:00.000+10:00,0.672,140,603
2008-07-23T00:00:00.000+10:00,0.658,140,603
2008-07-24T00:00:00.000+10:00,0.779,140,603
2008-07-25T00:00:00.000+10:00,5.774,140,603
2008-07-26T00:00:00.000+10:00,3.029,140,603
2008-07-27T00:00:00.000+10:00,1.864,140,603
2008-07-28T00:00:00.000+10:00,1.538,140,603
2008-07-29T00:00:00.000+10:00,1.290,140,603
2008-07-30T00:00:00.000+10:00,1.076,140,603
2008-07-31T00:00:00.000+10:00,0.971,140,603
2008-08-01T00:00:00.000+10:00,0.869,140,603
2008-08-02T00:00:00.000+10:00,0.811,140,603
2008-08-03T00:00:00.000+10:00,0.737,140,603
2008-08-04T00:00:00.000+10:00,0.678,140,603
2008-08-05T00:00:00.000+10:00,0.646,140,603
2008-08-06T00:00:00.000+10:00,0.674,140,603
2008-08-07T00:00:00.000+10:00,0.813,140,603
2008-08-08T00:00:00.000+10:00,0.761,140,603
2008-08-09T00:00:00.000+10:00,0.656,140,603
2008-08-10T00:00:00.000+10:00,0.619,140,603
2008-08-11T00:00:00.000+10:00,0.611,140,603
2008-08-12T00:00:00.000+10:00,0.634,140,603
2008-08-13T00:00:00.000+10:00,0.620,140,603
2008-08-14T00:00:00.000+10:00,0.602,140,603
2008-08-15T00:00:00.000+10:00,0.589,140,603
2008-08-16T00:00:00.000+10:00,0.574,140,603
2008-08-17T00:00:00.000+10:00,0.559,140,603
2008-08-18T00:00:00.000+10:00,0.537,140,603
2008-08-19T00:00:00.000+10:00,0.527,140,603
2008-08-20T00:00:00.000+10:00,0.515,140,603
2008-08-21T00:00:00.000+10:00,0.500,140,603
2008-08-22T00:00:00.000+10:00,0.497,140,603
2008-08-23T00:00:00.000+10:00,0.499,140,603
2008-08-24T00:00:00.000+10:00,0.489,140,603
2008-08-25T00:00:00.000+10:00,0.463,140,603
2008-08-26T00:00:00.000+10:00,0.449,140,603
2008-08-27T00:00:00.000+10:00,0.442,140,603
2008-08-28T00:00:00.000+10:00,0.478,140,603
2008-08-29T00:00:00.000+10:00,0.700,140,603
2008-08-30T00:00:00.000+10:00,1.131,140,603
2008-08-31T00:00:00.000+10:00,0.861,140,603
2008-09-01T00:00:00.000+10:00,0.701,140,603
2008-09-02T00:00:00.000+10:00,0.634,140,603
2008-09-03T00:00:00.000+10:00,0.883,140,603
2008-09-04T00:00:00.000+10:00,1.890,140,603
2008-09-05T00:00:00.000+10:00,68.062,140,603
2008-09-06T00:00:00.000+10:00,21.076,140,603
2008-09-07T00:00:00.000+10:00,8.075,140,603
2008-09-08T00:00:00.000+10:00,4.846,140,603
2008-09-09T00:00:00.000+10:00,3.479,140,603
2008-09-10T00:00:00.000+10:00,2.832,140,603
2008-09-11T00:00:00.000+10:00,2.381,140,603
2008-09-12T00:00:00.000+10:00,2.001,140,603
2008-09-13T00:00:00.000+10:00,1.755,140,603
2008-09-14T00:00:00.000+10:00,1.619,140,603
2008-09-15T00:00:00.000+10:00,1.560,140,603
2008-09-16T00:00:00.000+10:00,1.429,140,603
2008-09-17T00:00:00.000+10:00,1.388,140,603
2008-09-18T00:00:00.000+10:00,,-1,603
2008-09-19T00:00:00.000+10:00,,-1,603
2008-09-20T00:00:00.000+10:00,,-1,603
2008-09-21T00:00:00.000+10:00,,-1,603
2008-09-22T00:00:00.000+10:00,,-1,603
2008-09-23T00:00:00.000+10:00,,-1,603
2008-09-24T00:00:00.000+10:00,,-1,603
2008-09-25T00:00:00.000+10:00,,-1,603
2008-09-26T00:00:00.000+10:00,,-1,603
2008-09-27T00:00:00.000+10:00,,-1,603
2008-09-28T00:00:00.000+10:00,,-1,603
2008-09-29T00:00:00.000+10:00,,-1,603
2008-09-30T00:00:00.000+10:00,,-1,603
2008-10-01T00:00:00.000+10:00,,-1,603
2008-10-02T00:00:00.000+10:00,,-1,603
2008-10-03T00:00:00.000+10:00,,-1,603
2008-10-04T00:00:00.000+10:00,,-1,603
2008-10-05T00:00:00.000+10:00,,-1,603
2008-10-06T00:00:00.000+10:00,,-1,603
2008-10-07T00:00:00.000+10:00,,-1,603
2008-10-08T00:00:00.000+10:00,,-1,603
2008-10-09T00:00:00.000+10:00,,-1,603
2008-10-10T00:00:00.000+10:00,,-1,603
2008-10-11T00:00:00.000+10:00,,-1,603
2008-10-12T00:00:00.000+10:00,,-1,603
2008-10-13T00:00:00.000+10:00,,-1,603
2008-10-14T00:00:00.000+10:00,,-1,603
2008-10-15T00:00:00.000+10:00,,-1,603
2008-10-16T00:00:00.000+10:00,,-1,603
2008-10-17T00:00:00.000+10:00,,-1,603
2008-10-18T00:00:00.000+10:00,,-1,603
2008-10-19T00:00:00.000+10:00,,-1,603
2008-10-20T00:00:00.000+10:00,,-1,603
2008-10-21T00:00:00.000+10:00,,-1,603
2008-10-22T00:00:00.000+10:00,,-1,603
2008-10-23T00:00:00.000+10:00,,-1,603
2008-10-24T00:00:00.000+10:00,,-1,603
2008-10-25T00:00:00.000+10:00,,-1,603
2008-10-26T00:00:00.000+10:00,,-1,603
2008-10-27T00:00:00.000+10:00,,-1,603
2008-10-28T00:00:00.000+10:00,,-1,603
2008-10-29T00:00:00.000+10:00,,-1,603
2008-10-30T00:00:00.000+10:00,,-1,603
2008-10-31T00:00:00.000+10:00,,-1,603
2008-11-01T00:00:00.000+10:00,,-1,603
2008-11-02T00:00:00.000+10:00,,-1,603
2008-11-03T00:00:00.000+10:00,,-1,603
2008-11-04T00:00:00.000+10:00,,-1,603
2008-11-05T00:00:00.000+10:00,,-1,603
2008-11-06T00:00:00.000+10:00,,-1,603
2008-11-07T00:00:00.000+10:00,,-1,603
2008-11-08T00:00:00.000+10:00,,-1,603
2008-11-09T00:00:00.000+10:00,,-1,603
2008-11-10T00:00:00.000+10:00,,-1,603
2008-11-11T00:00:00.000+10:00,,-1,603
2008-11-12T00:00:00.000+10:00,,-1,603
2008-11-13T00:00:00.000+10:00,,-1,603
2008-11-14T00:00:00.000+10:00,,-1,603
2008-11-15T00:00:00.000+10:00,,-1,603
2008-11-16T00:00:00.000+10:00,,-1,603
2008-11-17T00:00:00.000+10:00,,-1,603
2008-11-18T00:00:00.000+10:00,,-1,603
2008-11-19T00:00:00.000+10:00,,-1,603
2008-11-20T00:00:00.000+10:00,,-1,603
2008-11-21T00:00:00.000+10:00,,-1,603
2008-11-22T00:00:00.000+10:00,,-1,603
2008-11-23T00:00:00.000+10:00,,-1,603
2008-11-24T00:00:00.000+10:00,,-1,603
2008-11-25T00:00:00.000+10:00,,-1,603
2008-11-26T00:00:00.000+10:00,,-1,603
2008-11-27T00:00:00.000+10:00,,-1,603
2008-11-28T00:00:00.000+10:00,,-1,603
2008-11-29T00:00:00.000+10:00,,-1,603
2008-11-30T00:00:00.000+10:00,,-1,603
2008-12-01T00:00:00.000+10:00,,-1,603
2008-12-02T00:00:00.000+10:00,,-1,603
2008-12-03T00:00:00.000+10:00,,-1,603
2008-12-04T00:00:00.000+10:00,,-1,603
2008-12-05T00:00:00.000+10:00,,-1,603
2008-12-06T00:00:00.000+10:00,,-1,603
2008-12-07T00:00:00.000+10:00,,-1,603
2008-12-08T00:00:00.000+10:00,,-1,603
2008-12-09T00:00:00.000+10:00,,-1,603
2008-12-10T00:00:00.000+10:00,,-1,603
2008-12-11T00:00:00.000+10:00,,-1,603
2008-12-12T00:00:00.000+10:00,3.354,140,603
2008-12-13T00:00:00.000+10:00,4.032,140,603
2008-12-14T00:00:00.000+10:00,2.887,140,603
2008-12-15T00:00:00.000+10:00,2.307,140,603
2008-12-16T00:00:00.000+10:00,1.902,140,603
2008-12-17T00:00:00.000+10:00,1.826,140,603
2008-12-18T00:00:00.000+10:00,1.604,140,603
2008-12-19T00:00:00.000+10:00,1.315,140,603
2008-12-20T00:00:00.000+10:00,1.171,140,603
2008-12-21T00:00:00.000+10:00,1.186,140,603
2008-12-22T00:00:00.000+10:00,1.151,140,603
2008-12-23T00:00:00.000+10:00,0.846,140,603
2008-12-24T00:00:00.000+10:00,0.795,140,603
2008-12-25T00:00:00.000+10:00,0.735,140,603
2008-12-26T00:00:00.000+10:00,0.705,140,603
2008-12-27T00:00:00.000+10:00,0.682,140,603
2008-12-28T00:00:00.000+10:00,0.711,140,603
2008-12-29T00:00:00.000+10:00,0.765,140,603
2008-12-30T00:00:00.000+10:00,0.879,140,603
2008-12-31T00:00:00.000+10:00,0.792,140,603
2009-01-01T00:00:00.000+10:00,0.665,140,603
2009-01-02T00:00:00.000+10:00,0.603,140,603
2009-01-03T00:00:00.000+10:00,0.639,140,603
2009-01-04T00:00:00.000+10:00,0.797,140,603
2009-01-05T00:00:00.000+10:00,0.684,140,603
2009-01-06T00:00:00.000+10:00,0.621,140,603
2009-01-07T00:00:00.000+10:00,0.545,140,603
2009-01-08T00:00:00.000+10:00,0.511,140,603
2009-01-09T00:00:00.000+10:00,0.497,140,603
2009-01-10T00:00:00.000+10:00,0.717,140,603
2009-01-11T00:00:00.000+10:00,0.726,140,603
2009-01-12T00:00:00.000+10:00,0.603,140,603
2009-01-13T00:00:00.000+10:00,0.576,140,603
2009-01-14T00:00:00.000+10:00,0.665,140,603
2009-01-15T00:00:00.000+10:00,0.639,140,603
2009-01-16T00:00:00.000+10:00,0.579,140,603
2009-01-17T00:00:00.000+10:00,0.509,140,603
2009-01-18T00:00:00.000+10:00,1.108,140,603
2009-01-19T00:00:00.000+10:00,1.010,140,603
2009-01-20T00:00:00.000+10:00,0.874,140,603
2009-01-21T00:00:00.000+10:00,0.845,140,603
2009-01-22T00:00:00.000+10:00,0.784,140,603
2009-01-23T00:00:00.000+10:00,0.746,140,603
2009-01-24T00:00:00.000+10:00,0.697,140,603
2009-01-25T00:00:00.000+10:00,0.640,140,603
2009-01-26T00:00:00.000+10:00,0.747,140,603
2009-01-27T00:00:00.000+10:00,0.823,140,603
2009-01-28T00:00:00.000+10:00,0.735,140,603
2009-01-29T00:00:00.000+10:00,0.714,140,603
2009-01-30T00:00:00.000+10:00,0.657,140,603
2009-01-31T00:00:00.000+10:00,0.620,140,603
2009-02-01T00:00:00.000+10:00,0.598,140,603
2009-02-02T00:00:00.000+10:00,0.595,140,603
2009-02-03T00:00:00.000+10:00,0.579,140,603
2009-02-04T00:00:00.000+10:00,0.574,140,603
2009-02-05T00:00:00.000+10:00,0.538,140,603
2009-02-06T00:00:00.000+10:00,0.483,140,603
2009-02-07T00:00:00.000+10:00,0.461,140,603
2009-02-08T00:00:00.000+10:00,0.418,140,603
2009-02-09T00:00:00.000+10:00,0.391,140,603
2009-02-10T00:00:00.000+10:00,0.366,140,603
2009-02-11T00:00:00.000+10:00,0.351,140,603
2009-02-12T00:00:00.000+10:00,0.412,140,603
2009-02-13T00:00:00.000+10:00,3.131,140,603
2009-02-14T00:00:00.000+10:00,17.631,140,603
2009-02-15T00:00:00.000+10:00,22.868,140,603
2009-02-16T00:00:00.000+10:00,83.672,140,603
2009-02-17T00:00:00.000+10:00,162.110,140,603
2009-02-18T00:00:00.000+10:00,32.712,140,603
2009-02-19T00:00:00.000+10:00,18.699,140,603
2009-02-20T00:00:00.000+10:00,13.306,140,603
2009-02-21T00:00:00.000+10:00,9.809,140,603
2009-02-22T00:00:00.000+10:00,9.181,140,603
2009-02-23T00:00:00.000+10:00,6.827,140,603
2009-02-24T00:00:00.000+10:00,5.710,140,603
2009-02-25T00:00:00.000+10:00,4.864,140,603
2009-02-26T00:00:00.000+10:00,4.536,140,603
2009-02-27T00:00:00.000+10:00,4.019,140,603
2009-02-28T00:00:00.000+10:00,3.430,140,603
2009-03-01T00:00:00.000+10:00,2.997,140,603
2009-03-02T00:00:00.000+10:00,2.518,140,603
2009-03-03T00:00:00.000+10:00,2.213,140,603
2009-03-04T00:00:00.000+10:00,2.043,140,603
2009-03-05T00:00:00.000+10:00,2.159,140,603
2009-03-06T00:00:00.000+10:00,1.784,140,603
2009-03-07T00:00:00.000+10:00,1.624,140,603
2009-03-08T00:00:00.000+10:00,1.523,140,603
2009-03-09T00:00:00.000+10:00,1.748,140,603
2009-03-10T00:00:00.000+10:00,7.818,140,603
2009-03-11T00:00:00.000+10:00,4.550,140,603
2009-03-12T00:00:00.000+10:00,3.813,140,603
2009-03-13T00:00:00.000+10:00,3.207,140,603
2009-03-14T00:00:00.000+10:00,2.748,140,603
2009-03-15T00:00:00.000+10:00,2.518,140,603
2009-03-16T00:00:00.000+10:00,2.217,140,603
2009-03-17T00:00:00.000+10:00,1.991,140,603
2009-03-18T00:00:00.000+10:00,1.793,140,603
2009-03-19T00:00:00.000+10:00,1.647,140,603
2009-03-20T00:00:00.000+10:00,1.543,140,603
2009-03-21T00:00:00.000+10:00,1.507,140,603
2009-03-22T00:00:00.000+10:00,1.699,140,603
2009-03-23T00:00:00.000+10:00,1.466,140,603
2009-03-24T00:00:00.000+10:00,1.354,140,603
2009-03-25T00:00:00.000+10:00,1.269,140,603
2009-03-26T00:00:00.000+10:00,1.199,140,603
2009-03-27T00:00:00.000+10:00,1.190,140,603
2009-03-28T00:00:00.000+10:00,1.867,140,603
2009-03-29T00:00:00.000+10:00,1.589,140,603
2009-03-30T00:00:00.000+10:00,3.304,140,603
2009-03-31T00:00:00.000+10:00,261.861,140,603
2009-04-01T00:00:00.000+10:00,140.796,140,603
2009-04-02T00:00:00.000+10:00,60.434,140,603
2009-04-03T00:00:00.000+10:00,32.117,140,603
2009-04-04T00:00:00.000+10:00,22.058,140,603
2009-04-05T00:00:00.000+10:00,16.645,140,603
2009-04-06T00:00:00.000+10:00,13.339,140,603
2009-04-07T00:00:00.000+10:00,10.867,140,603
2009-04-08T00:00:00.000+10:00,9.247,140,603
2009-04-09T00:00:00.000+10:00,8.056,140,603
2009-04-10T00:00:00.000+10:00,7.180,140,603
2009-04-11T00:00:00.000+10:00,6.480,140,603
2009-04-12T00:00:00.000+10:00,6.112,140,603
2009-04-13T00:00:00.000+10:00,6.397,140,603
2009-04-14T00:00:00.000+10:00,9.823,140,603
2009-04-15T00:00:00.000+10:00,11.958,140,603
2009-04-16T00:00:00.000+10:00,8.181,140,603
2009-04-17T00:00:00.000+10:00,6.948,140,603
2009-04-18T00:00:00.000+10:00,6.143,140,603
2009-04-19T00:00:00.000+10:00,5.282,140,603
2009-04-20T00:00:00.000+10:00,4.825,140,603
2009-04-21T00:00:00.000+10:00,13.460,140,603
2009-04-22T00:00:00.000+10:00,13.575,140,603
2009-04-23T00:00:00.000+10:00,12.943,140,603
2009-04-24T00:00:00.000+10:00,9.552,140,603
2009-04-25T00:00:00.000+10:00,8.089,140,603
2009-04-26T00:00:00.000+10:00,7.017,140,603
2009-04-27T00:00:00.000+10:00,6.025,140,603
2009-04-28T00:00:00.000+10:00,5.143,140,603
2009-04-29T00:00:00.000+10:00,4.529,140,603
2009-04-30T00:00:00.000+10:00,4.054,140,603
2009-05-01T00:00:00.000+10:00,3.579,140,603
2009-05-02T00:00:00.000+10:00,3.222,140,603
2009-05-03T00:00:00.000+10:00,3.003,140,603
2009-05-04T00:00:00.000+10:00,2.770,140,603
2009-05-05T00:00:00.000+10:00,2.666,140,603
2009-05-06T00:00:00.000+10:00,3.284,140,603
2009-05-07T00:00:00.000+10:00,3.078,140,603
2009-05-08T00:00:00.000+10:00,2.606,140,603
2009-05-09T00:00:00.000+10:00,2.411,140,603
2009-05-10T00:00:00.000+10:00,2.264,140,603
2009-05-11T00:00:00.000+10:00,2.168,140,603
2009-05-12T00:00:00.000+10:00,2.046,140,603
2009-05-13T00:00:00.000+10:00,1.946,140,603
2009-05-14T00:00:00.000+10:00,1.852,140,603
2009-05-15T00:00:00.000+10:00,1.774,140,603
2009-05-16T00:00:00.000+10:00,1.700,140,603
2009-05-17T00:00:00.000+10:00,1.646,140,603
2009-05-18T00:00:00.000+10:00,1.638,140,603
2009-05-19T00:00:00.000+10:00,1.914,140,603
2009-05-20T00:00:00.000+10:00,2.544,140,603
2009-05-21T00:00:00.000+10:00,67.357,140,603
2009-05-22T00:00:00.000+10:00,183.000,140,603
2009-05-23T00:00:00.000+10:00,101.916,140,603
2009-05-24T00:00:00.000+10:00,52.658,140,603
2009-05-25T00:00:00.000+10:00,26.843,140,603
2009-05-26T00:00:00.000+10:00,17.443,140,603
2009-05-27T00:00:00.000+10:00,12.933,140,603
2009-05-28T00:00:00.000+10:00,10.286,140,603
2009-05-29T00:00:00.000+10:00,8.738,140,603
2009-05-30T00:00:00.000+10:00,7.463,140,603
2009-05-31T00:00:00.000+10:00,6.622,140,603
2009-06-01T00:00:00.000+10:00,5.875,140,603
2009-06-02T00:00:00.000+10:00,5.128,140,603
2009-06-03T00:00:00.000+10:00,4.874,140,603
2009-06-04T00:00:00.000+10:00,4.747,140,603
2009-06-05T00:00:00.000+10:00,4.346,140,603
2009-06-06T00:00:00.000+10:00,3.704,140,603
2009-06-07T00:00:00.000+10:00,3.046,140,603
2009-06-08T00:00:00.000+10:00,2.758,140,603
2009-06-09T00:00:00.000+10:00,2.751,140,603
2009-06-10T00:00:00.000+10:00,2.812,140,603
2009-06-11T00:00:00.000+10:00,2.626,140,603
2009-06-12T00:00:00.000+10:00,2.477,140,603
2009-06-13T00:00:00.000+10:00,2.353,140,603
2009-06-14T00:00:00.000+10:00,2.233,140,603
2009-06-15T00:00:00.000+10:00,2.153,140,603
2009-06-16T00:00:00.000+10:00,2.080,140,603
2009-06-17T00:00:00.000+10:00,1.888,140,603
2009-06-18T00:00:00.000+10:00,2.103,140,603
2009-06-19T00:00:00.000+10:00,13.656,140,603
2009-06-20T00:00:00.000+10:00,52.476,140,603
2009-06-21T00:00:00.000+10:00,51.700,140,603
2009-06-22T00:00:00.000+10:00,91.950,140,603
2009-06-23T00:00:00.000+10:00,29.630,140,603
2009-06-24T00:00:00.000+10:00,16.881,140,603
2009-06-25T00:00:00.000+10:00,12.129,140,603
2009-06-26T00:00:00.000+10:00,9.724,140,603
2009-06-27T00:00:00.000+10:00,8.217,140,603
2009-06-28T00:00:00.000+10:00,7.144,140,603
2009-06-29T00:00:00.000+10:00,6.314,140,603
2009-06-30T00:00:00.000+10:00,5.668,140,603
2009-07-01T00:00:00.000+10:00,5.160,140,603
2009-07-02T00:00:00.000+10:00,4.696,140,603
2009-07-03T00:00:00.000+10:00,4.223,140,603
2009-07-04T00:00:00.000+10:00,3.369,140,603
2009-07-05T00:00:00.000+10:00,3.251,140,603
2009-07-06T00:00:00.000+10:00,2.986,140,603
2009-07-07T00:00:00.000+10:00,2.762,140,603
2009-07-08T00:00:00.000+10:00,2.621,140,603
2009-07-09T00:00:00.000+10:00,2.695,140,603
2009-07-10T00:00:00.000+10:00,3.862,140,603
2009-07-11T00:00:00.000+10:00,4.306,140,603
2009-07-12T00:00:00.000+10:00,3.056,140,603
2009-07-13T00:00:00.000+10:00,2.501,140,603
2009-07-14T00:00:00.000+10:00,2.303,140,603
2009-07-15T00:00:00.000+10:00,2.103,140,603
2009-07-16T00:00:00.000+10:00,1.898,140,603
2009-07-17T00:00:00.000+10:00,1.898,140,603
2009-07-18T00:00:00.000+10:00,1.810,140,603
2009-07-19T00:00:00.000+10:00,1.600,140,603
2009-07-20T00:00:00.000+10:00,1.638,140,603
2009-07-21T00:00:00.000+10:00,1.607,140,603
2009-07-22T00:00:00.000+10:00,1.555,140,603
2009-07-23T00:00:00.000+10:00,1.511,140,603
2009-07-24T00:00:00.000+10:00,1.487,140,603
2009-07-25T00:00:00.000+10:00,1.348,140,603
2009-07-26T00:00:00.000+10:00,1.390,140,603
2009-07-27T00:00:00.000+10:00,1.328,140,603
2009-07-28T00:00:00.000+10:00,1.287,140,603
2009-07-29T00:00:00.000+10:00,1.242,140,603
2009-07-30T00:00:00.000+10:00,1.211,140,603
2009-07-31T00:00:00.000+10:00,1.183,140,603
2009-08-01T00:00:00.000+10:00,1.155,140,603
2009-08-02T00:00:00.000+10:00,1.113,140,603
2009-08-03T00:00:00.000+10:00,1.111,140,603
2009-08-04T00:00:00.000+10:00,1.098,140,603
2009-08-05T00:00:00.000+10:00,1.021,140,603
2009-08-06T00:00:00.000+10:00,1.026,140,603
2009-08-07T00:00:00.000+10:00,1.018,140,603
2009-08-08T00:00:00.000+10:00,1.009,140,603
2009-08-09T00:00:00.000+10:00,1.025,140,603
2009-08-10T00:00:00.000+10:00,0.967,140,603
2009-08-11T00:00:00.000+10:00,0.947,140,603
2009-08-12T00:00:00.000+10:00,0.982,140,603
2009-08-13T00:00:00.000+10:00,0.896,140,603
2009-08-14T00:00:00.000+10:00,0.874,140,603
2009-08-15T00:00:00.000+10:00,0.923,140,603
2009-08-16T00:00:00.000+10:00,0.865,140,603
2009-08-17T00:00:00.000+10:00,0.885,140,603
2009-08-18T00:00:00.000+10:00,0.912,140,603
2009-08-19T00:00:00.000+10:00,0.793,140,603
2009-08-20T00:00:00.000+10:00,0.814,140,603
2009-08-21T00:00:00.000+10:00,0.836,140,603
2009-08-22T00:00:00.000+10:00,0.873,140,603
2009-08-23T00:00:00.000+10:00,0.887,140,603
2009-08-24T00:00:00.000+10:00,0.806,140,603
2009-08-25T00:00:00.000+10:00,0.826,140,603
2009-08-26T00:00:00.000+10:00,0.783,140,603
2009-08-27T00:00:00.000+10:00,0.706,140,603
2009-08-28T00:00:00.000+10:00,0.785,140,603
2009-08-29T00:00:00.000+10:00,0.743,140,603
2009-08-30T00:00:00.000+10:00,0.815,140,603
2009-08-31T00:00:00.000+10:00,0.814,140,603
2009-09-01T00:00:00.000+10:00,0.819,140,603
2009-09-02T00:00:00.000+10:00,0.780,140,603
2009-09-03T00:00:00.000+10:00,0.741,140,603
2009-09-04T00:00:00.000+10:00,0.755,140,603
2009-09-05T00:00:00.000+10:00,0.649,140,603
2009-09-06T00:00:00.000+10:00,0.681,140,603
2009-09-07T00:00:00.000+10:00,0.676,140,603
2009-09-08T00:00:00.000+10:00,0.779,140,603
2009-09-09T00:00:00.000+10:00,0.775,140,603
2009-09-10T00:00:00.000+10:00,0.796,140,603
2009-09-11T00:00:00.000+10:00,0.751,140,603
2009-09-12T00:00:00.000+10:00,0.757,140,603
2009-09-13T00:00:00.000+10:00,0.794,140,603
2009-09-14T00:00:00.000+10:00,0.769,140,603
2009-09-15T00:00:00.000+10:00,0.729,140,603
2009-09-16T00:00:00.000+10:00,0.735,140,603
2009-09-17T00:00:00.000+10:00,0.713,140,603
2009-09-18T00:00:00.000+10:00,0.662,140,603
2009-09-19T00:00:00.000+10:00,0.593,140,603
2009-09-20T00:00:00.000+10:00,0.577,140,603
2009-09-21T00:00:00.000+10:00,0.524,140,603
2009-09-22T00:00:00.000+10:00,0.539,140,603
2009-09-23T00:00:00.000+10:00,0.547,140,603
2009-09-24T00:00:00.000+10:00,0.512,140,603
2009-09-25T00:00:00.000+10:00,0.471,140,603
2009-09-26T00:00:00.000+10:00,0.501,140,603
2009-09-27T00:00:00.000+10:00,0.412,140,603
2009-09-28T00:00:00.000+10:00,0.446,140,603
2009-09-29T00:00:00.000+10:00,0.415,140,603
2009-09-30T00:00:00.000+10:00,0.332,140,603
2009-10-01T00:00:00.000+10:00,0.474,140,603
2009-10-02T00:00:00.000+10:00,0.385,140,603
2009-10-03T00:00:00.000+10:00,0.400,140,603
2009-10-04T00:00:00.000+10:00,0.454,140,603
2009-10-05T00:00:00.000+10:00,0.606,140,603
2009-10-06T00:00:00.000+10:00,0.587,140,603
2009-10-07T00:00:00.000+10:00,0.583,140,603
2009-10-08T00:00:00.000+10:00,0.569,140,603
2009-10-09T00:00:00.000+10:00,0.499,140,603
2009-10-10T00:00:00.000+10:00,0.445,140,603
2009-10-11T00:00:00.000+10:00,0.444,140,603
2009-10-12T00:00:00.000+10:00,0.426,140,603
2009-10-13T00:00:00.000+10:00,0.334,140,603
2009-10-14T00:00:00.000+10:00,0.417,140,603
2009-10-15T00:00:00.000+10:00,0.315,140,603
2009-10-16T00:00:00.000+10:00,0.374,140,603
2009-10-17T00:00:00.000+10:00,0.301,140,603
2009-10-18T00:00:00.000+10:00,0.354,140,603
2009-10-19T00:00:00.000+10:00,0.316,140,603
2009-10-20T00:00:00.000+10:00,0.356,140,603
2009-10-21T00:00:00.000+10:00,0.311,140,603
2009-10-22T00:00:00.000+10:00,0.374,140,603
2009-10-23T00:00:00.000+10:00,0.243,140,603
2009-10-24T00:00:00.000+10:00,0.324,140,603
2009-10-25T00:00:00.000+10:00,0.190,140,603
2009-10-26T00:00:00.000+10:00,6.799,140,603
2009-10-27T00:00:00.000+10:00,121.145,140,603
2009-10-28T00:00:00.000+10:00,21.993,140,603
2009-10-29T00:00:00.000+10:00,8.940,140,603
2009-10-30T00:00:00.000+10:00,5.851,140,603
2009-10-31T00:00:00.000+10:00,4.180,140,603
2009-11-01T00:00:00.000+10:00,3.264,140,603
2009-11-02T00:00:00.000+10:00,2.483,140,603
2009-11-03T00:00:00.000+10:00,1.835,140,603
2009-11-04T00:00:00.000+10:00,1.418,140,603
2009-11-05T00:00:00.000+10:00,1.363,140,603
2009-11-06T00:00:00.000+10:00,170.405,140,603
2009-11-07T00:00:00.000+10:00,125.368,140,603
2009-11-08T00:00:00.000+10:00,33.087,140,603
2009-11-09T00:00:00.000+10:00,50.496,140,603
2009-11-10T00:00:00.000+10:00,22.230,140,603
2009-11-11T00:00:00.000+10:00,13.408,140,603
2009-11-12T00:00:00.000+10:00,9.557,140,603
2009-11-13T00:00:00.000+10:00,7.644,140,603
2009-11-14T00:00:00.000+10:00,6.693,140,603
2009-11-15T00:00:00.000+10:00,5.558,140,603
2009-11-16T00:00:00.000+10:00,4.747,140,603
2009-11-17T00:00:00.000+10:00,4.106,140,603
2009-11-18T00:00:00.000+10:00,3.655,140,603
2009-11-19T00:00:00.000+10:00,3.263,140,603
2009-11-20T00:00:00.000+10:00,2.917,140,603
2009-11-21T00:00:00.000+10:00,2.656,140,603
2009-11-22T00:00:00.000+10:00,2.452,140,603
2009-11-23T00:00:00.000+10:00,2.223,140,603
2009-11-24T00:00:00.000+10:00,2.061,140,603
2009-11-25T00:00:00.000+10:00,1.932,140,603
2009-11-26T00:00:00.000+10:00,1.820,140,603
2009-11-27T00:00:00.000+10:00,1.607,140,603
2009-11-28T00:00:00.000+10:00,1.395,140,603
2009-11-29T00:00:00.000+10:00,1.560,140,603
2009-11-30T00:00:00.000+10:00,1.354,140,603
2009-12-01T00:00:00.000+10:00,1.130,140,603
2009-12-02T00:00:00.000+10:00,1.193,140,603
2009-12-03T00:00:00.000+10:00,1.191,140,603
2009-12-04T00:00:00.000+10:00,1.030,140,603
2009-12-05T00:00:00.000+10:00,1.010,140,603
2009-12-06T00:00:00.000+10:00,1.081,140,603
2009-12-07T00:00:00.000+10:00,1.015,140,603
2009-12-08T00:00:00.000+10:00,1.070,140,603
2009-12-09T00:00:00.000+10:00,0.987,140,603
2009-12-10T00:00:00.000+10:00,0.959,140,603
2009-12-11T00:00:00.000+10:00,0.946,140,603
2009-12-12T00:00:00.000+10:00,0.941,140,603
2009-12-13T00:00:00.000+10:00,0.971,140,603
2009-12-14T00:00:00.000+10:00,0.916,140,603
2009-12-15T00:00:00.000+10:00,4.086,140,603
2009-12-16T00:00:00.000+10:00,2.156,140,603
2009-12-17T00:00:00.000+10:00,1.572,140,603
2009-12-18T00:00:00.000+10:00,1.294,140,603
2009-12-19T00:00:00.000+10:00,1.322,140,603
2009-12-20T00:00:00.000+10:00,1.156,140,603
2009-12-21T00:00:00.000+10:00,1.127,140,603
2009-12-22T00:00:00.000+10:00,0.990,140,603
2009-12-23T00:00:00.000+10:00,1.019,140,603
2009-12-24T00:00:00.000+10:00,1.197,140,603
2009-12-25T00:00:00.000+10:00,1.138,140,603
2009-12-26T00:00:00.000+10:00,1.382,140,603
2009-12-27T00:00:00.000+10:00,1.722,140,603
2009-12-28T00:00:00.000+10:00,1.912,140,603
2009-12-29T00:00:00.000+10:00,15.953,140,603
2009-12-30T00:00:00.000+10:00,20.570,140,603
2009-12-31T00:00:00.000+10:00,18.620,140,603
2010-01-01T00:00:00.000+10:00,9.103,140,603
2010-01-02T00:00:00.000+10:00,6.524,140,603
2010-01-03T00:00:00.000+10:00,5.245,140,603
2010-01-04T00:00:00.000+10:00,4.825,140,603
2010-01-05T00:00:00.000+10:00,4.169,140,603
2010-01-06T00:00:00.000+10:00,3.424,140,603
2010-01-07T00:00:00.000+10:00,3.010,140,603
2010-01-08T00:00:00.000+10:00,2.694,140,603
2010-01-09T00:00:00.000+10:00,2.418,140,603
2010-01-10T00:00:00.000+10:00,2.191,140,603
2010-01-11T00:00:00.000+10:00,2.015,140,603
2010-01-12T00:00:00.000+10:00,1.881,140,603
2010-01-13T00:00:00.000+10:00,1.762,140,603
2010-01-14T00:00:00.000+10:00,1.651,140,603
2010-01-15T00:00:00.000+10:00,1.555,140,603
2010-01-16T00:00:00.000+10:00,1.528,140,603
2010-01-17T00:00:00.000+10:00,1.466,140,603
2010-01-18T00:00:00.000+10:00,1.736,140,603
2010-01-19T00:00:00.000+10:00,1.465,140,603
2010-01-20T00:00:00.000+10:00,1.374,140,603
2010-01-21T00:00:00.000+10:00,1.416,140,603
2010-01-22T00:00:00.000+10:00,1.351,140,603
2010-01-23T00:00:00.000+10:00,1.256,140,603
2010-01-24T00:00:00.000+10:00,1.178,140,603
2010-01-25T00:00:00.000+10:00,1.130,140,603
2010-01-26T00:00:00.000+10:00,1.081,140,603
2010-01-27T00:00:00.000+10:00,1.124,140,603
2010-01-28T00:00:00.000+10:00,1.067,140,603
2010-01-29T00:00:00.000+10:00,1.118,140,603
2010-01-30T00:00:00.000+10:00,1.117,140,603
2010-01-31T00:00:00.000+10:00,1.157,140,603
2010-02-01T00:00:00.000+10:00,1.258,140,603
2010-02-02T00:00:00.000+10:00,1.514,140,603
2010-02-03T00:00:00.000+10:00,7.809,140,603
2010-02-04T00:00:00.000+10:00,5.345,140,603
2010-02-05T00:00:00.000+10:00,3.955,140,603
2010-02-06T00:00:00.000+10:00,3.136,140,603
2010-02-07T00:00:00.000+10:00,65.121,140,603
2010-02-08T00:00:00.000+10:00,25.603,140,603
2010-02-09T00:00:00.000+10:00,14.120,140,603
2010-02-10T00:00:00.000+10:00,10.094,140,603
2010-02-11T00:00:00.000+10:00,7.697,140,603
2010-02-12T00:00:00.000+10:00,6.376,140,603
2010-02-13T00:00:00.000+10:00,5.783,140,603
2010-02-14T00:00:00.000+10:00,5.064,140,603
2010-02-15T00:00:00.000+10:00,4.474,140,603
2010-02-16T00:00:00.000+10:00,4.569,140,603
2010-02-17T00:00:00.000+10:00,3.801,140,603
2010-02-18T00:00:00.000+10:00,3.304,140,603
2010-02-19T00:00:00.000+10:00,2.830,140,603
2010-02-20T00:00:00.000+10:00,2.732,140,603
2010-02-21T00:00:00.000+10:00,2.563,140,603
2010-02-22T00:00:00.000+10:00,2.497,140,603
2010-02-23T00:00:00.000+10:00,2.261,140,603
2010-02-24T00:00:00.000+10:00,2.735,140,603
2010-02-25T00:00:00.000+10:00,2.291,140,603
2010-02-26T00:00:00.000+10:00,2.387,140,603
2010-02-27T00:00:00.000+10:00,3.090,140,603
2010-02-28T00:00:00.000+10:00,2.852,140,603
2010-03-01T00:00:00.000+10:00,2.598,140,603
2010-03-02T00:00:00.000+10:00,12.025,140,603
2010-03-03T00:00:00.000+10:00,18.938,140,603
2010-03-04T00:00:00.000+10:00,12.381,140,603
2010-03-05T00:00:00.000+10:00,9.357,140,603
2010-03-06T00:00:00.000+10:00,8.481,140,603
2010-03-07T00:00:00.000+10:00,7.509,140,603
2010-03-08T00:00:00.000+10:00,6.768,140,603
2010-03-09T00:00:00.000+10:00,5.797,140,603
2010-03-10T00:00:00.000+10:00,5.096,140,603
2010-03-11T00:00:00.000+10:00,5.551,140,603
2010-03-12T00:00:00.000+10:00,7.593,140,603
2010-03-13T00:00:00.000+10:00,7.658,140,603
2010-03-14T00:00:00.000+10:00,8.377,140,603
2010-03-15T00:00:00.000+10:00,7.180,140,603
2010-03-16T00:00:00.000+10:00,6.375,140,603
2010-03-17T00:00:00.000+10:00,5.680,140,603
2010-03-18T00:00:00.000+10:00,4.967,140,603
2010-03-19T00:00:00.000+10:00,4.643,140,603
2010-03-20T00:00:00.000+10:00,4.055,140,603
2010-03-21T00:00:00.000+10:00,3.613,140,603
2010-03-22T00:00:00.000+10:00,3.283,140,603
2010-03-23T00:00:00.000+10:00,3.063,140,603
2010-03-24T00:00:00.000+10:00,2.943,140,603
2010-03-25T00:00:00.000+10:00,2.687,140,603
2010-03-26T00:00:00.000+10:00,2.501,140,603
2010-03-27T00:00:00.000+10:00,2.409,140,603
2010-03-28T00:00:00.000+10:00,2.236,140,603
2010-03-29T00:00:00.000+10:00,2.157,140,603
2010-03-30T00:00:00.000+10:00,1.970,140,603
2010-03-31T00:00:00.000+10:00,2.181,140,603
2010-04-01T00:00:00.000+10:00,3.154,140,603
2010-04-02T00:00:00.000+10:00,2.163,140,603
2010-04-03T00:00:00.000+10:00,1.821,140,603
2010-04-04T00:00:00.000+10:00,1.663,140,603
2010-04-05T00:00:00.000+10:00,1.441,140,603
2010-04-06T00:00:00.000+10:00,1.467,140,603
2010-04-07T00:00:00.000+10:00,1.476,140,603
2010-04-08T00:00:00.000+10:00,1.435,140,603
2010-04-09T00:00:00.000+10:00,1.339,140,603
2010-04-10T00:00:00.000+10:00,1.269,140,603
2010-04-11T00:00:00.000+10:00,1.219,140,603
2010-04-12T00:00:00.000+10:00,1.219,140,603
2010-04-13T00:00:00.000+10:00,1.227,140,603
2010-04-14T00:00:00.000+10:00,1.232,140,603
2010-04-15T00:00:00.000+10:00,1.087,140,603
2010-04-16T00:00:00.000+10:00,1.143,140,603
2010-04-17T00:00:00.000+10:00,1.572,140,603
2010-04-18T00:00:00.000+10:00,1.592,140,603
2010-04-19T00:00:00.000+10:00,1.500,140,603
2010-04-20T00:00:00.000+10:00,1.533,140,603
2010-04-21T00:00:00.000+10:00,1.712,140,603
2010-04-22T00:00:00.000+10:00,1.520,140,603
2010-04-23T00:00:00.000+10:00,1.286,140,603
2010-04-24T00:00:00.000+10:00,1.189,140,603
2010-04-25T00:00:00.000+10:00,1.220,140,603
2010-04-26T00:00:00.000+10:00,1.324,140,603
2010-04-27T00:00:00.000+10:00,1.164,140,603
2010-04-28T00:00:00.000+10:00,1.083,140,603
2010-04-29T00:00:00.000+10:00,1.033,140,603
2010-04-30T00:00:00.000+10:00,0.992,140,603
2010-05-01T00:00:00.000+10:00,0.961,140,603
2010-05-02T00:00:00.000+10:00,1.007,140,603
2010-05-03T00:00:00.000+10:00,0.923,140,603
2010-05-04T00:00:00.000+10:00,1.033,140,603
2010-05-05T00:00:00.000+10:00,1.133,140,603
2010-05-06T00:00:00.000+10:00,0.940,140,603
2010-05-07T00:00:00.000+10:00,0.936,140,603
2010-05-08T00:00:00.000+10:00,0.912,140,603
2010-05-09T00:00:00.000+10:00,0.886,140,603
2010-05-10T00:00:00.000+10:00,0.863,140,603
2010-05-11T00:00:00.000+10:00,0.931,140,603
2010-05-12T00:00:00.000+10:00,1.048,140,603
2010-05-13T00:00:00.000+10:00,0.916,140,603
2010-05-14T00:00:00.000+10:00,0.885,140,603
2010-05-15T00:00:00.000+10:00,0.818,140,603
2010-05-16T00:00:00.000+10:00,0.805,140,603
2010-05-17T00:00:00.000+10:00,0.753,140,603
2010-05-18T00:00:00.000+10:00,0.843,140,603
2010-05-19T00:00:00.000+10:00,0.813,140,603
2010-05-20T00:00:00.000+10:00,0.711,140,603
2010-05-21T00:00:00.000+10:00,0.745,140,603
2010-05-22T00:00:00.000+10:00,0.986,140,603
2010-05-23T00:00:00.000+10:00,1.067,140,603
2010-05-24T00:00:00.000+10:00,0.967,140,603
2010-05-25T00:00:00.000+10:00,0.912,140,603
2010-05-26T00:00:00.000+10:00,0.877,140,603
2010-05-27T00:00:00.000+10:00,0.866,140,603
2010-05-28T00:00:00.000+10:00,1.128,140,603
2010-05-29T00:00:00.000+10:00,1.124,140,603
2010-05-30T00:00:00.000+10:00,1.070,140,603
2010-05-31T00:00:00.000+10:00,1.005,140,603
2010-06-01T00:00:00.000+10:00,0.925,140,603
2010-06-02T00:00:00.000+10:00,0.941,140,603
2010-06-03T00:00:00.000+10:00,2.694,140,603
2010-06-04T00:00:00.000+10:00,6.148,140,603
2010-06-05T00:00:00.000+10:00,4.557,140,603
2010-06-06T00:00:00.000+10:00,3.290,140,603
2010-06-07T00:00:00.000+10:00,2.604,140,603
2010-06-08T00:00:00.000+10:00,2.205,140,603
2010-06-09T00:00:00.000+10:00,1.918,140,603
2010-06-10T00:00:00.000+10:00,1.717,140,603
2010-06-11T00:00:00.000+10:00,1.536,140,603
2010-06-12T00:00:00.000+10:00,1.352,140,603
2010-06-13T00:00:00.000+10:00,1.187,140,603
2010-06-14T00:00:00.000+10:00,1.032,140,603
2010-06-15T00:00:00.000+10:00,1.079,140,603
2010-06-16T00:00:00.000+10:00,1.128,140,603
2010-06-17T00:00:00.000+10:00,1.000,140,603
2010-06-18T00:00:00.000+10:00,0.946,140,603
2010-06-19T00:00:00.000+10:00,0.910,140,603
2010-06-20T00:00:00.000+10:00,0.878,140,603
2010-06-21T00:00:00.000+10:00,0.860,140,603
2010-06-22T00:00:00.000+10:00,0.863,140,603
2010-06-23T00:00:00.000+10:00,0.950,140,603
2010-06-24T00:00:00.000+10:00,0.924,140,603
2010-06-25T00:00:00.000+10:00,0.926,140,603
2010-06-26T00:00:00.000+10:00,0.828,140,603
2010-06-27T00:00:00.000+10:00,0.836,140,603
2010-06-28T00:00:00.000+10:00,0.815,140,603
2010-06-29T00:00:00.000+10:00,0.858,140,603
2010-06-30T00:00:00.000+10:00,0.799,140,603
2010-07-01T00:00:00.000+10:00,0.731,140,603
2010-07-02T00:00:00.000+10:00,0.741,140,603
2010-07-03T00:00:00.000+10:00,0.774,140,603
2010-07-04T00:00:00.000+10:00,0.747,140,603
2010-07-05T00:00:00.000+10:00,0.624,140,603
2010-07-06T00:00:00.000+10:00,0.653,140,603
2010-07-07T00:00:00.000+10:00,0.639,140,603
2010-07-08T00:00:00.000+10:00,0.661,140,603
2010-07-09T00:00:00.000+10:00,0.641,140,603
2010-07-10T00:00:00.000+10:00,0.653,140,603
2010-07-11T00:00:00.000+10:00,0.596,140,603
2010-07-12T00:00:00.000+10:00,0.576,140,603
2010-07-13T00:00:00.000+10:00,0.562,140,603
2010-07-14T00:00:00.000+10:00,0.568,140,603
2010-07-15T00:00:00.000+10:00,0.552,140,603
2010-07-16T00:00:00.000+10:00,0.526,140,603
2010-07-17T00:00:00.000+10:00,0.499,140,603
2010-07-18T00:00:00.000+10:00,0.492,140,603
2010-07-19T00:00:00.000+10:00,0.563,140,603
2010-07-20T00:00:00.000+10:00,0.574,140,603
2010-07-21T00:00:00.000+10:00,0.551,140,603
2010-07-22T00:00:00.000+10:00,0.516,140,603
2010-07-23T00:00:00.000+10:00,0.501,140,603
2010-07-24T00:00:00.000+10:00,0.433,140,603
2010-07-25T00:00:00.000+10:00,0.464,140,603
2010-07-26T00:00:00.000+10:00,0.410,140,603
2010-07-27T00:00:00.000+10:00,0.396,140,603
2010-07-28T00:00:00.000+10:00,3.564,140,603
2010-07-29T00:00:00.000+10:00,3.792,140,603
2010-07-30T00:00:00.000+10:00,2.079,140,603
2010-07-31T00:00:00.000+10:00,1.551,140,603
2010-08-01T00:00:00.000+10:00,1.341,140,603
2010-08-02T00:00:00.000+10:00,1.067,140,603
2010-08-03T00:00:00.000+10:00,0.834,140,603
2010-08-04T00:00:00.000+10:00,0.869,140,603
2010-08-05T00:00:00.000+10:00,0.797,140,603
2010-08-06T00:00:00.000+10:00,0.820,140,603
2010-08-07T00:00:00.000+10:00,0.711,140,603
2010-08-08T00:00:00.000+10:00,0.689,140,603
2010-08-09T00:00:00.000+10:00,0.642,140,603
2010-08-10T00:00:00.000+10:00,0.720,140,603
2010-08-11T00:00:00.000+10:00,0.832,140,603
2010-08-12T00:00:00.000+10:00,0.627,140,603
2010-08-13T00:00:00.000+10:00,0.503,140,603
2010-08-14T00:00:00.000+10:00,0.467,140,603
2010-08-15T00:00:00.000+10:00,0.513,140,603
2010-08-16T00:00:00.000+10:00,0.370,140,603
2010-08-17T00:00:00.000+10:00,0.532,140,603
2010-08-18T00:00:00.000+10:00,0.524,140,603
2010-08-19T00:00:00.000+10:00,0.527,140,603
2010-08-20T00:00:00.000+10:00,0.520,140,603
2010-08-21T00:00:00.000+10:00,0.511,140,603
2010-08-22T00:00:00.000+10:00,0.469,140,603
2010-08-23T00:00:00.000+10:00,0.489,140,603
2010-08-24T00:00:00.000+10:00,0.543,140,603
2010-08-25T00:00:00.000+10:00,0.477,140,603
2010-08-26T00:00:00.000+10:00,0.477,140,603
2010-08-27T00:00:00.000+10:00,0.431,140,603
2010-08-28T00:00:00.000+10:00,0.432,140,603
2010-08-29T00:00:00.000+10:00,0.426,140,603
2010-08-30T00:00:00.000+10:00,0.442,140,603
2010-08-31T00:00:00.000+10:00,0.446,140,603
2010-09-01T00:00:00.000+10:00,0.452,140,603
2010-09-02T00:00:00.000+10:00,0.486,140,603
2010-09-03T00:00:00.000+10:00,0.451,140,603
2010-09-04T00:00:00.000+10:00,0.470,140,603
2010-09-05T00:00:00.000+10:00,0.485,140,603
2010-09-06T00:00:00.000+10:00,0.511,140,603
2010-09-07T00:00:00.000+10:00,0.493,140,603
2010-09-08T00:00:00.000+10:00,0.476,140,603
2010-09-09T00:00:00.000+10:00,0.478,140,603
2010-09-10T00:00:00.000+10:00,0.529,140,603
2010-09-11T00:00:00.000+10:00,0.387,140,603
2010-09-12T00:00:00.000+10:00,0.355,140,603
2010-09-13T00:00:00.000+10:00,0.448,140,603
2010-09-14T00:00:00.000+10:00,0.414,140,603
2010-09-15T00:00:00.000+10:00,0.328,140,603
2010-09-16T00:00:00.000+10:00,0.318,140,603
2010-09-17T00:00:00.000+10:00,0.341,140,603
2010-09-18T00:00:00.000+10:00,0.235,140,603
2010-09-19T00:00:00.000+10:00,0.313,140,603
2010-09-20T00:00:00.000+10:00,0.357,140,603
2010-09-21T00:00:00.000+10:00,0.262,140,603
2010-09-22T00:00:00.000+10:00,0.334,140,603
2010-09-23T00:00:00.000+10:00,0.335,140,603
2010-09-24T00:00:00.000+10:00,0.363,140,603
2010-09-25T00:00:00.000+10:00,0.381,140,603
2010-09-26T00:00:00.000+10:00,0.400,140,603
2010-09-27T00:00:00.000+10:00,0.348,140,603
2010-09-28T00:00:00.000+10:00,0.388,140,603
2010-09-29T00:00:00.000+10:00,0.276,140,603
2010-09-30T00:00:00.000+10:00,0.294,140,603
2010-10-01T00:00:00.000+10:00,0.294,140,603
2010-10-02T00:00:00.000+10:00,0.379,140,603
2010-10-03T00:00:00.000+10:00,14.139,140,603
2010-10-04T00:00:00.000+10:00,131.269,140,603
2010-10-05T00:00:00.000+10:00,64.344,140,603
2010-10-06T00:00:00.000+10:00,24.213,140,603
2010-10-07T00:00:00.000+10:00,14.506,140,603
2010-10-08T00:00:00.000+10:00,11.570,140,603
2010-10-09T00:00:00.000+10:00,10.003,140,603
2010-10-10T00:00:00.000+10:00,8.798,140,603
2010-10-11T00:00:00.000+10:00,13.505,140,603
2010-10-12T00:00:00.000+10:00,15.931,140,603
2010-10-13T00:00:00.000+10:00,11.711,140,603
2010-10-14T00:00:00.000+10:00,8.747,140,603
2010-10-15T00:00:00.000+10:00,7.131,140,603
2010-10-16T00:00:00.000+10:00,6.942,140,603
2010-10-17T00:00:00.000+10:00,5.045,140,603
2010-10-18T00:00:00.000+10:00,3.795,140,603
2010-10-19T00:00:00.000+10:00,2.865,140,603
2010-10-20T00:00:00.000+10:00,3.170,140,603
2010-10-21T00:00:00.000+10:00,2.467,140,603
2010-10-22T00:00:00.000+10:00,1.747,140,603
2010-10-23T00:00:00.000+10:00,1.495,140,603
2010-10-24T00:00:00.000+10:00,1.353,140,603
2010-10-25T00:00:00.000+10:00,4.503,140,603
2010-10-26T00:00:00.000+10:00,5.013,140,603
2010-10-27T00:00:00.000+10:00,3.683,140,603
2010-10-28T00:00:00.000+10:00,2.979,140,603
2010-10-29T00:00:00.000+10:00,3.200,140,603
2010-10-30T00:00:00.000+10:00,2.326,140,603
2010-10-31T00:00:00.000+10:00,2.039,140,603
2010-11-01T00:00:00.000+10:00,1.761,140,603
2010-11-02T00:00:00.000+10:00,1.625,140,603
2010-11-03T00:00:00.000+10:00,1.389,140,603
2010-11-04T00:00:00.000+10:00,1.586,140,603
2010-11-05T00:00:00.000+10:00,4.233,140,603
2010-11-06T00:00:00.000+10:00,35.341,140,603
2010-11-07T00:00:00.000+10:00,18.014,140,603
2010-11-08T00:00:00.000+10:00,11.343,140,603
2010-11-09T00:00:00.000+10:00,8.185,140,603
2010-11-10T00:00:00.000+10:00,6.070,140,603
2010-11-11T00:00:00.000+10:00,4.552,140,603
2010-11-12T00:00:00.000+10:00,4.126,140,603
2010-11-13T00:00:00.000+10:00,3.230,140,603
2010-11-14T00:00:00.000+10:00,2.503,140,603
2010-11-15T00:00:00.000+10:00,2.210,140,603
2010-11-16T00:00:00.000+10:00,2.719,140,603
2010-11-17T00:00:00.000+10:00,14.490,140,603
2010-11-18T00:00:00.000+10:00,9.415,140,603
2010-11-19T00:00:00.000+10:00,9.551,140,603
2010-11-20T00:00:00.000+10:00,8.892,140,603
2010-11-21T00:00:00.000+10:00,7.842,140,603
2010-11-22T00:00:00.000+10:00,6.865,140,603
2010-11-23T00:00:00.000+10:00,5.743,140,603
2010-11-24T00:00:00.000+10:00,4.966,140,603
2010-11-25T00:00:00.000+10:00,4.284,140,603
2010-11-26T00:00:00.000+10:00,3.708,140,603
2010-11-27T00:00:00.000+10:00,3.403,140,603
2010-11-28T00:00:00.000+10:00,2.801,140,603
2010-11-29T00:00:00.000+10:00,2.632,140,603
2010-11-30T00:00:00.000+10:00,3.768,140,603
2010-12-01T00:00:00.000+10:00,11.922,140,603
2010-12-02T00:00:00.000+10:00,22.046,140,603
2010-12-03T00:00:00.000+10:00,16.621,140,603
2010-12-04T00:00:00.000+10:00,12.460,140,603
2010-12-05T00:00:00.000+10:00,10.943,140,603
2010-12-06T00:00:00.000+10:00,9.551,140,603
2010-12-07T00:00:00.000+10:00,7.933,140,603
2010-12-08T00:00:00.000+10:00,7.708,140,603
2010-12-09T00:00:00.000+10:00,6.665,140,603
2010-12-10T00:00:00.000+10:00,5.633,140,603
2010-12-11T00:00:00.000+10:00,6.864,140,603
2010-12-12T00:00:00.000+10:00,5.462,140,603
2010-12-13T00:00:00.000+10:00,4.758,140,603
2010-12-14T00:00:00.000+10:00,5.700,140,603
2010-12-15T00:00:00.000+10:00,4.603,140,603
2010-12-16T00:00:00.000+10:00,4.375,140,603
2010-12-17T00:00:00.000+10:00,4.785,140,603
2010-12-18T00:00:00.000+10:00,3.994,140,603
2010-12-19T00:00:00.000+10:00,3.623,140,603
2010-12-20T00:00:00.000+10:00,3.334,140,603
2010-12-21T00:00:00.000+10:00,2.860,140,603
2010-12-22T00:00:00.000+10:00,2.655,140,603
2010-12-23T00:00:00.000+10:00,2.643,140,603
2010-12-24T00:00:00.000+10:00,3.443,140,603
2010-12-25T00:00:00.000+10:00,22.606,140,603
2010-12-26T00:00:00.000+10:00,13.043,140,603
2010-12-27T00:00:00.000+10:00,9.096,140,603
2010-12-28T00:00:00.000+10:00,18.160,140,603
2010-12-29T00:00:00.000+10:00,15.428,140,603
2010-12-30T00:00:00.000+10:00,11.473,140,603
2010-12-31T00:00:00.000+10:00,9.084,140,603
2011-01-01T00:00:00.000+10:00,7.226,140,603
2011-01-02T00:00:00.000+10:00,6.029,140,603
2011-01-03T00:00:00.000+10:00,5.036,140,603
2011-01-04T00:00:00.000+10:00,4.711,140,603
2011-01-05T00:00:00.000+10:00,4.447,140,603
2011-01-06T00:00:00.000+10:00,13.820,140,603
2011-01-07T00:00:00.000+10:00,13.776,140,603
2011-01-08T00:00:00.000+10:00,11.142,140,603
2011-01-09T00:00:00.000+10:00,12.319,140,603
2011-01-10T00:00:00.000+10:00,49.906,140,603
2011-01-11T00:00:00.000+10:00,80.285,140,603
2011-01-12T00:00:00.000+10:00,46.732,140,603
2011-01-13T00:00:00.000+10:00,31.168,140,603
2011-01-14T00:00:00.000+10:00,21.960,140,603
2011-01-15T00:00:00.000+10:00,16.979,140,603
2011-01-16T00:00:00.000+10:00,13.652,140,603
2011-01-17T00:00:00.000+10:00,11.024,140,603
2011-01-18T00:00:00.000+10:00,9.172,140,603
2011-01-19T00:00:00.000+10:00,10.322,140,603
2011-01-20T00:00:00.000+10:00,9.946,140,603
2011-01-21T00:00:00.000+10:00,7.920,140,603
2011-01-22T00:00:00.000+10:00,6.574,140,603
2011-01-23T00:00:00.000+10:00,5.533,140,603
2011-01-24T00:00:00.000+10:00,4.865,140,603
2011-01-25T00:00:00.000+10:00,4.661,140,603
2011-01-26T00:00:00.000+10:00,4.338,140,603
2011-01-27T00:00:00.000+10:00,3.874,140,603
2011-01-28T00:00:00.000+10:00,3.568,140,603
2011-01-29T00:00:00.000+10:00,3.586,140,603
2011-01-30T00:00:00.000+10:00,3.277,140,603
2011-01-31T00:00:00.000+10:00,3.032,140,603
2011-02-01T00:00:00.000+10:00,2.738,140,603
2011-02-02T00:00:00.000+10:00,2.513,140,603
2011-02-03T00:00:00.000+10:00,2.355,140,603
2011-02-04T00:00:00.000+10:00,2.190,140,603
2011-02-05T00:00:00.000+10:00,2.060,140,603
2011-02-06T00:00:00.000+10:00,1.919,140,603
2011-02-07T00:00:00.000+10:00,1.809,140,603
2011-02-08T00:00:00.000+10:00,1.772,140,603
2011-02-09T00:00:00.000+10:00,1.735,140,603
2011-02-10T00:00:00.000+10:00,1.863,140,603
2011-02-11T00:00:00.000+10:00,1.845,140,603
2011-02-12T00:00:00.000+10:00,1.646,140,603
2011-02-13T00:00:00.000+10:00,1.695,140,603
2011-02-14T00:00:00.000+10:00,8.248,140,603
2011-02-15T00:00:00.000+10:00,7.358,140,603
2011-02-16T00:00:00.000+10:00,5.245,140,603
2011-02-17T00:00:00.000+10:00,4.252,140,603
2011-02-18T00:00:00.000+10:00,3.297,140,603
2011-02-19T00:00:00.000+10:00,2.720,140,603
2011-02-20T00:00:00.000+10:00,2.207,140,603
2011-02-21T00:00:00.000+10:00,3.179,140,603
2011-02-22T00:00:00.000+10:00,9.895,140,603
2011-02-23T00:00:00.000+10:00,6.036,140,603
2011-02-24T00:00:00.000+10:00,4.542,140,603
2011-02-25T00:00:00.000+10:00,3.790,140,603
2011-02-26T00:00:00.000+10:00,3.242,140,603
2011-02-27T00:00:00.000+10:00,2.719,140,603
2011-02-28T00:00:00.000+10:00,2.970,140,603
2011-03-01T00:00:00.000+10:00,2.351,140,603
2011-03-02T00:00:00.000+10:00,2.219,140,603
2011-03-03T00:00:00.000+10:00,2.153,140,603
2011-03-04T00:00:00.000+10:00,2.580,140,603
2011-03-05T00:00:00.000+10:00,7.196,140,603
2011-03-06T00:00:00.000+10:00,9.392,140,603
2011-03-07T00:00:00.000+10:00,7.124,140,603
2011-03-08T00:00:00.000+10:00,6.723,140,603
2011-03-09T00:00:00.000+10:00,5.914,140,603
2011-03-10T00:00:00.000+10:00,4.746,140,603
2011-03-11T00:00:00.000+10:00,4.025,140,603
2011-03-12T00:00:00.000+10:00,7.650,140,603
2011-03-13T00:00:00.000+10:00,5.505,140,603
2011-03-14T00:00:00.000+10:00,4.217,140,603
2011-03-15T00:00:00.000+10:00,3.336,140,603
2011-03-16T00:00:00.000+10:00,2.897,140,603
2011-03-17T00:00:00.000+10:00,2.582,140,603
2011-03-18T00:00:00.000+10:00,2.924,140,603
2011-03-19T00:00:00.000+10:00,2.483,140,603
2011-03-20T00:00:00.000+10:00,2.605,140,603
2011-03-21T00:00:00.000+10:00,2.321,140,603
2011-03-22T00:00:00.000+10:00,2.028,140,603
2011-03-23T00:00:00.000+10:00,2.117,140,603
2011-03-24T00:00:00.000+10:00,1.874,140,603
2011-03-25T00:00:00.000+10:00,1.672,140,603
2011-03-26T00:00:00.000+10:00,1.618,140,603
2011-03-27T00:00:00.000+10:00,1.517,140,603
2011-03-28T00:00:00.000+10:00,1.595,140,603
2011-03-29T00:00:00.000+10:00,1.864,140,603
2011-03-30T00:00:00.000+10:00,2.030,140,603
2011-03-31T00:00:00.000+10:00,1.708,140,603
2011-04-01T00:00:00.000+10:00,2.002,140,603
2011-04-02T00:00:00.000+10:00,1.728,140,603
2011-04-03T00:00:00.000+10:00,1.598,140,603
2011-04-04T00:00:00.000+10:00,1.440,140,603
2011-04-05T00:00:00.000+10:00,1.304,140,603
2011-04-06T00:00:00.000+10:00,3.290,140,603
2011-04-07T00:00:00.000+10:00,6.136,140,603
2011-04-08T00:00:00.000+10:00,8.697,140,603
2011-04-09T00:00:00.000+10:00,6.515,140,603
2011-04-10T00:00:00.000+10:00,5.026,140,603
2011-04-11T00:00:00.000+10:00,4.014,140,603
2011-04-12T00:00:00.000+10:00,3.369,140,603
2011-04-13T00:00:00.000+10:00,2.647,140,603
2011-04-14T00:00:00.000+10:00,2.301,140,603
2011-04-15T00:00:00.000+10:00,2.001,140,603
2011-04-16T00:00:00.000+10:00,2.430,140,603
2011-04-17T00:00:00.000+10:00,2.654,140,603
2011-04-18T00:00:00.000+10:00,4.801,140,603
2011-04-19T00:00:00.000+10:00,3.036,140,603
2011-04-20T00:00:00.000+10:00,2.613,140,603
2011-04-21T00:00:00.000+10:00,2.306,140,603
2011-04-22T00:00:00.000+10:00,1.929,140,603
2011-04-23T00:00:00.000+10:00,1.749,140,603
2011-04-24T00:00:00.000+10:00,1.601,140,603
2011-04-25T00:00:00.000+10:00,1.525,140,603
2011-04-26T00:00:00.000+10:00,5.406,140,603
2011-04-27T00:00:00.000+10:00,12.009,140,603
2011-04-28T00:00:00.000+10:00,9.876,140,603
2011-04-29T00:00:00.000+10:00,10.215,140,603
2011-04-30T00:00:00.000+10:00,8.992,140,603
2011-05-01T00:00:00.000+10:00,7.651,140,603
2011-05-02T00:00:00.000+10:00,6.230,140,603
2011-05-03T00:00:00.000+10:00,5.045,140,603
2011-05-04T00:00:00.000+10:00,5.418,140,603
2011-05-05T00:00:00.000+10:00,4.405,140,603
2011-05-06T00:00:00.000+10:00,3.770,140,603
2011-05-07T00:00:00.000+10:00,3.183,140,603
2011-05-08T00:00:00.000+10:00,3.006,140,603
2011-05-09T00:00:00.000+10:00,2.895,140,603
2011-05-10T00:00:00.000+10:00,2.757,140,603
2011-05-11T00:00:00.000+10:00,2.498,140,603
2011-05-12T00:00:00.000+10:00,2.302,140,603
2011-05-13T00:00:00.000+10:00,2.152,140,603
2011-05-14T00:00:00.000+10:00,2.017,140,603
2011-05-15T00:00:00.000+10:00,1.875,140,603
2011-05-16T00:00:00.000+10:00,1.771,140,603
2011-05-17T00:00:00.000+10:00,1.674,140,603
2011-05-18T00:00:00.000+10:00,1.604,140,603
2011-05-19T00:00:00.000+10:00,1.682,140,603
2011-05-20T00:00:00.000+10:00,1.549,140,603
2011-05-21T00:00:00.000+10:00,1.462,140,603
2011-05-22T00:00:00.000+10:00,1.397,140,603
2011-05-23T00:00:00.000+10:00,1.389,140,603
2011-05-24T00:00:00.000+10:00,1.411,140,603
2011-05-25T00:00:00.000+10:00,1.323,140,603
2011-05-26T00:00:00.000+10:00,1.251,140,603
2011-05-27T00:00:00.000+10:00,1.190,140,603
2011-05-28T00:00:00.000+10:00,1.144,140,603
2011-05-29T00:00:00.000+10:00,1.120,140,603
2011-05-30T00:00:00.000+10:00,1.344,140,603
2011-05-31T00:00:00.000+10:00,1.510,140,603
2011-06-01T00:00:00.000+10:00,9.791,140,603
2011-06-02T00:00:00.000+10:00,22.121,140,603
2011-06-03T00:00:00.000+10:00,9.767,140,603
2011-06-04T00:00:00.000+10:00,6.087,140,603
2011-06-05T00:00:00.000+10:00,4.560,140,603
2011-06-06T00:00:00.000+10:00,3.535,140,603
2011-06-07T00:00:00.000+10:00,2.779,140,603
2011-06-08T00:00:00.000+10:00,2.459,140,603
2011-06-09T00:00:00.000+10:00,2.044,140,603
2011-06-10T00:00:00.000+10:00,1.715,140,603
2011-06-11T00:00:00.000+10:00,1.452,140,603
2011-06-12T00:00:00.000+10:00,6.203,140,603
2011-06-13T00:00:00.000+10:00,36.652,140,603
2011-06-14T00:00:00.000+10:00,133.734,140,603
2011-06-15T00:00:00.000+10:00,42.884,140,603
2011-06-16T00:00:00.000+10:00,44.687,140,603
2011-06-17T00:00:00.000+10:00,24.676,140,603
2011-06-18T00:00:00.000+10:00,17.237,140,603
2011-06-19T00:00:00.000+10:00,13.240,140,603
2011-06-20T00:00:00.000+10:00,10.632,140,603
2011-06-21T00:00:00.000+10:00,8.992,140,603
2011-06-22T00:00:00.000+10:00,7.583,140,603
2011-06-23T00:00:00.000+10:00,6.494,140,603
2011-06-24T00:00:00.000+10:00,5.580,140,603
2011-06-25T00:00:00.000+10:00,5.160,140,603
2011-06-26T00:00:00.000+10:00,4.561,140,603
2011-06-27T00:00:00.000+10:00,4.398,140,603
2011-06-28T00:00:00.000+10:00,4.050,140,603
2011-06-29T00:00:00.000+10:00,4.191,140,603
2011-06-30T00:00:00.000+10:00,4.354,140,603
2011-07-01T00:00:00.000+10:00,6.523,140,603
2011-07-02T00:00:00.000+10:00,6.101,140,603
2011-07-03T00:00:00.000+10:00,4.503,140,603
2011-07-04T00:00:00.000+10:00,3.892,140,603
2011-07-05T00:00:00.000+10:00,3.528,140,603
2011-07-06T00:00:00.000+10:00,3.141,140,603
2011-07-07T00:00:00.000+10:00,2.957,140,603
2011-07-08T00:00:00.000+10:00,2.761,140,603
2011-07-09T00:00:00.000+10:00,2.557,140,603
2011-07-10T00:00:00.000+10:00,2.423,140,603
2011-07-11T00:00:00.000+10:00,2.213,140,603
2011-07-12T00:00:00.000+10:00,2.298,140,603
2011-07-13T00:00:00.000+10:00,2.064,140,603
2011-07-14T00:00:00.000+10:00,1.968,140,603
2011-07-15T00:00:00.000+10:00,1.872,140,603
2011-07-16T00:00:00.000+10:00,1.817,140,603
2011-07-17T00:00:00.000+10:00,1.786,140,603
2011-07-18T00:00:00.000+10:00,1.715,140,603
2011-07-19T00:00:00.000+10:00,1.765,140,603
2011-07-20T00:00:00.000+10:00,1.706,140,603
2011-07-21T00:00:00.000+10:00,1.648,140,603
2011-07-22T00:00:00.000+10:00,1.599,140,603
2011-07-23T00:00:00.000+10:00,1.544,140,603
2011-07-24T00:00:00.000+10:00,1.490,140,603
2011-07-25T00:00:00.000+10:00,1.450,140,603
2011-07-26T00:00:00.000+10:00,1.418,140,603
2011-07-27T00:00:00.000+10:00,1.384,140,603
2011-07-28T00:00:00.000+10:00,1.339,140,603
2011-07-29T00:00:00.000+10:00,1.305,140,603
2011-07-30T00:00:00.000+10:00,1.272,140,603
2011-07-31T00:00:00.000+10:00,1.245,140,603
2011-08-01T00:00:00.000+10:00,1.224,140,603
2011-08-02T00:00:00.000+10:00,1.203,140,603
2011-08-03T00:00:00.000+10:00,1.190,140,603
2011-08-04T00:00:00.000+10:00,1.173,140,603
2011-08-05T00:00:00.000+10:00,1.144,140,603
2011-08-06T00:00:00.000+10:00,1.108,140,603
2011-08-07T00:00:00.000+10:00,1.156,140,603
2011-08-08T00:00:00.000+10:00,1.509,140,603
2011-08-09T00:00:00.000+10:00,1.251,140,603
2011-08-10T00:00:00.000+10:00,1.156,140,603
2011-08-11T00:00:00.000+10:00,1.101,140,603
2011-08-12T00:00:00.000+10:00,1.067,140,603
2011-08-13T00:00:00.000+10:00,1.001,140,603
2011-08-14T00:00:00.000+10:00,0.970,140,603
2011-08-15T00:00:00.000+10:00,1.028,140,603
2011-08-16T00:00:00.000+10:00,0.982,140,603
2011-08-17T00:00:00.000+10:00,1.073,140,603
2011-08-18T00:00:00.000+10:00,1.019,140,603
2011-08-19T00:00:00.000+10:00,0.986,140,603
2011-08-20T00:00:00.000+10:00,0.976,140,603
2011-08-21T00:00:00.000+10:00,5.073,140,603
2011-08-22T00:00:00.000+10:00,5.259,140,603
2011-08-23T00:00:00.000+10:00,9.615,140,603
2011-08-24T00:00:00.000+10:00,10.072,140,603
2011-08-25T00:00:00.000+10:00,4.995,140,603
2011-08-26T00:00:00.000+10:00,3.533,140,603
2011-08-27T00:00:00.000+10:00,2.932,140,603
2011-08-28T00:00:00.000+10:00,5.105,140,603
2011-08-29T00:00:00.000+10:00,3.395,140,603
2011-08-30T00:00:00.000+10:00,4.514,140,603
2011-08-31T00:00:00.000+10:00,6.552,140,603
2011-09-01T00:00:00.000+10:00,3.695,140,603
2011-09-02T00:00:00.000+10:00,3.252,140,603
2011-09-03T00:00:00.000+10:00,2.640,140,603
2011-09-04T00:00:00.000+10:00,1.902,140,603
2011-09-05T00:00:00.000+10:00,1.582,140,603
2011-09-06T00:00:00.000+10:00,1.462,140,603
2011-09-07T00:00:00.000+10:00,1.116,140,603
2011-09-08T00:00:00.000+10:00,0.955,140,603
2011-09-09T00:00:00.000+10:00,0.982,140,603
2011-09-10T00:00:00.000+10:00,0.829,140,603
2011-09-11T00:00:00.000+10:00,0.734,140,603
2011-09-12T00:00:00.000+10:00,0.977,140,603
2011-09-13T00:00:00.000+10:00,1.227,140,603
2011-09-14T00:00:00.000+10:00,1.213,140,603
2011-09-15T00:00:00.000+10:00,1.170,140,603
2011-09-16T00:00:00.000+10:00,1.115,140,603
2011-09-17T00:00:00.000+10:00,1.057,140,603
2011-09-18T00:00:00.000+10:00,1.022,140,603
2011-09-19T00:00:00.000+10:00,0.993,140,603
2011-09-20T00:00:00.000+10:00,0.963,140,603
2011-09-21T00:00:00.000+10:00,0.944,140,603
2011-09-22T00:00:00.000+10:00,0.927,140,603
2011-09-23T00:00:00.000+10:00,0.888,140,603
2011-09-24T00:00:00.000+10:00,0.872,140,603
2011-09-25T00:00:00.000+10:00,0.825,140,603
2011-09-26T00:00:00.000+10:00,1.112,140,603
2011-09-27T00:00:00.000+10:00,1.314,140,603
2011-09-28T00:00:00.000+10:00,1.015,140,603
2011-09-29T00:00:00.000+10:00,0.941,140,603
2011-09-30T00:00:00.000+10:00,0.895,140,603
2011-10-01T00:00:00.000+10:00,0.787,140,603
2011-10-02T00:00:00.000+10:00,0.932,140,603
2011-10-03T00:00:00.000+10:00,1.430,140,603
2011-10-04T00:00:00.000+10:00,1.156,140,603
2011-10-05T00:00:00.000+10:00,0.967,140,603
2011-10-06T00:00:00.000+10:00,0.884,140,603
2011-10-07T00:00:00.000+10:00,0.867,140,603
2011-10-08T00:00:00.000+10:00,0.865,140,603
2011-10-09T00:00:00.000+10:00,0.849,140,603
2011-10-10T00:00:00.000+10:00,0.810,140,603
2011-10-11T00:00:00.000+10:00,0.773,140,603
2011-10-12T00:00:00.000+10:00,0.750,140,603
2011-10-13T00:00:00.000+10:00,0.745,140,603
2011-10-14T00:00:00.000+10:00,0.838,140,603
2011-10-15T00:00:00.000+10:00,0.891,140,603
2011-10-16T00:00:00.000+10:00,0.825,140,603
2011-10-17T00:00:00.000+10:00,0.754,140,603
2011-10-18T00:00:00.000+10:00,0.761,140,603
2011-10-19T00:00:00.000+10:00,0.715,140,603
2011-10-20T00:00:00.000+10:00,0.698,140,603
2011-10-21T00:00:00.000+10:00,0.681,140,603
2011-10-22T00:00:00.000+10:00,0.657,140,603
2011-10-23T00:00:00.000+10:00,0.630,140,603
2011-10-24T00:00:00.000+10:00,0.598,140,603
2011-10-25T00:00:00.000+10:00,0.599,140,603
2011-10-26T00:00:00.000+10:00,1.019,140,603
2011-10-27T00:00:00.000+10:00,1.934,140,603
2011-10-28T00:00:00.000+10:00,2.075,140,603
2011-10-29T00:00:00.000+10:00,1.397,140,603
2011-10-30T00:00:00.000+10:00,1.151,140,603
2011-10-31T00:00:00.000+10:00,1.115,140,603
2011-11-01T00:00:00.000+10:00,0.735,140,603
2011-11-02T00:00:00.000+10:00,0.859,140,603
2011-11-03T00:00:00.000+10:00,0.798,140,603
2011-11-04T00:00:00.000+10:00,0.586,140,603
2011-11-05T00:00:00.000+10:00,0.548,140,603
2011-11-06T00:00:00.000+10:00,0.494,140,603
2011-11-07T00:00:00.000+10:00,0.565,140,603
2011-11-08T00:00:00.000+10:00,0.528,140,603
2011-11-09T00:00:00.000+10:00,0.563,140,603
2011-11-10T00:00:00.000+10:00,0.494,140,603
2011-11-11T00:00:00.000+10:00,0.563,140,603
2011-11-12T00:00:00.000+10:00,0.536,140,603
2011-11-13T00:00:00.000+10:00,0.614,140,603
2011-11-14T00:00:00.000+10:00,1.036,140,603
2011-11-15T00:00:00.000+10:00,0.649,140,603
2011-11-16T00:00:00.000+10:00,0.451,140,603
2011-11-17T00:00:00.000+10:00,0.450,140,603
2011-11-18T00:00:00.000+10:00,0.430,140,603
2011-11-19T00:00:00.000+10:00,0.763,140,603
2011-11-20T00:00:00.000+10:00,0.547,140,603
2011-11-21T00:00:00.000+10:00,0.508,140,603
2011-11-22T00:00:00.000+10:00,0.432,140,603
2011-11-23T00:00:00.000+10:00,0.449,140,603
2011-11-24T00:00:00.000+10:00,4.250,140,603
2011-11-25T00:00:00.000+10:00,33.624,140,603
2011-11-26T00:00:00.000+10:00,21.928,140,603
2011-11-27T00:00:00.000+10:00,10.717,140,603
2011-11-28T00:00:00.000+10:00,6.885,140,603
2011-11-29T00:00:00.000+10:00,4.982,140,603
2011-11-30T00:00:00.000+10:00,3.793,140,603
2011-12-01T00:00:00.000+10:00,2.383,140,603
2011-12-02T00:00:00.000+10:00,2.110,140,603
2011-12-03T00:00:00.000+10:00,1.567,140,603
2011-12-04T00:00:00.000+10:00,1.349,140,603
2011-12-05T00:00:00.000+10:00,1.193,140,603
2011-12-06T00:00:00.000+10:00,1.444,140,603
2011-12-07T00:00:00.000+10:00,1.436,140,603
2011-12-08T00:00:00.000+10:00,6.047,140,603
2011-12-09T00:00:00.000+10:00,3.926,140,603
2011-12-10T00:00:00.000+10:00,2.910,140,603
2011-12-11T00:00:00.000+10:00,5.185,140,603
2011-12-12T00:00:00.000+10:00,11.616,140,603
2011-12-13T00:00:00.000+10:00,7.025,140,603
2011-12-14T00:00:00.000+10:00,5.199,140,603
2011-12-15T00:00:00.000+10:00,4.322,140,603
2011-12-16T00:00:00.000+10:00,3.664,140,603
2011-12-17T00:00:00.000+10:00,2.662,140,603
2011-12-18T00:00:00.000+10:00,1.995,140,603
2011-12-19T00:00:00.000+10:00,1.702,140,603
2011-12-20T00:00:00.000+10:00,1.521,140,603
2011-12-21T00:00:00.000+10:00,2.093,140,603
2011-12-22T00:00:00.000+10:00,2.783,140,603
2011-12-23T00:00:00.000+10:00,3.130,140,603
2011-12-24T00:00:00.000+10:00,2.738,140,603
2011-12-25T00:00:00.000+10:00,2.591,140,603
2011-12-26T00:00:00.000+10:00,2.229,140,603
2011-12-27T00:00:00.000+10:00,2.003,140,603
2011-12-28T00:00:00.000+10:00,1.851,140,603
2011-12-29T00:00:00.000+10:00,1.680,140,603
2011-12-30T00:00:00.000+10:00,1.538,140,603
2011-12-31T00:00:00.000+10:00,1.475,140,603
2012-01-01T00:00:00.000+10:00,1.445,140,603
2012-01-02T00:00:00.000+10:00,1.286,140,603
2012-01-03T00:00:00.000+10:00,1.149,140,603
2012-01-04T00:00:00.000+10:00,1.182,140,603
2012-01-05T00:00:00.000+10:00,1.100,140,603
2012-01-06T00:00:00.000+10:00,1.153,140,603
2012-01-07T00:00:00.000+10:00,1.099,140,603
2012-01-08T00:00:00.000+10:00,1.027,140,603
2012-01-09T00:00:00.000+10:00,0.917,140,603
2012-01-10T00:00:00.000+10:00,0.994,140,603
2012-01-11T00:00:00.000+10:00,0.943,140,603
2012-01-12T00:00:00.000+10:00,0.860,140,603
2012-01-13T00:00:00.000+10:00,0.690,140,603
2012-01-14T00:00:00.000+10:00,0.792,140,603
2012-01-15T00:00:00.000+10:00,0.837,140,603
2012-01-16T00:00:00.000+10:00,2.270,140,603
2012-01-17T00:00:00.000+10:00,14.371,140,603
2012-01-18T00:00:00.000+10:00,31.001,140,603
2012-01-19T00:00:00.000+10:00,12.095,140,603
2012-01-20T00:00:00.000+10:00,7.994,140,603
2012-01-21T00:00:00.000+10:00,6.002,140,603
2012-01-22T00:00:00.000+10:00,5.076,140,603
2012-01-23T00:00:00.000+10:00,40.143,140,603
2012-01-24T00:00:00.000+10:00,84.234,140,603
2012-01-25T00:00:00.000+10:00,98.059,140,603
2012-01-26T00:00:00.000+10:00,191.555,140,603
2012-01-27T00:00:00.000+10:00,134.310,140,603
2012-01-28T00:00:00.000+10:00,50.616,140,603
2012-01-29T00:00:00.000+10:00,29.316,140,603
2012-01-30T00:00:00.000+10:00,26.005,140,603
2012-01-31T00:00:00.000+10:00,44.243,140,603
2012-02-01T00:00:00.000+10:00,64.142,140,603
2012-02-02T00:00:00.000+10:00,38.393,140,603
2012-02-03T00:00:00.000+10:00,24.609,140,603
2012-02-04T00:00:00.000+10:00,18.471,140,603
2012-02-05T00:00:00.000+10:00,14.685,140,603
2012-02-06T00:00:00.000+10:00,12.083,140,603
2012-02-07T00:00:00.000+10:00,10.360,140,603
2012-02-08T00:00:00.000+10:00,10.486,140,603
2012-02-09T00:00:00.000+10:00,14.817,140,603
2012-02-10T00:00:00.000+10:00,10.164,140,603
2012-02-11T00:00:00.000+10:00,10.750,140,603
2012-02-12T00:00:00.000+10:00,10.629,140,603
2012-02-13T00:00:00.000+10:00,9.290,140,603
2012-02-14T00:00:00.000+10:00,8.168,140,603
2012-02-15T00:00:00.000+10:00,7.163,140,603
2012-02-16T00:00:00.000+10:00,6.121,140,603
2012-02-17T00:00:00.000+10:00,5.160,140,603
2012-02-18T00:00:00.000+10:00,4.905,140,603
2012-02-19T00:00:00.000+10:00,4.077,140,603
2012-02-20T00:00:00.000+10:00,3.777,140,603
2012-02-21T00:00:00.000+10:00,4.105,140,603
2012-02-22T00:00:00.000+10:00,3.922,140,603
2012-02-23T00:00:00.000+10:00,4.882,140,603
2012-02-24T00:00:00.000+10:00,4.474,140,603
2012-02-25T00:00:00.000+10:00,4.114,140,603
2012-02-26T00:00:00.000+10:00,3.785,140,603
2012-02-27T00:00:00.000+10:00,3.533,140,603
2012-02-28T00:00:00.000+10:00,3.316,140,603
2012-02-29T00:00:00.000+10:00,3.093,140,603
2012-03-01T00:00:00.000+10:00,2.900,140,603
2012-03-02T00:00:00.000+10:00,2.854,140,603
2012-03-03T00:00:00.000+10:00,6.551,140,603
2012-03-04T00:00:00.000+10:00,6.025,140,603
2012-03-05T00:00:00.000+10:00,5.425,140,603
2012-03-06T00:00:00.000+10:00,6.064,140,603
2012-03-07T00:00:00.000+10:00,5.167,140,603
2012-03-08T00:00:00.000+10:00,4.139,140,603
2012-03-09T00:00:00.000+10:00,3.602,140,603
2012-03-10T00:00:00.000+10:00,3.215,140,603
2012-03-11T00:00:00.000+10:00,3.243,140,603
2012-03-12T00:00:00.000+10:00,3.111,140,603
2012-03-13T00:00:00.000+10:00,3.124,140,603
2012-03-14T00:00:00.000+10:00,2.913,140,603
2012-03-15T00:00:00.000+10:00,3.241,140,603
2012-03-16T00:00:00.000+10:00,4.043,140,603
2012-03-17T00:00:00.000+10:00,3.274,140,603
2012-03-18T00:00:00.000+10:00,3.010,140,603
2012-03-19T00:00:00.000+10:00,3.451,140,603
2012-03-20T00:00:00.000+10:00,11.902,140,603
2012-03-21T00:00:00.000+10:00,12.346,140,603
2012-03-22T00:00:00.000+10:00,10.001,140,603
2012-03-23T00:00:00.000+10:00,7.789,140,603
2012-03-24T00:00:00.000+10:00,6.401,140,603
2012-03-25T00:00:00.000+10:00,4.940,140,603
2012-03-26T00:00:00.000+10:00,4.639,140,603
2012-03-27T00:00:00.000+10:00,4.099,140,603
2012-03-28T00:00:00.000+10:00,4.038,140,603
2012-03-29T00:00:00.000+10:00,3.840,140,603
2012-03-30T00:00:00.000+10:00,3.185,140,603
2012-03-31T00:00:00.000+10:00,3.024,140,603
2012-04-01T00:00:00.000+10:00,2.719,140,603
2012-04-02T00:00:00.000+10:00,2.524,140,603
2012-04-03T00:00:00.000+10:00,2.369,140,603
2012-04-04T00:00:00.000+10:00,2.268,140,603
2012-04-05T00:00:00.000+10:00,2.160,140,603
2012-04-06T00:00:00.000+10:00,2.033,140,603
2012-04-07T00:00:00.000+10:00,1.930,140,603
2012-04-08T00:00:00.000+10:00,1.992,140,603
2012-04-09T00:00:00.000+10:00,2.040,140,603
2012-04-10T00:00:00.000+10:00,2.096,140,603
2012-04-11T00:00:00.000+10:00,1.870,140,603
2012-04-12T00:00:00.000+10:00,1.791,140,603
2012-04-13T00:00:00.000+10:00,1.771,140,603
2012-04-14T00:00:00.000+10:00,1.745,140,603
2012-04-15T00:00:00.000+10:00,1.929,140,603
2012-04-16T00:00:00.000+10:00,1.817,140,603
2012-04-17T00:00:00.000+10:00,1.967,140,603
2012-04-18T00:00:00.000+10:00,3.733,140,603
2012-04-19T00:00:00.000+10:00,2.635,140,603
2012-04-20T00:00:00.000+10:00,2.352,140,603
2012-04-21T00:00:00.000+10:00,2.204,140,603
2012-04-22T00:00:00.000+10:00,2.043,140,603
2012-04-23T00:00:00.000+10:00,1.929,140,603
2012-04-24T00:00:00.000+10:00,2.425,140,603
2012-04-25T00:00:00.000+10:00,2.176,140,603
2012-04-26T00:00:00.000+10:00,1.954,140,603
2012-04-27T00:00:00.000+10:00,1.826,140,603
2012-04-28T00:00:00.000+10:00,1.870,140,603
2012-04-29T00:00:00.000+10:00,1.748,140,603
2012-04-30T00:00:00.000+10:00,1.647,140,603
2012-05-01T00:00:00.000+10:00,1.442,140,603
2012-05-02T00:00:00.000+10:00,1.365,140,603
2012-05-03T00:00:00.000+10:00,1.376,140,603
2012-05-04T00:00:00.000+10:00,1.810,140,603
2012-05-05T00:00:00.000+10:00,1.719,140,603
2012-05-06T00:00:00.000+10:00,1.637,140,603
2012-05-07T00:00:00.000+10:00,1.387,140,603
2012-05-08T00:00:00.000+10:00,1.314,140,603
2012-05-09T00:00:00.000+10:00,1.303,140,603
2012-05-10T00:00:00.000+10:00,1.172,140,603
2012-05-11T00:00:00.000+10:00,1.135,140,603
2012-05-12T00:00:00.000+10:00,1.130,140,603
2012-05-13T00:00:00.000+10:00,1.118,140,603
2012-05-14T00:00:00.000+10:00,1.062,140,603
2012-05-15T00:00:00.000+10:00,1.009,140,603
2012-05-16T00:00:00.000+10:00,1.141,140,603
2012-05-17T00:00:00.000+10:00,1.225,140,603
2012-05-18T00:00:00.000+10:00,1.192,140,603
2012-05-19T00:00:00.000+10:00,1.149,140,603
2012-05-20T00:00:00.000+10:00,1.069,140,603
2012-05-21T00:00:00.000+10:00,1.047,140,603
2012-05-22T00:00:00.000+10:00,0.990,140,603
2012-05-23T00:00:00.000+10:00,1.072,140,603
2012-05-24T00:00:00.000+10:00,1.055,140,603
2012-05-25T00:00:00.000+10:00,1.060,140,603
2012-05-26T00:00:00.000+10:00,1.042,140,603
2012-05-27T00:00:00.000+10:00,1.018,140,603
2012-05-28T00:00:00.000+10:00,0.990,140,603
2012-05-29T00:00:00.000+10:00,0.995,140,603
2012-05-30T00:00:00.000+10:00,1.157,140,603
2012-05-31T00:00:00.000+10:00,1.251,140,603
2012-06-01T00:00:00.000+10:00,1.197,140,603
2012-06-02T00:00:00.000+10:00,1.095,140,603
2012-06-03T00:00:00.000+10:00,1.093,140,603
2012-06-04T00:00:00.000+10:00,1.137,140,603
2012-06-05T00:00:00.000+10:00,1.070,140,603
2012-06-06T00:00:00.000+10:00,0.997,140,603
2012-06-07T00:00:00.000+10:00,0.949,140,603
2012-06-08T00:00:00.000+10:00,0.945,140,603
2012-06-09T00:00:00.000+10:00,0.921,140,603
2012-06-10T00:00:00.000+10:00,0.895,140,603
2012-06-11T00:00:00.000+10:00,1.406,140,603
2012-06-12T00:00:00.000+10:00,9.146,140,603
2012-06-13T00:00:00.000+10:00,8.148,140,603
2012-06-14T00:00:00.000+10:00,5.178,140,603
2012-06-15T00:00:00.000+10:00,3.573,140,603
2012-06-16T00:00:00.000+10:00,2.425,140,603
2012-06-17T00:00:00.000+10:00,1.661,140,603
2012-06-18T00:00:00.000+10:00,1.721,140,603
2012-06-19T00:00:00.000+10:00,1.526,140,603
2012-06-20T00:00:00.000+10:00,1.369,140,603
2012-06-21T00:00:00.000+10:00,1.338,140,603
2012-06-22T00:00:00.000+10:00,1.158,140,603
2012-06-23T00:00:00.000+10:00,1.108,140,603
2012-06-24T00:00:00.000+10:00,1.029,140,603
2012-06-25T00:00:00.000+10:00,0.967,140,603
2012-06-26T00:00:00.000+10:00,0.970,140,603
2012-06-27T00:00:00.000+10:00,9.000,140,603
2012-06-28T00:00:00.000+10:00,28.132,140,603
2012-06-29T00:00:00.000+10:00,23.729,140,603
2012-06-30T00:00:00.000+10:00,11.439,140,603
2012-07-01T00:00:00.000+10:00,7.656,140,603
2012-07-02T00:00:00.000+10:00,5.762,140,603
2012-07-03T00:00:00.000+10:00,4.619,140,603
2012-07-04T00:00:00.000+10:00,3.765,140,603
2012-07-05T00:00:00.000+10:00,3.182,140,603
2012-07-06T00:00:00.000+10:00,2.419,140,603
2012-07-07T00:00:00.000+10:00,1.954,140,603
2012-07-08T00:00:00.000+10:00,1.730,140,603
2012-07-09T00:00:00.000+10:00,1.563,140,603
2012-07-10T00:00:00.000+10:00,1.746,140,603
2012-07-11T00:00:00.000+10:00,1.626,140,603
2012-07-12T00:00:00.000+10:00,1.779,140,603
2012-07-13T00:00:00.000+10:00,2.141,140,603
2012-07-14T00:00:00.000+10:00,1.886,140,603
2012-07-15T00:00:00.000+10:00,1.744,140,603
2012-07-16T00:00:00.000+10:00,1.351,140,603
2012-07-17T00:00:00.000+10:00,1.350,140,603
2012-07-18T00:00:00.000+10:00,1.321,140,603
2012-07-19T00:00:00.000+10:00,1.506,140,603
2012-07-20T00:00:00.000+10:00,1.156,140,603
2012-07-21T00:00:00.000+10:00,1.110,140,603
2012-07-22T00:00:00.000+10:00,1.039,140,603
2012-07-23T00:00:00.000+10:00,1.258,140,603
2012-07-24T00:00:00.000+10:00,1.088,140,603
2012-07-25T00:00:00.000+10:00,1.050,140,603
2012-07-26T00:00:00.000+10:00,0.975,140,603
2012-07-27T00:00:00.000+10:00,0.937,140,603
2012-07-28T00:00:00.000+10:00,0.895,140,603
2012-07-29T00:00:00.000+10:00,0.845,140,603
2012-07-30T00:00:00.000+10:00,0.814,140,603
2012-07-31T00:00:00.000+10:00,0.962,140,603
2012-08-01T00:00:00.000+10:00,0.946,140,603
2012-08-02T00:00:00.000+10:00,0.921,140,603
2012-08-03T00:00:00.000+10:00,0.905,140,603
2012-08-04T00:00:00.000+10:00,0.915,140,603
2012-08-05T00:00:00.000+10:00,0.892,140,603
2012-08-06T00:00:00.000+10:00,0.858,140,603
2012-08-07T00:00:00.000+10:00,0.830,140,603
2012-08-08T00:00:00.000+10:00,0.814,140,603
2012-08-09T00:00:00.000+10:00,0.807,140,603
2012-08-10T00:00:00.000+10:00,0.797,140,603
2012-08-11T00:00:00.000+10:00,0.832,140,603
2012-08-12T00:00:00.000+10:00,0.796,140,603
2012-08-13T00:00:00.000+10:00,0.764,140,603
2012-08-14T00:00:00.000+10:00,0.759,140,603
2012-08-15T00:00:00.000+10:00,0.784,140,603
2012-08-16T00:00:00.000+10:00,0.796,140,603
2012-08-17T00:00:00.000+10:00,0.817,140,603
2012-08-18T00:00:00.000+10:00,0.813,140,603
2012-08-19T00:00:00.000+10:00,0.803,140,603
2012-08-20T00:00:00.000+10:00,0.802,140,603
2012-08-21T00:00:00.000+10:00,0.805,140,603
2012-08-22T00:00:00.000+10:00,0.807,140,603
2012-08-23T00:00:00.000+10:00,0.799,140,603
2012-08-24T00:00:00.000+10:00,0.778,140,603
2012-08-25T00:00:00.000+10:00,0.783,140,603
2012-08-26T00:00:00.000+10:00,0.769,140,603
2012-08-27T00:00:00.000+10:00,0.741,140,603
2012-08-28T00:00:00.000+10:00,0.741,140,603
2012-08-29T00:00:00.000+10:00,0.726,140,603
2012-08-30T00:00:00.000+10:00,0.644,140,603
2012-08-31T00:00:00.000+10:00,0.424,140,603
2012-09-01T00:00:00.000+10:00,0.484,140,603
2012-09-02T00:00:00.000+10:00,0.466,140,603
2012-09-03T00:00:00.000+10:00,0.462,140,603
2012-09-04T00:00:00.000+10:00,0.457,140,603
2012-09-05T00:00:00.000+10:00,0.357,140,603
2012-09-06T00:00:00.000+10:00,0.447,140,603
2012-09-07T00:00:00.000+10:00,0.458,140,603
2012-09-08T00:00:00.000+10:00,0.359,140,603
2012-09-09T00:00:00.000+10:00,0.353,140,603
2012-09-10T00:00:00.000+10:00,0.480,140,603
2012-09-11T00:00:00.000+10:00,0.483,140,603
2012-09-12T00:00:00.000+10:00,0.456,140,603
2012-09-13T00:00:00.000+10:00,0.460,140,603
2012-09-14T00:00:00.000+10:00,0.492,140,603
2012-09-15T00:00:00.000+10:00,0.515,140,603
2012-09-16T00:00:00.000+10:00,0.499,140,603
2012-09-17T00:00:00.000+10:00,0.503,140,603
2012-09-18T00:00:00.000+10:00,0.686,140,603
2012-09-19T00:00:00.000+10:00,0.901,140,603
2012-09-20T00:00:00.000+10:00,0.731,140,603
2012-09-21T00:00:00.000+10:00,0.475,140,603
2012-09-22T00:00:00.000+10:00,0.354,140,603
2012-09-23T00:00:00.000+10:00,0.562,140,603
2012-09-24T00:00:00.000+10:00,0.596,140,603
2012-09-25T00:00:00.000+10:00,0.585,140,603
2012-09-26T00:00:00.000+10:00,0.519,140,603
2012-09-27T00:00:00.000+10:00,0.494,140,603
2012-09-28T00:00:00.000+10:00,0.486,140,603
2012-09-29T00:00:00.000+10:00,0.523,140,603
2012-09-30T00:00:00.000+10:00,0.558,140,603
2012-10-01T00:00:00.000+10:00,0.557,140,603
2012-10-02T00:00:00.000+10:00,0.605,140,603
2012-10-03T00:00:00.000+10:00,0.536,140,603
2012-10-04T00:00:00.000+10:00,0.372,140,603
2012-10-05T00:00:00.000+10:00,0.361,140,603
2012-10-06T00:00:00.000+10:00,0.258,140,603
2012-10-07T00:00:00.000+10:00,0.345,140,603
2012-10-08T00:00:00.000+10:00,0.345,140,603
2012-10-09T00:00:00.000+10:00,0.335,140,603
2012-10-10T00:00:00.000+10:00,0.348,140,603
2012-10-11T00:00:00.000+10:00,0.326,140,603
2012-10-12T00:00:00.000+10:00,0.326,140,603
2012-10-13T00:00:00.000+10:00,0.316,140,603
2012-10-14T00:00:00.000+10:00,0.311,140,603
2012-10-15T00:00:00.000+10:00,0.605,140,603
2012-10-16T00:00:00.000+10:00,0.431,140,603
2012-10-17T00:00:00.000+10:00,0.371,140,603
2012-10-18T00:00:00.000+10:00,0.351,140,603
2012-10-19T00:00:00.000+10:00,0.343,140,603
2012-10-20T00:00:00.000+10:00,0.316,140,603
2012-10-21T00:00:00.000+10:00,0.309,140,603
2012-10-22T00:00:00.000+10:00,0.322,140,603
2012-10-23T00:00:00.000+10:00,0.307,140,603
2012-10-24T00:00:00.000+10:00,0.317,140,603
2012-10-25T00:00:00.000+10:00,0.235,140,603
2012-10-26T00:00:00.000+10:00,0.268,140,603
2012-10-27T00:00:00.000+10:00,0.332,140,603
2012-10-28T00:00:00.000+10:00,0.295,140,603
2012-10-29T00:00:00.000+10:00,0.313,140,603
2012-10-30T00:00:00.000+10:00,0.301,140,603
2012-10-31T00:00:00.000+10:00,0.267,140,603
2012-11-01T00:00:00.000+10:00,0.261,140,603
2012-11-02T00:00:00.000+10:00,0.261,140,603
2012-11-03T00:00:00.000+10:00,0.245,140,603
2012-11-04T00:00:00.000+10:00,0.270,140,603
2012-11-05T00:00:00.000+10:00,0.252,140,603
2012-11-06T00:00:00.000+10:00,0.287,140,603
2012-11-07T00:00:00.000+10:00,0.212,140,603
2012-11-08T00:00:00.000+10:00,0.180,140,603
2012-11-09T00:00:00.000+10:00,0.209,140,603
2012-11-10T00:00:00.000+10:00,0.279,140,603
2012-11-11T00:00:00.000+10:00,2.882,140,603
2012-11-12T00:00:00.000+10:00,0.869,140,603
2012-11-13T00:00:00.000+10:00,0.394,140,603
2012-11-14T00:00:00.000+10:00,0.308,140,603
2012-11-15T00:00:00.000+10:00,0.312,140,603
2012-11-16T00:00:00.000+10:00,0.273,140,603
2012-11-17T00:00:00.000+10:00,0.543,140,603
2012-11-18T00:00:00.000+10:00,10.841,140,603
2012-11-19T00:00:00.000+10:00,2.654,140,603
2012-11-20T00:00:00.000+10:00,1.364,140,603
2012-11-21T00:00:00.000+10:00,1.017,140,603
2012-11-22T00:00:00.000+10:00,0.563,140,603
2012-11-23T00:00:00.000+10:00,0.476,140,603
2012-11-24T00:00:00.000+10:00,0.412,140,603
2012-11-25T00:00:00.000+10:00,0.372,140,603
2012-11-26T00:00:00.000+10:00,0.394,140,603
2012-11-27T00:00:00.000+10:00,0.358,140,603
2012-11-28T00:00:00.000+10:00,0.430,140,603
2012-11-29T00:00:00.000+10:00,0.354,140,603
2012-11-30T00:00:00.000+10:00,0.346,140,603
2012-12-01T00:00:00.000+10:00,0.285,140,603
2012-12-02T00:00:00.000+10:00,0.296,140,603
2012-12-03T00:00:00.000+10:00,0.305,140,603
2012-12-04T00:00:00.000+10:00,0.331,140,603
2012-12-05T00:00:00.000+10:00,0.294,140,603
2012-12-06T00:00:00.000+10:00,0.256,140,603
2012-12-07T00:00:00.000+10:00,0.313,140,603
2012-12-08T00:00:00.000+10:00,0.257,140,603
2012-12-09T00:00:00.000+10:00,0.285,140,603
2012-12-10T00:00:00.000+10:00,0.265,140,603
2012-12-11T00:00:00.000+10:00,0.268,140,603
2012-12-12T00:00:00.000+10:00,0.277,140,603
2012-12-13T00:00:00.000+10:00,0.284,140,603
2012-12-14T00:00:00.000+10:00,0.252,140,603
2012-12-15T00:00:00.000+10:00,0.251,140,603
2012-12-16T00:00:00.000+10:00,0.232,140,603
2012-12-17T00:00:00.000+10:00,0.206,140,603
2012-12-18T00:00:00.000+10:00,0.199,140,603
2012-12-19T00:00:00.000+10:00,0.192,140,603
2012-12-20T00:00:00.000+10:00,0.185,140,603
2012-12-21T00:00:00.000+10:00,0.180,140,603
2012-12-22T00:00:00.000+10:00,0.182,140,603
2012-12-23T00:00:00.000+10:00,0.181,140,603
2012-12-24T00:00:00.000+10:00,0.174,140,603
2012-12-25T00:00:00.000+10:00,0.209,140,603
2012-12-26T00:00:00.000+10:00,2.344,140,603
2012-12-27T00:00:00.000+10:00,0.904,140,603
2012-12-28T00:00:00.000+10:00,0.439,140,603
2012-12-29T00:00:00.000+10:00,0.271,140,603
2012-12-30T00:00:00.000+10:00,0.321,140,603
2012-12-31T00:00:00.000+10:00,0.314,140,603
2013-01-01T00:00:00.000+10:00,0.262,140,603
2013-01-02T00:00:00.000+10:00,0.357,140,603
2013-01-03T00:00:00.000+10:00,0.291,140,603
2013-01-04T00:00:00.000+10:00,0.361,140,603
2013-01-05T00:00:00.000+10:00,0.253,140,603
2013-01-06T00:00:00.000+10:00,0.234,140,603
2013-01-07T00:00:00.000+10:00,0.278,140,603
2013-01-08T00:00:00.000+10:00,0.145,140,603
2013-01-09T00:00:00.000+10:00,0.210,140,603
2013-01-10T00:00:00.000+10:00,0.213,140,603
2013-01-11T00:00:00.000+10:00,0.204,140,603
2013-01-12T00:00:00.000+10:00,0.189,140,603
2013-01-13T00:00:00.000+10:00,0.185,140,603
2013-01-14T00:00:00.000+10:00,0.199,140,603
2013-01-15T00:00:00.000+10:00,0.241,140,603
2013-01-16T00:00:00.000+10:00,0.374,140,603
2013-01-17T00:00:00.000+10:00,0.320,140,603
2013-01-18T00:00:00.000+10:00,0.285,140,603
2013-01-19T00:00:00.000+10:00,0.267,140,603
2013-01-20T00:00:00.000+10:00,0.259,140,603
2013-01-21T00:00:00.000+10:00,0.258,140,603
2013-01-22T00:00:00.000+10:00,0.252,140,603
2013-01-23T00:00:00.000+10:00,0.242,140,603
2013-01-24T00:00:00.000+10:00,0.268,140,603
2013-01-25T00:00:00.000+10:00,0.564,140,603
2013-01-26T00:00:00.000+10:00,0.617,140,603
2013-01-27T00:00:00.000+10:00,32.388,140,603
2013-01-28T00:00:00.000+10:00,193.099,140,603
2013-01-29T00:00:00.000+10:00,101.287,140,603
2013-01-30T00:00:00.000+10:00,26.422,140,603
2013-01-31T00:00:00.000+10:00,14.033,140,603
2013-02-01T00:00:00.000+10:00,9.288,140,603
2013-02-02T00:00:00.000+10:00,7.890,140,603
2013-02-03T00:00:00.000+10:00,6.073,140,603
2013-02-04T00:00:00.000+10:00,4.872,140,603
2013-02-05T00:00:00.000+10:00,4.242,140,603
2013-02-06T00:00:00.000+10:00,3.707,140,603
2013-02-07T00:00:00.000+10:00,3.453,140,603
2013-02-08T00:00:00.000+10:00,3.068,140,603
2013-02-09T00:00:00.000+10:00,2.476,140,603
2013-02-10T00:00:00.000+10:00,2.159,140,603
2013-02-11T00:00:00.000+10:00,1.877,140,603
2013-02-12T00:00:00.000+10:00,1.963,140,603
2013-02-13T00:00:00.000+10:00,3.733,140,603
2013-02-14T00:00:00.000+10:00,2.844,140,603
2013-02-15T00:00:00.000+10:00,2.731,140,603
2013-02-16T00:00:00.000+10:00,2.697,140,603
2013-02-17T00:00:00.000+10:00,3.200,140,603
2013-02-18T00:00:00.000+10:00,3.626,140,603
2013-02-19T00:00:00.000+10:00,8.674,140,603
2013-02-20T00:00:00.000+10:00,15.667,140,603
2013-02-21T00:00:00.000+10:00,25.355,140,603
2013-02-22T00:00:00.000+10:00,256.796,140,603
2013-02-23T00:00:00.000+10:00,153.081,140,603
2013-02-24T00:00:00.000+10:00,48.114,140,603
2013-02-25T00:00:00.000+10:00,40.079,140,603
2013-02-26T00:00:00.000+10:00,29.051,140,603
2013-02-27T00:00:00.000+10:00,21.954,140,603
2013-02-28T00:00:00.000+10:00,16.653,140,603
2013-03-01T00:00:00.000+10:00,13.031,140,603
2013-03-02T00:00:00.000+10:00,19.324,140,603
2013-03-03T00:00:00.000+10:00,38.912,140,603
2013-03-04T00:00:00.000+10:00,43.785,140,603
2013-03-05T00:00:00.000+10:00,29.738,140,603
2013-03-06T00:00:00.000+10:00,19.640,140,603
2013-03-07T00:00:00.000+10:00,15.031,140,603
2013-03-08T00:00:00.000+10:00,12.070,140,603
2013-03-09T00:00:00.000+10:00,10.060,140,603
2013-03-10T00:00:00.000+10:00,8.415,140,603
2013-03-11T00:00:00.000+10:00,7.329,140,603
2013-03-12T00:00:00.000+10:00,6.599,140,603
2013-03-13T00:00:00.000+10:00,5.922,140,603
2013-03-14T00:00:00.000+10:00,5.031,140,603
2013-03-15T00:00:00.000+10:00,4.594,140,603
2013-03-16T00:00:00.000+10:00,4.350,140,603
2013-03-17T00:00:00.000+10:00,3.655,140,603
2013-03-18T00:00:00.000+10:00,3.620,140,603
2013-03-19T00:00:00.000+10:00,3.478,140,603
2013-03-20T00:00:00.000+10:00,3.342,140,603
2013-03-21T00:00:00.000+10:00,3.181,140,603
2013-03-22T00:00:00.000+10:00,3.184,140,603
2013-03-23T00:00:00.000+10:00,3.078,140,603
2013-03-24T00:00:00.000+10:00,3.738,140,603
2013-03-25T00:00:00.000+10:00,4.148,140,603
2013-03-26T00:00:00.000+10:00,3.355,140,603
2013-03-27T00:00:00.000+10:00,3.052,140,603
2013-03-28T00:00:00.000+10:00,2.858,140,603
2013-03-29T00:00:00.000+10:00,2.746,140,603
2013-03-30T00:00:00.000+10:00,2.736,140,603
2013-03-31T00:00:00.000+10:00,2.664,140,603
2013-04-01T00:00:00.000+10:00,2.660,140,603
2013-04-02T00:00:00.000+10:00,2.443,140,603
2013-04-03T00:00:00.000+10:00,2.525,140,603
2013-04-04T00:00:00.000+10:00,8.112,140,603
2013-04-05T00:00:00.000+10:00,4.183,140,603
2013-04-06T00:00:00.000+10:00,4.078,140,603
2013-04-07T00:00:00.000+10:00,3.768,140,603
2013-04-08T00:00:00.000+10:00,3.425,140,603
2013-04-09T00:00:00.000+10:00,3.184,140,603
2013-04-10T00:00:00.000+10:00,3.256,140,603
2013-04-11T00:00:00.000+10:00,2.949,140,603
2013-04-12T00:00:00.000+10:00,2.819,140,603
2013-04-13T00:00:00.000+10:00,2.800,140,603
2013-04-14T00:00:00.000+10:00,2.820,140,603
2013-04-15T00:00:00.000+10:00,2.611,140,603
2013-04-16T00:00:00.000+10:00,2.496,140,603
2013-04-17T00:00:00.000+10:00,2.959,140,603
2013-04-18T00:00:00.000+10:00,2.566,140,603
2013-04-19T00:00:00.000+10:00,2.263,140,603
2013-04-20T00:00:00.000+10:00,2.142,140,603
2013-04-21T00:00:00.000+10:00,1.955,140,603
2013-04-22T00:00:00.000+10:00,2.037,140,603
2013-04-23T00:00:00.000+10:00,1.818,140,603
2013-04-24T00:00:00.000+10:00,1.741,140,603
2013-04-25T00:00:00.000+10:00,1.688,140,603
2013-04-26T00:00:00.000+10:00,1.631,140,603
2013-04-27T00:00:00.000+10:00,1.594,140,603
2013-04-28T00:00:00.000+10:00,1.536,140,603
2013-04-29T00:00:00.000+10:00,1.482,140,603
2013-04-30T00:00:00.000+10:00,1.443,140,603
2013-05-01T00:00:00.000+10:00,1.430,140,603
2013-05-02T00:00:00.000+10:00,1.551,140,603
2013-05-03T00:00:00.000+10:00,1.296,140,603
2013-05-04T00:00:00.000+10:00,1.315,140,603
2013-05-05T00:00:00.000+10:00,1.293,140,603
2013-05-06T00:00:00.000+10:00,1.257,140,603
2013-05-07T00:00:00.000+10:00,1.406,140,603
2013-05-08T00:00:00.000+10:00,1.403,140,603
2013-05-09T00:00:00.000+10:00,1.330,140,603
2013-05-10T00:00:00.000+10:00,1.312,140,603
2013-05-11T00:00:00.000+10:00,1.243,140,603
2013-05-12T00:00:00.000+10:00,1.142,140,603
2013-05-13T00:00:00.000+10:00,1.305,140,603
2013-05-14T00:00:00.000+10:00,1.238,140,603
2013-05-15T00:00:00.000+10:00,1.245,140,603
2013-05-16T00:00:00.000+10:00,1.289,140,603
2013-05-17T00:00:00.000+10:00,1.267,140,603
2013-05-18T00:00:00.000+10:00,1.242,140,603
2013-05-19T00:00:00.000+10:00,1.219,140,603
2013-05-20T00:00:00.000+10:00,1.192,140,603
2013-05-21T00:00:00.000+10:00,1.160,140,603
2013-05-22T00:00:00.000+10:00,1.170,140,603
2013-05-23T00:00:00.000+10:00,1.218,140,603
2013-05-24T00:00:00.000+10:00,59.535,140,603
2013-05-25T00:00:00.000+10:00,30.170,140,603
2013-05-26T00:00:00.000+10:00,10.471,140,603
2013-05-27T00:00:00.000+10:00,6.835,140,603
2013-05-28T00:00:00.000+10:00,5.602,140,603
2013-05-29T00:00:00.000+10:00,4.647,140,603
2013-05-30T00:00:00.000+10:00,4.021,140,603
2013-05-31T00:00:00.000+10:00,3.791,140,603
2013-06-01T00:00:00.000+10:00,2.945,140,603
2013-06-02T00:00:00.000+10:00,2.770,140,603
2013-06-03T00:00:00.000+10:00,2.701,140,603
2013-06-04T00:00:00.000+10:00,2.449,140,603
2013-06-05T00:00:00.000+10:00,2.247,140,603
2013-06-06T00:00:00.000+10:00,2.149,140,603
2013-06-07T00:00:00.000+10:00,2.076,140,603
2013-06-08T00:00:00.000+10:00,2.021,140,603
2013-06-09T00:00:00.000+10:00,2.003,140,603
2013-06-10T00:00:00.000+10:00,1.940,140,603
2013-06-11T00:00:00.000+10:00,2.011,140,603
2013-06-12T00:00:00.000+10:00,2.119,140,603
2013-06-13T00:00:00.000+10:00,5.124,140,603
2013-06-14T00:00:00.000+10:00,3.199,140,603
2013-06-15T00:00:00.000+10:00,2.729,140,603
2013-06-16T00:00:00.000+10:00,2.440,140,603
2013-06-17T00:00:00.000+10:00,2.230,140,603
2013-06-18T00:00:00.000+10:00,1.863,140,603
2013-06-19T00:00:00.000+10:00,1.721,140,603
2013-06-20T00:00:00.000+10:00,1.607,140,603
2013-06-21T00:00:00.000+10:00,1.551,140,603
2013-06-22T00:00:00.000+10:00,1.486,140,603
2013-06-23T00:00:00.000+10:00,1.420,140,603
2013-06-24T00:00:00.000+10:00,1.374,140,603
2013-06-25T00:00:00.000+10:00,1.332,140,603
2013-06-26T00:00:00.000+10:00,1.313,140,603
2013-06-27T00:00:00.000+10:00,1.758,140,603
2013-06-28T00:00:00.000+10:00,1.752,140,603
2013-06-29T00:00:00.000+10:00,1.904,140,603
2013-06-30T00:00:00.000+10:00,1.946,140,603
2013-07-01T00:00:00.000+10:00,3.451,140,603
2013-07-02T00:00:00.000+10:00,15.343,140,603
2013-07-03T00:00:00.000+10:00,8.129,140,603
2013-07-04T00:00:00.000+10:00,5.704,140,603
2013-07-05T00:00:00.000+10:00,4.608,140,603
2013-07-06T00:00:00.000+10:00,3.896,140,603
2013-07-07T00:00:00.000+10:00,3.029,140,603
2013-07-08T00:00:00.000+10:00,2.727,140,603
2013-07-09T00:00:00.000+10:00,2.687,140,603
2013-07-10T00:00:00.000+10:00,2.323,140,603
2013-07-11T00:00:00.000+10:00,2.123,140,603
2013-07-12T00:00:00.000+10:00,1.974,140,603
2013-07-13T00:00:00.000+10:00,1.540,140,603
2013-07-14T00:00:00.000+10:00,1.410,140,603
2013-07-15T00:00:00.000+10:00,1.643,140,603
2013-07-16T00:00:00.000+10:00,1.672,140,603
2013-07-17T00:00:00.000+10:00,1.665,140,603
2013-07-18T00:00:00.000+10:00,1.605,140,603
2013-07-19T00:00:00.000+10:00,1.523,140,603
2013-07-20T00:00:00.000+10:00,1.442,140,603
2013-07-21T00:00:00.000+10:00,1.376,140,603
2013-07-22T00:00:00.000+10:00,1.444,140,603
2013-07-23T00:00:00.000+10:00,1.428,140,603
2013-07-24T00:00:00.000+10:00,1.475,140,603
2013-07-25T00:00:00.000+10:00,1.415,140,603
2013-07-26T00:00:00.000+10:00,1.351,140,603
2013-07-27T00:00:00.000+10:00,1.257,140,603
2013-07-28T00:00:00.000+10:00,1.293,140,603
2013-07-29T00:00:00.000+10:00,1.351,140,603
2013-07-30T00:00:00.000+10:00,1.382,140,603
2013-07-31T00:00:00.000+10:00,1.311,140,603
2013-08-01T00:00:00.000+10:00,1.276,140,603
2013-08-02T00:00:00.000+10:00,1.284,140,603
2013-08-03T00:00:00.000+10:00,1.234,140,603
2013-08-04T00:00:00.000+10:00,1.195,140,603
2013-08-05T00:00:00.000+10:00,1.158,140,603
2013-08-06T00:00:00.000+10:00,1.134,140,603
2013-08-07T00:00:00.000+10:00,1.105,140,603
2013-08-08T00:00:00.000+10:00,1.090,140,603
2013-08-09T00:00:00.000+10:00,1.055,140,603
2013-08-10T00:00:00.000+10:00,1.035,140,603
2013-08-11T00:00:00.000+10:00,0.959,140,603
2013-08-12T00:00:00.000+10:00,0.976,140,603
2013-08-13T00:00:00.000+10:00,0.965,140,603
2013-08-14T00:00:00.000+10:00,0.899,140,603
2013-08-15T00:00:00.000+10:00,0.935,140,603
2013-08-16T00:00:00.000+10:00,0.921,140,603
2013-08-17T00:00:00.000+10:00,0.920,140,603
2013-08-18T00:00:00.000+10:00,0.872,140,603
2013-08-19T00:00:00.000+10:00,0.909,140,603
2013-08-20T00:00:00.000+10:00,0.884,140,603
2013-08-21T00:00:00.000+10:00,0.757,140,603
2013-08-22T00:00:00.000+10:00,0.775,140,603
2013-08-23T00:00:00.000+10:00,0.780,140,603
2013-08-24T00:00:00.000+10:00,0.742,140,603
2013-08-25T00:00:00.000+10:00,0.740,140,603
2013-08-26T00:00:00.000+10:00,0.805,140,603
2013-08-27T00:00:00.000+10:00,0.758,140,603
2013-08-28T00:00:00.000+10:00,0.745,140,603
2013-08-29T00:00:00.000+10:00,0.748,140,603
2013-08-30T00:00:00.000+10:00,0.721,140,603
2013-08-31T00:00:00.000+10:00,0.711,140,603
2013-09-01T00:00:00.000+10:00,0.715,140,603
2013-09-02T00:00:00.000+10:00,0.699,140,603
2013-09-03T00:00:00.000+10:00,0.665,140,603
2013-09-04T00:00:00.000+10:00,0.684,140,603
2013-09-05T00:00:00.000+10:00,0.739,140,603
2013-09-06T00:00:00.000+10:00,0.669,140,603
2013-09-07T00:00:00.000+10:00,0.597,140,603
2013-09-08T00:00:00.000+10:00,0.662,140,603
2013-09-09T00:00:00.000+10:00,0.747,140,603
2013-09-10T00:00:00.000+10:00,0.781,140,603
2013-09-11T00:00:00.000+10:00,0.657,140,603
2013-09-12T00:00:00.000+10:00,0.643,140,603
2013-09-13T00:00:00.000+10:00,0.640,140,603
2013-09-14T00:00:00.000+10:00,0.498,140,603
2013-09-15T00:00:00.000+10:00,0.538,140,603
2013-09-16T00:00:00.000+10:00,0.733,140,603
2013-09-17T00:00:00.000+10:00,0.863,140,603
2013-09-18T00:00:00.000+10:00,0.896,140,603
2013-09-19T00:00:00.000+10:00,0.778,140,603
2013-09-20T00:00:00.000+10:00,0.743,140,603
2013-09-21T00:00:00.000+10:00,0.581,140,603
2013-09-22T00:00:00.000+10:00,0.519,140,603
2013-09-23T00:00:00.000+10:00,0.652,140,603
2013-09-24T00:00:00.000+10:00,0.633,140,603
2013-09-25T00:00:00.000+10:00,0.552,140,603
2013-09-26T00:00:00.000+10:00,0.522,140,603
2013-09-27T00:00:00.000+10:00,0.604,140,603
2013-09-28T00:00:00.000+10:00,0.351,140,603
2013-09-29T00:00:00.000+10:00,0.510,140,603
2013-09-30T00:00:00.000+10:00,0.448,140,603
2013-10-01T00:00:00.000+10:00,0.270,140,603
2013-10-02T00:00:00.000+10:00,0.344,140,603
2013-10-03T00:00:00.000+10:00,0.341,140,603
2013-10-04T00:00:00.000+10:00,0.248,140,603
2013-10-05T00:00:00.000+10:00,0.293,140,603
2013-10-06T00:00:00.000+10:00,0.304,140,603
2013-10-07T00:00:00.000+10:00,0.292,140,603
2013-10-08T00:00:00.000+10:00,0.390,140,603
2013-10-09T00:00:00.000+10:00,0.356,140,603
2013-10-10T00:00:00.000+10:00,0.292,140,603
2013-10-11T00:00:00.000+10:00,0.325,140,603
2013-10-12T00:00:00.000+10:00,0.294,140,603
2013-10-13T00:00:00.000+10:00,0.309,140,603
2013-10-14T00:00:00.000+10:00,0.323,140,603
2013-10-15T00:00:00.000+10:00,0.261,140,603
2013-10-16T00:00:00.000+10:00,0.250,140,603
2013-10-17T00:00:00.000+10:00,0.238,140,603
2013-10-18T00:00:00.000+10:00,0.297,140,603
2013-10-19T00:00:00.000+10:00,0.378,140,603
2013-10-20T00:00:00.000+10:00,0.414,140,603
2013-10-21T00:00:00.000+10:00,0.335,140,603
2013-10-22T00:00:00.000+10:00,0.355,140,603
2013-10-23T00:00:00.000+10:00,0.361,140,603
2013-10-24T00:00:00.000+10:00,0.360,140,603
2013-10-25T00:00:00.000+10:00,0.333,140,603
2013-10-26T00:00:00.000+10:00,0.316,140,603
2013-10-27T00:00:00.000+10:00,0.299,140,603
2013-10-28T00:00:00.000+10:00,0.289,140,603
2013-10-29T00:00:00.000+10:00,0.275,140,603
2013-10-30T00:00:00.000+10:00,0.322,140,603
2013-10-31T00:00:00.000+10:00,0.342,140,603
2013-11-01T00:00:00.000+10:00,0.251,140,603
2013-11-02T00:00:00.000+10:00,0.290,140,603
2013-11-03T00:00:00.000+10:00,0.253,140,603
2013-11-04T00:00:00.000+10:00,0.206,140,603
2013-11-05T00:00:00.000+10:00,0.188,140,603
2013-11-06T00:00:00.000+10:00,0.185,140,603
2013-11-07T00:00:00.000+10:00,0.174,140,603
2013-11-08T00:00:00.000+10:00,0.166,140,603
2013-11-09T00:00:00.000+10:00,0.157,140,603
2013-11-10T00:00:00.000+10:00,0.220,140,603
2013-11-11T00:00:00.000+10:00,1.055,140,603
2013-11-12T00:00:00.000+10:00,1.538,140,603
2013-11-13T00:00:00.000+10:00,1.332,140,603
2013-11-14T00:00:00.000+10:00,0.998,140,603
2013-11-15T00:00:00.000+10:00,0.843,140,603
2013-11-16T00:00:00.000+10:00,1.192,140,603
2013-11-17T00:00:00.000+10:00,2.217,140,603
2013-11-18T00:00:00.000+10:00,3.913,140,603
2013-11-19T00:00:00.000+10:00,4.642,140,603
2013-11-20T00:00:00.000+10:00,2.186,140,603
2013-11-21T00:00:00.000+10:00,1.563,140,603
2013-11-22T00:00:00.000+10:00,0.940,140,603
2013-11-23T00:00:00.000+10:00,0.565,140,603
2013-11-24T00:00:00.000+10:00,0.856,140,603
2013-11-25T00:00:00.000+10:00,0.559,140,603
2013-11-26T00:00:00.000+10:00,0.518,140,603
2013-11-27T00:00:00.000+10:00,0.476,140,603
2013-11-28T00:00:00.000+10:00,0.658,140,603
2013-11-29T00:00:00.000+10:00,0.641,140,603
2013-11-30T00:00:00.000+10:00,0.805,140,603
2013-12-01T00:00:00.000+10:00,1.378,140,603
2013-12-02T00:00:00.000+10:00,1.169,140,603
2013-12-03T00:00:00.000+10:00,0.953,140,603
2013-12-04T00:00:00.000+10:00,0.778,140,603
2013-12-05T00:00:00.000+10:00,0.642,140,603
2013-12-06T00:00:00.000+10:00,0.689,140,603
2013-12-07T00:00:00.000+10:00,0.315,140,603
2013-12-08T00:00:00.000+10:00,0.429,140,603
2013-12-09T00:00:00.000+10:00,0.471,140,603
2013-12-10T00:00:00.000+10:00,0.535,140,603
2013-12-11T00:00:00.000+10:00,0.514,140,603
2013-12-12T00:00:00.000+10:00,0.532,140,603
2013-12-13T00:00:00.000+10:00,0.579,140,603
2013-12-14T00:00:00.000+10:00,0.391,140,603
2013-12-15T00:00:00.000+10:00,0.518,140,603
2013-12-16T00:00:00.000+10:00,0.615,140,603
2013-12-17T00:00:00.000+10:00,0.469,140,603
2013-12-18T00:00:00.000+10:00,0.431,140,603
2013-12-19T00:00:00.000+10:00,0.410,140,603
2013-12-20T00:00:00.000+10:00,0.375,140,603
2013-12-21T00:00:00.000+10:00,0.377,140,603
2013-12-22T00:00:00.000+10:00,0.408,140,603
2013-12-23T00:00:00.000+10:00,0.428,140,603
2013-12-24T00:00:00.000+10:00,0.387,140,603
2013-12-25T00:00:00.000+10:00,0.411,140,603
2013-12-26T00:00:00.000+10:00,0.361,140,603
2013-12-27T00:00:00.000+10:00,0.405,140,603
2013-12-28T00:00:00.000+10:00,0.372,140,603
2013-12-29T00:00:00.000+10:00,0.382,140,603
2013-12-30T00:00:00.000+10:00,0.426,140,603
2013-12-31T00:00:00.000+10:00,0.348,140,603
2014-01-01T00:00:00.000+10:00,0.309,140,603
2014-01-02T00:00:00.000+10:00,0.318,140,603
2014-01-03T00:00:00.000+10:00,0.323,140,603
2014-01-04T00:00:00.000+10:00,0.306,140,603
2014-01-05T00:00:00.000+10:00,0.296,140,603
2014-01-06T00:00:00.000+10:00,0.277,140,603
2014-01-07T00:00:00.000+10:00,0.268,140,603
2014-01-08T00:00:00.000+10:00,0.283,140,603
2014-01-09T00:00:00.000+10:00,0.287,140,603
2014-01-10T00:00:00.000+10:00,0.293,140,603
2014-01-11T00:00:00.000+10:00,0.291,140,603
2014-01-12T00:00:00.000+10:00,0.281,140,603
2014-01-13T00:00:00.000+10:00,0.272,140,603
2014-01-14T00:00:00.000+10:00,0.275,140,603
2014-01-15T00:00:00.000+10:00,0.278,140,603
2014-01-16T00:00:00.000+10:00,0.283,140,603
2014-01-17T00:00:00.000+10:00,0.269,140,603
2014-01-18T00:00:00.000+10:00,0.243,140,603
2014-01-19T00:00:00.000+10:00,0.201,140,603
2014-01-20T00:00:00.000+10:00,0.192,140,603
2014-01-21T00:00:00.000+10:00,0.186,140,603
2014-01-22T00:00:00.000+10:00,0.185,140,603
2014-01-23T00:00:00.000+10:00,0.202,140,603
2014-01-24T00:00:00.000+10:00,0.260,140,603
2014-01-25T00:00:00.000+10:00,0.259,140,603
2014-01-26T00:00:00.000+10:00,0.283,140,603
2014-01-27T00:00:00.000+10:00,0.299,140,603
2014-01-28T00:00:00.000+10:00,0.302,140,603
2014-01-29T00:00:00.000+10:00,0.287,140,603
2014-01-30T00:00:00.000+10:00,0.271,140,603
2014-01-31T00:00:00.000+10:00,0.259,140,603
2014-02-01T00:00:00.000+10:00,0.257,140,603
2014-02-02T00:00:00.000+10:00,0.249,140,603
2014-02-03T00:00:00.000+10:00,0.238,140,603
2014-02-04T00:00:00.000+10:00,0.222,140,603
2014-02-05T00:00:00.000+10:00,0.286,140,603
2014-02-06T00:00:00.000+10:00,1.336,140,603
2014-02-07T00:00:00.000+10:00,1.008,140,603
2014-02-08T00:00:00.000+10:00,0.378,140,603
2014-02-09T00:00:00.000+10:00,0.378,140,603
2014-02-10T00:00:00.000+10:00,0.525,140,603
2014-02-11T00:00:00.000+10:00,0.350,140,603
2014-02-12T00:00:00.000+10:00,0.340,140,603
2014-02-13T00:00:00.000+10:00,0.286,140,603
2014-02-14T00:00:00.000+10:00,0.293,140,603
2014-02-15T00:00:00.000+10:00,0.291,140,603
2014-02-16T00:00:00.000+10:00,0.331,140,603
2014-02-17T00:00:00.000+10:00,0.447,140,603
2014-02-18T00:00:00.000+10:00,0.314,140,603
2014-02-19T00:00:00.000+10:00,0.341,140,603
2014-02-20T00:00:00.000+10:00,0.325,140,603
2014-02-21T00:00:00.000+10:00,0.302,140,603
2014-02-22T00:00:00.000+10:00,0.320,140,603
2014-02-23T00:00:00.000+10:00,0.374,140,603
2014-02-24T00:00:00.000+10:00,0.534,140,603
2014-02-25T00:00:00.000+10:00,0.463,140,603
2014-02-26T00:00:00.000+10:00,0.470,140,603
2014-02-27T00:00:00.000+10:00,0.626,140,603
2014-02-28T00:00:00.000+10:00,0.399,140,603
2014-03-01T00:00:00.000+10:00,0.544,140,603
2014-03-02T00:00:00.000+10:00,0.473,140,603
2014-03-03T00:00:00.000+10:00,0.608,140,603
2014-03-04T00:00:00.000+10:00,0.578,140,603
2014-03-05T00:00:00.000+10:00,0.615,140,603
2014-03-06T00:00:00.000+10:00,0.573,140,603
2014-03-07T00:00:00.000+10:00,0.515,140,603
2014-03-08T00:00:00.000+10:00,0.264,140,603
2014-03-09T00:00:00.000+10:00,0.379,140,603
2014-03-10T00:00:00.000+10:00,0.556,140,603
2014-03-11T00:00:00.000+10:00,0.497,140,603
2014-03-12T00:00:00.000+10:00,0.440,140,603
2014-03-13T00:00:00.000+10:00,0.378,140,603
2014-03-14T00:00:00.000+10:00,0.447,140,603
2014-03-15T00:00:00.000+10:00,0.423,140,603
2014-03-16T00:00:00.000+10:00,0.277,140,603
2014-03-17T00:00:00.000+10:00,0.475,140,603
2014-03-18T00:00:00.000+10:00,0.384,140,603
2014-03-19T00:00:00.000+10:00,0.374,140,603
2014-03-20T00:00:00.000+10:00,0.345,140,603
2014-03-21T00:00:00.000+10:00,0.469,140,603
2014-03-22T00:00:00.000+10:00,0.294,140,603
2014-03-23T00:00:00.000+10:00,0.199,140,603
2014-03-24T00:00:00.000+10:00,0.426,140,603
2014-03-25T00:00:00.000+10:00,0.381,140,603
2014-03-26T00:00:00.000+10:00,0.525,140,603
2014-03-27T00:00:00.000+10:00,0.742,140,603
2014-03-28T00:00:00.000+10:00,0.969,140,603
2014-03-29T00:00:00.000+10:00,1.492,140,603
2014-03-30T00:00:00.000+10:00,1.003,140,603
2014-03-31T00:00:00.000+10:00,1.875,140,603
2014-04-01T00:00:00.000+10:00,5.168,140,603
2014-04-02T00:00:00.000+10:00,3.018,140,603
2014-04-03T00:00:00.000+10:00,2.122,140,603
2014-04-04T00:00:00.000+10:00,1.407,140,603
2014-04-05T00:00:00.000+10:00,0.902,140,603
2014-04-06T00:00:00.000+10:00,1.530,140,603
2014-04-07T00:00:00.000+10:00,1.437,140,603
2014-04-08T00:00:00.000+10:00,1.105,140,603
2014-04-09T00:00:00.000+10:00,0.908,140,603
2014-04-10T00:00:00.000+10:00,0.975,140,603
2014-04-11T00:00:00.000+10:00,0.606,140,603
2014-04-12T00:00:00.000+10:00,0.619,140,603
2014-04-13T00:00:00.000+10:00,0.685,140,603
2014-04-14T00:00:00.000+10:00,0.768,140,603
2014-04-15T00:00:00.000+10:00,0.752,140,603
2014-04-16T00:00:00.000+10:00,0.711,140,603
2014-04-17T00:00:00.000+10:00,0.636,140,603
2014-04-18T00:00:00.000+10:00,0.427,140,603
2014-04-19T00:00:00.000+10:00,0.425,140,603
2014-04-20T00:00:00.000+10:00,0.428,140,603
2014-04-21T00:00:00.000+10:00,0.442,140,603
2014-04-22T00:00:00.000+10:00,0.523,140,603
2014-04-23T00:00:00.000+10:00,0.428,140,603
2014-04-24T00:00:00.000+10:00,0.567,140,603
2014-04-25T00:00:00.000+10:00,0.364,140,603
2014-04-26T00:00:00.000+10:00,0.312,140,603
2014-04-27T00:00:00.000+10:00,0.456,140,603
2014-04-28T00:00:00.000+10:00,1.996,140,603
2014-04-29T00:00:00.000+10:00,1.809,140,603
2014-04-30T00:00:00.000+10:00,1.382,140,603
2014-05-01T00:00:00.000+10:00,1.213,140,603
2014-05-02T00:00:00.000+10:00,0.843,140,603
2014-05-03T00:00:00.000+10:00,0.732,140,603
2014-05-04T00:00:00.000+10:00,0.759,140,603
2014-05-05T00:00:00.000+10:00,0.593,140,603
2014-05-06T00:00:00.000+10:00,0.793,140,603
2014-05-07T00:00:00.000+10:00,0.514,140,603
2014-05-08T00:00:00.000+10:00,0.447,140,603
2014-05-09T00:00:00.000+10:00,0.410,140,603
2014-05-10T00:00:00.000+10:00,0.527,140,603
2014-05-11T00:00:00.000+10:00,0.289,140,603
2014-05-12T00:00:00.000+10:00,0.491,140,603
2014-05-13T00:00:00.000+10:00,0.392,140,603
2014-05-14T00:00:00.000+10:00,0.332,140,603
2014-05-15T00:00:00.000+10:00,0.561,140,603
2014-05-16T00:00:00.000+10:00,0.420,140,603
2014-05-17T00:00:00.000+10:00,0.540,140,603
2014-05-18T00:00:00.000+10:00,0.531,140,603
2014-05-19T00:00:00.000+10:00,0.352,140,603
2014-05-20T00:00:00.000+10:00,0.497,140,603
2014-05-21T00:00:00.000+10:00,0.412,140,603
2014-05-22T00:00:00.000+10:00,0.325,140,603
2014-05-23T00:00:00.000+10:00,0.312,140,603
2014-05-24T00:00:00.000+10:00,0.288,140,603
2014-05-25T00:00:00.000+10:00,0.382,140,603
2014-05-26T00:00:00.000+10:00,0.407,140,603
2014-05-27T00:00:00.000+10:00,0.400,140,603
2014-05-28T00:00:00.000+10:00,0.387,140,603
2014-05-29T00:00:00.000+10:00,0.339,140,603
2014-05-30T00:00:00.000+10:00,0.319,140,603
2014-05-31T00:00:00.000+10:00,0.470,140,603
2014-06-01T00:00:00.000+10:00,0.628,140,603
2014-06-02T00:00:00.000+10:00,0.642,140,603
2014-06-03T00:00:00.000+10:00,0.590,140,603
2014-06-04T00:00:00.000+10:00,0.629,140,603
2014-06-05T00:00:00.000+10:00,0.622,140,603
2014-06-06T00:00:00.000+10:00,0.533,140,603
2014-06-07T00:00:00.000+10:00,0.593,140,603
2014-06-08T00:00:00.000+10:00,0.501,140,603
2014-06-09T00:00:00.000+10:00,0.423,140,603
2014-06-10T00:00:00.000+10:00,0.447,140,603
2014-06-11T00:00:00.000+10:00,0.463,140,603
2014-06-12T00:00:00.000+10:00,0.597,140,603
2014-06-13T00:00:00.000+10:00,0.561,140,603
2014-06-14T00:00:00.000+10:00,0.555,140,603
2014-06-15T00:00:00.000+10:00,0.537,140,603
2014-06-16T00:00:00.000+10:00,0.512,140,603
2014-06-17T00:00:00.000+10:00,0.465,140,603
2014-06-18T00:00:00.000+10:00,0.408,140,603
2014-06-19T00:00:00.000+10:00,0.292,140,603
2014-06-20T00:00:00.000+10:00,0.372,140,603
2014-06-21T00:00:00.000+10:00,0.321,140,603
2014-06-22T00:00:00.000+10:00,0.298,140,603
2014-06-23T00:00:00.000+10:00,0.335,140,603
2014-06-24T00:00:00.000+10:00,0.287,140,603
2014-06-25T00:00:00.000+10:00,0.285,140,603
2014-06-26T00:00:00.000+10:00,0.327,140,603
2014-06-27T00:00:00.000+10:00,0.326,140,603
2014-06-28T00:00:00.000+10:00,0.302,140,603
2014-06-29T00:00:00.000+10:00,0.322,140,603
2014-06-30T00:00:00.000+10:00,0.289,140,603
2014-07-01T00:00:00.000+10:00,0.276,140,603
2014-07-02T00:00:00.000+10:00,0.291,140,603
2014-07-03T00:00:00.000+10:00,0.285,140,603
2014-07-04T00:00:00.000+10:00,0.280,140,603
2014-07-05T00:00:00.000+10:00,0.276,140,603
2014-07-06T00:00:00.000+10:00,0.271,140,603
2014-07-07T00:00:00.000+10:00,0.264,140,603
2014-07-08T00:00:00.000+10:00,0.259,140,603
2014-07-09T00:00:00.000+10:00,0.253,140,603
2014-07-10T00:00:00.000+10:00,0.245,140,603
2014-07-11T00:00:00.000+10:00,0.232,140,603
2014-07-12T00:00:00.000+10:00,0.226,140,603
2014-07-13T00:00:00.000+10:00,0.220,140,603
2014-07-14T00:00:00.000+10:00,0.214,140,603
2014-07-15T00:00:00.000+10:00,0.208,140,603
2014-07-16T00:00:00.000+10:00,0.201,140,603
2014-07-17T00:00:00.000+10:00,0.187,140,603
2014-07-18T00:00:00.000+10:00,0.181,140,603
2014-07-19T00:00:00.000+10:00,0.179,140,603
2014-07-20T00:00:00.000+10:00,0.184,140,603
2014-07-21T00:00:00.000+10:00,0.186,140,603
2014-07-22T00:00:00.000+10:00,0.189,140,603
2014-07-23T00:00:00.000+10:00,0.187,140,603
2014-07-24T00:00:00.000+10:00,0.186,140,603
2014-07-25T00:00:00.000+10:00,0.183,140,603
2014-07-26T00:00:00.000+10:00,0.180,140,603
2014-07-27T00:00:00.000+10:00,0.178,140,603
2014-07-28T00:00:00.000+10:00,0.172,140,603
2014-07-29T00:00:00.000+10:00,0.168,140,603
2014-07-30T00:00:00.000+10:00,0.163,140,603
2014-07-31T00:00:00.000+10:00,0.162,140,603
2014-08-01T00:00:00.000+10:00,0.158,140,603
2014-08-02T00:00:00.000+10:00,0.154,140,603
2014-08-03T00:00:00.000+10:00,0.146,140,603
2014-08-04T00:00:00.000+10:00,0.143,140,603
2014-08-05T00:00:00.000+10:00,0.142,140,603
2014-08-06T00:00:00.000+10:00,0.139,140,603
2014-08-07T00:00:00.000+10:00,0.136,140,603
2014-08-08T00:00:00.000+10:00,0.136,140,603
2014-08-09T00:00:00.000+10:00,0.130,140,603
2014-08-10T00:00:00.000+10:00,0.128,140,603
2014-08-11T00:00:00.000+10:00,0.123,140,603
2014-08-12T00:00:00.000+10:00,0.118,140,603
2014-08-13T00:00:00.000+10:00,0.118,140,603
2014-08-14T00:00:00.000+10:00,0.115,140,603
2014-08-15T00:00:00.000+10:00,0.108,140,603
2014-08-16T00:00:00.000+10:00,0.124,140,603
2014-08-17T00:00:00.000+10:00,0.529,140,603
2014-08-18T00:00:00.000+10:00,0.564,140,603
2014-08-19T00:00:00.000+10:00,0.299,140,603
2014-08-20T00:00:00.000+10:00,0.392,140,603
2014-08-21T00:00:00.000+10:00,0.311,140,603
2014-08-22T00:00:00.000+10:00,0.294,140,603
2014-08-23T00:00:00.000+10:00,0.427,140,603
2014-08-24T00:00:00.000+10:00,1.131,140,603
2014-08-25T00:00:00.000+10:00,1.194,140,603
2014-08-26T00:00:00.000+10:00,0.939,140,603
2014-08-27T00:00:00.000+10:00,37.369,140,603
2014-08-28T00:00:00.000+10:00,46.467,140,603
2014-08-29T00:00:00.000+10:00,10.720,140,603
2014-08-30T00:00:00.000+10:00,6.068,140,603
2014-08-31T00:00:00.000+10:00,4.234,140,603
2014-09-01T00:00:00.000+10:00,2.880,140,603
2014-09-02T00:00:00.000+10:00,1.880,140,603
2014-09-03T00:00:00.000+10:00,1.418,140,603
2014-09-04T00:00:00.000+10:00,1.157,140,603
2014-09-05T00:00:00.000+10:00,0.900,140,603
2014-09-06T00:00:00.000+10:00,0.923,140,603
2014-09-07T00:00:00.000+10:00,0.938,140,603
2014-09-08T00:00:00.000+10:00,0.599,140,603
2014-09-09T00:00:00.000+10:00,0.490,140,603
2014-09-10T00:00:00.000+10:00,0.559,140,603
2014-09-11T00:00:00.000+10:00,0.424,140,603
2014-09-12T00:00:00.000+10:00,0.507,140,603
2014-09-13T00:00:00.000+10:00,0.581,140,603
2014-09-14T00:00:00.000+10:00,0.556,140,603
2014-09-15T00:00:00.000+10:00,0.545,140,603
2014-09-16T00:00:00.000+10:00,0.428,140,603
2014-09-17T00:00:00.000+10:00,0.409,140,603
2014-09-18T00:00:00.000+10:00,0.417,140,603
2014-09-19T00:00:00.000+10:00,0.318,140,603
2014-09-20T00:00:00.000+10:00,0.380,140,603
2014-09-21T00:00:00.000+10:00,0.412,140,603
2014-09-22T00:00:00.000+10:00,0.440,140,603
2014-09-23T00:00:00.000+10:00,0.361,140,603
2014-09-24T00:00:00.000+10:00,0.336,140,603
2014-09-25T00:00:00.000+10:00,0.485,140,603
2014-09-26T00:00:00.000+10:00,0.387,140,603
2014-09-27T00:00:00.000+10:00,0.357,140,603
2014-09-28T00:00:00.000+10:00,0.376,140,603
2014-09-29T00:00:00.000+10:00,0.359,140,603
2014-09-30T00:00:00.000+10:00,0.522,140,603
2014-10-01T00:00:00.000+10:00,0.461,140,603
2014-10-02T00:00:00.000+10:00,0.487,140,603
2014-10-03T00:00:00.000+10:00,0.554,140,603
2014-10-04T00:00:00.000+10:00,0.433,140,603
2014-10-05T00:00:00.000+10:00,0.425,140,603
2014-10-06T00:00:00.000+10:00,0.326,140,603
2014-10-07T00:00:00.000+10:00,0.396,140,603
2014-10-08T00:00:00.000+10:00,0.315,140,603
2014-10-09T00:00:00.000+10:00,0.351,140,603
2014-10-10T00:00:00.000+10:00,0.374,140,603
2014-10-11T00:00:00.000+10:00,0.222,140,603
2014-10-12T00:00:00.000+10:00,0.288,140,603
2014-10-13T00:00:00.000+10:00,0.298,140,603
2014-10-14T00:00:00.000+10:00,0.319,140,603
2014-10-15T00:00:00.000+10:00,0.301,140,603
2014-10-16T00:00:00.000+10:00,0.284,140,603
2014-10-17T00:00:00.000+10:00,0.294,140,603
2014-10-18T00:00:00.000+10:00,0.300,140,603
2014-10-19T00:00:00.000+10:00,0.323,140,603
2014-10-20T00:00:00.000+10:00,0.298,140,603
2014-10-21T00:00:00.000+10:00,0.325,140,603
2014-10-22T00:00:00.000+10:00,0.301,140,603
2014-10-23T00:00:00.000+10:00,0.224,140,603
2014-10-24T00:00:00.000+10:00,0.214,140,603
2014-10-25T00:00:00.000+10:00,0.203,140,603
2014-10-26T00:00:00.000+10:00,0.193,140,603
2014-10-27T00:00:00.000+10:00,0.176,140,603
2014-10-28T00:00:00.000+10:00,0.165,140,603
2014-10-29T00:00:00.000+10:00,0.151,140,603
2014-10-30T00:00:00.000+10:00,0.140,140,603
2014-10-31T00:00:00.000+10:00,0.132,140,603
2014-11-01T00:00:00.000+10:00,0.126,140,603
2014-11-02T00:00:00.000+10:00,0.112,140,603
2014-11-03T00:00:00.000+10:00,0.102,140,603
2014-11-04T00:00:00.000+10:00,0.102,140,603
2014-11-05T00:00:00.000+10:00,0.136,140,603
2014-11-06T00:00:00.000+10:00,0.263,140,603
2014-11-07T00:00:00.000+10:00,0.285,140,603
2014-11-08T00:00:00.000+10:00,0.234,140,603
2014-11-09T00:00:00.000+10:00,0.232,140,603
2014-11-10T00:00:00.000+10:00,0.221,140,603
2014-11-11T00:00:00.000+10:00,0.221,140,603
2014-11-12T00:00:00.000+10:00,0.222,140,603
2014-11-13T00:00:00.000+10:00,0.222,140,603
2014-11-14T00:00:00.000+10:00,0.225,140,603
2014-11-15T00:00:00.000+10:00,0.234,140,603
2014-11-16T00:00:00.000+10:00,0.187,140,603
2014-11-17T00:00:00.000+10:00,0.170,140,603
2014-11-18T00:00:00.000+10:00,0.168,140,603
2014-11-19T00:00:00.000+10:00,0.161,140,603
2014-11-20T00:00:00.000+10:00,0.166,140,603
2014-11-21T00:00:00.000+10:00,0.143,140,603
2014-11-22T00:00:00.000+10:00,0.137,140,603
2014-11-23T00:00:00.000+10:00,0.125,140,603
2014-11-24T00:00:00.000+10:00,0.108,140,603
2014-11-25T00:00:00.000+10:00,0.116,140,603
2014-11-26T00:00:00.000+10:00,0.158,140,603
2014-11-27T00:00:00.000+10:00,0.146,140,603
2014-11-28T00:00:00.000+10:00,0.170,140,603
2014-11-29T00:00:00.000+10:00,0.148,140,603
2014-11-30T00:00:00.000+10:00,0.136,140,603
2014-12-01T00:00:00.000+10:00,0.134,140,603
2014-12-02T00:00:00.000+10:00,0.138,140,603
2014-12-03T00:00:00.000+10:00,0.131,140,603
2014-12-04T00:00:00.000+10:00,0.138,140,603
2014-12-05T00:00:00.000+10:00,0.156,140,603
2014-12-06T00:00:00.000+10:00,0.144,140,603
2014-12-07T00:00:00.000+10:00,0.183,140,603
2014-12-08T00:00:00.000+10:00,0.201,140,603
2014-12-09T00:00:00.000+10:00,0.229,140,603
2014-12-10T00:00:00.000+10:00,0.265,140,603
2014-12-11T00:00:00.000+10:00,0.282,140,603
2014-12-12T00:00:00.000+10:00,0.309,140,603
2014-12-13T00:00:00.000+10:00,0.338,140,603
2014-12-14T00:00:00.000+10:00,0.320,140,603
2014-12-15T00:00:00.000+10:00,0.307,140,603
2014-12-16T00:00:00.000+10:00,0.299,140,603
2014-12-17T00:00:00.000+10:00,0.283,140,603
2014-12-18T00:00:00.000+10:00,0.301,140,603
2014-12-19T00:00:00.000+10:00,0.383,140,603
2014-12-20T00:00:00.000+10:00,0.404,140,603
2014-12-21T00:00:00.000+10:00,0.356,140,603
2014-12-22T00:00:00.000+10:00,0.352,140,603
2014-12-23T00:00:00.000+10:00,0.329,140,603
2014-12-24T00:00:00.000+10:00,0.302,140,603
2014-12-25T00:00:00.000+10:00,0.284,140,603
2014-12-26T00:00:00.000+10:00,0.295,140,603
2014-12-27T00:00:00.000+10:00,0.706,140,603
2014-12-28T00:00:00.000+10:00,3.190,140,603
2014-12-29T00:00:00.000+10:00,6.620,140,603
2014-12-30T00:00:00.000+10:00,5.228,140,603
2014-12-31T00:00:00.000+10:00,3.201,140,603
2015-01-01T00:00:00.000+10:00,18.324,140,603
2015-01-02T00:00:00.000+10:00,7.539,140,603
2015-01-03T00:00:00.000+10:00,4.545,140,603
2015-01-04T00:00:00.000+10:00,2.723,140,603
2015-01-05T00:00:00.000+10:00,1.941,140,603
2015-01-06T00:00:00.000+10:00,3.252,140,603
2015-01-07T00:00:00.000+10:00,1.797,140,603
2015-01-08T00:00:00.000+10:00,1.443,140,603
2015-01-09T00:00:00.000+10:00,1.278,140,603
2015-01-10T00:00:00.000+10:00,0.923,140,603
2015-01-11T00:00:00.000+10:00,0.699,140,603
2015-01-12T00:00:00.000+10:00,1.316,140,603
2015-01-13T00:00:00.000+10:00,1.054,140,603
2015-01-14T00:00:00.000+10:00,0.875,140,603
2015-01-15T00:00:00.000+10:00,0.734,140,603
2015-01-16T00:00:00.000+10:00,0.747,140,603
2015-01-17T00:00:00.000+10:00,0.726,140,603
2015-01-18T00:00:00.000+10:00,0.609,140,603
2015-01-19T00:00:00.000+10:00,1.580,140,603
2015-01-20T00:00:00.000+10:00,21.497,140,603
2015-01-21T00:00:00.000+10:00,9.248,140,603
2015-01-22T00:00:00.000+10:00,17.034,140,603
2015-01-23T00:00:00.000+10:00,20.100,140,603
2015-01-24T00:00:00.000+10:00,10.698,140,603
2015-01-25T00:00:00.000+10:00,7.273,140,603
2015-01-26T00:00:00.000+10:00,6.093,140,603
2015-01-27T00:00:00.000+10:00,110.954,140,603
2015-01-28T00:00:00.000+10:00,34.035,140,603
2015-01-29T00:00:00.000+10:00,16.205,140,603
2015-01-30T00:00:00.000+10:00,10.697,140,603
2015-01-31T00:00:00.000+10:00,7.940,140,603
2015-02-01T00:00:00.000+10:00,6.173,140,603
2015-02-02T00:00:00.000+10:00,8.225,140,603
2015-02-03T00:00:00.000+10:00,16.773,140,603
2015-02-04T00:00:00.000+10:00,11.777,140,603
2015-02-05T00:00:00.000+10:00,8.453,140,603
2015-02-06T00:00:00.000+10:00,7.067,140,603
2015-02-07T00:00:00.000+10:00,5.796,140,603
2015-02-08T00:00:00.000+10:00,4.992,140,603
2015-02-09T00:00:00.000+10:00,4.250,140,603
2015-02-10T00:00:00.000+10:00,3.603,140,603
2015-02-11T00:00:00.000+10:00,3.669,140,603
2015-02-12T00:00:00.000+10:00,3.277,140,603
2015-02-13T00:00:00.000+10:00,2.921,140,603
2015-02-14T00:00:00.000+10:00,2.422,140,603
2015-02-15T00:00:00.000+10:00,2.364,140,603
2015-02-16T00:00:00.000+10:00,2.301,140,603
2015-02-17T00:00:00.000+10:00,2.087,140,603
2015-02-18T00:00:00.000+10:00,2.086,140,603
2015-02-19T00:00:00.000+10:00,2.375,140,603
2015-02-20T00:00:00.000+10:00,13.031,140,603
2015-02-21T00:00:00.000+10:00,39.781,140,603
2015-02-22T00:00:00.000+10:00,46.850,140,603
2015-02-23T00:00:00.000+10:00,57.974,140,603
2015-02-24T00:00:00.000+10:00,30.189,140,603
2015-02-25T00:00:00.000+10:00,19.756,140,603
2015-02-26T00:00:00.000+10:00,14.894,140,603
2015-02-27T00:00:00.000+10:00,11.997,140,603
2015-02-28T00:00:00.000+10:00,9.560,140,603
2015-03-01T00:00:00.000+10:00,7.898,140,603
2015-03-02T00:00:00.000+10:00,6.786,140,603
2015-03-03T00:00:00.000+10:00,5.863,140,603
2015-03-04T00:00:00.000+10:00,5.247,140,603
2015-03-05T00:00:00.000+10:00,4.607,140,603
2015-03-06T00:00:00.000+10:00,4.092,140,603
2015-03-07T00:00:00.000+10:00,3.641,140,603
2015-03-08T00:00:00.000+10:00,3.450,140,603
2015-03-09T00:00:00.000+10:00,3.601,140,603
2015-03-10T00:00:00.000+10:00,3.044,140,603
2015-03-11T00:00:00.000+10:00,2.884,140,603
2015-03-12T00:00:00.000+10:00,2.679,140,603
2015-03-13T00:00:00.000+10:00,3.040,140,603
2015-03-14T00:00:00.000+10:00,5.006,140,603
2015-03-15T00:00:00.000+10:00,3.195,140,603
2015-03-16T00:00:00.000+10:00,2.989,140,603
2015-03-17T00:00:00.000+10:00,2.542,140,603
2015-03-18T00:00:00.000+10:00,2.261,140,603
2015-03-19T00:00:00.000+10:00,2.130,140,603
2015-03-20T00:00:00.000+10:00,1.817,140,603
2015-03-21T00:00:00.000+10:00,1.521,140,603
2015-03-22T00:00:00.000+10:00,1.825,140,603
2015-03-23T00:00:00.000+10:00,2.263,140,603
2015-03-24T00:00:00.000+10:00,1.968,140,603
2015-03-25T00:00:00.000+10:00,1.870,140,603
2015-03-26T00:00:00.000+10:00,1.714,140,603
2015-03-27T00:00:00.000+10:00,1.733,140,603
2015-03-28T00:00:00.000+10:00,1.290,140,603
2015-03-29T00:00:00.000+10:00,1.408,140,603
2015-03-30T00:00:00.000+10:00,1.522,140,603
2015-03-31T00:00:00.000+10:00,1.895,140,603
2015-04-01T00:00:00.000+10:00,2.352,140,603
2015-04-02T00:00:00.000+10:00,2.963,140,603
2015-04-03T00:00:00.000+10:00,2.322,140,603
2015-04-04T00:00:00.000+10:00,6.863,140,603
2015-04-05T00:00:00.000+10:00,12.012,140,603
2015-04-06T00:00:00.000+10:00,8.504,140,603
2015-04-07T00:00:00.000+10:00,6.515,140,603
2015-04-08T00:00:00.000+10:00,5.335,140,603
2015-04-09T00:00:00.000+10:00,4.646,140,603
2015-04-10T00:00:00.000+10:00,3.782,140,603
2015-04-11T00:00:00.000+10:00,3.095,140,603
2015-04-12T00:00:00.000+10:00,2.434,140,603
2015-04-13T00:00:00.000+10:00,2.513,140,603
2015-04-14T00:00:00.000+10:00,2.284,140,603
2015-04-15T00:00:00.000+10:00,2.091,140,603
2015-04-16T00:00:00.000+10:00,1.932,140,603
2015-04-17T00:00:00.000+10:00,2.055,140,603
2015-04-18T00:00:00.000+10:00,1.686,140,603
2015-04-19T00:00:00.000+10:00,1.644,140,603
2015-04-20T00:00:00.000+10:00,2.367,140,603
2015-04-21T00:00:00.000+10:00,2.442,140,603
2015-04-22T00:00:00.000+10:00,2.017,140,603
2015-04-23T00:00:00.000+10:00,1.552,140,603
2015-04-24T00:00:00.000+10:00,1.420,140,603
2015-04-25T00:00:00.000+10:00,1.175,140,603
2015-04-26T00:00:00.000+10:00,1.066,140,603
2015-04-27T00:00:00.000+10:00,1.012,140,603
2015-04-28T00:00:00.000+10:00,1.321,140,603
2015-04-29T00:00:00.000+10:00,1.313,140,603
2015-04-30T00:00:00.000+10:00,1.448,140,603
2015-05-01T00:00:00.000+10:00,16.358,140,603
2015-05-02T00:00:00.000+10:00,145.692,140,603
2015-05-03T00:00:00.000+10:00,58.835,140,603
2015-05-04T00:00:00.000+10:00,21.179,140,603
2015-05-05T00:00:00.000+10:00,13.313,140,603
2015-05-06T00:00:00.000+10:00,10.082,140,603
2015-05-07T00:00:00.000+10:00,7.980,140,603
2015-05-08T00:00:00.000+10:00,6.691,140,603
2015-05-09T00:00:00.000+10:00,5.823,140,603
2015-05-10T00:00:00.000+10:00,5.152,140,603
2015-05-11T00:00:00.000+10:00,4.297,140,603
2015-05-12T00:00:00.000+10:00,3.801,140,603
2015-05-13T00:00:00.000+10:00,3.431,140,603
2015-05-14T00:00:00.000+10:00,3.089,140,603
2015-05-15T00:00:00.000+10:00,2.899,140,603
2015-05-16T00:00:00.000+10:00,2.848,140,603
2015-05-17T00:00:00.000+10:00,2.728,140,603
2015-05-18T00:00:00.000+10:00,2.898,140,603
2015-05-19T00:00:00.000+10:00,2.606,140,603
2015-05-20T00:00:00.000+10:00,2.361,140,603
2015-05-21T00:00:00.000+10:00,2.619,140,603
2015-05-22T00:00:00.000+10:00,2.967,140,603
2015-05-23T00:00:00.000+10:00,2.472,140,603
2015-05-24T00:00:00.000+10:00,1.863,140,603
2015-05-25T00:00:00.000+10:00,1.789,140,603
2015-05-26T00:00:00.000+10:00,1.714,140,603
2015-05-27T00:00:00.000+10:00,1.641,140,603
2015-05-28T00:00:00.000+10:00,1.758,140,603
2015-05-29T00:00:00.000+10:00,1.726,140,603
2015-05-30T00:00:00.000+10:00,1.531,140,603
2015-05-31T00:00:00.000+10:00,1.538,140,603
2015-06-01T00:00:00.000+10:00,1.742,140,603
2015-06-02T00:00:00.000+10:00,1.425,140,603
2015-06-03T00:00:00.000+10:00,1.312,140,603
2015-06-04T00:00:00.000+10:00,1.265,140,603
2015-06-05T00:00:00.000+10:00,1.313,140,603
2015-06-06T00:00:00.000+10:00,1.339,140,603
2015-06-07T00:00:00.000+10:00,1.256,140,603
2015-06-08T00:00:00.000+10:00,1.306,140,603
2015-06-09T00:00:00.000+10:00,1.156,140,603
2015-06-10T00:00:00.000+10:00,1.149,140,603
2015-06-11T00:00:00.000+10:00,1.229,140,603
2015-06-12T00:00:00.000+10:00,1.288,140,603
2015-06-13T00:00:00.000+10:00,1.251,140,603
2015-06-14T00:00:00.000+10:00,1.283,140,603
2015-06-15T00:00:00.000+10:00,1.227,140,603
2015-06-16T00:00:00.000+10:00,1.240,140,603
2015-06-17T00:00:00.000+10:00,1.260,140,603
2015-06-18T00:00:00.000+10:00,1.232,140,603
2015-06-19T00:00:00.000+10:00,1.160,140,603
2015-06-20T00:00:00.000+10:00,1.058,140,603
2015-06-21T00:00:00.000+10:00,0.966,140,603
2015-06-22T00:00:00.000+10:00,0.978,140,603
2015-06-23T00:00:00.000+10:00,0.963,140,603
2015-06-24T00:00:00.000+10:00,0.993,140,603
2015-06-25T00:00:00.000+10:00,0.973,140,603
2015-06-26T00:00:00.000+10:00,0.951,140,603
2015-06-27T00:00:00.000+10:00,0.945,140,603
2015-06-28T00:00:00.000+10:00,0.909,140,603
2015-06-29T00:00:00.000+10:00,0.887,140,603
2015-06-30T00:00:00.000+10:00,0.868,140,603
2015-07-01T00:00:00.000+10:00,0.853,140,603
2015-07-02T00:00:00.000+10:00,0.842,140,603
2015-07-03T00:00:00.000+10:00,0.825,140,603
2015-07-04T00:00:00.000+10:00,0.799,140,603
2015-07-05T00:00:00.000+10:00,0.782,140,603
2015-07-06T00:00:00.000+10:00,0.778,140,603
2015-07-07T00:00:00.000+10:00,0.765,140,603
2015-07-08T00:00:00.000+10:00,0.742,140,603
2015-07-09T00:00:00.000+10:00,0.724,140,603
2015-07-10T00:00:00.000+10:00,0.724,140,603
2015-07-11T00:00:00.000+10:00,0.724,140,603
2015-07-12T00:00:00.000+10:00,0.715,140,603
2015-07-13T00:00:00.000+10:00,0.691,140,603
2015-07-14T00:00:00.000+10:00,0.679,140,603
2015-07-15T00:00:00.000+10:00,0.679,140,603
2015-07-16T00:00:00.000+10:00,0.670,140,603
2015-07-17T00:00:00.000+10:00,0.661,140,603
2015-07-18T00:00:00.000+10:00,0.639,140,603
2015-07-19T00:00:00.000+10:00,0.626,140,603
2015-07-20T00:00:00.000+10:00,0.632,140,603
2015-07-21T00:00:00.000+10:00,0.658,140,603
2015-07-22T00:00:00.000+10:00,0.693,140,603
2015-07-23T00:00:00.000+10:00,0.684,140,603
2015-07-24T00:00:00.000+10:00,0.679,140,603
2015-07-25T00:00:00.000+10:00,0.670,140,603
2015-07-26T00:00:00.000+10:00,0.654,140,603
2015-07-27T00:00:00.000+10:00,0.632,140,603
2015-07-28T00:00:00.000+10:00,0.619,140,603
2015-07-29T00:00:00.000+10:00,0.604,140,603
2015-07-30T00:00:00.000+10:00,0.605,140,603
2015-07-31T00:00:00.000+10:00,0.605,140,603
2015-08-01T00:00:00.000+10:00,0.599,140,603
2015-08-02T00:00:00.000+10:00,0.584,140,603
2015-08-03T00:00:00.000+10:00,0.570,140,603
2015-08-04T00:00:00.000+10:00,0.437,140,603
2015-08-05T00:00:00.000+10:00,0.514,140,603
2015-08-06T00:00:00.000+10:00,0.423,140,603
2015-08-07T00:00:00.000+10:00,0.409,140,603
2015-08-08T00:00:00.000+10:00,0.507,140,603
2015-08-09T00:00:00.000+10:00,0.493,140,603
2015-08-10T00:00:00.000+10:00,0.490,140,603
2015-08-11T00:00:00.000+10:00,0.488,140,603
2015-08-12T00:00:00.000+10:00,0.484,140,603
2015-08-13T00:00:00.000+10:00,0.473,140,603
2015-08-14T00:00:00.000+10:00,0.458,140,603
2015-08-15T00:00:00.000+10:00,0.454,140,603
2015-08-16T00:00:00.000+10:00,0.456,140,603
2015-08-17T00:00:00.000+10:00,0.456,140,603
2015-08-18T00:00:00.000+10:00,0.462,140,603
2015-08-19T00:00:00.000+10:00,0.454,140,603
2015-08-20T00:00:00.000+10:00,0.454,140,603
2015-08-21T00:00:00.000+10:00,0.454,140,603
2015-08-22T00:00:00.000+10:00,0.452,140,603
2015-08-23T00:00:00.000+10:00,0.470,140,603
2015-08-24T00:00:00.000+10:00,0.615,140,603
2015-08-25T00:00:00.000+10:00,0.678,140,603
2015-08-26T00:00:00.000+10:00,0.623,140,603
2015-08-27T00:00:00.000+10:00,0.541,140,603
2015-08-28T00:00:00.000+10:00,0.400,140,603
2015-08-29T00:00:00.000+10:00,0.351,140,603
2015-08-30T00:00:00.000+10:00,0.369,140,603
2015-08-31T00:00:00.000+10:00,0.449,140,603
2015-09-01T00:00:00.000+10:00,0.356,140,603
2015-09-02T00:00:00.000+10:00,0.420,140,603
2015-09-03T00:00:00.000+10:00,0.442,140,603
2015-09-04T00:00:00.000+10:00,0.345,140,603
2015-09-05T00:00:00.000+10:00,0.370,140,603
2015-09-06T00:00:00.000+10:00,0.375,140,603
2015-09-07T00:00:00.000+10:00,0.377,140,603
2015-09-08T00:00:00.000+10:00,0.380,140,603
2015-09-09T00:00:00.000+10:00,0.372,140,603
2015-09-10T00:00:00.000+10:00,0.369,140,603
2015-09-11T00:00:00.000+10:00,0.415,140,603
2015-09-12T00:00:00.000+10:00,0.414,140,603
2015-09-13T00:00:00.000+10:00,0.408,140,603
2015-09-14T00:00:00.000+10:00,0.396,140,603
2015-09-15T00:00:00.000+10:00,0.385,140,603
2015-09-16T00:00:00.000+10:00,0.378,140,603
2015-09-17T00:00:00.000+10:00,0.424,140,603
2015-09-18T00:00:00.000+10:00,0.564,140,603
2015-09-19T00:00:00.000+10:00,0.582,140,603
2015-09-20T00:00:00.000+10:00,0.436,140,603
2015-09-21T00:00:00.000+10:00,0.496,140,603
2015-09-22T00:00:00.000+10:00,0.503,140,603
2015-09-23T00:00:00.000+10:00,0.550,140,603
2015-09-24T00:00:00.000+10:00,0.474,140,603
2015-09-25T00:00:00.000+10:00,0.489,140,603
2015-09-26T00:00:00.000+10:00,1.245,140,603
2015-09-27T00:00:00.000+10:00,1.271,140,603
2015-09-28T00:00:00.000+10:00,0.807,140,603
2015-09-29T00:00:00.000+10:00,0.603,140,603
2015-09-30T00:00:00.000+10:00,0.544,140,603
2015-10-01T00:00:00.000+10:00,0.601,140,603
2015-10-02T00:00:00.000+10:00,0.491,140,603
2015-10-03T00:00:00.000+10:00,0.480,140,603
2015-10-04T00:00:00.000+10:00,0.424,140,603
2015-10-05T00:00:00.000+10:00,0.446,140,603
2015-10-06T00:00:00.000+10:00,0.474,140,603
2015-10-07T00:00:00.000+10:00,0.459,140,603
2015-10-08T00:00:00.000+10:00,0.530,140,603
2015-10-09T00:00:00.000+10:00,0.483,140,603
2015-10-10T00:00:00.000+10:00,0.368,140,603
2015-10-11T00:00:00.000+10:00,0.417,140,603
2015-10-12T00:00:00.000+10:00,0.505,140,603
2015-10-13T00:00:00.000+10:00,0.483,140,603
2015-10-14T00:00:00.000+10:00,0.475,140,603
2015-10-15T00:00:00.000+10:00,0.484,140,603
2015-10-16T00:00:00.000+10:00,0.565,140,603
2015-10-17T00:00:00.000+10:00,0.553,140,603
2015-10-18T00:00:00.000+10:00,0.544,140,603
2015-10-19T00:00:00.000+10:00,0.514,140,603
2015-10-20T00:00:00.000+10:00,0.458,140,603
2015-10-21T00:00:00.000+10:00,0.445,140,603
2015-10-22T00:00:00.000+10:00,0.427,140,603
2015-10-23T00:00:00.000+10:00,0.268,140,603
2015-10-24T00:00:00.000+10:00,0.369,140,603
2015-10-25T00:00:00.000+10:00,0.326,140,603
2015-10-26T00:00:00.000+10:00,0.349,140,603
2015-10-27T00:00:00.000+10:00,0.344,140,603
2015-10-28T00:00:00.000+10:00,0.315,140,603
2015-10-29T00:00:00.000+10:00,0.311,140,603
2015-10-30T00:00:00.000+10:00,0.341,140,603
2015-10-31T00:00:00.000+10:00,0.291,140,603
2015-11-01T00:00:00.000+10:00,0.290,140,603
2015-11-02T00:00:00.000+10:00,0.334,140,603
2015-11-03T00:00:00.000+10:00,0.282,140,603
2015-11-04T00:00:00.000+10:00,0.277,140,603
2015-11-05T00:00:00.000+10:00,0.337,140,603
2015-11-06T00:00:00.000+10:00,0.357,140,603
2015-11-07T00:00:00.000+10:00,0.296,140,603
2015-11-08T00:00:00.000+10:00,0.435,140,603
2015-11-09T00:00:00.000+10:00,0.842,140,603
2015-11-10T00:00:00.000+10:00,0.534,140,603
2015-11-11T00:00:00.000+10:00,0.453,140,603
2015-11-12T00:00:00.000+10:00,0.378,140,603
2015-11-13T00:00:00.000+10:00,0.413,140,603
2015-11-14T00:00:00.000+10:00,1.025,140,603
2015-11-15T00:00:00.000+10:00,2.310,140,603
2015-11-16T00:00:00.000+10:00,1.958,140,603
2015-11-17T00:00:00.000+10:00,1.284,140,603
2015-11-18T00:00:00.000+10:00,0.880,140,603
2015-11-19T00:00:00.000+10:00,0.748,140,603
2015-11-20T00:00:00.000+10:00,0.648,140,603
2015-11-21T00:00:00.000+10:00,0.433,140,603
2015-11-22T00:00:00.000+10:00,0.389,140,603
2015-11-23T00:00:00.000+10:00,0.514,140,603
2015-11-24T00:00:00.000+10:00,0.453,140,603
2015-11-25T00:00:00.000+10:00,0.429,140,603
2015-11-26T00:00:00.000+10:00,0.375,140,603
2015-11-27T00:00:00.000+10:00,0.458,140,603
2015-11-28T00:00:00.000+10:00,0.304,140,603
2015-11-29T00:00:00.000+10:00,0.731,140,603
2015-11-30T00:00:00.000+10:00,1.983,140,603
2015-12-01T00:00:00.000+10:00,1.088,140,603
2015-12-02T00:00:00.000+10:00,2.254,140,603
2015-12-03T00:00:00.000+10:00,8.924,140,603
2015-12-04T00:00:00.000+10:00,3.925,140,603
2015-12-05T00:00:00.000+10:00,2.552,140,603
2015-12-06T00:00:00.000+10:00,1.514,140,603
2015-12-07T00:00:00.000+10:00,1.236,140,603
2015-12-08T00:00:00.000+10:00,1.008,140,603
2015-12-09T00:00:00.000+10:00,0.878,140,603
2015-12-10T00:00:00.000+10:00,0.783,140,603
2015-12-11T00:00:00.000+10:00,0.676,140,603
2015-12-12T00:00:00.000+10:00,0.429,140,603
2015-12-13T00:00:00.000+10:00,0.428,140,603
2015-12-14T00:00:00.000+10:00,0.634,140,603
2015-12-15T00:00:00.000+10:00,0.533,140,603
2015-12-16T00:00:00.000+10:00,0.512,140,603
2015-12-17T00:00:00.000+10:00,0.455,140,603
2015-12-18T00:00:00.000+10:00,0.423,140,603
2015-12-19T00:00:00.000+10:00,0.308,140,603
2015-12-20T00:00:00.000+10:00,0.344,140,603
2015-12-21T00:00:00.000+10:00,0.332,140,603
2015-12-22T00:00:00.000+10:00,0.351,140,603
2015-12-23T00:00:00.000+10:00,0.417,140,603
2015-12-24T00:00:00.000+10:00,5.056,140,603
2015-12-25T00:00:00.000+10:00,7.002,140,603
2015-12-26T00:00:00.000+10:00,3.533,140,603
2015-12-27T00:00:00.000+10:00,2.386,140,603
2015-12-28T00:00:00.000+10:00,1.776,140,603
2015-12-29T00:00:00.000+10:00,1.414,140,603
2015-12-30T00:00:00.000+10:00,1.126,140,603
2015-12-31T00:00:00.000+10:00,0.761,140,603
2016-01-01T00:00:00.000+10:00,0.540,140,603
2016-01-02T00:00:00.000+10:00,0.581,140,603
2016-01-03T00:00:00.000+10:00,0.474,140,603
2016-01-04T00:00:00.000+10:00,0.542,140,603
2016-01-05T00:00:00.000+10:00,0.501,140,603
2016-01-06T00:00:00.000+10:00,0.630,140,603
2016-01-07T00:00:00.000+10:00,0.548,140,603
2016-01-08T00:00:00.000+10:00,0.468,140,603
2016-01-09T00:00:00.000+10:00,0.343,140,603
2016-01-10T00:00:00.000+10:00,0.514,140,603
2016-01-11T00:00:00.000+10:00,0.540,140,603
2016-01-12T00:00:00.000+10:00,0.497,140,603
2016-01-13T00:00:00.000+10:00,0.427,140,603
2016-01-14T00:00:00.000+10:00,0.401,140,603
2016-01-15T00:00:00.000+10:00,0.441,140,603
2016-01-16T00:00:00.000+10:00,0.436,140,603
2016-01-17T00:00:00.000+10:00,0.578,140,603
2016-01-18T00:00:00.000+10:00,0.575,140,603
2016-01-19T00:00:00.000+10:00,0.641,140,603
2016-01-20T00:00:00.000+10:00,0.697,140,603
2016-01-21T00:00:00.000+10:00,0.661,140,603
2016-01-22T00:00:00.000+10:00,0.636,140,603
2016-01-23T00:00:00.000+10:00,0.669,140,603
2016-01-24T00:00:00.000+10:00,0.675,140,603
2016-01-25T00:00:00.000+10:00,0.679,140,603
2016-01-26T00:00:00.000+10:00,0.769,140,603
2016-01-27T00:00:00.000+10:00,1.724,140,603
2016-01-28T00:00:00.000+10:00,0.995,140,603
2016-01-29T00:00:00.000+10:00,0.881,140,603
2016-01-30T00:00:00.000+10:00,0.860,140,603
2016-01-31T00:00:00.000+10:00,0.809,140,603
2016-02-01T00:00:00.000+10:00,0.756,140,603
2016-02-02T00:00:00.000+10:00,0.716,140,603
2016-02-03T00:00:00.000+10:00,0.677,140,603
2016-02-04T00:00:00.000+10:00,0.653,140,603
2016-02-05T00:00:00.000+10:00,0.648,140,603
2016-02-06T00:00:00.000+10:00,1.373,140,603
2016-02-07T00:00:00.000+10:00,2.615,140,603
2016-02-08T00:00:00.000+10:00,1.466,140,603
2016-02-09T00:00:00.000+10:00,1.206,140,603
2016-02-10T00:00:00.000+10:00,1.088,140,603
2016-02-11T00:00:00.000+10:00,1.003,140,603
2016-02-12T00:00:00.000+10:00,0.919,140,603
2016-02-13T00:00:00.000+10:00,0.859,140,603
2016-02-14T00:00:00.000+10:00,0.660,140,603
2016-02-15T00:00:00.000+10:00,0.597,140,603
2016-02-16T00:00:00.000+10:00,0.723,140,603
2016-02-17T00:00:00.000+10:00,0.698,140,603
2016-02-18T00:00:00.000+10:00,0.670,140,603
2016-02-19T00:00:00.000+10:00,0.643,140,603
2016-02-20T00:00:00.000+10:00,0.606,140,603
2016-02-21T00:00:00.000+10:00,0.578,140,603
2016-02-22T00:00:00.000+10:00,0.554,140,603
2016-02-23T00:00:00.000+10:00,0.543,140,603
2016-02-24T00:00:00.000+10:00,0.381,140,603
2016-02-25T00:00:00.000+10:00,0.394,140,603
2016-02-26T00:00:00.000+10:00,0.323,140,603
2016-02-27T00:00:00.000+10:00,0.365,140,603
2016-02-28T00:00:00.000+10:00,0.306,140,603
2016-02-29T00:00:00.000+10:00,0.394,140,603
2016-03-01T00:00:00.000+10:00,0.291,140,603
2016-03-02T00:00:00.000+10:00,0.282,140,603
2016-03-03T00:00:00.000+10:00,0.372,140,603
2016-03-04T00:00:00.000+10:00,0.378,140,603
2016-03-05T00:00:00.000+10:00,0.367,140,603
2016-03-06T00:00:00.000+10:00,0.372,140,603
2016-03-07T00:00:00.000+10:00,0.370,140,603
2016-03-08T00:00:00.000+10:00,0.361,140,603
2016-03-09T00:00:00.000+10:00,0.384,140,603
2016-03-10T00:00:00.000+10:00,0.359,140,603
2016-03-11T00:00:00.000+10:00,0.348,140,603
2016-03-12T00:00:00.000+10:00,0.339,140,603
2016-03-13T00:00:00.000+10:00,0.334,140,603
2016-03-14T00:00:00.000+10:00,0.318,140,603
2016-03-15T00:00:00.000+10:00,0.309,140,603
2016-03-16T00:00:00.000+10:00,0.322,140,603
2016-03-17T00:00:00.000+10:00,0.300,140,603
2016-03-18T00:00:00.000+10:00,0.279,140,603
2016-03-19T00:00:00.000+10:00,0.281,140,603
2016-03-20T00:00:00.000+10:00,0.266,140,603
2016-03-21T00:00:00.000+10:00,0.259,140,603
2016-03-22T00:00:00.000+10:00,0.257,140,603
2016-03-23T00:00:00.000+10:00,0.250,140,603
2016-03-24T00:00:00.000+10:00,0.247,140,603
2016-03-25T00:00:00.000+10:00,0.238,140,603
2016-03-26T00:00:00.000+10:00,0.230,140,603
2016-03-27T00:00:00.000+10:00,0.234,140,603
2016-03-28T00:00:00.000+10:00,0.211,140,603
2016-03-29T00:00:00.000+10:00,0.195,140,603
2016-03-30T00:00:00.000+10:00,0.199,140,603
2016-03-31T00:00:00.000+10:00,0.182,140,603
2016-04-01T00:00:00.000+10:00,0.176,140,603
2016-04-02T00:00:00.000+10:00,0.170,140,603
2016-04-03T00:00:00.000+10:00,0.162,140,603
2016-04-04T00:00:00.000+10:00,0.159,140,603
2016-04-05T00:00:00.000+10:00,0.143,140,603
2016-04-06T00:00:00.000+10:00,0.134,140,603
2016-04-07T00:00:00.000+10:00,0.132,140,603
2016-04-08T00:00:00.000+10:00,0.137,140,603
2016-04-09T00:00:00.000+10:00,0.153,140,603
2016-04-10T00:00:00.000+10:00,0.150,140,603
2016-04-11T00:00:00.000+10:00,0.153,140,603
2016-04-12T00:00:00.000+10:00,0.153,140,603
2016-04-13T00:00:00.000+10:00,0.224,140,603
2016-04-14T00:00:00.000+10:00,0.243,140,603
2016-04-15T00:00:00.000+10:00,0.213,140,603
2016-04-16T00:00:00.000+10:00,0.205,140,603
2016-04-17T00:00:00.000+10:00,0.221,140,603
2016-04-18T00:00:00.000+10:00,0.268,140,603
2016-04-19T00:00:00.000+10:00,0.247,140,603
2016-04-20T00:00:00.000+10:00,0.240,140,603
2016-04-21T00:00:00.000+10:00,0.221,140,603
2016-04-22T00:00:00.000+10:00,0.200,140,603
2016-04-23T00:00:00.000+10:00,0.255,140,603
2016-04-24T00:00:00.000+10:00,0.228,140,603
2016-04-25T00:00:00.000+10:00,0.415,140,603
2016-04-26T00:00:00.000+10:00,1.013,140,603
2016-04-27T00:00:00.000+10:00,0.848,140,603
2016-04-28T00:00:00.000+10:00,0.637,140,603
2016-04-29T00:00:00.000+10:00,0.522,140,603
2016-04-30T00:00:00.000+10:00,0.464,140,603
2016-05-01T00:00:00.000+10:00,0.430,140,603
2016-05-02T00:00:00.000+10:00,0.509,140,603
2016-05-03T00:00:00.000+10:00,0.588,140,603
2016-05-04T00:00:00.000+10:00,0.380,140,603
2016-05-05T00:00:00.000+10:00,0.447,140,603
2016-05-06T00:00:00.000+10:00,0.434,140,603
2016-05-07T00:00:00.000+10:00,0.501,140,603
2016-05-08T00:00:00.000+10:00,0.479,140,603
2016-05-09T00:00:00.000+10:00,0.461,140,603
2016-05-10T00:00:00.000+10:00,0.305,140,603
2016-05-11T00:00:00.000+10:00,0.325,140,603
2016-05-12T00:00:00.000+10:00,0.399,140,603
2016-05-13T00:00:00.000+10:00,0.352,140,603
2016-05-14T00:00:00.000+10:00,0.284,140,603
2016-05-15T00:00:00.000+10:00,0.281,140,603
2016-05-16T00:00:00.000+10:00,0.335,140,603
2016-05-17T00:00:00.000+10:00,0.253,140,603
2016-05-18T00:00:00.000+10:00,0.247,140,603
2016-05-19T00:00:00.000+10:00,0.230,140,603
2016-05-20T00:00:00.000+10:00,0.213,140,603
2016-05-21T00:00:00.000+10:00,0.231,140,603
2016-05-22T00:00:00.000+10:00,0.225,140,603
2016-05-23T00:00:00.000+10:00,0.197,140,603
2016-05-24T00:00:00.000+10:00,0.189,140,603
2016-05-25T00:00:00.000+10:00,0.184,140,603
2016-05-26T00:00:00.000+10:00,0.181,140,603
2016-05-27T00:00:00.000+10:00,0.196,140,603
2016-05-28T00:00:00.000+10:00,0.183,140,603
2016-05-29T00:00:00.000+10:00,0.175,140,603
2016-05-30T00:00:00.000+10:00,0.170,140,603
2016-05-31T00:00:00.000+10:00,0.174,140,603
2016-06-01T00:00:00.000+10:00,0.180,140,603
2016-06-02T00:00:00.000+10:00,0.222,140,603
2016-06-03T00:00:00.000+10:00,0.232,140,603
2016-06-04T00:00:00.000+10:00,33.421,140,603
2016-06-05T00:00:00.000+10:00,135.616,140,603
2016-06-06T00:00:00.000+10:00,15.624,140,603
2016-06-07T00:00:00.000+10:00,8.601,140,603
2016-06-08T00:00:00.000+10:00,6.027,140,603
2016-06-09T00:00:00.000+10:00,4.639,140,603
2016-06-10T00:00:00.000+10:00,3.755,140,603
2016-06-11T00:00:00.000+10:00,2.450,140,603
2016-06-12T00:00:00.000+10:00,2.538,140,603
2016-06-13T00:00:00.000+10:00,2.388,140,603
2016-06-14T00:00:00.000+10:00,1.883,140,603
2016-06-15T00:00:00.000+10:00,1.665,140,603
2016-06-16T00:00:00.000+10:00,1.490,140,603
2016-06-17T00:00:00.000+10:00,1.373,140,603
2016-06-18T00:00:00.000+10:00,0.934,140,603
2016-06-19T00:00:00.000+10:00,3.325,140,603
2016-06-20T00:00:00.000+10:00,14.111,140,603
2016-06-21T00:00:00.000+10:00,6.319,140,603
2016-06-22T00:00:00.000+10:00,4.396,140,603
2016-06-23T00:00:00.000+10:00,3.534,140,603
2016-06-24T00:00:00.000+10:00,2.711,140,603
2016-06-25T00:00:00.000+10:00,1.898,140,603
2016-06-26T00:00:00.000+10:00,1.612,140,603
2016-06-27T00:00:00.000+10:00,1.759,140,603
2016-06-28T00:00:00.000+10:00,1.373,140,603
2016-06-29T00:00:00.000+10:00,1.129,140,603
2016-06-30T00:00:00.000+10:00,1.010,140,603
2016-07-01T00:00:00.000+10:00,0.916,140,603
2016-07-02T00:00:00.000+10:00,0.577,140,603
2016-07-03T00:00:00.000+10:00,0.505,140,603
2016-07-04T00:00:00.000+10:00,0.720,140,603
2016-07-05T00:00:00.000+10:00,0.938,140,603
2016-07-06T00:00:00.000+10:00,0.854,140,603
2016-07-07T00:00:00.000+10:00,0.742,140,603
2016-07-08T00:00:00.000+10:00,0.690,140,603
2016-07-09T00:00:00.000+10:00,0.484,140,603
2016-07-10T00:00:00.000+10:00,0.396,140,603
2016-07-11T00:00:00.000+10:00,0.574,140,603
2016-07-12T00:00:00.000+10:00,0.561,140,603
2016-07-13T00:00:00.000+10:00,0.528,140,603
2016-07-14T00:00:00.000+10:00,0.493,140,603
2016-07-15T00:00:00.000+10:00,0.458,140,603
2016-07-16T00:00:00.000+10:00,0.154,140,603
2016-07-17T00:00:00.000+10:00,0.244,140,603
2016-07-18T00:00:00.000+10:00,0.556,140,603
2016-07-19T00:00:00.000+10:00,0.396,140,603
2016-07-20T00:00:00.000+10:00,0.414,140,603
2016-07-21T00:00:00.000+10:00,0.737,140,603
2016-07-22T00:00:00.000+10:00,0.736,140,603
2016-07-23T00:00:00.000+10:00,0.716,140,603
2016-07-24T00:00:00.000+10:00,0.700,140,603
2016-07-25T00:00:00.000+10:00,0.681,140,603
2016-07-26T00:00:00.000+10:00,0.676,140,603
2016-07-27T00:00:00.000+10:00,0.665,140,603
2016-07-28T00:00:00.000+10:00,0.642,140,603
2016-07-29T00:00:00.000+10:00,0.635,140,603
2016-07-30T00:00:00.000+10:00,0.630,140,603
2016-07-31T00:00:00.000+10:00,0.614,140,603
2016-08-01T00:00:00.000+10:00,0.599,140,603
2016-08-02T00:00:00.000+10:00,0.596,140,603
2016-08-03T00:00:00.000+10:00,13.667,140,603
2016-08-04T00:00:00.000+10:00,51.910,140,603
2016-08-05T00:00:00.000+10:00,10.301,140,603
2016-08-06T00:00:00.000+10:00,6.032,140,603
2016-08-07T00:00:00.000+10:00,4.326,140,603
2016-08-08T00:00:00.000+10:00,3.384,140,603
2016-08-09T00:00:00.000+10:00,2.743,140,603
2016-08-10T00:00:00.000+10:00,2.307,140,603
2016-08-11T00:00:00.000+10:00,2.005,140,603
2016-08-12T00:00:00.000+10:00,1.779,140,603
2016-08-13T00:00:00.000+10:00,1.327,140,603
2016-08-14T00:00:00.000+10:00,1.004,140,603
2016-08-15T00:00:00.000+10:00,1.147,140,603
2016-08-16T00:00:00.000+10:00,1.285,140,603
2016-08-17T00:00:00.000+10:00,1.015,140,603
2016-08-18T00:00:00.000+10:00,0.915,140,603
2016-08-19T00:00:00.000+10:00,0.851,140,603
2016-08-20T00:00:00.000+10:00,0.790,140,603
2016-08-21T00:00:00.000+10:00,0.953,140,603
2016-08-22T00:00:00.000+10:00,0.713,140,603
2016-08-23T00:00:00.000+10:00,1.097,140,603
2016-08-24T00:00:00.000+10:00,1.470,140,603
2016-08-25T00:00:00.000+10:00,1.911,140,603
2016-08-26T00:00:00.000+10:00,1.470,140,603
2016-08-27T00:00:00.000+10:00,1.287,140,603
2016-08-28T00:00:00.000+10:00,0.964,140,603
2016-08-29T00:00:00.000+10:00,0.863,140,603
2016-08-30T00:00:00.000+10:00,1.082,140,603
2016-08-31T00:00:00.000+10:00,0.796,140,603
2016-09-01T00:00:00.000+10:00,0.747,140,603
2016-09-02T00:00:00.000+10:00,0.709,140,603
2016-09-03T00:00:00.000+10:00,0.689,140,603
2016-09-04T00:00:00.000+10:00,0.653,140,603
2016-09-05T00:00:00.000+10:00,0.872,140,603
2016-09-06T00:00:00.000+10:00,0.545,140,603
2016-09-07T00:00:00.000+10:00,0.508,140,603
2016-09-08T00:00:00.000+10:00,0.789,140,603
2016-09-09T00:00:00.000+10:00,0.786,140,603
2016-09-10T00:00:00.000+10:00,0.775,140,603
2016-09-11T00:00:00.000+10:00,0.798,140,603
2016-09-12T00:00:00.000+10:00,0.775,140,603
2016-09-13T00:00:00.000+10:00,0.748,140,603
2016-09-14T00:00:00.000+10:00,0.757,140,603
2016-09-15T00:00:00.000+10:00,0.777,140,603
2016-09-16T00:00:00.000+10:00,0.827,140,603
2016-09-17T00:00:00.000+10:00,0.814,140,603
2016-09-18T00:00:00.000+10:00,0.808,140,603
2016-09-19T00:00:00.000+10:00,0.776,140,603
2016-09-20T00:00:00.000+10:00,0.676,140,603
2016-09-21T00:00:00.000+10:00,0.728,140,603
2016-09-22T00:00:00.000+10:00,0.840,140,603
2016-09-23T00:00:00.000+10:00,0.812,140,603
2016-09-24T00:00:00.000+10:00,0.803,140,603
2016-09-25T00:00:00.000+10:00,0.805,140,603
2016-09-26T00:00:00.000+10:00,0.809,140,603
2016-09-27T00:00:00.000+10:00,0.792,140,603
2016-09-28T00:00:00.000+10:00,0.783,140,603
2016-09-29T00:00:00.000+10:00,0.788,140,603
2016-09-30T00:00:00.000+10:00,0.846,140,603
2016-10-01T00:00:00.000+10:00,0.835,140,603
2016-10-02T00:00:00.000+10:00,0.824,140,603
2016-10-03T00:00:00.000+10:00,0.848,140,603
2016-10-04T00:00:00.000+10:00,0.846,140,603
2016-10-05T00:00:00.000+10:00,0.820,140,603
2016-10-06T00:00:00.000+10:00,0.798,140,603
2016-10-07T00:00:00.000+10:00,0.778,140,603
2016-10-08T00:00:00.000+10:00,0.472,140,603
2016-10-09T00:00:00.000+10:00,0.276,140,603
2016-10-10T00:00:00.000+10:00,0.148,140,603
2016-10-11T00:00:00.000+10:00,0.248,140,603
2016-10-12T00:00:00.000+10:00,0.240,140,603
2016-10-13T00:00:00.000+10:00,0.257,140,603
2016-10-14T00:00:00.000+10:00,0.270,140,603
2016-10-15T00:00:00.000+10:00,0.266,140,603
2016-10-16T00:00:00.000+10:00,0.242,140,603
2016-10-17T00:00:00.000+10:00,0.236,140,603
2016-10-18T00:00:00.000+10:00,0.282,140,603
2016-10-19T00:00:00.000+10:00,0.288,140,603
2016-10-20T00:00:00.000+10:00,0.284,140,603
2016-10-21T00:00:00.000+10:00,0.298,140,603
2016-10-22T00:00:00.000+10:00,0.306,140,603
2016-10-23T00:00:00.000+10:00,0.307,140,603
2016-10-24T00:00:00.000+10:00,0.307,140,603
2016-10-25T00:00:00.000+10:00,0.304,140,603
2016-10-26T00:00:00.000+10:00,0.292,140,603
2016-10-27T00:00:00.000+10:00,0.285,140,603
2016-10-28T00:00:00.000+10:00,0.307,140,603
2016-10-29T00:00:00.000+10:00,0.339,140,603
2016-10-30T00:00:00.000+10:00,0.292,140,603
2016-10-31T00:00:00.000+10:00,0.240,140,603
2016-11-01T00:00:00.000+10:00,0.263,140,603
2016-11-02T00:00:00.000+10:00,0.387,140,603
2016-11-03T00:00:00.000+10:00,0.339,140,603
2016-11-04T00:00:00.000+10:00,0.280,140,603
2016-11-05T00:00:00.000+10:00,0.260,140,603
2016-11-06T00:00:00.000+10:00,0.243,140,603
2016-11-07T00:00:00.000+10:00,0.226,140,603
2016-11-08T00:00:00.000+10:00,0.221,140,603
2016-11-09T00:00:00.000+10:00,0.255,140,603
2016-11-10T00:00:00.000+10:00,0.371,140,603
2016-11-11T00:00:00.000+10:00,0.351,140,603
2016-11-12T00:00:00.000+10:00,0.296,140,603
2016-11-13T00:00:00.000+10:00,0.294,140,603
2016-11-14T00:00:00.000+10:00,0.313,140,603
2016-11-15T00:00:00.000+10:00,0.279,140,603
2016-11-16T00:00:00.000+10:00,0.174,140,603
2016-11-17T00:00:00.000+10:00,0.163,140,603
2016-11-18T00:00:00.000+10:00,0.157,140,603
2016-11-19T00:00:00.000+10:00,0.146,140,603
2016-11-20T00:00:00.000+10:00,0.136,140,603
2016-11-21T00:00:00.000+10:00,0.125,140,603
2016-11-22T00:00:00.000+10:00,0.113,140,603
2016-11-23T00:00:00.000+10:00,0.100,140,603
2016-11-24T00:00:00.000+10:00,0.097,140,603
2016-11-25T00:00:00.000+10:00,0.090,140,603
2016-11-26T00:00:00.000+10:00,0.087,140,603
2016-11-27T00:00:00.000+10:00,0.081,140,603
2016-11-28T00:00:00.000+10:00,0.083,140,603
2016-11-29T00:00:00.000+10:00,0.113,140,603
2016-11-30T00:00:00.000+10:00,0.142,140,603
2016-12-01T00:00:00.000+10:00,0.156,140,603
2016-12-02T00:00:00.000+10:00,0.145,140,603
2016-12-03T00:00:00.000+10:00,0.139,140,603
2016-12-04T00:00:00.000+10:00,0.121,140,603
2016-12-05T00:00:00.000+10:00,0.128,140,603
2016-12-06T00:00:00.000+10:00,0.245,140,603
2016-12-07T00:00:00.000+10:00,0.325,140,603
2016-12-08T00:00:00.000+10:00,0.301,140,603
2016-12-09T00:00:00.000+10:00,0.288,140,603
2016-12-10T00:00:00.000+10:00,0.257,140,603
2016-12-11T00:00:00.000+10:00,0.260,140,603
2016-12-12T00:00:00.000+10:00,0.258,140,603
2016-12-13T00:00:00.000+10:00,0.246,140,603
2016-12-14T00:00:00.000+10:00,0.226,140,603
2016-12-15T00:00:00.000+10:00,0.198,140,603
2016-12-16T00:00:00.000+10:00,0.189,140,603
2016-12-17T00:00:00.000+10:00,0.173,140,603
2016-12-18T00:00:00.000+10:00,0.159,140,603
2016-12-19T00:00:00.000+10:00,0.186,140,603
2016-12-20T00:00:00.000+10:00,0.186,140,603
2016-12-21T00:00:00.000+10:00,0.190,140,603
2016-12-22T00:00:00.000+10:00,0.189,140,603
2016-12-23T00:00:00.000+10:00,0.184,140,603
2016-12-24T00:00:00.000+10:00,0.161,140,603
2016-12-25T00:00:00.000+10:00,0.100,140,603
2016-12-26T00:00:00.000+10:00,0.085,140,603
2016-12-27T00:00:00.000+10:00,0.077,140,603
2016-12-28T00:00:00.000+10:00,0.072,140,603
2016-12-29T00:00:00.000+10:00,0.071,140,603
2016-12-30T00:00:00.000+10:00,0.079,140,603
2016-12-31T00:00:00.000+10:00,0.078,140,603
2017-01-01T00:00:00.000+10:00,0.075,140,603
2017-01-02T00:00:00.000+10:00,0.081,140,603
2017-01-03T00:00:00.000+10:00,0.084,140,603
2017-01-04T00:00:00.000+10:00,0.077,140,603
2017-01-05T00:00:00.000+10:00,0.083,140,603
2017-01-06T00:00:00.000+10:00,0.115,140,603
2017-01-07T00:00:00.000+10:00,0.100,140,603
2017-01-08T00:00:00.000+10:00,0.075,140,603
2017-01-09T00:00:00.000+10:00,0.069,140,603
2017-01-10T00:00:00.000+10:00,0.068,140,603
2017-01-11T00:00:00.000+10:00,0.089,140,603
2017-01-12T00:00:00.000+10:00,0.138,140,603
2017-01-13T00:00:00.000+10:00,0.124,140,603
2017-01-14T00:00:00.000+10:00,0.150,140,603
2017-01-15T00:00:00.000+10:00,15.410,140,603
2017-01-16T00:00:00.000+10:00,5.984,140,603
2017-01-17T00:00:00.000+10:00,2.560,140,603
2017-01-18T00:00:00.000+10:00,1.689,140,603
2017-01-19T00:00:00.000+10:00,1.060,140,603
2017-01-20T00:00:00.000+10:00,0.748,140,603
2017-01-21T00:00:00.000+10:00,0.696,140,603
2017-01-22T00:00:00.000+10:00,0.517,140,603
2017-01-23T00:00:00.000+10:00,0.564,140,603
2017-01-24T00:00:00.000+10:00,0.390,140,603
2017-01-25T00:00:00.000+10:00,0.355,140,603
2017-01-26T00:00:00.000+10:00,0.380,140,603
2017-01-27T00:00:00.000+10:00,0.445,140,603
2017-01-28T00:00:00.000+10:00,0.331,140,603
2017-01-29T00:00:00.000+10:00,0.415,140,603
2017-01-30T00:00:00.000+10:00,0.446,140,603
2017-01-31T00:00:00.000+10:00,0.366,140,603
2017-02-01T00:00:00.000+10:00,0.395,140,603
2017-02-02T00:00:00.000+10:00,0.423,140,603
2017-02-03T00:00:00.000+10:00,0.381,140,603
2017-02-04T00:00:00.000+10:00,0.356,140,603
2017-02-05T00:00:00.000+10:00,0.338,140,603
2017-02-06T00:00:00.000+10:00,0.317,140,603
2017-02-07T00:00:00.000+10:00,0.302,140,603
2017-02-08T00:00:00.000+10:00,0.286,140,603
2017-02-09T00:00:00.000+10:00,0.270,140,603
2017-02-10T00:00:00.000+10:00,0.245,140,603
2017-02-11T00:00:00.000+10:00,0.233,140,603
2017-02-12T00:00:00.000+10:00,0.292,140,603
2017-02-13T00:00:00.000+10:00,0.421,140,603
2017-02-14T00:00:00.000+10:00,0.334,140,603
2017-02-15T00:00:00.000+10:00,0.361,140,603
2017-02-16T00:00:00.000+10:00,0.323,140,603
2017-02-17T00:00:00.000+10:00,0.327,140,603
2017-02-18T00:00:00.000+10:00,0.386,140,603
2017-02-19T00:00:00.000+10:00,0.382,140,603
2017-02-20T00:00:00.000+10:00,0.451,140,603
2017-02-21T00:00:00.000+10:00,0.427,140,603
2017-02-22T00:00:00.000+10:00,0.421,140,603
2017-02-23T00:00:00.000+10:00,0.411,140,603
2017-02-24T00:00:00.000+10:00,0.388,140,603
2017-02-25T00:00:00.000+10:00,0.358,140,603
2017-02-26T00:00:00.000+10:00,0.389,140,603
2017-02-27T00:00:00.000+10:00,0.417,140,603
2017-02-28T00:00:00.000+10:00,0.442,140,603
2017-03-01T00:00:00.000+10:00,0.495,140,603
2017-03-02T00:00:00.000+10:00,0.371,140,603
2017-03-03T00:00:00.000+10:00,0.426,140,603
2017-03-04T00:00:00.000+10:00,0.365,140,603
2017-03-05T00:00:00.000+10:00,0.627,140,603
2017-03-06T00:00:00.000+10:00,2.027,140,603
2017-03-07T00:00:00.000+10:00,1.040,140,603
2017-03-08T00:00:00.000+10:00,0.752,140,603
2017-03-09T00:00:00.000+10:00,0.708,140,603
2017-03-10T00:00:00.000+10:00,0.710,140,603
2017-03-11T00:00:00.000+10:00,0.642,140,603
2017-03-12T00:00:00.000+10:00,0.532,140,603
2017-03-13T00:00:00.000+10:00,0.500,140,603
2017-03-14T00:00:00.000+10:00,0.485,140,603
2017-03-15T00:00:00.000+10:00,23.269,140,603
2017-03-16T00:00:00.000+10:00,13.677,140,603
2017-03-17T00:00:00.000+10:00,6.167,140,603
2017-03-18T00:00:00.000+10:00,137.355,140,603
2017-03-19T00:00:00.000+10:00,73.448,140,603
2017-03-20T00:00:00.000+10:00,39.831,140,603
2017-03-21T00:00:00.000+10:00,23.506,140,603
2017-03-22T00:00:00.000+10:00,14.096,140,603
2017-03-23T00:00:00.000+10:00,10.265,140,603
2017-03-24T00:00:00.000+10:00,7.885,140,603
2017-03-25T00:00:00.000+10:00,6.192,140,603
2017-03-26T00:00:00.000+10:00,4.930,140,603
2017-03-27T00:00:00.000+10:00,4.476,140,603
2017-03-28T00:00:00.000+10:00,3.767,140,603
2017-03-29T00:00:00.000+10:00,3.213,140,603
2017-03-30T00:00:00.000+10:00,28.811,140,603
2017-03-31T00:00:00.000+10:00,38.738,140,603
2017-04-01T00:00:00.000+10:00,14.820,140,603
2017-04-02T00:00:00.000+10:00,10.018,140,603
2017-04-03T00:00:00.000+10:00,8.086,140,603
2017-04-04T00:00:00.000+10:00,9.930,140,603
2017-04-05T00:00:00.000+10:00,8.823,140,603
2017-04-06T00:00:00.000+10:00,7.616,140,603
2017-04-07T00:00:00.000+10:00,6.938,140,603
2017-04-08T00:00:00.000+10:00,5.579,140,603
2017-04-09T00:00:00.000+10:00,4.766,140,603
2017-04-10T00:00:00.000+10:00,4.452,140,603
2017-04-11T00:00:00.000+10:00,4.044,140,603
2017-04-12T00:00:00.000+10:00,3.607,140,603
2017-04-13T00:00:00.000+10:00,3.302,140,603
2017-04-14T00:00:00.000+10:00,2.735,140,603
2017-04-15T00:00:00.000+10:00,2.447,140,603
2017-04-16T00:00:00.000+10:00,2.240,140,603
2017-04-17T00:00:00.000+10:00,2.048,140,603
2017-04-18T00:00:00.000+10:00,2.076,140,603
2017-04-19T00:00:00.000+10:00,1.756,140,603
2017-04-20T00:00:00.000+10:00,1.634,140,603
2017-04-21T00:00:00.000+10:00,1.553,140,603
2017-04-22T00:00:00.000+10:00,1.376,140,603
2017-04-23T00:00:00.000+10:00,1.434,140,603
2017-04-24T00:00:00.000+10:00,1.540,140,603
2017-04-25T00:00:00.000+10:00,1.457,140,603
2017-04-26T00:00:00.000+10:00,1.218,140,603
2017-04-27T00:00:00.000+10:00,1.373,140,603
2017-04-28T00:00:00.000+10:00,1.212,140,603
2017-04-29T00:00:00.000+10:00,1.194,140,603
2017-04-30T00:00:00.000+10:00,1.194,140,603
2017-05-01T00:00:00.000+10:00,1.165,140,603
2017-05-02T00:00:00.000+10:00,1.122,140,603
2017-05-03T00:00:00.000+10:00,0.890,140,603
2017-05-04T00:00:00.000+10:00,1.098,140,603
2017-05-05T00:00:00.000+10:00,1.186,140,603
2017-05-06T00:00:00.000+10:00,1.100,140,603
2017-05-07T00:00:00.000+10:00,0.955,140,603
2017-05-08T00:00:00.000+10:00,1.001,140,603
2017-05-09T00:00:00.000+10:00,0.881,140,603
2017-05-10T00:00:00.000+10:00,0.944,140,603
2017-05-11T00:00:00.000+10:00,0.816,140,603
2017-05-12T00:00:00.000+10:00,0.880,140,603
2017-05-13T00:00:00.000+10:00,0.898,140,603
2017-05-14T00:00:00.000+10:00,1.116,140,603
2017-05-15T00:00:00.000+10:00,1.276,140,603
2017-05-16T00:00:00.000+10:00,1.105,140,603
2017-05-17T00:00:00.000+10:00,1.007,140,603
2017-05-18T00:00:00.000+10:00,0.954,140,603
2017-05-19T00:00:00.000+10:00,0.982,140,603
2017-05-20T00:00:00.000+10:00,1.346,140,603
2017-05-21T00:00:00.000+10:00,1.204,140,603
2017-05-22T00:00:00.000+10:00,1.091,140,603
2017-05-23T00:00:00.000+10:00,1.092,140,603
2017-05-24T00:00:00.000+10:00,1.056,140,603
2017-05-25T00:00:00.000+10:00,0.818,140,603
2017-05-26T00:00:00.000+10:00,0.777,140,603
2017-05-27T00:00:00.000+10:00,0.740,140,603
2017-05-28T00:00:00.000+10:00,0.708,140,603
2017-05-29T00:00:00.000+10:00,0.687,140,603
2017-05-30T00:00:00.000+10:00,0.852,140,603
2017-05-31T00:00:00.000+10:00,0.839,140,603
2017-06-01T00:00:00.000+10:00,0.825,140,603
2017-06-02T00:00:00.000+10:00,0.793,140,603
2017-06-03T00:00:00.000+10:00,0.776,140,603
2017-06-04T00:00:00.000+10:00,0.748,140,603
2017-06-05T00:00:00.000+10:00,0.737,140,603
2017-06-06T00:00:00.000+10:00,0.734,140,603
2017-06-07T00:00:00.000+10:00,0.716,140,603
2017-06-08T00:00:00.000+10:00,0.708,140,603
2017-06-09T00:00:00.000+10:00,0.711,140,603
2017-06-10T00:00:00.000+10:00,6.570,140,603
2017-06-11T00:00:00.000+10:00,10.039,140,603
2017-06-12T00:00:00.000+10:00,11.375,140,603
2017-06-13T00:00:00.000+10:00,26.572,140,603
2017-06-14T00:00:00.000+10:00,11.396,140,603
2017-06-15T00:00:00.000+10:00,7.502,140,603
2017-06-16T00:00:00.000+10:00,5.694,140,603
2017-06-17T00:00:00.000+10:00,5.548,140,603
2017-06-18T00:00:00.000+10:00,8.001,140,603
2017-06-19T00:00:00.000+10:00,6.078,140,603
2017-06-20T00:00:00.000+10:00,5.312,140,603
2017-06-21T00:00:00.000+10:00,4.473,140,603
2017-06-22T00:00:00.000+10:00,3.872,140,603
2017-06-23T00:00:00.000+10:00,3.422,140,603
2017-06-24T00:00:00.000+10:00,2.715,140,603
2017-06-25T00:00:00.000+10:00,2.127,140,603
2017-06-26T00:00:00.000+10:00,2.251,140,603
2017-06-27T00:00:00.000+10:00,2.117,140,603
2017-06-28T00:00:00.000+10:00,2.138,140,603
2017-06-29T00:00:00.000+10:00,1.906,140,603
2017-06-30T00:00:00.000+10:00,2.156,140,603
2017-07-01T00:00:00.000+10:00,1.399,140,603
2017-07-02T00:00:00.000+10:00,1.238,140,603
2017-07-03T00:00:00.000+10:00,1.415,140,603
2017-07-04T00:00:00.000+10:00,1.431,140,603
2017-07-05T00:00:00.000+10:00,1.505,140,603
2017-07-06T00:00:00.000+10:00,1.253,140,603
2017-07-07T00:00:00.000+10:00,1.241,140,603
2017-07-08T00:00:00.000+10:00,1.207,140,603
2017-07-09T00:00:00.000+10:00,1.286,140,603
2017-07-10T00:00:00.000+10:00,1.052,140,603
2017-07-11T00:00:00.000+10:00,1.190,140,603
2017-07-12T00:00:00.000+10:00,0.965,140,603
2017-07-13T00:00:00.000+10:00,0.931,140,603
2017-07-14T00:00:00.000+10:00,0.902,140,603
2017-07-15T00:00:00.000+10:00,0.688,140,603
2017-07-16T00:00:00.000+10:00,0.892,140,603
2017-07-17T00:00:00.000+10:00,1.030,140,603
2017-07-18T00:00:00.000+10:00,0.902,140,603
2017-07-19T00:00:00.000+10:00,1.023,140,603
2017-07-20T00:00:00.000+10:00,1.004,140,603
2017-07-21T00:00:00.000+10:00,0.977,140,603
2017-07-22T00:00:00.000+10:00,0.955,140,603
2017-07-23T00:00:00.000+10:00,0.942,140,603
2017-07-24T00:00:00.000+10:00,0.918,140,603
2017-07-25T00:00:00.000+10:00,0.903,140,603
2017-07-26T00:00:00.000+10:00,0.875,140,603
2017-07-27T00:00:00.000+10:00,0.854,140,603
2017-07-28T00:00:00.000+10:00,0.621,140,603
2017-07-29T00:00:00.000+10:00,0.588,140,603
2017-07-30T00:00:00.000+10:00,0.535,140,603
2017-07-31T00:00:00.000+10:00,0.691,140,603
2017-08-01T00:00:00.000+10:00,0.784,140,603
2017-08-02T00:00:00.000+10:00,0.775,140,603
2017-08-03T00:00:00.000+10:00,0.656,140,603
2017-08-04T00:00:00.000+10:00,0.699,140,603
2017-08-05T00:00:00.000+10:00,0.742,140,603
2017-08-06T00:00:00.000+10:00,0.735,140,603
2017-08-07T00:00:00.000+10:00,0.711,140,603
2017-08-08T00:00:00.000+10:00,0.680,140,603
2017-08-09T00:00:00.000+10:00,0.666,140,603
2017-08-10T00:00:00.000+10:00,0.550,140,603
2017-08-11T00:00:00.000+10:00,0.578,140,603
2017-08-12T00:00:00.000+10:00,0.629,140,603
2017-08-13T00:00:00.000+10:00,0.618,140,603
2017-08-14T00:00:00.000+10:00,0.544,140,603
2017-08-15T00:00:00.000+10:00,0.599,140,603
2017-08-16T00:00:00.000+10:00,0.593,140,603
2017-08-17T00:00:00.000+10:00,0.503,140,603
2017-08-18T00:00:00.000+10:00,0.484,140,603
2017-08-19T00:00:00.000+10:00,0.459,140,603
2017-08-20T00:00:00.000+10:00,0.518,140,603
2017-08-21T00:00:00.000+10:00,0.358,140,603
2017-08-22T00:00:00.000+10:00,0.439,140,603
2017-08-23T00:00:00.000+10:00,0.363,140,603
2017-08-24T00:00:00.000+10:00,0.472,140,603
2017-08-25T00:00:00.000+10:00,0.352,140,603
2017-08-26T00:00:00.000+10:00,0.366,140,603
2017-08-27T00:00:00.000+10:00,0.360,140,603
2017-08-28T00:00:00.000+10:00,0.334,140,603
2017-08-29T00:00:00.000+10:00,0.321,140,603
2017-08-30T00:00:00.000+10:00,0.317,140,603
2017-08-31T00:00:00.000+10:00,0.314,140,603
2017-09-01T00:00:00.000+10:00,0.428,140,603
2017-09-02T00:00:00.000+10:00,0.424,140,603
2017-09-03T00:00:00.000+10:00,0.417,140,603
2017-09-04T00:00:00.000+10:00,0.417,140,603
2017-09-05T00:00:00.000+10:00,0.408,140,603
2017-09-06T00:00:00.000+10:00,0.264,140,603
2017-09-07T00:00:00.000+10:00,0.261,140,603
2017-09-08T00:00:00.000+10:00,0.301,140,603
2017-09-09T00:00:00.000+10:00,0.298,140,603
2017-09-10T00:00:00.000+10:00,0.294,140,603
2017-09-11T00:00:00.000+10:00,0.291,140,603
2017-09-12T00:00:00.000+10:00,0.282,140,603
2017-09-13T00:00:00.000+10:00,0.276,140,603
2017-09-14T00:00:00.000+10:00,0.273,140,603
2017-09-15T00:00:00.000+10:00,0.272,140,603
2017-09-16T00:00:00.000+10:00,0.278,140,603
2017-09-17T00:00:00.000+10:00,0.282,140,603
2017-09-18T00:00:00.000+10:00,0.269,140,603
2017-09-19T00:00:00.000+10:00,0.272,140,603
2017-09-20T00:00:00.000+10:00,0.296,140,603
2017-09-21T00:00:00.000+10:00,0.264,140,603
2017-09-22T00:00:00.000+10:00,0.216,140,603
2017-09-23T00:00:00.000+10:00,0.221,140,603
2017-09-24T00:00:00.000+10:00,0.207,140,603
2017-09-25T00:00:00.000+10:00,0.214,140,603
2017-09-26T00:00:00.000+10:00,0.200,140,603
2017-09-27T00:00:00.000+10:00,0.209,140,603
2017-09-28T00:00:00.000+10:00,0.204,140,603
2017-09-29T00:00:00.000+10:00,0.203,140,603
2017-09-30T00:00:00.000+10:00,0.202,140,603
2017-10-01T00:00:00.000+10:00,0.222,140,603
2017-10-02T00:00:00.000+10:00,0.232,140,603
2017-10-03T00:00:00.000+10:00,0.294,140,603
2017-10-04T00:00:00.000+10:00,0.293,140,603
2017-10-05T00:00:00.000+10:00,0.269,140,603
2017-10-06T00:00:00.000+10:00,0.275,140,603
2017-10-07T00:00:00.000+10:00,0.283,140,603
2017-10-08T00:00:00.000+10:00,0.285,140,603
2017-10-09T00:00:00.000+10:00,0.401,140,603
2017-10-10T00:00:00.000+10:00,0.454,140,603
2017-10-11T00:00:00.000+10:00,0.322,140,603
2017-10-12T00:00:00.000+10:00,0.363,140,603
2017-10-13T00:00:00.000+10:00,0.379,140,603
2017-10-14T00:00:00.000+10:00,22.407,140,603
2017-10-15T00:00:00.000+10:00,8.735,140,603
2017-10-16T00:00:00.000+10:00,12.111,140,603
2017-10-17T00:00:00.000+10:00,6.499,140,603
2017-10-18T00:00:00.000+10:00,3.959,140,603
2017-10-19T00:00:00.000+10:00,2.817,140,603
2017-10-20T00:00:00.000+10:00,2.150,140,603
2017-10-21T00:00:00.000+10:00,1.979,140,603
2017-10-22T00:00:00.000+10:00,1.846,140,603
2017-10-23T00:00:00.000+10:00,1.310,140,603
2017-10-24T00:00:00.000+10:00,1.060,140,603
2017-10-25T00:00:00.000+10:00,0.870,140,603
2017-10-26T00:00:00.000+10:00,0.781,140,603
2017-10-27T00:00:00.000+10:00,0.602,140,603
2017-10-28T00:00:00.000+10:00,0.547,140,603
2017-10-29T00:00:00.000+10:00,0.513,140,603
2017-10-30T00:00:00.000+10:00,0.431,140,603
2017-10-31T00:00:00.000+10:00,0.273,140,603
2017-11-01T00:00:00.000+10:00,0.397,140,603
2017-11-02T00:00:00.000+10:00,0.429,140,603
2017-11-03T00:00:00.000+10:00,0.382,140,603
2017-11-04T00:00:00.000+10:00,0.321,140,603
2017-11-05T00:00:00.000+10:00,0.595,140,603
2017-11-06T00:00:00.000+10:00,1.167,140,603
2017-11-07T00:00:00.000+10:00,1.036,140,603
2017-11-08T00:00:00.000+10:00,0.978,140,603
2017-11-09T00:00:00.000+10:00,0.923,140,603
2017-11-10T00:00:00.000+10:00,0.887,140,603
2017-11-11T00:00:00.000+10:00,0.865,140,603
2017-11-12T00:00:00.000+10:00,0.843,140,603
2017-11-13T00:00:00.000+10:00,0.804,140,603
2017-11-14T00:00:00.000+10:00,0.501,140,603
2017-11-15T00:00:00.000+10:00,0.421,140,603
2017-11-16T00:00:00.000+10:00,0.359,140,603
2017-11-17T00:00:00.000+10:00,0.367,140,603
2017-11-18T00:00:00.000+10:00,0.374,140,603
2017-11-19T00:00:00.000+10:00,0.441,140,603
2017-11-20T00:00:00.000+10:00,0.470,140,603
2017-11-21T00:00:00.000+10:00,0.430,140,603
2017-11-22T00:00:00.000+10:00,0.573,140,603
2017-11-23T00:00:00.000+10:00,0.353,140,603
2017-11-24T00:00:00.000+10:00,0.331,140,603
2017-11-25T00:00:00.000+10:00,0.341,140,603
2017-11-26T00:00:00.000+10:00,0.360,140,603
2017-11-27T00:00:00.000+10:00,0.409,140,603
2017-11-28T00:00:00.000+10:00,0.468,140,603
2017-11-29T00:00:00.000+10:00,0.378,140,603
2017-11-30T00:00:00.000+10:00,0.425,140,603
2017-12-01T00:00:00.000+10:00,0.510,140,603
2017-12-02T00:00:00.000+10:00,0.562,140,603
2017-12-03T00:00:00.000+10:00,0.504,140,603
2017-12-04T00:00:00.000+10:00,0.686,140,603
2017-12-05T00:00:00.000+10:00,0.686,140,603
2017-12-06T00:00:00.000+10:00,0.521,140,603
2017-12-07T00:00:00.000+10:00,0.345,140,603
2017-12-08T00:00:00.000+10:00,0.342,140,603
2017-12-09T00:00:00.000+10:00,0.366,140,603
2017-12-10T00:00:00.000+10:00,0.399,140,603
2017-12-11T00:00:00.000+10:00,0.378,140,603
2017-12-12T00:00:00.000+10:00,0.427,140,603
2017-12-13T00:00:00.000+10:00,0.396,140,603
2017-12-14T00:00:00.000+10:00,0.337,140,603
2017-12-15T00:00:00.000+10:00,0.339,140,603
2017-12-16T00:00:00.000+10:00,0.296,140,603
2017-12-17T00:00:00.000+10:00,0.372,140,603
2017-12-18T00:00:00.000+10:00,0.364,140,603
2017-12-19T00:00:00.000+10:00,0.347,140,603
2017-12-20T00:00:00.000+10:00,0.332,140,603
2017-12-21T00:00:00.000+10:00,0.336,140,603
2017-12-22T00:00:00.000+10:00,0.360,140,603
2017-12-23T00:00:00.000+10:00,0.352,140,603
2017-12-24T00:00:00.000+10:00,0.364,140,603
2017-12-25T00:00:00.000+10:00,0.487,140,603
2017-12-26T00:00:00.000+10:00,0.585,140,603
2017-12-27T00:00:00.000+10:00,1.794,140,603
2017-12-28T00:00:00.000+10:00,1.590,140,603
2017-12-29T00:00:00.000+10:00,1.149,140,603
2017-12-30T00:00:00.000+10:00,0.578,140,603
2017-12-31T00:00:00.000+10:00,0.459,140,603
2018-01-01T00:00:00.000+10:00,1.034,140,603
2018-01-02T00:00:00.000+10:00,1.636,140,603
2018-01-03T00:00:00.000+10:00,3.434,140,603
2018-01-04T00:00:00.000+10:00,2.198,140,603
2018-01-05T00:00:00.000+10:00,1.450,140,603
2018-01-06T00:00:00.000+10:00,0.992,140,603
2018-01-07T00:00:00.000+10:00,0.843,140,603
2018-01-08T00:00:00.000+10:00,0.725,140,603
2018-01-09T00:00:00.000+10:00,0.584,140,603
2018-01-10T00:00:00.000+10:00,0.507,140,603
2018-01-11T00:00:00.000+10:00,0.418,140,603
2018-01-12T00:00:00.000+10:00,0.437,140,603
2018-01-13T00:00:00.000+10:00,0.550,140,603
2018-01-14T00:00:00.000+10:00,0.383,140,603
2018-01-15T00:00:00.000+10:00,0.226,140,603
2018-01-16T00:00:00.000+10:00,0.393,140,603
2018-01-17T00:00:00.000+10:00,0.393,140,603
2018-01-18T00:00:00.000+10:00,0.212,140,603
2018-01-19T00:00:00.000+10:00,0.316,140,603
2018-01-20T00:00:00.000+10:00,0.387,140,603
2018-01-21T00:00:00.000+10:00,0.304,140,603
2018-01-22T00:00:00.000+10:00,0.319,140,603
2018-01-23T00:00:00.000+10:00,0.247,140,603
2018-01-24T00:00:00.000+10:00,0.314,140,603
2018-01-25T00:00:00.000+10:00,0.383,140,603
2018-01-26T00:00:00.000+10:00,0.407,140,603
2018-01-27T00:00:00.000+10:00,0.386,140,603
2018-01-28T00:00:00.000+10:00,0.370,140,603
2018-01-29T00:00:00.000+10:00,0.391,140,603
2018-01-30T00:00:00.000+10:00,0.357,140,603
2018-01-31T00:00:00.000+10:00,0.323,140,603
2018-02-01T00:00:00.000+10:00,0.415,140,603
2018-02-02T00:00:00.000+10:00,0.364,140,603
2018-02-03T00:00:00.000+10:00,0.367,140,603
2018-02-04T00:00:00.000+10:00,0.701,140,603
2018-02-05T00:00:00.000+10:00,1.945,140,603
2018-02-06T00:00:00.000+10:00,1.514,140,603
2018-02-07T00:00:00.000+10:00,1.061,140,603
2018-02-08T00:00:00.000+10:00,0.800,140,603
2018-02-09T00:00:00.000+10:00,0.483,140,603
2018-02-10T00:00:00.000+10:00,0.438,140,603
2018-02-11T00:00:00.000+10:00,0.362,140,603
2018-02-12T00:00:00.000+10:00,0.521,140,603
2018-02-13T00:00:00.000+10:00,0.644,140,603
2018-02-14T00:00:00.000+10:00,0.587,140,603
2018-02-15T00:00:00.000+10:00,0.543,140,603
2018-02-16T00:00:00.000+10:00,0.509,140,603
2018-02-17T00:00:00.000+10:00,0.477,140,603
2018-02-18T00:00:00.000+10:00,0.469,140,603
2018-02-19T00:00:00.000+10:00,0.478,140,603
2018-02-20T00:00:00.000+10:00,0.570,140,603
2018-02-21T00:00:00.000+10:00,1.209,140,603
2018-02-22T00:00:00.000+10:00,1.239,140,603
2018-02-23T00:00:00.000+10:00,1.078,140,603
2018-02-24T00:00:00.000+10:00,1.156,140,603
2018-02-25T00:00:00.000+10:00,1.336,140,603
2018-02-26T00:00:00.000+10:00,4.722,140,603
2018-02-27T00:00:00.000+10:00,7.106,140,603
2018-02-28T00:00:00.000+10:00,4.586,140,603
2018-03-01T00:00:00.000+10:00,3.212,140,603
2018-03-02T00:00:00.000+10:00,2.215,140,603
2018-03-03T00:00:00.000+10:00,1.782,140,603
2018-03-04T00:00:00.000+10:00,1.489,140,603
2018-03-05T00:00:00.000+10:00,1.300,140,603
2018-03-06T00:00:00.000+10:00,20.067,140,603
2018-03-07T00:00:00.000+10:00,30.448,140,603
2018-03-08T00:00:00.000+10:00,12.196,140,603
2018-03-09T00:00:00.000+10:00,8.090,140,603
2018-03-10T00:00:00.000+10:00,6.289,140,603
2018-03-11T00:00:00.000+10:00,5.018,140,603
2018-03-12T00:00:00.000+10:00,4.108,140,603
2018-03-13T00:00:00.000+10:00,3.131,140,603
2018-03-14T00:00:00.000+10:00,2.343,140,603
2018-03-15T00:00:00.000+10:00,1.943,140,603
2018-03-16T00:00:00.000+10:00,1.989,140,603
2018-03-17T00:00:00.000+10:00,1.640,140,603
2018-03-18T00:00:00.000+10:00,1.241,140,603
2018-03-19T00:00:00.000+10:00,1.287,140,603
2018-03-20T00:00:00.000+10:00,1.471,140,603
2018-03-21T00:00:00.000+10:00,1.251,140,603
2018-03-22T00:00:00.000+10:00,1.595,140,603
2018-03-23T00:00:00.000+10:00,11.252,140,603
2018-03-24T00:00:00.000+10:00,10.431,140,603
2018-03-25T00:00:00.000+10:00,7.609,140,603
2018-03-26T00:00:00.000+10:00,5.513,140,603
2018-03-27T00:00:00.000+10:00,4.511,140,603
2018-03-28T00:00:00.000+10:00,3.809,140,603
2018-03-29T00:00:00.000+10:00,3.242,140,603
2018-03-30T00:00:00.000+10:00,2.815,140,603
2018-03-31T00:00:00.000+10:00,2.313,140,603
2018-04-01T00:00:00.000+10:00,1.929,140,603
2018-04-02T00:00:00.000+10:00,1.823,140,603
2018-04-03T00:00:00.000+10:00,1.847,140,603
2018-04-04T00:00:00.000+10:00,1.868,140,603
2018-04-05T00:00:00.000+10:00,1.566,140,603
2018-04-06T00:00:00.000+10:00,1.402,140,603
2018-04-07T00:00:00.000+10:00,1.362,140,603
2018-04-08T00:00:00.000+10:00,1.196,140,603
2018-04-09T00:00:00.000+10:00,1.130,140,603
2018-04-10T00:00:00.000+10:00,1.031,140,603
2018-04-11T00:00:00.000+10:00,1.080,140,603
2018-04-12T00:00:00.000+10:00,1.071,140,603
2018-04-13T00:00:00.000+10:00,1.055,140,603
2018-04-14T00:00:00.000+10:00,0.828,140,603
2018-04-15T00:00:00.000+10:00,1.008,140,603
2018-04-16T00:00:00.000+10:00,0.977,140,603
2018-04-17T00:00:00.000+10:00,0.747,140,603
2018-04-18T00:00:00.000+10:00,0.724,140,603
2018-04-19T00:00:00.000+10:00,0.926,140,603
2018-04-20T00:00:00.000+10:00,0.912,140,603
2018-04-21T00:00:00.000+10:00,0.925,140,603
2018-04-22T00:00:00.000+10:00,1.090,140,603
2018-04-23T00:00:00.000+10:00,1.410,140,603
2018-04-24T00:00:00.000+10:00,1.237,140,603
2018-04-25T00:00:00.000+10:00,1.705,140,603
2018-04-26T00:00:00.000+10:00,1.484,140,603
2018-04-27T00:00:00.000+10:00,1.307,140,603
2018-04-28T00:00:00.000+10:00,1.225,140,603
2018-04-29T00:00:00.000+10:00,1.337,140,603
2018-04-30T00:00:00.000+10:00,1.233,140,603
2018-05-01T00:00:00.000+10:00,1.111,140,603
2018-05-02T00:00:00.000+10:00,1.054,140,603
2018-05-03T00:00:00.000+10:00,1.012,140,603
2018-05-04T00:00:00.000+10:00,0.971,140,603
2018-05-05T00:00:00.000+10:00,0.929,140,603
2018-05-06T00:00:00.000+10:00,0.905,140,603
2018-05-07T00:00:00.000+10:00,0.892,140,603
2018-05-08T00:00:00.000+10:00,0.878,140,603
2018-05-09T00:00:00.000+10:00,0.866,140,603
2018-05-10T00:00:00.000+10:00,0.851,140,603
2018-05-11T00:00:00.000+10:00,0.839,140,603
2018-05-12T00:00:00.000+10:00,0.814,140,603
2018-05-13T00:00:00.000+10:00,0.791,140,603
2018-05-14T00:00:00.000+10:00,0.754,140,603
2018-05-15T00:00:00.000+10:00,0.596,140,603
2018-05-16T00:00:00.000+10:00,0.582,140,603
2018-05-17T00:00:00.000+10:00,0.678,140,603
2018-05-18T00:00:00.000+10:00,0.551,140,603
2018-05-19T00:00:00.000+10:00,0.541,140,603
2018-05-20T00:00:00.000+10:00,0.634,140,603
2018-05-21T00:00:00.000+10:00,0.620,140,603
2018-05-22T00:00:00.000+10:00,0.539,140,603
2018-05-23T00:00:00.000+10:00,0.610,140,603
2018-05-24T00:00:00.000+10:00,0.467,140,603
2018-05-25T00:00:00.000+10:00,0.596,140,603
2018-05-26T00:00:00.000+10:00,0.501,140,603
2018-05-27T00:00:00.000+10:00,0.416,140,603
2018-05-28T00:00:00.000+10:00,0.609,140,603
2018-05-29T00:00:00.000+10:00,0.545,140,603
2018-05-30T00:00:00.000+10:00,0.587,140,603
2018-05-31T00:00:00.000+10:00,0.575,140,603
2018-06-01T00:00:00.000+10:00,0.557,140,603
2018-06-02T00:00:00.000+10:00,0.544,140,603
2018-06-03T00:00:00.000+10:00,0.534,140,603
2018-06-04T00:00:00.000+10:00,0.522,140,603
2018-06-05T00:00:00.000+10:00,0.515,140,603
2018-06-06T00:00:00.000+10:00,0.577,140,603
2018-06-07T00:00:00.000+10:00,1.239,140,603
2018-06-08T00:00:00.000+10:00,1.074,140,603
2018-06-09T00:00:00.000+10:00,0.856,140,603
2018-06-10T00:00:00.000+10:00,0.818,140,603
2018-06-11T00:00:00.000+10:00,0.795,140,603
2018-06-12T00:00:00.000+10:00,0.763,140,603
2018-06-13T00:00:00.000+10:00,0.592,140,603
2018-06-14T00:00:00.000+10:00,0.565,140,603
2018-06-15T00:00:00.000+10:00,0.699,140,603
2018-06-16T00:00:00.000+10:00,0.496,140,603
2018-06-17T00:00:00.000+10:00,0.639,140,603
2018-06-18T00:00:00.000+10:00,0.648,140,603
2018-06-19T00:00:00.000+10:00,0.513,140,603
2018-06-20T00:00:00.000+10:00,0.542,140,603
2018-06-21T00:00:00.000+10:00,0.469,140,603
2018-06-22T00:00:00.000+10:00,0.567,140,603
2018-06-23T00:00:00.000+10:00,0.550,140,603
2018-06-24T00:00:00.000+10:00,0.530,140,603
2018-06-25T00:00:00.000+10:00,0.510,140,603
2018-06-26T00:00:00.000+10:00,0.497,140,603
2018-06-27T00:00:00.000+10:00,0.487,140,603
2018-06-28T00:00:00.000+10:00,0.485,140,603
2018-06-29T00:00:00.000+10:00,0.476,140,603
2018-06-30T00:00:00.000+10:00,0.475,140,603
2018-07-01T00:00:00.000+10:00,0.500,140,603
2018-07-02T00:00:00.000+10:00,0.576,140,603
2018-07-03T00:00:00.000+10:00,0.566,140,603
2018-07-04T00:00:00.000+10:00,0.745,140,603
2018-07-05T00:00:00.000+10:00,0.916,140,603
2018-07-06T00:00:00.000+10:00,0.815,140,603
2018-07-07T00:00:00.000+10:00,0.761,140,603
2018-07-08T00:00:00.000+10:00,0.736,140,603
2018-07-09T00:00:00.000+10:00,0.707,140,603
2018-07-10T00:00:00.000+10:00,0.659,140,603
2018-07-11T00:00:00.000+10:00,0.635,140,603
2018-07-12T00:00:00.000+10:00,0.617,140,603
2018-07-13T00:00:00.000+10:00,0.599,140,603
2018-07-14T00:00:00.000+10:00,0.575,140,603
2018-07-15T00:00:00.000+10:00,0.556,140,603
2018-07-16T00:00:00.000+10:00,0.533,140,603
2018-07-17T00:00:00.000+10:00,0.517,140,603
2018-07-18T00:00:00.000+10:00,0.503,140,603
2018-07-19T00:00:00.000+10:00,0.487,140,603
2018-07-20T00:00:00.000+10:00,0.473,140,603
2018-07-21T00:00:00.000+10:00,0.461,140,603
2018-07-22T00:00:00.000+10:00,0.448,140,603
2018-07-23T00:00:00.000+10:00,0.444,140,603
2018-07-24T00:00:00.000+10:00,0.438,140,603
2018-07-25T00:00:00.000+10:00,0.426,140,603
2018-07-26T00:00:00.000+10:00,0.418,140,603
2018-07-27T00:00:00.000+10:00,0.405,140,603
2018-07-28T00:00:00.000+10:00,0.316,140,603
2018-07-29T00:00:00.000+10:00,0.306,140,603
2018-07-30T00:00:00.000+10:00,0.294,140,603
2018-07-31T00:00:00.000+10:00,0.304,140,603
2018-08-01T00:00:00.000+10:00,0.355,140,603
2018-08-02T00:00:00.000+10:00,0.354,140,603
2018-08-03T00:00:00.000+10:00,0.348,140,603
2018-08-04T00:00:00.000+10:00,0.344,140,603
2018-08-05T00:00:00.000+10:00,0.335,140,603
2018-08-06T00:00:00.000+10:00,0.326,140,603
2018-08-07T00:00:00.000+10:00,0.319,140,603
2018-08-08T00:00:00.000+10:00,0.308,140,603
2018-08-09T00:00:00.000+10:00,0.297,140,603
2018-08-10T00:00:00.000+10:00,0.291,140,603
2018-08-11T00:00:00.000+10:00,0.290,140,603
2018-08-12T00:00:00.000+10:00,0.282,140,603
2018-08-13T00:00:00.000+10:00,0.274,140,603
2018-08-14T00:00:00.000+10:00,0.270,140,603
2018-08-15T00:00:00.000+10:00,0.263,140,603
2018-08-16T00:00:00.000+10:00,0.257,140,603
2018-08-17T00:00:00.000+10:00,0.257,140,603
2018-08-18T00:00:00.000+10:00,0.253,140,603
2018-08-19T00:00:00.000+10:00,0.240,140,603
2018-08-20T00:00:00.000+10:00,0.234,140,603
2018-08-21T00:00:00.000+10:00,0.228,140,603
2018-08-22T00:00:00.000+10:00,0.227,140,603
2018-08-23T00:00:00.000+10:00,0.224,140,603
2018-08-24T00:00:00.000+10:00,0.278,140,603
2018-08-25T00:00:00.000+10:00,0.394,140,603
2018-08-26T00:00:00.000+10:00,0.355,140,603
2018-08-27T00:00:00.000+10:00,0.282,140,603
2018-08-28T00:00:00.000+10:00,0.294,140,603
2018-08-29T00:00:00.000+10:00,0.278,140,603
2018-08-30T00:00:00.000+10:00,0.267,140,603
2018-08-31T00:00:00.000+10:00,0.264,140,603
2018-09-01T00:00:00.000+10:00,0.267,140,603
2018-09-02T00:00:00.000+10:00,0.261,140,603
2018-09-03T00:00:00.000+10:00,0.304,140,603
2018-09-04T00:00:00.000+10:00,0.451,140,603
2018-09-05T00:00:00.000+10:00,1.196,140,603
2018-09-06T00:00:00.000+10:00,0.804,140,603
2018-09-07T00:00:00.000+10:00,0.698,140,603
2018-09-08T00:00:00.000+10:00,0.229,140,603
2018-09-09T00:00:00.000+10:00,0.363,140,603
2018-09-10T00:00:00.000+10:00,0.519,140,603
2018-09-11T00:00:00.000+10:00,0.375,140,603
2018-09-12T00:00:00.000+10:00,0.356,140,603
2018-09-13T00:00:00.000+10:00,0.507,140,603
2018-09-14T00:00:00.000+10:00,0.332,140,603
2018-09-15T00:00:00.000+10:00,0.488,140,603
2018-09-16T00:00:00.000+10:00,0.367,140,603
2018-09-17T00:00:00.000+10:00,0.378,140,603
2018-09-18T00:00:00.000+10:00,0.418,140,603
2018-09-19T00:00:00.000+10:00,0.385,140,603
2018-09-20T00:00:00.000+10:00,0.303,140,603
2018-09-21T00:00:00.000+10:00,0.300,140,603
2018-09-22T00:00:00.000+10:00,0.240,140,603
2018-09-23T00:00:00.000+10:00,0.344,140,603
2018-09-24T00:00:00.000+10:00,0.363,140,603
2018-09-25T00:00:00.000+10:00,0.512,140,603
2018-09-26T00:00:00.000+10:00,0.568,140,603
2018-09-27T00:00:00.000+10:00,0.408,140,603
2018-09-28T00:00:00.000+10:00,0.429,140,603
2018-09-29T00:00:00.000+10:00,0.343,140,603
2018-09-30T00:00:00.000+10:00,0.392,140,603
2018-10-01T00:00:00.000+10:00,0.439,140,603
2018-10-02T00:00:00.000+10:00,0.345,140,603
2018-10-03T00:00:00.000+10:00,0.306,140,603
2018-10-04T00:00:00.000+10:00,0.392,140,603
2018-10-05T00:00:00.000+10:00,0.418,140,603
2018-10-06T00:00:00.000+10:00,0.367,140,603
2018-10-07T00:00:00.000+10:00,0.433,140,603
2018-10-08T00:00:00.000+10:00,0.463,140,603
2018-10-09T00:00:00.000+10:00,0.514,140,603
2018-10-10T00:00:00.000+10:00,0.802,140,603
2018-10-11T00:00:00.000+10:00,5.060,140,603
2018-10-12T00:00:00.000+10:00,5.777,140,603
2018-10-13T00:00:00.000+10:00,7.285,140,603
2018-10-14T00:00:00.000+10:00,10.811,140,603
2018-10-15T00:00:00.000+10:00,27.048,140,603
2018-10-16T00:00:00.000+10:00,31.489,140,603
2018-10-17T00:00:00.000+10:00,26.405,140,603
2018-10-18T00:00:00.000+10:00,14.163,140,603
2018-10-19T00:00:00.000+10:00,9.838,140,603
2018-10-20T00:00:00.000+10:00,6.906,140,603
2018-10-21T00:00:00.000+10:00,5.290,140,603
2018-10-22T00:00:00.000+10:00,3.961,140,603
2018-10-23T00:00:00.000+10:00,3.173,140,603
2018-10-24T00:00:00.000+10:00,2.689,140,603
2018-10-25T00:00:00.000+10:00,2.347,140,603
2018-10-26T00:00:00.000+10:00,1.794,140,603
2018-10-27T00:00:00.000+10:00,1.613,140,603
2018-10-28T00:00:00.000+10:00,1.407,140,603
2018-10-29T00:00:00.000+10:00,1.234,140,603
2018-10-30T00:00:00.000+10:00,1.093,140,603
2018-10-31T00:00:00.000+10:00,0.972,140,603
2018-11-01T00:00:00.000+10:00,0.869,140,603
2018-11-02T00:00:00.000+10:00,0.784,140,603
2018-11-03T00:00:00.000+10:00,0.713,140,603
2018-11-04T00:00:00.000+10:00,0.655,140,603
2018-11-05T00:00:00.000+10:00,0.957,140,603
2018-11-06T00:00:00.000+10:00,1.058,140,603
2018-11-07T00:00:00.000+10:00,1.020,140,603
2018-11-08T00:00:00.000+10:00,1.034,140,603
2018-11-09T00:00:00.000+10:00,1.059,140,603
2018-11-10T00:00:00.000+10:00,1.007,140,603
2018-11-11T00:00:00.000+10:00,0.998,140,603
2018-11-12T00:00:00.000+10:00,0.958,140,603
2018-11-13T00:00:00.000+10:00,0.909,140,603
2018-11-14T00:00:00.000+10:00,0.870,140,603
2018-11-15T00:00:00.000+10:00,0.864,140,603
2018-11-16T00:00:00.000+10:00,0.902,140,603
2018-11-17T00:00:00.000+10:00,0.641,140,603
2018-11-18T00:00:00.000+10:00,1.516,140,603
2018-11-19T00:00:00.000+10:00,1.589,140,603
2018-11-20T00:00:00.000+10:00,1.408,140,603
2018-11-21T00:00:00.000+10:00,1.222,140,603
2018-11-22T00:00:00.000+10:00,1.136,140,603
2018-11-23T00:00:00.000+10:00,1.063,140,603
2018-11-24T00:00:00.000+10:00,0.979,140,603
2018-11-25T00:00:00.000+10:00,0.920,140,603
2018-11-26T00:00:00.000+10:00,0.725,140,603
2018-11-27T00:00:00.000+10:00,0.736,140,603
2018-11-28T00:00:00.000+10:00,0.665,140,603
2018-11-29T00:00:00.000+10:00,0.757,140,603
2018-11-30T00:00:00.000+10:00,0.713,140,603
2018-12-01T00:00:00.000+10:00,0.706,140,603
2018-12-02T00:00:00.000+10:00,0.696,140,603
2018-12-03T00:00:00.000+10:00,0.671,140,603
2018-12-04T00:00:00.000+10:00,0.578,140,603
2018-12-05T00:00:00.000+10:00,0.645,140,603
2018-12-06T00:00:00.000+10:00,0.587,140,603
2018-12-07T00:00:00.000+10:00,0.561,140,603
2018-12-08T00:00:00.000+10:00,0.546,140,603
2018-12-09T00:00:00.000+10:00,0.535,140,603
2018-12-10T00:00:00.000+10:00,0.594,140,603
2018-12-11T00:00:00.000+10:00,0.608,140,603
2018-12-12T00:00:00.000+10:00,0.610,140,603
2018-12-13T00:00:00.000+10:00,0.607,140,603
2018-12-14T00:00:00.000+10:00,0.610,140,603
2018-12-15T00:00:00.000+10:00,0.617,140,603
2018-12-16T00:00:00.000+10:00,31.854,140,603
2018-12-17T00:00:00.000+10:00,72.040,140,603
2018-12-18T00:00:00.000+10:00,12.063,140,603
2018-12-19T00:00:00.000+10:00,6.612,140,603
2018-12-20T00:00:00.000+10:00,5.785,140,603
2018-12-21T00:00:00.000+10:00,4.605,140,603
2018-12-22T00:00:00.000+10:00,3.379,140,603
2018-12-23T00:00:00.000+10:00,2.627,140,603
2018-12-24T00:00:00.000+10:00,2.248,140,603
2018-12-25T00:00:00.000+10:00,2.174,140,603
2018-12-26T00:00:00.000+10:00,2.157,140,603
2018-12-27T00:00:00.000+10:00,1.772,140,603
2018-12-28T00:00:00.000+10:00,1.547,140,603
2018-12-29T00:00:00.000+10:00,1.193,140,603
2018-12-30T00:00:00.000+10:00,1.025,140,603
2018-12-31T00:00:00.000+10:00,1.115,140,603
2019-01-01T00:00:00.000+10:00,1.131,140,603
2019-01-02T00:00:00.000+10:00,0.963,140,603
2019-01-03T00:00:00.000+10:00,1.007,140,603
2019-01-04T00:00:00.000+10:00,1.142,140,603
2019-01-05T00:00:00.000+10:00,1.075,140,603
2019-01-06T00:00:00.000+10:00,1.028,140,603
2019-01-07T00:00:00.000+10:00,0.997,140,603
2019-01-08T00:00:00.000+10:00,0.850,140,603
2019-01-09T00:00:00.000+10:00,0.896,140,603
2019-01-10T00:00:00.000+10:00,0.884,140,603
2019-01-11T00:00:00.000+10:00,0.855,140,603
2019-01-12T00:00:00.000+10:00,0.788,140,603
2019-01-13T00:00:00.000+10:00,0.752,140,603
2019-01-14T00:00:00.000+10:00,0.809,140,603
2019-01-15T00:00:00.000+10:00,0.728,140,603
2019-01-16T00:00:00.000+10:00,0.732,140,603
2019-01-17T00:00:00.000+10:00,0.679,140,603
2019-01-18T00:00:00.000+10:00,0.735,140,603
2019-01-19T00:00:00.000+10:00,0.614,140,603
2019-01-20T00:00:00.000+10:00,0.586,140,603
2019-01-21T00:00:00.000+10:00,0.597,140,603
2019-01-22T00:00:00.000+10:00,0.677,140,603
2019-01-23T00:00:00.000+10:00,0.558,140,603
2019-01-24T00:00:00.000+10:00,0.539,140,603
2019-01-25T00:00:00.000+10:00,0.634,140,603
2019-01-26T00:00:00.000+10:00,0.470,140,603
2019-01-27T00:00:00.000+10:00,0.478,140,603
2019-01-28T00:00:00.000+10:00,0.370,140,603
2019-01-29T00:00:00.000+10:00,0.465,140,603
2019-01-30T00:00:00.000+10:00,0.479,140,603
2019-01-31T00:00:00.000+10:00,0.519,140,603
2019-02-01T00:00:00.000+10:00,0.515,140,603
2019-02-02T00:00:00.000+10:00,0.412,140,603
2019-02-03T00:00:00.000+10:00,0.340,140,603
2019-02-04T00:00:00.000+10:00,0.324,140,603
2019-02-05T00:00:00.000+10:00,0.313,140,603
2019-02-06T00:00:00.000+10:00,0.316,140,603
2019-02-07T00:00:00.000+10:00,0.315,140,603
2019-02-08T00:00:00.000+10:00,0.306,140,603
2019-02-09T00:00:00.000+10:00,0.305,140,603
2019-02-10T00:00:00.000+10:00,0.307,140,603
2019-02-11T00:00:00.000+10:00,0.297,140,603
2019-02-12T00:00:00.000+10:00,0.297,140,603
2019-02-13T00:00:00.000+10:00,0.278,140,603
2019-02-14T00:00:00.000+10:00,0.302,140,603
2019-02-15T00:00:00.000+10:00,0.302,140,603
2019-02-16T00:00:00.000+10:00,0.298,140,603
2019-02-17T00:00:00.000+10:00,0.295,140,603
2019-02-18T00:00:00.000+10:00,0.284,140,603
2019-02-19T00:00:00.000+10:00,0.281,140,603
2019-02-20T00:00:00.000+10:00,0.278,140,603
2019-02-21T00:00:00.000+10:00,0.284,140,603
2019-02-22T00:00:00.000+10:00,0.293,140,603
2019-02-23T00:00:00.000+10:00,0.343,140,603
2019-02-24T00:00:00.000+10:00,0.368,140,603
2019-02-25T00:00:00.000+10:00,0.454,140,603
2019-02-26T00:00:00.000+10:00,0.435,140,603
2019-02-27T00:00:00.000+10:00,0.274,140,603
2019-02-28T00:00:00.000+10:00,0.273,140,603
2019-03-01T00:00:00.000+10:00,0.298,140,603
2019-03-02T00:00:00.000+10:00,0.357,140,603
2019-03-03T00:00:00.000+10:00,0.355,140,603
2019-03-04T00:00:00.000+10:00,0.348,140,603
2019-03-05T00:00:00.000+10:00,0.352,140,603
2019-03-06T00:00:00.000+10:00,0.352,140,603
2019-03-07T00:00:00.000+10:00,0.291,140,603
2019-03-08T00:00:00.000+10:00,0.349,140,603
2019-03-09T00:00:00.000+10:00,0.330,140,603
2019-03-10T00:00:00.000+10:00,0.443,140,603
2019-03-11T00:00:00.000+10:00,0.444,140,603
2019-03-12T00:00:00.000+10:00,0.318,140,603
2019-03-13T00:00:00.000+10:00,0.388,140,603
2019-03-14T00:00:00.000+10:00,0.367,140,603
2019-03-15T00:00:00.000+10:00,0.564,140,603
2019-03-16T00:00:00.000+10:00,1.289,140,603
2019-03-17T00:00:00.000+10:00,1.450,140,603
2019-03-18T00:00:00.000+10:00,1.250,140,603
2019-03-19T00:00:00.000+10:00,0.920,140,603
2019-03-20T00:00:00.000+10:00,0.848,140,603
2019-03-21T00:00:00.000+10:00,0.856,140,603
2019-03-22T00:00:00.000+10:00,0.834,140,603
2019-03-23T00:00:00.000+10:00,0.761,140,603
2019-03-24T00:00:00.000+10:00,0.697,140,603
2019-03-25T00:00:00.000+10:00,0.508,140,603
2019-03-26T00:00:00.000+10:00,6.473,140,603
2019-03-27T00:00:00.000+10:00,14.624,140,603
2019-03-28T00:00:00.000+10:00,3.397,140,603
2019-03-29T00:00:00.000+10:00,2.091,140,603
2019-03-30T00:00:00.000+10:00,1.523,140,603
2019-03-31T00:00:00.000+10:00,1.865,140,603
2019-04-01T00:00:00.000+10:00,1.366,140,603
2019-04-02T00:00:00.000+10:00,1.457,140,603
2019-04-03T00:00:00.000+10:00,2.454,140,603
2019-04-04T00:00:00.000+10:00,1.883,140,603
2019-04-05T00:00:00.000+10:00,1.687,140,603
2019-04-06T00:00:00.000+10:00,1.592,140,603
2019-04-07T00:00:00.000+10:00,1.400,140,603
2019-04-08T00:00:00.000+10:00,1.226,140,603
2019-04-09T00:00:00.000+10:00,1.103,140,603
2019-04-10T00:00:00.000+10:00,1.036,140,603
2019-04-11T00:00:00.000+10:00,0.956,140,603
2019-04-12T00:00:00.000+10:00,0.913,140,603
2019-04-13T00:00:00.000+10:00,0.869,140,603
2019-04-14T00:00:00.000+10:00,0.825,140,603
2019-04-15T00:00:00.000+10:00,0.745,140,603
2019-04-16T00:00:00.000+10:00,0.705,140,603
2019-04-17T00:00:00.000+10:00,0.689,140,603
2019-04-18T00:00:00.000+10:00,0.652,140,603
2019-04-19T00:00:00.000+10:00,0.622,140,603
2019-04-20T00:00:00.000+10:00,2.121,140,603
2019-04-21T00:00:00.000+10:00,2.394,140,603
2019-04-22T00:00:00.000+10:00,1.881,140,603
2019-04-23T00:00:00.000+10:00,2.029,140,603
2019-04-24T00:00:00.000+10:00,1.920,140,603
2019-04-25T00:00:00.000+10:00,1.753,140,603
2019-04-26T00:00:00.000+10:00,1.587,140,603
2019-04-27T00:00:00.000+10:00,1.419,140,603
2019-04-28T00:00:00.000+10:00,1.273,140,603
2019-04-29T00:00:00.000+10:00,1.163,140,603
2019-04-30T00:00:00.000+10:00,1.080,140,603
2019-05-01T00:00:00.000+10:00,1.038,140,603
2019-05-02T00:00:00.000+10:00,0.976,140,603
2019-05-03T00:00:00.000+10:00,0.927,140,603
2019-05-04T00:00:00.000+10:00,0.854,140,603
2019-05-05T00:00:00.000+10:00,0.818,140,603
2019-05-06T00:00:00.000+10:00,0.774,140,603
2019-05-07T00:00:00.000+10:00,0.729,140,603
2019-05-08T00:00:00.000+10:00,0.702,140,603
2019-05-09T00:00:00.000+10:00,0.678,140,603
2019-05-10T00:00:00.000+10:00,0.644,140,603
2019-05-11T00:00:00.000+10:00,0.617,140,603
2019-05-12T00:00:00.000+10:00,0.599,140,603
2019-05-13T00:00:00.000+10:00,0.602,140,603
2019-05-14T00:00:00.000+10:00,0.587,140,603
2019-05-15T00:00:00.000+10:00,0.572,140,603
2019-05-16T00:00:00.000+10:00,0.574,140,603
2019-05-17T00:00:00.000+10:00,0.567,140,603
2019-05-18T00:00:00.000+10:00,0.562,140,603
2019-05-19T00:00:00.000+10:00,0.558,140,603
2019-05-20T00:00:00.000+10:00,0.544,140,603
2019-05-21T00:00:00.000+10:00,0.531,140,603
2019-05-22T00:00:00.000+10:00,0.523,140,603
2019-05-23T00:00:00.000+10:00,0.484,140,603
2019-05-24T00:00:00.000+10:00,0.452,140,603
2019-05-25T00:00:00.000+10:00,0.429,140,603
2019-05-26T00:00:00.000+10:00,0.419,140,603
2019-05-27T00:00:00.000+10:00,0.331,140,603
2019-05-28T00:00:00.000+10:00,0.411,140,603
2019-05-29T00:00:00.000+10:00,0.450,140,603
2019-05-30T00:00:00.000+10:00,0.435,140,603
2019-05-31T00:00:00.000+10:00,0.405,140,603
2019-06-01T00:00:00.000+10:00,0.371,140,603
2019-06-02T00:00:00.000+10:00,0.348,140,603
2019-06-03T00:00:00.000+10:00,0.375,140,603
2019-06-04T00:00:00.000+10:00,0.428,140,603
2019-06-05T00:00:00.000+10:00,0.356,140,603
2019-06-06T00:00:00.000+10:00,0.347,140,603
2019-06-07T00:00:00.000+10:00,0.346,140,603
2019-06-08T00:00:00.000+10:00,0.365,140,603
2019-06-09T00:00:00.000+10:00,0.424,140,603
2019-06-10T00:00:00.000+10:00,0.419,140,603
2019-06-11T00:00:00.000+10:00,0.408,140,603
2019-06-12T00:00:00.000+10:00,0.336,140,603
2019-06-13T00:00:00.000+10:00,0.324,140,603
2019-06-14T00:00:00.000+10:00,0.384,140,603
2019-06-15T00:00:00.000+10:00,0.341,140,603
2019-06-16T00:00:00.000+10:00,0.383,140,603
2019-06-17T00:00:00.000+10:00,0.373,140,603
2019-06-18T00:00:00.000+10:00,0.369,140,603
2019-06-19T00:00:00.000+10:00,0.360,140,603
2019-06-20T00:00:00.000+10:00,0.352,140,603
2019-06-21T00:00:00.000+10:00,0.342,140,603
2019-06-22T00:00:00.000+10:00,0.334,140,603
2019-06-23T00:00:00.000+10:00,0.326,140,603
2019-06-24T00:00:00.000+10:00,0.371,140,603
2019-06-25T00:00:00.000+10:00,0.484,140,603
2019-06-26T00:00:00.000+10:00,0.585,140,603
2019-06-27T00:00:00.000+10:00,5.267,140,603
2019-06-28T00:00:00.000+10:00,2.585,140,603
2019-06-29T00:00:00.000+10:00,1.391,140,603
2019-06-30T00:00:00.000+10:00,1.161,140,603
2019-07-01T00:00:00.000+10:00,1.025,140,603
2019-07-02T00:00:00.000+10:00,0.779,140,603
2019-07-03T00:00:00.000+10:00,0.511,140,603
2019-07-04T00:00:00.000+10:00,0.436,140,603
2019-07-05T00:00:00.000+10:00,1.914,140,603
2019-07-06T00:00:00.000+10:00,3.468,140,603
2019-07-07T00:00:00.000+10:00,2.198,140,603
2019-07-08T00:00:00.000+10:00,1.515,140,603
2019-07-09T00:00:00.000+10:00,1.386,140,603
2019-07-10T00:00:00.000+10:00,1.076,140,603
2019-07-11T00:00:00.000+10:00,0.931,140,603
2019-07-12T00:00:00.000+10:00,0.825,140,603
2019-07-13T00:00:00.000+10:00,0.909,140,603
2019-07-14T00:00:00.000+10:00,1.046,140,603
2019-07-15T00:00:00.000+10:00,0.834,140,603
2019-07-16T00:00:00.000+10:00,0.884,140,603
2019-07-17T00:00:00.000+10:00,0.921,140,603
2019-07-18T00:00:00.000+10:00,0.925,140,603
2019-07-19T00:00:00.000+10:00,0.769,140,603
2019-07-20T00:00:00.000+10:00,0.599,140,603
2019-07-21T00:00:00.000+10:00,0.730,140,603
2019-07-22T00:00:00.000+10:00,0.723,140,603
2019-07-23T00:00:00.000+10:00,0.714,140,603
2019-07-24T00:00:00.000+10:00,0.695,140,603
2019-07-25T00:00:00.000+10:00,0.678,140,603
2019-07-26T00:00:00.000+10:00,0.659,140,603
2019-07-27T00:00:00.000+10:00,0.482,140,603
2019-07-28T00:00:00.000+10:00,0.398,140,603
2019-07-29T00:00:00.000+10:00,0.467,140,603
2019-07-30T00:00:00.000+10:00,0.451,140,603
2019-07-31T00:00:00.000+10:00,0.446,140,603
2019-08-01T00:00:00.000+10:00,0.577,140,603
2019-08-02T00:00:00.000+10:00,0.434,140,603
2019-08-03T00:00:00.000+10:00,0.421,140,603
2019-08-04T00:00:00.000+10:00,0.409,140,603
2019-08-05T00:00:00.000+10:00,0.520,140,603
2019-08-06T00:00:00.000+10:00,0.379,140,603
2019-08-07T00:00:00.000+10:00,0.440,140,603
2019-08-08T00:00:00.000+10:00,0.359,140,603
2019-08-09T00:00:00.000+10:00,0.377,140,603
2019-08-10T00:00:00.000+10:00,0.443,140,603
2019-08-11T00:00:00.000+10:00,0.423,140,603
2019-08-12T00:00:00.000+10:00,0.413,140,603
2019-08-13T00:00:00.000+10:00,0.325,140,603
2019-08-14T00:00:00.000+10:00,0.340,140,603
2019-08-15T00:00:00.000+10:00,0.380,140,603
2019-08-16T00:00:00.000+10:00,0.388,140,603
2019-08-17T00:00:00.000+10:00,0.425,140,603
2019-08-18T00:00:00.000+10:00,0.544,140,603
2019-08-19T00:00:00.000+10:00,0.502,140,603
2019-08-20T00:00:00.000+10:00,0.498,140,603
2019-08-21T00:00:00.000+10:00,0.445,140,603
2019-08-22T00:00:00.000+10:00,0.510,140,603
2019-08-23T00:00:00.000+10:00,0.543,140,603
2019-08-24T00:00:00.000+10:00,0.541,140,603
2019-08-25T00:00:00.000+10:00,0.534,140,603
2019-08-26T00:00:00.000+10:00,0.534,140,603
2019-08-27T00:00:00.000+10:00,0.554,140,603
2019-08-28T00:00:00.000+10:00,0.570,140,603
2019-08-29T00:00:00.000+10:00,0.450,140,603
2019-08-30T00:00:00.000+10:00,0.501,140,603
2019-08-31T00:00:00.000+10:00,0.470,140,603
2019-09-01T00:00:00.000+10:00,0.444,140,603
2019-09-02T00:00:00.000+10:00,0.495,140,603
2019-09-03T00:00:00.000+10:00,0.495,140,603
2019-09-04T00:00:00.000+10:00,0.478,140,603
2019-09-05T00:00:00.000+10:00,0.476,140,603
2019-09-06T00:00:00.000+10:00,0.486,140,603
2019-09-07T00:00:00.000+10:00,0.538,140,603
2019-09-08T00:00:00.000+10:00,0.515,140,603
2019-09-09T00:00:00.000+10:00,0.491,140,603
2019-09-10T00:00:00.000+10:00,0.352,140,603
2019-09-11T00:00:00.000+10:00,0.166,140,603
2019-09-12T00:00:00.000+10:00,0.157,140,603
2019-09-13T00:00:00.000+10:00,0.154,140,603
2019-09-14T00:00:00.000+10:00,0.150,140,603
2019-09-15T00:00:00.000+10:00,0.147,140,603
2019-09-16T00:00:00.000+10:00,0.141,140,603
2019-09-17T00:00:00.000+10:00,0.140,140,603
2019-09-18T00:00:00.000+10:00,0.202,140,603
2019-09-19T00:00:00.000+10:00,0.255,140,603
2019-09-20T00:00:00.000+10:00,0.292,140,603
2019-09-21T00:00:00.000+10:00,0.367,140,603
2019-09-22T00:00:00.000+10:00,0.328,140,603
2019-09-23T00:00:00.000+10:00,0.370,140,603
2019-09-24T00:00:00.000+10:00,0.375,140,603
2019-09-25T00:00:00.000+10:00,0.315,140,603
2019-09-26T00:00:00.000+10:00,0.338,140,603
2019-09-27T00:00:00.000+10:00,0.442,140,603
2019-09-28T00:00:00.000+10:00,0.312,140,603
2019-09-29T00:00:00.000+10:00,0.358,140,603
2019-09-30T00:00:00.000+10:00,0.365,140,603
2019-10-01T00:00:00.000+10:00,0.381,140,603
2019-10-02T00:00:00.000+10:00,0.368,140,603
2019-10-03T00:00:00.000+10:00,0.352,140,603
2019-10-04T00:00:00.000+10:00,0.275,140,603
2019-10-05T00:00:00.000+10:00,0.321,140,603
2019-10-06T00:00:00.000+10:00,0.284,140,603
2019-10-07T00:00:00.000+10:00,0.310,140,603
2019-10-08T00:00:00.000+10:00,0.245,140,603
2019-10-09T00:00:00.000+10:00,0.209,140,603
2019-10-10T00:00:00.000+10:00,0.239,140,603
2019-10-11T00:00:00.000+10:00,0.254,140,603
2019-10-12T00:00:00.000+10:00,0.269,140,603
2019-10-13T00:00:00.000+10:00,0.274,140,603
2019-10-14T00:00:00.000+10:00,0.252,140,603
2019-10-15T00:00:00.000+10:00,0.238,140,603
2019-10-16T00:00:00.000+10:00,0.238,140,603
2019-10-17T00:00:00.000+10:00,0.213,140,603
2019-10-18T00:00:00.000+10:00,0.231,140,603
2019-10-19T00:00:00.000+10:00,0.232,140,603
2019-10-20T00:00:00.000+10:00,0.214,140,603
2019-10-21T00:00:00.000+10:00,0.232,140,603
2019-10-22T00:00:00.000+10:00,0.235,140,603
2019-10-23T00:00:00.000+10:00,0.251,140,603
2019-10-24T00:00:00.000+10:00,0.244,140,603
2019-10-25T00:00:00.000+10:00,0.233,140,603
2019-10-26T00:00:00.000+10:00,0.216,140,603
2019-10-27T00:00:00.000+10:00,0.205,140,603
2019-10-28T00:00:00.000+10:00,0.195,140,603
2019-10-29T00:00:00.000+10:00,0.189,140,603
2019-10-30T00:00:00.000+10:00,0.180,140,603
2019-10-31T00:00:00.000+10:00,0.172,140,603
2019-11-01T00:00:00.000+10:00,0.166,140,603
2019-11-02T00:00:00.000+10:00,0.158,140,603
2019-11-03T00:00:00.000+10:00,0.146,140,603
2019-11-04T00:00:00.000+10:00,0.138,140,603
2019-11-05T00:00:00.000+10:00,0.131,140,603
2019-11-06T00:00:00.000+10:00,0.125,140,603
2019-11-07T00:00:00.000+10:00,0.116,140,603
2019-11-08T00:00:00.000+10:00,0.106,140,603
2019-11-09T00:00:00.000+10:00,0.095,140,603
2019-11-10T00:00:00.000+10:00,0.092,140,603
2019-11-11T00:00:00.000+10:00,0.090,140,603
2019-11-12T00:00:00.000+10:00,0.084,140,603
2019-11-13T00:00:00.000+10:00,0.081,140,603
2019-11-14T00:00:00.000+10:00,0.076,140,603
2019-11-15T00:00:00.000+10:00,0.075,140,603
2019-11-16T00:00:00.000+10:00,0.072,140,603
2019-11-17T00:00:00.000+10:00,0.071,140,603
2019-11-18T00:00:00.000+10:00,0.069,140,603
2019-11-19T00:00:00.000+10:00,0.062,140,603
2019-11-20T00:00:00.000+10:00,0.051,140,603
2019-11-21T00:00:00.000+10:00,0.049,140,603
2019-11-22T00:00:00.000+10:00,0.045,140,603
2019-11-23T00:00:00.000+10:00,0.042,140,603
2019-11-24T00:00:00.000+10:00,0.038,140,603
2019-11-25T00:00:00.000+10:00,0.034,140,603
2019-11-26T00:00:00.000+10:00,0.030,140,603
2019-11-27T00:00:00.000+10:00,0.030,140,603
2019-11-28T00:00:00.000+10:00,0.033,140,603
2019-11-29T00:00:00.000+10:00,0.053,140,603
2019-11-30T00:00:00.000+10:00,0.049,140,603
2019-12-01T00:00:00.000+10:00,0.031,140,603
2019-12-02T00:00:00.000+10:00,0.026,140,603
2019-12-03T00:00:00.000+10:00,0.026,140,603
2019-12-04T00:00:00.000+10:00,0.026,140,603
2019-12-05T00:00:00.000+10:00,0.026,140,603
2019-12-06T00:00:00.000+10:00,0.018,140,603
2019-12-07T00:00:00.000+10:00,0.015,140,603
2019-12-08T00:00:00.000+10:00,0.028,140,603
2019-12-09T00:00:00.000+10:00,0.031,140,603
2019-12-10T00:00:00.000+10:00,0.030,140,603
2019-12-11T00:00:00.000+10:00,0.024,140,603
2019-12-12T00:00:00.000+10:00,0.025,140,603
2019-12-13T00:00:00.000+10:00,0.039,140,603
2019-12-14T00:00:00.000+10:00,0.027,140,603
2019-12-15T00:00:00.000+10:00,0.012,140,603
2019-12-16T00:00:00.000+10:00,0.004,140,603
2019-12-17T00:00:00.000+10:00,0.004,140,603
2019-12-18T00:00:00.000+10:00,0.007,140,603
2019-12-19T00:00:00.000+10:00,0.007,140,603
2019-12-20T00:00:00.000+10:00,0.005,140,603
2019-12-21T00:00:00.000+10:00,0.005,140,603
2019-12-22T00:00:00.000+10:00,0.004,140,603
2019-12-23T00:00:00.000+10:00,0.000,140,603
2019-12-24T00:00:00.000+10:00,0.000,140,603
2019-12-25T00:00:00.000+10:00,0.020,140,603
2019-12-26T00:00:00.000+10:00,0.031,140,603
2019-12-27T00:00:00.000+10:00,0.031,140,603
2019-12-28T00:00:00.000+10:00,0.007,140,603
2019-12-29T00:00:00.000+10:00,0.001,140,603
2019-12-30T00:00:00.000+10:00,0.000,140,603
2019-12-31T00:00:00.000+10:00,0.000,140,603
2020-01-01T00:00:00.000+10:00,0.000,140,603
2020-01-02T00:00:00.000+10:00,0.000,140,603
2020-01-03T00:00:00.000+10:00,0.000,140,603
2020-01-04T00:00:00.000+10:00,0.000,140,603
2020-01-05T00:00:00.000+10:00,0.000,140,603
2020-01-06T00:00:00.000+10:00,0.000,140,603
2020-01-07T00:00:00.000+10:00,0.000,140,603
2020-01-08T00:00:00.000+10:00,0.000,140,603
2020-01-09T00:00:00.000+10:00,0.000,140,603
2020-01-10T00:00:00.000+10:00,0.000,140,603
2020-01-11T00:00:00.000+10:00,0.000,140,603
2020-01-12T00:00:00.000+10:00,0.000,140,603
2020-01-13T00:00:00.000+10:00,0.000,140,603
2020-01-14T00:00:00.000+10:00,0.000,140,603
2020-01-15T00:00:00.000+10:00,0.000,140,603
2020-01-16T00:00:00.000+10:00,0.000,140,603
2020-01-17T00:00:00.000+10:00,0.000,140,603
2020-01-18T00:00:00.000+10:00,0.277,140,603
2020-01-19T00:00:00.000+10:00,26.731,140,603
2020-01-20T00:00:00.000+10:00,5.296,140,603
2020-01-21T00:00:00.000+10:00,2.338,140,603
2020-01-22T00:00:00.000+10:00,1.473,140,603
2020-01-23T00:00:00.000+10:00,1.016,140,603
2020-01-24T00:00:00.000+10:00,0.880,140,603
2020-01-25T00:00:00.000+10:00,0.991,140,603
2020-01-26T00:00:00.000+10:00,0.832,140,603
2020-01-27T00:00:00.000+10:00,0.724,140,603
2020-01-28T00:00:00.000+10:00,0.582,140,603
2020-01-29T00:00:00.000+10:00,0.486,140,603
2020-01-30T00:00:00.000+10:00,0.681,140,603
2020-01-31T00:00:00.000+10:00,0.617,140,603
2020-02-01T00:00:00.000+10:00,0.562,140,603
2020-02-02T00:00:00.000+10:00,0.574,140,603
2020-02-03T00:00:00.000+10:00,0.596,140,603
2020-02-04T00:00:00.000+10:00,0.608,140,603
2020-02-05T00:00:00.000+10:00,0.597,140,603
2020-02-06T00:00:00.000+10:00,14.912,140,603
2020-02-07T00:00:00.000+10:00,58.873,140,603
2020-02-08T00:00:00.000+10:00,13.384,140,603
2020-02-09T00:00:00.000+10:00,84.286,140,603
2020-02-10T00:00:00.000+10:00,29.466,140,603
2020-02-11T00:00:00.000+10:00,126.433,140,603
2020-02-12T00:00:00.000+10:00,88.523,140,603
2020-02-13T00:00:00.000+10:00,93.792,140,603
2020-02-14T00:00:00.000+10:00,49.674,140,603
2020-02-15T00:00:00.000+10:00,19.065,140,603
2020-02-16T00:00:00.000+10:00,11.480,140,603
2020-02-17T00:00:00.000+10:00,12.006,140,603
2020-02-18T00:00:00.000+10:00,10.471,140,603
2020-02-19T00:00:00.000+10:00,7.250,140,603
2020-02-20T00:00:00.000+10:00,5.546,140,603
2020-02-21T00:00:00.000+10:00,4.473,140,603
2020-02-22T00:00:00.000+10:00,3.999,140,603
2020-02-23T00:00:00.000+10:00,3.635,140,603
2020-02-24T00:00:00.000+10:00,10.930,140,603
2020-02-25T00:00:00.000+10:00,10.885,140,603
2020-02-26T00:00:00.000+10:00,7.435,140,603
2020-02-27T00:00:00.000+10:00,5.734,140,603
2020-02-28T00:00:00.000+10:00,4.807,140,603
2020-02-29T00:00:00.000+10:00,4.138,140,603
2020-03-01T00:00:00.000+10:00,3.594,140,603
2020-03-02T00:00:00.000+10:00,3.176,140,603
2020-03-03T00:00:00.000+10:00,2.545,140,603
2020-03-04T00:00:00.000+10:00,2.308,140,603
2020-03-05T00:00:00.000+10:00,2.346,140,603
2020-03-06T00:00:00.000+10:00,2.349,140,603
2020-03-07T00:00:00.000+10:00,2.358,140,603
2020-03-08T00:00:00.000+10:00,1.965,140,603
2020-03-09T00:00:00.000+10:00,2.269,140,603
2020-03-10T00:00:00.000+10:00,4.070,140,603
2020-03-11T00:00:00.000+10:00,5.024,140,603
2020-03-12T00:00:00.000+10:00,4.685,140,603
2020-03-13T00:00:00.000+10:00,4.088,140,603
2020-03-14T00:00:00.000+10:00,3.538,140,603
2020-03-15T00:00:00.000+10:00,6.204,140,603
2020-03-16T00:00:00.000+10:00,8.446,140,603
2020-03-17T00:00:00.000+10:00,5.987,140,603
2020-03-18T00:00:00.000+10:00,5.268,140,603
2020-03-19T00:00:00.000+10:00,4.548,140,603
2020-03-20T00:00:00.000+10:00,3.634,140,603
2020-03-21T00:00:00.000+10:00,3.625,140,603
2020-03-22T00:00:00.000+10:00,2.995,140,603
2020-03-23T00:00:00.000+10:00,2.976,140,603
2020-03-24T00:00:00.000+10:00,2.696,140,603
2020-03-25T00:00:00.000+10:00,2.491,140,603
2020-03-26T00:00:00.000+10:00,2.575,140,603
2020-03-27T00:00:00.000+10:00,5.783,140,603
2020-03-28T00:00:00.000+10:00,4.025,140,603
2020-03-29T00:00:00.000+10:00,3.664,140,603
2020-03-30T00:00:00.000+10:00,3.497,140,603
2020-03-31T00:00:00.000+10:00,3.175,140,603
2020-04-01T00:00:00.000+10:00,3.057,140,603
2020-04-02T00:00:00.000+10:00,2.651,140,603
2020-04-03T00:00:00.000+10:00,2.547,140,603
2020-04-04T00:00:00.000+10:00,3.331,140,603
2020-04-05T00:00:00.000+10:00,2.600,140,603
2020-04-06T00:00:00.000+10:00,2.492,140,603
2020-04-07T00:00:00.000+10:00,2.105,140,603
2020-04-08T00:00:00.000+10:00,2.035,140,603
2020-04-09T00:00:00.000+10:00,1.960,140,603
2020-04-10T00:00:00.000+10:00,2.024,140,603
2020-04-11T00:00:00.000+10:00,1.944,140,603
2020-04-12T00:00:00.000+10:00,2.009,140,603
2020-04-13T00:00:00.000+10:00,1.874,140,603
2020-04-14T00:00:00.000+10:00,1.789,140,603
2020-04-15T00:00:00.000+10:00,1.456,140,603
2020-04-16T00:00:00.000+10:00,1.390,140,603
2020-04-17T00:00:00.000+10:00,1.586,140,603
2020-04-18T00:00:00.000+10:00,1.205,140,603
2020-04-19T00:00:00.000+10:00,1.051,140,603
2020-04-20T00:00:00.000+10:00,1.251,140,603
2020-04-21T00:00:00.000+10:00,1.142,140,603
2020-04-22T00:00:00.000+10:00,1.246,140,603
2020-04-23T00:00:00.000+10:00,1.197,140,603
2020-04-24T00:00:00.000+10:00,1.050,140,603
2020-04-25T00:00:00.000+10:00,1.245,140,603
2020-04-26T00:00:00.000+10:00,1.226,140,603
2020-04-27T00:00:00.000+10:00,1.238,140,603
2020-04-28T00:00:00.000+10:00,1.160,140,603
2020-04-29T00:00:00.000+10:00,1.089,140,603
2020-04-30T00:00:00.000+10:00,1.013,140,603
2020-05-01T00:00:00.000+10:00,0.959,140,603
2020-05-02T00:00:00.000+10:00,0.971,140,603
2020-05-03T00:00:00.000+10:00,0.941,140,603
2020-05-04T00:00:00.000+10:00,0.991,140,603
2020-05-05T00:00:00.000+10:00,1.028,140,603
2020-05-06T00:00:00.000+10:00,0.900,140,603
2020-05-07T00:00:00.000+10:00,1.078,140,603
2020-05-08T00:00:00.000+10:00,0.784,140,603
2020-05-09T00:00:00.000+10:00,0.701,140,603
2020-05-10T00:00:00.000+10:00,0.542,140,603
2020-05-11T00:00:00.000+10:00,0.907,140,603
2020-05-12T00:00:00.000+10:00,0.584,140,603
2020-05-13T00:00:00.000+10:00,0.747,140,603
2020-05-14T00:00:00.000+10:00,0.594,140,603
2020-05-15T00:00:00.000+10:00,0.581,140,603
2020-05-16T00:00:00.000+10:00,0.351,140,603
2020-05-17T00:00:00.000+10:00,0.570,140,603
2020-05-18T00:00:00.000+10:00,0.837,140,603
2020-05-19T00:00:00.000+10:00,0.594,140,603
2020-05-20T00:00:00.000+10:00,0.664,140,603
2020-05-21T00:00:00.000+10:00,0.798,140,603
2020-05-22T00:00:00.000+10:00,0.677,140,603
2020-05-23T00:00:00.000+10:00,0.558,140,603
2020-05-24T00:00:00.000+10:00,0.518,140,603
2020-05-25T00:00:00.000+10:00,0.745,140,603
2020-05-26T00:00:00.000+10:00,0.575,140,603
2020-05-27T00:00:00.000+10:00,0.739,140,603
2020-05-28T00:00:00.000+10:00,0.565,140,603
2020-05-29T00:00:00.000+10:00,0.673,140,603
2020-05-30T00:00:00.000+10:00,0.653,140,603
2020-05-31T00:00:00.000+10:00,0.683,140,603
2020-06-01T00:00:00.000+10:00,0.682,140,603
2020-06-02T00:00:00.000+10:00,0.609,140,603
2020-06-03T00:00:00.000+10:00,0.546,140,603
2020-06-04T00:00:00.000+10:00,0.704,140,603
2020-06-05T00:00:00.000+10:00,0.553,140,603
2020-06-06T00:00:00.000+10:00,0.377,140,603
2020-06-07T00:00:00.000+10:00,0.530,140,603
2020-06-08T00:00:00.000+10:00,0.509,140,603
2020-06-09T00:00:00.000+10:00,0.554,140,603
2020-06-10T00:00:00.000+10:00,1.384,140,603
2020-06-11T00:00:00.000+10:00,4.630,140,603
2020-06-12T00:00:00.000+10:00,2.391,140,603
2020-06-13T00:00:00.000+10:00,1.520,140,603
2020-06-14T00:00:00.000+10:00,1.376,140,603
2020-06-15T00:00:00.000+10:00,1.528,140,603
2020-06-16T00:00:00.000+10:00,1.401,140,603
2020-06-17T00:00:00.000+10:00,1.074,140,603
2020-06-18T00:00:00.000+10:00,1.494,140,603
2020-06-19T00:00:00.000+10:00,3.576,140,603
2020-06-20T00:00:00.000+10:00,2.499,140,603
2020-06-21T00:00:00.000+10:00,2.065,140,603
2020-06-22T00:00:00.000+10:00,2.113,140,603
2020-06-23T00:00:00.000+10:00,1.749,140,603
2020-06-24T00:00:00.000+10:00,1.581,140,603
2020-06-25T00:00:00.000+10:00,1.392,140,603
2020-06-26T00:00:00.000+10:00,1.280,140,603
2020-06-27T00:00:00.000+10:00,1.049,140,603
2020-06-28T00:00:00.000+10:00,1.158,140,603
2020-06-29T00:00:00.000+10:00,1.227,140,603
2020-06-30T00:00:00.000+10:00,1.225,140,603
2020-07-01T00:00:00.000+10:00,1.128,140,603
2020-07-02T00:00:00.000+10:00,0.845,140,603
2020-07-03T00:00:00.000+10:00,0.796,140,603
2020-07-04T00:00:00.000+10:00,0.826,140,603
2020-07-05T00:00:00.000+10:00,0.831,140,603
2020-07-06T00:00:00.000+10:00,0.844,140,603
2020-07-07T00:00:00.000+10:00,0.842,140,603
2020-07-08T00:00:00.000+10:00,0.824,140,603
2020-07-09T00:00:00.000+10:00,0.842,140,603
2020-07-10T00:00:00.000+10:00,0.957,140,603
2020-07-11T00:00:00.000+10:00,0.828,140,603
2020-07-12T00:00:00.000+10:00,0.862,140,603
2020-07-13T00:00:00.000+10:00,0.911,140,603
2020-07-14T00:00:00.000+10:00,0.841,140,603
2020-07-15T00:00:00.000+10:00,0.854,140,603
2020-07-16T00:00:00.000+10:00,0.838,140,603
2020-07-17T00:00:00.000+10:00,0.822,140,603
2020-07-18T00:00:00.000+10:00,0.844,140,603
2020-07-19T00:00:00.000+10:00,0.775,140,603
2020-07-20T00:00:00.000+10:00,0.766,140,603
2020-07-21T00:00:00.000+10:00,0.839,140,603
2020-07-22T00:00:00.000+10:00,0.669,140,603
2020-07-23T00:00:00.000+10:00,0.435,140,603
2020-07-24T00:00:00.000+10:00,0.406,140,603
2020-07-25T00:00:00.000+10:00,0.434,140,603
2020-07-26T00:00:00.000+10:00,1.990,140,603
2020-07-27T00:00:00.000+10:00,3.382,140,603
2020-07-28T00:00:00.000+10:00,1.758,140,603
2020-07-29T00:00:00.000+10:00,1.426,140,603
2020-07-30T00:00:00.000+10:00,1.095,140,603
2020-07-31T00:00:00.000+10:00,1.154,140,603
2020-08-01T00:00:00.000+10:00,0.558,140,603
2020-08-02T00:00:00.000+10:00,0.707,140,603
2020-08-03T00:00:00.000+10:00,0.939,140,603
2020-08-04T00:00:00.000+10:00,0.644,140,603
2020-08-05T00:00:00.000+10:00,0.595,140,603
2020-08-06T00:00:00.000+10:00,0.550,140,603
2020-08-07T00:00:00.000+10:00,0.760,140,603
2020-08-08T00:00:00.000+10:00,0.388,140,603
2020-08-09T00:00:00.000+10:00,0.535,140,603
2020-08-10T00:00:00.000+10:00,0.632,140,603
2020-08-11T00:00:00.000+10:00,0.551,140,603
2020-08-12T00:00:00.000+10:00,0.595,140,603
2020-08-13T00:00:00.000+10:00,0.521,140,603
2020-08-14T00:00:00.000+10:00,0.553,140,603
2020-08-15T00:00:00.000+10:00,0.705,140,603
2020-08-16T00:00:00.000+10:00,0.540,140,603
2020-08-17T00:00:00.000+10:00,0.510,140,603
2020-08-18T00:00:00.000+10:00,0.494,140,603
2020-08-19T00:00:00.000+10:00,0.559,140,603
2020-08-20T00:00:00.000+10:00,0.453,140,603
2020-08-21T00:00:00.000+10:00,0.449,140,603
2020-08-22T00:00:00.000+10:00,0.408,140,603
2020-08-23T00:00:00.000+10:00,0.389,140,603
2020-08-24T00:00:00.000+10:00,0.437,140,603
2020-08-25T00:00:00.000+10:00,0.386,140,603
2020-08-26T00:00:00.000+10:00,0.392,140,603
2020-08-27T00:00:00.000+10:00,0.386,140,603
2020-08-28T00:00:00.000+10:00,0.371,140,603
2020-08-29T00:00:00.000+10:00,0.369,140,603
2020-08-30T00:00:00.000+10:00,0.363,140,603
2020-08-31T00:00:00.000+10:00,0.401,140,603
2020-09-01T00:00:00.000+10:00,0.443,140,603
2020-09-02T00:00:00.000+10:00,0.432,140,603
2020-09-03T00:00:00.000+10:00,0.451,140,603
2020-09-04T00:00:00.000+10:00,0.401,140,603
2020-09-05T00:00:00.000+10:00,0.437,140,603
2020-09-06T00:00:00.000+10:00,0.616,140,603
2020-09-07T00:00:00.000+10:00,0.559,140,603
2020-09-08T00:00:00.000+10:00,0.468,140,603
2020-09-09T00:00:00.000+10:00,0.451,140,603
2020-09-10T00:00:00.000+10:00,0.621,140,603
2020-09-11T00:00:00.000+10:00,1.606,140,603
2020-09-12T00:00:00.000+10:00,0.924,140,603
2020-09-13T00:00:00.000+10:00,0.698,140,603
2020-09-14T00:00:00.000+10:00,0.779,140,603
2020-09-15T00:00:00.000+10:00,0.775,140,603
2020-09-16T00:00:00.000+10:00,0.860,140,603
2020-09-17T00:00:00.000+10:00,0.710,140,603
2020-09-18T00:00:00.000+10:00,0.657,140,603
2020-09-19T00:00:00.000+10:00,0.599,140,603
2020-09-20T00:00:00.000+10:00,0.759,140,603
2020-09-21T00:00:00.000+10:00,0.742,140,603
2020-09-22T00:00:00.000+10:00,0.517,140,603
2020-09-23T00:00:00.000+10:00,0.637,140,603
2020-09-24T00:00:00.000+10:00,0.445,140,603
2020-09-25T00:00:00.000+10:00,0.482,140,603
2020-09-26T00:00:00.000+10:00,0.451,140,603
2020-09-27T00:00:00.000+10:00,0.484,140,603
2020-09-28T00:00:00.000+10:00,0.477,140,603
2020-09-29T00:00:00.000+10:00,0.474,140,603
2020-09-30T00:00:00.000+10:00,0.463,140,603
2020-10-01T00:00:00.000+10:00,0.457,140,603
2020-10-02T00:00:00.000+10:00,0.450,140,603
2020-10-03T00:00:00.000+10:00,0.432,140,603
2020-10-04T00:00:00.000+10:00,0.385,140,603
2020-10-05T00:00:00.000+10:00,0.374,140,603
2020-10-06T00:00:00.000+10:00,0.356,140,603
2020-10-07T00:00:00.000+10:00,0.343,140,603
2020-10-08T00:00:00.000+10:00,0.335,140,603
2020-10-09T00:00:00.000+10:00,0.325,140,603
2020-10-10T00:00:00.000+10:00,0.314,140,603
2020-10-11T00:00:00.000+10:00,0.306,140,603
2020-10-12T00:00:00.000+10:00,0.313,140,603
2020-10-13T00:00:00.000+10:00,0.329,140,603
2020-10-14T00:00:00.000+10:00,0.327,140,603
2020-10-15T00:00:00.000+10:00,0.303,140,603
2020-10-16T00:00:00.000+10:00,0.303,140,603
2020-10-17T00:00:00.000+10:00,0.302,140,603
2020-10-18T00:00:00.000+10:00,0.307,140,603
2020-10-19T00:00:00.000+10:00,0.355,140,603
2020-10-20T00:00:00.000+10:00,0.377,140,603
2020-10-21T00:00:00.000+10:00,0.380,140,603
2020-10-22T00:00:00.000+10:00,0.329,140,603
2020-10-23T00:00:00.000+10:00,0.327,140,603
2020-10-24T00:00:00.000+10:00,0.363,140,603
2020-10-25T00:00:00.000+10:00,0.363,140,603
2020-10-26T00:00:00.000+10:00,0.453,140,603
2020-10-27T00:00:00.000+10:00,0.469,140,603
2020-10-28T00:00:00.000+10:00,0.439,140,603
2020-10-29T00:00:00.000+10:00,1.720,140,603
2020-10-30T00:00:00.000+10:00,2.103,140,603
2020-10-31T00:00:00.000+10:00,1.285,140,603
2020-11-01T00:00:00.000+10:00,0.885,140,603
2020-11-02T00:00:00.000+10:00,0.619,140,603
2020-11-03T00:00:00.000+10:00,0.492,140,603
2020-11-04T00:00:00.000+10:00,0.364,140,603
2020-11-05T00:00:00.000+10:00,0.435,140,603
2020-11-06T00:00:00.000+10:00,0.486,140,603
2020-11-07T00:00:00.000+10:00,0.513,140,603
2020-11-08T00:00:00.000+10:00,0.460,140,603
2020-11-09T00:00:00.000+10:00,0.445,140,603
2020-11-10T00:00:00.000+10:00,0.426,140,603
2020-11-11T00:00:00.000+10:00,0.431,140,603
2020-11-12T00:00:00.000+10:00,0.345,140,603
2020-11-13T00:00:00.000+10:00,0.366,140,603
2020-11-14T00:00:00.000+10:00,0.413,140,603
2020-11-15T00:00:00.000+10:00,0.452,140,603
2020-11-16T00:00:00.000+10:00,0.354,140,603
2020-11-17T00:00:00.000+10:00,0.349,140,603
2020-11-18T00:00:00.000+10:00,0.344,140,603
2020-11-19T00:00:00.000+10:00,0.331,140,603
2020-11-20T00:00:00.000+10:00,0.319,140,603
2020-11-21T00:00:00.000+10:00,0.313,140,603
2020-11-22T00:00:00.000+10:00,0.311,140,603
2020-11-23T00:00:00.000+10:00,0.311,140,603
2020-11-24T00:00:00.000+10:00,0.298,140,603
2020-11-25T00:00:00.000+10:00,0.293,140,603
2020-11-26T00:00:00.000+10:00,0.288,140,603
2020-11-27T00:00:00.000+10:00,0.293,140,603
2020-11-28T00:00:00.000+10:00,0.260,140,603
2020-11-29T00:00:00.000+10:00,0.239,140,603
2020-11-30T00:00:00.000+10:00,0.212,140,603
2020-12-01T00:00:00.000+10:00,0.204,140,603
2020-12-02T00:00:00.000+10:00,0.198,140,603
2020-12-03T00:00:00.000+10:00,0.214,140,603
2020-12-04T00:00:00.000+10:00,0.222,140,603
2020-12-05T00:00:00.000+10:00,0.211,140,603
2020-12-06T00:00:00.000+10:00,0.200,140,603
2020-12-07T00:00:00.000+10:00,0.189,140,603
2020-12-08T00:00:00.000+10:00,0.179,140,603
2020-12-09T00:00:00.000+10:00,0.173,140,603
2020-12-10T00:00:00.000+10:00,0.169,140,603
2020-12-11T00:00:00.000+10:00,0.207,140,603
2020-12-12T00:00:00.000+10:00,17.580,140,603
2020-12-13T00:00:00.000+10:00,14.812,140,603
2020-12-14T00:00:00.000+10:00,106.091,140,603
2020-12-15T00:00:00.000+10:00,171.316,140,603
2020-12-16T00:00:00.000+10:00,51.407,140,603
2020-12-17T00:00:00.000+10:00,43.958,140,603
2020-12-18T00:00:00.000+10:00,35.656,140,603
2020-12-19T00:00:00.000+10:00,15.637,140,603
2020-12-20T00:00:00.000+10:00,9.447,140,603
2020-12-21T00:00:00.000+10:00,7.271,140,603
2020-12-22T00:00:00.000+10:00,6.249,140,603
2020-12-23T00:00:00.000+10:00,5.529,140,603
2020-12-24T00:00:00.000+10:00,5.057,140,603
2020-12-25T00:00:00.000+10:00,4.534,140,603
2020-12-26T00:00:00.000+10:00,4.148,140,603
2020-12-27T00:00:00.000+10:00,3.551,140,603
2020-12-28T00:00:00.000+10:00,3.418,140,603
2020-12-29T00:00:00.000+10:00,3.227,140,603
2020-12-30T00:00:00.000+10:00,4.885,140,603
2020-12-31T00:00:00.000+10:00,4.317,140,603
2021-01-01T00:00:00.000+10:00,4.146,140,603
2021-01-02T00:00:00.000+10:00,24.165,140,603
2021-01-03T00:00:00.000+10:00,17.663,140,603
2021-01-04T00:00:00.000+10:00,10.834,140,603
2021-01-05T00:00:00.000+10:00,13.649,140,603
2021-01-06T00:00:00.000+10:00,15.455,140,603
2021-01-07T00:00:00.000+10:00,27.409,140,603
2021-01-08T00:00:00.000+10:00,22.166,140,603
2021-01-09T00:00:00.000+10:00,15.326,140,603
2021-01-10T00:00:00.000+10:00,13.201,140,603
2021-01-11T00:00:00.000+10:00,10.510,140,603
2021-01-12T00:00:00.000+10:00,8.632,140,603
2021-01-13T00:00:00.000+10:00,7.213,140,603
2021-01-14T00:00:00.000+10:00,6.195,140,603
2021-01-15T00:00:00.000+10:00,5.466,140,603
2021-01-16T00:00:00.000+10:00,4.868,140,603
2021-01-17T00:00:00.000+10:00,4.162,140,603
2021-01-18T00:00:00.000+10:00,4.057,140,603
2021-01-19T00:00:00.000+10:00,3.988,140,603
2021-01-20T00:00:00.000+10:00,4.350,140,603
2021-01-21T00:00:00.000+10:00,3.736,140,603
2021-01-22T00:00:00.000+10:00,3.308,140,603
2021-01-23T00:00:00.000+10:00,2.945,140,603
2021-01-24T00:00:00.000+10:00,2.699,140,603
2021-01-25T00:00:00.000+10:00,2.496,140,603
2021-01-26T00:00:00.000+10:00,2.310,140,603
2021-01-27T00:00:00.000+10:00,2.269,140,603
2021-01-28T00:00:00.000+10:00,9.738,140,603
2021-01-29T00:00:00.000+10:00,4.690,140,603
2021-01-30T00:00:00.000+10:00,3.697,140,603
2021-01-31T00:00:00.000+10:00,3.269,140,603
2021-02-01T00:00:00.000+10:00,3.232,140,603
2021-02-02T00:00:00.000+10:00,2.944,140,603
2021-02-03T00:00:00.000+10:00,2.653,140,603
2021-02-04T00:00:00.000+10:00,2.598,140,603
2021-02-05T00:00:00.000+10:00,2.207,140,603
2021-02-06T00:00:00.000+10:00,2.009,140,603
2021-02-07T00:00:00.000+10:00,1.999,140,603
2021-02-08T00:00:00.000+10:00,2.071,140,603
2021-02-09T00:00:00.000+10:00,1.799,140,603
2021-02-10T00:00:00.000+10:00,1.982,140,603
2021-02-11T00:00:00.000+10:00,2.038,140,603
2021-02-12T00:00:00.000+10:00,1.814,140,603
2021-02-13T00:00:00.000+10:00,1.664,140,603
2021-02-14T00:00:00.000+10:00,4.211,140,603
2021-02-15T00:00:00.000+10:00,3.447,140,603
2021-02-16T00:00:00.000+10:00,4.151,140,603
2021-02-17T00:00:00.000+10:00,13.106,140,603
2021-02-18T00:00:00.000+10:00,31.464,140,603
2021-02-19T00:00:00.000+10:00,43.161,140,603
2021-02-20T00:00:00.000+10:00,40.695,140,603
2021-02-21T00:00:00.000+10:00,19.557,140,603
2021-02-22T00:00:00.000+10:00,16.077,140,603
2021-02-23T00:00:00.000+10:00,12.369,140,603
2021-02-24T00:00:00.000+10:00,23.079,140,603
2021-02-25T00:00:00.000+10:00,85.632,140,603
2021-02-26T00:00:00.000+10:00,68.038,140,603
2021-02-27T00:00:00.000+10:00,32.796,140,603
2021-02-28T00:00:00.000+10:00,22.839,140,603
2021-03-01T00:00:00.000+10:00,15.590,140,603
2021-03-02T00:00:00.000+10:00,11.427,140,603
2021-03-03T00:00:00.000+10:00,9.371,140,603
2021-03-04T00:00:00.000+10:00,10.174,140,603
2021-03-05T00:00:00.000+10:00,7.708,140,603
2021-03-06T00:00:00.000+10:00,6.584,140,603
2021-03-07T00:00:00.000+10:00,5.791,140,603
2021-03-08T00:00:00.000+10:00,5.043,140,603
2021-03-09T00:00:00.000+10:00,4.563,140,603
2021-03-10T00:00:00.000+10:00,4.144,140,603
2021-03-11T00:00:00.000+10:00,3.919,140,603
2021-03-12T00:00:00.000+10:00,3.428,140,603
2021-03-13T00:00:00.000+10:00,3.024,140,603
2021-03-14T00:00:00.000+10:00,3.001,140,603
2021-03-15T00:00:00.000+10:00,8.460,140,603
2021-03-16T00:00:00.000+10:00,5.841,140,603
2021-03-17T00:00:00.000+10:00,5.445,140,603
2021-03-18T00:00:00.000+10:00,36.392,140,603
2021-03-19T00:00:00.000+10:00,94.302,140,603
2021-03-20T00:00:00.000+10:00,38.706,140,603
2021-03-21T00:00:00.000+10:00,71.610,140,603
2021-03-22T00:00:00.000+10:00,150.857,140,603
2021-03-23T00:00:00.000+10:00,85.733,140,603
2021-03-24T00:00:00.000+10:00,50.130,140,603
2021-03-25T00:00:00.000+10:00,28.515,140,603
2021-03-26T00:00:00.000+10:00,18.410,140,603
2021-03-27T00:00:00.000+10:00,13.376,140,603
2021-03-28T00:00:00.000+10:00,10.382,140,603
2021-03-29T00:00:00.000+10:00,8.618,140,603
2021-03-30T00:00:00.000+10:00,7.411,140,603
2021-03-31T00:00:00.000+10:00,6.655,140,603
2021-04-01T00:00:00.000+10:00,6.952,140,603
2021-04-02T00:00:00.000+10:00,6.911,140,603
2021-04-03T00:00:00.000+10:00,6.199,140,603
2021-04-04T00:00:00.000+10:00,5.647,140,603
2021-04-05T00:00:00.000+10:00,5.258,140,603
2021-04-06T00:00:00.000+10:00,7.019,140,603
2021-04-07T00:00:00.000+10:00,14.213,140,603
2021-04-08T00:00:00.000+10:00,24.106,140,603
2021-04-09T00:00:00.000+10:00,17.167,140,603
2021-04-10T00:00:00.000+10:00,11.846,140,603
2021-04-11T00:00:00.000+10:00,9.284,140,603
2021-04-12T00:00:00.000+10:00,7.788,140,603
2021-04-13T00:00:00.000+10:00,6.812,140,603
2021-04-14T00:00:00.000+10:00,6.167,140,603
2021-04-15T00:00:00.000+10:00,5.544,140,603
2021-04-16T00:00:00.000+10:00,5.014,140,603
2021-04-17T00:00:00.000+10:00,4.522,140,603
2021-04-18T00:00:00.000+10:00,4.497,140,603
2021-04-19T00:00:00.000+10:00,4.217,140,603
2021-04-20T00:00:00.000+10:00,3.878,140,603
2021-04-21T00:00:00.000+10:00,3.603,140,603
2021-04-22T00:00:00.000+10:00,3.355,140,603
2021-04-23T00:00:00.000+10:00,3.242,140,603
2021-04-24T00:00:00.000+10:00,3.211,140,603
2021-04-25T00:00:00.000+10:00,2.849,140,603
2021-04-26T00:00:00.000+10:00,2.699,140,603
2021-04-27T00:00:00.000+10:00,2.519,140,603
2021-04-28T00:00:00.000+10:00,2.686,140,603
2021-04-29T00:00:00.000+10:00,2.649,140,603
2021-04-30T00:00:00.000+10:00,2.509,140,603
2021-05-01T00:00:00.000+10:00,2.689,140,603
2021-05-02T00:00:00.000+10:00,3.013,140,603
2021-05-03T00:00:00.000+10:00,2.681,140,603
2021-05-04T00:00:00.000+10:00,2.299,140,603
2021-05-05T00:00:00.000+10:00,2.070,140,603
2021-05-06T00:00:00.000+10:00,2.399,140,603
2021-05-07T00:00:00.000+10:00,2.207,140,603
2021-05-08T00:00:00.000+10:00,1.911,140,603
2021-05-09T00:00:00.000+10:00,1.907,140,603
2021-05-10T00:00:00.000+10:00,2.960,140,603
2021-05-11T00:00:00.000+10:00,2.564,140,603
2021-05-12T00:00:00.000+10:00,2.531,140,603
2021-05-13T00:00:00.000+10:00,5.728,140,603
2021-05-14T00:00:00.000+10:00,3.309,140,603
2021-05-15T00:00:00.000+10:00,2.937,140,603
2021-05-16T00:00:00.000+10:00,2.633,140,603
2021-05-17T00:00:00.000+10:00,2.402,140,603
2021-05-18T00:00:00.000+10:00,2.108,140,603
2021-05-19T00:00:00.000+10:00,1.759,140,603
2021-05-20T00:00:00.000+10:00,1.602,140,603
2021-05-21T00:00:00.000+10:00,1.521,140,603
2021-05-22T00:00:00.000+10:00,1.392,140,603
2021-05-23T00:00:00.000+10:00,1.398,140,603
2021-05-24T00:00:00.000+10:00,1.394,140,603
2021-05-25T00:00:00.000+10:00,1.276,140,603
2021-05-26T00:00:00.000+10:00,1.188,140,603
2021-05-27T00:00:00.000+10:00,1.127,140,603
2021-05-28T00:00:00.000+10:00,1.229,140,603
2021-05-29T00:00:00.000+10:00,1.222,140,603
2021-05-30T00:00:00.000+10:00,1.147,140,603
2021-05-31T00:00:00.000+10:00,1.224,140,603
2021-06-01T00:00:00.000+10:00,1.125,140,603
2021-06-02T00:00:00.000+10:00,1.082,140,603
2021-06-03T00:00:00.000+10:00,1.073,140,603
2021-06-04T00:00:00.000+10:00,1.089,140,603
2021-06-05T00:00:00.000+10:00,1.008,140,603
2021-06-06T00:00:00.000+10:00,0.945,140,603
2021-06-07T00:00:00.000+10:00,0.918,140,603
2021-06-08T00:00:00.000+10:00,0.962,140,603
2021-06-09T00:00:00.000+10:00,0.996,140,603
2021-06-10T00:00:00.000+10:00,0.973,140,603
2021-06-11T00:00:00.000+10:00,0.922,140,603
2021-06-12T00:00:00.000+10:00,0.884,140,603
2021-06-13T00:00:00.000+10:00,0.867,140,603
2021-06-14T00:00:00.000+10:00,0.827,140,603
2021-06-15T00:00:00.000+10:00,0.805,140,603
2021-06-16T00:00:00.000+10:00,0.793,140,603
2021-06-17T00:00:00.000+10:00,0.787,140,603
2021-06-18T00:00:00.000+10:00,0.766,140,603
2021-06-19T00:00:00.000+10:00,0.743,140,603
2021-06-20T00:00:00.000+10:00,0.770,140,603
2021-06-21T00:00:00.000+10:00,0.818,140,603
2021-06-22T00:00:00.000+10:00,0.847,140,603
2021-06-23T00:00:00.000+10:00,0.855,140,603
2021-06-24T00:00:00.000+10:00,0.828,140,603
2021-06-25T00:00:00.000+10:00,0.828,140,603
2021-06-26T00:00:00.000+10:00,0.827,140,603
2021-06-27T00:00:00.000+10:00,0.827,140,603
2021-06-28T00:00:00.000+10:00,0.824,140,603
2021-06-29T00:00:00.000+10:00,0.884,140,603
2021-06-30T00:00:00.000+10:00,1.079,140,603
2021-07-01T00:00:00.000+10:00,1.296,140,603
2021-07-02T00:00:00.000+10:00,1.747,140,603
2021-07-03T00:00:00.000+10:00,1.457,140,603
2021-07-04T00:00:00.000+10:00,1.188,140,603
2021-07-05T00:00:00.000+10:00,1.066,140,603
2021-07-06T00:00:00.000+10:00,1.155,140,603
2021-07-07T00:00:00.000+10:00,1.112,140,603
2021-07-08T00:00:00.000+10:00,1.072,140,603
2021-07-09T00:00:00.000+10:00,0.938,140,603
2021-07-10T00:00:00.000+10:00,0.936,140,603
2021-07-11T00:00:00.000+10:00,0.906,140,603
2021-07-12T00:00:00.000+10:00,0.848,140,603
2021-07-13T00:00:00.000+10:00,0.834,140,603
2021-07-14T00:00:00.000+10:00,0.678,140,603
2021-07-15T00:00:00.000+10:00,0.677,140,603
2021-07-16T00:00:00.000+10:00,0.800,140,603
2021-07-17T00:00:00.000+10:00,0.578,140,603
2021-07-18T00:00:00.000+10:00,0.544,140,603
2021-07-19T00:00:00.000+10:00,0.654,140,603
2021-07-20T00:00:00.000+10:00,0.774,140,603
2021-07-21T00:00:00.000+10:00,0.721,140,603
2021-07-22T00:00:00.000+10:00,0.712,140,603
2021-07-23T00:00:00.000+10:00,0.690,140,603
2021-07-24T00:00:00.000+10:00,0.682,140,603
2021-07-25T00:00:00.000+10:00,0.665,140,603
2021-07-26T00:00:00.000+10:00,0.640,140,603
2021-07-27T00:00:00.000+10:00,0.634,140,603
2021-07-28T00:00:00.000+10:00,0.629,140,603
2021-07-29T00:00:00.000+10:00,0.647,140,603
2021-07-30T00:00:00.000+10:00,0.692,140,603
2021-07-31T00:00:00.000+10:00,0.536,140,603
2021-08-01T00:00:00.000+10:00,0.557,140,603
2021-08-02T00:00:00.000+10:00,0.599,140,603
2021-08-03T00:00:00.000+10:00,0.718,140,603
2021-08-04T00:00:00.000+10:00,0.763,140,603
2021-08-05T00:00:00.000+10:00,0.656,140,603
2021-08-06T00:00:00.000+10:00,0.576,140,603
2021-08-07T00:00:00.000+10:00,0.557,140,603
2021-08-08T00:00:00.000+10:00,0.577,140,603
2021-08-09T00:00:00.000+10:00,0.474,140,603
2021-08-10T00:00:00.000+10:00,0.438,140,603
2021-08-11T00:00:00.000+10:00,0.643,140,603
2021-08-12T00:00:00.000+10:00,0.526,140,603
2021-08-13T00:00:00.000+10:00,0.555,140,603
2021-08-14T00:00:00.000+10:00,0.653,140,603
2021-08-15T00:00:00.000+10:00,0.555,140,603
2021-08-16T00:00:00.000+10:00,0.537,140,603
2021-08-17T00:00:00.000+10:00,0.453,140,603
2021-08-18T00:00:00.000+10:00,0.481,140,603
2021-08-19T00:00:00.000+10:00,0.573,140,603
2021-08-20T00:00:00.000+10:00,0.501,140,603
2021-08-21T00:00:00.000+10:00,0.495,140,603
2021-08-22T00:00:00.000+10:00,0.377,140,603
2021-08-23T00:00:00.000+10:00,0.527,140,603
2021-08-24T00:00:00.000+10:00,0.510,140,603
2021-08-25T00:00:00.000+10:00,0.474,140,603
2021-08-26T00:00:00.000+10:00,0.454,140,603
2021-08-27T00:00:00.000+10:00,0.439,140,603
2021-08-28T00:00:00.000+10:00,0.333,140,603
2021-08-29T00:00:00.000+10:00,0.469,140,603
2021-08-30T00:00:00.000+10:00,0.426,140,603
2021-08-31T00:00:00.000+10:00,0.401,140,603
2021-09-01T00:00:00.000+10:00,0.497,140,603
2021-09-02T00:00:00.000+10:00,0.513,140,603
2021-09-03T00:00:00.000+10:00,0.425,140,603
2021-09-04T00:00:00.000+10:00,0.439,140,603
2021-09-05T00:00:00.000+10:00,0.460,140,603
2021-09-06T00:00:00.000+10:00,0.433,140,603
2021-09-07T00:00:00.000+10:00,0.305,140,603
2021-09-08T00:00:00.000+10:00,0.336,140,603
2021-09-09T00:00:00.000+10:00,0.331,140,603
2021-09-10T00:00:00.000+10:00,0.316,140,603
2021-09-11T00:00:00.000+10:00,0.297,140,603
2021-09-12T00:00:00.000+10:00,0.242,140,603
2021-09-13T00:00:00.000+10:00,0.273,140,603
2021-09-14T00:00:00.000+10:00,0.263,140,603
2021-09-15T00:00:00.000+10:00,0.257,140,603
2021-09-16T00:00:00.000+10:00,0.249,140,603
2021-09-17T00:00:00.000+10:00,0.244,140,603
2021-09-18T00:00:00.000+10:00,0.242,140,603
2021-09-19T00:00:00.000+10:00,0.240,140,603
2021-09-20T00:00:00.000+10:00,0.213,140,603
2021-09-21T00:00:00.000+10:00,0.210,140,603
2021-09-22T00:00:00.000+10:00,0.211,140,603
2021-09-23T00:00:00.000+10:00,0.190,140,603
2021-09-24T00:00:00.000+10:00,0.186,140,603
2021-09-25T00:00:00.000+10:00,0.184,140,603
2021-09-26T00:00:00.000+10:00,0.230,140,603
2021-09-27T00:00:00.000+10:00,0.275,140,603
2021-09-28T00:00:00.000+10:00,0.279,140,603
2021-09-29T00:00:00.000+10:00,0.279,140,603
2021-09-30T00:00:00.000+10:00,0.311,140,603
2021-10-01T00:00:00.000+10:00,0.421,140,603
2021-10-02T00:00:00.000+10:00,0.342,140,603
2021-10-03T00:00:00.000+10:00,0.370,140,603
2021-10-04T00:00:00.000+10:00,0.170,140,603
2021-10-05T00:00:00.000+10:00,0.161,140,603
2021-10-06T00:00:00.000+10:00,0.151,140,603
2021-10-07T00:00:00.000+10:00,0.141,140,603
2021-10-08T00:00:00.000+10:00,0.141,140,603
2021-10-09T00:00:00.000+10:00,0.131,140,603
2021-10-10T00:00:00.000+10:00,0.128,140,603
2021-10-11T00:00:00.000+10:00,0.155,140,603
2021-10-12T00:00:00.000+10:00,0.521,140,603
2021-10-13T00:00:00.000+10:00,2.838,140,603
2021-10-14T00:00:00.000+10:00,2.726,140,603
2021-10-15T00:00:00.000+10:00,1.348,140,603
2021-10-16T00:00:00.000+10:00,0.966,140,603
2021-10-17T00:00:00.000+10:00,0.751,140,603
2021-10-18T00:00:00.000+10:00,0.604,140,603
2021-10-19T00:00:00.000+10:00,0.511,140,603
2021-10-20T00:00:00.000+10:00,0.795,140,603
2021-10-21T00:00:00.000+10:00,3.836,140,603
2021-10-22T00:00:00.000+10:00,1.692,140,603
2021-10-23T00:00:00.000+10:00,0.992,140,603
2021-10-24T00:00:00.000+10:00,2.174,140,603
2021-10-25T00:00:00.000+10:00,1.208,140,603
2021-10-26T00:00:00.000+10:00,0.932,140,603
2021-10-27T00:00:00.000+10:00,0.826,140,603
2021-10-28T00:00:00.000+10:00,2.393,140,603
2021-10-29T00:00:00.000+10:00,2.051,140,603
2021-10-30T00:00:00.000+10:00,1.173,140,603
2021-10-31T00:00:00.000+10:00,5.031,140,603
2021-11-01T00:00:00.000+10:00,3.534,140,603
2021-11-02T00:00:00.000+10:00,2.035,140,603
2021-11-03T00:00:00.000+10:00,1.327,140,603
2021-11-04T00:00:00.000+10:00,1.005,140,603
2021-11-05T00:00:00.000+10:00,1.006,140,603
2021-11-06T00:00:00.000+10:00,1.020,140,603
2021-11-07T00:00:00.000+10:00,1.490,140,603
2021-11-08T00:00:00.000+10:00,4.109,140,603
2021-11-09T00:00:00.000+10:00,2.608,140,603
2021-11-10T00:00:00.000+10:00,1.932,140,603
2021-11-11T00:00:00.000+10:00,2.192,140,603
2021-11-12T00:00:00.000+10:00,3.775,140,603
2021-11-13T00:00:00.000+10:00,2.189,140,603
2021-11-14T00:00:00.000+10:00,1.660,140,603
2021-11-15T00:00:00.000+10:00,1.257,140,603
2021-11-16T00:00:00.000+10:00,0.830,140,603
2021-11-17T00:00:00.000+10:00,0.741,140,603
2021-11-18T00:00:00.000+10:00,0.666,140,603
2021-11-19T00:00:00.000+10:00,0.798,140,603
2021-11-20T00:00:00.000+10:00,0.753,140,603
2021-11-21T00:00:00.000+10:00,0.988,140,603
2021-11-22T00:00:00.000+10:00,2.022,140,603
2021-11-23T00:00:00.000+10:00,5.477,140,603
2021-11-24T00:00:00.000+10:00,10.934,140,603
2021-11-25T00:00:00.000+10:00,8.472,140,603
2021-11-26T00:00:00.000+10:00,7.351,140,603
2021-11-27T00:00:00.000+10:00,8.382,140,603
2021-11-28T00:00:00.000+10:00,6.314,140,603
2021-11-29T00:00:00.000+10:00,5.102,140,603
2021-11-30T00:00:00.000+10:00,4.358,140,603
2021-12-01T00:00:00.000+10:00,6.093,140,603
2021-12-02T00:00:00.000+10:00,5.997,140,603
2021-12-03T00:00:00.000+10:00,5.005,140,603
2021-12-04T00:00:00.000+10:00,4.392,140,603
2021-12-05T00:00:00.000+10:00,4.335,140,603
2021-12-06T00:00:00.000+10:00,6.652,140,603
2021-12-07T00:00:00.000+10:00,6.176,140,603
2021-12-08T00:00:00.000+10:00,6.882,140,603
2021-12-09T00:00:00.000+10:00,6.413,140,603
2021-12-10T00:00:00.000+10:00,8.078,140,603
2021-12-11T00:00:00.000+10:00,5.919,140,603
2021-12-12T00:00:00.000+10:00,5.056,140,603
2021-12-13T00:00:00.000+10:00,4.117,140,603
2021-12-14T00:00:00.000+10:00,3.001,140,603
2021-12-15T00:00:00.000+10:00,2.576,140,603
2021-12-16T00:00:00.000+10:00,2.284,140,603
2021-12-17T00:00:00.000+10:00,7.183,140,603
2021-12-18T00:00:00.000+10:00,6.196,140,603
2021-12-19T00:00:00.000+10:00,4.751,140,603
2021-12-20T00:00:00.000+10:00,3.921,140,603
2021-12-21T00:00:00.000+10:00,3.364,140,603
2021-12-22T00:00:00.000+10:00,3.212,140,603
2021-12-23T00:00:00.000+10:00,3.503,140,603
2021-12-24T00:00:00.000+10:00,3.978,140,603
2021-12-25T00:00:00.000+10:00,3.029,140,603
2021-12-26T00:00:00.000+10:00,3.583,140,603
2021-12-27T00:00:00.000+10:00,3.302,140,603
2021-12-28T00:00:00.000+10:00,11.672,140,603
2021-12-29T00:00:00.000+10:00,7.115,140,603
2021-12-30T00:00:00.000+10:00,5.619,140,603
2021-12-31T00:00:00.000+10:00,4.884,140,603
2022-01-01T00:00:00.000+10:00,4.637,140,603
2022-01-02T00:00:00.000+10:00,4.246,140,603
2022-01-03T00:00:00.000+10:00,3.937,140,603
2022-01-04T00:00:00.000+10:00,8.179,140,603
2022-01-05T00:00:00.000+10:00,12.969,140,603
2022-01-06T00:00:00.000+10:00,29.905,140,603
2022-01-07T00:00:00.000+10:00,41.776,140,603
2022-01-08T00:00:00.000+10:00,21.959,140,603
2022-01-09T00:00:00.000+10:00,14.448,140,603
2022-01-10T00:00:00.000+10:00,11.474,140,603
2022-01-11T00:00:00.000+10:00,8.507,140,603
2022-01-12T00:00:00.000+10:00,7.032,140,603
2022-01-13T00:00:00.000+10:00,5.982,140,603
2022-01-14T00:00:00.000+10:00,5.133,140,603
2022-01-15T00:00:00.000+10:00,4.401,140,603
2022-01-16T00:00:00.000+10:00,4.102,140,603
2022-01-17T00:00:00.000+10:00,3.744,140,603
2022-01-18T00:00:00.000+10:00,3.472,140,603
2022-01-19T00:00:00.000+10:00,7.115,140,603
2022-01-20T00:00:00.000+10:00,79.585,140,603
2022-01-21T00:00:00.000+10:00,42.460,140,603
2022-01-22T00:00:00.000+10:00,29.953,140,603
2022-01-23T00:00:00.000+10:00,18.940,140,603
2022-01-24T00:00:00.000+10:00,13.406,140,603
2022-01-25T00:00:00.000+10:00,9.998,140,603
2022-01-26T00:00:00.000+10:00,8.357,140,603
2022-01-27T00:00:00.000+10:00,7.340,140,603
2022-01-28T00:00:00.000+10:00,6.407,140,603
2022-01-29T00:00:00.000+10:00,5.749,140,603
2022-01-30T00:00:00.000+10:00,5.139,140,603
2022-01-31T00:00:00.000+10:00,4.958,140,603
2022-02-01T00:00:00.000+10:00,4.399,140,603
2022-02-02T00:00:00.000+10:00,6.023,140,603
2022-02-03T00:00:00.000+10:00,18.154,140,603
2022-02-04T00:00:00.000+10:00,17.244,140,603
2022-02-05T00:00:00.000+10:00,13.544,140,603
2022-02-06T00:00:00.000+10:00,11.561,140,603
2022-02-07T00:00:00.000+10:00,11.599,140,603
2022-02-08T00:00:00.000+10:00,10.073,140,603
2022-02-09T00:00:00.000+10:00,8.920,140,603
2022-02-10T00:00:00.000+10:00,8.025,140,603
2022-02-11T00:00:00.000+10:00,7.353,140,603
2022-02-12T00:00:00.000+10:00,6.716,140,603
2022-02-13T00:00:00.000+10:00,6.034,140,603
2022-02-14T00:00:00.000+10:00,6.037,140,603
2022-02-15T00:00:00.000+10:00,5.877,140,603
2022-02-16T00:00:00.000+10:00,5.437,140,603
2022-02-17T00:00:00.000+10:00,5.127,140,603
2022-02-18T00:00:00.000+10:00,4.887,140,603
2022-02-19T00:00:00.000+10:00,8.958,140,603
2022-02-20T00:00:00.000+10:00,9.200,140,603
2022-02-21T00:00:00.000+10:00,6.546,140,603
2022-02-22T00:00:00.000+10:00,7.371,140,603
2022-02-23T00:00:00.000+10:00,36.276,140,603
2022-02-24T00:00:00.000+10:00,175.160,140,603
2022-02-25T00:00:00.000+10:00,91.265,140,603
2022-02-26T00:00:00.000+10:00,81.540,140,603
2022-02-27T00:00:00.000+10:00,119.855,140,603
2022-02-28T00:00:00.000+10:00,229.791,140,603
2022-03-01T00:00:00.000+10:00,88.022,140,603
2022-03-02T00:00:00.000+10:00,45.497,140,603
2022-03-03T00:00:00.000+10:00,30.131,140,603
2022-03-04T00:00:00.000+10:00,22.217,140,603
2022-03-05T00:00:00.000+10:00,17.675,140,603
2022-03-06T00:00:00.000+10:00,24.303,140,603
2022-03-07T00:00:00.000+10:00,37.947,140,603
2022-03-08T00:00:00.000+10:00,22.083,140,603
2022-03-09T00:00:00.000+10:00,17.248,140,603
2022-03-10T00:00:00.000+10:00,13.750,140,603
2022-03-11T00:00:00.000+10:00,11.677,140,603
2022-03-12T00:00:00.000+10:00,10.128,140,603
2022-03-13T00:00:00.000+10:00,9.164,140,603
2022-03-14T00:00:00.000+10:00,8.331,140,603
2022-03-15T00:00:00.000+10:00,7.704,140,603
2022-03-16T00:00:00.000+10:00,7.736,140,603
2022-03-17T00:00:00.000+10:00,7.475,140,603
2022-03-18T00:00:00.000+10:00,8.801,140,603
2022-03-19T00:00:00.000+10:00,7.791,140,603
2022-03-20T00:00:00.000+10:00,7.956,140,603
2022-03-21T00:00:00.000+10:00,6.659,140,603
2022-03-22T00:00:00.000+10:00,5.991,140,603
2022-03-23T00:00:00.000+10:00,5.480,140,603
2022-03-24T00:00:00.000+10:00,6.947,140,603
2022-03-25T00:00:00.000+10:00,9.366,140,603
2022-03-26T00:00:00.000+10:00,16.094,140,603
2022-03-27T00:00:00.000+10:00,14.602,140,603
2022-03-28T00:00:00.000+10:00,13.442,140,603
2022-03-29T00:00:00.000+10:00,106.729,140,603
2022-03-30T00:00:00.000+10:00,259.957,140,603
2022-03-31T00:00:00.000+10:00,98.843,140,603
2022-04-01T00:00:00.000+10:00,38.890,140,603
2022-04-02T00:00:00.000+10:00,24.562,140,603
2022-04-03T00:00:00.000+10:00,18.509,140,603
2022-04-04T00:00:00.000+10:00,17.530,140,603
2022-04-05T00:00:00.000+10:00,13.387,140,603
2022-04-06T00:00:00.000+10:00,10.685,140,603
2022-04-07T00:00:00.000+10:00,13.341,140,603
2022-04-08T00:00:00.000+10:00,19.036,140,603
2022-04-09T00:00:00.000+10:00,14.203,140,603
2022-04-10T00:00:00.000+10:00,11.957,140,603
2022-04-11T00:00:00.000+10:00,10.257,140,603
2022-04-12T00:00:00.000+10:00,8.871,140,603
2022-04-13T00:00:00.000+10:00,8.350,140,603
2022-04-14T00:00:00.000+10:00,8.700,140,603
2022-04-15T00:00:00.000+10:00,11.984,140,603
2022-04-16T00:00:00.000+10:00,8.646,140,603
2022-04-17T00:00:00.000+10:00,7.840,140,603
2022-04-18T00:00:00.000+10:00,7.097,140,603
2022-04-19T00:00:00.000+10:00,6.313,140,603
2022-04-20T00:00:00.000+10:00,5.530,140,603
2022-04-21T00:00:00.000+10:00,5.021,140,603
2022-04-22T00:00:00.000+10:00,5.418,140,603
2022-04-23T00:00:00.000+10:00,8.792,140,603
2022-04-24T00:00:00.000+10:00,5.370,140,603
2022-04-25T00:00:00.000+10:00,4.469,140,603
2022-04-26T00:00:00.000+10:00,4.046,140,603
2022-04-27T00:00:00.000+10:00,3.612,140,603
2022-04-28T00:00:00.000+10:00,3.883,140,603
2022-04-29T00:00:00.000+10:00,4.342,140,603
2022-04-30T00:00:00.000+10:00,3.406,140,603
2022-05-01T00:00:00.000+10:00,3.191,140,603
2022-05-02T00:00:00.000+10:00,3.192,140,603
2022-05-03T00:00:00.000+10:00,3.072,140,603
2022-05-04T00:00:00.000+10:00,3.001,140,603
2022-05-05T00:00:00.000+10:00,2.877,140,603
2022-05-06T00:00:00.000+10:00,2.575,140,603
2022-05-07T00:00:00.000+10:00,2.415,140,603
2022-05-08T00:00:00.000+10:00,2.204,140,603
2022-05-09T00:00:00.000+10:00,2.487,140,603
2022-05-10T00:00:00.000+10:00,2.290,140,603
2022-05-11T00:00:00.000+10:00,3.444,140,603
2022-05-12T00:00:00.000+10:00,6.371,140,603
2022-05-13T00:00:00.000+10:00,34.182,140,603
2022-05-14T00:00:00.000+10:00,21.804,140,603
2022-05-15T00:00:00.000+10:00,11.152,140,603
2022-05-16T00:00:00.000+10:00,8.518,140,603
2022-05-17T00:00:00.000+10:00,5.982,140,603
2022-05-18T00:00:00.000+10:00,4.938,140,603
2022-05-19T00:00:00.000+10:00,4.261,140,603
2022-05-20T00:00:00.000+10:00,3.671,140,603
2022-05-21T00:00:00.000+10:00,3.628,140,603
2022-05-22T00:00:00.000+10:00,7.891,140,603
2022-05-23T00:00:00.000+10:00,5.528,140,603
2022-05-24T00:00:00.000+10:00,4.396,140,603
2022-05-25T00:00:00.000+10:00,3.814,140,603
2022-05-26T00:00:00.000+10:00,3.426,140,603
2022-05-27T00:00:00.000+10:00,3.060,140,603
2022-05-28T00:00:00.000+10:00,2.784,140,603
2022-05-29T00:00:00.000+10:00,2.294,140,603
2022-05-30T00:00:00.000+10:00,2.521,140,603
2022-05-31T00:00:00.000+10:00,2.848,140,603
2022-06-01T00:00:00.000+10:00,2.758,140,603
2022-06-02T00:00:00.000+10:00,2.559,140,603
2022-06-03T00:00:00.000+10:00,2.480,140,603
2022-06-04T00:00:00.000+10:00,2.079,140,603
2022-06-05T00:00:00.000+10:00,1.962,140,603
2022-06-06T00:00:00.000+10:00,2.180,140,603
2022-06-07T00:00:00.000+10:00,2.090,140,603
2022-06-08T00:00:00.000+10:00,2.395,140,603
2022-06-09T00:00:00.000+10:00,1.919,140,603
2022-06-10T00:00:00.000+10:00,2.242,140,603
2022-06-11T00:00:00.000+10:00,2.630,140,603
2022-06-12T00:00:00.000+10:00,2.450,140,603
2022-06-13T00:00:00.000+10:00,2.276,140,603
2022-06-14T00:00:00.000+10:00,3.999,140,603
2022-06-15T00:00:00.000+10:00,4.737,140,603
2022-06-16T00:00:00.000+10:00,4.569,140,603
2022-06-17T00:00:00.000+10:00,4.386,140,603
2022-06-18T00:00:00.000+10:00,3.684,140,603
2022-06-19T00:00:00.000+10:00,3.732,140,603
2022-06-20T00:00:00.000+10:00,4.017,140,603
2022-06-21T00:00:00.000+10:00,3.806,140,603
2022-06-22T00:00:00.000+10:00,3.603,140,603
2022-06-23T00:00:00.000+10:00,3.400,140,603
2022-06-24T00:00:00.000+10:00,3.255,140,603
2022-06-25T00:00:00.000+10:00,3.139,140,603
2022-06-26T00:00:00.000+10:00,2.991,140,603
2022-06-27T00:00:00.000+10:00,2.205,140,603
2022-06-28T00:00:00.000+10:00,1.401,140,603
2022-06-29T00:00:00.000+10:00,1.052,140,603
2022-06-30T00:00:00.000+10:00,1.038,140,603
2022-07-01T00:00:00.000+10:00,1.301,140,603
2022-07-02T00:00:00.000+10:00,1.585,140,603
2022-07-03T00:00:00.000+10:00,1.679,140,603
2022-07-04T00:00:00.000+10:00,1.549,140,603
2022-07-05T00:00:00.000+10:00,3.444,140,603
2022-07-06T00:00:00.000+10:00,57.074,140,603
2022-07-07T00:00:00.000+10:00,19.764,140,603
2022-07-08T00:00:00.000+10:00,9.191,140,603
2022-07-09T00:00:00.000+10:00,6.316,140,603
2022-07-10T00:00:00.000+10:00,5.039,140,603
2022-07-11T00:00:00.000+10:00,4.284,140,603
2022-07-12T00:00:00.000+10:00,3.637,140,603
2022-07-13T00:00:00.000+10:00,3.316,140,603
2022-07-14T00:00:00.000+10:00,3.000,140,603
2022-07-15T00:00:00.000+10:00,2.760,140,603
2022-07-16T00:00:00.000+10:00,2.579,140,603
2022-07-17T00:00:00.000+10:00,2.448,140,603
2022-07-18T00:00:00.000+10:00,2.417,140,603
2022-07-19T00:00:00.000+10:00,2.188,140,603
2022-07-20T00:00:00.000+10:00,2.233,140,603
2022-07-21T00:00:00.000+10:00,2.633,140,603
2022-07-22T00:00:00.000+10:00,6.249,140,603
2022-07-23T00:00:00.000+10:00,8.917,140,603
2022-07-24T00:00:00.000+10:00,5.646,140,603
2022-07-25T00:00:00.000+10:00,4.469,140,603
2022-07-26T00:00:00.000+10:00,3.831,140,603
2022-07-27T00:00:00.000+10:00,3.606,140,603
2022-07-28T00:00:00.000+10:00,3.187,140,603
2022-07-29T00:00:00.000+10:00,2.782,140,603
2022-07-30T00:00:00.000+10:00,2.530,140,603
2022-07-31T00:00:00.000+10:00,2.363,140,603
2022-08-01T00:00:00.000+10:00,2.442,140,603
2022-08-02T00:00:00.000+10:00,2.342,140,603
2022-08-03T00:00:00.000+10:00,2.235,140,603
2022-08-04T00:00:00.000+10:00,2.153,140,603
2022-08-05T00:00:00.000+10:00,2.202,140,603
2022-08-06T00:00:00.000+10:00,2.063,140,603
2022-08-07T00:00:00.000+10:00,1.951,140,603
2022-08-08T00:00:00.000+10:00,2.023,140,603
2022-08-09T00:00:00.000+10:00,1.654,140,603
2022-08-10T00:00:00.000+10:00,1.518,140,603
2022-08-11T00:00:00.000+10:00,1.477,140,603
2022-08-12T00:00:00.000+10:00,1.443,140,603
2022-08-13T00:00:00.000+10:00,1.505,140,603
2022-08-14T00:00:00.000+10:00,1.453,140,603
2022-08-15T00:00:00.000+10:00,1.444,140,603
2022-08-16T00:00:00.000+10:00,1.275,140,603
2022-08-17T00:00:00.000+10:00,1.237,140,603
2022-08-18T00:00:00.000+10:00,1.173,140,603
2022-08-19T00:00:00.000+10:00,1.139,140,603
2022-08-20T00:00:00.000+10:00,1.105,140,603
2022-08-21T00:00:00.000+10:00,1.056,140,603
2022-08-22T00:00:00.000+10:00,1.031,140,603
2022-08-23T00:00:00.000+10:00,1.025,140,603
2022-08-24T00:00:00.000+10:00,1.027,140,603
2022-08-25T00:00:00.000+10:00,0.987,140,603
2022-08-26T00:00:00.000+10:00,1.031,140,603
2022-08-27T00:00:00.000+10:00,1.044,140,603
2022-08-28T00:00:00.000+10:00,1.097,140,603
2022-08-29T00:00:00.000+10:00,1.104,140,603
2022-08-30T00:00:00.000+10:00,1.269,140,603
2022-08-31T00:00:00.000+10:00,1.158,140,603
2022-09-01T00:00:00.000+10:00,1.243,140,603
2022-09-02T00:00:00.000+10:00,1.129,140,603
2022-09-03T00:00:00.000+10:00,2.312,140,603
2022-09-04T00:00:00.000+10:00,10.478,140,603
2022-09-05T00:00:00.000+10:00,3.659,140,603
2022-09-06T00:00:00.000+10:00,2.605,140,603
2022-09-07T00:00:00.000+10:00,2.065,140,603
2022-09-08T00:00:00.000+10:00,1.604,140,603
2022-09-09T00:00:00.000+10:00,1.456,140,603
2022-09-10T00:00:00.000+10:00,1.351,140,603
2022-09-11T00:00:00.000+10:00,1.260,140,603
2022-09-12T00:00:00.000+10:00,1.390,140,603
2022-09-13T00:00:00.000+10:00,1.522,140,603
2022-09-14T00:00:00.000+10:00,1.458,140,603
2022-09-15T00:00:00.000+10:00,1.447,140,603
2022-09-16T00:00:00.000+10:00,1.097,140,603
2022-09-17T00:00:00.000+10:00,1.028,140,603
2022-09-18T00:00:00.000+10:00,0.919,140,603
2022-09-19T00:00:00.000+10:00,0.867,140,603
2022-09-20T00:00:00.000+10:00,0.943,140,603
2022-09-21T00:00:00.000+10:00,0.907,140,603
2022-09-22T00:00:00.000+10:00,72.137,140,603
2022-09-23T00:00:00.000+10:00,90.031,140,603
2022-09-24T00:00:00.000+10:00,50.611,140,603
2022-09-25T00:00:00.000+10:00,19.761,140,603
2022-09-26T00:00:00.000+10:00,11.717,140,603
2022-09-27T00:00:00.000+10:00,8.280,140,603
2022-09-28T00:00:00.000+10:00,6.966,140,603
2022-09-29T00:00:00.000+10:00,5.491,140,603
2022-09-30T00:00:00.000+10:00,4.774,140,603
2022-10-01T00:00:00.000+10:00,7.875,140,603
2022-10-02T00:00:00.000+10:00,6.926,140,603
2022-10-03T00:00:00.000+10:00,5.136,140,603
2022-10-04T00:00:00.000+10:00,4.325,140,603
2022-10-05T00:00:00.000+10:00,4.006,140,603
2022-10-06T00:00:00.000+10:00,3.800,140,603
2022-10-07T00:00:00.000+10:00,3.372,140,603
2022-10-08T00:00:00.000+10:00,3.240,140,603
2022-10-09T00:00:00.000+10:00,3.574,140,603
2022-10-10T00:00:00.000+10:00,3.271,140,603
2022-10-11T00:00:00.000+10:00,3.126,140,603
2022-10-12T00:00:00.000+10:00,2.906,140,603
2022-10-13T00:00:00.000+10:00,2.735,140,603
2022-10-14T00:00:00.000+10:00,2.633,140,603
2022-10-15T00:00:00.000+10:00,2.158,140,603
2022-10-16T00:00:00.000+10:00,2.059,140,603
2022-10-17T00:00:00.000+10:00,2.472,140,603
2022-10-18T00:00:00.000+10:00,2.370,140,603
2022-10-19T00:00:00.000+10:00,2.529,140,603
2022-10-20T00:00:00.000+10:00,2.651,140,603
2022-10-21T00:00:00.000+10:00,38.573,140,603
2022-10-22T00:00:00.000+10:00,34.601,140,603
2022-10-23T00:00:00.000+10:00,32.936,140,603
2022-10-24T00:00:00.000+10:00,50.127,140,603
2022-10-25T00:00:00.000+10:00,25.747,140,603
2022-10-26T00:00:00.000+10:00,16.387,140,603
2022-10-27T00:00:00.000+10:00,11.520,140,603
2022-10-28T00:00:00.000+10:00,8.988,140,603
2022-10-29T00:00:00.000+10:00,6.961,140,603
2022-10-30T00:00:00.000+10:00,5.701,140,603
2022-10-31T00:00:00.000+10:00,5.264,140,603
2022-11-01T00:00:00.000+10:00,4.951,140,603
2022-11-02T00:00:00.000+10:00,4.311,140,603
2022-11-03T00:00:00.000+10:00,3.869,140,603
2022-11-04T00:00:00.000+10:00,3.613,140,603
2022-11-05T00:00:00.000+10:00,3.319,140,603
2022-11-06T00:00:00.000+10:00,3.085,140,603
2022-11-07T00:00:00.000+10:00,3.109,140,603
2022-11-08T00:00:00.000+10:00,2.988,140,603
2022-11-09T00:00:00.000+10:00,2.920,140,603
2022-11-10T00:00:00.000+10:00,2.707,140,603
2022-11-11T00:00:00.000+10:00,2.569,140,603
2022-11-12T00:00:00.000+10:00,2.512,140,603
2022-11-13T00:00:00.000+10:00,2.457,140,603
2022-11-14T00:00:00.000+10:00,2.296,140,603
2022-11-15T00:00:00.000+10:00,2.161,140,603
2022-11-16T00:00:00.000+10:00,2.052,140,603
2022-11-17T00:00:00.000+10:00,1.960,140,603
2022-11-18T00:00:00.000+10:00,1.889,140,603
2022-11-19T00:00:00.000+10:00,1.834,140,603
2022-11-20T00:00:00.000+10:00,1.742,140,603
2022-11-21T00:00:00.000+10:00,1.664,140,603
2022-11-22T00:00:00.000+10:00,1.577,140,603
2022-11-23T00:00:00.000+10:00,1.518,140,603
2022-11-24T00:00:00.000+10:00,1.494,140,603
2022-11-25T00:00:00.000+10:00,1.519,140,603
2022-11-26T00:00:00.000+10:00,1.453,140,603
2022-11-27T00:00:00.000+10:00,1.396,140,603
2022-11-28T00:00:00.000+10:00,1.431,140,603
2022-11-29T00:00:00.000+10:00,1.398,140,603
2022-11-30T00:00:00.000+10:00,1.324,140,603
2022-12-01T00:00:00.000+10:00,1.385,140,603
2022-12-02T00:00:00.000+10:00,3.824,140,603
2022-12-03T00:00:00.000+10:00,3.241,140,603
2022-12-04T00:00:00.000+10:00,2.244,140,603
2022-12-05T00:00:00.000+10:00,1.823,140,603
2022-12-06T00:00:00.000+10:00,1.611,140,603
2022-12-07T00:00:00.000+10:00,1.501,140,603
2022-12-08T00:00:00.000+10:00,1.392,140,603
2022-12-09T00:00:00.000+10:00,1.330,140,603
2022-12-10T00:00:00.000+10:00,1.313,140,603
2022-12-11T00:00:00.000+10:00,1.291,140,603
2022-12-12T00:00:00.000+10:00,1.247,140,603
2022-12-13T00:00:00.000+10:00,1.290,140,603
2022-12-14T00:00:00.000+10:00,1.207,140,603
2022-12-15T00:00:00.000+10:00,1.129,140,603
2022-12-16T00:00:00.000+10:00,1.080,140,603
2022-12-17T00:00:00.000+10:00,1.074,140,603
2022-12-18T00:00:00.000+10:00,1.040,140,603
2022-12-19T00:00:00.000+10:00,1.002,140,603
2022-12-20T00:00:00.000+10:00,0.980,140,603
2022-12-21T00:00:00.000+10:00,0.968,140,603
2022-12-22T00:00:00.000+10:00,0.939,140,603
2022-12-23T00:00:00.000+10:00,0.963,140,603
2022-12-24T00:00:00.000+10:00,1.078,140,603
2022-12-25T00:00:00.000+10:00,0.997,140,603
2022-12-26T00:00:00.000+10:00,0.919,140,603
2022-12-27T00:00:00.000+10:00,0.872,140,603
2022-12-28T00:00:00.000+10:00,0.843,140,603
2022-12-29T00:00:00.000+10:00,0.823,140,603
2022-12-30T00:00:00.000+10:00,0.840,140,603
2022-12-31T00:00:00.000+10:00,0.989,140,603
2023-01-01T00:00:00.000+10:00,0.946,140,603
2023-01-02T00:00:00.000+10:00,0.985,140,603
2023-01-03T00:00:00.000+10:00,0.908,140,603
2023-01-04T00:00:00.000+10:00,0.854,140,603
2023-01-05T00:00:00.000+10:00,1.697,140,603
2023-01-06T00:00:00.000+10:00,1.434,140,603
2023-01-07T00:00:00.000+10:00,1.178,140,603
2023-01-08T00:00:00.000+10:00,1.148,140,603
2023-01-09T00:00:00.000+10:00,1.078,140,603
2023-01-10T00:00:00.000+10:00,0.971,140,603
2023-01-11T00:00:00.000+10:00,0.895,140,603
2023-01-12T00:00:00.000+10:00,0.851,140,603
2023-01-13T00:00:00.000+10:00,0.824,140,603
2023-01-14T00:00:00.000+10:00,0.800,140,603
2023-01-15T00:00:00.000+10:00,0.783,140,603
2023-01-16T00:00:00.000+10:00,0.748,140,603
2023-01-17T00:00:00.000+10:00,0.743,140,603
2023-01-18T00:00:00.000+10:00,0.733,140,603
2023-01-19T00:00:00.000+10:00,0.761,140,603
2023-01-20T00:00:00.000+10:00,1.353,140,603
2023-01-21T00:00:00.000+10:00,1.290,140,603
2023-01-22T00:00:00.000+10:00,1.097,140,603
2023-01-23T00:00:00.000+10:00,1.877,140,603
2023-01-24T00:00:00.000+10:00,2.823,140,603
2023-01-25T00:00:00.000+10:00,9.272,140,603
2023-01-26T00:00:00.000+10:00,3.645,140,603
2023-01-27T00:00:00.000+10:00,2.629,140,603
2023-01-28T00:00:00.000+10:00,2.095,140,603
2023-01-29T00:00:00.000+10:00,1.734,140,603
2023-01-30T00:00:00.000+10:00,1.599,140,603
2023-01-31T00:00:00.000+10:00,2.990,140,603
2023-02-01T00:00:00.000+10:00,3.597,140,603
2023-02-02T00:00:00.000+10:00,2.382,140,603
2023-02-03T00:00:00.000+10:00,1.981,140,603
2023-02-04T00:00:00.000+10:00,1.750,140,603
2023-02-05T00:00:00.000+10:00,1.578,140,603
2023-02-06T00:00:00.000+10:00,1.455,140,603
2023-02-07T00:00:00.000+10:00,1.338,140,603
2023-02-08T00:00:00.000+10:00,1.255,140,603
2023-02-09T00:00:00.000+10:00,1.223,140,603
2023-02-10T00:00:00.000+10:00,1.241,140,603
2023-02-11T00:00:00.000+10:00,1.142,140,603
2023-02-12T00:00:00.000+10:00,1.067,140,603
2023-02-13T00:00:00.000+10:00,1.004,140,603
2023-02-14T00:00:00.000+10:00,1.110,140,603
2023-02-15T00:00:00.000+10:00,1.389,140,603
2023-02-16T00:00:00.000+10:00,1.258,140,603
2023-02-17T00:00:00.000+10:00,1.074,140,603
2023-02-18T00:00:00.000+10:00,0.978,140,603
2023-02-19T00:00:00.000+10:00,0.911,140,603
2023-02-20T00:00:00.000+10:00,0.864,140,603
2023-02-21T00:00:00.000+10:00,0.837,140,603
2023-02-22T00:00:00.000+10:00,0.804,140,603
2023-02-23T00:00:00.000+10:00,12.988,140,603
2023-02-24T00:00:00.000+10:00,6.904,140,603
2023-02-25T00:00:00.000+10:00,3.947,140,603
2023-02-26T00:00:00.000+10:00,3.057,140,603
2023-02-27T00:00:00.000+10:00,2.522,140,603
2023-02-28T00:00:00.000+10:00,2.149,140,603
2023-03-01T00:00:00.000+10:00,1.882,140,603
2023-03-02T00:00:00.000+10:00,1.699,140,603
2023-03-03T00:00:00.000+10:00,1.649,140,603
2023-03-04T00:00:00.000+10:00,1.475,140,603
2023-03-05T00:00:00.000+10:00,1.334,140,603
2023-03-06T00:00:00.000+10:00,,-1,603