#Station Long Name,ORARA RIVER AT ORANGE GROVE
#Station Number,204068
#Station Location Latitude,-30.257631
#Station Location Longitude,153.011285
#Parameter Type Name,Water Course Discharge
#Timeseries Name,DMQaQc.Merged.DailyMean.24HR
#Unit Name,cubic meter per second
#DATA_OWNER_NAME,"NSW - Department of Planning, Industry and Environment – Water"
#Rows,10067
#Timestamp,Value,Quality Code,Interpolation Type
1995-08-14T00:00:00.000+10:00,,-1,603
1995-08-15T00:00:00.000+10:00,0.310,140,603
1995-08-16T00:00:00.000+10:00,0.308,140,603
1995-08-17T00:00:00.000+10:00,0.310,140,603
1995-08-18T00:00:00.000+10:00,0.292,140,603
1995-08-19T00:00:00.000+10:00,0.303,140,603
1995-08-20T00:00:00.000+10:00,0.305,140,603
1995-08-21T00:00:00.000+10:00,0.291,140,603
1995-08-22T00:00:00.000+10:00,0.283,140,603
1995-08-23T00:00:00.000+10:00,0.272,140,603
1995-08-24T00:00:00.000+10:00,0.262,140,603
1995-08-25T00:00:00.000+10:00,0.247,140,603
1995-08-26T00:00:00.000+10:00,0.246,140,603
1995-08-27T00:00:00.000+10:00,0.243,140,603
1995-08-28T00:00:00.000+10:00,0.247,140,603
1995-08-29T00:00:00.000+10:00,0.242,140,603
1995-08-30T00:00:00.000+10:00,0.243,140,603
1995-08-31T00:00:00.000+10:00,0.243,140,603
1995-09-01T00:00:00.000+10:00,0.248,140,603
1995-09-02T00:00:00.000+10:00,0.281,140,603
1995-09-03T00:00:00.000+10:00,0.322,140,603
1995-09-04T00:00:00.000+10:00,0.309,140,603
1995-09-05T00:00:00.000+10:00,0.297,140,603
1995-09-06T00:00:00.000+10:00,0.295,140,603
1995-09-07T00:00:00.000+10:00,0.285,140,603
1995-09-08T00:00:00.000+10:00,0.270,140,603
1995-09-09T00:00:00.000+10:00,0.264,140,603
1995-09-10T00:00:00.000+10:00,0.255,140,603
1995-09-11T00:00:00.000+10:00,0.243,140,603
1995-09-12T00:00:00.000+10:00,0.234,140,603
1995-09-13T00:00:00.000+10:00,0.237,140,603
1995-09-14T00:00:00.000+10:00,0.229,140,603
1995-09-15T00:00:00.000+10:00,0.230,140,603
1995-09-16T00:00:00.000+10:00,0.223,140,603
1995-09-17T00:00:00.000+10:00,0.219,140,603
1995-09-18T00:00:00.000+10:00,0.221,140,603
1995-09-19T00:00:00.000+10:00,0.220,140,603
1995-09-20T00:00:00.000+10:00,0.216,140,603
1995-09-21T00:00:00.000+10:00,0.212,140,603
1995-09-22T00:00:00.000+10:00,0.203,140,603
1995-09-23T00:00:00.000+10:00,0.216,140,603
1995-09-24T00:00:00.000+10:00,0.220,140,603
1995-09-25T00:00:00.000+10:00,0.221,140,603
1995-09-26T00:00:00.000+10:00,0.208,140,603
1995-09-27T00:00:00.000+10:00,0.197,140,603
1995-09-28T00:00:00.000+10:00,0.188,140,603
1995-09-29T00:00:00.000+10:00,0.184,140,603
1995-09-30T00:00:00.000+10:00,0.189,140,603
1995-10-01T00:00:00.000+10:00,0.183,140,603
1995-10-02T00:00:00.000+10:00,0.206,140,603
1995-10-03T00:00:00.000+10:00,0.202,140,603
1995-10-04T00:00:00.000+10:00,0.197,140,603
1995-10-05T00:00:00.000+10:00,0.189,140,603
1995-10-06T00:00:00.000+10:00,0.176,140,603
1995-10-07T00:00:00.000+10:00,0.186,140,603
1995-10-08T00:00:00.000+10:00,0.188,140,603
1995-10-09T00:00:00.000+10:00,0.214,140,603
1995-10-10T00:00:00.000+10:00,0.221,140,603
1995-10-11T00:00:00.000+10:00,0.207,140,603
1995-10-12T00:00:00.000+10:00,0.195,140,603
1995-10-13T00:00:00.000+10:00,0.195,140,603
1995-10-14T00:00:00.000+10:00,0.193,140,603
1995-10-15T00:00:00.000+10:00,0.187,140,603
1995-10-16T00:00:00.000+10:00,0.179,140,603
1995-10-17T00:00:00.000+10:00,0.170,140,603
1995-10-18T00:00:00.000+10:00,0.156,140,603
1995-10-19T00:00:00.000+10:00,0.146,140,603
1995-10-20T00:00:00.000+10:00,0.142,140,603
1995-10-21T00:00:00.000+10:00,0.143,140,603
1995-10-22T00:00:00.000+10:00,0.154,140,603
1995-10-23T00:00:00.000+10:00,0.144,140,603
1995-10-24T00:00:00.000+10:00,0.131,140,603
1995-10-25T00:00:00.000+10:00,0.125,140,603
1995-10-26T00:00:00.000+10:00,0.154,140,603
1995-10-27T00:00:00.000+10:00,0.162,140,603
1995-10-28T00:00:00.000+10:00,0.162,140,603
1995-10-29T00:00:00.000+10:00,0.170,140,603
1995-10-30T00:00:00.000+10:00,0.183,140,603
1995-10-31T00:00:00.000+10:00,0.187,140,603
1995-11-01T00:00:00.000+10:00,0.187,140,603
1995-11-02T00:00:00.000+10:00,0.186,140,603
1995-11-03T00:00:00.000+10:00,0.189,140,603
1995-11-04T00:00:00.000+10:00,0.188,140,603
1995-11-05T00:00:00.000+10:00,0.186,140,603
1995-11-06T00:00:00.000+10:00,0.185,140,603
1995-11-07T00:00:00.000+10:00,0.184,140,603
1995-11-08T00:00:00.000+10:00,0.172,140,603
1995-11-09T00:00:00.000+10:00,0.161,140,603
1995-11-10T00:00:00.000+10:00,0.152,140,603
1995-11-11T00:00:00.000+10:00,0.153,140,603
1995-11-12T00:00:00.000+10:00,0.151,140,603
1995-11-13T00:00:00.000+10:00,0.150,140,603
1995-11-14T00:00:00.000+10:00,0.142,140,603
1995-11-15T00:00:00.000+10:00,0.140,140,603
1995-11-16T00:00:00.000+10:00,0.159,140,603
1995-11-17T00:00:00.000+10:00,1.216,140,603
1995-11-18T00:00:00.000+10:00,0.740,140,603
1995-11-19T00:00:00.000+10:00,0.469,140,603
1995-11-20T00:00:00.000+10:00,0.459,140,603
1995-11-21T00:00:00.000+10:00,4.675,140,603
1995-11-22T00:00:00.000+10:00,8.678,140,603
1995-11-23T00:00:00.000+10:00,14.386,140,603
1995-11-24T00:00:00.000+10:00,5.408,140,603
1995-11-25T00:00:00.000+10:00,3.476,140,603
1995-11-26T00:00:00.000+10:00,2.569,140,603
1995-11-27T00:00:00.000+10:00,2.035,140,603
1995-11-28T00:00:00.000+10:00,1.591,140,603
1995-11-29T00:00:00.000+10:00,1.331,140,603
1995-11-30T00:00:00.000+10:00,1.151,140,603
1995-12-01T00:00:00.000+10:00,1.031,140,603
1995-12-02T00:00:00.000+10:00,0.955,140,603
1995-12-03T00:00:00.000+10:00,0.849,140,603
1995-12-04T00:00:00.000+10:00,0.760,140,603
1995-12-05T00:00:00.000+10:00,0.699,140,603
1995-12-06T00:00:00.000+10:00,0.675,140,603
1995-12-07T00:00:00.000+10:00,0.644,140,603
1995-12-08T00:00:00.000+10:00,0.630,140,603
1995-12-09T00:00:00.000+10:00,0.603,140,603
1995-12-10T00:00:00.000+10:00,0.730,140,603
1995-12-11T00:00:00.000+10:00,1.748,140,603
1995-12-12T00:00:00.000+10:00,1.029,140,603
1995-12-13T00:00:00.000+10:00,0.824,140,603
1995-12-14T00:00:00.000+10:00,0.754,140,603
1995-12-15T00:00:00.000+10:00,0.704,140,603
1995-12-16T00:00:00.000+10:00,0.670,140,603
1995-12-17T00:00:00.000+10:00,0.728,140,603
1995-12-18T00:00:00.000+10:00,0.682,140,603
1995-12-19T00:00:00.000+10:00,0.637,140,603
1995-12-20T00:00:00.000+10:00,0.569,140,603
1995-12-21T00:00:00.000+10:00,0.518,140,603
1995-12-22T00:00:00.000+10:00,0.484,140,603
1995-12-23T00:00:00.000+10:00,0.508,140,603
1995-12-24T00:00:00.000+10:00,0.704,140,603
1995-12-25T00:00:00.000+10:00,0.849,140,603
1995-12-26T00:00:00.000+10:00,0.648,140,603
1995-12-27T00:00:00.000+10:00,0.570,140,603
1995-12-28T00:00:00.000+10:00,0.531,140,603
1995-12-29T00:00:00.000+10:00,0.515,140,603
1995-12-30T00:00:00.000+10:00,0.500,140,603
1995-12-31T00:00:00.000+10:00,0.469,140,603
1996-01-01T00:00:00.000+10:00,0.443,140,603
1996-01-02T00:00:00.000+10:00,0.441,140,603
1996-01-03T00:00:00.000+10:00,16.446,140,603
1996-01-04T00:00:00.000+10:00,6.630,140,603
1996-01-05T00:00:00.000+10:00,5.093,140,603
1996-01-06T00:00:00.000+10:00,5.064,140,603
1996-01-07T00:00:00.000+10:00,6.189,140,603
1996-01-08T00:00:00.000+10:00,4.647,140,603
1996-01-09T00:00:00.000+10:00,3.800,140,603
1996-01-10T00:00:00.000+10:00,9.760,140,603
1996-01-11T00:00:00.000+10:00,13.931,140,603
1996-01-12T00:00:00.000+10:00,8.158,140,603
1996-01-13T00:00:00.000+10:00,5.928,140,603
1996-01-14T00:00:00.000+10:00,4.623,140,603
1996-01-15T00:00:00.000+10:00,3.704,140,603
1996-01-16T00:00:00.000+10:00,3.052,140,603
1996-01-17T00:00:00.000+10:00,2.589,140,603
1996-01-18T00:00:00.000+10:00,2.262,140,603
1996-01-19T00:00:00.000+10:00,1.987,140,603
1996-01-20T00:00:00.000+10:00,1.749,140,603
1996-01-21T00:00:00.000+10:00,1.581,140,603
1996-01-22T00:00:00.000+10:00,1.931,140,603
1996-01-23T00:00:00.000+10:00,5.499,140,603
1996-01-24T00:00:00.000+10:00,5.212,140,603
1996-01-25T00:00:00.000+10:00,6.252,140,603
1996-01-26T00:00:00.000+10:00,11.121,140,603
1996-01-27T00:00:00.000+10:00,10.533,140,603
1996-01-28T00:00:00.000+10:00,6.269,140,603
1996-01-29T00:00:00.000+10:00,4.864,140,603
1996-01-30T00:00:00.000+10:00,3.994,140,603
1996-01-31T00:00:00.000+10:00,3.367,140,603
1996-02-01T00:00:00.000+10:00,2.879,140,603
1996-02-02T00:00:00.000+10:00,2.493,140,603
1996-02-03T00:00:00.000+10:00,2.194,140,603
1996-02-04T00:00:00.000+10:00,1.923,140,603
1996-02-05T00:00:00.000+10:00,1.743,140,603
1996-02-06T00:00:00.000+10:00,1.589,140,603
1996-02-07T00:00:00.000+10:00,1.458,140,603
1996-02-08T00:00:00.000+10:00,1.317,140,603
1996-02-09T00:00:00.000+10:00,1.268,140,603
1996-02-10T00:00:00.000+10:00,1.201,140,603
1996-02-11T00:00:00.000+10:00,1.084,140,603
1996-02-12T00:00:00.000+10:00,1.005,140,603
1996-02-13T00:00:00.000+10:00,0.941,140,603
1996-02-14T00:00:00.000+10:00,0.973,140,603
1996-02-15T00:00:00.000+10:00,2.037,140,603
1996-02-16T00:00:00.000+10:00,2.441,140,603
1996-02-17T00:00:00.000+10:00,1.940,140,603
1996-02-18T00:00:00.000+10:00,1.362,140,603
1996-02-19T00:00:00.000+10:00,1.167,140,603
1996-02-20T00:00:00.000+10:00,1.048,140,603
1996-02-21T00:00:00.000+10:00,1.057,140,603
1996-02-22T00:00:00.000+10:00,1.124,140,603
1996-02-23T00:00:00.000+10:00,1.041,140,603
1996-02-24T00:00:00.000+10:00,1.546,140,603
1996-02-25T00:00:00.000+10:00,1.538,140,603
1996-02-26T00:00:00.000+10:00,1.298,140,603
1996-02-27T00:00:00.000+10:00,1.203,140,603
1996-02-28T00:00:00.000+10:00,1.109,140,603
1996-02-29T00:00:00.000+10:00,1.116,140,603
1996-03-01T00:00:00.000+10:00,6.637,140,603
1996-03-02T00:00:00.000+10:00,4.980,140,603
1996-03-03T00:00:00.000+10:00,3.549,140,603
1996-03-04T00:00:00.000+10:00,2.838,140,603
1996-03-05T00:00:00.000+10:00,2.594,140,603
1996-03-06T00:00:00.000+10:00,2.545,140,603
1996-03-07T00:00:00.000+10:00,2.164,140,603
1996-03-08T00:00:00.000+10:00,2.145,140,603
1996-03-09T00:00:00.000+10:00,5.171,140,603
1996-03-10T00:00:00.000+10:00,4.737,140,603
1996-03-11T00:00:00.000+10:00,4.028,140,603
1996-03-12T00:00:00.000+10:00,4.855,140,603
1996-03-13T00:00:00.000+10:00,4.351,140,603
1996-03-14T00:00:00.000+10:00,3.758,140,603
1996-03-15T00:00:00.000+10:00,3.282,140,603
1996-03-16T00:00:00.000+10:00,2.898,140,603
1996-03-17T00:00:00.000+10:00,2.564,140,603
1996-03-18T00:00:00.000+10:00,2.307,140,603
1996-03-19T00:00:00.000+10:00,2.135,140,603
1996-03-20T00:00:00.000+10:00,1.915,140,603
1996-03-21T00:00:00.000+10:00,1.721,140,603
1996-03-22T00:00:00.000+10:00,1.570,140,603
1996-03-23T00:00:00.000+10:00,1.516,140,603
1996-03-24T00:00:00.000+10:00,1.491,140,603
1996-03-25T00:00:00.000+10:00,1.471,140,603
1996-03-26T00:00:00.000+10:00,1.438,140,603
1996-03-27T00:00:00.000+10:00,1.460,140,603
1996-03-28T00:00:00.000+10:00,1.518,140,603
1996-03-29T00:00:00.000+10:00,2.151,140,603
1996-03-30T00:00:00.000+10:00,1.719,140,603
1996-03-31T00:00:00.000+10:00,1.689,140,603
1996-04-01T00:00:00.000+10:00,2.362,140,603
1996-04-02T00:00:00.000+10:00,1.602,140,603
1996-04-03T00:00:00.000+10:00,1.394,140,603
1996-04-04T00:00:00.000+10:00,1.273,140,603
1996-04-05T00:00:00.000+10:00,1.179,140,603
1996-04-06T00:00:00.000+10:00,1.108,140,603
1996-04-07T00:00:00.000+10:00,1.041,140,603
1996-04-08T00:00:00.000+10:00,1.043,140,603
1996-04-09T00:00:00.000+10:00,1.312,140,603
1996-04-10T00:00:00.000+10:00,1.053,140,603
1996-04-11T00:00:00.000+10:00,0.955,140,603
1996-04-12T00:00:00.000+10:00,0.889,140,603
1996-04-13T00:00:00.000+10:00,0.845,140,603
1996-04-14T00:00:00.000+10:00,0.809,140,603
1996-04-15T00:00:00.000+10:00,0.763,140,603
1996-04-16T00:00:00.000+10:00,0.729,140,603
1996-04-17T00:00:00.000+10:00,0.704,140,603
1996-04-18T00:00:00.000+10:00,0.674,140,603
1996-04-19T00:00:00.000+10:00,0.648,140,603
1996-04-20T00:00:00.000+10:00,0.624,140,603
1996-04-21T00:00:00.000+10:00,0.601,140,603
1996-04-22T00:00:00.000+10:00,0.578,140,603
1996-04-23T00:00:00.000+10:00,0.546,140,603
1996-04-24T00:00:00.000+10:00,0.548,140,603
1996-04-25T00:00:00.000+10:00,0.624,140,603
1996-04-26T00:00:00.000+10:00,0.615,140,603
1996-04-27T00:00:00.000+10:00,0.568,140,603
1996-04-28T00:00:00.000+10:00,0.567,140,603
1996-04-29T00:00:00.000+10:00,0.702,140,603
1996-04-30T00:00:00.000+10:00,0.653,140,603
1996-05-01T00:00:00.000+10:00,2.279,140,603
1996-05-02T00:00:00.000+10:00,95.949,140,603
1996-05-03T00:00:00.000+10:00,217.155,140,603
1996-05-04T00:00:00.000+10:00,104.467,140,603
1996-05-05T00:00:00.000+10:00,69.010,140,603
1996-05-06T00:00:00.000+10:00,140.414,140,603
1996-05-07T00:00:00.000+10:00,44.349,140,603
1996-05-08T00:00:00.000+10:00,19.488,140,603
1996-05-09T00:00:00.000+10:00,15.822,140,603
1996-05-10T00:00:00.000+10:00,11.955,140,603
1996-05-11T00:00:00.000+10:00,9.844,140,603
1996-05-12T00:00:00.000+10:00,8.338,140,603
1996-05-13T00:00:00.000+10:00,7.312,140,603
1996-05-14T00:00:00.000+10:00,6.860,140,603
1996-05-15T00:00:00.000+10:00,10.220,140,603
1996-05-16T00:00:00.000+10:00,15.078,140,603
1996-05-17T00:00:00.000+10:00,13.999,140,603
1996-05-18T00:00:00.000+10:00,22.184,140,603
1996-05-19T00:00:00.000+10:00,17.738,140,603
1996-05-20T00:00:00.000+10:00,12.392,140,603
1996-05-21T00:00:00.000+10:00,9.715,140,603
1996-05-22T00:00:00.000+10:00,8.082,140,603
1996-05-23T00:00:00.000+10:00,6.978,140,603
1996-05-24T00:00:00.000+10:00,6.157,140,603
1996-05-25T00:00:00.000+10:00,5.521,140,603
1996-05-26T00:00:00.000+10:00,5.022,140,603
1996-05-27T00:00:00.000+10:00,4.640,140,603
1996-05-28T00:00:00.000+10:00,4.335,140,603
1996-05-29T00:00:00.000+10:00,4.025,140,603
1996-05-30T00:00:00.000+10:00,3.780,140,603
1996-05-31T00:00:00.000+10:00,3.546,140,603
1996-06-01T00:00:00.000+10:00,3.359,140,603
1996-06-02T00:00:00.000+10:00,3.170,140,603
1996-06-03T00:00:00.000+10:00,3.036,140,603
1996-06-04T00:00:00.000+10:00,2.898,140,603
1996-06-05T00:00:00.000+10:00,2.778,140,603
1996-06-06T00:00:00.000+10:00,2.731,140,603
1996-06-07T00:00:00.000+10:00,2.850,140,603
1996-06-08T00:00:00.000+10:00,2.532,140,603
1996-06-09T00:00:00.000+10:00,2.381,140,603
1996-06-10T00:00:00.000+10:00,2.377,140,603
1996-06-11T00:00:00.000+10:00,2.318,140,603
1996-06-12T00:00:00.000+10:00,2.292,140,603
1996-06-13T00:00:00.000+10:00,2.174,140,603
1996-06-14T00:00:00.000+10:00,2.091,140,603
1996-06-15T00:00:00.000+10:00,2.154,140,603
1996-06-16T00:00:00.000+10:00,2.279,140,603
1996-06-17T00:00:00.000+10:00,3.280,140,603
1996-06-18T00:00:00.000+10:00,2.697,140,603
1996-06-19T00:00:00.000+10:00,2.372,140,603
1996-06-20T00:00:00.000+10:00,2.189,140,603
1996-06-21T00:00:00.000+10:00,2.062,140,603
1996-06-22T00:00:00.000+10:00,1.979,140,603
1996-06-23T00:00:00.000+10:00,1.916,140,603
1996-06-24T00:00:00.000+10:00,1.761,140,603
1996-06-25T00:00:00.000+10:00,1.701,140,603
1996-06-26T00:00:00.000+10:00,1.659,140,603
1996-06-27T00:00:00.000+10:00,1.592,140,603
1996-06-28T00:00:00.000+10:00,1.533,140,603
1996-06-29T00:00:00.000+10:00,1.492,140,603
1996-06-30T00:00:00.000+10:00,1.454,140,603
1996-07-01T00:00:00.000+10:00,1.388,140,603
1996-07-02T00:00:00.000+10:00,1.348,140,603
1996-07-03T00:00:00.000+10:00,1.299,140,603
1996-07-04T00:00:00.000+10:00,1.272,140,603
1996-07-05T00:00:00.000+10:00,1.248,140,603
1996-07-06T00:00:00.000+10:00,1.228,140,603
1996-07-07T00:00:00.000+10:00,1.204,140,603
1996-07-08T00:00:00.000+10:00,1.164,140,603
1996-07-09T00:00:00.000+10:00,1.137,140,603
1996-07-10T00:00:00.000+10:00,1.118,140,603
1996-07-11T00:00:00.000+10:00,1.096,140,603
1996-07-12T00:00:00.000+10:00,1.069,140,603
1996-07-13T00:00:00.000+10:00,1.039,140,603
1996-07-14T00:00:00.000+10:00,1.012,140,603
1996-07-15T00:00:00.000+10:00,0.976,140,603
1996-07-16T00:00:00.000+10:00,0.946,140,603
1996-07-17T00:00:00.000+10:00,0.909,140,603
1996-07-18T00:00:00.000+10:00,0.900,140,603
1996-07-19T00:00:00.000+10:00,0.890,140,603
1996-07-20T00:00:00.000+10:00,0.870,140,603
1996-07-21T00:00:00.000+10:00,0.850,140,603
1996-07-22T00:00:00.000+10:00,0.830,140,603
1996-07-23T00:00:00.000+10:00,0.811,140,603
1996-07-24T00:00:00.000+10:00,0.791,140,603
1996-07-25T00:00:00.000+10:00,0.775,140,603
1996-07-26T00:00:00.000+10:00,0.770,140,603
1996-07-27T00:00:00.000+10:00,0.911,140,603
1996-07-28T00:00:00.000+10:00,2.988,140,603
1996-07-29T00:00:00.000+10:00,1.993,140,603
1996-07-30T00:00:00.000+10:00,1.465,140,603
1996-07-31T00:00:00.000+10:00,1.265,140,603
1996-08-01T00:00:00.000+10:00,1.144,140,603
1996-08-02T00:00:00.000+10:00,1.078,140,603
1996-08-03T00:00:00.000+10:00,1.026,140,603
1996-08-04T00:00:00.000+10:00,0.975,140,603
1996-08-05T00:00:00.000+10:00,0.927,140,603
1996-08-06T00:00:00.000+10:00,0.889,140,603
1996-08-07T00:00:00.000+10:00,0.854,140,603
1996-08-08T00:00:00.000+10:00,0.819,140,603
1996-08-09T00:00:00.000+10:00,0.793,140,603
1996-08-10T00:00:00.000+10:00,0.764,140,603
1996-08-11T00:00:00.000+10:00,0.741,140,603
1996-08-12T00:00:00.000+10:00,0.724,140,603
1996-08-13T00:00:00.000+10:00,0.710,140,603
1996-08-14T00:00:00.000+10:00,0.697,140,603
1996-08-15T00:00:00.000+10:00,0.681,140,603
1996-08-16T00:00:00.000+10:00,0.663,140,603
1996-08-17T00:00:00.000+10:00,0.655,140,603
1996-08-18T00:00:00.000+10:00,0.636,140,603
1996-08-19T00:00:00.000+10:00,0.616,140,603
1996-08-20T00:00:00.000+10:00,0.596,140,603
1996-08-21T00:00:00.000+10:00,0.581,140,603
1996-08-22T00:00:00.000+10:00,0.568,140,603
1996-08-23T00:00:00.000+10:00,0.565,140,603
1996-08-24T00:00:00.000+10:00,0.562,140,603
1996-08-25T00:00:00.000+10:00,0.548,140,603
1996-08-26T00:00:00.000+10:00,0.534,140,603
1996-08-27T00:00:00.000+10:00,0.525,140,603
1996-08-28T00:00:00.000+10:00,0.526,140,603
1996-08-29T00:00:00.000+10:00,0.531,140,603
1996-08-30T00:00:00.000+10:00,0.932,140,603
1996-08-31T00:00:00.000+10:00,2.436,140,603
1996-09-01T00:00:00.000+10:00,1.207,140,603
1996-09-02T00:00:00.000+10:00,0.987,140,603
1996-09-03T00:00:00.000+10:00,0.896,140,603
1996-09-04T00:00:00.000+10:00,0.864,140,603
1996-09-05T00:00:00.000+10:00,0.835,140,603
1996-09-06T00:00:00.000+10:00,0.804,140,603
1996-09-07T00:00:00.000+10:00,0.773,140,603
1996-09-08T00:00:00.000+10:00,0.739,140,603
1996-09-09T00:00:00.000+10:00,0.705,140,603
1996-09-10T00:00:00.000+10:00,0.675,140,603
1996-09-11T00:00:00.000+10:00,0.652,140,603
1996-09-12T00:00:00.000+10:00,0.622,140,603
1996-09-13T00:00:00.000+10:00,0.595,140,603
1996-09-14T00:00:00.000+10:00,0.565,140,603
1996-09-15T00:00:00.000+10:00,0.539,140,603
1996-09-16T00:00:00.000+10:00,0.516,140,603
1996-09-17T00:00:00.000+10:00,0.480,140,603
1996-09-18T00:00:00.000+10:00,0.451,140,603
1996-09-19T00:00:00.000+10:00,0.450,140,603
1996-09-20T00:00:00.000+10:00,0.484,140,603
1996-09-21T00:00:00.000+10:00,0.505,140,603
1996-09-22T00:00:00.000+10:00,0.497,140,603
1996-09-23T00:00:00.000+10:00,0.465,140,603
1996-09-24T00:00:00.000+10:00,0.428,140,603
1996-09-25T00:00:00.000+10:00,0.414,140,603
1996-09-26T00:00:00.000+10:00,0.415,140,603
1996-09-27T00:00:00.000+10:00,0.432,140,603
1996-09-28T00:00:00.000+10:00,0.446,140,603
1996-09-29T00:00:00.000+10:00,0.456,140,603
1996-09-30T00:00:00.000+10:00,0.492,140,603
1996-10-01T00:00:00.000+10:00,0.542,140,603
1996-10-02T00:00:00.000+10:00,0.545,140,603
1996-10-03T00:00:00.000+10:00,0.522,140,603
1996-10-04T00:00:00.000+10:00,0.500,140,603
1996-10-05T00:00:00.000+10:00,0.490,140,603
1996-10-06T00:00:00.000+10:00,0.482,140,603
1996-10-07T00:00:00.000+10:00,0.481,140,603
1996-10-08T00:00:00.000+10:00,0.492,140,603
1996-10-09T00:00:00.000+10:00,0.497,140,603
1996-10-10T00:00:00.000+10:00,0.474,140,603
1996-10-11T00:00:00.000+10:00,0.449,140,603
1996-10-12T00:00:00.000+10:00,0.424,140,603
1996-10-13T00:00:00.000+10:00,0.395,140,603
1996-10-14T00:00:00.000+10:00,0.377,140,603
1996-10-15T00:00:00.000+10:00,0.370,140,603
1996-10-16T00:00:00.000+10:00,0.362,140,603
1996-10-17T00:00:00.000+10:00,0.354,140,603
1996-10-18T00:00:00.000+10:00,0.348,140,603
1996-10-19T00:00:00.000+10:00,0.278,140,603
1996-10-20T00:00:00.000+10:00,0.359,140,603
1996-10-21T00:00:00.000+10:00,0.359,140,603
1996-10-22T00:00:00.000+10:00,0.359,140,603
1996-10-23T00:00:00.000+10:00,0.356,140,603
1996-10-24T00:00:00.000+10:00,0.347,140,603
1996-10-25T00:00:00.000+10:00,0.334,140,603
1996-10-26T00:00:00.000+10:00,0.322,140,603
1996-10-27T00:00:00.000+10:00,0.309,140,603
1996-10-28T00:00:00.000+10:00,0.304,140,603
1996-10-29T00:00:00.000+10:00,0.303,140,603
1996-10-30T00:00:00.000+10:00,0.308,140,603
1996-10-31T00:00:00.000+10:00,0.312,140,603
1996-11-01T00:00:00.000+10:00,0.313,140,603
1996-11-02T00:00:00.000+10:00,0.315,140,603
1996-11-03T00:00:00.000+10:00,0.317,140,603
1996-11-04T00:00:00.000+10:00,0.319,140,603
1996-11-05T00:00:00.000+10:00,0.326,140,603
1996-11-06T00:00:00.000+10:00,0.339,140,603
1996-11-07T00:00:00.000+10:00,0.368,140,603
1996-11-08T00:00:00.000+10:00,0.419,140,603
1996-11-09T00:00:00.000+10:00,0.465,140,603
1996-11-10T00:00:00.000+10:00,0.466,140,603
1996-11-11T00:00:00.000+10:00,0.449,140,603
1996-11-12T00:00:00.000+10:00,0.428,140,603
1996-11-13T00:00:00.000+10:00,0.384,140,603
1996-11-14T00:00:00.000+10:00,0.355,140,603
1996-11-15T00:00:00.000+10:00,0.321,140,603
1996-11-16T00:00:00.000+10:00,0.282,140,603
1996-11-17T00:00:00.000+10:00,0.262,140,603
1996-11-18T00:00:00.000+10:00,0.224,140,603
1996-11-19T00:00:00.000+10:00,0.208,140,603
1996-11-20T00:00:00.000+10:00,0.206,140,603
1996-11-21T00:00:00.000+10:00,0.217,140,603
1996-11-22T00:00:00.000+10:00,0.294,140,603
1996-11-23T00:00:00.000+10:00,30.209,140,603
1996-11-24T00:00:00.000+10:00,37.836,140,603
1996-11-25T00:00:00.000+10:00,10.126,140,603
1996-11-26T00:00:00.000+10:00,6.036,140,603
1996-11-27T00:00:00.000+10:00,4.412,140,603
1996-11-28T00:00:00.000+10:00,3.384,140,603
1996-11-29T00:00:00.000+10:00,2.717,140,603
1996-11-30T00:00:00.000+10:00,2.260,140,603
1996-12-01T00:00:00.000+10:00,1.862,140,603
1996-12-02T00:00:00.000+10:00,1.608,140,603
1996-12-03T00:00:00.000+10:00,1.561,140,603
1996-12-04T00:00:00.000+10:00,1.538,140,603
1996-12-05T00:00:00.000+10:00,1.336,140,603
1996-12-06T00:00:00.000+10:00,1.172,140,603
1996-12-07T00:00:00.000+10:00,1.180,140,603
1996-12-08T00:00:00.000+10:00,1.223,140,603
1996-12-09T00:00:00.000+10:00,1.220,140,603
1996-12-10T00:00:00.000+10:00,1.079,140,603
1996-12-11T00:00:00.000+10:00,0.988,140,603
1996-12-12T00:00:00.000+10:00,0.997,140,603
1996-12-13T00:00:00.000+10:00,1.030,140,603
1996-12-14T00:00:00.000+10:00,0.973,140,603
1996-12-15T00:00:00.000+10:00,0.939,140,603
1996-12-16T00:00:00.000+10:00,0.925,140,603
1996-12-17T00:00:00.000+10:00,0.939,140,603
1996-12-18T00:00:00.000+10:00,1.554,140,603
1996-12-19T00:00:00.000+10:00,2.417,140,603
1996-12-20T00:00:00.000+10:00,1.641,140,603
1996-12-21T00:00:00.000+10:00,1.455,140,603
1996-12-22T00:00:00.000+10:00,1.358,140,603
1996-12-23T00:00:00.000+10:00,1.290,140,603
1996-12-24T00:00:00.000+10:00,1.223,140,603
1996-12-25T00:00:00.000+10:00,1.136,140,603
1996-12-26T00:00:00.000+10:00,1.015,140,603
1996-12-27T00:00:00.000+10:00,0.936,140,603
1996-12-28T00:00:00.000+10:00,0.942,140,603
1996-12-29T00:00:00.000+10:00,0.854,140,603
1996-12-30T00:00:00.000+10:00,0.772,140,603
1996-12-31T00:00:00.000+10:00,0.759,140,603
1997-01-01T00:00:00.000+10:00,0.740,140,603
1997-01-02T00:00:00.000+10:00,0.692,140,603
1997-01-03T00:00:00.000+10:00,0.636,140,603
1997-01-04T00:00:00.000+10:00,0.599,140,603
1997-01-05T00:00:00.000+10:00,0.573,140,603
1997-01-06T00:00:00.000+10:00,0.549,140,603
1997-01-07T00:00:00.000+10:00,0.519,140,603
1997-01-08T00:00:00.000+10:00,0.484,140,603
1997-01-09T00:00:00.000+10:00,0.452,140,603
1997-01-10T00:00:00.000+10:00,0.423,140,603
1997-01-11T00:00:00.000+10:00,0.399,140,603
1997-01-12T00:00:00.000+10:00,0.377,140,603
1997-01-13T00:00:00.000+10:00,0.359,140,603
1997-01-14T00:00:00.000+10:00,0.343,140,603
1997-01-15T00:00:00.000+10:00,0.326,140,603
1997-01-16T00:00:00.000+10:00,0.308,140,603
1997-01-17T00:00:00.000+10:00,0.286,140,603
1997-01-18T00:00:00.000+10:00,0.301,140,603
1997-01-19T00:00:00.000+10:00,0.314,140,603
1997-01-20T00:00:00.000+10:00,0.302,140,603
1997-01-21T00:00:00.000+10:00,0.293,140,603
1997-01-22T00:00:00.000+10:00,0.292,140,603
1997-01-23T00:00:00.000+10:00,0.276,140,603
1997-01-24T00:00:00.000+10:00,0.272,140,603
1997-01-25T00:00:00.000+10:00,0.361,140,603
1997-01-26T00:00:00.000+10:00,0.841,140,603
1997-01-27T00:00:00.000+10:00,4.924,140,603
1997-01-28T00:00:00.000+10:00,4.044,140,603
1997-01-29T00:00:00.000+10:00,2.818,140,603
1997-01-30T00:00:00.000+10:00,3.090,140,603
1997-01-31T00:00:00.000+10:00,3.865,140,603
1997-02-01T00:00:00.000+10:00,5.209,140,603
1997-02-02T00:00:00.000+10:00,5.316,140,603
1997-02-03T00:00:00.000+10:00,4.023,140,603
1997-02-04T00:00:00.000+10:00,3.238,140,603
1997-02-05T00:00:00.000+10:00,2.689,140,603
1997-02-06T00:00:00.000+10:00,2.304,140,603
1997-02-07T00:00:00.000+10:00,1.972,140,603
1997-02-08T00:00:00.000+10:00,1.703,140,603
1997-02-09T00:00:00.000+10:00,1.506,140,603
1997-02-10T00:00:00.000+10:00,1.355,140,603
1997-02-11T00:00:00.000+10:00,1.237,140,603
1997-02-12T00:00:00.000+10:00,1.138,140,603
1997-02-13T00:00:00.000+10:00,2.932,140,603
1997-02-14T00:00:00.000+10:00,6.219,140,603
1997-02-15T00:00:00.000+10:00,4.826,140,603
1997-02-16T00:00:00.000+10:00,5.919,140,603
1997-02-17T00:00:00.000+10:00,4.791,140,603
1997-02-18T00:00:00.000+10:00,6.551,140,603
1997-02-19T00:00:00.000+10:00,5.566,140,603
1997-02-20T00:00:00.000+10:00,5.021,140,603
1997-02-21T00:00:00.000+10:00,4.195,140,603
1997-02-22T00:00:00.000+10:00,3.570,140,603
1997-02-23T00:00:00.000+10:00,3.079,140,603
1997-02-24T00:00:00.000+10:00,2.682,140,603
1997-02-25T00:00:00.000+10:00,2.456,140,603
1997-02-26T00:00:00.000+10:00,3.161,140,603
1997-02-27T00:00:00.000+10:00,14.811,140,603
1997-02-28T00:00:00.000+10:00,9.074,140,603
1997-03-01T00:00:00.000+10:00,6.428,140,603
1997-03-02T00:00:00.000+10:00,5.156,140,603
1997-03-03T00:00:00.000+10:00,4.249,140,603
1997-03-04T00:00:00.000+10:00,3.639,140,603
1997-03-05T00:00:00.000+10:00,3.645,140,603
1997-03-06T00:00:00.000+10:00,39.967,140,603
1997-03-07T00:00:00.000+10:00,16.542,140,603
1997-03-08T00:00:00.000+10:00,10.089,140,603
1997-03-09T00:00:00.000+10:00,7.578,140,603
1997-03-10T00:00:00.000+10:00,6.689,140,603
1997-03-11T00:00:00.000+10:00,5.834,140,603
1997-03-12T00:00:00.000+10:00,5.194,140,603
1997-03-13T00:00:00.000+10:00,4.600,140,603
1997-03-14T00:00:00.000+10:00,4.098,140,603
1997-03-15T00:00:00.000+10:00,3.757,140,603
1997-03-16T00:00:00.000+10:00,3.612,140,603
1997-03-17T00:00:00.000+10:00,3.204,140,603
1997-03-18T00:00:00.000+10:00,3.249,140,603
1997-03-19T00:00:00.000+10:00,2.896,140,603
1997-03-20T00:00:00.000+10:00,2.674,140,603
1997-03-21T00:00:00.000+10:00,2.487,140,603
1997-03-22T00:00:00.000+10:00,2.378,140,603
1997-03-23T00:00:00.000+10:00,2.343,140,603
1997-03-24T00:00:00.000+10:00,2.215,140,603
1997-03-25T00:00:00.000+10:00,2.067,140,603
1997-03-26T00:00:00.000+10:00,2.079,140,603
1997-03-27T00:00:00.000+10:00,1.925,140,603
1997-03-28T00:00:00.000+10:00,1.822,140,603
1997-03-29T00:00:00.000+10:00,1.747,140,603
1997-03-30T00:00:00.000+10:00,1.694,140,603
1997-03-31T00:00:00.000+10:00,1.736,140,603
1997-04-01T00:00:00.000+10:00,1.683,140,603
1997-04-02T00:00:00.000+10:00,1.586,140,603
1997-04-03T00:00:00.000+10:00,1.497,140,603
1997-04-04T00:00:00.000+10:00,1.420,140,603
1997-04-05T00:00:00.000+10:00,1.373,140,603
1997-04-06T00:00:00.000+10:00,1.318,140,603
1997-04-07T00:00:00.000+10:00,1.270,140,603
1997-04-08T00:00:00.000+10:00,1.194,140,603
1997-04-09T00:00:00.000+10:00,1.151,140,603
1997-04-10T00:00:00.000+10:00,1.121,140,603
1997-04-11T00:00:00.000+10:00,1.096,140,603
1997-04-12T00:00:00.000+10:00,1.068,140,603
1997-04-13T00:00:00.000+10:00,1.048,140,603
1997-04-14T00:00:00.000+10:00,1.014,140,603
1997-04-15T00:00:00.000+10:00,0.981,140,603
1997-04-16T00:00:00.000+10:00,0.970,140,603
1997-04-17T00:00:00.000+10:00,0.954,140,603
1997-04-18T00:00:00.000+10:00,0.920,140,603
1997-04-19T00:00:00.000+10:00,0.909,140,603
1997-04-20T00:00:00.000+10:00,0.946,140,603
1997-04-21T00:00:00.000+10:00,0.958,140,603
1997-04-22T00:00:00.000+10:00,0.873,140,603
1997-04-23T00:00:00.000+10:00,0.824,140,603
1997-04-24T00:00:00.000+10:00,0.798,140,603
1997-04-25T00:00:00.000+10:00,0.800,140,603
1997-04-26T00:00:00.000+10:00,1.006,140,603
1997-04-27T00:00:00.000+10:00,0.941,140,603
1997-04-28T00:00:00.000+10:00,0.841,140,603
1997-04-29T00:00:00.000+10:00,0.798,140,603
1997-04-30T00:00:00.000+10:00,0.763,140,603
1997-05-01T00:00:00.000+10:00,0.962,140,603
1997-05-02T00:00:00.000+10:00,1.498,140,603
1997-05-03T00:00:00.000+10:00,2.078,140,603
1997-05-04T00:00:00.000+10:00,1.766,140,603
1997-05-05T00:00:00.000+10:00,1.527,140,603
1997-05-06T00:00:00.000+10:00,1.353,140,603
1997-05-07T00:00:00.000+10:00,1.525,140,603
1997-05-08T00:00:00.000+10:00,1.568,140,603
1997-05-09T00:00:00.000+10:00,1.727,140,603
1997-05-10T00:00:00.000+10:00,1.541,140,603
1997-05-11T00:00:00.000+10:00,1.409,140,603
1997-05-12T00:00:00.000+10:00,1.295,140,603
1997-05-13T00:00:00.000+10:00,1.219,140,603
1997-05-14T00:00:00.000+10:00,1.156,140,603
1997-05-15T00:00:00.000+10:00,1.102,140,603
1997-05-16T00:00:00.000+10:00,1.261,140,603
1997-05-17T00:00:00.000+10:00,2.523,140,603
1997-05-18T00:00:00.000+10:00,1.887,140,603
1997-05-19T00:00:00.000+10:00,1.687,140,603
1997-05-20T00:00:00.000+10:00,1.607,140,603
1997-05-21T00:00:00.000+10:00,1.500,140,603
1997-05-22T00:00:00.000+10:00,1.426,140,603
1997-05-23T00:00:00.000+10:00,1.362,140,603
1997-05-24T00:00:00.000+10:00,1.293,140,603
1997-05-25T00:00:00.000+10:00,1.230,140,603
1997-05-26T00:00:00.000+10:00,1.165,140,603
1997-05-27T00:00:00.000+10:00,1.108,140,603
1997-05-28T00:00:00.000+10:00,1.061,140,603
1997-05-29T00:00:00.000+10:00,1.016,140,603
1997-05-30T00:00:00.000+10:00,0.984,140,603
1997-05-31T00:00:00.000+10:00,0.946,140,603
1997-06-01T00:00:00.000+10:00,0.902,140,603
1997-06-02T00:00:00.000+10:00,0.868,140,603
1997-06-03T00:00:00.000+10:00,0.845,140,603
1997-06-04T00:00:00.000+10:00,0.836,140,603
1997-06-05T00:00:00.000+10:00,0.821,140,603
1997-06-06T00:00:00.000+10:00,0.806,140,603
1997-06-07T00:00:00.000+10:00,0.787,140,603
1997-06-08T00:00:00.000+10:00,0.765,140,603
1997-06-09T00:00:00.000+10:00,0.735,140,603
1997-06-10T00:00:00.000+10:00,0.715,140,603
1997-06-11T00:00:00.000+10:00,0.697,140,603
1997-06-12T00:00:00.000+10:00,0.683,140,603
1997-06-13T00:00:00.000+10:00,0.674,140,603
1997-06-14T00:00:00.000+10:00,0.670,140,603
1997-06-15T00:00:00.000+10:00,0.647,140,603
1997-06-16T00:00:00.000+10:00,0.721,140,603
1997-06-17T00:00:00.000+10:00,2.620,140,603
1997-06-18T00:00:00.000+10:00,1.292,140,603
1997-06-19T00:00:00.000+10:00,0.981,140,603
1997-06-20T00:00:00.000+10:00,0.892,140,603
1997-06-21T00:00:00.000+10:00,0.902,140,603
1997-06-22T00:00:00.000+10:00,0.938,140,603
1997-06-23T00:00:00.000+10:00,1.382,140,603
1997-06-24T00:00:00.000+10:00,1.060,140,603
1997-06-25T00:00:00.000+10:00,0.958,140,603
1997-06-26T00:00:00.000+10:00,0.892,140,603
1997-06-27T00:00:00.000+10:00,0.830,140,603
1997-06-28T00:00:00.000+10:00,0.792,140,603
1997-06-29T00:00:00.000+10:00,0.759,140,603
1997-06-30T00:00:00.000+10:00,0.734,140,603
1997-07-01T00:00:00.000+10:00,0.710,140,603
1997-07-02T00:00:00.000+10:00,0.686,140,603
1997-07-03T00:00:00.000+10:00,0.661,140,603
1997-07-04T00:00:00.000+10:00,0.644,140,603
1997-07-05T00:00:00.000+10:00,0.626,140,603
1997-07-06T00:00:00.000+10:00,0.643,140,603
1997-07-07T00:00:00.000+10:00,0.668,140,603
1997-07-08T00:00:00.000+10:00,0.634,140,603
1997-07-09T00:00:00.000+10:00,0.606,140,603
1997-07-10T00:00:00.000+10:00,0.580,140,603
1997-07-11T00:00:00.000+10:00,0.562,140,603
1997-07-12T00:00:00.000+10:00,0.560,140,603
1997-07-13T00:00:00.000+10:00,0.559,140,603
1997-07-14T00:00:00.000+10:00,0.547,140,603
1997-07-15T00:00:00.000+10:00,0.535,140,603
1997-07-16T00:00:00.000+10:00,0.526,140,603
1997-07-17T00:00:00.000+10:00,0.510,140,603
1997-07-18T00:00:00.000+10:00,0.491,140,603
1997-07-19T00:00:00.000+10:00,0.478,140,603
1997-07-20T00:00:00.000+10:00,0.471,140,603
1997-07-21T00:00:00.000+10:00,0.469,140,603
1997-07-22T00:00:00.000+10:00,0.469,140,603
1997-07-23T00:00:00.000+10:00,0.450,140,603
1997-07-24T00:00:00.000+10:00,0.450,140,603
1997-07-25T00:00:00.000+10:00,0.463,140,603
1997-07-26T00:00:00.000+10:00,0.469,140,603
1997-07-27T00:00:00.000+10:00,0.468,140,603
1997-07-28T00:00:00.000+10:00,0.458,140,603
1997-07-29T00:00:00.000+10:00,0.440,140,603
1997-07-30T00:00:00.000+10:00,0.430,140,603
1997-07-31T00:00:00.000+10:00,0.455,140,603
1997-08-01T00:00:00.000+10:00,0.488,140,603
1997-08-02T00:00:00.000+10:00,0.464,140,603
1997-08-03T00:00:00.000+10:00,0.442,140,603
1997-08-04T00:00:00.000+10:00,0.438,140,603
1997-08-05T00:00:00.000+10:00,0.463,140,603
1997-08-06T00:00:00.000+10:00,0.450,140,603
1997-08-07T00:00:00.000+10:00,0.435,140,603
1997-08-08T00:00:00.000+10:00,0.423,140,603
1997-08-09T00:00:00.000+10:00,0.409,140,603
1997-08-10T00:00:00.000+10:00,0.394,140,603
1997-08-11T00:00:00.000+10:00,0.380,140,603
1997-08-12T00:00:00.000+10:00,0.368,140,603
1997-08-13T00:00:00.000+10:00,0.356,140,603
1997-08-14T00:00:00.000+10:00,0.346,140,603
1997-08-15T00:00:00.000+10:00,0.337,140,603
1997-08-16T00:00:00.000+10:00,0.323,140,603
1997-08-17T00:00:00.000+10:00,0.315,140,603
1997-08-18T00:00:00.000+10:00,0.306,140,603
1997-08-19T00:00:00.000+10:00,0.301,140,603
1997-08-20T00:00:00.000+10:00,0.299,140,603
1997-08-21T00:00:00.000+10:00,0.299,140,603
1997-08-22T00:00:00.000+10:00,0.292,140,603
1997-08-23T00:00:00.000+10:00,0.291,140,603
1997-08-24T00:00:00.000+10:00,0.276,140,603
1997-08-25T00:00:00.000+10:00,0.269,140,603
1997-08-26T00:00:00.000+10:00,0.260,140,603
1997-08-27T00:00:00.000+10:00,0.260,140,603
1997-08-28T00:00:00.000+10:00,0.240,140,603
1997-08-29T00:00:00.000+10:00,0.232,140,603
1997-08-30T00:00:00.000+10:00,0.234,140,603
1997-08-31T00:00:00.000+10:00,0.231,140,603
1997-09-01T00:00:00.000+10:00,0.230,140,603
1997-09-02T00:00:00.000+10:00,0.225,140,603
1997-09-03T00:00:00.000+10:00,0.215,140,603
1997-09-04T00:00:00.000+10:00,0.212,140,603
1997-09-05T00:00:00.000+10:00,0.202,140,603
1997-09-06T00:00:00.000+10:00,0.224,140,603
1997-09-07T00:00:00.000+10:00,0.231,140,603
1997-09-08T00:00:00.000+10:00,0.216,140,603
1997-09-09T00:00:00.000+10:00,0.215,140,603
1997-09-10T00:00:00.000+10:00,0.225,140,603
1997-09-11T00:00:00.000+10:00,0.216,140,603
1997-09-12T00:00:00.000+10:00,0.215,140,603
1997-09-13T00:00:00.000+10:00,0.211,140,603
1997-09-14T00:00:00.000+10:00,0.209,140,603
1997-09-15T00:00:00.000+10:00,0.198,140,603
1997-09-16T00:00:00.000+10:00,0.183,140,603
1997-09-17T00:00:00.000+10:00,0.191,140,603
1997-09-18T00:00:00.000+10:00,0.205,140,603
1997-09-19T00:00:00.000+10:00,0.240,140,603
1997-09-20T00:00:00.000+10:00,0.258,140,603
1997-09-21T00:00:00.000+10:00,0.262,140,603
1997-09-22T00:00:00.000+10:00,0.268,140,603
1997-09-23T00:00:00.000+10:00,0.264,140,603
1997-09-24T00:00:00.000+10:00,0.278,140,603
1997-09-25T00:00:00.000+10:00,0.289,140,603
1997-09-26T00:00:00.000+10:00,0.285,140,603
1997-09-27T00:00:00.000+10:00,0.281,140,603
1997-09-28T00:00:00.000+10:00,0.273,140,603
1997-09-29T00:00:00.000+10:00,0.269,140,603
1997-09-30T00:00:00.000+10:00,0.255,140,603
1997-10-01T00:00:00.000+10:00,0.237,140,603
1997-10-02T00:00:00.000+10:00,0.234,140,603
1997-10-03T00:00:00.000+10:00,0.224,140,603
1997-10-04T00:00:00.000+10:00,0.213,140,603
1997-10-05T00:00:00.000+10:00,0.215,140,603
1997-10-06T00:00:00.000+10:00,0.260,140,603
1997-10-07T00:00:00.000+10:00,1.054,140,603
1997-10-08T00:00:00.000+10:00,1.905,140,603
1997-10-09T00:00:00.000+10:00,1.001,140,603
1997-10-10T00:00:00.000+10:00,0.726,140,603
1997-10-11T00:00:00.000+10:00,0.608,140,603
1997-10-12T00:00:00.000+10:00,0.544,140,603
1997-10-13T00:00:00.000+10:00,0.507,140,603
1997-10-14T00:00:00.000+10:00,0.493,140,603
1997-10-15T00:00:00.000+10:00,0.489,140,603
1997-10-16T00:00:00.000+10:00,0.490,140,603
1997-10-17T00:00:00.000+10:00,0.464,140,603
1997-10-18T00:00:00.000+10:00,0.439,140,603
1997-10-19T00:00:00.000+10:00,0.429,140,603
1997-10-20T00:00:00.000+10:00,0.425,140,603
1997-10-21T00:00:00.000+10:00,0.397,140,603
1997-10-22T00:00:00.000+10:00,0.380,140,603
1997-10-23T00:00:00.000+10:00,0.362,140,603
1997-10-24T00:00:00.000+10:00,0.343,140,603
1997-10-25T00:00:00.000+10:00,0.329,140,603
1997-10-26T00:00:00.000+10:00,0.317,140,603
1997-10-27T00:00:00.000+10:00,0.303,140,603
1997-10-28T00:00:00.000+10:00,0.280,140,603
1997-10-29T00:00:00.000+10:00,0.276,140,603
1997-10-30T00:00:00.000+10:00,0.271,140,603
1997-10-31T00:00:00.000+10:00,0.258,140,603
1997-11-01T00:00:00.000+10:00,0.258,140,603
1997-11-02T00:00:00.000+10:00,0.263,140,603
1997-11-03T00:00:00.000+10:00,0.413,140,603
1997-11-04T00:00:00.000+10:00,0.481,140,603
1997-11-05T00:00:00.000+10:00,0.519,140,603
1997-11-06T00:00:00.000+10:00,2.487,140,603
1997-11-07T00:00:00.000+10:00,1.697,140,603
1997-11-08T00:00:00.000+10:00,1.738,140,603
1997-11-09T00:00:00.000+10:00,4.184,140,603
1997-11-10T00:00:00.000+10:00,2.650,140,603
1997-11-11T00:00:00.000+10:00,2.065,140,603
1997-11-12T00:00:00.000+10:00,1.728,140,603
1997-11-13T00:00:00.000+10:00,1.497,140,603
1997-11-14T00:00:00.000+10:00,1.322,140,603
1997-11-15T00:00:00.000+10:00,1.247,140,603
1997-11-16T00:00:00.000+10:00,1.073,140,603
1997-11-17T00:00:00.000+10:00,0.937,140,603
1997-11-18T00:00:00.000+10:00,0.844,140,603
1997-11-19T00:00:00.000+10:00,0.781,140,603
1997-11-20T00:00:00.000+10:00,0.720,140,603
1997-11-21T00:00:00.000+10:00,0.693,140,603
1997-11-22T00:00:00.000+10:00,2.689,140,603
1997-11-23T00:00:00.000+10:00,1.642,140,603
1997-11-24T00:00:00.000+10:00,1.191,140,603
1997-11-25T00:00:00.000+10:00,1.074,140,603
1997-11-26T00:00:00.000+10:00,0.975,140,603
1997-11-27T00:00:00.000+10:00,0.884,140,603
1997-11-28T00:00:00.000+10:00,0.805,140,603
1997-11-29T00:00:00.000+10:00,0.727,140,603
1997-11-30T00:00:00.000+10:00,0.688,140,603
1997-12-01T00:00:00.000+10:00,0.670,140,603
1997-12-02T00:00:00.000+10:00,0.621,140,603
1997-12-03T00:00:00.000+10:00,0.570,140,603
1997-12-04T00:00:00.000+10:00,0.518,140,603
1997-12-05T00:00:00.000+10:00,0.498,140,603
1997-12-06T00:00:00.000+10:00,0.494,140,603
1997-12-07T00:00:00.000+10:00,0.480,140,603
1997-12-08T00:00:00.000+10:00,0.494,140,603
1997-12-09T00:00:00.000+10:00,0.493,140,603
1997-12-10T00:00:00.000+10:00,0.459,140,603
1997-12-11T00:00:00.000+10:00,0.426,140,603
1997-12-12T00:00:00.000+10:00,0.405,140,603
1997-12-13T00:00:00.000+10:00,0.384,140,603
1997-12-14T00:00:00.000+10:00,0.372,140,603
1997-12-15T00:00:00.000+10:00,0.367,140,603
1997-12-16T00:00:00.000+10:00,0.357,140,603
1997-12-17T00:00:00.000+10:00,0.348,140,603
1997-12-18T00:00:00.000+10:00,0.332,140,603
1997-12-19T00:00:00.000+10:00,0.339,140,603
1997-12-20T00:00:00.000+10:00,0.327,140,603
1997-12-21T00:00:00.000+10:00,0.318,140,603
1997-12-22T00:00:00.000+10:00,0.315,140,603
1997-12-23T00:00:00.000+10:00,0.305,140,603
1997-12-24T00:00:00.000+10:00,0.303,140,603
1997-12-25T00:00:00.000+10:00,0.296,140,603
1997-12-26T00:00:00.000+10:00,0.285,140,603
1997-12-27T00:00:00.000+10:00,0.273,140,603
1997-12-28T00:00:00.000+10:00,0.264,140,603
1997-12-29T00:00:00.000+10:00,0.255,140,603
1997-12-30T00:00:00.000+10:00,0.252,140,603
1997-12-31T00:00:00.000+10:00,0.240,140,603
1998-01-01T00:00:00.000+10:00,0.233,140,603
1998-01-02T00:00:00.000+10:00,0.226,140,603
1998-01-03T00:00:00.000+10:00,0.224,140,603
1998-01-04T00:00:00.000+10:00,0.197,140,603
1998-01-05T00:00:00.000+10:00,0.190,140,603
1998-01-06T00:00:00.000+10:00,0.184,140,603
1998-01-07T00:00:00.000+10:00,0.183,140,603
1998-01-08T00:00:00.000+10:00,0.196,140,603
1998-01-09T00:00:00.000+10:00,0.209,140,603
1998-01-10T00:00:00.000+10:00,0.234,140,603
1998-01-11T00:00:00.000+10:00,0.254,140,603
1998-01-12T00:00:00.000+10:00,0.333,140,603
1998-01-13T00:00:00.000+10:00,0.364,140,603
1998-01-14T00:00:00.000+10:00,0.357,140,603
1998-01-15T00:00:00.000+10:00,0.344,140,603
1998-01-16T00:00:00.000+10:00,0.329,140,603
1998-01-17T00:00:00.000+10:00,0.322,140,603
1998-01-18T00:00:00.000+10:00,0.299,140,603
1998-01-19T00:00:00.000+10:00,0.301,140,603
1998-01-20T00:00:00.000+10:00,0.295,140,603
1998-01-21T00:00:00.000+10:00,0.281,140,603
1998-01-22T00:00:00.000+10:00,0.276,140,603
1998-01-23T00:00:00.000+10:00,0.257,140,603
1998-01-24T00:00:00.000+10:00,0.260,140,603
1998-01-25T00:00:00.000+10:00,0.269,140,603
1998-01-26T00:00:00.000+10:00,0.249,140,603
1998-01-27T00:00:00.000+10:00,0.235,140,603
1998-01-28T00:00:00.000+10:00,0.222,140,603
1998-01-29T00:00:00.000+10:00,0.205,140,603
1998-01-30T00:00:00.000+10:00,0.185,140,603
1998-01-31T00:00:00.000+10:00,0.203,140,603
1998-02-01T00:00:00.000+10:00,0.222,140,603
1998-02-02T00:00:00.000+10:00,0.211,140,603
1998-02-03T00:00:00.000+10:00,0.232,140,603
1998-02-04T00:00:00.000+10:00,0.233,140,603
1998-02-05T00:00:00.000+10:00,0.231,140,603
1998-02-06T00:00:00.000+10:00,0.222,140,603
1998-02-07T00:00:00.000+10:00,0.210,140,603
1998-02-08T00:00:00.000+10:00,0.197,140,603
1998-02-09T00:00:00.000+10:00,0.198,140,603
1998-02-10T00:00:00.000+10:00,0.580,140,603
1998-02-11T00:00:00.000+10:00,2.056,140,603
1998-02-12T00:00:00.000+10:00,1.439,140,603
1998-02-13T00:00:00.000+10:00,1.178,140,603
1998-02-14T00:00:00.000+10:00,0.881,140,603
1998-02-15T00:00:00.000+10:00,0.700,140,603
1998-02-16T00:00:00.000+10:00,0.709,140,603
1998-02-17T00:00:00.000+10:00,2.222,140,603
1998-02-18T00:00:00.000+10:00,1.015,140,603
1998-02-19T00:00:00.000+10:00,0.754,140,603
1998-02-20T00:00:00.000+10:00,0.661,140,603
1998-02-21T00:00:00.000+10:00,0.612,140,603
1998-02-22T00:00:00.000+10:00,0.588,140,603
1998-02-23T00:00:00.000+10:00,0.570,140,603
1998-02-24T00:00:00.000+10:00,0.548,140,603
1998-02-25T00:00:00.000+10:00,0.517,140,603
1998-02-26T00:00:00.000+10:00,0.491,140,603
1998-02-27T00:00:00.000+10:00,0.458,140,603
1998-02-28T00:00:00.000+10:00,0.465,140,603
1998-03-01T00:00:00.000+10:00,0.443,140,603
1998-03-02T00:00:00.000+10:00,0.424,140,603
1998-03-03T00:00:00.000+10:00,0.411,140,603
1998-03-04T00:00:00.000+10:00,0.392,140,603
1998-03-05T00:00:00.000+10:00,0.369,140,603
1998-03-06T00:00:00.000+10:00,0.345,140,603
1998-03-07T00:00:00.000+10:00,0.328,140,603
1998-03-08T00:00:00.000+10:00,0.303,140,603
1998-03-09T00:00:00.000+10:00,0.290,140,603
1998-03-10T00:00:00.000+10:00,0.278,140,603
1998-03-11T00:00:00.000+10:00,0.265,140,603
1998-03-12T00:00:00.000+10:00,0.254,140,603
1998-03-13T00:00:00.000+10:00,0.247,140,603
1998-03-14T00:00:00.000+10:00,0.231,140,603
1998-03-15T00:00:00.000+10:00,0.223,140,603
1998-03-16T00:00:00.000+10:00,0.236,140,603
1998-03-17T00:00:00.000+10:00,0.234,140,603
1998-03-18T00:00:00.000+10:00,0.326,140,603
1998-03-19T00:00:00.000+10:00,0.409,140,603
1998-03-20T00:00:00.000+10:00,0.331,140,603
1998-03-21T00:00:00.000+10:00,0.296,140,603
1998-03-22T00:00:00.000+10:00,0.274,140,603
1998-03-23T00:00:00.000+10:00,0.263,140,603
1998-03-24T00:00:00.000+10:00,0.247,140,603
1998-03-25T00:00:00.000+10:00,0.299,140,603
1998-03-26T00:00:00.000+10:00,2.156,140,603
1998-03-27T00:00:00.000+10:00,0.822,140,603
1998-03-28T00:00:00.000+10:00,0.603,140,603
1998-03-29T00:00:00.000+10:00,0.492,140,603
1998-03-30T00:00:00.000+10:00,0.436,140,603
1998-03-31T00:00:00.000+10:00,0.405,140,603
1998-04-01T00:00:00.000+10:00,0.390,140,603
1998-04-02T00:00:00.000+10:00,2.595,140,603
1998-04-03T00:00:00.000+10:00,2.208,140,603
1998-04-04T00:00:00.000+10:00,1.259,140,603
1998-04-05T00:00:00.000+10:00,1.008,140,603
1998-04-06T00:00:00.000+10:00,0.967,140,603
1998-04-07T00:00:00.000+10:00,0.885,140,603
1998-04-08T00:00:00.000+10:00,0.820,140,603
1998-04-09T00:00:00.000+10:00,0.774,140,603
1998-04-10T00:00:00.000+10:00,0.845,140,603
1998-04-11T00:00:00.000+10:00,1.110,140,603
1998-04-12T00:00:00.000+10:00,0.863,140,603
1998-04-13T00:00:00.000+10:00,0.775,140,603
1998-04-14T00:00:00.000+10:00,0.726,140,603
1998-04-15T00:00:00.000+10:00,0.695,140,603
1998-04-16T00:00:00.000+10:00,0.690,140,603
1998-04-17T00:00:00.000+10:00,0.872,140,603
1998-04-18T00:00:00.000+10:00,0.955,140,603
1998-04-19T00:00:00.000+10:00,0.866,140,603
1998-04-20T00:00:00.000+10:00,0.810,140,603
1998-04-21T00:00:00.000+10:00,0.772,140,603
1998-04-22T00:00:00.000+10:00,0.735,140,603
1998-04-23T00:00:00.000+10:00,0.734,140,603
1998-04-24T00:00:00.000+10:00,3.125,140,603
1998-04-25T00:00:00.000+10:00,2.486,140,603
1998-04-26T00:00:00.000+10:00,1.641,140,603
1998-04-27T00:00:00.000+10:00,1.445,140,603
1998-04-28T00:00:00.000+10:00,1.327,140,603
1998-04-29T00:00:00.000+10:00,1.225,140,603
1998-04-30T00:00:00.000+10:00,1.132,140,603
1998-05-01T00:00:00.000+10:00,1.047,140,603
1998-05-02T00:00:00.000+10:00,0.976,140,603
1998-05-03T00:00:00.000+10:00,0.900,140,603
1998-05-04T00:00:00.000+10:00,0.850,140,603
1998-05-05T00:00:00.000+10:00,0.826,140,603
1998-05-06T00:00:00.000+10:00,0.796,140,603
1998-05-07T00:00:00.000+10:00,0.735,140,603
1998-05-08T00:00:00.000+10:00,0.685,140,603
1998-05-09T00:00:00.000+10:00,0.641,140,603
1998-05-10T00:00:00.000+10:00,0.600,140,603
1998-05-11T00:00:00.000+10:00,0.563,140,603
1998-05-12T00:00:00.000+10:00,0.536,140,603
1998-05-13T00:00:00.000+10:00,0.522,140,603
1998-05-14T00:00:00.000+10:00,0.545,140,603
1998-05-15T00:00:00.000+10:00,0.564,140,603
1998-05-16T00:00:00.000+10:00,0.604,140,603
1998-05-17T00:00:00.000+10:00,0.611,140,603
1998-05-18T00:00:00.000+10:00,0.617,140,603
1998-05-19T00:00:00.000+10:00,0.708,140,603
1998-05-20T00:00:00.000+10:00,0.689,140,603
1998-05-21T00:00:00.000+10:00,0.637,140,603
1998-05-22T00:00:00.000+10:00,0.602,140,603
1998-05-23T00:00:00.000+10:00,0.578,140,603
1998-05-24T00:00:00.000+10:00,0.560,140,603
1998-05-25T00:00:00.000+10:00,0.535,140,603
1998-05-26T00:00:00.000+10:00,0.514,140,603
1998-05-27T00:00:00.000+10:00,0.498,140,603
1998-05-28T00:00:00.000+10:00,0.477,140,603
1998-05-29T00:00:00.000+10:00,0.457,140,603
1998-05-30T00:00:00.000+10:00,0.439,140,603
1998-05-31T00:00:00.000+10:00,0.421,140,603
1998-06-01T00:00:00.000+10:00,0.426,140,603
1998-06-02T00:00:00.000+10:00,0.419,140,603
1998-06-03T00:00:00.000+10:00,0.410,140,603
1998-06-04T00:00:00.000+10:00,0.395,140,603
1998-06-05T00:00:00.000+10:00,0.373,140,603
1998-06-06T00:00:00.000+10:00,0.374,140,603
1998-06-07T00:00:00.000+10:00,0.361,140,603
1998-06-08T00:00:00.000+10:00,0.340,140,603
1998-06-09T00:00:00.000+10:00,0.322,140,603
1998-06-10T00:00:00.000+10:00,0.315,140,603
1998-06-11T00:00:00.000+10:00,0.303,140,603
1998-06-12T00:00:00.000+10:00,0.300,140,603
1998-06-13T00:00:00.000+10:00,0.285,140,603
1998-06-14T00:00:00.000+10:00,0.281,140,603
1998-06-15T00:00:00.000+10:00,0.278,140,603
1998-06-16T00:00:00.000+10:00,0.288,140,603
1998-06-17T00:00:00.000+10:00,0.279,140,603
1998-06-18T00:00:00.000+10:00,0.265,140,603
1998-06-19T00:00:00.000+10:00,0.259,140,603
1998-06-20T00:00:00.000+10:00,0.261,140,603
1998-06-21T00:00:00.000+10:00,0.260,140,603
1998-06-22T00:00:00.000+10:00,0.261,140,603
1998-06-23T00:00:00.000+10:00,0.267,140,603
1998-06-24T00:00:00.000+10:00,0.247,140,603
1998-06-25T00:00:00.000+10:00,0.241,140,603
1998-06-26T00:00:00.000+10:00,0.238,140,603
1998-06-27T00:00:00.000+10:00,0.237,140,603
1998-06-28T00:00:00.000+10:00,0.232,140,603
1998-06-29T00:00:00.000+10:00,0.228,140,603
1998-06-30T00:00:00.000+10:00,0.256,140,603
1998-07-01T00:00:00.000+10:00,0.268,140,603
1998-07-02T00:00:00.000+10:00,0.262,140,603
1998-07-03T00:00:00.000+10:00,0.255,140,603
1998-07-04T00:00:00.000+10:00,0.268,140,603
1998-07-05T00:00:00.000+10:00,0.271,140,603
1998-07-06T00:00:00.000+10:00,0.263,140,603
1998-07-07T00:00:00.000+10:00,0.252,140,603
1998-07-08T00:00:00.000+10:00,0.241,140,603
1998-07-09T00:00:00.000+10:00,0.229,140,603
1998-07-10T00:00:00.000+10:00,0.209,140,603
1998-07-11T00:00:00.000+10:00,0.202,140,603
1998-07-12T00:00:00.000+10:00,0.196,140,603
1998-07-13T00:00:00.000+10:00,0.199,140,603
1998-07-14T00:00:00.000+10:00,0.203,140,603
1998-07-15T00:00:00.000+10:00,0.190,140,603
1998-07-16T00:00:00.000+10:00,0.183,140,603
1998-07-17T00:00:00.000+10:00,0.176,140,603
1998-07-18T00:00:00.000+10:00,0.190,140,603
1998-07-19T00:00:00.000+10:00,0.194,140,603
1998-07-20T00:00:00.000+10:00,0.195,140,603
1998-07-21T00:00:00.000+10:00,0.193,140,603
1998-07-22T00:00:00.000+10:00,0.186,140,603
1998-07-23T00:00:00.000+10:00,0.178,140,603
1998-07-24T00:00:00.000+10:00,0.187,140,603
1998-07-25T00:00:00.000+10:00,0.190,140,603
1998-07-26T00:00:00.000+10:00,0.206,140,603
1998-07-27T00:00:00.000+10:00,0.212,140,603
1998-07-28T00:00:00.000+10:00,0.223,140,603
1998-07-29T00:00:00.000+10:00,0.219,140,603
1998-07-30T00:00:00.000+10:00,0.214,140,603
1998-07-31T00:00:00.000+10:00,0.207,140,603
1998-08-01T00:00:00.000+10:00,0.201,140,603
1998-08-02T00:00:00.000+10:00,0.197,140,603
1998-08-03T00:00:00.000+10:00,0.188,140,603
1998-08-04T00:00:00.000+10:00,0.186,140,603
1998-08-05T00:00:00.000+10:00,0.200,140,603
1998-08-06T00:00:00.000+10:00,0.291,140,603
1998-08-07T00:00:00.000+10:00,0.315,140,603
1998-08-08T00:00:00.000+10:00,0.253,140,603
1998-08-09T00:00:00.000+10:00,0.236,140,603
1998-08-10T00:00:00.000+10:00,0.229,140,603
1998-08-11T00:00:00.000+10:00,0.226,140,603
1998-08-12T00:00:00.000+10:00,0.218,140,603
1998-08-13T00:00:00.000+10:00,0.213,140,603
1998-08-14T00:00:00.000+10:00,0.208,140,603
1998-08-15T00:00:00.000+10:00,0.218,140,603
1998-08-16T00:00:00.000+10:00,0.230,140,603
1998-08-17T00:00:00.000+10:00,8.730,140,603
1998-08-18T00:00:00.000+10:00,4.716,140,603
1998-08-19T00:00:00.000+10:00,2.890,140,603
1998-08-20T00:00:00.000+10:00,2.147,140,603
1998-08-21T00:00:00.000+10:00,1.796,140,603
1998-08-22T00:00:00.000+10:00,1.578,140,603
1998-08-23T00:00:00.000+10:00,1.415,140,603
1998-08-24T00:00:00.000+10:00,1.268,140,603
1998-08-25T00:00:00.000+10:00,1.091,140,603
1998-08-26T00:00:00.000+10:00,0.982,140,603
1998-08-27T00:00:00.000+10:00,1.009,140,603
1998-08-28T00:00:00.000+10:00,1.038,140,603
1998-08-29T00:00:00.000+10:00,2.429,140,603
1998-08-30T00:00:00.000+10:00,2.367,140,603
1998-08-31T00:00:00.000+10:00,2.050,140,603
1998-09-01T00:00:00.000+10:00,1.792,140,603
1998-09-02T00:00:00.000+10:00,1.580,140,603
1998-09-03T00:00:00.000+10:00,1.388,140,603
1998-09-04T00:00:00.000+10:00,1.247,140,603
1998-09-05T00:00:00.000+10:00,1.135,140,603
1998-09-06T00:00:00.000+10:00,1.127,140,603
1998-09-07T00:00:00.000+10:00,0.977,140,603
1998-09-08T00:00:00.000+10:00,0.904,140,603
1998-09-09T00:00:00.000+10:00,0.924,140,603
1998-09-10T00:00:00.000+10:00,0.863,140,603
1998-09-11T00:00:00.000+10:00,1.629,140,603
1998-09-12T00:00:00.000+10:00,5.514,140,603
1998-09-13T00:00:00.000+10:00,3.976,140,603
1998-09-14T00:00:00.000+10:00,3.040,140,603
1998-09-15T00:00:00.000+10:00,2.845,140,603
1998-09-16T00:00:00.000+10:00,2.398,140,603
1998-09-17T00:00:00.000+10:00,2.039,140,603
1998-09-18T00:00:00.000+10:00,1.809,140,603
1998-09-19T00:00:00.000+10:00,1.631,140,603
1998-09-20T00:00:00.000+10:00,1.470,140,603
1998-09-21T00:00:00.000+10:00,1.388,140,603
1998-09-22T00:00:00.000+10:00,1.400,140,603
1998-09-23T00:00:00.000+10:00,1.202,140,603
1998-09-24T00:00:00.000+10:00,1.108,140,603
1998-09-25T00:00:00.000+10:00,1.125,140,603
1998-09-26T00:00:00.000+10:00,1.053,140,603
1998-09-27T00:00:00.000+10:00,0.968,140,603
1998-09-28T00:00:00.000+10:00,0.903,140,603
1998-09-29T00:00:00.000+10:00,0.857,140,603
1998-09-30T00:00:00.000+10:00,0.813,140,603
1998-10-01T00:00:00.000+10:00,0.779,140,603
1998-10-02T00:00:00.000+10:00,0.755,140,603
1998-10-03T00:00:00.000+10:00,0.730,140,603
1998-10-04T00:00:00.000+10:00,0.706,140,603
1998-10-05T00:00:00.000+10:00,0.694,140,603
1998-10-06T00:00:00.000+10:00,0.685,140,603
1998-10-07T00:00:00.000+10:00,0.691,140,603
1998-10-08T00:00:00.000+10:00,0.655,140,603
1998-10-09T00:00:00.000+10:00,0.631,140,603
1998-10-10T00:00:00.000+10:00,0.658,140,603
1998-10-11T00:00:00.000+10:00,0.631,140,603
1998-10-12T00:00:00.000+10:00,0.611,140,603
1998-10-13T00:00:00.000+10:00,0.591,140,603
1998-10-14T00:00:00.000+10:00,0.571,140,603
1998-10-15T00:00:00.000+10:00,0.547,140,603
1998-10-16T00:00:00.000+10:00,0.536,140,603
1998-10-17T00:00:00.000+10:00,0.532,140,603
1998-10-18T00:00:00.000+10:00,0.513,140,603
1998-10-19T00:00:00.000+10:00,0.512,140,603
1998-10-20T00:00:00.000+10:00,0.507,140,603
1998-10-21T00:00:00.000+10:00,0.474,140,603
1998-10-22T00:00:00.000+10:00,0.472,140,603
1998-10-23T00:00:00.000+10:00,0.469,140,603
1998-10-24T00:00:00.000+10:00,0.445,140,603
1998-10-25T00:00:00.000+10:00,0.440,140,603
1998-10-26T00:00:00.000+10:00,0.440,140,603
1998-10-27T00:00:00.000+10:00,0.427,140,603
1998-10-28T00:00:00.000+10:00,0.400,140,603
1998-10-29T00:00:00.000+10:00,0.388,140,603
1998-10-30T00:00:00.000+10:00,0.395,140,603
1998-10-31T00:00:00.000+10:00,0.408,140,603
1998-11-01T00:00:00.000+10:00,0.389,140,603
1998-11-02T00:00:00.000+10:00,0.366,140,603
1998-11-03T00:00:00.000+10:00,0.356,140,603
1998-11-04T00:00:00.000+10:00,0.353,140,603
1998-11-05T00:00:00.000+10:00,0.343,140,603
1998-11-06T00:00:00.000+10:00,0.338,140,603
1998-11-07T00:00:00.000+10:00,0.326,140,603
1998-11-08T00:00:00.000+10:00,0.358,140,603
1998-11-09T00:00:00.000+10:00,0.526,140,603
1998-11-10T00:00:00.000+10:00,1.379,140,603
1998-11-11T00:00:00.000+10:00,0.693,140,603
1998-11-12T00:00:00.000+10:00,0.411,140,603
1998-11-13T00:00:00.000+10:00,0.359,140,603
1998-11-14T00:00:00.000+10:00,0.352,140,603
1998-11-15T00:00:00.000+10:00,0.346,140,603
1998-11-16T00:00:00.000+10:00,0.336,140,603
1998-11-17T00:00:00.000+10:00,0.338,140,603
1998-11-18T00:00:00.000+10:00,1.993,140,603
1998-11-19T00:00:00.000+10:00,8.466,140,603
1998-11-20T00:00:00.000+10:00,4.037,140,603
1998-11-21T00:00:00.000+10:00,2.751,140,603
1998-11-22T00:00:00.000+10:00,2.014,140,603
1998-11-23T00:00:00.000+10:00,1.981,140,603
1998-11-24T00:00:00.000+10:00,2.669,140,603
1998-11-25T00:00:00.000+10:00,4.187,140,603
1998-11-26T00:00:00.000+10:00,6.001,140,603
1998-11-27T00:00:00.000+10:00,5.993,140,603
1998-11-28T00:00:00.000+10:00,4.381,140,603
1998-11-29T00:00:00.000+10:00,3.471,140,603
1998-11-30T00:00:00.000+10:00,3.159,140,603
1998-12-01T00:00:00.000+10:00,3.094,140,603
1998-12-02T00:00:00.000+10:00,2.937,140,603
1998-12-03T00:00:00.000+10:00,2.489,140,603
1998-12-04T00:00:00.000+10:00,2.183,140,603
1998-12-05T00:00:00.000+10:00,2.030,140,603
1998-12-06T00:00:00.000+10:00,1.805,140,603
1998-12-07T00:00:00.000+10:00,1.569,140,603
1998-12-08T00:00:00.000+10:00,1.459,140,603
1998-12-09T00:00:00.000+10:00,1.298,140,603
1998-12-10T00:00:00.000+10:00,1.169,140,603
1998-12-11T00:00:00.000+10:00,1.075,140,603
1998-12-12T00:00:00.000+10:00,0.999,140,603
1998-12-13T00:00:00.000+10:00,0.917,140,603
1998-12-14T00:00:00.000+10:00,0.870,140,603
1998-12-15T00:00:00.000+10:00,0.835,140,603
1998-12-16T00:00:00.000+10:00,0.812,140,603
1998-12-17T00:00:00.000+10:00,0.780,140,603
1998-12-18T00:00:00.000+10:00,0.757,140,603
1998-12-19T00:00:00.000+10:00,0.814,140,603
1998-12-20T00:00:00.000+10:00,0.803,140,603
1998-12-21T00:00:00.000+10:00,0.736,140,603
1998-12-22T00:00:00.000+10:00,0.759,140,603
1998-12-23T00:00:00.000+10:00,0.697,140,603
1998-12-24T00:00:00.000+10:00,5.694,140,603
1998-12-25T00:00:00.000+10:00,4.224,140,603
1998-12-26T00:00:00.000+10:00,2.773,140,603
1998-12-27T00:00:00.000+10:00,2.149,140,603
1998-12-28T00:00:00.000+10:00,1.675,140,603
1998-12-29T00:00:00.000+10:00,1.366,140,603
1998-12-30T00:00:00.000+10:00,1.189,140,603
1998-12-31T00:00:00.000+10:00,1.050,140,603
1999-01-01T00:00:00.000+10:00,0.971,140,603
1999-01-02T00:00:00.000+10:00,1.122,140,603
1999-01-03T00:00:00.000+10:00,1.277,140,603
1999-01-04T00:00:00.000+10:00,1.221,140,603
1999-01-05T00:00:00.000+10:00,1.140,140,603
1999-01-06T00:00:00.000+10:00,1.022,140,603
1999-01-07T00:00:00.000+10:00,0.913,140,603
1999-01-08T00:00:00.000+10:00,0.830,140,603
1999-01-09T00:00:00.000+10:00,1.211,140,603
1999-01-10T00:00:00.000+10:00,2.142,140,603
1999-01-11T00:00:00.000+10:00,1.461,140,603
1999-01-12T00:00:00.000+10:00,1.290,140,603
1999-01-13T00:00:00.000+10:00,1.223,140,603
1999-01-14T00:00:00.000+10:00,1.150,140,603
1999-01-15T00:00:00.000+10:00,3.804,140,603
1999-01-16T00:00:00.000+10:00,2.983,140,603
1999-01-17T00:00:00.000+10:00,2.224,140,603
1999-01-18T00:00:00.000+10:00,1.861,140,603
1999-01-19T00:00:00.000+10:00,1.594,140,603
1999-01-20T00:00:00.000+10:00,1.395,140,603
1999-01-21T00:00:00.000+10:00,1.247,140,603
1999-01-22T00:00:00.000+10:00,1.144,140,603
1999-01-23T00:00:00.000+10:00,1.049,140,603
1999-01-24T00:00:00.000+10:00,0.983,140,603
1999-01-25T00:00:00.000+10:00,1.026,140,603
1999-01-26T00:00:00.000+10:00,1.010,140,603
1999-01-27T00:00:00.000+10:00,0.908,140,603
1999-01-28T00:00:00.000+10:00,5.622,140,603
1999-01-29T00:00:00.000+10:00,5.177,140,603
1999-01-30T00:00:00.000+10:00,3.221,140,603
1999-01-31T00:00:00.000+10:00,5.750,140,603
1999-02-01T00:00:00.000+10:00,8.999,140,603
1999-02-02T00:00:00.000+10:00,10.838,140,603
1999-02-03T00:00:00.000+10:00,8.732,140,603
1999-02-04T00:00:00.000+10:00,11.349,140,603
1999-02-05T00:00:00.000+10:00,13.903,140,603
1999-02-06T00:00:00.000+10:00,9.631,140,603
1999-02-07T00:00:00.000+10:00,7.336,140,603
1999-02-08T00:00:00.000+10:00,8.136,140,603
1999-02-09T00:00:00.000+10:00,11.247,140,603
1999-02-10T00:00:00.000+10:00,15.240,140,603
1999-02-11T00:00:00.000+10:00,11.209,140,603
1999-02-12T00:00:00.000+10:00,8.868,140,603
1999-02-13T00:00:00.000+10:00,9.232,140,603
1999-02-14T00:00:00.000+10:00,7.483,140,603
1999-02-15T00:00:00.000+10:00,6.557,140,603
1999-02-16T00:00:00.000+10:00,5.659,140,603
1999-02-17T00:00:00.000+10:00,4.874,140,603
1999-02-18T00:00:00.000+10:00,4.105,140,603
1999-02-19T00:00:00.000+10:00,3.453,140,603
1999-02-20T00:00:00.000+10:00,3.072,140,603
1999-02-21T00:00:00.000+10:00,2.757,140,603
1999-02-22T00:00:00.000+10:00,2.595,140,603
1999-02-23T00:00:00.000+10:00,3.117,140,603
1999-02-24T00:00:00.000+10:00,2.817,140,603
1999-02-25T00:00:00.000+10:00,2.305,140,603
1999-02-26T00:00:00.000+10:00,2.145,140,603
1999-02-27T00:00:00.000+10:00,1.863,140,603
1999-02-28T00:00:00.000+10:00,1.715,140,603
1999-03-01T00:00:00.000+10:00,2.976,140,603
1999-03-02T00:00:00.000+10:00,5.376,140,603
1999-03-03T00:00:00.000+10:00,10.777,140,603
1999-03-04T00:00:00.000+10:00,7.698,140,603
1999-03-05T00:00:00.000+10:00,6.126,140,603
1999-03-06T00:00:00.000+10:00,5.115,140,603
1999-03-07T00:00:00.000+10:00,4.285,140,603
1999-03-08T00:00:00.000+10:00,5.647,140,603
1999-03-09T00:00:00.000+10:00,5.006,140,603
1999-03-10T00:00:00.000+10:00,3.915,140,603
1999-03-11T00:00:00.000+10:00,3.725,140,603
1999-03-12T00:00:00.000+10:00,4.922,140,603
1999-03-13T00:00:00.000+10:00,4.086,140,603
1999-03-14T00:00:00.000+10:00,3.539,140,603
1999-03-15T00:00:00.000+10:00,3.811,140,603
1999-03-16T00:00:00.000+10:00,4.305,140,603
1999-03-17T00:00:00.000+10:00,5.833,140,603
1999-03-18T00:00:00.000+10:00,6.164,140,603
1999-03-19T00:00:00.000+10:00,5.142,140,603
1999-03-20T00:00:00.000+10:00,6.848,140,603
1999-03-21T00:00:00.000+10:00,7.955,140,603
1999-03-22T00:00:00.000+10:00,5.994,140,603
1999-03-23T00:00:00.000+10:00,7.053,140,603
1999-03-24T00:00:00.000+10:00,5.820,140,603
1999-03-25T00:00:00.000+10:00,5.131,140,603
1999-03-26T00:00:00.000+10:00,4.529,140,603
1999-03-27T00:00:00.000+10:00,3.963,140,603
1999-03-28T00:00:00.000+10:00,3.501,140,603
1999-03-29T00:00:00.000+10:00,3.094,140,603
1999-03-30T00:00:00.000+10:00,2.790,140,603
1999-03-31T00:00:00.000+10:00,2.531,140,603
1999-04-01T00:00:00.000+10:00,2.352,140,603
1999-04-02T00:00:00.000+10:00,11.288,140,603
1999-04-03T00:00:00.000+10:00,11.032,140,603
1999-04-04T00:00:00.000+10:00,34.904,140,603
1999-04-05T00:00:00.000+10:00,24.354,140,603
1999-04-06T00:00:00.000+10:00,15.135,140,603
1999-04-07T00:00:00.000+10:00,10.397,140,603
1999-04-08T00:00:00.000+10:00,8.165,140,603
1999-04-09T00:00:00.000+10:00,8.381,140,603
1999-04-10T00:00:00.000+10:00,16.209,140,603
1999-04-11T00:00:00.000+10:00,55.128,140,603
1999-04-12T00:00:00.000+10:00,16.122,140,603
1999-04-13T00:00:00.000+10:00,11.311,140,603
1999-04-14T00:00:00.000+10:00,9.033,140,603
1999-04-15T00:00:00.000+10:00,7.496,140,603
1999-04-16T00:00:00.000+10:00,6.536,140,603
1999-04-17T00:00:00.000+10:00,5.836,140,603
1999-04-18T00:00:00.000+10:00,5.202,140,603
1999-04-19T00:00:00.000+10:00,4.680,140,603
1999-04-20T00:00:00.000+10:00,4.135,140,603
1999-04-21T00:00:00.000+10:00,3.685,140,603
1999-04-22T00:00:00.000+10:00,3.283,140,603
1999-04-23T00:00:00.000+10:00,2.947,140,603
1999-04-24T00:00:00.000+10:00,2.689,140,603
1999-04-25T00:00:00.000+10:00,2.481,140,603
1999-04-26T00:00:00.000+10:00,2.324,140,603
1999-04-27T00:00:00.000+10:00,2.177,140,603
1999-04-28T00:00:00.000+10:00,1.994,140,603
1999-04-29T00:00:00.000+10:00,1.846,140,603
1999-04-30T00:00:00.000+10:00,1.735,140,603
1999-05-01T00:00:00.000+10:00,1.628,140,603
1999-05-02T00:00:00.000+10:00,1.536,140,603
1999-05-03T00:00:00.000+10:00,1.464,140,603
1999-05-04T00:00:00.000+10:00,1.404,140,603
1999-05-05T00:00:00.000+10:00,1.540,140,603
1999-05-06T00:00:00.000+10:00,1.592,140,603
1999-05-07T00:00:00.000+10:00,2.240,140,603
1999-05-08T00:00:00.000+10:00,1.947,140,603
1999-05-09T00:00:00.000+10:00,1.568,140,603
1999-05-10T00:00:00.000+10:00,1.689,140,603
1999-05-11T00:00:00.000+10:00,2.496,140,603
1999-05-12T00:00:00.000+10:00,5.082,140,603
1999-05-13T00:00:00.000+10:00,2.958,140,603
1999-05-14T00:00:00.000+10:00,2.385,140,603
1999-05-15T00:00:00.000+10:00,2.127,140,603
1999-05-16T00:00:00.000+10:00,1.928,140,603
1999-05-17T00:00:00.000+10:00,1.751,140,603
1999-05-18T00:00:00.000+10:00,1.635,140,603
1999-05-19T00:00:00.000+10:00,1.562,140,603
1999-05-20T00:00:00.000+10:00,1.551,140,603
1999-05-21T00:00:00.000+10:00,1.553,140,603
1999-05-22T00:00:00.000+10:00,1.892,140,603
1999-05-23T00:00:00.000+10:00,2.855,140,603
1999-05-24T00:00:00.000+10:00,5.224,140,603
1999-05-25T00:00:00.000+10:00,4.033,140,603
1999-05-26T00:00:00.000+10:00,3.315,140,603
1999-05-27T00:00:00.000+10:00,2.979,140,603
1999-05-28T00:00:00.000+10:00,2.700,140,603
1999-05-29T00:00:00.000+10:00,2.465,140,603
1999-05-30T00:00:00.000+10:00,2.258,140,603
1999-05-31T00:00:00.000+10:00,2.092,140,603
1999-06-01T00:00:00.000+10:00,1.940,140,603
1999-06-02T00:00:00.000+10:00,1.782,140,603
1999-06-03T00:00:00.000+10:00,1.700,140,603
1999-06-04T00:00:00.000+10:00,4.078,140,603
1999-06-05T00:00:00.000+10:00,3.840,140,603
1999-06-06T00:00:00.000+10:00,3.055,140,603
1999-06-07T00:00:00.000+10:00,2.884,140,603
1999-06-08T00:00:00.000+10:00,2.633,140,603
1999-06-09T00:00:00.000+10:00,3.274,140,603
1999-06-10T00:00:00.000+10:00,5.101,140,603
1999-06-11T00:00:00.000+10:00,3.923,140,603
1999-06-12T00:00:00.000+10:00,3.518,140,603
1999-06-13T00:00:00.000+10:00,3.277,140,603
1999-06-14T00:00:00.000+10:00,3.082,140,603
1999-06-15T00:00:00.000+10:00,2.809,140,603
1999-06-16T00:00:00.000+10:00,2.579,140,603
1999-06-17T00:00:00.000+10:00,2.379,140,603
1999-06-18T00:00:00.000+10:00,2.213,140,603
1999-06-19T00:00:00.000+10:00,2.087,140,603
1999-06-20T00:00:00.000+10:00,1.978,140,603
1999-06-21T00:00:00.000+10:00,1.873,140,603
1999-06-22T00:00:00.000+10:00,1.780,140,603
1999-06-23T00:00:00.000+10:00,3.308,140,603
1999-06-24T00:00:00.000+10:00,8.663,140,603
1999-06-25T00:00:00.000+10:00,7.485,140,603
1999-06-26T00:00:00.000+10:00,4.908,140,603
1999-06-27T00:00:00.000+10:00,7.645,140,603
1999-06-28T00:00:00.000+10:00,8.352,140,603
1999-06-29T00:00:00.000+10:00,9.463,140,603
1999-06-30T00:00:00.000+10:00,10.192,140,603
1999-07-01T00:00:00.000+10:00,11.399,140,603
1999-07-02T00:00:00.000+10:00,9.473,140,603
1999-07-03T00:00:00.000+10:00,7.580,140,603
1999-07-04T00:00:00.000+10:00,6.533,140,603
1999-07-05T00:00:00.000+10:00,6.099,140,603
1999-07-06T00:00:00.000+10:00,5.383,140,603
1999-07-07T00:00:00.000+10:00,4.890,140,603
1999-07-08T00:00:00.000+10:00,4.397,140,603
1999-07-09T00:00:00.000+10:00,4.429,140,603
1999-07-10T00:00:00.000+10:00,5.851,140,603
1999-07-11T00:00:00.000+10:00,5.587,140,603
1999-07-12T00:00:00.000+10:00,5.476,140,603
1999-07-13T00:00:00.000+10:00,5.366,140,603
1999-07-14T00:00:00.000+10:00,162.784,140,603
1999-07-15T00:00:00.000+10:00,161.093,140,603
1999-07-16T00:00:00.000+10:00,37.817,140,603
1999-07-17T00:00:00.000+10:00,17.980,140,603
1999-07-18T00:00:00.000+10:00,12.730,140,603
1999-07-19T00:00:00.000+10:00,10.026,140,603
1999-07-20T00:00:00.000+10:00,8.255,140,603
1999-07-21T00:00:00.000+10:00,6.987,140,603
1999-07-22T00:00:00.000+10:00,6.117,140,603
1999-07-23T00:00:00.000+10:00,5.462,140,603
1999-07-24T00:00:00.000+10:00,4.972,140,603
1999-07-25T00:00:00.000+10:00,5.356,140,603
1999-07-26T00:00:00.000+10:00,7.264,140,603
1999-07-27T00:00:00.000+10:00,5.221,140,603
1999-07-28T00:00:00.000+10:00,4.502,140,603
1999-07-29T00:00:00.000+10:00,4.054,140,603
1999-07-30T00:00:00.000+10:00,3.760,140,603
1999-07-31T00:00:00.000+10:00,3.515,140,603
1999-08-01T00:00:00.000+10:00,3.154,140,603
1999-08-02T00:00:00.000+10:00,2.909,140,603
1999-08-03T00:00:00.000+10:00,2.705,140,603
1999-08-04T00:00:00.000+10:00,2.540,140,603
1999-08-05T00:00:00.000+10:00,2.365,140,603
1999-08-06T00:00:00.000+10:00,2.222,140,603
1999-08-07T00:00:00.000+10:00,2.112,140,603
1999-08-08T00:00:00.000+10:00,2.018,140,603
1999-08-09T00:00:00.000+10:00,1.930,140,603
1999-08-10T00:00:00.000+10:00,1.829,140,603
1999-08-11T00:00:00.000+10:00,1.738,140,603
1999-08-12T00:00:00.000+10:00,1.662,140,603
1999-08-13T00:00:00.000+10:00,1.608,140,603
1999-08-14T00:00:00.000+10:00,1.557,140,603
1999-08-15T00:00:00.000+10:00,1.485,140,603
1999-08-16T00:00:00.000+10:00,1.423,140,603
1999-08-17T00:00:00.000+10:00,1.391,140,603
1999-08-18T00:00:00.000+10:00,1.347,140,603
1999-08-19T00:00:00.000+10:00,1.323,140,603
1999-08-20T00:00:00.000+10:00,1.291,140,603
1999-08-21T00:00:00.000+10:00,1.249,140,603
1999-08-22T00:00:00.000+10:00,1.218,140,603
1999-08-23T00:00:00.000+10:00,1.209,140,603
1999-08-24T00:00:00.000+10:00,1.483,140,603
1999-08-25T00:00:00.000+10:00,1.286,140,603
1999-08-26T00:00:00.000+10:00,1.175,140,603
1999-08-27T00:00:00.000+10:00,1.175,140,603
1999-08-28T00:00:00.000+10:00,1.458,140,603
1999-08-29T00:00:00.000+10:00,3.474,140,603
1999-08-30T00:00:00.000+10:00,7.386,140,603
1999-08-31T00:00:00.000+10:00,4.574,140,603
1999-09-01T00:00:00.000+10:00,3.353,140,603
1999-09-02T00:00:00.000+10:00,2.733,140,603
1999-09-03T00:00:00.000+10:00,2.359,140,603
1999-09-04T00:00:00.000+10:00,2.105,140,603
1999-09-05T00:00:00.000+10:00,1.869,140,603
1999-09-06T00:00:00.000+10:00,1.718,140,603
1999-09-07T00:00:00.000+10:00,1.572,140,603
1999-09-08T00:00:00.000+10:00,1.531,140,603
1999-09-09T00:00:00.000+10:00,1.466,140,603
1999-09-10T00:00:00.000+10:00,1.496,140,603
1999-09-11T00:00:00.000+10:00,1.551,140,603
1999-09-12T00:00:00.000+10:00,1.344,140,603
1999-09-13T00:00:00.000+10:00,1.264,140,603
1999-09-14T00:00:00.000+10:00,1.211,140,603
1999-09-15T00:00:00.000+10:00,1.175,140,603
1999-09-16T00:00:00.000+10:00,1.141,140,603
1999-09-17T00:00:00.000+10:00,1.105,140,603
1999-09-18T00:00:00.000+10:00,1.078,140,603
1999-09-19T00:00:00.000+10:00,1.040,140,603
1999-09-20T00:00:00.000+10:00,1.008,140,603
1999-09-21T00:00:00.000+10:00,1.012,140,603
1999-09-22T00:00:00.000+10:00,1.037,140,603
1999-09-23T00:00:00.000+10:00,1.003,140,603
1999-09-24T00:00:00.000+10:00,0.974,140,603
1999-09-25T00:00:00.000+10:00,0.938,140,603
1999-09-26T00:00:00.000+10:00,0.920,140,603
1999-09-27T00:00:00.000+10:00,1.024,140,603
1999-09-28T00:00:00.000+10:00,1.507,140,603
1999-09-29T00:00:00.000+10:00,2.401,140,603
1999-09-30T00:00:00.000+10:00,1.707,140,603
1999-10-01T00:00:00.000+10:00,1.472,140,603
1999-10-02T00:00:00.000+10:00,1.436,140,603
1999-10-03T00:00:00.000+10:00,1.339,140,603
1999-10-04T00:00:00.000+10:00,1.320,140,603
1999-10-05T00:00:00.000+10:00,1.524,140,603
1999-10-06T00:00:00.000+10:00,1.358,140,603
1999-10-07T00:00:00.000+10:00,1.237,140,603
1999-10-08T00:00:00.000+10:00,1.190,140,603
1999-10-09T00:00:00.000+10:00,1.148,140,603
1999-10-10T00:00:00.000+10:00,1.112,140,603
1999-10-11T00:00:00.000+10:00,1.074,140,603
1999-10-12T00:00:00.000+10:00,1.042,140,603
1999-10-13T00:00:00.000+10:00,1.008,140,603
1999-10-14T00:00:00.000+10:00,1.002,140,603
1999-10-15T00:00:00.000+10:00,1.042,140,603
1999-10-16T00:00:00.000+10:00,1.007,140,603
1999-10-17T00:00:00.000+10:00,0.928,140,603
1999-10-18T00:00:00.000+10:00,0.908,140,603
1999-10-19T00:00:00.000+10:00,0.900,140,603
1999-10-20T00:00:00.000+10:00,0.878,140,603
1999-10-21T00:00:00.000+10:00,0.850,140,603
1999-10-22T00:00:00.000+10:00,0.836,140,603
1999-10-23T00:00:00.000+10:00,0.848,140,603
1999-10-24T00:00:00.000+10:00,0.933,140,603
1999-10-25T00:00:00.000+10:00,0.880,140,603
1999-10-26T00:00:00.000+10:00,0.821,140,603
1999-10-27T00:00:00.000+10:00,0.824,140,603
1999-10-28T00:00:00.000+10:00,0.860,140,603
1999-10-29T00:00:00.000+10:00,0.819,140,603
1999-10-30T00:00:00.000+10:00,0.784,140,603
1999-10-31T00:00:00.000+10:00,0.771,140,603
1999-11-01T00:00:00.000+10:00,0.812,140,603
1999-11-02T00:00:00.000+10:00,1.557,140,603
1999-11-03T00:00:00.000+10:00,1.071,140,603
1999-11-04T00:00:00.000+10:00,0.988,140,603
1999-11-05T00:00:00.000+10:00,0.924,140,603
1999-11-06T00:00:00.000+10:00,0.873,140,603
1999-11-07T00:00:00.000+10:00,0.893,140,603
1999-11-08T00:00:00.000+10:00,1.084,140,603
1999-11-09T00:00:00.000+10:00,1.711,140,603
1999-11-10T00:00:00.000+10:00,1.264,140,603
1999-11-11T00:00:00.000+10:00,1.115,140,603
1999-11-12T00:00:00.000+10:00,1.107,140,603
1999-11-13T00:00:00.000+10:00,1.049,140,603
1999-11-14T00:00:00.000+10:00,0.967,140,603
1999-11-15T00:00:00.000+10:00,0.939,140,603
1999-11-16T00:00:00.000+10:00,0.948,140,603
1999-11-17T00:00:00.000+10:00,1.055,140,603
1999-11-18T00:00:00.000+10:00,0.953,140,603
1999-11-19T00:00:00.000+10:00,0.949,140,603
1999-11-20T00:00:00.000+10:00,0.910,140,603
1999-11-21T00:00:00.000+10:00,0.891,140,603
1999-11-22T00:00:00.000+10:00,0.900,140,603
1999-11-23T00:00:00.000+10:00,0.880,140,603
1999-11-24T00:00:00.000+10:00,0.882,140,603
1999-11-25T00:00:00.000+10:00,1.243,140,603
1999-11-26T00:00:00.000+10:00,1.112,140,603
1999-11-27T00:00:00.000+10:00,1.712,140,603
1999-11-28T00:00:00.000+10:00,2.633,140,603
1999-11-29T00:00:00.000+10:00,2.216,140,603
1999-11-30T00:00:00.000+10:00,1.707,140,603
1999-12-01T00:00:00.000+10:00,1.500,140,603
1999-12-02T00:00:00.000+10:00,1.331,140,603
1999-12-03T00:00:00.000+10:00,1.225,140,603
1999-12-04T00:00:00.000+10:00,1.119,140,603
1999-12-05T00:00:00.000+10:00,1.063,140,603
1999-12-06T00:00:00.000+10:00,1.023,140,603
1999-12-07T00:00:00.000+10:00,0.978,140,603
1999-12-08T00:00:00.000+10:00,0.926,140,603
1999-12-09T00:00:00.000+10:00,0.888,140,603
1999-12-10T00:00:00.000+10:00,0.894,140,603
1999-12-11T00:00:00.000+10:00,1.139,140,603
1999-12-12T00:00:00.000+10:00,1.168,140,603
1999-12-13T00:00:00.000+10:00,0.983,140,603
1999-12-14T00:00:00.000+10:00,0.922,140,603
1999-12-15T00:00:00.000+10:00,0.918,140,603
1999-12-16T00:00:00.000+10:00,0.883,140,603
1999-12-17T00:00:00.000+10:00,0.872,140,603
1999-12-18T00:00:00.000+10:00,1.780,140,603
1999-12-19T00:00:00.000+10:00,2.105,140,603
1999-12-20T00:00:00.000+10:00,1.593,140,603
1999-12-21T00:00:00.000+10:00,1.466,140,603
1999-12-22T00:00:00.000+10:00,1.339,140,603
1999-12-23T00:00:00.000+10:00,1.271,140,603
1999-12-24T00:00:00.000+10:00,1.252,140,603
1999-12-25T00:00:00.000+10:00,1.319,140,603
1999-12-26T00:00:00.000+10:00,1.263,140,603
1999-12-27T00:00:00.000+10:00,1.166,140,603
1999-12-28T00:00:00.000+10:00,1.148,140,603
1999-12-29T00:00:00.000+10:00,1.184,140,603
1999-12-30T00:00:00.000+10:00,1.921,140,603
1999-12-31T00:00:00.000+10:00,1.905,140,603
2000-01-01T00:00:00.000+10:00,2.601,140,603
2000-01-02T00:00:00.000+10:00,2.008,140,603
2000-01-03T00:00:00.000+10:00,1.756,140,603
2000-01-04T00:00:00.000+10:00,1.566,140,603
2000-01-05T00:00:00.000+10:00,1.497,140,603
2000-01-06T00:00:00.000+10:00,1.415,140,603
2000-01-07T00:00:00.000+10:00,1.376,140,603
2000-01-08T00:00:00.000+10:00,1.274,140,603
2000-01-09T00:00:00.000+10:00,1.232,140,603
2000-01-10T00:00:00.000+10:00,1.201,140,603
2000-01-11T00:00:00.000+10:00,1.174,140,603
2000-01-12T00:00:00.000+10:00,1.357,140,603
2000-01-13T00:00:00.000+10:00,7.752,140,603
2000-01-14T00:00:00.000+10:00,18.312,140,603
2000-01-15T00:00:00.000+10:00,15.514,140,603
2000-01-16T00:00:00.000+10:00,8.384,140,603
2000-01-17T00:00:00.000+10:00,6.144,140,603
2000-01-18T00:00:00.000+10:00,4.975,140,603
2000-01-19T00:00:00.000+10:00,3.871,140,603
2000-01-20T00:00:00.000+10:00,3.187,140,603
2000-01-21T00:00:00.000+10:00,2.690,140,603
2000-01-22T00:00:00.000+10:00,2.313,140,603
2000-01-23T00:00:00.000+10:00,2.049,140,603
2000-01-24T00:00:00.000+10:00,1.832,140,603
2000-01-25T00:00:00.000+10:00,1.718,140,603
2000-01-26T00:00:00.000+10:00,1.598,140,603
2000-01-27T00:00:00.000+10:00,1.482,140,603
2000-01-28T00:00:00.000+10:00,1.436,140,603
2000-01-29T00:00:00.000+10:00,1.377,140,603
2000-01-30T00:00:00.000+10:00,1.307,140,603
2000-01-31T00:00:00.000+10:00,1.329,140,603
2000-02-01T00:00:00.000+10:00,1.438,140,603
2000-02-02T00:00:00.000+10:00,1.581,140,603
2000-02-03T00:00:00.000+10:00,1.331,140,603
2000-02-04T00:00:00.000+10:00,1.223,140,603
2000-02-05T00:00:00.000+10:00,1.171,140,603
2000-02-06T00:00:00.000+10:00,1.123,140,603
2000-02-07T00:00:00.000+10:00,1.098,140,603
2000-02-08T00:00:00.000+10:00,1.074,140,603
2000-02-09T00:00:00.000+10:00,1.042,140,603
2000-02-10T00:00:00.000+10:00,1.021,140,603
2000-02-11T00:00:00.000+10:00,0.995,140,603
2000-02-12T00:00:00.000+10:00,0.980,140,603
2000-02-13T00:00:00.000+10:00,3.629,140,603
2000-02-14T00:00:00.000+10:00,3.972,140,603
2000-02-15T00:00:00.000+10:00,2.830,140,603
2000-02-16T00:00:00.000+10:00,2.300,140,603
2000-02-17T00:00:00.000+10:00,1.928,140,603
2000-02-18T00:00:00.000+10:00,1.684,140,603
2000-02-19T00:00:00.000+10:00,1.517,140,603
2000-02-20T00:00:00.000+10:00,1.393,140,603
2000-02-21T00:00:00.000+10:00,1.299,140,603
2000-02-22T00:00:00.000+10:00,1.287,140,603
2000-02-23T00:00:00.000+10:00,1.394,140,603
2000-02-24T00:00:00.000+10:00,1.464,140,603
2000-02-25T00:00:00.000+10:00,1.304,140,603
2000-02-26T00:00:00.000+10:00,1.244,140,603
2000-02-27T00:00:00.000+10:00,1.171,140,603
2000-02-28T00:00:00.000+10:00,1.136,140,603
2000-02-29T00:00:00.000+10:00,1.117,140,603
2000-03-01T00:00:00.000+10:00,1.107,140,603
2000-03-02T00:00:00.000+10:00,1.102,140,603
2000-03-03T00:00:00.000+10:00,1.171,140,603
2000-03-04T00:00:00.000+10:00,1.082,140,603
2000-03-05T00:00:00.000+10:00,1.042,140,603
2000-03-06T00:00:00.000+10:00,1.025,140,603
2000-03-07T00:00:00.000+10:00,1.073,140,603
2000-03-08T00:00:00.000+10:00,1.127,140,603
2000-03-09T00:00:00.000+10:00,2.735,140,603
2000-03-10T00:00:00.000+10:00,6.894,140,603
2000-03-11T00:00:00.000+10:00,4.094,140,603
2000-03-12T00:00:00.000+10:00,2.903,140,603
2000-03-13T00:00:00.000+10:00,2.476,140,603
2000-03-14T00:00:00.000+10:00,2.711,140,603
2000-03-15T00:00:00.000+10:00,2.256,140,603
2000-03-16T00:00:00.000+10:00,2.096,140,603
2000-03-17T00:00:00.000+10:00,1.879,140,603
2000-03-18T00:00:00.000+10:00,1.728,140,603
2000-03-19T00:00:00.000+10:00,1.598,140,603
2000-03-20T00:00:00.000+10:00,1.485,140,603
2000-03-21T00:00:00.000+10:00,2.303,140,603
2000-03-22T00:00:00.000+10:00,6.136,140,603
2000-03-23T00:00:00.000+10:00,4.148,140,603
2000-03-24T00:00:00.000+10:00,8.850,140,603
2000-03-25T00:00:00.000+10:00,7.053,140,603
2000-03-26T00:00:00.000+10:00,5.371,140,603
2000-03-27T00:00:00.000+10:00,4.505,140,603
2000-03-28T00:00:00.000+10:00,3.660,140,603
2000-03-29T00:00:00.000+10:00,3.150,140,603
2000-03-30T00:00:00.000+10:00,2.963,140,603
2000-03-31T00:00:00.000+10:00,2.688,140,603
2000-04-01T00:00:00.000+10:00,2.430,140,603
2000-04-02T00:00:00.000+10:00,2.237,140,603
2000-04-03T00:00:00.000+10:00,2.088,140,603
2000-04-04T00:00:00.000+10:00,1.958,140,603
2000-04-05T00:00:00.000+10:00,1.853,140,603
2000-04-06T00:00:00.000+10:00,5.458,140,603
2000-04-07T00:00:00.000+10:00,9.508,140,603
2000-04-08T00:00:00.000+10:00,5.490,140,603
2000-04-09T00:00:00.000+10:00,4.889,140,603
2000-04-10T00:00:00.000+10:00,4.214,140,603
2000-04-11T00:00:00.000+10:00,3.740,140,603
2000-04-12T00:00:00.000+10:00,3.413,140,603
2000-04-13T00:00:00.000+10:00,3.204,140,603
2000-04-14T00:00:00.000+10:00,3.233,140,603
2000-04-15T00:00:00.000+10:00,2.841,140,603
2000-04-16T00:00:00.000+10:00,2.696,140,603
2000-04-17T00:00:00.000+10:00,2.526,140,603
2000-04-18T00:00:00.000+10:00,2.419,140,603
2000-04-19T00:00:00.000+10:00,2.300,140,603
2000-04-20T00:00:00.000+10:00,2.176,140,603
2000-04-21T00:00:00.000+10:00,2.061,140,603
2000-04-22T00:00:00.000+10:00,1.972,140,603
2000-04-23T00:00:00.000+10:00,1.872,140,603
2000-04-24T00:00:00.000+10:00,1.809,140,603
2000-04-25T00:00:00.000+10:00,1.754,140,603
2000-04-26T00:00:00.000+10:00,1.969,140,603
2000-04-27T00:00:00.000+10:00,2.620,140,603
2000-04-28T00:00:00.000+10:00,2.945,140,603
2000-04-29T00:00:00.000+10:00,3.916,140,603
2000-04-30T00:00:00.000+10:00,3.162,140,603
2000-05-01T00:00:00.000+10:00,4.430,140,603
2000-05-02T00:00:00.000+10:00,38.752,140,603
2000-05-03T00:00:00.000+10:00,18.345,140,603
2000-05-04T00:00:00.000+10:00,10.766,140,603
2000-05-05T00:00:00.000+10:00,8.068,140,603
2000-05-06T00:00:00.000+10:00,6.531,140,603
2000-05-07T00:00:00.000+10:00,5.494,140,603
2000-05-08T00:00:00.000+10:00,4.775,140,603
2000-05-09T00:00:00.000+10:00,4.248,140,603
2000-05-10T00:00:00.000+10:00,3.714,140,603
2000-05-11T00:00:00.000+10:00,3.314,140,603
2000-05-12T00:00:00.000+10:00,3.033,140,603
2000-05-13T00:00:00.000+10:00,2.774,140,603
2000-05-14T00:00:00.000+10:00,2.566,140,603
2000-05-15T00:00:00.000+10:00,2.384,140,603
2000-05-16T00:00:00.000+10:00,2.231,140,603
2000-05-17T00:00:00.000+10:00,2.116,140,603
2000-05-18T00:00:00.000+10:00,1.990,140,603
2000-05-19T00:00:00.000+10:00,1.965,140,603
2000-05-20T00:00:00.000+10:00,1.882,140,603
2000-05-21T00:00:00.000+10:00,1.789,140,603
2000-05-22T00:00:00.000+10:00,1.976,140,603
2000-05-23T00:00:00.000+10:00,1.722,140,603
2000-05-24T00:00:00.000+10:00,1.638,140,603
2000-05-25T00:00:00.000+10:00,1.659,140,603
2000-05-26T00:00:00.000+10:00,1.626,140,603
2000-05-27T00:00:00.000+10:00,1.623,140,603
2000-05-28T00:00:00.000+10:00,1.502,140,603
2000-05-29T00:00:00.000+10:00,1.425,140,603
2000-05-30T00:00:00.000+10:00,1.367,140,603
2000-05-31T00:00:00.000+10:00,1.319,140,603
2000-06-01T00:00:00.000+10:00,1.285,140,603
2000-06-02T00:00:00.000+10:00,1.254,140,603
2000-06-03T00:00:00.000+10:00,1.216,140,603
2000-06-04T00:00:00.000+10:00,1.182,140,603
2000-06-05T00:00:00.000+10:00,1.161,140,603
2000-06-06T00:00:00.000+10:00,1.140,140,603
2000-06-07T00:00:00.000+10:00,1.117,140,603
2000-06-08T00:00:00.000+10:00,1.103,140,603
2000-06-09T00:00:00.000+10:00,1.067,140,603
2000-06-10T00:00:00.000+10:00,1.048,140,603
2000-06-11T00:00:00.000+10:00,1.854,140,603
2000-06-12T00:00:00.000+10:00,3.776,140,603
2000-06-13T00:00:00.000+10:00,2.353,140,603
2000-06-14T00:00:00.000+10:00,1.948,140,603
2000-06-15T00:00:00.000+10:00,1.622,140,603
2000-06-16T00:00:00.000+10:00,1.488,140,603
2000-06-17T00:00:00.000+10:00,1.349,140,603
2000-06-18T00:00:00.000+10:00,1.261,140,603
2000-06-19T00:00:00.000+10:00,1.206,140,603
2000-06-20T00:00:00.000+10:00,1.161,140,603
2000-06-21T00:00:00.000+10:00,1.124,140,603
2000-06-22T00:00:00.000+10:00,1.088,140,603
2000-06-23T00:00:00.000+10:00,1.063,140,603
2000-06-24T00:00:00.000+10:00,1.026,140,603
2000-06-25T00:00:00.000+10:00,1.003,140,603
2000-06-26T00:00:00.000+10:00,0.982,140,603
2000-06-27T00:00:00.000+10:00,0.961,140,603
2000-06-28T00:00:00.000+10:00,0.952,140,603
2000-06-29T00:00:00.000+10:00,0.922,140,603
2000-06-30T00:00:00.000+10:00,0.885,140,603
2000-07-01T00:00:00.000+10:00,0.854,140,603
2000-07-02T00:00:00.000+10:00,0.868,140,603
2000-07-03T00:00:00.000+10:00,0.933,140,603
2000-07-04T00:00:00.000+10:00,0.952,140,603
2000-07-05T00:00:00.000+10:00,0.896,140,603
2000-07-06T00:00:00.000+10:00,0.844,140,603
2000-07-07T00:00:00.000+10:00,0.820,140,603
2000-07-08T00:00:00.000+10:00,0.799,140,603
2000-07-09T00:00:00.000+10:00,0.785,140,603
2000-07-10T00:00:00.000+10:00,0.789,140,603
2000-07-11T00:00:00.000+10:00,0.820,140,603
2000-07-12T00:00:00.000+10:00,0.764,140,603
2000-07-13T00:00:00.000+10:00,0.731,140,603
2000-07-14T00:00:00.000+10:00,0.697,140,603
2000-07-15T00:00:00.000+10:00,0.684,140,603
2000-07-16T00:00:00.000+10:00,0.668,140,603
2000-07-17T00:00:00.000+10:00,0.653,140,603
2000-07-18T00:00:00.000+10:00,0.634,140,603
2000-07-19T00:00:00.000+10:00,0.633,140,603
2000-07-20T00:00:00.000+10:00,0.632,140,603
2000-07-21T00:00:00.000+10:00,0.621,140,603
2000-07-22T00:00:00.000+10:00,0.609,140,603
2000-07-23T00:00:00.000+10:00,0.598,140,603
2000-07-24T00:00:00.000+10:00,0.589,140,603
2000-07-25T00:00:00.000+10:00,0.586,140,603
2000-07-26T00:00:00.000+10:00,0.584,140,603
2000-07-27T00:00:00.000+10:00,0.571,140,603
2000-07-28T00:00:00.000+10:00,0.563,140,603
2000-07-29T00:00:00.000+10:00,0.554,140,603
2000-07-30T00:00:00.000+10:00,0.554,140,603
2000-07-31T00:00:00.000+10:00,0.550,140,603
2000-08-01T00:00:00.000+10:00,0.554,140,603
2000-08-02T00:00:00.000+10:00,0.549,140,603
2000-08-03T00:00:00.000+10:00,0.544,140,603
2000-08-04T00:00:00.000+10:00,0.559,140,603
2000-08-05T00:00:00.000+10:00,0.655,140,603
2000-08-06T00:00:00.000+10:00,0.684,140,603
2000-08-07T00:00:00.000+10:00,0.758,140,603
2000-08-08T00:00:00.000+10:00,0.810,140,603
2000-08-09T00:00:00.000+10:00,0.703,140,603
2000-08-10T00:00:00.000+10:00,0.635,140,603
2000-08-11T00:00:00.000+10:00,0.607,140,603
2000-08-12T00:00:00.000+10:00,0.591,140,603
2000-08-13T00:00:00.000+10:00,0.586,140,603
2000-08-14T00:00:00.000+10:00,0.580,140,603
2000-08-15T00:00:00.000+10:00,0.567,140,603
2000-08-16T00:00:00.000+10:00,0.552,140,603
2000-08-17T00:00:00.000+10:00,0.536,140,603
2000-08-18T00:00:00.000+10:00,0.521,140,603
2000-08-19T00:00:00.000+10:00,0.516,140,603
2000-08-20T00:00:00.000+10:00,0.509,140,603
2000-08-21T00:00:00.000+10:00,0.524,140,603
2000-08-22T00:00:00.000+10:00,0.506,140,603
2000-08-23T00:00:00.000+10:00,0.493,140,603
2000-08-24T00:00:00.000+10:00,0.479,140,603
2000-08-25T00:00:00.000+10:00,0.474,140,603
2000-08-26T00:00:00.000+10:00,0.464,140,603
2000-08-27T00:00:00.000+10:00,0.454,140,603
2000-08-28T00:00:00.000+10:00,0.449,140,603
2000-08-29T00:00:00.000+10:00,0.433,140,603
2000-08-30T00:00:00.000+10:00,0.421,140,603
2000-08-31T00:00:00.000+10:00,0.410,140,603
2000-09-01T00:00:00.000+10:00,0.405,140,603
2000-09-02T00:00:00.000+10:00,0.396,140,603
2000-09-03T00:00:00.000+10:00,0.378,140,603
2000-09-04T00:00:00.000+10:00,0.375,140,603
2000-09-05T00:00:00.000+10:00,0.365,140,603
2000-09-06T00:00:00.000+10:00,0.353,140,603
2000-09-07T00:00:00.000+10:00,0.344,140,603
2000-09-08T00:00:00.000+10:00,0.337,140,603
2000-09-09T00:00:00.000+10:00,0.331,140,603
2000-09-10T00:00:00.000+10:00,0.323,140,603
2000-09-11T00:00:00.000+10:00,0.311,140,603
2000-09-12T00:00:00.000+10:00,0.303,140,603
2000-09-13T00:00:00.000+10:00,0.292,140,603
2000-09-14T00:00:00.000+10:00,0.282,140,603
2000-09-15T00:00:00.000+10:00,0.280,140,603
2000-09-16T00:00:00.000+10:00,0.275,140,603
2000-09-17T00:00:00.000+10:00,0.267,140,603
2000-09-18T00:00:00.000+10:00,0.268,140,603
2000-09-19T00:00:00.000+10:00,0.258,140,603
2000-09-20T00:00:00.000+10:00,0.252,140,603
2000-09-21T00:00:00.000+10:00,0.251,140,603
2000-09-22T00:00:00.000+10:00,0.246,140,603
2000-09-23T00:00:00.000+10:00,0.241,140,603
2000-09-24T00:00:00.000+10:00,0.236,140,603
2000-09-25T00:00:00.000+10:00,0.229,140,603
2000-09-26T00:00:00.000+10:00,0.223,140,603
2000-09-27T00:00:00.000+10:00,0.218,140,603
2000-09-28T00:00:00.000+10:00,0.212,140,603
2000-09-29T00:00:00.000+10:00,0.209,140,603
2000-09-30T00:00:00.000+10:00,0.206,140,603
2000-10-01T00:00:00.000+10:00,0.209,140,603
2000-10-02T00:00:00.000+10:00,0.217,140,603
2000-10-03T00:00:00.000+10:00,0.228,140,603
2000-10-04T00:00:00.000+10:00,0.239,140,603
2000-10-05T00:00:00.000+10:00,0.248,140,603
2000-10-06T00:00:00.000+10:00,0.252,140,603
2000-10-07T00:00:00.000+10:00,0.250,140,603
2000-10-08T00:00:00.000+10:00,0.238,140,603
2000-10-09T00:00:00.000+10:00,0.225,140,603
2000-10-10T00:00:00.000+10:00,0.213,140,603
2000-10-11T00:00:00.000+10:00,0.202,140,603
2000-10-12T00:00:00.000+10:00,0.198,140,603
2000-10-13T00:00:00.000+10:00,0.194,140,603
2000-10-14T00:00:00.000+10:00,0.190,140,603
2000-10-15T00:00:00.000+10:00,0.186,140,603
2000-10-16T00:00:00.000+10:00,0.183,140,603
2000-10-17T00:00:00.000+10:00,0.179,140,603
2000-10-18T00:00:00.000+10:00,0.175,140,603
2000-10-19T00:00:00.000+10:00,0.171,140,603
2000-10-20T00:00:00.000+10:00,0.166,140,603
2000-10-21T00:00:00.000+10:00,0.161,140,603
2000-10-22T00:00:00.000+10:00,0.160,140,603
2000-10-23T00:00:00.000+10:00,0.156,140,603
2000-10-24T00:00:00.000+10:00,0.153,140,603
2000-10-25T00:00:00.000+10:00,0.171,140,603
2000-10-26T00:00:00.000+10:00,0.228,140,603
2000-10-27T00:00:00.000+10:00,0.227,140,603
2000-10-28T00:00:00.000+10:00,0.182,140,603
2000-10-29T00:00:00.000+10:00,0.166,140,603
2000-10-30T00:00:00.000+10:00,0.226,140,603
2000-10-31T00:00:00.000+10:00,0.373,140,603
2000-11-01T00:00:00.000+10:00,1.100,140,603
2000-11-02T00:00:00.000+10:00,0.663,140,603
2000-11-03T00:00:00.000+10:00,0.515,140,603
2000-11-04T00:00:00.000+10:00,0.458,140,603
2000-11-05T00:00:00.000+10:00,1.047,140,603
2000-11-06T00:00:00.000+10:00,1.372,140,603
2000-11-07T00:00:00.000+10:00,1.397,140,603
2000-11-08T00:00:00.000+10:00,1.221,140,603
2000-11-09T00:00:00.000+10:00,1.063,140,603
2000-11-10T00:00:00.000+10:00,0.861,140,603
2000-11-11T00:00:00.000+10:00,0.743,140,603
2000-11-12T00:00:00.000+10:00,0.665,140,603
2000-11-13T00:00:00.000+10:00,0.806,140,603
2000-11-14T00:00:00.000+10:00,7.574,140,603
2000-11-15T00:00:00.000+10:00,22.493,140,603
2000-11-16T00:00:00.000+10:00,14.021,140,603
2000-11-17T00:00:00.000+10:00,9.208,140,603
2000-11-18T00:00:00.000+10:00,5.986,140,603
2000-11-19T00:00:00.000+10:00,4.493,140,603
2000-11-20T00:00:00.000+10:00,4.450,140,603
2000-11-21T00:00:00.000+10:00,4.141,140,603
2000-11-22T00:00:00.000+10:00,3.879,140,603
2000-11-23T00:00:00.000+10:00,3.385,140,603
2000-11-24T00:00:00.000+10:00,2.900,140,603
2000-11-25T00:00:00.000+10:00,2.683,140,603
2000-11-26T00:00:00.000+10:00,2.419,140,603
2000-11-27T00:00:00.000+10:00,2.080,140,603
2000-11-28T00:00:00.000+10:00,1.839,140,603
2000-11-29T00:00:00.000+10:00,1.661,140,603
2000-11-30T00:00:00.000+10:00,1.541,140,603
2000-12-01T00:00:00.000+10:00,1.473,140,603
2000-12-02T00:00:00.000+10:00,1.354,140,603
2000-12-03T00:00:00.000+10:00,1.284,140,603
2000-12-04T00:00:00.000+10:00,1.211,140,603
2000-12-05T00:00:00.000+10:00,1.168,140,603
2000-12-06T00:00:00.000+10:00,1.106,140,603
2000-12-07T00:00:00.000+10:00,1.053,140,603
2000-12-08T00:00:00.000+10:00,1.112,140,603
2000-12-09T00:00:00.000+10:00,1.033,140,603
2000-12-10T00:00:00.000+10:00,0.984,140,603
2000-12-11T00:00:00.000+10:00,0.965,140,603
2000-12-12T00:00:00.000+10:00,0.901,140,603
2000-12-13T00:00:00.000+10:00,0.880,140,603
2000-12-14T00:00:00.000+10:00,0.863,140,603
2000-12-15T00:00:00.000+10:00,1.089,140,603
2000-12-16T00:00:00.000+10:00,1.609,140,603
2000-12-17T00:00:00.000+10:00,1.160,140,603
2000-12-18T00:00:00.000+10:00,1.079,140,603
2000-12-19T00:00:00.000+10:00,0.980,140,603
2000-12-20T00:00:00.000+10:00,0.931,140,603
2000-12-21T00:00:00.000+10:00,0.885,140,603
2000-12-22T00:00:00.000+10:00,0.855,140,603
2000-12-23T00:00:00.000+10:00,0.827,140,603
2000-12-24T00:00:00.000+10:00,0.789,140,603
2000-12-25T00:00:00.000+10:00,0.762,140,603
2000-12-26T00:00:00.000+10:00,0.726,140,603
2000-12-27T00:00:00.000+10:00,0.700,140,603
2000-12-28T00:00:00.000+10:00,0.676,140,603
2000-12-29T00:00:00.000+10:00,0.918,140,603
2000-12-30T00:00:00.000+10:00,1.815,140,603
2000-12-31T00:00:00.000+10:00,1.149,140,603
2001-01-01T00:00:00.000+10:00,1.295,140,603
2001-01-02T00:00:00.000+10:00,1.156,140,603
2001-01-03T00:00:00.000+10:00,1.050,140,603
2001-01-04T00:00:00.000+10:00,0.976,140,603
2001-01-05T00:00:00.000+10:00,0.921,140,603
2001-01-06T00:00:00.000+10:00,0.870,140,603
2001-01-07T00:00:00.000+10:00,0.831,140,603
2001-01-08T00:00:00.000+10:00,0.787,140,603
2001-01-09T00:00:00.000+10:00,0.744,140,603
2001-01-10T00:00:00.000+10:00,0.705,140,603
2001-01-11T00:00:00.000+10:00,0.671,140,603
2001-01-12T00:00:00.000+10:00,0.645,140,603
2001-01-13T00:00:00.000+10:00,0.610,140,603
2001-01-14T00:00:00.000+10:00,0.580,140,603
2001-01-15T00:00:00.000+10:00,0.556,140,603
2001-01-16T00:00:00.000+10:00,0.531,140,603
2001-01-17T00:00:00.000+10:00,0.530,140,603
2001-01-18T00:00:00.000+10:00,0.597,140,603
2001-01-19T00:00:00.000+10:00,1.304,140,603
2001-01-20T00:00:00.000+10:00,1.371,140,603
2001-01-21T00:00:00.000+10:00,1.082,140,603
2001-01-22T00:00:00.000+10:00,0.848,140,603
2001-01-23T00:00:00.000+10:00,0.750,140,603
2001-01-24T00:00:00.000+10:00,0.701,140,603
2001-01-25T00:00:00.000+10:00,0.664,140,603
2001-01-26T00:00:00.000+10:00,0.638,140,603
2001-01-27T00:00:00.000+10:00,0.609,140,603
2001-01-28T00:00:00.000+10:00,0.619,140,603
2001-01-29T00:00:00.000+10:00,0.684,140,603
2001-01-30T00:00:00.000+10:00,0.739,140,603
2001-01-31T00:00:00.000+10:00,19.040,140,603
2001-02-01T00:00:00.000+10:00,141.325,140,603
2001-02-02T00:00:00.000+10:00,116.205,140,603
2001-02-03T00:00:00.000+10:00,43.333,140,603
2001-02-04T00:00:00.000+10:00,22.117,140,603
2001-02-05T00:00:00.000+10:00,12.388,140,603
2001-02-06T00:00:00.000+10:00,8.616,140,603
2001-02-07T00:00:00.000+10:00,7.263,140,603
2001-02-08T00:00:00.000+10:00,6.089,140,603
2001-02-09T00:00:00.000+10:00,5.019,140,603
2001-02-10T00:00:00.000+10:00,4.391,140,603
2001-02-11T00:00:00.000+10:00,3.916,140,603
2001-02-12T00:00:00.000+10:00,3.532,140,603
2001-02-13T00:00:00.000+10:00,3.223,140,603
2001-02-14T00:00:00.000+10:00,2.963,140,603
2001-02-15T00:00:00.000+10:00,2.763,140,603
2001-02-16T00:00:00.000+10:00,4.078,140,603
2001-02-17T00:00:00.000+10:00,3.219,140,603
2001-02-18T00:00:00.000+10:00,3.312,140,603
2001-02-19T00:00:00.000+10:00,3.051,140,603
2001-02-20T00:00:00.000+10:00,4.502,140,603
2001-02-21T00:00:00.000+10:00,5.228,140,603
2001-02-22T00:00:00.000+10:00,3.868,140,603
2001-02-23T00:00:00.000+10:00,3.350,140,603
2001-02-24T00:00:00.000+10:00,3.005,140,603
2001-02-25T00:00:00.000+10:00,2.769,140,603
2001-02-26T00:00:00.000+10:00,2.596,140,603
2001-02-27T00:00:00.000+10:00,2.485,140,603
2001-02-28T00:00:00.000+10:00,2.326,140,603
2001-03-01T00:00:00.000+10:00,2.282,140,603
2001-03-02T00:00:00.000+10:00,3.211,140,603
2001-03-03T00:00:00.000+10:00,2.555,140,603
2001-03-04T00:00:00.000+10:00,2.523,140,603
2001-03-05T00:00:00.000+10:00,3.237,140,603
2001-03-06T00:00:00.000+10:00,32.101,140,603
2001-03-07T00:00:00.000+10:00,35.330,140,603
2001-03-08T00:00:00.000+10:00,229.611,140,603
2001-03-09T00:00:00.000+10:00,247.715,140,603
2001-03-10T00:00:00.000+10:00,226.895,140,603
2001-03-11T00:00:00.000+10:00,78.910,140,603
2001-03-12T00:00:00.000+10:00,31.163,140,603
2001-03-13T00:00:00.000+10:00,18.651,140,603
2001-03-14T00:00:00.000+10:00,14.361,140,603
2001-03-15T00:00:00.000+10:00,11.323,140,603
2001-03-16T00:00:00.000+10:00,9.336,140,603
2001-03-17T00:00:00.000+10:00,7.938,140,603
2001-03-18T00:00:00.000+10:00,6.895,140,603
2001-03-19T00:00:00.000+10:00,6.065,140,603
2001-03-20T00:00:00.000+10:00,5.390,140,603
2001-03-21T00:00:00.000+10:00,5.073,140,603
2001-03-22T00:00:00.000+10:00,4.870,140,603
2001-03-23T00:00:00.000+10:00,4.280,140,603
2001-03-24T00:00:00.000+10:00,3.950,140,603
2001-03-25T00:00:00.000+10:00,3.743,140,603
2001-03-26T00:00:00.000+10:00,7.781,140,603
2001-03-27T00:00:00.000+10:00,6.695,140,603
2001-03-28T00:00:00.000+10:00,4.490,140,603
2001-03-29T00:00:00.000+10:00,3.810,140,603
2001-03-30T00:00:00.000+10:00,3.791,140,603
2001-03-31T00:00:00.000+10:00,4.588,140,603
2001-04-01T00:00:00.000+10:00,3.811,140,603
2001-04-02T00:00:00.000+10:00,3.516,140,603
2001-04-03T00:00:00.000+10:00,3.878,140,603
2001-04-04T00:00:00.000+10:00,3.774,140,603
2001-04-05T00:00:00.000+10:00,3.368,140,603
2001-04-06T00:00:00.000+10:00,3.162,140,603
2001-04-07T00:00:00.000+10:00,3.017,140,603
2001-04-08T00:00:00.000+10:00,3.147,140,603
2001-04-09T00:00:00.000+10:00,3.025,140,603
2001-04-10T00:00:00.000+10:00,2.812,140,603
2001-04-11T00:00:00.000+10:00,2.671,140,603
2001-04-12T00:00:00.000+10:00,2.539,140,603
2001-04-13T00:00:00.000+10:00,2.412,140,603
2001-04-14T00:00:00.000+10:00,2.358,140,603
2001-04-15T00:00:00.000+10:00,2.291,140,603
2001-04-16T00:00:00.000+10:00,2.225,140,603
2001-04-17T00:00:00.000+10:00,2.159,140,603
2001-04-18T00:00:00.000+10:00,2.100,140,603
2001-04-19T00:00:00.000+10:00,2.029,140,603
2001-04-20T00:00:00.000+10:00,1.984,140,603
2001-04-21T00:00:00.000+10:00,1.952,140,603
2001-04-22T00:00:00.000+10:00,2.034,140,603
2001-04-23T00:00:00.000+10:00,1.953,140,603
2001-04-24T00:00:00.000+10:00,1.837,140,603
2001-04-25T00:00:00.000+10:00,1.765,140,603
2001-04-26T00:00:00.000+10:00,1.740,140,603
2001-04-27T00:00:00.000+10:00,1.893,140,603
2001-04-28T00:00:00.000+10:00,3.053,140,603
2001-04-29T00:00:00.000+10:00,4.150,140,603
2001-04-30T00:00:00.000+10:00,2.666,140,603
2001-05-01T00:00:00.000+10:00,2.274,140,603
2001-05-02T00:00:00.000+10:00,2.110,140,603
2001-05-03T00:00:00.000+10:00,1.987,140,603
2001-05-04T00:00:00.000+10:00,1.891,140,603
2001-05-05T00:00:00.000+10:00,1.814,140,603
2001-05-06T00:00:00.000+10:00,1.732,140,603
2001-05-07T00:00:00.000+10:00,1.769,140,603
2001-05-08T00:00:00.000+10:00,2.906,140,603
2001-05-09T00:00:00.000+10:00,2.192,140,603
2001-05-10T00:00:00.000+10:00,1.948,140,603
2001-05-11T00:00:00.000+10:00,1.824,140,603
2001-05-12T00:00:00.000+10:00,1.741,140,603
2001-05-13T00:00:00.000+10:00,1.678,140,603
2001-05-14T00:00:00.000+10:00,1.614,140,603
2001-05-15T00:00:00.000+10:00,1.572,140,603
2001-05-16T00:00:00.000+10:00,1.536,140,603
2001-05-17T00:00:00.000+10:00,1.485,140,603
2001-05-18T00:00:00.000+10:00,1.440,140,603
2001-05-19T00:00:00.000+10:00,1.406,140,603
2001-05-20T00:00:00.000+10:00,2.144,140,603
2001-05-21T00:00:00.000+10:00,7.536,140,603
2001-05-22T00:00:00.000+10:00,3.706,140,603
2001-05-23T00:00:00.000+10:00,3.013,140,603
2001-05-24T00:00:00.000+10:00,2.670,140,603
2001-05-25T00:00:00.000+10:00,2.418,140,603
2001-05-26T00:00:00.000+10:00,2.224,140,603
2001-05-27T00:00:00.000+10:00,2.083,140,603
2001-05-28T00:00:00.000+10:00,1.972,140,603
2001-05-29T00:00:00.000+10:00,1.860,140,603
2001-05-30T00:00:00.000+10:00,1.739,140,603
2001-05-31T00:00:00.000+10:00,1.664,140,603
2001-06-01T00:00:00.000+10:00,1.592,140,603
2001-06-02T00:00:00.000+10:00,1.538,140,603
2001-06-03T00:00:00.000+10:00,1.475,140,603
2001-06-04T00:00:00.000+10:00,1.425,140,603
2001-06-05T00:00:00.000+10:00,1.405,140,603
2001-06-06T00:00:00.000+10:00,1.356,140,603
2001-06-07T00:00:00.000+10:00,1.312,140,603
2001-06-08T00:00:00.000+10:00,1.277,140,603
2001-06-09T00:00:00.000+10:00,1.241,140,603
2001-06-10T00:00:00.000+10:00,1.205,140,603
2001-06-11T00:00:00.000+10:00,1.164,140,603
2001-06-12T00:00:00.000+10:00,1.133,140,603
2001-06-13T00:00:00.000+10:00,1.106,140,603
2001-06-14T00:00:00.000+10:00,1.088,140,603
2001-06-15T00:00:00.000+10:00,1.055,140,603
2001-06-16T00:00:00.000+10:00,1.016,140,603
2001-06-17T00:00:00.000+10:00,0.978,140,603
2001-06-18T00:00:00.000+10:00,0.956,140,603
2001-06-19T00:00:00.000+10:00,0.939,140,603
2001-06-20T00:00:00.000+10:00,0.930,140,603
2001-06-21T00:00:00.000+10:00,0.893,140,603
2001-06-22T00:00:00.000+10:00,0.853,140,603
2001-06-23T00:00:00.000+10:00,0.822,140,603
2001-06-24T00:00:00.000+10:00,0.789,140,603
2001-06-25T00:00:00.000+10:00,0.765,140,603
2001-06-26T00:00:00.000+10:00,0.752,140,603
2001-06-27T00:00:00.000+10:00,0.739,140,603
2001-06-28T00:00:00.000+10:00,0.726,140,603
2001-06-29T00:00:00.000+10:00,0.714,140,603
2001-06-30T00:00:00.000+10:00,0.703,140,603
2001-07-01T00:00:00.000+10:00,0.696,140,603
2001-07-02T00:00:00.000+10:00,0.688,140,603
2001-07-03T00:00:00.000+10:00,0.680,140,603
2001-07-04T00:00:00.000+10:00,0.672,140,603
2001-07-05T00:00:00.000+10:00,0.664,140,603
2001-07-06T00:00:00.000+10:00,0.656,140,603
2001-07-07T00:00:00.000+10:00,0.648,140,603
2001-07-08T00:00:00.000+10:00,0.640,140,603
2001-07-09T00:00:00.000+10:00,0.632,140,603
2001-07-10T00:00:00.000+10:00,0.626,140,603
2001-07-11T00:00:00.000+10:00,0.628,140,603
2001-07-12T00:00:00.000+10:00,0.711,140,603
2001-07-13T00:00:00.000+10:00,0.729,140,603
2001-07-14T00:00:00.000+10:00,0.635,140,603
2001-07-15T00:00:00.000+10:00,0.601,140,603
2001-07-16T00:00:00.000+10:00,0.575,140,603
2001-07-17T00:00:00.000+10:00,0.552,140,603
2001-07-18T00:00:00.000+10:00,0.540,140,603
2001-07-19T00:00:00.000+10:00,0.524,140,603
2001-07-20T00:00:00.000+10:00,0.500,140,603
2001-07-21T00:00:00.000+10:00,0.481,140,603
2001-07-22T00:00:00.000+10:00,0.469,140,603
2001-07-23T00:00:00.000+10:00,0.450,140,603
2001-07-24T00:00:00.000+10:00,0.447,140,603
2001-07-25T00:00:00.000+10:00,0.474,140,603
2001-07-26T00:00:00.000+10:00,0.602,140,603
2001-07-27T00:00:00.000+10:00,1.373,140,603
2001-07-28T00:00:00.000+10:00,1.034,140,603
2001-07-29T00:00:00.000+10:00,0.758,140,603
2001-07-30T00:00:00.000+10:00,0.649,140,603
2001-07-31T00:00:00.000+10:00,0.602,140,603
2001-08-01T00:00:00.000+10:00,0.590,140,603
2001-08-02T00:00:00.000+10:00,0.566,140,603
2001-08-03T00:00:00.000+10:00,0.552,140,603
2001-08-04T00:00:00.000+10:00,0.537,140,603
2001-08-05T00:00:00.000+10:00,0.510,140,603
2001-08-06T00:00:00.000+10:00,0.491,140,603
2001-08-07T00:00:00.000+10:00,0.473,140,603
2001-08-08T00:00:00.000+10:00,0.448,140,603
2001-08-09T00:00:00.000+10:00,0.424,140,603
2001-08-10T00:00:00.000+10:00,0.402,140,603
2001-08-11T00:00:00.000+10:00,0.455,140,603
2001-08-12T00:00:00.000+10:00,0.515,140,603
2001-08-13T00:00:00.000+10:00,0.501,140,603
2001-08-14T00:00:00.000+10:00,0.544,140,603
2001-08-15T00:00:00.000+10:00,0.532,140,603
2001-08-16T00:00:00.000+10:00,0.514,140,603
2001-08-17T00:00:00.000+10:00,0.504,140,603
2001-08-18T00:00:00.000+10:00,0.487,140,603
2001-08-19T00:00:00.000+10:00,0.487,140,603
2001-08-20T00:00:00.000+10:00,0.479,140,603
2001-08-21T00:00:00.000+10:00,0.472,140,603
2001-08-22T00:00:00.000+10:00,0.471,140,603
2001-08-23T00:00:00.000+10:00,0.477,140,603
2001-08-24T00:00:00.000+10:00,0.474,140,603
2001-08-25T00:00:00.000+10:00,0.470,140,603
2001-08-26T00:00:00.000+10:00,0.482,140,603
2001-08-27T00:00:00.000+10:00,0.499,140,603
2001-08-28T00:00:00.000+10:00,0.494,140,603
2001-08-29T00:00:00.000+10:00,0.488,140,603
2001-08-30T00:00:00.000+10:00,0.481,140,603
2001-08-31T00:00:00.000+10:00,0.472,140,603
2001-09-01T00:00:00.000+10:00,0.474,140,603
2001-09-02T00:00:00.000+10:00,0.488,140,603
2001-09-03T00:00:00.000+10:00,0.472,140,603
2001-09-04T00:00:00.000+10:00,0.440,140,603
2001-09-05T00:00:00.000+10:00,0.465,140,603
2001-09-06T00:00:00.000+10:00,0.476,140,603
2001-09-07T00:00:00.000+10:00,0.425,140,603
2001-09-08T00:00:00.000+10:00,0.419,140,603
2001-09-09T00:00:00.000+10:00,0.411,140,603
2001-09-10T00:00:00.000+10:00,0.396,140,603
2001-09-11T00:00:00.000+10:00,0.385,140,603
2001-09-12T00:00:00.000+10:00,0.381,140,603
2001-09-13T00:00:00.000+10:00,0.372,140,603
2001-09-14T00:00:00.000+10:00,0.364,140,603
2001-09-15T00:00:00.000+10:00,0.361,140,603
2001-09-16T00:00:00.000+10:00,0.353,140,603
2001-09-17T00:00:00.000+10:00,0.345,140,603
2001-09-18T00:00:00.000+10:00,0.339,140,603
2001-09-19T00:00:00.000+10:00,0.340,140,603
2001-09-20T00:00:00.000+10:00,0.328,140,603
2001-09-21T00:00:00.000+10:00,0.323,140,603
2001-09-22T00:00:00.000+10:00,0.319,140,603
2001-09-23T00:00:00.000+10:00,0.313,140,603
2001-09-24T00:00:00.000+10:00,0.308,140,603
2001-09-25T00:00:00.000+10:00,0.303,140,603
2001-09-26T00:00:00.000+10:00,0.304,140,603
2001-09-27T00:00:00.000+10:00,0.296,140,603
2001-09-28T00:00:00.000+10:00,0.293,140,603
2001-09-29T00:00:00.000+10:00,0.282,140,603
2001-09-30T00:00:00.000+10:00,0.278,140,603
2001-10-01T00:00:00.000+10:00,0.274,140,603
2001-10-02T00:00:00.000+10:00,0.267,140,603
2001-10-03T00:00:00.000+10:00,0.262,140,603
2001-10-04T00:00:00.000+10:00,0.261,140,603
2001-10-05T00:00:00.000+10:00,0.255,140,603
2001-10-06T00:00:00.000+10:00,0.247,140,603
2001-10-07T00:00:00.000+10:00,0.238,140,603
2001-10-08T00:00:00.000+10:00,0.230,140,603
2001-10-09T00:00:00.000+10:00,0.233,140,603
2001-10-10T00:00:00.000+10:00,0.227,140,603
2001-10-11T00:00:00.000+10:00,0.224,140,603
2001-10-12T00:00:00.000+10:00,0.223,140,603
2001-10-13T00:00:00.000+10:00,0.215,140,603
2001-10-14T00:00:00.000+10:00,0.211,140,603
2001-10-15T00:00:00.000+10:00,0.206,140,603
2001-10-16T00:00:00.000+10:00,0.205,140,603
2001-10-17T00:00:00.000+10:00,0.200,140,603
2001-10-18T00:00:00.000+10:00,0.198,140,603
2001-10-19T00:00:00.000+10:00,0.192,140,603
2001-10-20T00:00:00.000+10:00,0.193,140,603
2001-10-21T00:00:00.000+10:00,0.192,140,603
2001-10-22T00:00:00.000+10:00,0.193,140,603
2001-10-23T00:00:00.000+10:00,0.189,140,603
2001-10-24T00:00:00.000+10:00,0.188,140,603
2001-10-25T00:00:00.000+10:00,0.187,140,603
2001-10-26T00:00:00.000+10:00,0.201,140,603
2001-10-27T00:00:00.000+10:00,0.205,140,603
2001-10-28T00:00:00.000+10:00,0.198,140,603
2001-10-29T00:00:00.000+10:00,0.195,140,603
2001-10-30T00:00:00.000+10:00,0.193,140,603
2001-10-31T00:00:00.000+10:00,0.195,140,603
2001-11-01T00:00:00.000+10:00,0.193,140,603
2001-11-02T00:00:00.000+10:00,0.189,140,603
2001-11-03T00:00:00.000+10:00,0.185,140,603
2001-11-04T00:00:00.000+10:00,0.179,140,603
2001-11-05T00:00:00.000+10:00,0.177,140,603
2001-11-06T00:00:00.000+10:00,0.177,140,603
2001-11-07T00:00:00.000+10:00,0.181,140,603
2001-11-08T00:00:00.000+10:00,0.175,140,603
2001-11-09T00:00:00.000+10:00,0.177,140,603
2001-11-10T00:00:00.000+10:00,0.178,140,603
2001-11-11T00:00:00.000+10:00,0.190,140,603
2001-11-12T00:00:00.000+10:00,0.196,140,603
2001-11-13T00:00:00.000+10:00,0.205,140,603
2001-11-14T00:00:00.000+10:00,0.211,140,603
2001-11-15T00:00:00.000+10:00,0.220,140,603
2001-11-16T00:00:00.000+10:00,0.224,140,603
2001-11-17T00:00:00.000+10:00,0.222,140,603
2001-11-18T00:00:00.000+10:00,0.215,140,603
2001-11-19T00:00:00.000+10:00,0.225,140,603
2001-11-20T00:00:00.000+10:00,0.246,140,603
2001-11-21T00:00:00.000+10:00,0.282,140,603
2001-11-22T00:00:00.000+10:00,0.270,140,603
2001-11-23T00:00:00.000+10:00,0.270,140,603
2001-11-24T00:00:00.000+10:00,0.288,140,603
2001-11-25T00:00:00.000+10:00,0.295,140,603
2001-11-26T00:00:00.000+10:00,0.287,140,603
2001-11-27T00:00:00.000+10:00,0.307,140,603
2001-11-28T00:00:00.000+10:00,0.320,140,603
2001-11-29T00:00:00.000+10:00,0.390,140,603
2001-11-30T00:00:00.000+10:00,0.371,140,603
2001-12-01T00:00:00.000+10:00,0.345,140,603
2001-12-02T00:00:00.000+10:00,0.321,140,603
2001-12-03T00:00:00.000+10:00,0.300,140,603
2001-12-04T00:00:00.000+10:00,0.280,140,603
2001-12-05T00:00:00.000+10:00,0.266,140,603
2001-12-06T00:00:00.000+10:00,0.259,140,603
2001-12-07T00:00:00.000+10:00,0.253,140,603
2001-12-08T00:00:00.000+10:00,0.243,140,603
2001-12-09T00:00:00.000+10:00,0.240,140,603
2001-12-10T00:00:00.000+10:00,0.231,140,603
2001-12-11T00:00:00.000+10:00,0.222,140,603
2001-12-12T00:00:00.000+10:00,0.212,140,603
2001-12-13T00:00:00.000+10:00,0.204,140,603
2001-12-14T00:00:00.000+10:00,0.197,140,603
2001-12-15T00:00:00.000+10:00,0.205,140,603
2001-12-16T00:00:00.000+10:00,0.199,140,603
2001-12-17T00:00:00.000+10:00,0.193,140,603
2001-12-18T00:00:00.000+10:00,0.197,140,603
2001-12-19T00:00:00.000+10:00,0.196,140,603
2001-12-20T00:00:00.000+10:00,0.189,140,603
2001-12-21T00:00:00.000+10:00,0.179,140,603
2001-12-22T00:00:00.000+10:00,0.169,140,603
2001-12-23T00:00:00.000+10:00,0.162,140,603
2001-12-24T00:00:00.000+10:00,0.153,140,603
2001-12-25T00:00:00.000+10:00,0.144,140,603
2001-12-26T00:00:00.000+10:00,0.134,140,603
2001-12-27T00:00:00.000+10:00,0.129,140,603
2001-12-28T00:00:00.000+10:00,0.125,140,603
2001-12-29T00:00:00.000+10:00,0.120,140,603
2001-12-30T00:00:00.000+10:00,0.117,140,603
2001-12-31T00:00:00.000+10:00,0.114,140,603
2002-01-01T00:00:00.000+10:00,0.108,140,603
2002-01-02T00:00:00.000+10:00,0.101,140,603
2002-01-03T00:00:00.000+10:00,0.098,140,603
2002-01-04T00:00:00.000+10:00,0.095,140,603
2002-01-05T00:00:00.000+10:00,0.094,140,603
2002-01-06T00:00:00.000+10:00,0.094,140,603
2002-01-07T00:00:00.000+10:00,0.092,140,603
2002-01-08T00:00:00.000+10:00,0.091,140,603
2002-01-09T00:00:00.000+10:00,0.087,140,603
2002-01-10T00:00:00.000+10:00,0.085,140,603
2002-01-11T00:00:00.000+10:00,0.084,140,603
2002-01-12T00:00:00.000+10:00,0.081,140,603
2002-01-13T00:00:00.000+10:00,0.079,140,603
2002-01-14T00:00:00.000+10:00,0.078,140,603
2002-01-15T00:00:00.000+10:00,0.078,140,603
2002-01-16T00:00:00.000+10:00,0.087,140,603
2002-01-17T00:00:00.000+10:00,0.087,140,603
2002-01-18T00:00:00.000+10:00,0.079,140,603
2002-01-19T00:00:00.000+10:00,0.077,140,603
2002-01-20T00:00:00.000+10:00,0.077,140,603
2002-01-21T00:00:00.000+10:00,0.076,140,603
2002-01-22T00:00:00.000+10:00,0.077,140,603
2002-01-23T00:00:00.000+10:00,0.076,140,603
2002-01-24T00:00:00.000+10:00,0.081,140,603
2002-01-25T00:00:00.000+10:00,0.094,140,603
2002-01-26T00:00:00.000+10:00,0.083,140,603
2002-01-27T00:00:00.000+10:00,0.083,140,603
2002-01-28T00:00:00.000+10:00,0.081,140,603
2002-01-29T00:00:00.000+10:00,0.081,140,603
2002-01-30T00:00:00.000+10:00,0.085,140,603
2002-01-31T00:00:00.000+10:00,0.086,140,603
2002-02-01T00:00:00.000+10:00,1.224,140,603
2002-02-02T00:00:00.000+10:00,0.835,140,603
2002-02-03T00:00:00.000+10:00,0.515,140,603
2002-02-04T00:00:00.000+10:00,0.414,140,603
2002-02-05T00:00:00.000+10:00,0.413,140,603
2002-02-06T00:00:00.000+10:00,12.735,140,603
2002-02-07T00:00:00.000+10:00,24.256,140,603
2002-02-08T00:00:00.000+10:00,6.324,140,603
2002-02-09T00:00:00.000+10:00,3.486,140,603
2002-02-10T00:00:00.000+10:00,2.540,140,603
2002-02-11T00:00:00.000+10:00,1.911,140,603
2002-02-12T00:00:00.000+10:00,1.452,140,603
2002-02-13T00:00:00.000+10:00,1.127,140,603
2002-02-14T00:00:00.000+10:00,0.929,140,603
2002-02-15T00:00:00.000+10:00,0.830,140,603
2002-02-16T00:00:00.000+10:00,0.769,140,603
2002-02-17T00:00:00.000+10:00,0.715,140,603
2002-02-18T00:00:00.000+10:00,0.660,140,603
2002-02-19T00:00:00.000+10:00,0.620,140,603
2002-02-20T00:00:00.000+10:00,0.597,140,603
2002-02-21T00:00:00.000+10:00,0.571,140,603
2002-02-22T00:00:00.000+10:00,0.562,140,603
2002-02-23T00:00:00.000+10:00,0.531,140,603
2002-02-24T00:00:00.000+10:00,0.516,140,603
2002-02-25T00:00:00.000+10:00,0.512,140,603
2002-02-26T00:00:00.000+10:00,0.494,140,603
2002-02-27T00:00:00.000+10:00,0.470,140,603
2002-02-28T00:00:00.000+10:00,0.445,140,603
2002-03-01T00:00:00.000+10:00,0.444,140,603
2002-03-02T00:00:00.000+10:00,0.452,140,603
2002-03-03T00:00:00.000+10:00,0.433,140,603
2002-03-04T00:00:00.000+10:00,0.430,140,603
2002-03-05T00:00:00.000+10:00,0.565,140,603
2002-03-06T00:00:00.000+10:00,0.515,140,603
2002-03-07T00:00:00.000+10:00,0.460,140,603
2002-03-08T00:00:00.000+10:00,0.433,140,603
2002-03-09T00:00:00.000+10:00,0.417,140,603
2002-03-10T00:00:00.000+10:00,0.404,140,603
2002-03-11T00:00:00.000+10:00,0.386,140,603
2002-03-12T00:00:00.000+10:00,0.369,140,603
2002-03-13T00:00:00.000+10:00,0.360,140,603
2002-03-14T00:00:00.000+10:00,0.345,140,603
2002-03-15T00:00:00.000+10:00,0.331,140,603
2002-03-16T00:00:00.000+10:00,0.320,140,603
2002-03-17T00:00:00.000+10:00,0.307,140,603
2002-03-18T00:00:00.000+10:00,0.295,140,603
2002-03-19T00:00:00.000+10:00,0.285,140,603
2002-03-20T00:00:00.000+10:00,0.274,140,603
2002-03-21T00:00:00.000+10:00,0.277,140,603
2002-03-22T00:00:00.000+10:00,6.461,140,603
2002-03-23T00:00:00.000+10:00,4.895,140,603
2002-03-24T00:00:00.000+10:00,2.657,140,603
2002-03-25T00:00:00.000+10:00,2.022,140,603
2002-03-26T00:00:00.000+10:00,1.674,140,603
2002-03-27T00:00:00.000+10:00,1.528,140,603
2002-03-28T00:00:00.000+10:00,1.749,140,603
2002-03-29T00:00:00.000+10:00,2.938,140,603
2002-03-30T00:00:00.000+10:00,2.720,140,603
2002-03-31T00:00:00.000+10:00,5.531,140,603
2002-04-01T00:00:00.000+10:00,3.711,140,603
2002-04-02T00:00:00.000+10:00,4.508,140,603
2002-04-03T00:00:00.000+10:00,3.423,140,603
2002-04-04T00:00:00.000+10:00,2.893,140,603
2002-04-05T00:00:00.000+10:00,2.479,140,603
2002-04-06T00:00:00.000+10:00,2.065,140,603
2002-04-07T00:00:00.000+10:00,1.735,140,603
2002-04-08T00:00:00.000+10:00,1.517,140,603
2002-04-09T00:00:00.000+10:00,1.297,140,603
2002-04-10T00:00:00.000+10:00,1.142,140,603
2002-04-11T00:00:00.000+10:00,1.047,140,603
2002-04-12T00:00:00.000+10:00,0.980,140,603
2002-04-13T00:00:00.000+10:00,0.912,140,603
2002-04-14T00:00:00.000+10:00,0.881,140,603
2002-04-15T00:00:00.000+10:00,0.838,140,603
2002-04-16T00:00:00.000+10:00,0.795,140,603
2002-04-17T00:00:00.000+10:00,0.764,140,603
2002-04-18T00:00:00.000+10:00,0.732,140,603
2002-04-19T00:00:00.000+10:00,0.693,140,603
2002-04-20T00:00:00.000+10:00,0.670,140,603
2002-04-21T00:00:00.000+10:00,0.642,140,603
2002-04-22T00:00:00.000+10:00,0.626,140,603
2002-04-23T00:00:00.000+10:00,0.598,140,603
2002-04-24T00:00:00.000+10:00,0.582,140,603
2002-04-25T00:00:00.000+10:00,0.569,140,603
2002-04-26T00:00:00.000+10:00,0.558,140,603
2002-04-27T00:00:00.000+10:00,0.554,140,603
2002-04-28T00:00:00.000+10:00,0.559,140,603
2002-04-29T00:00:00.000+10:00,0.573,140,603
2002-04-30T00:00:00.000+10:00,0.591,140,603
2002-05-01T00:00:00.000+10:00,0.612,140,603
2002-05-02T00:00:00.000+10:00,0.627,140,603
2002-05-03T00:00:00.000+10:00,0.689,140,603
2002-05-04T00:00:00.000+10:00,0.759,140,603
2002-05-05T00:00:00.000+10:00,0.811,140,603
2002-05-06T00:00:00.000+10:00,0.800,140,603
2002-05-07T00:00:00.000+10:00,0.777,140,603
2002-05-08T00:00:00.000+10:00,0.753,140,603
2002-05-09T00:00:00.000+10:00,0.727,140,603
2002-05-10T00:00:00.000+10:00,0.700,140,603
2002-05-11T00:00:00.000+10:00,0.668,140,603
2002-05-12T00:00:00.000+10:00,0.642,140,603
2002-05-13T00:00:00.000+10:00,0.618,140,603
2002-05-14T00:00:00.000+10:00,0.599,140,603
2002-05-15T00:00:00.000+10:00,0.590,140,603
2002-05-16T00:00:00.000+10:00,0.577,140,603
2002-05-17T00:00:00.000+10:00,0.559,140,603
2002-05-18T00:00:00.000+10:00,0.544,140,603
2002-05-19T00:00:00.000+10:00,0.528,140,603
2002-05-20T00:00:00.000+10:00,0.506,140,603
2002-05-21T00:00:00.000+10:00,0.490,140,603
2002-05-22T00:00:00.000+10:00,0.479,140,603
2002-05-23T00:00:00.000+10:00,0.468,140,603
2002-05-24T00:00:00.000+10:00,0.458,140,603
2002-05-25T00:00:00.000+10:00,0.466,140,603
2002-05-26T00:00:00.000+10:00,0.467,140,603
2002-05-27T00:00:00.000+10:00,0.448,140,603
2002-05-28T00:00:00.000+10:00,0.441,140,603
2002-05-29T00:00:00.000+10:00,0.439,140,603
2002-05-30T00:00:00.000+10:00,0.436,140,603
2002-05-31T00:00:00.000+10:00,0.432,140,603
2002-06-01T00:00:00.000+10:00,0.422,140,603
2002-06-02T00:00:00.000+10:00,0.423,140,603
2002-06-03T00:00:00.000+10:00,0.466,140,603
2002-06-04T00:00:00.000+10:00,0.473,140,603
2002-06-05T00:00:00.000+10:00,0.459,140,603
2002-06-06T00:00:00.000+10:00,0.444,140,603
2002-06-07T00:00:00.000+10:00,0.439,140,603
2002-06-08T00:00:00.000+10:00,0.436,140,603
2002-06-09T00:00:00.000+10:00,0.434,140,603
2002-06-10T00:00:00.000+10:00,0.431,140,603
2002-06-11T00:00:00.000+10:00,0.428,140,603
2002-06-12T00:00:00.000+10:00,0.420,140,603
2002-06-13T00:00:00.000+10:00,0.407,140,603
2002-06-14T00:00:00.000+10:00,0.396,140,603
2002-06-15T00:00:00.000+10:00,0.387,140,603
2002-06-16T00:00:00.000+10:00,0.378,140,603
2002-06-17T00:00:00.000+10:00,0.369,140,603
2002-06-18T00:00:00.000+10:00,0.364,140,603
2002-06-19T00:00:00.000+10:00,0.358,140,603
2002-06-20T00:00:00.000+10:00,0.353,140,603
2002-06-21T00:00:00.000+10:00,0.347,140,603
2002-06-22T00:00:00.000+10:00,0.342,140,603
2002-06-23T00:00:00.000+10:00,0.341,140,603
2002-06-24T00:00:00.000+10:00,0.341,140,603
2002-06-25T00:00:00.000+10:00,0.340,140,603
2002-06-26T00:00:00.000+10:00,0.330,140,603
2002-06-27T00:00:00.000+10:00,0.319,140,603
2002-06-28T00:00:00.000+10:00,0.306,140,603
2002-06-29T00:00:00.000+10:00,0.298,140,603
2002-06-30T00:00:00.000+10:00,0.291,140,603
2002-07-01T00:00:00.000+10:00,0.285,140,603
2002-07-02T00:00:00.000+10:00,0.278,140,603
2002-07-03T00:00:00.000+10:00,0.273,140,603
2002-07-04T00:00:00.000+10:00,0.269,140,603
2002-07-05T00:00:00.000+10:00,0.264,140,603
2002-07-06T00:00:00.000+10:00,0.259,140,603
2002-07-07T00:00:00.000+10:00,0.253,140,603
2002-07-08T00:00:00.000+10:00,0.246,140,603
2002-07-09T00:00:00.000+10:00,0.243,140,603
2002-07-10T00:00:00.000+10:00,0.237,140,603
2002-07-11T00:00:00.000+10:00,0.230,140,603
2002-07-12T00:00:00.000+10:00,0.224,140,603
2002-07-13T00:00:00.000+10:00,0.218,140,603
2002-07-14T00:00:00.000+10:00,0.211,140,603
2002-07-15T00:00:00.000+10:00,0.205,140,603
2002-07-16T00:00:00.000+10:00,0.198,140,603
2002-07-17T00:00:00.000+10:00,0.191,140,603
2002-07-18T00:00:00.000+10:00,0.184,140,603
2002-07-19T00:00:00.000+10:00,0.178,140,603
2002-07-20T00:00:00.000+10:00,0.172,140,603
2002-07-21T00:00:00.000+10:00,0.168,140,603
2002-07-22T00:00:00.000+10:00,0.164,140,603
2002-07-23T00:00:00.000+10:00,0.161,140,603
2002-07-24T00:00:00.000+10:00,0.158,140,603
2002-07-25T00:00:00.000+10:00,0.155,140,603
2002-07-26T00:00:00.000+10:00,0.152,140,603
2002-07-27T00:00:00.000+10:00,0.149,140,603
2002-07-28T00:00:00.000+10:00,0.146,140,603
2002-07-29T00:00:00.000+10:00,0.145,140,603
2002-07-30T00:00:00.000+10:00,0.143,140,603
2002-07-31T00:00:00.000+10:00,0.142,140,603
2002-08-01T00:00:00.000+10:00,0.140,140,603
2002-08-02T00:00:00.000+10:00,0.138,140,603
2002-08-03T00:00:00.000+10:00,0.135,140,603
2002-08-04T00:00:00.000+10:00,0.132,140,603
2002-08-05T00:00:00.000+10:00,0.129,140,603
2002-08-06T00:00:00.000+10:00,0.126,140,603
2002-08-07T00:00:00.000+10:00,0.122,140,603
2002-08-08T00:00:00.000+10:00,0.118,140,603
2002-08-09T00:00:00.000+10:00,0.113,140,603
2002-08-10T00:00:00.000+10:00,0.108,140,603
2002-08-11T00:00:00.000+10:00,0.105,140,603
2002-08-12T00:00:00.000+10:00,0.103,140,603
2002-08-13T00:00:00.000+10:00,0.101,140,603
2002-08-14T00:00:00.000+10:00,0.099,140,603
2002-08-15T00:00:00.000+10:00,0.098,140,603
2002-08-16T00:00:00.000+10:00,0.096,140,603
2002-08-17T00:00:00.000+10:00,0.094,140,603
2002-08-18T00:00:00.000+10:00,0.093,140,603
2002-08-19T00:00:00.000+10:00,0.091,140,603
2002-08-20T00:00:00.000+10:00,0.092,140,603
2002-08-21T00:00:00.000+10:00,0.104,140,603
2002-08-22T00:00:00.000+10:00,0.181,140,603
2002-08-23T00:00:00.000+10:00,0.219,140,603
2002-08-24T00:00:00.000+10:00,0.170,140,603
2002-08-25T00:00:00.000+10:00,0.200,140,603
2002-08-26T00:00:00.000+10:00,0.753,140,603
2002-08-27T00:00:00.000+10:00,2.375,140,603
2002-08-28T00:00:00.000+10:00,1.334,140,603
2002-08-29T00:00:00.000+10:00,0.924,140,603
2002-08-30T00:00:00.000+10:00,0.757,140,603
2002-08-31T00:00:00.000+10:00,0.649,140,603
2002-09-01T00:00:00.000+10:00,0.635,140,603
2002-09-02T00:00:00.000+10:00,0.606,140,603
2002-09-03T00:00:00.000+10:00,0.579,140,603
2002-09-04T00:00:00.000+10:00,0.551,140,603
2002-09-05T00:00:00.000+10:00,0.522,140,603
2002-09-06T00:00:00.000+10:00,0.492,140,603
2002-09-07T00:00:00.000+10:00,0.468,140,603
2002-09-08T00:00:00.000+10:00,0.444,140,603
2002-09-09T00:00:00.000+10:00,0.420,140,603
2002-09-10T00:00:00.000+10:00,0.397,140,603
2002-09-11T00:00:00.000+10:00,0.373,140,603
2002-09-12T00:00:00.000+10:00,0.340,140,603
2002-09-13T00:00:00.000+10:00,0.314,140,603
2002-09-14T00:00:00.000+10:00,0.294,140,603
2002-09-15T00:00:00.000+10:00,0.275,140,603
2002-09-16T00:00:00.000+10:00,0.260,140,603
2002-09-17T00:00:00.000+10:00,0.249,140,603
2002-09-18T00:00:00.000+10:00,0.238,140,603
2002-09-19T00:00:00.000+10:00,0.226,140,603
2002-09-20T00:00:00.000+10:00,0.215,140,603
2002-09-21T00:00:00.000+10:00,0.204,140,603
2002-09-22T00:00:00.000+10:00,0.192,140,603
2002-09-23T00:00:00.000+10:00,0.182,140,603
2002-09-24T00:00:00.000+10:00,0.174,140,603
2002-09-25T00:00:00.000+10:00,0.165,140,603
2002-09-26T00:00:00.000+10:00,0.157,140,603
2002-09-27T00:00:00.000+10:00,0.148,140,603
2002-09-28T00:00:00.000+10:00,0.140,140,603
2002-09-29T00:00:00.000+10:00,0.132,140,603
2002-09-30T00:00:00.000+10:00,0.125,140,603
2002-10-01T00:00:00.000+10:00,0.122,140,603
2002-10-02T00:00:00.000+10:00,0.119,140,603
2002-10-03T00:00:00.000+10:00,0.117,140,603
2002-10-04T00:00:00.000+10:00,0.114,140,603
2002-10-05T00:00:00.000+10:00,0.112,140,603
2002-10-06T00:00:00.000+10:00,0.109,140,603
2002-10-07T00:00:00.000+10:00,0.105,140,603
2002-10-08T00:00:00.000+10:00,0.102,140,603
2002-10-09T00:00:00.000+10:00,0.099,140,603
2002-10-10T00:00:00.000+10:00,0.097,140,603
2002-10-11T00:00:00.000+10:00,0.095,140,603
2002-10-12T00:00:00.000+10:00,0.094,140,603
2002-10-13T00:00:00.000+10:00,0.094,140,603
2002-10-14T00:00:00.000+10:00,0.094,140,603
2002-10-15T00:00:00.000+10:00,0.094,140,603
2002-10-16T00:00:00.000+10:00,0.094,140,603
2002-10-17T00:00:00.000+10:00,0.094,140,603
2002-10-18T00:00:00.000+10:00,0.093,140,603
2002-10-19T00:00:00.000+10:00,0.093,140,603
2002-10-20T00:00:00.000+10:00,0.090,140,603
2002-10-21T00:00:00.000+10:00,0.088,140,603
2002-10-22T00:00:00.000+10:00,0.086,140,603
2002-10-23T00:00:00.000+10:00,0.084,140,603
2002-10-24T00:00:00.000+10:00,0.083,140,603
2002-10-25T00:00:00.000+10:00,0.082,140,603
2002-10-26T00:00:00.000+10:00,0.081,140,603
2002-10-27T00:00:00.000+10:00,0.082,140,603
2002-10-28T00:00:00.000+10:00,0.087,140,603
2002-10-29T00:00:00.000+10:00,0.105,140,603
2002-10-30T00:00:00.000+10:00,0.217,140,603
2002-10-31T00:00:00.000+10:00,0.240,140,603
2002-11-01T00:00:00.000+10:00,0.235,140,603
2002-11-02T00:00:00.000+10:00,0.225,140,603
2002-11-03T00:00:00.000+10:00,0.215,140,603
2002-11-04T00:00:00.000+10:00,0.202,140,603
2002-11-05T00:00:00.000+10:00,0.190,140,603
2002-11-06T00:00:00.000+10:00,0.177,140,603
2002-11-07T00:00:00.000+10:00,0.165,140,603
2002-11-08T00:00:00.000+10:00,0.152,140,603
2002-11-09T00:00:00.000+10:00,0.141,140,603
2002-11-10T00:00:00.000+10:00,0.130,140,603
2002-11-11T00:00:00.000+10:00,0.123,140,603
2002-11-12T00:00:00.000+10:00,0.118,140,603
2002-11-13T00:00:00.000+10:00,0.114,140,603
2002-11-14T00:00:00.000+10:00,0.111,140,603
2002-11-15T00:00:00.000+10:00,0.109,140,603
2002-11-16T00:00:00.000+10:00,0.106,140,603
2002-11-17T00:00:00.000+10:00,0.103,140,603
2002-11-18T00:00:00.000+10:00,0.100,140,603
2002-11-19T00:00:00.000+10:00,0.098,140,603
2002-11-20T00:00:00.000+10:00,0.095,140,603
2002-11-21T00:00:00.000+10:00,0.093,140,603
2002-11-22T00:00:00.000+10:00,0.091,140,603
2002-11-23T00:00:00.000+10:00,0.090,140,603
2002-11-24T00:00:00.000+10:00,0.090,140,603
2002-11-25T00:00:00.000+10:00,0.089,140,603
2002-11-26T00:00:00.000+10:00,0.089,140,603
2002-11-27T00:00:00.000+10:00,0.088,140,603
2002-11-28T00:00:00.000+10:00,0.087,140,603
2002-11-29T00:00:00.000+10:00,0.087,140,603
2002-11-30T00:00:00.000+10:00,0.086,140,603
2002-12-01T00:00:00.000+10:00,0.085,140,603
2002-12-02T00:00:00.000+10:00,0.084,140,603
2002-12-03T00:00:00.000+10:00,0.084,140,603
2002-12-04T00:00:00.000+10:00,0.083,140,603
2002-12-05T00:00:00.000+10:00,0.081,140,603
2002-12-06T00:00:00.000+10:00,0.079,140,603
2002-12-07T00:00:00.000+10:00,0.077,140,603
2002-12-08T00:00:00.000+10:00,0.076,140,603
2002-12-09T00:00:00.000+10:00,0.074,140,603
2002-12-10T00:00:00.000+10:00,0.073,140,603
2002-12-11T00:00:00.000+10:00,0.072,140,603
2002-12-12T00:00:00.000+10:00,0.071,140,603
2002-12-13T00:00:00.000+10:00,0.070,140,603
2002-12-14T00:00:00.000+10:00,0.069,140,603
2002-12-15T00:00:00.000+10:00,0.068,140,603
2002-12-16T00:00:00.000+10:00,0.067,140,603
2002-12-17T00:00:00.000+10:00,0.066,140,603
2002-12-18T00:00:00.000+10:00,0.065,140,603
2002-12-19T00:00:00.000+10:00,0.063,140,603
2002-12-20T00:00:00.000+10:00,0.060,140,603
2002-12-21T00:00:00.000+10:00,0.057,140,603
2002-12-22T00:00:00.000+10:00,0.054,140,603
2002-12-23T00:00:00.000+10:00,0.052,140,603
2002-12-24T00:00:00.000+10:00,0.053,140,603
2002-12-25T00:00:00.000+10:00,0.054,140,603
2002-12-26T00:00:00.000+10:00,0.055,140,603
2002-12-27T00:00:00.000+10:00,0.057,140,603
2002-12-28T00:00:00.000+10:00,0.060,140,603
2002-12-29T00:00:00.000+10:00,0.064,140,603
2002-12-30T00:00:00.000+10:00,0.069,140,603
2002-12-31T00:00:00.000+10:00,0.075,140,603
2003-01-01T00:00:00.000+10:00,0.081,140,603
2003-01-02T00:00:00.000+10:00,0.089,140,603
2003-01-03T00:00:00.000+10:00,0.102,140,603
2003-01-04T00:00:00.000+10:00,0.111,140,603
2003-01-05T00:00:00.000+10:00,0.119,140,603
2003-01-06T00:00:00.000+10:00,0.125,140,603
2003-01-07T00:00:00.000+10:00,0.127,140,603
2003-01-08T00:00:00.000+10:00,0.126,140,603
2003-01-09T00:00:00.000+10:00,0.122,140,603
2003-01-10T00:00:00.000+10:00,0.119,140,603
2003-01-11T00:00:00.000+10:00,0.115,140,603
2003-01-12T00:00:00.000+10:00,0.111,140,603
2003-01-13T00:00:00.000+10:00,0.107,140,603
2003-01-14T00:00:00.000+10:00,0.104,140,603
2003-01-15T00:00:00.000+10:00,0.100,140,603
2003-01-16T00:00:00.000+10:00,0.096,140,603
2003-01-17T00:00:00.000+10:00,0.093,140,603
2003-01-18T00:00:00.000+10:00,0.089,140,603
2003-01-19T00:00:00.000+10:00,0.085,140,603
2003-01-20T00:00:00.000+10:00,0.084,140,603
2003-01-21T00:00:00.000+10:00,0.084,140,603
2003-01-22T00:00:00.000+10:00,0.084,140,603
2003-01-23T00:00:00.000+10:00,0.085,140,603
2003-01-24T00:00:00.000+10:00,0.085,140,603
2003-01-25T00:00:00.000+10:00,0.078,140,603
2003-01-26T00:00:00.000+10:00,0.073,140,603
2003-01-27T00:00:00.000+10:00,0.073,140,603
2003-01-28T00:00:00.000+10:00,0.074,140,603
2003-01-29T00:00:00.000+10:00,0.075,140,603
2003-01-30T00:00:00.000+10:00,0.076,140,603
2003-01-31T00:00:00.000+10:00,0.077,140,603
2003-02-01T00:00:00.000+10:00,0.079,140,603
2003-02-02T00:00:00.000+10:00,0.081,140,603
2003-02-03T00:00:00.000+10:00,0.083,140,603
2003-02-04T00:00:00.000+10:00,0.087,140,603
2003-02-05T00:00:00.000+10:00,0.095,140,603
2003-02-06T00:00:00.000+10:00,0.104,140,603
2003-02-07T00:00:00.000+10:00,0.120,140,603
2003-02-08T00:00:00.000+10:00,0.162,140,603
2003-02-09T00:00:00.000+10:00,0.206,140,603
2003-02-10T00:00:00.000+10:00,0.221,140,603
2003-02-11T00:00:00.000+10:00,0.218,140,603
2003-02-12T00:00:00.000+10:00,0.213,140,603
2003-02-13T00:00:00.000+10:00,0.208,140,603
2003-02-14T00:00:00.000+10:00,0.202,140,603
2003-02-15T00:00:00.000+10:00,0.197,140,603
2003-02-16T00:00:00.000+10:00,0.190,140,603
2003-02-17T00:00:00.000+10:00,0.184,140,603
2003-02-18T00:00:00.000+10:00,0.176,140,603
2003-02-19T00:00:00.000+10:00,0.170,140,603
2003-02-20T00:00:00.000+10:00,0.175,140,603
2003-02-21T00:00:00.000+10:00,0.201,140,603
2003-02-22T00:00:00.000+10:00,0.787,140,603
2003-02-23T00:00:00.000+10:00,5.174,140,603
2003-02-24T00:00:00.000+10:00,25.777,140,603
2003-02-25T00:00:00.000+10:00,45.766,140,603
2003-02-26T00:00:00.000+10:00,15.323,140,603
2003-02-27T00:00:00.000+10:00,6.710,140,603
2003-02-28T00:00:00.000+10:00,4.406,140,603
2003-03-01T00:00:00.000+10:00,3.395,140,603
2003-03-02T00:00:00.000+10:00,2.665,140,603
2003-03-03T00:00:00.000+10:00,2.207,140,603
2003-03-04T00:00:00.000+10:00,1.936,140,603
2003-03-05T00:00:00.000+10:00,1.859,140,603
2003-03-06T00:00:00.000+10:00,2.982,140,603
2003-03-07T00:00:00.000+10:00,3.121,140,603
2003-03-08T00:00:00.000+10:00,3.926,140,603
2003-03-09T00:00:00.000+10:00,3.240,140,603
2003-03-10T00:00:00.000+10:00,3.012,140,603
2003-03-11T00:00:00.000+10:00,3.029,140,603
2003-03-12T00:00:00.000+10:00,21.473,140,603
2003-03-13T00:00:00.000+10:00,16.707,140,603
2003-03-14T00:00:00.000+10:00,9.449,140,603
2003-03-15T00:00:00.000+10:00,6.058,140,603
2003-03-16T00:00:00.000+10:00,5.127,140,603
2003-03-17T00:00:00.000+10:00,5.668,140,603
2003-03-18T00:00:00.000+10:00,4.050,140,603
2003-03-19T00:00:00.000+10:00,3.500,140,603
2003-03-20T00:00:00.000+10:00,3.100,140,603
2003-03-21T00:00:00.000+10:00,2.725,140,603
2003-03-22T00:00:00.000+10:00,2.436,140,603
2003-03-23T00:00:00.000+10:00,2.338,140,603
2003-03-24T00:00:00.000+10:00,2.005,140,603
2003-03-25T00:00:00.000+10:00,1.812,140,603
2003-03-26T00:00:00.000+10:00,1.621,140,603
2003-03-27T00:00:00.000+10:00,1.459,140,603
2003-03-28T00:00:00.000+10:00,1.336,140,603
2003-03-29T00:00:00.000+10:00,1.250,140,603
2003-03-30T00:00:00.000+10:00,1.269,140,603
2003-03-31T00:00:00.000+10:00,1.440,140,603
2003-04-01T00:00:00.000+10:00,1.242,140,603
2003-04-02T00:00:00.000+10:00,1.168,140,603
2003-04-03T00:00:00.000+10:00,1.115,140,603
2003-04-04T00:00:00.000+10:00,1.066,140,603
2003-04-05T00:00:00.000+10:00,1.013,140,603
2003-04-06T00:00:00.000+10:00,0.952,140,603
2003-04-07T00:00:00.000+10:00,0.898,140,603
2003-04-08T00:00:00.000+10:00,0.846,140,603
2003-04-09T00:00:00.000+10:00,0.814,140,603
2003-04-10T00:00:00.000+10:00,0.783,140,603
2003-04-11T00:00:00.000+10:00,0.763,140,603
2003-04-12T00:00:00.000+10:00,0.751,140,603
2003-04-13T00:00:00.000+10:00,0.746,140,603
2003-04-14T00:00:00.000+10:00,0.740,140,603
2003-04-15T00:00:00.000+10:00,0.727,140,603
2003-04-16T00:00:00.000+10:00,0.711,140,603
2003-04-17T00:00:00.000+10:00,0.696,140,603
2003-04-18T00:00:00.000+10:00,0.681,140,603
2003-04-19T00:00:00.000+10:00,0.666,140,603
2003-04-20T00:00:00.000+10:00,0.651,140,603
2003-04-21T00:00:00.000+10:00,0.639,140,603
2003-04-22T00:00:00.000+10:00,0.673,140,603
2003-04-23T00:00:00.000+10:00,0.743,140,603
2003-04-24T00:00:00.000+10:00,0.694,140,603
2003-04-25T00:00:00.000+10:00,0.724,140,603
2003-04-26T00:00:00.000+10:00,1.035,140,603
2003-04-27T00:00:00.000+10:00,1.245,140,603
2003-04-28T00:00:00.000+10:00,1.354,140,603
2003-04-29T00:00:00.000+10:00,1.304,140,603
2003-04-30T00:00:00.000+10:00,1.222,140,603
2003-05-01T00:00:00.000+10:00,1.169,140,603
2003-05-02T00:00:00.000+10:00,1.129,140,603
2003-05-03T00:00:00.000+10:00,1.076,140,603
2003-05-04T00:00:00.000+10:00,1.027,140,603
2003-05-05T00:00:00.000+10:00,1.029,140,603
2003-05-06T00:00:00.000+10:00,1.100,140,603
2003-05-07T00:00:00.000+10:00,1.307,140,603
2003-05-08T00:00:00.000+10:00,1.269,140,603
2003-05-09T00:00:00.000+10:00,1.123,140,603
2003-05-10T00:00:00.000+10:00,1.048,140,603
2003-05-11T00:00:00.000+10:00,0.989,140,603
2003-05-12T00:00:00.000+10:00,0.955,140,603
2003-05-13T00:00:00.000+10:00,0.947,140,603
2003-05-14T00:00:00.000+10:00,0.988,140,603
2003-05-15T00:00:00.000+10:00,5.191,140,603
2003-05-16T00:00:00.000+10:00,9.344,140,603
2003-05-17T00:00:00.000+10:00,5.084,140,603
2003-05-18T00:00:00.000+10:00,3.746,140,603
2003-05-19T00:00:00.000+10:00,3.296,140,603
2003-05-20T00:00:00.000+10:00,2.903,140,603
2003-05-21T00:00:00.000+10:00,2.024,140,603
2003-05-22T00:00:00.000+10:00,1.322,140,603
2003-05-23T00:00:00.000+10:00,1.060,140,603
2003-05-24T00:00:00.000+10:00,1.088,140,603
2003-05-25T00:00:00.000+10:00,1.136,140,603
2003-05-26T00:00:00.000+10:00,0.952,140,603
2003-05-27T00:00:00.000+10:00,2.360,140,603
2003-05-28T00:00:00.000+10:00,13.601,140,603
2003-05-29T00:00:00.000+10:00,6.356,140,603
2003-05-30T00:00:00.000+10:00,4.742,140,603
2003-05-31T00:00:00.000+10:00,4.042,140,603
2003-06-01T00:00:00.000+10:00,3.489,140,603
2003-06-02T00:00:00.000+10:00,3.071,140,603
2003-06-03T00:00:00.000+10:00,2.729,140,603
2003-06-04T00:00:00.000+10:00,2.450,140,603
2003-06-05T00:00:00.000+10:00,2.215,140,603
2003-06-06T00:00:00.000+10:00,1.986,140,603
2003-06-07T00:00:00.000+10:00,1.804,140,603
2003-06-08T00:00:00.000+10:00,1.639,140,603
2003-06-09T00:00:00.000+10:00,1.486,140,603
2003-06-10T00:00:00.000+10:00,1.384,140,603
2003-06-11T00:00:00.000+10:00,1.303,140,603
2003-06-12T00:00:00.000+10:00,1.229,140,603
2003-06-13T00:00:00.000+10:00,1.162,140,603
2003-06-14T00:00:00.000+10:00,1.106,140,603
2003-06-15T00:00:00.000+10:00,1.038,140,603
2003-06-16T00:00:00.000+10:00,0.981,140,603
2003-06-17T00:00:00.000+10:00,0.930,140,603
2003-06-18T00:00:00.000+10:00,0.896,140,603
2003-06-19T00:00:00.000+10:00,0.862,140,603
2003-06-20T00:00:00.000+10:00,0.838,140,603
2003-06-21T00:00:00.000+10:00,0.840,140,603
2003-06-22T00:00:00.000+10:00,0.840,140,603
2003-06-23T00:00:00.000+10:00,0.787,140,603
2003-06-24T00:00:00.000+10:00,0.755,140,603
2003-06-25T00:00:00.000+10:00,0.741,140,603
2003-06-26T00:00:00.000+10:00,1.607,140,603
2003-06-27T00:00:00.000+10:00,3.131,140,603
2003-06-28T00:00:00.000+10:00,1.926,140,603
2003-06-29T00:00:00.000+10:00,1.495,140,603
2003-06-30T00:00:00.000+10:00,1.295,140,603
2003-07-01T00:00:00.000+10:00,1.192,140,603
2003-07-02T00:00:00.000+10:00,1.116,140,603
2003-07-03T00:00:00.000+10:00,1.063,140,603
2003-07-04T00:00:00.000+10:00,0.993,140,603
2003-07-05T00:00:00.000+10:00,0.943,140,603
2003-07-06T00:00:00.000+10:00,0.891,140,603
2003-07-07T00:00:00.000+10:00,0.860,140,603
2003-07-08T00:00:00.000+10:00,0.829,140,603
2003-07-09T00:00:00.000+10:00,0.798,140,603
2003-07-10T00:00:00.000+10:00,0.769,140,603
2003-07-11T00:00:00.000+10:00,0.754,140,603
2003-07-12T00:00:00.000+10:00,0.739,140,603
2003-07-13T00:00:00.000+10:00,0.725,140,603
2003-07-14T00:00:00.000+10:00,0.711,140,603
2003-07-15T00:00:00.000+10:00,0.697,140,603
2003-07-16T00:00:00.000+10:00,0.683,140,603
2003-07-17T00:00:00.000+10:00,0.669,140,603
2003-07-18T00:00:00.000+10:00,0.655,140,603
2003-07-19T00:00:00.000+10:00,0.641,140,603
2003-07-20T00:00:00.000+10:00,0.627,140,603
2003-07-21T00:00:00.000+10:00,0.627,140,603
2003-07-22T00:00:00.000+10:00,0.577,140,603
2003-07-23T00:00:00.000+10:00,0.560,140,603
2003-07-24T00:00:00.000+10:00,0.546,140,603
2003-07-25T00:00:00.000+10:00,0.531,140,603
2003-07-26T00:00:00.000+10:00,0.517,140,603
2003-07-27T00:00:00.000+10:00,0.503,140,603
2003-07-28T00:00:00.000+10:00,0.488,140,603
2003-07-29T00:00:00.000+10:00,0.474,140,603
2003-07-30T00:00:00.000+10:00,0.460,140,603
2003-07-31T00:00:00.000+10:00,0.446,140,603
2003-08-01T00:00:00.000+10:00,0.436,140,603
2003-08-02T00:00:00.000+10:00,0.425,140,603
2003-08-03T00:00:00.000+10:00,0.415,140,603
2003-08-04T00:00:00.000+10:00,0.406,140,603
2003-08-05T00:00:00.000+10:00,0.397,140,603
2003-08-06T00:00:00.000+10:00,0.388,140,603
2003-08-07T00:00:00.000+10:00,0.379,140,603
2003-08-08T00:00:00.000+10:00,0.370,140,603
2003-08-09T00:00:00.000+10:00,0.361,140,603
2003-08-10T00:00:00.000+10:00,0.352,140,603
2003-08-11T00:00:00.000+10:00,0.348,140,603
2003-08-12T00:00:00.000+10:00,0.350,140,603
2003-08-13T00:00:00.000+10:00,0.351,140,603
2003-08-14T00:00:00.000+10:00,0.346,140,603
2003-08-15T00:00:00.000+10:00,0.339,140,603
2003-08-16T00:00:00.000+10:00,0.332,140,603
2003-08-17T00:00:00.000+10:00,0.325,140,603
2003-08-18T00:00:00.000+10:00,0.318,140,603
2003-08-19T00:00:00.000+10:00,0.311,140,603
2003-08-20T00:00:00.000+10:00,0.304,140,603
2003-08-21T00:00:00.000+10:00,0.297,140,603
2003-08-22T00:00:00.000+10:00,0.292,140,603
2003-08-23T00:00:00.000+10:00,0.289,140,603
2003-08-24T00:00:00.000+10:00,0.287,140,603
2003-08-25T00:00:00.000+10:00,0.284,140,603
2003-08-26T00:00:00.000+10:00,0.279,140,603
2003-08-27T00:00:00.000+10:00,0.274,140,603
2003-08-28T00:00:00.000+10:00,0.270,140,603
2003-08-29T00:00:00.000+10:00,0.265,140,603
2003-08-30T00:00:00.000+10:00,0.260,140,603
2003-08-31T00:00:00.000+10:00,0.255,140,603
2003-09-01T00:00:00.000+10:00,0.251,140,603
2003-09-02T00:00:00.000+10:00,0.246,140,603
2003-09-03T00:00:00.000+10:00,0.241,140,603
2003-09-04T00:00:00.000+10:00,0.235,140,603
2003-09-05T00:00:00.000+10:00,0.230,140,603
2003-09-06T00:00:00.000+10:00,0.224,140,603
2003-09-07T00:00:00.000+10:00,0.219,140,603
2003-09-08T00:00:00.000+10:00,0.215,140,603
2003-09-09T00:00:00.000+10:00,0.212,140,603
2003-09-10T00:00:00.000+10:00,0.209,140,603
2003-09-11T00:00:00.000+10:00,0.205,140,603
2003-09-12T00:00:00.000+10:00,0.202,140,603
2003-09-13T00:00:00.000+10:00,0.198,140,603
2003-09-14T00:00:00.000+10:00,0.194,140,603
2003-09-15T00:00:00.000+10:00,0.191,140,603
2003-09-16T00:00:00.000+10:00,0.187,140,603
2003-09-17T00:00:00.000+10:00,0.183,140,603
2003-09-18T00:00:00.000+10:00,0.179,140,603
2003-09-19T00:00:00.000+10:00,0.175,140,603
2003-09-20T00:00:00.000+10:00,0.171,140,603
2003-09-21T00:00:00.000+10:00,0.167,140,603
2003-09-22T00:00:00.000+10:00,0.163,140,603
2003-09-23T00:00:00.000+10:00,0.159,140,603
2003-09-24T00:00:00.000+10:00,0.153,140,603
2003-09-25T00:00:00.000+10:00,0.146,140,603
2003-09-26T00:00:00.000+10:00,0.140,140,603
2003-09-27T00:00:00.000+10:00,0.134,140,603
2003-09-28T00:00:00.000+10:00,0.127,140,603
2003-09-29T00:00:00.000+10:00,0.121,140,603
2003-09-30T00:00:00.000+10:00,0.119,140,603
2003-10-01T00:00:00.000+10:00,0.129,140,603
2003-10-02T00:00:00.000+10:00,0.168,140,603
2003-10-03T00:00:00.000+10:00,0.197,140,603
2003-10-04T00:00:00.000+10:00,0.199,140,603
2003-10-05T00:00:00.000+10:00,0.174,140,603
2003-10-06T00:00:00.000+10:00,0.193,140,603
2003-10-07T00:00:00.000+10:00,0.205,140,603
2003-10-08T00:00:00.000+10:00,0.208,140,603
2003-10-09T00:00:00.000+10:00,0.215,140,603
2003-10-10T00:00:00.000+10:00,0.228,140,603
2003-10-11T00:00:00.000+10:00,0.232,140,603
2003-10-12T00:00:00.000+10:00,0.227,140,603
2003-10-13T00:00:00.000+10:00,0.209,140,603
2003-10-14T00:00:00.000+10:00,0.194,140,603
2003-10-15T00:00:00.000+10:00,0.182,140,603
2003-10-16T00:00:00.000+10:00,0.189,140,603
2003-10-17T00:00:00.000+10:00,0.208,140,603
2003-10-18T00:00:00.000+10:00,0.209,140,603
2003-10-19T00:00:00.000+10:00,0.204,140,603
2003-10-20T00:00:00.000+10:00,0.189,140,603
2003-10-21T00:00:00.000+10:00,0.173,140,603
2003-10-22T00:00:00.000+10:00,0.163,140,603
2003-10-23T00:00:00.000+10:00,0.158,140,603
2003-10-24T00:00:00.000+10:00,0.155,140,603
2003-10-25T00:00:00.000+10:00,0.153,140,603
2003-10-26T00:00:00.000+10:00,0.150,140,603
2003-10-27T00:00:00.000+10:00,0.148,140,603
2003-10-28T00:00:00.000+10:00,0.144,140,603
2003-10-29T00:00:00.000+10:00,0.140,140,603
2003-10-30T00:00:00.000+10:00,0.136,140,603
2003-10-31T00:00:00.000+10:00,0.133,140,603
2003-11-01T00:00:00.000+10:00,0.129,140,603
2003-11-02T00:00:00.000+10:00,0.124,140,603
2003-11-03T00:00:00.000+10:00,0.118,140,603
2003-11-04T00:00:00.000+10:00,0.113,140,603
2003-11-05T00:00:00.000+10:00,0.107,140,603
2003-11-06T00:00:00.000+10:00,0.102,140,603
2003-11-07T00:00:00.000+10:00,0.099,140,603
2003-11-08T00:00:00.000+10:00,0.095,140,603
2003-11-09T00:00:00.000+10:00,0.091,140,603
2003-11-10T00:00:00.000+10:00,0.087,140,603
2003-11-11T00:00:00.000+10:00,0.083,140,603
2003-11-12T00:00:00.000+10:00,0.079,140,603
2003-11-13T00:00:00.000+10:00,0.075,140,603
2003-11-14T00:00:00.000+10:00,0.071,140,603
2003-11-15T00:00:00.000+10:00,0.067,140,603
2003-11-16T00:00:00.000+10:00,0.063,140,603
2003-11-17T00:00:00.000+10:00,0.060,140,603
2003-11-18T00:00:00.000+10:00,0.058,140,603
2003-11-19T00:00:00.000+10:00,0.055,140,603
2003-11-20T00:00:00.000+10:00,0.054,140,603
2003-11-21T00:00:00.000+10:00,0.063,140,603
2003-11-22T00:00:00.000+10:00,0.102,140,603
2003-11-23T00:00:00.000+10:00,0.063,140,603
2003-11-24T00:00:00.000+10:00,0.080,140,603
2003-11-25T00:00:00.000+10:00,0.081,140,603
2003-11-26T00:00:00.000+10:00,0.089,140,603
2003-11-27T00:00:00.000+10:00,0.102,140,603
2003-11-28T00:00:00.000+10:00,0.110,140,603
2003-11-29T00:00:00.000+10:00,0.109,140,603
2003-11-30T00:00:00.000+10:00,0.106,140,603
2003-12-01T00:00:00.000+10:00,0.102,140,603
2003-12-02T00:00:00.000+10:00,0.099,140,603
2003-12-03T00:00:00.000+10:00,0.096,140,603
2003-12-04T00:00:00.000+10:00,0.091,140,603
2003-12-05T00:00:00.000+10:00,0.099,140,603
2003-12-06T00:00:00.000+10:00,0.435,140,603
2003-12-07T00:00:00.000+10:00,0.729,140,603
2003-12-08T00:00:00.000+10:00,0.436,140,603
2003-12-09T00:00:00.000+10:00,0.342,140,603
2003-12-10T00:00:00.000+10:00,0.295,140,603
2003-12-11T00:00:00.000+10:00,0.269,140,603
2003-12-12T00:00:00.000+10:00,0.243,140,603
2003-12-13T00:00:00.000+10:00,0.216,140,603
2003-12-14T00:00:00.000+10:00,0.206,140,603
2003-12-15T00:00:00.000+10:00,0.192,140,603
2003-12-16T00:00:00.000+10:00,0.211,140,603
2003-12-17T00:00:00.000+10:00,0.251,140,603
2003-12-18T00:00:00.000+10:00,0.352,140,603
2003-12-19T00:00:00.000+10:00,0.322,140,603
2003-12-20T00:00:00.000+10:00,0.298,140,603
2003-12-21T00:00:00.000+10:00,0.273,140,603
2003-12-22T00:00:00.000+10:00,0.258,140,603
2003-12-23T00:00:00.000+10:00,0.236,140,603
2003-12-24T00:00:00.000+10:00,0.217,140,603
2003-12-25T00:00:00.000+10:00,0.200,140,603
2003-12-26T00:00:00.000+10:00,0.188,140,603
2003-12-27T00:00:00.000+10:00,0.189,140,603
2003-12-28T00:00:00.000+10:00,0.173,140,603
2003-12-29T00:00:00.000+10:00,0.165,140,603
2003-12-30T00:00:00.000+10:00,0.155,140,603
2003-12-31T00:00:00.000+10:00,0.149,140,603
2004-01-01T00:00:00.000+10:00,0.143,140,603
2004-01-02T00:00:00.000+10:00,0.137,140,603
2004-01-03T00:00:00.000+10:00,0.133,140,603
2004-01-04T00:00:00.000+10:00,0.111,140,603
2004-01-05T00:00:00.000+10:00,0.090,140,603
2004-01-06T00:00:00.000+10:00,0.081,140,603
2004-01-07T00:00:00.000+10:00,0.074,140,603
2004-01-08T00:00:00.000+10:00,0.065,140,603
2004-01-09T00:00:00.000+10:00,0.061,140,603
2004-01-10T00:00:00.000+10:00,0.058,140,603
2004-01-11T00:00:00.000+10:00,0.059,140,603
2004-01-12T00:00:00.000+10:00,0.054,140,603
2004-01-13T00:00:00.000+10:00,0.048,140,603
2004-01-14T00:00:00.000+10:00,0.049,140,603
2004-01-15T00:00:00.000+10:00,14.944,140,603
2004-01-16T00:00:00.000+10:00,8.317,140,603
2004-01-17T00:00:00.000+10:00,4.598,140,603
2004-01-18T00:00:00.000+10:00,2.938,140,603
2004-01-19T00:00:00.000+10:00,3.630,140,603
2004-01-20T00:00:00.000+10:00,3.128,140,603
2004-01-21T00:00:00.000+10:00,2.123,140,603
2004-01-22T00:00:00.000+10:00,1.658,140,603
2004-01-23T00:00:00.000+10:00,1.478,140,603
2004-01-24T00:00:00.000+10:00,1.341,140,603
2004-01-25T00:00:00.000+10:00,1.296,140,603
2004-01-26T00:00:00.000+10:00,1.642,140,603
2004-01-27T00:00:00.000+10:00,1.259,140,603
2004-01-28T00:00:00.000+10:00,1.207,140,603
2004-01-29T00:00:00.000+10:00,1.113,140,603
2004-01-30T00:00:00.000+10:00,0.970,140,603
2004-01-31T00:00:00.000+10:00,0.871,140,603
2004-02-01T00:00:00.000+10:00,0.793,140,603
2004-02-02T00:00:00.000+10:00,0.733,140,603
2004-02-03T00:00:00.000+10:00,0.765,140,603
2004-02-04T00:00:00.000+10:00,0.768,140,603
2004-02-05T00:00:00.000+10:00,0.701,140,603
2004-02-06T00:00:00.000+10:00,0.654,140,603
2004-02-07T00:00:00.000+10:00,0.615,140,603
2004-02-08T00:00:00.000+10:00,0.589,140,603
2004-02-09T00:00:00.000+10:00,0.557,140,603
2004-02-10T00:00:00.000+10:00,0.530,140,603
2004-02-11T00:00:00.000+10:00,0.495,140,603
2004-02-12T00:00:00.000+10:00,0.463,140,603
2004-02-13T00:00:00.000+10:00,0.427,140,603
2004-02-14T00:00:00.000+10:00,0.382,140,603
2004-02-15T00:00:00.000+10:00,0.347,140,603
2004-02-16T00:00:00.000+10:00,0.327,140,603
2004-02-17T00:00:00.000+10:00,0.300,140,603
2004-02-18T00:00:00.000+10:00,0.282,140,603
2004-02-19T00:00:00.000+10:00,0.264,140,603
2004-02-20T00:00:00.000+10:00,0.251,140,603
2004-02-21T00:00:00.000+10:00,0.237,140,603
2004-02-22T00:00:00.000+10:00,0.225,140,603
2004-02-23T00:00:00.000+10:00,0.230,140,603
2004-02-24T00:00:00.000+10:00,0.704,140,603
2004-02-25T00:00:00.000+10:00,3.512,140,603
2004-02-26T00:00:00.000+10:00,3.178,140,603
2004-02-27T00:00:00.000+10:00,2.076,140,603
2004-02-28T00:00:00.000+10:00,1.513,140,603
2004-02-29T00:00:00.000+10:00,1.224,140,603
2004-03-01T00:00:00.000+10:00,1.069,140,603
2004-03-02T00:00:00.000+10:00,0.961,140,603
2004-03-03T00:00:00.000+10:00,0.887,140,603
2004-03-04T00:00:00.000+10:00,0.829,140,603
2004-03-05T00:00:00.000+10:00,0.779,140,603
2004-03-06T00:00:00.000+10:00,38.326,140,603
2004-03-07T00:00:00.000+10:00,9.213,140,603
2004-03-08T00:00:00.000+10:00,5.285,140,603
2004-03-09T00:00:00.000+10:00,3.944,140,603
2004-03-10T00:00:00.000+10:00,3.194,140,603
2004-03-11T00:00:00.000+10:00,3.282,140,603
2004-03-12T00:00:00.000+10:00,2.853,140,603
2004-03-13T00:00:00.000+10:00,2.433,140,603
2004-03-14T00:00:00.000+10:00,2.142,140,603
2004-03-15T00:00:00.000+10:00,2.144,140,603
2004-03-16T00:00:00.000+10:00,5.008,140,603
2004-03-17T00:00:00.000+10:00,3.888,140,603
2004-03-18T00:00:00.000+10:00,3.540,140,603
2004-03-19T00:00:00.000+10:00,3.196,140,603
2004-03-20T00:00:00.000+10:00,2.761,140,603
2004-03-21T00:00:00.000+10:00,2.406,140,603
2004-03-22T00:00:00.000+10:00,2.246,140,603
2004-03-23T00:00:00.000+10:00,53.690,140,603
2004-03-24T00:00:00.000+10:00,42.949,140,603
2004-03-25T00:00:00.000+10:00,10.482,140,603
2004-03-26T00:00:00.000+10:00,6.543,140,603
2004-03-27T00:00:00.000+10:00,4.875,140,603
2004-03-28T00:00:00.000+10:00,4.020,140,603
2004-03-29T00:00:00.000+10:00,3.449,140,603
2004-03-30T00:00:00.000+10:00,2.965,140,603
2004-03-31T00:00:00.000+10:00,2.540,140,603
2004-04-01T00:00:00.000+10:00,2.194,140,603
2004-04-02T00:00:00.000+10:00,1.920,140,603
2004-04-03T00:00:00.000+10:00,1.902,140,603
2004-04-04T00:00:00.000+10:00,1.642,140,603
2004-04-05T00:00:00.000+10:00,1.521,140,603
2004-04-06T00:00:00.000+10:00,1.502,140,603
2004-04-07T00:00:00.000+10:00,2.008,140,603
2004-04-08T00:00:00.000+10:00,1.747,140,603
2004-04-09T00:00:00.000+10:00,1.498,140,603
2004-04-10T00:00:00.000+10:00,1.352,140,603
2004-04-11T00:00:00.000+10:00,1.243,140,603
2004-04-12T00:00:00.000+10:00,1.161,140,603
2004-04-13T00:00:00.000+10:00,1.093,140,603
2004-04-14T00:00:00.000+10:00,1.052,140,603
2004-04-15T00:00:00.000+10:00,1.005,140,603
2004-04-16T00:00:00.000+10:00,0.955,140,603
2004-04-17T00:00:00.000+10:00,0.917,140,603
2004-04-18T00:00:00.000+10:00,0.880,140,603
2004-04-19T00:00:00.000+10:00,0.844,140,603
2004-04-20T00:00:00.000+10:00,0.813,140,603
2004-04-21T00:00:00.000+10:00,0.783,140,603
2004-04-22T00:00:00.000+10:00,0.756,140,603
2004-04-23T00:00:00.000+10:00,0.733,140,603
2004-04-24T00:00:00.000+10:00,0.713,140,603
2004-04-25T00:00:00.000+10:00,0.688,140,603
2004-04-26T00:00:00.000+10:00,0.667,140,603
2004-04-27T00:00:00.000+10:00,0.648,140,603
2004-04-28T00:00:00.000+10:00,0.635,140,603
2004-04-29T00:00:00.000+10:00,0.678,140,603
2004-04-30T00:00:00.000+10:00,1.036,140,603
2004-05-01T00:00:00.000+10:00,0.912,140,603
2004-05-02T00:00:00.000+10:00,0.775,140,603
2004-05-03T00:00:00.000+10:00,0.714,140,603
2004-05-04T00:00:00.000+10:00,0.677,140,603
2004-05-05T00:00:00.000+10:00,0.648,140,603
2004-05-06T00:00:00.000+10:00,0.630,140,603
2004-05-07T00:00:00.000+10:00,0.616,140,603
2004-05-08T00:00:00.000+10:00,0.609,140,603
2004-05-09T00:00:00.000+10:00,0.598,140,603
2004-05-10T00:00:00.000+10:00,0.589,140,603
2004-05-11T00:00:00.000+10:00,0.569,140,603
2004-05-12T00:00:00.000+10:00,0.554,140,603
2004-05-13T00:00:00.000+10:00,0.539,140,603
2004-05-14T00:00:00.000+10:00,0.523,140,603
2004-05-15T00:00:00.000+10:00,0.510,140,603
2004-05-16T00:00:00.000+10:00,0.500,140,603
2004-05-17T00:00:00.000+10:00,0.486,140,603
2004-05-18T00:00:00.000+10:00,0.475,140,603
2004-05-19T00:00:00.000+10:00,0.467,140,603
2004-05-20T00:00:00.000+10:00,0.452,140,603
2004-05-21T00:00:00.000+10:00,0.435,140,603
2004-05-22T00:00:00.000+10:00,0.425,140,603
2004-05-23T00:00:00.000+10:00,0.419,140,603
2004-05-24T00:00:00.000+10:00,0.412,140,603
2004-05-25T00:00:00.000+10:00,0.411,140,603
2004-05-26T00:00:00.000+10:00,0.424,140,603
2004-05-27T00:00:00.000+10:00,0.415,140,603
2004-05-28T00:00:00.000+10:00,0.396,140,603
2004-05-29T00:00:00.000+10:00,0.385,140,603
2004-05-30T00:00:00.000+10:00,0.378,140,603
2004-05-31T00:00:00.000+10:00,0.372,140,603
2004-06-01T00:00:00.000+10:00,0.360,140,603
2004-06-02T00:00:00.000+10:00,0.353,140,603
2004-06-03T00:00:00.000+10:00,0.353,140,603
2004-06-04T00:00:00.000+10:00,0.352,140,603
2004-06-05T00:00:00.000+10:00,0.338,140,603
2004-06-06T00:00:00.000+10:00,0.325,140,603
2004-06-07T00:00:00.000+10:00,0.317,140,603
2004-06-08T00:00:00.000+10:00,0.314,140,603
2004-06-09T00:00:00.000+10:00,0.313,140,603
2004-06-10T00:00:00.000+10:00,0.317,140,603
2004-06-11T00:00:00.000+10:00,0.353,140,603
2004-06-12T00:00:00.000+10:00,0.347,140,603
2004-06-13T00:00:00.000+10:00,0.328,140,603
2004-06-14T00:00:00.000+10:00,0.318,140,603
2004-06-15T00:00:00.000+10:00,0.311,140,603
2004-06-16T00:00:00.000+10:00,0.304,140,603
2004-06-17T00:00:00.000+10:00,0.295,140,603
2004-06-18T00:00:00.000+10:00,0.286,140,603
2004-06-19T00:00:00.000+10:00,0.277,140,603
2004-06-20T00:00:00.000+10:00,0.268,140,603
2004-06-21T00:00:00.000+10:00,0.261,140,603
2004-06-22T00:00:00.000+10:00,0.256,140,603
2004-06-23T00:00:00.000+10:00,0.251,140,603
2004-06-24T00:00:00.000+10:00,0.246,140,603
2004-06-25T00:00:00.000+10:00,0.241,140,603
2004-06-26T00:00:00.000+10:00,0.233,140,603
2004-06-27T00:00:00.000+10:00,0.225,140,603
2004-06-28T00:00:00.000+10:00,0.217,140,603
2004-06-29T00:00:00.000+10:00,0.210,140,603
2004-06-30T00:00:00.000+10:00,0.204,140,603
2004-07-01T00:00:00.000+10:00,0.197,140,603
2004-07-02T00:00:00.000+10:00,0.193,140,603
2004-07-03T00:00:00.000+10:00,0.189,140,603
2004-07-04T00:00:00.000+10:00,0.187,140,603
2004-07-05T00:00:00.000+10:00,0.185,140,603
2004-07-06T00:00:00.000+10:00,0.182,140,603
2004-07-07T00:00:00.000+10:00,0.179,140,603
2004-07-08T00:00:00.000+10:00,0.171,140,603
2004-07-09T00:00:00.000+10:00,0.166,140,603
2004-07-10T00:00:00.000+10:00,0.167,140,603
2004-07-11T00:00:00.000+10:00,0.174,140,603
2004-07-12T00:00:00.000+10:00,0.180,140,603
2004-07-13T00:00:00.000+10:00,0.181,140,603
2004-07-14T00:00:00.000+10:00,0.181,140,603
2004-07-15T00:00:00.000+10:00,0.175,140,603
2004-07-16T00:00:00.000+10:00,0.174,140,603
2004-07-17T00:00:00.000+10:00,0.173,140,603
2004-07-18T00:00:00.000+10:00,0.169,140,603
2004-07-19T00:00:00.000+10:00,0.166,140,603
2004-07-20T00:00:00.000+10:00,0.153,140,603
2004-07-21T00:00:00.000+10:00,0.148,140,603
2004-07-22T00:00:00.000+10:00,0.144,140,603
2004-07-23T00:00:00.000+10:00,0.138,140,603
2004-07-24T00:00:00.000+10:00,0.138,140,603
2004-07-25T00:00:00.000+10:00,0.133,140,603
2004-07-26T00:00:00.000+10:00,0.133,140,603
2004-07-27T00:00:00.000+10:00,0.179,140,603
2004-07-28T00:00:00.000+10:00,0.197,140,603
2004-07-29T00:00:00.000+10:00,0.178,140,603
2004-07-30T00:00:00.000+10:00,0.171,140,603
2004-07-31T00:00:00.000+10:00,0.177,140,603
2004-08-01T00:00:00.000+10:00,0.180,140,603
2004-08-02T00:00:00.000+10:00,0.176,140,603
2004-08-03T00:00:00.000+10:00,0.169,140,603
2004-08-04T00:00:00.000+10:00,0.161,140,603
2004-08-05T00:00:00.000+10:00,0.149,140,603
2004-08-06T00:00:00.000+10:00,0.146,140,603
2004-08-07T00:00:00.000+10:00,0.137,140,603
2004-08-08T00:00:00.000+10:00,0.133,140,603
2004-08-09T00:00:00.000+10:00,0.131,140,603
2004-08-10T00:00:00.000+10:00,0.121,140,603
2004-08-11T00:00:00.000+10:00,0.117,140,603
2004-08-12T00:00:00.000+10:00,0.114,140,603
2004-08-13T00:00:00.000+10:00,0.112,140,603
2004-08-14T00:00:00.000+10:00,0.109,140,603
2004-08-15T00:00:00.000+10:00,0.108,140,603
2004-08-16T00:00:00.000+10:00,0.103,140,603
2004-08-17T00:00:00.000+10:00,0.100,140,603
2004-08-18T00:00:00.000+10:00,0.104,140,603
2004-08-19T00:00:00.000+10:00,0.111,140,603
2004-08-20T00:00:00.000+10:00,0.106,140,603
2004-08-21T00:00:00.000+10:00,0.103,140,603
2004-08-22T00:00:00.000+10:00,0.103,140,603
2004-08-23T00:00:00.000+10:00,0.101,140,603
2004-08-24T00:00:00.000+10:00,0.103,140,603
2004-08-25T00:00:00.000+10:00,0.103,140,603
2004-08-26T00:00:00.000+10:00,0.103,140,603
2004-08-27T00:00:00.000+10:00,0.102,140,603
2004-08-28T00:00:00.000+10:00,0.103,140,603
2004-08-29T00:00:00.000+10:00,0.179,140,603
2004-08-30T00:00:00.000+10:00,0.181,140,603
2004-08-31T00:00:00.000+10:00,0.148,140,603
2004-09-01T00:00:00.000+10:00,0.131,140,603
2004-09-02T00:00:00.000+10:00,0.129,140,603
2004-09-03T00:00:00.000+10:00,0.125,140,603
2004-09-04T00:00:00.000+10:00,0.123,140,603
2004-09-05T00:00:00.000+10:00,0.120,140,603
2004-09-06T00:00:00.000+10:00,0.115,140,603
2004-09-07T00:00:00.000+10:00,0.115,140,603
2004-09-08T00:00:00.000+10:00,0.118,140,603
2004-09-09T00:00:00.000+10:00,0.311,140,603
2004-09-10T00:00:00.000+10:00,0.355,140,603
2004-09-11T00:00:00.000+10:00,0.262,140,603
2004-09-12T00:00:00.000+10:00,0.257,140,603
2004-09-13T00:00:00.000+10:00,0.255,140,603
2004-09-14T00:00:00.000+10:00,0.246,140,603
2004-09-15T00:00:00.000+10:00,0.233,140,603
2004-09-16T00:00:00.000+10:00,0.217,140,603
2004-09-17T00:00:00.000+10:00,0.201,140,603
2004-09-18T00:00:00.000+10:00,0.189,140,603
2004-09-19T00:00:00.000+10:00,0.178,140,603
2004-09-20T00:00:00.000+10:00,0.170,140,603
2004-09-21T00:00:00.000+10:00,0.159,140,603
2004-09-22T00:00:00.000+10:00,0.150,140,603
2004-09-23T00:00:00.000+10:00,0.143,140,603
2004-09-24T00:00:00.000+10:00,0.137,140,603
2004-09-25T00:00:00.000+10:00,0.132,140,603
2004-09-26T00:00:00.000+10:00,0.127,140,603
2004-09-27T00:00:00.000+10:00,0.119,140,603
2004-09-28T00:00:00.000+10:00,0.110,140,603
2004-09-29T00:00:00.000+10:00,0.111,140,603
2004-09-30T00:00:00.000+10:00,0.108,140,603
2004-10-01T00:00:00.000+10:00,0.122,140,603
2004-10-02T00:00:00.000+10:00,0.132,140,603
2004-10-03T00:00:00.000+10:00,0.149,140,603
2004-10-04T00:00:00.000+10:00,0.114,140,603
2004-10-05T00:00:00.000+10:00,0.109,140,603
2004-10-06T00:00:00.000+10:00,0.104,140,603
2004-10-07T00:00:00.000+10:00,0.099,140,603
2004-10-08T00:00:00.000+10:00,0.097,140,603
2004-10-09T00:00:00.000+10:00,0.094,140,603
2004-10-10T00:00:00.000+10:00,0.092,140,603
2004-10-11T00:00:00.000+10:00,0.091,140,603
2004-10-12T00:00:00.000+10:00,0.086,140,603
2004-10-13T00:00:00.000+10:00,0.082,140,603
2004-10-14T00:00:00.000+10:00,0.080,140,603
2004-10-15T00:00:00.000+10:00,0.073,140,603
2004-10-16T00:00:00.000+10:00,0.072,140,603
2004-10-17T00:00:00.000+10:00,0.085,140,603
2004-10-18T00:00:00.000+10:00,0.116,140,603
2004-10-19T00:00:00.000+10:00,5.063,140,603
2004-10-20T00:00:00.000+10:00,83.161,140,603
2004-10-21T00:00:00.000+10:00,11.413,140,603
2004-10-22T00:00:00.000+10:00,5.060,140,603
2004-10-23T00:00:00.000+10:00,3.455,140,603
2004-10-24T00:00:00.000+10:00,2.562,140,603
2004-10-25T00:00:00.000+10:00,2.015,140,603
2004-10-26T00:00:00.000+10:00,1.667,140,603
2004-10-27T00:00:00.000+10:00,1.428,140,603
2004-10-28T00:00:00.000+10:00,1.235,140,603
2004-10-29T00:00:00.000+10:00,1.065,140,603
2004-10-30T00:00:00.000+10:00,0.963,140,603
2004-10-31T00:00:00.000+10:00,0.888,140,603
2004-11-01T00:00:00.000+10:00,0.827,140,603
2004-11-02T00:00:00.000+10:00,0.775,140,603
2004-11-03T00:00:00.000+10:00,0.729,140,603
2004-11-04T00:00:00.000+10:00,0.687,140,603
2004-11-05T00:00:00.000+10:00,0.658,140,603
2004-11-06T00:00:00.000+10:00,0.640,140,603
2004-11-07T00:00:00.000+10:00,0.619,140,603
2004-11-08T00:00:00.000+10:00,0.650,140,603
2004-11-09T00:00:00.000+10:00,0.951,140,603
2004-11-10T00:00:00.000+10:00,2.131,140,603
2004-11-11T00:00:00.000+10:00,1.413,140,603
2004-11-12T00:00:00.000+10:00,1.157,140,603
2004-11-13T00:00:00.000+10:00,1.014,140,603
2004-11-14T00:00:00.000+10:00,0.913,140,603
2004-11-15T00:00:00.000+10:00,0.860,140,603
2004-11-16T00:00:00.000+10:00,0.827,140,603
2004-11-17T00:00:00.000+10:00,0.789,140,603
2004-11-18T00:00:00.000+10:00,0.764,140,603
2004-11-19T00:00:00.000+10:00,0.741,140,603
2004-11-20T00:00:00.000+10:00,0.723,140,603
2004-11-21T00:00:00.000+10:00,0.723,140,603
2004-11-22T00:00:00.000+10:00,1.684,140,603
2004-11-23T00:00:00.000+10:00,1.928,140,603
2004-11-24T00:00:00.000+10:00,1.170,140,603
2004-11-25T00:00:00.000+10:00,1.002,140,603
2004-11-26T00:00:00.000+10:00,0.865,140,603
2004-11-27T00:00:00.000+10:00,0.740,140,603
2004-11-28T00:00:00.000+10:00,0.663,140,603
2004-11-29T00:00:00.000+10:00,0.606,140,603
2004-11-30T00:00:00.000+10:00,0.557,140,603
2004-12-01T00:00:00.000+10:00,0.513,140,603
2004-12-02T00:00:00.000+10:00,0.481,140,603
2004-12-03T00:00:00.000+10:00,0.550,140,603
2004-12-04T00:00:00.000+10:00,0.765,140,603
2004-12-05T00:00:00.000+10:00,0.755,140,603
2004-12-06T00:00:00.000+10:00,0.693,140,603
2004-12-07T00:00:00.000+10:00,0.666,140,603
2004-12-08T00:00:00.000+10:00,0.653,140,603
2004-12-09T00:00:00.000+10:00,0.667,140,603
2004-12-10T00:00:00.000+10:00,0.762,140,603
2004-12-11T00:00:00.000+10:00,2.334,140,603
2004-12-12T00:00:00.000+10:00,1.854,140,603
2004-12-13T00:00:00.000+10:00,1.498,140,603
2004-12-14T00:00:00.000+10:00,1.361,140,603
2004-12-15T00:00:00.000+10:00,1.227,140,603
2004-12-16T00:00:00.000+10:00,1.104,140,603
2004-12-17T00:00:00.000+10:00,0.993,140,603
2004-12-18T00:00:00.000+10:00,1.056,140,603
2004-12-19T00:00:00.000+10:00,2.564,140,603
2004-12-20T00:00:00.000+10:00,3.148,140,603
2004-12-21T00:00:00.000+10:00,1.676,140,603
2004-12-22T00:00:00.000+10:00,1.270,140,603
2004-12-23T00:00:00.000+10:00,1.136,140,603
2004-12-24T00:00:00.000+10:00,1.207,140,603
2004-12-25T00:00:00.000+10:00,1.031,140,603
2004-12-26T00:00:00.000+10:00,1.010,140,603
2004-12-27T00:00:00.000+10:00,0.978,140,603
2004-12-28T00:00:00.000+10:00,0.895,140,603
2004-12-29T00:00:00.000+10:00,0.805,140,603
2004-12-30T00:00:00.000+10:00,0.731,140,603
2004-12-31T00:00:00.000+10:00,0.680,140,603
2005-01-01T00:00:00.000+10:00,0.643,140,603
2005-01-02T00:00:00.000+10:00,0.605,140,603
2005-01-03T00:00:00.000+10:00,0.574,140,603
2005-01-04T00:00:00.000+10:00,0.556,140,603
2005-01-05T00:00:00.000+10:00,0.539,140,603
2005-01-06T00:00:00.000+10:00,0.519,140,603
2005-01-07T00:00:00.000+10:00,0.508,140,603
2005-01-08T00:00:00.000+10:00,0.491,140,603
2005-01-09T00:00:00.000+10:00,0.494,140,603
2005-01-10T00:00:00.000+10:00,0.477,140,603
2005-01-11T00:00:00.000+10:00,0.469,140,603
2005-01-12T00:00:00.000+10:00,0.452,140,603
2005-01-13T00:00:00.000+10:00,0.442,140,603
2005-01-14T00:00:00.000+10:00,0.424,140,603
2005-01-15T00:00:00.000+10:00,0.407,140,603
2005-01-16T00:00:00.000+10:00,0.393,140,603
2005-01-17T00:00:00.000+10:00,0.408,140,603
2005-01-18T00:00:00.000+10:00,0.787,140,603
2005-01-19T00:00:00.000+10:00,0.981,140,603
2005-01-20T00:00:00.000+10:00,0.805,140,603
2005-01-21T00:00:00.000+10:00,0.690,140,603
2005-01-22T00:00:00.000+10:00,0.629,140,603
2005-01-23T00:00:00.000+10:00,0.654,140,603
2005-01-24T00:00:00.000+10:00,0.961,140,603
2005-01-25T00:00:00.000+10:00,10.541,140,603
2005-01-26T00:00:00.000+10:00,7.807,140,603
2005-01-27T00:00:00.000+10:00,16.949,140,603
2005-01-28T00:00:00.000+10:00,18.543,140,603
2005-01-29T00:00:00.000+10:00,9.319,140,603
2005-01-30T00:00:00.000+10:00,6.010,140,603
2005-01-31T00:00:00.000+10:00,4.514,140,603
2005-02-01T00:00:00.000+10:00,3.674,140,603
2005-02-02T00:00:00.000+10:00,3.065,140,603
2005-02-03T00:00:00.000+10:00,2.551,140,603
2005-02-04T00:00:00.000+10:00,2.111,140,603
2005-02-05T00:00:00.000+10:00,1.823,140,603
2005-02-06T00:00:00.000+10:00,1.583,140,603
2005-02-07T00:00:00.000+10:00,1.402,140,603
2005-02-08T00:00:00.000+10:00,1.268,140,603
2005-02-09T00:00:00.000+10:00,1.147,140,603
2005-02-10T00:00:00.000+10:00,1.129,140,603
2005-02-11T00:00:00.000+10:00,1.165,140,603
2005-02-12T00:00:00.000+10:00,0.997,140,603
2005-02-13T00:00:00.000+10:00,0.902,140,603
2005-02-14T00:00:00.000+10:00,1.026,140,603
2005-02-15T00:00:00.000+10:00,0.935,140,603
2005-02-16T00:00:00.000+10:00,0.836,140,603
2005-02-17T00:00:00.000+10:00,1.595,140,603
2005-02-18T00:00:00.000+10:00,8.846,140,603
2005-02-19T00:00:00.000+10:00,4.514,140,603
2005-02-20T00:00:00.000+10:00,3.374,140,603
2005-02-21T00:00:00.000+10:00,2.752,140,603
2005-02-22T00:00:00.000+10:00,2.329,140,603
2005-02-23T00:00:00.000+10:00,2.058,140,603
2005-02-24T00:00:00.000+10:00,1.819,140,603
2005-02-25T00:00:00.000+10:00,1.622,140,603
2005-02-26T00:00:00.000+10:00,1.461,140,603
2005-02-27T00:00:00.000+10:00,1.312,140,603
2005-02-28T00:00:00.000+10:00,1.210,140,603
2005-03-01T00:00:00.000+10:00,1.207,140,603
2005-03-02T00:00:00.000+10:00,1.093,140,603
2005-03-03T00:00:00.000+10:00,1.002,140,603
2005-03-04T00:00:00.000+10:00,0.934,140,603
2005-03-05T00:00:00.000+10:00,0.890,140,603
2005-03-06T00:00:00.000+10:00,0.837,140,603
2005-03-07T00:00:00.000+10:00,0.793,140,603
2005-03-08T00:00:00.000+10:00,0.766,140,603
2005-03-09T00:00:00.000+10:00,0.742,140,603
2005-03-10T00:00:00.000+10:00,0.730,140,603
2005-03-11T00:00:00.000+10:00,0.723,140,603
2005-03-12T00:00:00.000+10:00,0.735,140,603
2005-03-13T00:00:00.000+10:00,0.702,140,603
2005-03-14T00:00:00.000+10:00,0.721,140,603
2005-03-15T00:00:00.000+10:00,0.706,140,603
2005-03-16T00:00:00.000+10:00,0.693,140,603
2005-03-17T00:00:00.000+10:00,0.710,140,603
2005-03-18T00:00:00.000+10:00,1.707,140,603
2005-03-19T00:00:00.000+10:00,1.309,140,603
2005-03-20T00:00:00.000+10:00,1.102,140,603
2005-03-21T00:00:00.000+10:00,0.986,140,603
2005-03-22T00:00:00.000+10:00,0.913,140,603
2005-03-23T00:00:00.000+10:00,0.856,140,603
2005-03-24T00:00:00.000+10:00,0.813,140,603
2005-03-25T00:00:00.000+10:00,0.788,140,603
2005-03-26T00:00:00.000+10:00,0.759,140,603
2005-03-27T00:00:00.000+10:00,0.723,140,603
2005-03-28T00:00:00.000+10:00,0.699,140,603
2005-03-29T00:00:00.000+10:00,0.680,140,603
2005-03-30T00:00:00.000+10:00,0.665,140,603
2005-03-31T00:00:00.000+10:00,0.688,140,603
2005-04-01T00:00:00.000+10:00,0.679,140,603
2005-04-02T00:00:00.000+10:00,0.657,140,603
2005-04-03T00:00:00.000+10:00,0.635,140,603
2005-04-04T00:00:00.000+10:00,0.626,140,603
2005-04-05T00:00:00.000+10:00,0.649,140,603
2005-04-06T00:00:00.000+10:00,0.676,140,603
2005-04-07T00:00:00.000+10:00,0.713,140,603
2005-04-08T00:00:00.000+10:00,0.753,140,603
2005-04-09T00:00:00.000+10:00,0.753,140,603
2005-04-10T00:00:00.000+10:00,0.731,140,603
2005-04-11T00:00:00.000+10:00,0.723,140,603
2005-04-12T00:00:00.000+10:00,0.717,140,603
2005-04-13T00:00:00.000+10:00,0.713,140,603
2005-04-14T00:00:00.000+10:00,0.710,140,603
2005-04-15T00:00:00.000+10:00,0.702,140,603
2005-04-16T00:00:00.000+10:00,0.709,140,603
2005-04-17T00:00:00.000+10:00,0.739,140,603
2005-04-18T00:00:00.000+10:00,0.703,140,603
2005-04-19T00:00:00.000+10:00,0.675,140,603
2005-04-20T00:00:00.000+10:00,0.683,140,603
2005-04-21T00:00:00.000+10:00,0.555,140,603
2005-04-22T00:00:00.000+10:00,0.559,140,603
2005-04-23T00:00:00.000+10:00,0.551,140,603
2005-04-24T00:00:00.000+10:00,0.563,140,603
2005-04-25T00:00:00.000+10:00,0.565,140,603
2005-04-26T00:00:00.000+10:00,0.565,140,603
2005-04-27T00:00:00.000+10:00,0.577,140,603
2005-04-28T00:00:00.000+10:00,0.591,140,603
2005-04-29T00:00:00.000+10:00,0.603,140,603
2005-04-30T00:00:00.000+10:00,0.573,140,603
2005-05-01T00:00:00.000+10:00,0.559,140,603
2005-05-02T00:00:00.000+10:00,0.552,140,603
2005-05-03T00:00:00.000+10:00,0.552,140,603
2005-05-04T00:00:00.000+10:00,0.520,140,603
2005-05-05T00:00:00.000+10:00,0.501,140,603
2005-05-06T00:00:00.000+10:00,0.490,140,603
2005-05-07T00:00:00.000+10:00,0.480,140,603
2005-05-08T00:00:00.000+10:00,0.568,140,603
2005-05-09T00:00:00.000+10:00,0.595,140,603
2005-05-10T00:00:00.000+10:00,0.541,140,603
2005-05-11T00:00:00.000+10:00,0.530,140,603
2005-05-12T00:00:00.000+10:00,0.585,140,603
2005-05-13T00:00:00.000+10:00,6.852,140,603
2005-05-14T00:00:00.000+10:00,3.984,140,603
2005-05-15T00:00:00.000+10:00,2.735,140,603
2005-05-16T00:00:00.000+10:00,2.084,140,603
2005-05-17T00:00:00.000+10:00,1.689,140,603
2005-05-18T00:00:00.000+10:00,1.441,140,603
2005-05-19T00:00:00.000+10:00,1.226,140,603
2005-05-20T00:00:00.000+10:00,1.073,140,603
2005-05-21T00:00:00.000+10:00,0.970,140,603
2005-05-22T00:00:00.000+10:00,0.882,140,603
2005-05-23T00:00:00.000+10:00,0.810,140,603
2005-05-24T00:00:00.000+10:00,0.740,140,603
2005-05-25T00:00:00.000+10:00,0.694,140,603
2005-05-26T00:00:00.000+10:00,0.652,140,603
2005-05-27T00:00:00.000+10:00,0.614,140,603
2005-05-28T00:00:00.000+10:00,0.586,140,603
2005-05-29T00:00:00.000+10:00,0.564,140,603
2005-05-30T00:00:00.000+10:00,0.545,140,603
2005-05-31T00:00:00.000+10:00,0.536,140,603
2005-06-01T00:00:00.000+10:00,0.521,140,603
2005-06-02T00:00:00.000+10:00,0.513,140,603
2005-06-03T00:00:00.000+10:00,0.504,140,603
2005-06-04T00:00:00.000+10:00,0.498,140,603
2005-06-05T00:00:00.000+10:00,0.489,140,603
2005-06-06T00:00:00.000+10:00,0.486,140,603
2005-06-07T00:00:00.000+10:00,0.478,140,603
2005-06-08T00:00:00.000+10:00,0.471,140,603
2005-06-09T00:00:00.000+10:00,0.459,140,603
2005-06-10T00:00:00.000+10:00,0.452,140,603
2005-06-11T00:00:00.000+10:00,0.442,140,603
2005-06-12T00:00:00.000+10:00,0.435,140,603
2005-06-13T00:00:00.000+10:00,0.426,140,603
2005-06-14T00:00:00.000+10:00,0.429,140,603
2005-06-15T00:00:00.000+10:00,0.424,140,603
2005-06-16T00:00:00.000+10:00,0.408,140,603
2005-06-17T00:00:00.000+10:00,0.394,140,603
2005-06-18T00:00:00.000+10:00,0.383,140,603
2005-06-19T00:00:00.000+10:00,0.378,140,603
2005-06-20T00:00:00.000+10:00,0.372,140,603
2005-06-21T00:00:00.000+10:00,0.362,140,603
2005-06-22T00:00:00.000+10:00,0.354,140,603
2005-06-23T00:00:00.000+10:00,0.337,140,603
2005-06-24T00:00:00.000+10:00,0.321,140,603
2005-06-25T00:00:00.000+10:00,0.311,140,603
2005-06-26T00:00:00.000+10:00,0.308,140,603
2005-06-27T00:00:00.000+10:00,0.319,140,603
2005-06-28T00:00:00.000+10:00,0.359,140,603
2005-06-29T00:00:00.000+10:00,8.535,140,603
2005-06-30T00:00:00.000+10:00,76.978,140,603
2005-07-01T00:00:00.000+10:00,15.844,140,603
2005-07-02T00:00:00.000+10:00,6.980,140,603
2005-07-03T00:00:00.000+10:00,4.617,140,603
2005-07-04T00:00:00.000+10:00,3.612,140,603
2005-07-05T00:00:00.000+10:00,2.986,140,603
2005-07-06T00:00:00.000+10:00,2.544,140,603
2005-07-07T00:00:00.000+10:00,2.205,140,603
2005-07-08T00:00:00.000+10:00,1.962,140,603
2005-07-09T00:00:00.000+10:00,1.774,140,603
2005-07-10T00:00:00.000+10:00,1.581,140,603
2005-07-11T00:00:00.000+10:00,1.387,140,603
2005-07-12T00:00:00.000+10:00,1.273,140,603
2005-07-13T00:00:00.000+10:00,1.209,140,603
2005-07-14T00:00:00.000+10:00,1.144,140,603
2005-07-15T00:00:00.000+10:00,1.067,140,603
2005-07-16T00:00:00.000+10:00,0.994,140,603
2005-07-17T00:00:00.000+10:00,0.916,140,603
2005-07-18T00:00:00.000+10:00,0.853,140,603
2005-07-19T00:00:00.000+10:00,0.802,140,603
2005-07-20T00:00:00.000+10:00,0.762,140,603
2005-07-21T00:00:00.000+10:00,0.732,140,603
2005-07-22T00:00:00.000+10:00,0.738,140,603
2005-07-23T00:00:00.000+10:00,0.702,140,603
2005-07-24T00:00:00.000+10:00,0.673,140,603
2005-07-25T00:00:00.000+10:00,0.652,140,603
2005-07-26T00:00:00.000+10:00,0.633,140,603
2005-07-27T00:00:00.000+10:00,0.613,140,603
2005-07-28T00:00:00.000+10:00,0.601,140,603
2005-07-29T00:00:00.000+10:00,0.585,140,603
2005-07-30T00:00:00.000+10:00,0.578,140,603
2005-07-31T00:00:00.000+10:00,0.572,140,603
2005-08-01T00:00:00.000+10:00,0.562,140,603
2005-08-02T00:00:00.000+10:00,0.557,140,603
2005-08-03T00:00:00.000+10:00,0.548,140,603
2005-08-04T00:00:00.000+10:00,0.545,140,603
2005-08-05T00:00:00.000+10:00,0.536,140,603
2005-08-06T00:00:00.000+10:00,0.518,140,603
2005-08-07T00:00:00.000+10:00,0.508,140,603
2005-08-08T00:00:00.000+10:00,0.497,140,603
2005-08-09T00:00:00.000+10:00,0.492,140,603
2005-08-10T00:00:00.000+10:00,0.477,140,603
2005-08-11T00:00:00.000+10:00,0.459,140,603
2005-08-12T00:00:00.000+10:00,0.447,140,603
2005-08-13T00:00:00.000+10:00,0.437,140,603
2005-08-14T00:00:00.000+10:00,0.422,140,603
2005-08-15T00:00:00.000+10:00,0.417,140,603
2005-08-16T00:00:00.000+10:00,0.405,140,603
2005-08-17T00:00:00.000+10:00,0.395,140,603
2005-08-18T00:00:00.000+10:00,0.387,140,603
2005-08-19T00:00:00.000+10:00,0.374,140,603
2005-08-20T00:00:00.000+10:00,0.363,140,603
2005-08-21T00:00:00.000+10:00,0.345,140,603
2005-08-22T00:00:00.000+10:00,0.327,140,603
2005-08-23T00:00:00.000+10:00,0.310,140,603
2005-08-24T00:00:00.000+10:00,0.300,140,603
2005-08-25T00:00:00.000+10:00,0.287,140,603
2005-08-26T00:00:00.000+10:00,0.277,140,603
2005-08-27T00:00:00.000+10:00,0.273,140,603
2005-08-28T00:00:00.000+10:00,0.269,140,603
2005-08-29T00:00:00.000+10:00,0.283,140,603
2005-08-30T00:00:00.000+10:00,0.279,140,603
2005-08-31T00:00:00.000+10:00,0.274,140,603
2005-09-01T00:00:00.000+10:00,0.266,140,603
2005-09-02T00:00:00.000+10:00,0.276,140,603
2005-09-03T00:00:00.000+10:00,0.289,140,603
2005-09-04T00:00:00.000+10:00,0.533,140,603
2005-09-05T00:00:00.000+10:00,0.553,140,603
2005-09-06T00:00:00.000+10:00,0.491,140,603
2005-09-07T00:00:00.000+10:00,0.462,140,603
2005-09-08T00:00:00.000+10:00,0.431,140,603
2005-09-09T00:00:00.000+10:00,0.412,140,603
2005-09-10T00:00:00.000+10:00,0.393,140,603
2005-09-11T00:00:00.000+10:00,0.375,140,603
2005-09-12T00:00:00.000+10:00,0.362,140,603
2005-09-13T00:00:00.000+10:00,0.346,140,603
2005-09-14T00:00:00.000+10:00,0.341,140,603
2005-09-15T00:00:00.000+10:00,0.326,140,603
2005-09-16T00:00:00.000+10:00,0.324,140,603
2005-09-17T00:00:00.000+10:00,0.329,140,603
2005-09-18T00:00:00.000+10:00,0.308,140,603
2005-09-19T00:00:00.000+10:00,0.291,140,603
2005-09-20T00:00:00.000+10:00,0.281,140,603
2005-09-21T00:00:00.000+10:00,0.269,140,603
2005-09-22T00:00:00.000+10:00,0.255,140,603
2005-09-23T00:00:00.000+10:00,0.246,140,603
2005-09-24T00:00:00.000+10:00,0.232,140,603
2005-09-25T00:00:00.000+10:00,0.218,140,603
2005-09-26T00:00:00.000+10:00,0.215,140,603
2005-09-27T00:00:00.000+10:00,0.231,140,603
2005-09-28T00:00:00.000+10:00,0.606,140,603
2005-09-29T00:00:00.000+10:00,0.388,140,603
2005-09-30T00:00:00.000+10:00,0.328,140,603
2005-10-01T00:00:00.000+10:00,0.320,140,603
2005-10-02T00:00:00.000+10:00,0.297,140,603
2005-10-03T00:00:00.000+10:00,0.286,140,603
2005-10-04T00:00:00.000+10:00,0.278,140,603
2005-10-05T00:00:00.000+10:00,0.269,140,603
2005-10-06T00:00:00.000+10:00,0.260,140,603
2005-10-07T00:00:00.000+10:00,0.252,140,603
2005-10-08T00:00:00.000+10:00,0.243,140,603
2005-10-09T00:00:00.000+10:00,0.235,140,603
2005-10-10T00:00:00.000+10:00,0.226,140,603
2005-10-11T00:00:00.000+10:00,0.218,140,603
2005-10-12T00:00:00.000+10:00,0.210,140,603
2005-10-13T00:00:00.000+10:00,0.203,140,603
2005-10-14T00:00:00.000+10:00,0.197,140,603
2005-10-15T00:00:00.000+10:00,0.190,140,603
2005-10-16T00:00:00.000+10:00,0.216,140,603
2005-10-17T00:00:00.000+10:00,0.260,140,603
2005-10-18T00:00:00.000+10:00,0.254,140,603
2005-10-19T00:00:00.000+10:00,0.245,140,603
2005-10-20T00:00:00.000+10:00,0.304,140,603
2005-10-21T00:00:00.000+10:00,0.387,140,603
2005-10-22T00:00:00.000+10:00,0.344,140,603
2005-10-23T00:00:00.000+10:00,0.315,140,603
2005-10-24T00:00:00.000+10:00,0.342,140,603
2005-10-25T00:00:00.000+10:00,0.442,140,603
2005-10-26T00:00:00.000+10:00,0.409,140,603
2005-10-27T00:00:00.000+10:00,0.677,140,603
2005-10-28T00:00:00.000+10:00,0.793,140,603
2005-10-29T00:00:00.000+10:00,0.662,140,603
2005-10-30T00:00:00.000+10:00,1.148,140,603
2005-10-31T00:00:00.000+10:00,2.350,140,603
2005-11-01T00:00:00.000+10:00,3.836,140,603
2005-11-02T00:00:00.000+10:00,1.966,140,603
2005-11-03T00:00:00.000+10:00,1.326,140,603
2005-11-04T00:00:00.000+10:00,1.029,140,603
2005-11-05T00:00:00.000+10:00,0.951,140,603
2005-11-06T00:00:00.000+10:00,3.007,140,603
2005-11-07T00:00:00.000+10:00,1.803,140,603
2005-11-08T00:00:00.000+10:00,1.374,140,603
2005-11-09T00:00:00.000+10:00,1.157,140,603
2005-11-10T00:00:00.000+10:00,1.000,140,603
2005-11-11T00:00:00.000+10:00,0.865,140,603
2005-11-12T00:00:00.000+10:00,0.760,140,603
2005-11-13T00:00:00.000+10:00,0.682,140,603
2005-11-14T00:00:00.000+10:00,0.611,140,603
2005-11-15T00:00:00.000+10:00,0.565,140,603
2005-11-16T00:00:00.000+10:00,0.496,140,603
2005-11-17T00:00:00.000+10:00,0.457,140,603
2005-11-18T00:00:00.000+10:00,0.435,140,603
2005-11-19T00:00:00.000+10:00,0.418,140,603
2005-11-20T00:00:00.000+10:00,0.402,140,603
2005-11-21T00:00:00.000+10:00,0.378,140,603
2005-11-22T00:00:00.000+10:00,0.382,140,603
2005-11-23T00:00:00.000+10:00,0.446,140,603
2005-11-24T00:00:00.000+10:00,0.385,140,603
2005-11-25T00:00:00.000+10:00,0.840,140,603
2005-11-26T00:00:00.000+10:00,1.799,140,603
2005-11-27T00:00:00.000+10:00,1.176,140,603
2005-11-28T00:00:00.000+10:00,1.065,140,603
2005-11-29T00:00:00.000+10:00,0.991,140,603
2005-11-30T00:00:00.000+10:00,0.980,140,603
2005-12-01T00:00:00.000+10:00,1.664,140,603
2005-12-02T00:00:00.000+10:00,4.891,140,603
2005-12-03T00:00:00.000+10:00,3.035,140,603
2005-12-04T00:00:00.000+10:00,2.244,140,603
2005-12-05T00:00:00.000+10:00,1.816,140,603
2005-12-06T00:00:00.000+10:00,1.532,140,603
2005-12-07T00:00:00.000+10:00,1.342,140,603
2005-12-08T00:00:00.000+10:00,1.220,140,603
2005-12-09T00:00:00.000+10:00,1.067,140,603
2005-12-10T00:00:00.000+10:00,0.978,140,603
2005-12-11T00:00:00.000+10:00,0.901,140,603
2005-12-12T00:00:00.000+10:00,0.854,140,603
2005-12-13T00:00:00.000+10:00,0.840,140,603
2005-12-14T00:00:00.000+10:00,0.810,140,603
2005-12-15T00:00:00.000+10:00,0.772,140,603
2005-12-16T00:00:00.000+10:00,0.795,140,603
2005-12-17T00:00:00.000+10:00,0.769,140,603
2005-12-18T00:00:00.000+10:00,0.612,140,603
2005-12-19T00:00:00.000+10:00,0.531,140,603
2005-12-20T00:00:00.000+10:00,0.487,140,603
2005-12-21T00:00:00.000+10:00,0.461,140,603
2005-12-22T00:00:00.000+10:00,0.434,140,603
2005-12-23T00:00:00.000+10:00,0.411,140,603
2005-12-24T00:00:00.000+10:00,0.373,140,603
2005-12-25T00:00:00.000+10:00,0.323,140,603
2005-12-26T00:00:00.000+10:00,0.309,140,603
2005-12-27T00:00:00.000+10:00,0.300,140,603
2005-12-28T00:00:00.000+10:00,0.293,140,603
2005-12-29T00:00:00.000+10:00,0.311,140,603
2005-12-30T00:00:00.000+10:00,0.277,140,603
2005-12-31T00:00:00.000+10:00,0.262,140,603
2006-01-01T00:00:00.000+10:00,0.229,140,603
2006-01-02T00:00:00.000+10:00,0.195,140,603
2006-01-03T00:00:00.000+10:00,0.172,140,603
2006-01-04T00:00:00.000+10:00,0.154,140,603
2006-01-05T00:00:00.000+10:00,0.154,140,603
2006-01-06T00:00:00.000+10:00,0.446,140,603
2006-01-07T00:00:00.000+10:00,54.823,140,603
2006-01-08T00:00:00.000+10:00,26.289,140,603
2006-01-09T00:00:00.000+10:00,26.965,140,603
2006-01-10T00:00:00.000+10:00,26.000,140,603
2006-01-11T00:00:00.000+10:00,13.197,140,603
2006-01-12T00:00:00.000+10:00,7.660,140,603
2006-01-13T00:00:00.000+10:00,5.368,140,603
2006-01-14T00:00:00.000+10:00,4.327,140,603
2006-01-15T00:00:00.000+10:00,3.498,140,603
2006-01-16T00:00:00.000+10:00,2.946,140,603
2006-01-17T00:00:00.000+10:00,2.387,140,603
2006-01-18T00:00:00.000+10:00,2.450,140,603
2006-01-19T00:00:00.000+10:00,5.587,140,603
2006-01-20T00:00:00.000+10:00,9.524,140,603
2006-01-21T00:00:00.000+10:00,7.989,140,603
2006-01-22T00:00:00.000+10:00,5.716,140,603
2006-01-23T00:00:00.000+10:00,4.586,140,603
2006-01-24T00:00:00.000+10:00,3.842,140,603
2006-01-25T00:00:00.000+10:00,3.659,140,603
2006-01-26T00:00:00.000+10:00,3.362,140,603
2006-01-27T00:00:00.000+10:00,2.808,140,603
2006-01-28T00:00:00.000+10:00,2.420,140,603
2006-01-29T00:00:00.000+10:00,2.111,140,603
2006-01-30T00:00:00.000+10:00,1.848,140,603
2006-01-31T00:00:00.000+10:00,1.628,140,603
2006-02-01T00:00:00.000+10:00,1.447,140,603
2006-02-02T00:00:00.000+10:00,1.284,140,603
2006-02-03T00:00:00.000+10:00,1.138,140,603
2006-02-04T00:00:00.000+10:00,1.039,140,603
2006-02-05T00:00:00.000+10:00,1.028,140,603
2006-02-06T00:00:00.000+10:00,0.903,140,603
2006-02-07T00:00:00.000+10:00,0.800,140,603
2006-02-08T00:00:00.000+10:00,0.729,140,603
2006-02-09T00:00:00.000+10:00,0.691,140,603
2006-02-10T00:00:00.000+10:00,0.646,140,603
2006-02-11T00:00:00.000+10:00,0.620,140,603
2006-02-12T00:00:00.000+10:00,0.716,140,603
2006-02-13T00:00:00.000+10:00,0.958,140,603
2006-02-14T00:00:00.000+10:00,0.710,140,603
2006-02-15T00:00:00.000+10:00,1.078,140,603
2006-02-16T00:00:00.000+10:00,2.581,140,603
2006-02-17T00:00:00.000+10:00,3.381,140,603
2006-02-18T00:00:00.000+10:00,2.658,140,603
2006-02-19T00:00:00.000+10:00,2.105,140,603
2006-02-20T00:00:00.000+10:00,1.711,140,603
2006-02-21T00:00:00.000+10:00,1.465,140,603
2006-02-22T00:00:00.000+10:00,1.406,140,603
2006-02-23T00:00:00.000+10:00,1.360,140,603
2006-02-24T00:00:00.000+10:00,1.375,140,603
2006-02-25T00:00:00.000+10:00,1.879,140,603
2006-02-26T00:00:00.000+10:00,1.472,140,603
2006-02-27T00:00:00.000+10:00,1.281,140,603
2006-02-28T00:00:00.000+10:00,1.749,140,603
2006-03-01T00:00:00.000+10:00,4.827,140,603
2006-03-02T00:00:00.000+10:00,18.500,140,603
2006-03-03T00:00:00.000+10:00,106.918,140,603
2006-03-04T00:00:00.000+10:00,29.553,140,603
2006-03-05T00:00:00.000+10:00,19.106,140,603
2006-03-06T00:00:00.000+10:00,15.722,140,603
2006-03-07T00:00:00.000+10:00,12.030,140,603
2006-03-08T00:00:00.000+10:00,8.917,140,603
2006-03-09T00:00:00.000+10:00,7.045,140,603
2006-03-10T00:00:00.000+10:00,5.765,140,603
2006-03-11T00:00:00.000+10:00,4.948,140,603
2006-03-12T00:00:00.000+10:00,4.322,140,603
2006-03-13T00:00:00.000+10:00,3.715,140,603
2006-03-14T00:00:00.000+10:00,3.267,140,603
2006-03-15T00:00:00.000+10:00,2.927,140,603
2006-03-16T00:00:00.000+10:00,2.607,140,603
2006-03-17T00:00:00.000+10:00,2.339,140,603
2006-03-18T00:00:00.000+10:00,2.113,140,603
2006-03-19T00:00:00.000+10:00,1.921,140,603
2006-03-20T00:00:00.000+10:00,1.810,140,603
2006-03-21T00:00:00.000+10:00,2.804,140,603
2006-03-22T00:00:00.000+10:00,2.922,140,603
2006-03-23T00:00:00.000+10:00,3.385,140,603
2006-03-24T00:00:00.000+10:00,24.804,140,603
2006-03-25T00:00:00.000+10:00,15.060,140,603
2006-03-26T00:00:00.000+10:00,9.761,140,603
2006-03-27T00:00:00.000+10:00,7.096,140,603
2006-03-28T00:00:00.000+10:00,5.611,140,603
2006-03-29T00:00:00.000+10:00,4.759,140,603
2006-03-30T00:00:00.000+10:00,4.190,140,603
2006-03-31T00:00:00.000+10:00,4.057,140,603
2006-04-01T00:00:00.000+10:00,3.678,140,603
2006-04-02T00:00:00.000+10:00,3.201,140,603
2006-04-03T00:00:00.000+10:00,2.900,140,603
2006-04-04T00:00:00.000+10:00,2.671,140,603
2006-04-05T00:00:00.000+10:00,2.445,140,603
2006-04-06T00:00:00.000+10:00,2.225,140,603
2006-04-07T00:00:00.000+10:00,2.013,140,603
2006-04-08T00:00:00.000+10:00,1.836,140,603
2006-04-09T00:00:00.000+10:00,1.699,140,603
2006-04-10T00:00:00.000+10:00,1.572,140,603
2006-04-11T00:00:00.000+10:00,1.451,140,603
2006-04-12T00:00:00.000+10:00,1.356,140,603
2006-04-13T00:00:00.000+10:00,1.281,140,603
2006-04-14T00:00:00.000+10:00,1.212,140,603
2006-04-15T00:00:00.000+10:00,1.142,140,603
2006-04-16T00:00:00.000+10:00,1.061,140,603
2006-04-17T00:00:00.000+10:00,0.997,140,603
2006-04-18T00:00:00.000+10:00,0.955,140,603
2006-04-19T00:00:00.000+10:00,0.920,140,603
2006-04-20T00:00:00.000+10:00,0.880,140,603
2006-04-21T00:00:00.000+10:00,0.863,140,603
2006-04-22T00:00:00.000+10:00,0.830,140,603
2006-04-23T00:00:00.000+10:00,0.792,140,603
2006-04-24T00:00:00.000+10:00,0.765,140,603
2006-04-25T00:00:00.000+10:00,0.735,140,603
2006-04-26T00:00:00.000+10:00,0.710,140,603
2006-04-27T00:00:00.000+10:00,0.692,140,603
2006-04-28T00:00:00.000+10:00,0.668,140,603
2006-04-29T00:00:00.000+10:00,0.654,140,603
2006-04-30T00:00:00.000+10:00,0.704,140,603
2006-05-01T00:00:00.000+10:00,0.944,140,603
2006-05-02T00:00:00.000+10:00,0.747,140,603
2006-05-03T00:00:00.000+10:00,0.674,140,603
2006-05-04T00:00:00.000+10:00,0.633,140,603
2006-05-05T00:00:00.000+10:00,0.603,140,603
2006-05-06T00:00:00.000+10:00,0.575,140,603
2006-05-07T00:00:00.000+10:00,0.559,140,603
2006-05-08T00:00:00.000+10:00,0.542,140,603
2006-05-09T00:00:00.000+10:00,0.523,140,603
2006-05-10T00:00:00.000+10:00,0.505,140,603
2006-05-11T00:00:00.000+10:00,0.494,140,603
2006-05-12T00:00:00.000+10:00,0.493,140,603
2006-05-13T00:00:00.000+10:00,0.487,140,603
2006-05-14T00:00:00.000+10:00,0.474,140,603
2006-05-15T00:00:00.000+10:00,0.462,140,603
2006-05-16T00:00:00.000+10:00,0.490,140,603
2006-05-17T00:00:00.000+10:00,0.486,140,603
2006-05-18T00:00:00.000+10:00,0.469,140,603
2006-05-19T00:00:00.000+10:00,0.459,140,603
2006-05-20T00:00:00.000+10:00,0.447,140,603
2006-05-21T00:00:00.000+10:00,0.433,140,603
2006-05-22T00:00:00.000+10:00,0.428,140,603
2006-05-23T00:00:00.000+10:00,0.425,140,603
2006-05-24T00:00:00.000+10:00,0.422,140,603
2006-05-25T00:00:00.000+10:00,0.412,140,603
2006-05-26T00:00:00.000+10:00,0.402,140,603
2006-05-27T00:00:00.000+10:00,0.406,140,603
2006-05-28T00:00:00.000+10:00,0.393,140,603
2006-05-29T00:00:00.000+10:00,0.376,140,603
2006-05-30T00:00:00.000+10:00,0.372,140,603
2006-05-31T00:00:00.000+10:00,0.360,140,603
2006-06-01T00:00:00.000+10:00,0.359,140,603
2006-06-02T00:00:00.000+10:00,0.352,140,603
2006-06-03T00:00:00.000+10:00,0.346,140,603
2006-06-04T00:00:00.000+10:00,0.334,140,603
2006-06-05T00:00:00.000+10:00,0.325,140,603
2006-06-06T00:00:00.000+10:00,0.314,140,603
2006-06-07T00:00:00.000+10:00,0.307,140,603
2006-06-08T00:00:00.000+10:00,0.303,140,603
2006-06-09T00:00:00.000+10:00,0.288,140,603
2006-06-10T00:00:00.000+10:00,0.370,140,603
2006-06-11T00:00:00.000+10:00,0.758,140,603
2006-06-12T00:00:00.000+10:00,0.643,140,603
2006-06-13T00:00:00.000+10:00,0.502,140,603
2006-06-14T00:00:00.000+10:00,0.443,140,603
2006-06-15T00:00:00.000+10:00,0.415,140,603
2006-06-16T00:00:00.000+10:00,0.402,140,603
2006-06-17T00:00:00.000+10:00,0.391,140,603
2006-06-18T00:00:00.000+10:00,0.384,140,603
2006-06-19T00:00:00.000+10:00,0.387,140,603
2006-06-20T00:00:00.000+10:00,0.392,140,603
2006-06-21T00:00:00.000+10:00,0.431,140,603
2006-06-22T00:00:00.000+10:00,0.456,140,603
2006-06-23T00:00:00.000+10:00,0.440,140,603
2006-06-24T00:00:00.000+10:00,0.457,140,603
2006-06-25T00:00:00.000+10:00,0.441,140,603
2006-06-26T00:00:00.000+10:00,0.429,140,603
2006-06-27T00:00:00.000+10:00,0.424,140,603
2006-06-28T00:00:00.000+10:00,0.418,140,603
2006-06-29T00:00:00.000+10:00,0.409,140,603
2006-06-30T00:00:00.000+10:00,0.397,140,603
2006-07-01T00:00:00.000+10:00,0.387,140,603
2006-07-02T00:00:00.000+10:00,0.375,140,603
2006-07-03T00:00:00.000+10:00,0.369,140,603
2006-07-04T00:00:00.000+10:00,0.365,140,603
2006-07-05T00:00:00.000+10:00,0.362,140,603
2006-07-06T00:00:00.000+10:00,0.362,140,603
2006-07-07T00:00:00.000+10:00,0.362,140,603
2006-07-08T00:00:00.000+10:00,0.358,140,603
2006-07-09T00:00:00.000+10:00,0.351,140,603
2006-07-10T00:00:00.000+10:00,0.344,140,603
2006-07-11T00:00:00.000+10:00,0.332,140,603
2006-07-12T00:00:00.000+10:00,0.323,140,603
2006-07-13T00:00:00.000+10:00,0.312,140,603
2006-07-14T00:00:00.000+10:00,0.301,140,603
2006-07-15T00:00:00.000+10:00,0.311,140,603
2006-07-16T00:00:00.000+10:00,0.410,140,603
2006-07-17T00:00:00.000+10:00,0.377,140,603
2006-07-18T00:00:00.000+10:00,0.354,140,603
2006-07-19T00:00:00.000+10:00,0.345,140,603
2006-07-20T00:00:00.000+10:00,0.327,140,603
2006-07-21T00:00:00.000+10:00,0.313,140,603
2006-07-22T00:00:00.000+10:00,0.307,140,603
2006-07-23T00:00:00.000+10:00,0.309,140,603
2006-07-24T00:00:00.000+10:00,0.306,140,603
2006-07-25T00:00:00.000+10:00,0.331,140,603
2006-07-26T00:00:00.000+10:00,0.367,140,603
2006-07-27T00:00:00.000+10:00,0.371,140,603
2006-07-28T00:00:00.000+10:00,0.386,140,603
2006-07-29T00:00:00.000+10:00,0.419,140,603
2006-07-30T00:00:00.000+10:00,0.399,140,603
2006-07-31T00:00:00.000+10:00,0.385,140,603
2006-08-01T00:00:00.000+10:00,0.375,140,603
2006-08-02T00:00:00.000+10:00,0.364,140,603
2006-08-03T00:00:00.000+10:00,0.353,140,603
2006-08-04T00:00:00.000+10:00,0.340,140,603
2006-08-05T00:00:00.000+10:00,0.798,140,603
2006-08-06T00:00:00.000+10:00,2.559,140,603
2006-08-07T00:00:00.000+10:00,1.284,140,603
2006-08-08T00:00:00.000+10:00,0.953,140,603
2006-08-09T00:00:00.000+10:00,0.807,140,603
2006-08-10T00:00:00.000+10:00,0.722,140,603
2006-08-11T00:00:00.000+10:00,0.656,140,603
2006-08-12T00:00:00.000+10:00,0.609,140,603
2006-08-13T00:00:00.000+10:00,0.585,140,603
2006-08-14T00:00:00.000+10:00,0.568,140,603
2006-08-15T00:00:00.000+10:00,0.543,140,603
2006-08-16T00:00:00.000+10:00,0.521,140,603
2006-08-17T00:00:00.000+10:00,0.500,140,603
2006-08-18T00:00:00.000+10:00,0.484,140,603
2006-08-19T00:00:00.000+10:00,0.465,140,603
2006-08-20T00:00:00.000+10:00,0.447,140,603
2006-08-21T00:00:00.000+10:00,0.428,140,603
2006-08-22T00:00:00.000+10:00,0.409,140,603
2006-08-23T00:00:00.000+10:00,0.388,140,603
2006-08-24T00:00:00.000+10:00,0.369,140,603
2006-08-25T00:00:00.000+10:00,0.356,140,603
2006-08-26T00:00:00.000+10:00,0.340,140,603
2006-08-27T00:00:00.000+10:00,0.328,140,603
2006-08-28T00:00:00.000+10:00,0.370,140,603
2006-08-29T00:00:00.000+10:00,5.939,140,603
2006-08-30T00:00:00.000+10:00,28.063,140,603
2006-08-31T00:00:00.000+10:00,11.693,140,603
2006-09-01T00:00:00.000+10:00,6.384,140,603
2006-09-02T00:00:00.000+10:00,4.406,140,603
2006-09-03T00:00:00.000+10:00,3.469,140,603
2006-09-04T00:00:00.000+10:00,2.833,140,603
2006-09-05T00:00:00.000+10:00,2.368,140,603
2006-09-06T00:00:00.000+10:00,2.001,140,603
2006-09-07T00:00:00.000+10:00,1.716,140,603
2006-09-08T00:00:00.000+10:00,1.466,140,603
2006-09-09T00:00:00.000+10:00,1.707,140,603
2006-09-10T00:00:00.000+10:00,6.938,140,603
2006-09-11T00:00:00.000+10:00,12.009,140,603
2006-09-12T00:00:00.000+10:00,8.795,140,603
2006-09-13T00:00:00.000+10:00,6.177,140,603
2006-09-14T00:00:00.000+10:00,4.742,140,603
2006-09-15T00:00:00.000+10:00,3.925,140,603
2006-09-16T00:00:00.000+10:00,3.375,140,603
2006-09-17T00:00:00.000+10:00,2.953,140,603
2006-09-18T00:00:00.000+10:00,2.607,140,603
2006-09-19T00:00:00.000+10:00,2.312,140,603
2006-09-20T00:00:00.000+10:00,2.070,140,603
2006-09-21T00:00:00.000+10:00,1.877,140,603
2006-09-22T00:00:00.000+10:00,1.711,140,603
2006-09-23T00:00:00.000+10:00,1.556,140,603
2006-09-24T00:00:00.000+10:00,1.438,140,603
2006-09-25T00:00:00.000+10:00,1.334,140,603
2006-09-26T00:00:00.000+10:00,1.251,140,603
2006-09-27T00:00:00.000+10:00,1.234,140,603
2006-09-28T00:00:00.000+10:00,1.243,140,603
2006-09-29T00:00:00.000+10:00,1.138,140,603
2006-09-30T00:00:00.000+10:00,1.069,140,603
2006-10-01T00:00:00.000+10:00,1.004,140,603
2006-10-02T00:00:00.000+10:00,0.936,140,603
2006-10-03T00:00:00.000+10:00,0.889,140,603
2006-10-04T00:00:00.000+10:00,0.862,140,603
2006-10-05T00:00:00.000+10:00,0.850,140,603
2006-10-06T00:00:00.000+10:00,0.833,140,603
2006-10-07T00:00:00.000+10:00,0.817,140,603
2006-10-08T00:00:00.000+10:00,0.807,140,603
2006-10-09T00:00:00.000+10:00,0.775,140,603
2006-10-10T00:00:00.000+10:00,0.772,140,603
2006-10-11T00:00:00.000+10:00,0.767,140,603
2006-10-12T00:00:00.000+10:00,0.726,140,603
2006-10-13T00:00:00.000+10:00,0.699,140,603
2006-10-14T00:00:00.000+10:00,0.677,140,603
2006-10-15T00:00:00.000+10:00,0.654,140,603
2006-10-16T00:00:00.000+10:00,0.650,140,603
2006-10-17T00:00:00.000+10:00,0.730,140,603
2006-10-18T00:00:00.000+10:00,0.810,140,603
2006-10-19T00:00:00.000+10:00,0.762,140,603
2006-10-20T00:00:00.000+10:00,0.759,140,603
2006-10-21T00:00:00.000+10:00,1.775,140,603
2006-10-22T00:00:00.000+10:00,1.442,140,603
2006-10-23T00:00:00.000+10:00,1.224,140,603
2006-10-24T00:00:00.000+10:00,1.135,140,603
2006-10-25T00:00:00.000+10:00,1.064,140,603
2006-10-26T00:00:00.000+10:00,1.003,140,603
2006-10-27T00:00:00.000+10:00,0.976,140,603
2006-10-28T00:00:00.000+10:00,0.949,140,603
2006-10-29T00:00:00.000+10:00,0.878,140,603
2006-10-30T00:00:00.000+10:00,0.824,140,603
2006-10-31T00:00:00.000+10:00,0.789,140,603
2006-11-01T00:00:00.000+10:00,0.759,140,603
2006-11-02T00:00:00.000+10:00,0.751,140,603
2006-11-03T00:00:00.000+10:00,0.789,140,603
2006-11-04T00:00:00.000+10:00,1.736,140,603
2006-11-05T00:00:00.000+10:00,2.370,140,603
2006-11-06T00:00:00.000+10:00,1.955,140,603
2006-11-07T00:00:00.000+10:00,2.720,140,603
2006-11-08T00:00:00.000+10:00,2.401,140,603
2006-11-09T00:00:00.000+10:00,4.301,140,603
2006-11-10T00:00:00.000+10:00,4.235,140,603
2006-11-11T00:00:00.000+10:00,3.658,140,603
2006-11-12T00:00:00.000+10:00,3.165,140,603
2006-11-13T00:00:00.000+10:00,2.664,140,603
2006-11-14T00:00:00.000+10:00,2.292,140,603
2006-11-15T00:00:00.000+10:00,1.998,140,603
2006-11-16T00:00:00.000+10:00,1.751,140,603
2006-11-17T00:00:00.000+10:00,1.564,140,603
2006-11-18T00:00:00.000+10:00,1.405,140,603
2006-11-19T00:00:00.000+10:00,1.275,140,603
2006-11-20T00:00:00.000+10:00,1.161,140,603
2006-11-21T00:00:00.000+10:00,1.062,140,603
2006-11-22T00:00:00.000+10:00,0.982,140,603
2006-11-23T00:00:00.000+10:00,0.907,140,603
2006-11-24T00:00:00.000+10:00,0.836,140,603
2006-11-25T00:00:00.000+10:00,0.788,140,603
2006-11-26T00:00:00.000+10:00,0.734,140,603
2006-11-27T00:00:00.000+10:00,0.690,140,603
2006-11-28T00:00:00.000+10:00,0.666,140,603
2006-11-29T00:00:00.000+10:00,0.621,140,603
2006-11-30T00:00:00.000+10:00,0.577,140,603
2006-12-01T00:00:00.000+10:00,0.544,140,603
2006-12-02T00:00:00.000+10:00,0.519,140,603
2006-12-03T00:00:00.000+10:00,0.503,140,603
2006-12-04T00:00:00.000+10:00,0.498,140,603
2006-12-05T00:00:00.000+10:00,0.540,140,603
2006-12-06T00:00:00.000+10:00,0.512,140,603
2006-12-07T00:00:00.000+10:00,0.469,140,603
2006-12-08T00:00:00.000+10:00,0.433,140,603
2006-12-09T00:00:00.000+10:00,0.394,140,603
2006-12-10T00:00:00.000+10:00,0.366,140,603
2006-12-11T00:00:00.000+10:00,0.339,140,603
2006-12-12T00:00:00.000+10:00,0.318,140,603
2006-12-13T00:00:00.000+10:00,0.305,140,603
2006-12-14T00:00:00.000+10:00,0.292,140,603
2006-12-15T00:00:00.000+10:00,0.286,140,603
2006-12-16T00:00:00.000+10:00,0.306,140,603
2006-12-17T00:00:00.000+10:00,1.237,140,603
2006-12-18T00:00:00.000+10:00,1.121,140,603
2006-12-19T00:00:00.000+10:00,0.698,140,603
2006-12-20T00:00:00.000+10:00,0.582,140,603
2006-12-21T00:00:00.000+10:00,0.546,140,603
2006-12-22T00:00:00.000+10:00,0.547,140,603
2006-12-23T00:00:00.000+10:00,0.552,140,603
2006-12-24T00:00:00.000+10:00,0.502,140,603
2006-12-25T00:00:00.000+10:00,0.492,140,603
2006-12-26T00:00:00.000+10:00,0.482,140,603
2006-12-27T00:00:00.000+10:00,0.462,140,603
2006-12-28T00:00:00.000+10:00,0.417,140,603
2006-12-29T00:00:00.000+10:00,0.381,140,603
2006-12-30T00:00:00.000+10:00,0.347,140,603
2006-12-31T00:00:00.000+10:00,0.328,140,603
2007-01-01T00:00:00.000+10:00,0.355,140,603
2007-01-02T00:00:00.000+10:00,0.897,140,603
2007-01-03T00:00:00.000+10:00,0.839,140,603
2007-01-04T00:00:00.000+10:00,1.000,140,603
2007-01-05T00:00:00.000+10:00,1.690,140,603
2007-01-06T00:00:00.000+10:00,1.372,140,603
2007-01-07T00:00:00.000+10:00,1.092,140,603
2007-01-08T00:00:00.000+10:00,0.986,140,603
2007-01-09T00:00:00.000+10:00,1.105,140,603
2007-01-10T00:00:00.000+10:00,1.076,140,603
2007-01-11T00:00:00.000+10:00,0.972,140,603
2007-01-12T00:00:00.000+10:00,0.898,140,603
2007-01-13T00:00:00.000+10:00,0.849,140,603
2007-01-14T00:00:00.000+10:00,0.798,140,603
2007-01-15T00:00:00.000+10:00,0.768,140,603
2007-01-16T00:00:00.000+10:00,0.747,140,603
2007-01-17T00:00:00.000+10:00,0.693,140,603
2007-01-18T00:00:00.000+10:00,0.644,140,603
2007-01-19T00:00:00.000+10:00,0.590,140,603
2007-01-20T00:00:00.000+10:00,0.553,140,603
2007-01-21T00:00:00.000+10:00,0.514,140,603
2007-01-22T00:00:00.000+10:00,0.484,140,603
2007-01-23T00:00:00.000+10:00,0.454,140,603
2007-01-24T00:00:00.000+10:00,0.435,140,603
2007-01-25T00:00:00.000+10:00,0.447,140,603
2007-01-26T00:00:00.000+10:00,0.534,140,603
2007-01-27T00:00:00.000+10:00,0.549,140,603
2007-01-28T00:00:00.000+10:00,0.488,140,603
2007-01-29T00:00:00.000+10:00,0.452,140,603
2007-01-30T00:00:00.000+10:00,0.418,140,603
2007-01-31T00:00:00.000+10:00,0.398,140,603
2007-02-01T00:00:00.000+10:00,0.383,140,603
2007-02-02T00:00:00.000+10:00,0.373,140,603
2007-02-03T00:00:00.000+10:00,0.355,140,603
2007-02-04T00:00:00.000+10:00,0.338,140,603
2007-02-05T00:00:00.000+10:00,0.323,140,603
2007-02-06T00:00:00.000+10:00,0.310,140,603
2007-02-07T00:00:00.000+10:00,0.292,140,603
2007-02-08T00:00:00.000+10:00,0.273,140,603
2007-02-09T00:00:00.000+10:00,0.258,140,603
2007-02-10T00:00:00.000+10:00,0.246,140,603
2007-02-11T00:00:00.000+10:00,0.233,140,603
2007-02-12T00:00:00.000+10:00,0.289,140,603
2007-02-13T00:00:00.000+10:00,0.351,140,603
2007-02-14T00:00:00.000+10:00,0.446,140,603
2007-02-15T00:00:00.000+10:00,0.419,140,603
2007-02-16T00:00:00.000+10:00,0.468,140,603
2007-02-17T00:00:00.000+10:00,0.563,140,603
2007-02-18T00:00:00.000+10:00,0.653,140,603
2007-02-19T00:00:00.000+10:00,0.583,140,603
2007-02-20T00:00:00.000+10:00,0.500,140,603
2007-02-21T00:00:00.000+10:00,0.450,140,603
2007-02-22T00:00:00.000+10:00,0.414,140,603
2007-02-23T00:00:00.000+10:00,0.396,140,603
2007-02-24T00:00:00.000+10:00,0.381,140,603
2007-02-25T00:00:00.000+10:00,0.377,140,603
2007-02-26T00:00:00.000+10:00,0.374,140,603
2007-02-27T00:00:00.000+10:00,0.363,140,603
2007-02-28T00:00:00.000+10:00,0.372,140,603
2007-03-01T00:00:00.000+10:00,0.581,140,603
2007-03-02T00:00:00.000+10:00,4.140,140,603
2007-03-03T00:00:00.000+10:00,1.510,140,603
2007-03-04T00:00:00.000+10:00,1.083,140,603
2007-03-05T00:00:00.000+10:00,2.053,140,603
2007-03-06T00:00:00.000+10:00,9.649,140,603
2007-03-07T00:00:00.000+10:00,7.952,140,603
2007-03-08T00:00:00.000+10:00,5.391,140,603
2007-03-09T00:00:00.000+10:00,5.267,140,603
2007-03-10T00:00:00.000+10:00,3.658,140,603
2007-03-11T00:00:00.000+10:00,2.836,140,603
2007-03-12T00:00:00.000+10:00,2.290,140,603
2007-03-13T00:00:00.000+10:00,2.499,140,603
2007-03-14T00:00:00.000+10:00,2.790,140,603
2007-03-15T00:00:00.000+10:00,2.267,140,603
2007-03-16T00:00:00.000+10:00,1.955,140,603
2007-03-17T00:00:00.000+10:00,1.701,140,603
2007-03-18T00:00:00.000+10:00,11.316,140,603
2007-03-19T00:00:00.000+10:00,7.880,140,603
2007-03-20T00:00:00.000+10:00,5.146,140,603
2007-03-21T00:00:00.000+10:00,3.958,140,603
2007-03-22T00:00:00.000+10:00,3.151,140,603
2007-03-23T00:00:00.000+10:00,2.601,140,603
2007-03-24T00:00:00.000+10:00,2.202,140,603
2007-03-25T00:00:00.000+10:00,1.981,140,603
2007-03-26T00:00:00.000+10:00,4.042,140,603
2007-03-27T00:00:00.000+10:00,2.672,140,603
2007-03-28T00:00:00.000+10:00,2.271,140,603
2007-03-29T00:00:00.000+10:00,1.989,140,603
2007-03-30T00:00:00.000+10:00,1.762,140,603
2007-03-31T00:00:00.000+10:00,1.573,140,603
2007-04-01T00:00:00.000+10:00,1.403,140,603
2007-04-02T00:00:00.000+10:00,1.307,140,603
2007-04-03T00:00:00.000+10:00,1.211,140,603
2007-04-04T00:00:00.000+10:00,1.134,140,603
2007-04-05T00:00:00.000+10:00,1.072,140,603
2007-04-06T00:00:00.000+10:00,1.014,140,603
2007-04-07T00:00:00.000+10:00,0.957,140,603
2007-04-08T00:00:00.000+10:00,0.914,140,603
2007-04-09T00:00:00.000+10:00,0.922,140,603
2007-04-10T00:00:00.000+10:00,0.864,140,603
2007-04-11T00:00:00.000+10:00,0.817,140,603
2007-04-12T00:00:00.000+10:00,0.782,140,603
2007-04-13T00:00:00.000+10:00,0.759,140,603
2007-04-14T00:00:00.000+10:00,0.736,140,603
2007-04-15T00:00:00.000+10:00,0.714,140,603
2007-04-16T00:00:00.000+10:00,0.694,140,603
2007-04-17T00:00:00.000+10:00,0.685,140,603
2007-04-18T00:00:00.000+10:00,0.672,140,603
2007-04-19T00:00:00.000+10:00,0.659,140,603
2007-04-20T00:00:00.000+10:00,0.642,140,603
2007-04-21T00:00:00.000+10:00,0.623,140,603
2007-04-22T00:00:00.000+10:00,0.627,140,603
2007-04-23T00:00:00.000+10:00,0.771,140,603
2007-04-24T00:00:00.000+10:00,0.720,140,603
2007-04-25T00:00:00.000+10:00,0.784,140,603
2007-04-26T00:00:00.000+10:00,0.795,140,603
2007-04-27T00:00:00.000+10:00,0.782,140,603
2007-04-28T00:00:00.000+10:00,1.052,140,603
2007-04-29T00:00:00.000+10:00,1.190,140,603
2007-04-30T00:00:00.000+10:00,0.979,140,603
2007-05-01T00:00:00.000+10:00,0.891,140,603
2007-05-02T00:00:00.000+10:00,0.827,140,603
2007-05-03T00:00:00.000+10:00,0.779,140,603
2007-05-04T00:00:00.000+10:00,0.738,140,603
2007-05-05T00:00:00.000+10:00,0.704,140,603
2007-05-06T00:00:00.000+10:00,0.677,140,603
2007-05-07T00:00:00.000+10:00,0.656,140,603
2007-05-08T00:00:00.000+10:00,0.635,140,603
2007-05-09T00:00:00.000+10:00,0.612,140,603
2007-05-10T00:00:00.000+10:00,0.616,140,603
2007-05-11T00:00:00.000+10:00,1.824,140,603
2007-05-12T00:00:00.000+10:00,1.258,140,603
2007-05-13T00:00:00.000+10:00,0.965,140,603
2007-05-14T00:00:00.000+10:00,0.937,140,603
2007-05-15T00:00:00.000+10:00,0.881,140,603
2007-05-16T00:00:00.000+10:00,0.822,140,603
2007-05-17T00:00:00.000+10:00,0.781,140,603
2007-05-18T00:00:00.000+10:00,0.747,140,603
2007-05-19T00:00:00.000+10:00,0.731,140,603
2007-05-20T00:00:00.000+10:00,0.708,140,603
2007-05-21T00:00:00.000+10:00,0.686,140,603
2007-05-22T00:00:00.000+10:00,0.662,140,603
2007-05-23T00:00:00.000+10:00,0.640,140,603
2007-05-24T00:00:00.000+10:00,0.624,140,603
2007-05-25T00:00:00.000+10:00,0.608,140,603
2007-05-26T00:00:00.000+10:00,0.590,140,603
2007-05-27T00:00:00.000+10:00,0.575,140,603
2007-05-28T00:00:00.000+10:00,0.563,140,603
2007-05-29T00:00:00.000+10:00,0.555,140,603
2007-05-30T00:00:00.000+10:00,0.552,140,603
2007-05-31T00:00:00.000+10:00,0.546,140,603
2007-06-01T00:00:00.000+10:00,0.540,140,603
2007-06-02T00:00:00.000+10:00,0.520,140,603
2007-06-03T00:00:00.000+10:00,0.507,140,603
2007-06-04T00:00:00.000+10:00,0.497,140,603
2007-06-05T00:00:00.000+10:00,0.487,140,603
2007-06-06T00:00:00.000+10:00,0.501,140,603
2007-06-07T00:00:00.000+10:00,0.867,140,603
2007-06-08T00:00:00.000+10:00,0.925,140,603
2007-06-09T00:00:00.000+10:00,0.750,140,603
2007-06-10T00:00:00.000+10:00,0.687,140,603
2007-06-11T00:00:00.000+10:00,0.655,140,603
2007-06-12T00:00:00.000+10:00,0.631,140,603
2007-06-13T00:00:00.000+10:00,0.614,140,603
2007-06-14T00:00:00.000+10:00,0.598,140,603
2007-06-15T00:00:00.000+10:00,0.587,140,603
2007-06-16T00:00:00.000+10:00,0.579,140,603
2007-06-17T00:00:00.000+10:00,0.566,140,603
2007-06-18T00:00:00.000+10:00,0.548,140,603
2007-06-19T00:00:00.000+10:00,0.562,140,603
2007-06-20T00:00:00.000+10:00,0.563,140,603
2007-06-21T00:00:00.000+10:00,0.536,140,603
2007-06-22T00:00:00.000+10:00,0.511,140,603
2007-06-23T00:00:00.000+10:00,0.494,140,603
2007-06-24T00:00:00.000+10:00,0.482,140,603
2007-06-25T00:00:00.000+10:00,0.504,140,603
2007-06-26T00:00:00.000+10:00,4.239,140,603
2007-06-27T00:00:00.000+10:00,2.512,140,603
2007-06-28T00:00:00.000+10:00,1.670,140,603
2007-06-29T00:00:00.000+10:00,1.352,140,603
2007-06-30T00:00:00.000+10:00,1.173,140,603
2007-07-01T00:00:00.000+10:00,1.057,140,603
2007-07-02T00:00:00.000+10:00,0.978,140,603
2007-07-03T00:00:00.000+10:00,0.915,140,603
2007-07-04T00:00:00.000+10:00,0.866,140,603
2007-07-05T00:00:00.000+10:00,0.819,140,603
2007-07-06T00:00:00.000+10:00,0.768,140,603
2007-07-07T00:00:00.000+10:00,0.730,140,603
2007-07-08T00:00:00.000+10:00,0.700,140,603
2007-07-09T00:00:00.000+10:00,0.679,140,603
2007-07-10T00:00:00.000+10:00,0.648,140,603
2007-07-11T00:00:00.000+10:00,0.622,140,603
2007-07-12T00:00:00.000+10:00,0.602,140,603
2007-07-13T00:00:00.000+10:00,0.580,140,603
2007-07-14T00:00:00.000+10:00,0.560,140,603
2007-07-15T00:00:00.000+10:00,0.541,140,603
2007-07-16T00:00:00.000+10:00,0.530,140,603
2007-07-17T00:00:00.000+10:00,0.521,140,603
2007-07-18T00:00:00.000+10:00,0.508,140,603
2007-07-19T00:00:00.000+10:00,0.496,140,603
2007-07-20T00:00:00.000+10:00,0.484,140,603
2007-07-21T00:00:00.000+10:00,0.472,140,603
2007-07-22T00:00:00.000+10:00,0.458,140,603
2007-07-23T00:00:00.000+10:00,0.450,140,603
2007-07-24T00:00:00.000+10:00,0.444,140,603
2007-07-25T00:00:00.000+10:00,0.438,140,603
2007-07-26T00:00:00.000+10:00,0.434,140,603
2007-07-27T00:00:00.000+10:00,0.426,140,603
2007-07-28T00:00:00.000+10:00,0.422,140,603
2007-07-29T00:00:00.000+10:00,0.415,140,603
2007-07-30T00:00:00.000+10:00,0.406,140,603
2007-07-31T00:00:00.000+10:00,0.392,140,603
2007-08-01T00:00:00.000+10:00,0.390,140,603
2007-08-02T00:00:00.000+10:00,0.382,140,603
2007-08-03T00:00:00.000+10:00,0.380,140,603
2007-08-04T00:00:00.000+10:00,0.371,140,603
2007-08-05T00:00:00.000+10:00,0.366,140,603
2007-08-06T00:00:00.000+10:00,0.362,140,603
2007-08-07T00:00:00.000+10:00,0.355,140,603
2007-08-08T00:00:00.000+10:00,0.350,140,603
2007-08-09T00:00:00.000+10:00,0.345,140,603
2007-08-10T00:00:00.000+10:00,0.339,140,603
2007-08-11T00:00:00.000+10:00,0.327,140,603
2007-08-12T00:00:00.000+10:00,0.323,140,603
2007-08-13T00:00:00.000+10:00,0.315,140,603
2007-08-14T00:00:00.000+10:00,0.312,140,603
2007-08-15T00:00:00.000+10:00,0.313,140,603
2007-08-16T00:00:00.000+10:00,0.311,140,603
2007-08-17T00:00:00.000+10:00,0.308,140,603
2007-08-18T00:00:00.000+10:00,0.304,140,603
2007-08-19T00:00:00.000+10:00,0.314,140,603
2007-08-20T00:00:00.000+10:00,67.723,140,603
2007-08-21T00:00:00.000+10:00,146.157,140,603
2007-08-22T00:00:00.000+10:00,29.337,140,603
2007-08-23T00:00:00.000+10:00,24.391,140,603
2007-08-24T00:00:00.000+10:00,35.836,140,603
2007-08-25T00:00:00.000+10:00,25.995,140,603
2007-08-26T00:00:00.000+10:00,12.233,140,603
2007-08-27T00:00:00.000+10:00,8.520,140,603
2007-08-28T00:00:00.000+10:00,6.604,140,603
2007-08-29T00:00:00.000+10:00,5.441,140,603
2007-08-30T00:00:00.000+10:00,4.622,140,603
2007-08-31T00:00:00.000+10:00,3.970,140,603
2007-09-01T00:00:00.000+10:00,3.446,140,603
2007-09-02T00:00:00.000+10:00,3.023,140,603
2007-09-03T00:00:00.000+10:00,2.695,140,603
2007-09-04T00:00:00.000+10:00,2.512,140,603
2007-09-05T00:00:00.000+10:00,2.679,140,603
2007-09-06T00:00:00.000+10:00,6.906,140,603
2007-09-07T00:00:00.000+10:00,7.686,140,603
2007-09-08T00:00:00.000+10:00,5.799,140,603
2007-09-09T00:00:00.000+10:00,4.971,140,603
2007-09-10T00:00:00.000+10:00,4.406,140,603
2007-09-11T00:00:00.000+10:00,3.850,140,603
2007-09-12T00:00:00.000+10:00,3.368,140,603
2007-09-13T00:00:00.000+10:00,2.979,140,603
2007-09-14T00:00:00.000+10:00,2.696,140,603
2007-09-15T00:00:00.000+10:00,2.450,140,603
2007-09-16T00:00:00.000+10:00,2.240,140,603
2007-09-17T00:00:00.000+10:00,2.068,140,603
2007-09-18T00:00:00.000+10:00,1.881,140,603
2007-09-19T00:00:00.000+10:00,1.759,140,603
2007-09-20T00:00:00.000+10:00,1.664,140,603
2007-09-21T00:00:00.000+10:00,1.551,140,603
2007-09-22T00:00:00.000+10:00,2.031,140,603
2007-09-23T00:00:00.000+10:00,2.648,140,603
2007-09-24T00:00:00.000+10:00,1.785,140,603
2007-09-25T00:00:00.000+10:00,1.575,140,603
2007-09-26T00:00:00.000+10:00,1.446,140,603
2007-09-27T00:00:00.000+10:00,1.362,140,603
2007-09-28T00:00:00.000+10:00,1.297,140,603
2007-09-29T00:00:00.000+10:00,1.225,140,603
2007-09-30T00:00:00.000+10:00,1.164,140,603
2007-10-01T00:00:00.000+10:00,1.110,140,603
2007-10-02T00:00:00.000+10:00,1.057,140,603
2007-10-03T00:00:00.000+10:00,1.010,140,603
2007-10-04T00:00:00.000+10:00,0.972,140,603
2007-10-05T00:00:00.000+10:00,0.948,140,603
2007-10-06T00:00:00.000+10:00,0.918,140,603
2007-10-07T00:00:00.000+10:00,0.887,140,603
2007-10-08T00:00:00.000+10:00,0.905,140,603
2007-10-09T00:00:00.000+10:00,0.993,140,603
2007-10-10T00:00:00.000+10:00,0.923,140,603
2007-10-11T00:00:00.000+10:00,0.879,140,603
2007-10-12T00:00:00.000+10:00,0.840,140,603
2007-10-13T00:00:00.000+10:00,0.798,140,603
2007-10-14T00:00:00.000+10:00,0.768,140,603
2007-10-15T00:00:00.000+10:00,0.748,140,603
2007-10-16T00:00:00.000+10:00,0.724,140,603
2007-10-17T00:00:00.000+10:00,0.700,140,603
2007-10-18T00:00:00.000+10:00,0.684,140,603
2007-10-19T00:00:00.000+10:00,0.675,140,603
2007-10-20T00:00:00.000+10:00,0.648,140,603
2007-10-21T00:00:00.000+10:00,0.628,140,603
2007-10-22T00:00:00.000+10:00,0.613,140,603
2007-10-23T00:00:00.000+10:00,0.600,140,603
2007-10-24T00:00:00.000+10:00,0.588,140,603
2007-10-25T00:00:00.000+10:00,0.579,140,603
2007-10-26T00:00:00.000+10:00,0.576,140,603
2007-10-27T00:00:00.000+10:00,0.606,140,603
2007-10-28T00:00:00.000+10:00,0.607,140,603
2007-10-29T00:00:00.000+10:00,0.772,140,603
2007-10-30T00:00:00.000+10:00,0.980,140,603
2007-10-31T00:00:00.000+10:00,0.768,140,603
2007-11-01T00:00:00.000+10:00,0.808,140,603
2007-11-02T00:00:00.000+10:00,2.198,140,603
2007-11-03T00:00:00.000+10:00,3.664,140,603
2007-11-04T00:00:00.000+10:00,1.722,140,603
2007-11-05T00:00:00.000+10:00,1.302,140,603
2007-11-06T00:00:00.000+10:00,1.129,140,603
2007-11-07T00:00:00.000+10:00,1.137,140,603
2007-11-08T00:00:00.000+10:00,2.592,140,603
2007-11-09T00:00:00.000+10:00,6.022,140,603
2007-11-10T00:00:00.000+10:00,25.186,140,603
2007-11-11T00:00:00.000+10:00,9.444,140,603
2007-11-12T00:00:00.000+10:00,6.237,140,603
2007-11-13T00:00:00.000+10:00,4.740,140,603
2007-11-14T00:00:00.000+10:00,3.737,140,603
2007-11-15T00:00:00.000+10:00,3.040,140,603
2007-11-16T00:00:00.000+10:00,2.560,140,603
2007-11-17T00:00:00.000+10:00,2.206,140,603
2007-11-18T00:00:00.000+10:00,1.952,140,603
2007-11-19T00:00:00.000+10:00,1.742,140,603
2007-11-20T00:00:00.000+10:00,1.588,140,603
2007-11-21T00:00:00.000+10:00,1.450,140,603
2007-11-22T00:00:00.000+10:00,1.501,140,603
2007-11-23T00:00:00.000+10:00,2.638,140,603
2007-11-24T00:00:00.000+10:00,3.085,140,603
2007-11-25T00:00:00.000+10:00,2.880,140,603
2007-11-26T00:00:00.000+10:00,2.382,140,603
2007-11-27T00:00:00.000+10:00,2.133,140,603
2007-11-28T00:00:00.000+10:00,2.162,140,603
2007-11-29T00:00:00.000+10:00,1.939,140,603
2007-11-30T00:00:00.000+10:00,1.726,140,603
2007-12-01T00:00:00.000+10:00,1.597,140,603
2007-12-02T00:00:00.000+10:00,1.536,140,603
2007-12-03T00:00:00.000+10:00,1.476,140,603
2007-12-04T00:00:00.000+10:00,1.496,140,603
2007-12-05T00:00:00.000+10:00,1.399,140,603
2007-12-06T00:00:00.000+10:00,1.323,140,603
2007-12-07T00:00:00.000+10:00,1.271,140,603
2007-12-08T00:00:00.000+10:00,1.455,140,603
2007-12-09T00:00:00.000+10:00,1.322,140,603
2007-12-10T00:00:00.000+10:00,1.268,140,603
2007-12-11T00:00:00.000+10:00,1.218,140,603
2007-12-12T00:00:00.000+10:00,1.443,140,603
2007-12-13T00:00:00.000+10:00,3.667,140,603
2007-12-14T00:00:00.000+10:00,2.312,140,603
2007-12-15T00:00:00.000+10:00,1.986,140,603
2007-12-16T00:00:00.000+10:00,2.104,140,603
2007-12-17T00:00:00.000+10:00,3.196,140,603
2007-12-18T00:00:00.000+10:00,2.170,140,603
2007-12-19T00:00:00.000+10:00,1.903,140,603
2007-12-20T00:00:00.000+10:00,1.752,140,603
2007-12-21T00:00:00.000+10:00,1.607,140,603
2007-12-22T00:00:00.000+10:00,1.467,140,603
2007-12-23T00:00:00.000+10:00,1.380,140,603
2007-12-24T00:00:00.000+10:00,1.296,140,603
2007-12-25T00:00:00.000+10:00,1.235,140,603
2007-12-26T00:00:00.000+10:00,1.677,140,603
2007-12-27T00:00:00.000+10:00,1.537,140,603
2007-12-28T00:00:00.000+10:00,1.296,140,603
2007-12-29T00:00:00.000+10:00,1.206,140,603
2007-12-30T00:00:00.000+10:00,1.135,140,603
2007-12-31T00:00:00.000+10:00,1.156,140,603
2008-01-01T00:00:00.000+10:00,2.255,140,603
2008-01-02T00:00:00.000+10:00,1.769,140,603
2008-01-03T00:00:00.000+10:00,2.439,140,603
2008-01-04T00:00:00.000+10:00,104.271,140,603
2008-01-05T00:00:00.000+10:00,141.709,140,603
2008-01-06T00:00:00.000+10:00,36.011,140,603
2008-01-07T00:00:00.000+10:00,15.533,140,603
2008-01-08T00:00:00.000+10:00,10.685,140,603
2008-01-09T00:00:00.000+10:00,9.182,140,603
2008-01-10T00:00:00.000+10:00,8.663,140,603
2008-01-11T00:00:00.000+10:00,7.250,140,603
2008-01-12T00:00:00.000+10:00,6.407,140,603
2008-01-13T00:00:00.000+10:00,5.658,140,603
2008-01-14T00:00:00.000+10:00,5.412,140,603
2008-01-15T00:00:00.000+10:00,13.483,140,603
2008-01-16T00:00:00.000+10:00,10.679,140,603
2008-01-17T00:00:00.000+10:00,8.884,140,603
2008-01-18T00:00:00.000+10:00,8.030,140,603
2008-01-19T00:00:00.000+10:00,7.159,140,603
2008-01-20T00:00:00.000+10:00,6.347,140,603
2008-01-21T00:00:00.000+10:00,5.725,140,603
2008-01-22T00:00:00.000+10:00,5.184,140,603
2008-01-23T00:00:00.000+10:00,4.594,140,603
2008-01-24T00:00:00.000+10:00,4.292,140,603
2008-01-25T00:00:00.000+10:00,4.646,140,603
2008-01-26T00:00:00.000+10:00,7.429,140,603
2008-01-27T00:00:00.000+10:00,5.700,140,603
2008-01-28T00:00:00.000+10:00,5.006,140,603
2008-01-29T00:00:00.000+10:00,4.465,140,603
2008-01-30T00:00:00.000+10:00,4.041,140,603
2008-01-31T00:00:00.000+10:00,3.721,140,603
2008-02-01T00:00:00.000+10:00,3.344,140,603
2008-02-02T00:00:00.000+10:00,3.336,140,603
2008-02-03T00:00:00.000+10:00,74.741,140,603
2008-02-04T00:00:00.000+10:00,29.026,140,603
2008-02-05T00:00:00.000+10:00,53.763,140,603
2008-02-06T00:00:00.000+10:00,32.934,140,603
2008-02-07T00:00:00.000+10:00,17.507,140,603
2008-02-08T00:00:00.000+10:00,12.312,140,603
2008-02-09T00:00:00.000+10:00,9.857,140,603
2008-02-10T00:00:00.000+10:00,8.229,140,603
2008-02-11T00:00:00.000+10:00,7.147,140,603
2008-02-12T00:00:00.000+10:00,10.827,140,603
2008-02-13T00:00:00.000+10:00,15.309,140,603
2008-02-14T00:00:00.000+10:00,10.155,140,603
2008-02-15T00:00:00.000+10:00,8.467,140,603
2008-02-16T00:00:00.000+10:00,7.395,140,603
2008-02-17T00:00:00.000+10:00,6.832,140,603
2008-02-18T00:00:00.000+10:00,6.439,140,603
2008-02-19T00:00:00.000+10:00,8.883,140,603
2008-02-20T00:00:00.000+10:00,8.510,140,603
2008-02-21T00:00:00.000+10:00,7.548,140,603
2008-02-22T00:00:00.000+10:00,6.714,140,603
2008-02-23T00:00:00.000+10:00,6.131,140,603
2008-02-24T00:00:00.000+10:00,5.559,140,603
2008-02-25T00:00:00.000+10:00,5.075,140,603
2008-02-26T00:00:00.000+10:00,4.665,140,603
2008-02-27T00:00:00.000+10:00,4.287,140,603
2008-02-28T00:00:00.000+10:00,3.992,140,603
2008-02-29T00:00:00.000+10:00,4.149,140,603
2008-03-01T00:00:00.000+10:00,3.533,140,603
2008-03-02T00:00:00.000+10:00,3.244,140,603
2008-03-03T00:00:00.000+10:00,3.042,140,603
2008-03-04T00:00:00.000+10:00,2.868,140,603
2008-03-05T00:00:00.000+10:00,2.699,140,603
2008-03-06T00:00:00.000+10:00,2.637,140,603
2008-03-07T00:00:00.000+10:00,2.492,140,603
2008-03-08T00:00:00.000+10:00,2.351,140,603
2008-03-09T00:00:00.000+10:00,2.238,140,603
2008-03-10T00:00:00.000+10:00,2.143,140,603
2008-03-11T00:00:00.000+10:00,2.048,140,603
2008-03-12T00:00:00.000+10:00,1.960,140,603
2008-03-13T00:00:00.000+10:00,1.882,140,603
2008-03-14T00:00:00.000+10:00,1.805,140,603
2008-03-15T00:00:00.000+10:00,1.745,140,603
2008-03-16T00:00:00.000+10:00,1.687,140,603
2008-03-17T00:00:00.000+10:00,1.651,140,603
2008-03-18T00:00:00.000+10:00,1.610,140,603
2008-03-19T00:00:00.000+10:00,1.623,140,603
2008-03-20T00:00:00.000+10:00,1.649,140,603
2008-03-21T00:00:00.000+10:00,1.509,140,603
2008-03-22T00:00:00.000+10:00,1.462,140,603
2008-03-23T00:00:00.000+10:00,1.889,140,603
2008-03-24T00:00:00.000+10:00,1.563,140,603
2008-03-25T00:00:00.000+10:00,1.408,140,603
2008-03-26T00:00:00.000+10:00,1.325,140,603
2008-03-27T00:00:00.000+10:00,1.445,140,603
2008-03-28T00:00:00.000+10:00,1.885,140,603
2008-03-29T00:00:00.000+10:00,1.444,140,603
2008-03-30T00:00:00.000+10:00,1.309,140,603
2008-03-31T00:00:00.000+10:00,1.221,140,603
2008-04-01T00:00:00.000+10:00,1.161,140,603
2008-04-02T00:00:00.000+10:00,1.126,140,603
2008-04-03T00:00:00.000+10:00,1.088,140,603
2008-04-04T00:00:00.000+10:00,1.047,140,603
2008-04-05T00:00:00.000+10:00,1.014,140,603
2008-04-06T00:00:00.000+10:00,1.002,140,603
2008-04-07T00:00:00.000+10:00,1.032,140,603
2008-04-08T00:00:00.000+10:00,1.073,140,603
2008-04-09T00:00:00.000+10:00,2.751,140,603
2008-04-10T00:00:00.000+10:00,6.125,140,603
2008-04-11T00:00:00.000+10:00,3.946,140,603
2008-04-12T00:00:00.000+10:00,2.826,140,603
2008-04-13T00:00:00.000+10:00,2.260,140,603
2008-04-14T00:00:00.000+10:00,1.975,140,603
2008-04-15T00:00:00.000+10:00,1.769,140,603
2008-04-16T00:00:00.000+10:00,1.597,140,603
2008-04-17T00:00:00.000+10:00,1.469,140,603
2008-04-18T00:00:00.000+10:00,1.981,140,603
2008-04-19T00:00:00.000+10:00,3.001,140,603
2008-04-20T00:00:00.000+10:00,11.485,140,603
2008-04-21T00:00:00.000+10:00,8.141,140,603
2008-04-22T00:00:00.000+10:00,5.899,140,603
2008-04-23T00:00:00.000+10:00,4.780,140,603
2008-04-24T00:00:00.000+10:00,4.158,140,603
2008-04-25T00:00:00.000+10:00,4.608,140,603
2008-04-26T00:00:00.000+10:00,4.584,140,603
2008-04-27T00:00:00.000+10:00,3.773,140,603
2008-04-28T00:00:00.000+10:00,3.357,140,603
2008-04-29T00:00:00.000+10:00,2.968,140,603
2008-04-30T00:00:00.000+10:00,2.659,140,603
2008-05-01T00:00:00.000+10:00,2.431,140,603
2008-05-02T00:00:00.000+10:00,2.255,140,603
2008-05-03T00:00:00.000+10:00,2.086,140,603
2008-05-04T00:00:00.000+10:00,1.935,140,603
2008-05-05T00:00:00.000+10:00,1.822,140,603
2008-05-06T00:00:00.000+10:00,1.722,140,603
2008-05-07T00:00:00.000+10:00,1.633,140,603
2008-05-08T00:00:00.000+10:00,1.551,140,603
2008-05-09T00:00:00.000+10:00,1.469,140,603
2008-05-10T00:00:00.000+10:00,1.415,140,603
2008-05-11T00:00:00.000+10:00,1.369,140,603
2008-05-12T00:00:00.000+10:00,1.325,140,603
2008-05-13T00:00:00.000+10:00,1.294,140,603
2008-05-14T00:00:00.000+10:00,1.420,140,603
2008-05-15T00:00:00.000+10:00,1.296,140,603
2008-05-16T00:00:00.000+10:00,1.221,140,603
2008-05-17T00:00:00.000+10:00,1.188,140,603
2008-05-18T00:00:00.000+10:00,1.162,140,603
2008-05-19T00:00:00.000+10:00,1.107,140,603
2008-05-20T00:00:00.000+10:00,1.075,140,603
2008-05-21T00:00:00.000+10:00,1.035,140,603
2008-05-22T00:00:00.000+10:00,1.014,140,603
2008-05-23T00:00:00.000+10:00,1.053,140,603
2008-05-24T00:00:00.000+10:00,0.996,140,603
2008-05-25T00:00:00.000+10:00,0.960,140,603
2008-05-26T00:00:00.000+10:00,0.938,140,603
2008-05-27T00:00:00.000+10:00,0.919,140,603
2008-05-28T00:00:00.000+10:00,0.900,140,603
2008-05-29T00:00:00.000+10:00,1.055,140,603
2008-05-30T00:00:00.000+10:00,1.075,140,603
2008-05-31T00:00:00.000+10:00,1.336,140,603
2008-06-01T00:00:00.000+10:00,1.183,140,603
2008-06-02T00:00:00.000+10:00,1.040,140,603
2008-06-03T00:00:00.000+10:00,26.070,140,603
2008-06-04T00:00:00.000+10:00,13.013,140,603
2008-06-05T00:00:00.000+10:00,6.715,140,603
2008-06-06T00:00:00.000+10:00,4.976,140,603
2008-06-07T00:00:00.000+10:00,3.960,140,603
2008-06-08T00:00:00.000+10:00,3.280,140,603
2008-06-09T00:00:00.000+10:00,3.075,140,603
2008-06-10T00:00:00.000+10:00,2.937,140,603
2008-06-11T00:00:00.000+10:00,2.630,140,603
2008-06-12T00:00:00.000+10:00,2.372,140,603
2008-06-13T00:00:00.000+10:00,2.228,140,603
2008-06-14T00:00:00.000+10:00,2.081,140,603
2008-06-15T00:00:00.000+10:00,1.896,140,603
2008-06-16T00:00:00.000+10:00,1.773,140,603
2008-06-17T00:00:00.000+10:00,1.698,140,603
2008-06-18T00:00:00.000+10:00,1.665,140,603
2008-06-19T00:00:00.000+10:00,1.655,140,603
2008-06-20T00:00:00.000+10:00,1.582,140,603
2008-06-21T00:00:00.000+10:00,1.492,140,603
2008-06-22T00:00:00.000+10:00,1.411,140,603
2008-06-23T00:00:00.000+10:00,1.346,140,603
2008-06-24T00:00:00.000+10:00,1.305,140,603
2008-06-25T00:00:00.000+10:00,1.263,140,603
2008-06-26T00:00:00.000+10:00,1.231,140,603
2008-06-27T00:00:00.000+10:00,1.199,140,603
2008-06-28T00:00:00.000+10:00,1.159,140,603
2008-06-29T00:00:00.000+10:00,1.134,140,603
2008-06-30T00:00:00.000+10:00,1.109,140,603
2008-07-01T00:00:00.000+10:00,1.084,140,603
2008-07-02T00:00:00.000+10:00,1.057,140,603
2008-07-03T00:00:00.000+10:00,1.028,140,603
2008-07-04T00:00:00.000+10:00,1.006,140,603
2008-07-05T00:00:00.000+10:00,1.070,140,603
2008-07-06T00:00:00.000+10:00,1.043,140,603
2008-07-07T00:00:00.000+10:00,0.993,140,603
2008-07-08T00:00:00.000+10:00,0.972,140,603
2008-07-09T00:00:00.000+10:00,0.958,140,603
2008-07-10T00:00:00.000+10:00,0.931,140,603
2008-07-11T00:00:00.000+10:00,0.915,140,603
2008-07-12T00:00:00.000+10:00,0.896,140,603
2008-07-13T00:00:00.000+10:00,0.878,140,603
2008-07-14T00:00:00.000+10:00,0.861,140,603
2008-07-15T00:00:00.000+10:00,0.852,140,603
2008-07-16T00:00:00.000+10:00,0.847,140,603
2008-07-17T00:00:00.000+10:00,0.826,140,603
2008-07-18T00:00:00.000+10:00,0.805,140,603
2008-07-19T00:00:00.000+10:00,0.796,140,603
2008-07-20T00:00:00.000+10:00,0.780,140,603
2008-07-21T00:00:00.000+10:00,0.765,140,603
2008-07-22T00:00:00.000+10:00,0.749,140,603
2008-07-23T00:00:00.000+10:00,0.736,140,603
2008-07-24T00:00:00.000+10:00,0.823,140,603
2008-07-25T00:00:00.000+10:00,7.328,140,603
2008-07-26T00:00:00.000+10:00,3.772,140,603
2008-07-27T00:00:00.000+10:00,2.198,140,603
2008-07-28T00:00:00.000+10:00,1.740,140,603
2008-07-29T00:00:00.000+10:00,1.483,140,603
2008-07-30T00:00:00.000+10:00,1.325,140,603
2008-07-31T00:00:00.000+10:00,1.225,140,603
2008-08-01T00:00:00.000+10:00,1.155,140,603
2008-08-02T00:00:00.000+10:00,1.090,140,603
2008-08-03T00:00:00.000+10:00,1.021,140,603
2008-08-04T00:00:00.000+10:00,0.976,140,603
2008-08-05T00:00:00.000+10:00,0.939,140,603
2008-08-06T00:00:00.000+10:00,0.912,140,603
2008-08-07T00:00:00.000+10:00,0.880,140,603
2008-08-08T00:00:00.000+10:00,0.853,140,603
2008-08-09T00:00:00.000+10:00,0.828,140,603
2008-08-10T00:00:00.000+10:00,0.802,140,603
2008-08-11T00:00:00.000+10:00,0.782,140,603
2008-08-12T00:00:00.000+10:00,0.763,140,603
2008-08-13T00:00:00.000+10:00,0.748,140,603
2008-08-14T00:00:00.000+10:00,0.734,140,603
2008-08-15T00:00:00.000+10:00,0.720,140,603
2008-08-16T00:00:00.000+10:00,0.709,140,603
2008-08-17T00:00:00.000+10:00,0.693,140,603
2008-08-18T00:00:00.000+10:00,0.672,140,603
2008-08-19T00:00:00.000+10:00,0.661,140,603
2008-08-20T00:00:00.000+10:00,0.649,140,603
2008-08-21T00:00:00.000+10:00,0.637,140,603
2008-08-22T00:00:00.000+10:00,0.634,140,603
2008-08-23T00:00:00.000+10:00,0.641,140,603
2008-08-24T00:00:00.000+10:00,0.626,140,603
2008-08-25T00:00:00.000+10:00,0.602,140,603
2008-08-26T00:00:00.000+10:00,0.594,140,603
2008-08-27T00:00:00.000+10:00,0.596,140,603
2008-08-28T00:00:00.000+10:00,0.629,140,603
2008-08-29T00:00:00.000+10:00,0.783,140,603
2008-08-30T00:00:00.000+10:00,1.141,140,603
2008-08-31T00:00:00.000+10:00,0.849,140,603
2008-09-01T00:00:00.000+10:00,0.744,140,603
2008-09-02T00:00:00.000+10:00,0.698,140,603
2008-09-03T00:00:00.000+10:00,0.882,140,603
2008-09-04T00:00:00.000+10:00,2.179,140,603
2008-09-05T00:00:00.000+10:00,102.041,140,603
2008-09-06T00:00:00.000+10:00,18.709,140,603
2008-09-07T00:00:00.000+10:00,7.912,140,603
2008-09-08T00:00:00.000+10:00,5.478,140,603
2008-09-09T00:00:00.000+10:00,4.177,140,603
2008-09-10T00:00:00.000+10:00,3.350,140,603
2008-09-11T00:00:00.000+10:00,2.817,140,603
2008-09-12T00:00:00.000+10:00,2.446,140,603
2008-09-13T00:00:00.000+10:00,2.153,140,603
2008-09-14T00:00:00.000+10:00,1.946,140,603
2008-09-15T00:00:00.000+10:00,1.872,140,603
2008-09-16T00:00:00.000+10:00,1.673,140,603
2008-09-17T00:00:00.000+10:00,1.526,140,603
2008-09-18T00:00:00.000+10:00,1.426,140,603
2008-09-19T00:00:00.000+10:00,1.347,140,603
2008-09-20T00:00:00.000+10:00,1.285,140,603
2008-09-21T00:00:00.000+10:00,1.353,140,603
2008-09-22T00:00:00.000+10:00,1.275,140,603
2008-09-23T00:00:00.000+10:00,1.168,140,603
2008-09-24T00:00:00.000+10:00,1.353,140,603
2008-09-25T00:00:00.000+10:00,1.394,140,603
2008-09-26T00:00:00.000+10:00,1.216,140,603
2008-09-27T00:00:00.000+10:00,1.110,140,603
2008-09-28T00:00:00.000+10:00,1.051,140,603
2008-09-29T00:00:00.000+10:00,1.001,140,603
2008-09-30T00:00:00.000+10:00,0.972,140,603
2008-10-01T00:00:00.000+10:00,0.944,140,603
2008-10-02T00:00:00.000+10:00,0.901,140,603
2008-10-03T00:00:00.000+10:00,0.870,140,603
2008-10-04T00:00:00.000+10:00,0.840,140,603
2008-10-05T00:00:00.000+10:00,0.812,140,603
2008-10-06T00:00:00.000+10:00,0.801,140,603
2008-10-07T00:00:00.000+10:00,0.789,140,603
2008-10-08T00:00:00.000+10:00,0.777,140,603
2008-10-09T00:00:00.000+10:00,0.765,140,603
2008-10-10T00:00:00.000+10:00,0.752,140,603
2008-10-11T00:00:00.000+10:00,0.740,140,603
2008-10-12T00:00:00.000+10:00,0.728,140,603
2008-10-13T00:00:00.000+10:00,0.722,140,603
2008-10-14T00:00:00.000+10:00,0.706,140,603
2008-10-15T00:00:00.000+10:00,0.866,140,603
2008-10-16T00:00:00.000+10:00,1.066,140,603
2008-10-17T00:00:00.000+10:00,1.178,140,603
2008-10-18T00:00:00.000+10:00,0.969,140,603
2008-10-19T00:00:00.000+10:00,0.897,140,603
2008-10-20T00:00:00.000+10:00,0.973,140,603
2008-10-21T00:00:00.000+10:00,1.002,140,603
2008-10-22T00:00:00.000+10:00,1.348,140,603
2008-10-23T00:00:00.000+10:00,1.114,140,603
2008-10-24T00:00:00.000+10:00,0.957,140,603
2008-10-25T00:00:00.000+10:00,0.883,140,603
2008-10-26T00:00:00.000+10:00,0.825,140,603
2008-10-27T00:00:00.000+10:00,0.777,140,603
2008-10-28T00:00:00.000+10:00,0.744,140,603
2008-10-29T00:00:00.000+10:00,0.714,140,603
2008-10-30T00:00:00.000+10:00,0.687,140,603
2008-10-31T00:00:00.000+10:00,0.663,140,603
2008-11-01T00:00:00.000+10:00,0.639,140,603
2008-11-02T00:00:00.000+10:00,0.637,140,603
2008-11-03T00:00:00.000+10:00,0.678,140,603
2008-11-04T00:00:00.000+10:00,0.731,140,603
2008-11-05T00:00:00.000+10:00,0.672,140,603
2008-11-06T00:00:00.000+10:00,0.635,140,603
2008-11-07T00:00:00.000+10:00,0.605,140,603
2008-11-08T00:00:00.000+10:00,0.598,140,603
2008-11-09T00:00:00.000+10:00,0.665,140,603
2008-11-10T00:00:00.000+10:00,0.915,140,603
2008-11-11T00:00:00.000+10:00,0.820,140,603
2008-11-12T00:00:00.000+10:00,0.738,140,603
2008-11-13T00:00:00.000+10:00,0.785,140,603
2008-11-14T00:00:00.000+10:00,0.902,140,603
2008-11-15T00:00:00.000+10:00,0.851,140,603
2008-11-16T00:00:00.000+10:00,0.919,140,603
2008-11-17T00:00:00.000+10:00,2.909,140,603
2008-11-18T00:00:00.000+10:00,3.034,140,603
2008-11-19T00:00:00.000+10:00,4.200,140,603
2008-11-20T00:00:00.000+10:00,7.608,140,603
2008-11-21T00:00:00.000+10:00,4.658,140,603
2008-11-22T00:00:00.000+10:00,3.438,140,603
2008-11-23T00:00:00.000+10:00,2.629,140,603
2008-11-24T00:00:00.000+10:00,2.157,140,603
2008-11-25T00:00:00.000+10:00,1.853,140,603
2008-11-26T00:00:00.000+10:00,1.842,140,603
2008-11-27T00:00:00.000+10:00,1.835,140,603
2008-11-28T00:00:00.000+10:00,1.584,140,603
2008-11-29T00:00:00.000+10:00,2.047,140,603
2008-11-30T00:00:00.000+10:00,1.738,140,603
2008-12-01T00:00:00.000+10:00,1.467,140,603
2008-12-02T00:00:00.000+10:00,1.341,140,603
2008-12-03T00:00:00.000+10:00,1.268,140,603
2008-12-04T00:00:00.000+10:00,1.208,140,603
2008-12-05T00:00:00.000+10:00,1.168,140,603
2008-12-06T00:00:00.000+10:00,1.136,140,603
2008-12-07T00:00:00.000+10:00,1.140,140,603
2008-12-08T00:00:00.000+10:00,1.159,140,603
2008-12-09T00:00:00.000+10:00,1.485,140,603
2008-12-10T00:00:00.000+10:00,1.247,140,603
2008-12-11T00:00:00.000+10:00,2.487,140,603
2008-12-12T00:00:00.000+10:00,3.620,140,603
2008-12-13T00:00:00.000+10:00,3.870,140,603
2008-12-14T00:00:00.000+10:00,3.039,140,603
2008-12-15T00:00:00.000+10:00,2.459,140,603
2008-12-16T00:00:00.000+10:00,2.111,140,603
2008-12-17T00:00:00.000+10:00,1.862,140,603
2008-12-18T00:00:00.000+10:00,1.677,140,603
2008-12-19T00:00:00.000+10:00,1.542,140,603
2008-12-20T00:00:00.000+10:00,1.484,140,603
2008-12-21T00:00:00.000+10:00,1.520,140,603
2008-12-22T00:00:00.000+10:00,1.376,140,603
2008-12-23T00:00:00.000+10:00,1.251,140,603
2008-12-24T00:00:00.000+10:00,1.211,140,603
2008-12-25T00:00:00.000+10:00,1.164,140,603
2008-12-26T00:00:00.000+10:00,1.089,140,603
2008-12-27T00:00:00.000+10:00,1.037,140,603
2008-12-28T00:00:00.000+10:00,1.049,140,603
2008-12-29T00:00:00.000+10:00,1.115,140,603
2008-12-30T00:00:00.000+10:00,1.350,140,603
2008-12-31T00:00:00.000+10:00,1.149,140,603
2009-01-01T00:00:00.000+10:00,1.002,140,603
2009-01-02T00:00:00.000+10:00,0.922,140,603
2009-01-03T00:00:00.000+10:00,1.063,140,603
2009-01-04T00:00:00.000+10:00,1.186,140,603
2009-01-05T00:00:00.000+10:00,1.038,140,603
2009-01-06T00:00:00.000+10:00,0.957,140,603
2009-01-07T00:00:00.000+10:00,0.891,140,603
2009-01-08T00:00:00.000+10:00,0.852,140,603
2009-01-09T00:00:00.000+10:00,0.843,140,603
2009-01-10T00:00:00.000+10:00,1.039,140,603
2009-01-11T00:00:00.000+10:00,0.942,140,603
2009-01-12T00:00:00.000+10:00,0.863,140,603
2009-01-13T00:00:00.000+10:00,0.842,140,603
2009-01-14T00:00:00.000+10:00,0.832,140,603
2009-01-15T00:00:00.000+10:00,0.917,140,603
2009-01-16T00:00:00.000+10:00,0.968,140,603
2009-01-17T00:00:00.000+10:00,1.017,140,603
2009-01-18T00:00:00.000+10:00,1.866,140,603
2009-01-19T00:00:00.000+10:00,1.500,140,603
2009-01-20T00:00:00.000+10:00,1.416,140,603
2009-01-21T00:00:00.000+10:00,1.259,140,603
2009-01-22T00:00:00.000+10:00,1.150,140,603
2009-01-23T00:00:00.000+10:00,1.090,140,603
2009-01-24T00:00:00.000+10:00,1.071,140,603
2009-01-25T00:00:00.000+10:00,0.977,140,603
2009-01-26T00:00:00.000+10:00,1.271,140,603
2009-01-27T00:00:00.000+10:00,1.120,140,603
2009-01-28T00:00:00.000+10:00,0.973,140,603
2009-01-29T00:00:00.000+10:00,0.883,140,603
2009-01-30T00:00:00.000+10:00,0.826,140,603
2009-01-31T00:00:00.000+10:00,0.792,140,603
2009-02-01T00:00:00.000+10:00,0.765,140,603
2009-02-02T00:00:00.000+10:00,0.738,140,603
2009-02-03T00:00:00.000+10:00,0.747,140,603
2009-02-04T00:00:00.000+10:00,0.762,140,603
2009-02-05T00:00:00.000+10:00,0.725,140,603
2009-02-06T00:00:00.000+10:00,0.681,140,603
2009-02-07T00:00:00.000+10:00,0.644,140,603
2009-02-08T00:00:00.000+10:00,0.624,140,603
2009-02-09T00:00:00.000+10:00,0.641,140,603
2009-02-10T00:00:00.000+10:00,0.615,140,603
2009-02-11T00:00:00.000+10:00,0.608,140,603
2009-02-12T00:00:00.000+10:00,0.689,140,603
2009-02-13T00:00:00.000+10:00,3.981,140,603
2009-02-14T00:00:00.000+10:00,20.043,140,603
2009-02-15T00:00:00.000+10:00,22.107,140,603
2009-02-16T00:00:00.000+10:00,132.606,140,603
2009-02-17T00:00:00.000+10:00,217.428,140,603
2009-02-18T00:00:00.000+10:00,35.351,140,603
2009-02-19T00:00:00.000+10:00,17.488,140,603
2009-02-20T00:00:00.000+10:00,12.309,140,603
2009-02-21T00:00:00.000+10:00,9.623,140,603
2009-02-22T00:00:00.000+10:00,8.845,140,603
2009-02-23T00:00:00.000+10:00,7.041,140,603
2009-02-24T00:00:00.000+10:00,6.027,140,603
2009-02-25T00:00:00.000+10:00,5.235,140,603
2009-02-26T00:00:00.000+10:00,5.157,140,603
2009-02-27T00:00:00.000+10:00,4.376,140,603
2009-02-28T00:00:00.000+10:00,3.796,140,603
2009-03-01T00:00:00.000+10:00,3.407,140,603
2009-03-02T00:00:00.000+10:00,3.093,140,603
2009-03-03T00:00:00.000+10:00,2.932,140,603
2009-03-04T00:00:00.000+10:00,2.738,140,603
2009-03-05T00:00:00.000+10:00,2.933,140,603
2009-03-06T00:00:00.000+10:00,2.428,140,603
2009-03-07T00:00:00.000+10:00,2.233,140,603
2009-03-08T00:00:00.000+10:00,2.121,140,603
2009-03-09T00:00:00.000+10:00,2.418,140,603
2009-03-10T00:00:00.000+10:00,8.458,140,603
2009-03-11T00:00:00.000+10:00,4.826,140,603
2009-03-12T00:00:00.000+10:00,4.256,140,603
2009-03-13T00:00:00.000+10:00,3.572,140,603
2009-03-14T00:00:00.000+10:00,3.143,140,603
2009-03-15T00:00:00.000+10:00,3.181,140,603
2009-03-16T00:00:00.000+10:00,2.914,140,603
2009-03-17T00:00:00.000+10:00,2.639,140,603
2009-03-18T00:00:00.000+10:00,2.406,140,603
2009-03-19T00:00:00.000+10:00,2.227,140,603
2009-03-20T00:00:00.000+10:00,2.087,140,603
2009-03-21T00:00:00.000+10:00,2.090,140,603
2009-03-22T00:00:00.000+10:00,2.335,140,603
2009-03-23T00:00:00.000+10:00,2.001,140,603
2009-03-24T00:00:00.000+10:00,1.857,140,603
2009-03-25T00:00:00.000+10:00,1.743,140,603
2009-03-26T00:00:00.000+10:00,1.648,140,603
2009-03-27T00:00:00.000+10:00,1.628,140,603
2009-03-28T00:00:00.000+10:00,2.459,140,603
2009-03-29T00:00:00.000+10:00,1.967,140,603
2009-03-30T00:00:00.000+10:00,5.990,140,603
2009-03-31T00:00:00.000+10:00,291.483,140,603
2009-04-01T00:00:00.000+10:00,188.972,140,603
2009-04-02T00:00:00.000+10:00,69.097,140,603
2009-04-03T00:00:00.000+10:00,36.461,140,603
2009-04-04T00:00:00.000+10:00,24.552,140,603
2009-04-05T00:00:00.000+10:00,18.672,140,603
2009-04-06T00:00:00.000+10:00,14.645,140,603
2009-04-07T00:00:00.000+10:00,11.573,140,603
2009-04-08T00:00:00.000+10:00,9.783,140,603
2009-04-09T00:00:00.000+10:00,8.511,140,603
2009-04-10T00:00:00.000+10:00,7.491,140,603
2009-04-11T00:00:00.000+10:00,6.750,140,603
2009-04-12T00:00:00.000+10:00,6.432,140,603
2009-04-13T00:00:00.000+10:00,6.714,140,603
2009-04-14T00:00:00.000+10:00,10.808,140,603
2009-04-15T00:00:00.000+10:00,11.055,140,603
2009-04-16T00:00:00.000+10:00,8.087,140,603
2009-04-17T00:00:00.000+10:00,6.986,140,603
2009-04-18T00:00:00.000+10:00,6.227,140,603
2009-04-19T00:00:00.000+10:00,5.670,140,603
2009-04-20T00:00:00.000+10:00,5.683,140,603
2009-04-21T00:00:00.000+10:00,13.877,140,603
2009-04-22T00:00:00.000+10:00,12.535,140,603
2009-04-23T00:00:00.000+10:00,12.231,140,603
2009-04-24T00:00:00.000+10:00,9.339,140,603
2009-04-25T00:00:00.000+10:00,8.061,140,603
2009-04-26T00:00:00.000+10:00,7.098,140,603
2009-04-27T00:00:00.000+10:00,6.365,140,603
2009-04-28T00:00:00.000+10:00,5.770,140,603
2009-04-29T00:00:00.000+10:00,5.289,140,603
2009-04-30T00:00:00.000+10:00,4.885,140,603
2009-05-01T00:00:00.000+10:00,4.508,140,603
2009-05-02T00:00:00.000+10:00,4.230,140,603
2009-05-03T00:00:00.000+10:00,4.054,140,603
2009-05-04T00:00:00.000+10:00,3.848,140,603
2009-05-05T00:00:00.000+10:00,3.613,140,603
2009-05-06T00:00:00.000+10:00,4.050,140,603
2009-05-07T00:00:00.000+10:00,3.718,140,603
2009-05-08T00:00:00.000+10:00,3.351,140,603
2009-05-09T00:00:00.000+10:00,3.164,140,603
2009-05-10T00:00:00.000+10:00,3.030,140,603
2009-05-11T00:00:00.000+10:00,2.940,140,603
2009-05-12T00:00:00.000+10:00,2.823,140,603
2009-05-13T00:00:00.000+10:00,2.731,140,603
2009-05-14T00:00:00.000+10:00,2.640,140,603
2009-05-15T00:00:00.000+10:00,2.549,140,603
2009-05-16T00:00:00.000+10:00,2.471,140,603
2009-05-17T00:00:00.000+10:00,2.399,140,603
2009-05-18T00:00:00.000+10:00,2.356,140,603
2009-05-19T00:00:00.000+10:00,2.684,140,603
2009-05-20T00:00:00.000+10:00,3.283,140,603
2009-05-21T00:00:00.000+10:00,97.583,140,603
2009-05-22T00:00:00.000+10:00,254.571,140,603
2009-05-23T00:00:00.000+10:00,131.596,140,603
2009-05-24T00:00:00.000+10:00,55.966,140,603
2009-05-25T00:00:00.000+10:00,26.176,140,603
2009-05-26T00:00:00.000+10:00,16.576,140,603
2009-05-27T00:00:00.000+10:00,12.820,140,603
2009-05-28T00:00:00.000+10:00,10.635,140,603
2009-05-29T00:00:00.000+10:00,9.133,140,603
2009-05-30T00:00:00.000+10:00,7.721,140,603
2009-05-31T00:00:00.000+10:00,6.807,140,603
2009-06-01T00:00:00.000+10:00,6.127,140,603
2009-06-02T00:00:00.000+10:00,5.619,140,603
2009-06-03T00:00:00.000+10:00,5.208,140,603
2009-06-04T00:00:00.000+10:00,4.758,140,603
2009-06-05T00:00:00.000+10:00,4.389,140,603
2009-06-06T00:00:00.000+10:00,4.074,140,603
2009-06-07T00:00:00.000+10:00,3.777,140,603
2009-06-08T00:00:00.000+10:00,3.525,140,603
2009-06-09T00:00:00.000+10:00,3.281,140,603
2009-06-10T00:00:00.000+10:00,3.078,140,603
2009-06-11T00:00:00.000+10:00,2.889,140,603
2009-06-12T00:00:00.000+10:00,2.731,140,603
2009-06-13T00:00:00.000+10:00,2.601,140,603
2009-06-14T00:00:00.000+10:00,2.486,140,603
2009-06-15T00:00:00.000+10:00,2.402,140,603
2009-06-16T00:00:00.000+10:00,2.348,140,603
2009-06-17T00:00:00.000+10:00,2.183,140,603
2009-06-18T00:00:00.000+10:00,2.545,140,603
2009-06-19T00:00:00.000+10:00,15.605,140,603
2009-06-20T00:00:00.000+10:00,54.481,140,603
2009-06-21T00:00:00.000+10:00,55.281,140,603
2009-06-22T00:00:00.000+10:00,107.776,140,603
2009-06-23T00:00:00.000+10:00,26.723,140,603
2009-06-24T00:00:00.000+10:00,15.132,140,603
2009-06-25T00:00:00.000+10:00,11.562,140,603
2009-06-26T00:00:00.000+10:00,9.659,140,603
2009-06-27T00:00:00.000+10:00,8.256,140,603
2009-06-28T00:00:00.000+10:00,7.180,140,603
2009-06-29T00:00:00.000+10:00,6.322,140,603
2009-06-30T00:00:00.000+10:00,5.636,140,603
2009-07-01T00:00:00.000+10:00,5.127,140,603
2009-07-02T00:00:00.000+10:00,4.659,140,603
2009-07-03T00:00:00.000+10:00,4.248,140,603
2009-07-04T00:00:00.000+10:00,3.893,140,603
2009-07-05T00:00:00.000+10:00,3.610,140,603
2009-07-06T00:00:00.000+10:00,3.363,140,603
2009-07-07T00:00:00.000+10:00,3.163,140,603
2009-07-08T00:00:00.000+10:00,3.074,140,603
2009-07-09T00:00:00.000+10:00,3.149,140,603
2009-07-10T00:00:00.000+10:00,4.325,140,603
2009-07-11T00:00:00.000+10:00,4.348,140,603
2009-07-12T00:00:00.000+10:00,3.291,140,603
2009-07-13T00:00:00.000+10:00,2.926,140,603
2009-07-14T00:00:00.000+10:00,2.702,140,603
2009-07-15T00:00:00.000+10:00,2.532,140,603
2009-07-16T00:00:00.000+10:00,2.407,140,603
2009-07-17T00:00:00.000+10:00,2.277,140,603
2009-07-18T00:00:00.000+10:00,2.158,140,603
2009-07-19T00:00:00.000+10:00,2.073,140,603
2009-07-20T00:00:00.000+10:00,1.986,140,603
2009-07-21T00:00:00.000+10:00,1.911,140,603
2009-07-22T00:00:00.000+10:00,1.850,140,603
2009-07-23T00:00:00.000+10:00,1.793,140,603
2009-07-24T00:00:00.000+10:00,1.707,140,603
2009-07-25T00:00:00.000+10:00,1.648,140,603
2009-07-26T00:00:00.000+10:00,1.609,140,603
2009-07-27T00:00:00.000+10:00,1.576,140,603
2009-07-28T00:00:00.000+10:00,1.514,140,603
2009-07-29T00:00:00.000+10:00,1.463,140,603
2009-07-30T00:00:00.000+10:00,1.423,140,603
2009-07-31T00:00:00.000+10:00,1.388,140,603
2009-08-01T00:00:00.000+10:00,1.346,140,603
2009-08-02T00:00:00.000+10:00,1.308,140,603
2009-08-03T00:00:00.000+10:00,1.280,140,603
2009-08-04T00:00:00.000+10:00,1.249,140,603
2009-08-05T00:00:00.000+10:00,1.219,140,603
2009-08-06T00:00:00.000+10:00,1.186,140,603
2009-08-07T00:00:00.000+10:00,1.165,140,603
2009-08-08T00:00:00.000+10:00,1.132,140,603
2009-08-09T00:00:00.000+10:00,1.099,140,603
2009-08-10T00:00:00.000+10:00,1.077,140,603
2009-08-11T00:00:00.000+10:00,1.059,140,603
2009-08-12T00:00:00.000+10:00,1.036,140,603
2009-08-13T00:00:00.000+10:00,1.020,140,603
2009-08-14T00:00:00.000+10:00,0.996,140,603
2009-08-15T00:00:00.000+10:00,0.970,140,603
2009-08-16T00:00:00.000+10:00,0.958,140,603
2009-08-17T00:00:00.000+10:00,0.946,140,603
2009-08-18T00:00:00.000+10:00,0.936,140,603
2009-08-19T00:00:00.000+10:00,0.897,140,603
2009-08-20T00:00:00.000+10:00,0.889,140,603
2009-08-21T00:00:00.000+10:00,0.889,140,603
2009-08-22T00:00:00.000+10:00,0.881,140,603
2009-08-23T00:00:00.000+10:00,0.861,140,603
2009-08-24T00:00:00.000+10:00,0.842,140,603
2009-08-25T00:00:00.000+10:00,0.821,140,603
2009-08-26T00:00:00.000+10:00,0.795,140,603
2009-08-27T00:00:00.000+10:00,0.776,140,603
2009-08-28T00:00:00.000+10:00,0.761,140,603
2009-08-29T00:00:00.000+10:00,0.748,140,603
2009-08-30T00:00:00.000+10:00,0.734,140,603
2009-08-31T00:00:00.000+10:00,0.729,140,603
2009-09-01T00:00:00.000+10:00,0.719,140,603
2009-09-02T00:00:00.000+10:00,0.704,140,603
2009-09-03T00:00:00.000+10:00,0.690,140,603
2009-09-04T00:00:00.000+10:00,0.677,140,603
2009-09-05T00:00:00.000+10:00,0.676,140,603
2009-09-06T00:00:00.000+10:00,0.666,140,603
2009-09-07T00:00:00.000+10:00,0.653,140,603
2009-09-08T00:00:00.000+10:00,0.656,140,603
2009-09-09T00:00:00.000+10:00,0.648,140,603
2009-09-10T00:00:00.000+10:00,0.624,140,603
2009-09-11T00:00:00.000+10:00,0.602,140,603
2009-09-12T00:00:00.000+10:00,0.588,140,603
2009-09-13T00:00:00.000+10:00,0.576,140,603
2009-09-14T00:00:00.000+10:00,0.564,140,603
2009-09-15T00:00:00.000+10:00,0.553,140,603
2009-09-16T00:00:00.000+10:00,0.546,140,603
2009-09-17T00:00:00.000+10:00,0.536,140,603
2009-09-18T00:00:00.000+10:00,0.523,140,603
2009-09-19T00:00:00.000+10:00,0.506,140,603
2009-09-20T00:00:00.000+10:00,0.498,140,603
2009-09-21T00:00:00.000+10:00,0.483,140,603
2009-09-22T00:00:00.000+10:00,0.483,140,603
2009-09-23T00:00:00.000+10:00,0.480,140,603
2009-09-24T00:00:00.000+10:00,0.459,140,603
2009-09-25T00:00:00.000+10:00,0.451,140,603
2009-09-26T00:00:00.000+10:00,0.436,140,603
2009-09-27T00:00:00.000+10:00,0.411,140,603
2009-09-28T00:00:00.000+10:00,0.403,140,603
2009-09-29T00:00:00.000+10:00,0.401,140,603
2009-09-30T00:00:00.000+10:00,0.391,140,603
2009-10-01T00:00:00.000+10:00,0.392,140,603
2009-10-02T00:00:00.000+10:00,0.390,140,603
2009-10-03T00:00:00.000+10:00,0.382,140,603
2009-10-04T00:00:00.000+10:00,0.394,140,603
2009-10-05T00:00:00.000+10:00,0.434,140,603
2009-10-06T00:00:00.000+10:00,0.450,140,603
2009-10-07T00:00:00.000+10:00,0.449,140,603
2009-10-08T00:00:00.000+10:00,0.435,140,603
2009-10-09T00:00:00.000+10:00,0.414,140,603
2009-10-10T00:00:00.000+10:00,0.401,140,603
2009-10-11T00:00:00.000+10:00,0.400,140,603
2009-10-12T00:00:00.000+10:00,0.399,140,603
2009-10-13T00:00:00.000+10:00,0.391,140,603
2009-10-14T00:00:00.000+10:00,0.376,140,603
2009-10-15T00:00:00.000+10:00,0.367,140,603
2009-10-16T00:00:00.000+10:00,0.358,140,603
2009-10-17T00:00:00.000+10:00,0.348,140,603
2009-10-18T00:00:00.000+10:00,0.335,140,603
2009-10-19T00:00:00.000+10:00,0.328,140,603
2009-10-20T00:00:00.000+10:00,0.318,140,603
2009-10-21T00:00:00.000+10:00,0.308,140,603
2009-10-22T00:00:00.000+10:00,0.301,140,603
2009-10-23T00:00:00.000+10:00,0.289,140,603
2009-10-24T00:00:00.000+10:00,0.278,140,603
2009-10-25T00:00:00.000+10:00,0.274,140,603
2009-10-26T00:00:00.000+10:00,21.356,140,603
2009-10-27T00:00:00.000+10:00,159.295,140,603
2009-10-28T00:00:00.000+10:00,21.465,140,603
2009-10-29T00:00:00.000+10:00,9.782,140,603
2009-10-30T00:00:00.000+10:00,6.528,140,603
2009-10-31T00:00:00.000+10:00,4.890,140,603
2009-11-01T00:00:00.000+10:00,4.064,140,603
2009-11-02T00:00:00.000+10:00,3.353,140,603
2009-11-03T00:00:00.000+10:00,2.886,140,603
2009-11-04T00:00:00.000+10:00,2.541,140,603
2009-11-05T00:00:00.000+10:00,2.742,140,603
2009-11-06T00:00:00.000+10:00,214.880,140,603
2009-11-07T00:00:00.000+10:00,144.241,140,603
2009-11-08T00:00:00.000+10:00,31.600,140,603
2009-11-09T00:00:00.000+10:00,50.206,140,603
2009-11-10T00:00:00.000+10:00,20.961,140,603
2009-11-11T00:00:00.000+10:00,13.472,140,603
2009-11-12T00:00:00.000+10:00,10.277,140,603
2009-11-13T00:00:00.000+10:00,8.447,140,603
2009-11-14T00:00:00.000+10:00,7.400,140,603
2009-11-15T00:00:00.000+10:00,6.281,140,603
2009-11-16T00:00:00.000+10:00,5.535,140,603
2009-11-17T00:00:00.000+10:00,4.961,140,603
2009-11-18T00:00:00.000+10:00,4.473,140,603
2009-11-19T00:00:00.000+10:00,4.063,140,603
2009-11-20T00:00:00.000+10:00,3.692,140,603
2009-11-21T00:00:00.000+10:00,3.399,140,603
2009-11-22T00:00:00.000+10:00,3.149,140,603
2009-11-23T00:00:00.000+10:00,2.912,140,603
2009-11-24T00:00:00.000+10:00,2.711,140,603
2009-11-25T00:00:00.000+10:00,2.557,140,603
2009-11-26T00:00:00.000+10:00,2.401,140,603
2009-11-27T00:00:00.000+10:00,2.273,140,603
2009-11-28T00:00:00.000+10:00,2.295,140,603
2009-11-29T00:00:00.000+10:00,2.411,140,603
2009-11-30T00:00:00.000+10:00,2.026,140,603
2009-12-01T00:00:00.000+10:00,1.953,140,603
2009-12-02T00:00:00.000+10:00,1.986,140,603
2009-12-03T00:00:00.000+10:00,1.851,140,603
2009-12-04T00:00:00.000+10:00,1.746,140,603
2009-12-05T00:00:00.000+10:00,1.660,140,603
2009-12-06T00:00:00.000+10:00,1.616,140,603
2009-12-07T00:00:00.000+10:00,1.560,140,603
2009-12-08T00:00:00.000+10:00,1.480,140,603
2009-12-09T00:00:00.000+10:00,1.394,140,603
2009-12-10T00:00:00.000+10:00,1.369,140,603
2009-12-11T00:00:00.000+10:00,1.359,140,603
2009-12-12T00:00:00.000+10:00,1.313,140,603
2009-12-13T00:00:00.000+10:00,1.268,140,603
2009-12-14T00:00:00.000+10:00,1.256,140,603
2009-12-15T00:00:00.000+10:00,5.162,140,603
2009-12-16T00:00:00.000+10:00,2.601,140,603
2009-12-17T00:00:00.000+10:00,2.012,140,603
2009-12-18T00:00:00.000+10:00,1.764,140,603
2009-12-19T00:00:00.000+10:00,1.717,140,603
2009-12-20T00:00:00.000+10:00,1.598,140,603
2009-12-21T00:00:00.000+10:00,1.471,140,603
2009-12-22T00:00:00.000+10:00,1.396,140,603
2009-12-23T00:00:00.000+10:00,1.452,140,603
2009-12-24T00:00:00.000+10:00,1.309,140,603
2009-12-25T00:00:00.000+10:00,1.235,140,603
2009-12-26T00:00:00.000+10:00,1.271,140,603
2009-12-27T00:00:00.000+10:00,1.620,140,603
2009-12-28T00:00:00.000+10:00,3.140,140,603
2009-12-29T00:00:00.000+10:00,15.797,140,603
2009-12-30T00:00:00.000+10:00,21.820,140,603
2009-12-31T00:00:00.000+10:00,16.605,140,603
2010-01-01T00:00:00.000+10:00,8.852,140,603
2010-01-02T00:00:00.000+10:00,6.486,140,603
2010-01-03T00:00:00.000+10:00,5.264,140,603
2010-01-04T00:00:00.000+10:00,5.155,140,603
2010-01-05T00:00:00.000+10:00,4.473,140,603
2010-01-06T00:00:00.000+10:00,3.880,140,603
2010-01-07T00:00:00.000+10:00,3.469,140,603
2010-01-08T00:00:00.000+10:00,3.125,140,603
2010-01-09T00:00:00.000+10:00,2.828,140,603
2010-01-10T00:00:00.000+10:00,2.604,140,603
2010-01-11T00:00:00.000+10:00,2.411,140,603
2010-01-12T00:00:00.000+10:00,2.273,140,603
2010-01-13T00:00:00.000+10:00,2.128,140,603
2010-01-14T00:00:00.000+10:00,2.002,140,603
2010-01-15T00:00:00.000+10:00,1.906,140,603
2010-01-16T00:00:00.000+10:00,1.870,140,603
2010-01-17T00:00:00.000+10:00,1.823,140,603
2010-01-18T00:00:00.000+10:00,2.150,140,603
2010-01-19T00:00:00.000+10:00,1.785,140,603
2010-01-20T00:00:00.000+10:00,1.627,140,603
2010-01-21T00:00:00.000+10:00,1.542,140,603
2010-01-22T00:00:00.000+10:00,1.471,140,603
2010-01-23T00:00:00.000+10:00,1.399,140,603
2010-01-24T00:00:00.000+10:00,1.332,140,603
2010-01-25T00:00:00.000+10:00,1.279,140,603
2010-01-26T00:00:00.000+10:00,1.239,140,603
2010-01-27T00:00:00.000+10:00,1.224,140,603
2010-01-28T00:00:00.000+10:00,1.202,140,603
2010-01-29T00:00:00.000+10:00,1.222,140,603
2010-01-30T00:00:00.000+10:00,1.174,140,603
2010-01-31T00:00:00.000+10:00,1.199,140,603
2010-02-01T00:00:00.000+10:00,1.306,140,603
2010-02-02T00:00:00.000+10:00,1.482,140,603
2010-02-03T00:00:00.000+10:00,8.388,140,603
2010-02-04T00:00:00.000+10:00,5.128,140,603
2010-02-05T00:00:00.000+10:00,3.929,140,603
2010-02-06T00:00:00.000+10:00,3.190,140,603
2010-02-07T00:00:00.000+10:00,84.551,140,603
2010-02-08T00:00:00.000+10:00,22.221,140,603
2010-02-09T00:00:00.000+10:00,12.547,140,603
2010-02-10T00:00:00.000+10:00,9.771,140,603
2010-02-11T00:00:00.000+10:00,7.551,140,603
2010-02-12T00:00:00.000+10:00,6.138,140,603
2010-02-13T00:00:00.000+10:00,5.261,140,603
2010-02-14T00:00:00.000+10:00,4.551,140,603
2010-02-15T00:00:00.000+10:00,4.146,140,603
2010-02-16T00:00:00.000+10:00,4.082,140,603
2010-02-17T00:00:00.000+10:00,3.467,140,603
2010-02-18T00:00:00.000+10:00,3.147,140,603
2010-02-19T00:00:00.000+10:00,2.905,140,603
2010-02-20T00:00:00.000+10:00,2.833,140,603
2010-02-21T00:00:00.000+10:00,2.639,140,603
2010-02-22T00:00:00.000+10:00,2.401,140,603
2010-02-23T00:00:00.000+10:00,2.270,140,603
2010-02-24T00:00:00.000+10:00,2.527,140,603
2010-02-25T00:00:00.000+10:00,2.314,140,603
2010-02-26T00:00:00.000+10:00,2.433,140,603
2010-02-27T00:00:00.000+10:00,2.776,140,603
2010-02-28T00:00:00.000+10:00,2.457,140,603
2010-03-01T00:00:00.000+10:00,2.295,140,603
2010-03-02T00:00:00.000+10:00,11.159,140,603
2010-03-03T00:00:00.000+10:00,16.980,140,603
2010-03-04T00:00:00.000+10:00,10.229,140,603
2010-03-05T00:00:00.000+10:00,7.922,140,603
2010-03-06T00:00:00.000+10:00,7.305,140,603
2010-03-07T00:00:00.000+10:00,6.463,140,603
2010-03-08T00:00:00.000+10:00,5.854,140,603
2010-03-09T00:00:00.000+10:00,5.245,140,603
2010-03-10T00:00:00.000+10:00,4.717,140,603
2010-03-11T00:00:00.000+10:00,5.456,140,603
2010-03-12T00:00:00.000+10:00,6.544,140,603
2010-03-13T00:00:00.000+10:00,6.982,140,603
2010-03-14T00:00:00.000+10:00,7.262,140,603
2010-03-15T00:00:00.000+10:00,6.332,140,603
2010-03-16T00:00:00.000+10:00,5.730,140,603
2010-03-17T00:00:00.000+10:00,5.130,140,603
2010-03-18T00:00:00.000+10:00,4.604,140,603
2010-03-19T00:00:00.000+10:00,4.193,140,603
2010-03-20T00:00:00.000+10:00,3.839,140,603
2010-03-21T00:00:00.000+10:00,3.574,140,603
2010-03-22T00:00:00.000+10:00,3.333,140,603
2010-03-23T00:00:00.000+10:00,3.147,140,603
2010-03-24T00:00:00.000+10:00,2.982,140,603
2010-03-25T00:00:00.000+10:00,2.818,140,603
2010-03-26T00:00:00.000+10:00,2.665,140,603
2010-03-27T00:00:00.000+10:00,2.520,140,603
2010-03-28T00:00:00.000+10:00,2.390,140,603
2010-03-29T00:00:00.000+10:00,2.280,140,603
2010-03-30T00:00:00.000+10:00,2.176,140,603
2010-03-31T00:00:00.000+10:00,2.368,140,603
2010-04-01T00:00:00.000+10:00,3.104,140,603
2010-04-02T00:00:00.000+10:00,2.315,140,603
2010-04-03T00:00:00.000+10:00,2.065,140,603
2010-04-04T00:00:00.000+10:00,1.935,140,603
2010-04-05T00:00:00.000+10:00,1.855,140,603
2010-04-06T00:00:00.000+10:00,1.797,140,603
2010-04-07T00:00:00.000+10:00,1.755,140,603
2010-04-08T00:00:00.000+10:00,1.700,140,603
2010-04-09T00:00:00.000+10:00,1.662,140,603
2010-04-10T00:00:00.000+10:00,1.587,140,603
2010-04-11T00:00:00.000+10:00,1.523,140,603
2010-04-12T00:00:00.000+10:00,1.470,140,603
2010-04-13T00:00:00.000+10:00,1.411,140,603
2010-04-14T00:00:00.000+10:00,1.354,140,603
2010-04-15T00:00:00.000+10:00,1.311,140,603
2010-04-16T00:00:00.000+10:00,1.304,140,603
2010-04-17T00:00:00.000+10:00,1.688,140,603
2010-04-18T00:00:00.000+10:00,1.649,140,603
2010-04-19T00:00:00.000+10:00,1.504,140,603
2010-04-20T00:00:00.000+10:00,1.588,140,603
2010-04-21T00:00:00.000+10:00,1.707,140,603
2010-04-22T00:00:00.000+10:00,1.485,140,603
2010-04-23T00:00:00.000+10:00,1.366,140,603
2010-04-24T00:00:00.000+10:00,1.290,140,603
2010-04-25T00:00:00.000+10:00,1.256,140,603
2010-04-26T00:00:00.000+10:00,1.340,140,603
2010-04-27T00:00:00.000+10:00,1.214,140,603
2010-04-28T00:00:00.000+10:00,1.165,140,603
2010-04-29T00:00:00.000+10:00,1.122,140,603
2010-04-30T00:00:00.000+10:00,1.081,140,603
2010-05-01T00:00:00.000+10:00,1.049,140,603
2010-05-02T00:00:00.000+10:00,1.023,140,603
2010-05-03T00:00:00.000+10:00,0.998,140,603
2010-05-04T00:00:00.000+10:00,1.065,140,603
2010-05-05T00:00:00.000+10:00,1.167,140,603
2010-05-06T00:00:00.000+10:00,1.039,140,603
2010-05-07T00:00:00.000+10:00,0.980,140,603
2010-05-08T00:00:00.000+10:00,0.949,140,603
2010-05-09T00:00:00.000+10:00,0.924,140,603
2010-05-10T00:00:00.000+10:00,0.902,140,603
2010-05-11T00:00:00.000+10:00,0.947,140,603
2010-05-12T00:00:00.000+10:00,0.959,140,603
2010-05-13T00:00:00.000+10:00,0.885,140,603
2010-05-14T00:00:00.000+10:00,0.851,140,603
2010-05-15T00:00:00.000+10:00,0.832,140,603
2010-05-16T00:00:00.000+10:00,0.819,140,603
2010-05-17T00:00:00.000+10:00,0.812,140,603
2010-05-18T00:00:00.000+10:00,0.887,140,603
2010-05-19T00:00:00.000+10:00,0.852,140,603
2010-05-20T00:00:00.000+10:00,0.804,140,603
2010-05-21T00:00:00.000+10:00,0.787,140,603
2010-05-22T00:00:00.000+10:00,1.007,140,603
2010-05-23T00:00:00.000+10:00,0.989,140,603
2010-05-24T00:00:00.000+10:00,0.903,140,603
2010-05-25T00:00:00.000+10:00,0.858,140,603
2010-05-26T00:00:00.000+10:00,0.829,140,603
2010-05-27T00:00:00.000+10:00,0.835,140,603
2010-05-28T00:00:00.000+10:00,1.108,140,603
2010-05-29T00:00:00.000+10:00,1.007,140,603
2010-05-30T00:00:00.000+10:00,1.006,140,603
2010-05-31T00:00:00.000+10:00,0.916,140,603
2010-06-01T00:00:00.000+10:00,0.856,140,603
2010-06-02T00:00:00.000+10:00,0.870,140,603
2010-06-03T00:00:00.000+10:00,2.734,140,603
2010-06-04T00:00:00.000+10:00,5.243,140,603
2010-06-05T00:00:00.000+10:00,3.682,140,603
2010-06-06T00:00:00.000+10:00,2.737,140,603
2010-06-07T00:00:00.000+10:00,2.246,140,603
2010-06-08T00:00:00.000+10:00,1.950,140,603
2010-06-09T00:00:00.000+10:00,1.749,140,603
2010-06-10T00:00:00.000+10:00,1.585,140,603
2010-06-11T00:00:00.000+10:00,1.445,140,603
2010-06-12T00:00:00.000+10:00,1.337,140,603
2010-06-13T00:00:00.000+10:00,1.235,140,603
2010-06-14T00:00:00.000+10:00,1.165,140,603
2010-06-15T00:00:00.000+10:00,1.215,140,603
2010-06-16T00:00:00.000+10:00,1.139,140,603
2010-06-17T00:00:00.000+10:00,1.070,140,603
2010-06-18T00:00:00.000+10:00,1.027,140,603
2010-06-19T00:00:00.000+10:00,0.982,140,603
2010-06-20T00:00:00.000+10:00,0.944,140,603
2010-06-21T00:00:00.000+10:00,0.910,140,603
2010-06-22T00:00:00.000+10:00,0.888,140,603
2010-06-23T00:00:00.000+10:00,0.955,140,603
2010-06-24T00:00:00.000+10:00,0.945,140,603
2010-06-25T00:00:00.000+10:00,0.907,140,603
2010-06-26T00:00:00.000+10:00,0.875,140,603
2010-06-27T00:00:00.000+10:00,0.868,140,603
2010-06-28T00:00:00.000+10:00,0.849,140,603
2010-06-29T00:00:00.000+10:00,0.817,140,603
2010-06-30T00:00:00.000+10:00,0.798,140,603
2010-07-01T00:00:00.000+10:00,0.779,140,603
2010-07-02T00:00:00.000+10:00,0.774,140,603
2010-07-03T00:00:00.000+10:00,0.793,140,603
2010-07-04T00:00:00.000+10:00,0.757,140,603
2010-07-05T00:00:00.000+10:00,0.725,140,603
2010-07-06T00:00:00.000+10:00,0.720,140,603
2010-07-07T00:00:00.000+10:00,0.717,140,603
2010-07-08T00:00:00.000+10:00,0.707,140,603
2010-07-09T00:00:00.000+10:00,0.706,140,603
2010-07-10T00:00:00.000+10:00,0.694,140,603
2010-07-11T00:00:00.000+10:00,0.682,140,603
2010-07-12T00:00:00.000+10:00,0.665,140,603
2010-07-13T00:00:00.000+10:00,0.653,140,603
2010-07-14T00:00:00.000+10:00,0.640,140,603
2010-07-15T00:00:00.000+10:00,0.626,140,603
2010-07-16T00:00:00.000+10:00,0.613,140,603
2010-07-17T00:00:00.000+10:00,0.602,140,603
2010-07-18T00:00:00.000+10:00,0.592,140,603
2010-07-19T00:00:00.000+10:00,0.593,140,603
2010-07-20T00:00:00.000+10:00,0.592,140,603
2010-07-21T00:00:00.000+10:00,0.579,140,603
2010-07-22T00:00:00.000+10:00,0.563,140,603
2010-07-23T00:00:00.000+10:00,0.546,140,603
2010-07-24T00:00:00.000+10:00,0.538,140,603
2010-07-25T00:00:00.000+10:00,0.534,140,603
2010-07-26T00:00:00.000+10:00,0.532,140,603
2010-07-27T00:00:00.000+10:00,0.537,140,603
2010-07-28T00:00:00.000+10:00,3.498,140,603
2010-07-29T00:00:00.000+10:00,2.968,140,603
2010-07-30T00:00:00.000+10:00,1.765,140,603
2010-07-31T00:00:00.000+10:00,1.419,140,603
2010-08-01T00:00:00.000+10:00,1.257,140,603
2010-08-02T00:00:00.000+10:00,1.130,140,603
2010-08-03T00:00:00.000+10:00,1.031,140,603
2010-08-04T00:00:00.000+10:00,0.957,140,603
2010-08-05T00:00:00.000+10:00,0.911,140,603
2010-08-06T00:00:00.000+10:00,0.865,140,603
2010-08-07T00:00:00.000+10:00,0.815,140,603
2010-08-08T00:00:00.000+10:00,0.769,140,603
2010-08-09T00:00:00.000+10:00,0.732,140,603
2010-08-10T00:00:00.000+10:00,0.746,140,603
2010-08-11T00:00:00.000+10:00,0.879,140,603
2010-08-12T00:00:00.000+10:00,0.791,140,603
2010-08-13T00:00:00.000+10:00,0.710,140,603
2010-08-14T00:00:00.000+10:00,0.675,140,603
2010-08-15T00:00:00.000+10:00,0.653,140,603
2010-08-16T00:00:00.000+10:00,0.636,140,603
2010-08-17T00:00:00.000+10:00,0.625,140,603
2010-08-18T00:00:00.000+10:00,0.612,140,603
2010-08-19T00:00:00.000+10:00,0.599,140,603
2010-08-20T00:00:00.000+10:00,0.588,140,603
2010-08-21T00:00:00.000+10:00,0.574,140,603
2010-08-22T00:00:00.000+10:00,0.558,140,603
2010-08-23T00:00:00.000+10:00,0.557,140,603
2010-08-24T00:00:00.000+10:00,0.562,140,603
2010-08-25T00:00:00.000+10:00,0.550,140,603
2010-08-26T00:00:00.000+10:00,0.532,140,603
2010-08-27T00:00:00.000+10:00,0.513,140,603
2010-08-28T00:00:00.000+10:00,0.496,140,603
2010-08-29T00:00:00.000+10:00,0.487,140,603
2010-08-30T00:00:00.000+10:00,0.475,140,603
2010-08-31T00:00:00.000+10:00,0.474,140,603
2010-09-01T00:00:00.000+10:00,0.467,140,603
2010-09-02T00:00:00.000+10:00,0.457,140,603
2010-09-03T00:00:00.000+10:00,0.451,140,603
2010-09-04T00:00:00.000+10:00,0.481,140,603
2010-09-05T00:00:00.000+10:00,0.500,140,603
2010-09-06T00:00:00.000+10:00,0.492,140,603
2010-09-07T00:00:00.000+10:00,0.475,140,603
2010-09-08T00:00:00.000+10:00,0.461,140,603
2010-09-09T00:00:00.000+10:00,0.448,140,603
2010-09-10T00:00:00.000+10:00,0.443,140,603
2010-09-11T00:00:00.000+10:00,0.432,140,603
2010-09-12T00:00:00.000+10:00,0.422,140,603
2010-09-13T00:00:00.000+10:00,0.416,140,603
2010-09-14T00:00:00.000+10:00,0.412,140,603
2010-09-15T00:00:00.000+10:00,0.404,140,603
2010-09-16T00:00:00.000+10:00,0.394,140,603
2010-09-17T00:00:00.000+10:00,0.385,140,603
2010-09-18T00:00:00.000+10:00,0.379,140,603
2010-09-19T00:00:00.000+10:00,0.374,140,603
2010-09-20T00:00:00.000+10:00,0.397,140,603
2010-09-21T00:00:00.000+10:00,0.412,140,603
2010-09-22T00:00:00.000+10:00,0.408,140,603
2010-09-23T00:00:00.000+10:00,0.403,140,603
2010-09-24T00:00:00.000+10:00,0.411,140,603
2010-09-25T00:00:00.000+10:00,0.405,140,603
2010-09-26T00:00:00.000+10:00,0.396,140,603
2010-09-27T00:00:00.000+10:00,0.388,140,603
2010-09-28T00:00:00.000+10:00,0.385,140,603
2010-09-29T00:00:00.000+10:00,0.392,140,603
2010-09-30T00:00:00.000+10:00,0.392,140,603
2010-10-01T00:00:00.000+10:00,0.392,140,603
2010-10-02T00:00:00.000+10:00,0.440,140,603
2010-10-03T00:00:00.000+10:00,16.789,140,603
2010-10-04T00:00:00.000+10:00,182.703,140,603
2010-10-05T00:00:00.000+10:00,71.815,140,603
2010-10-06T00:00:00.000+10:00,22.976,140,603
2010-10-07T00:00:00.000+10:00,13.283,140,603
2010-10-08T00:00:00.000+10:00,11.129,140,603
2010-10-09T00:00:00.000+10:00,9.771,140,603
2010-10-10T00:00:00.000+10:00,8.806,140,603
2010-10-11T00:00:00.000+10:00,12.639,140,603
2010-10-12T00:00:00.000+10:00,14.272,140,603
2010-10-13T00:00:00.000+10:00,10.725,140,603
2010-10-14T00:00:00.000+10:00,8.338,140,603
2010-10-15T00:00:00.000+10:00,6.836,140,603
2010-10-16T00:00:00.000+10:00,6.653,140,603
2010-10-17T00:00:00.000+10:00,5.243,140,603
2010-10-18T00:00:00.000+10:00,4.570,140,603
2010-10-19T00:00:00.000+10:00,4.130,140,603
2010-10-20T00:00:00.000+10:00,4.166,140,603
2010-10-21T00:00:00.000+10:00,3.635,140,603
2010-10-22T00:00:00.000+10:00,3.325,140,603
2010-10-23T00:00:00.000+10:00,3.084,140,603
2010-10-24T00:00:00.000+10:00,2.914,140,603
2010-10-25T00:00:00.000+10:00,5.628,140,603
2010-10-26T00:00:00.000+10:00,5.215,140,603
2010-10-27T00:00:00.000+10:00,4.230,140,603
2010-10-28T00:00:00.000+10:00,4.138,140,603
2010-10-29T00:00:00.000+10:00,4.467,140,603
2010-10-30T00:00:00.000+10:00,3.659,140,603
2010-10-31T00:00:00.000+10:00,3.339,140,603
2010-11-01T00:00:00.000+10:00,3.111,140,603
2010-11-02T00:00:00.000+10:00,2.981,140,603
2010-11-03T00:00:00.000+10:00,2.703,140,603
2010-11-04T00:00:00.000+10:00,3.073,140,603
2010-11-05T00:00:00.000+10:00,4.908,140,603
2010-11-06T00:00:00.000+10:00,37.745,140,603
2010-11-07T00:00:00.000+10:00,15.376,140,603
2010-11-08T00:00:00.000+10:00,10.137,140,603
2010-11-09T00:00:00.000+10:00,7.728,140,603
2010-11-10T00:00:00.000+10:00,6.311,140,603
2010-11-11T00:00:00.000+10:00,5.431,140,603
2010-11-12T00:00:00.000+10:00,4.822,140,603
2010-11-13T00:00:00.000+10:00,4.284,140,603
2010-11-14T00:00:00.000+10:00,3.868,140,603
2010-11-15T00:00:00.000+10:00,3.550,140,603
2010-11-16T00:00:00.000+10:00,4.013,140,603
2010-11-17T00:00:00.000+10:00,12.662,140,603
2010-11-18T00:00:00.000+10:00,8.328,140,603
2010-11-19T00:00:00.000+10:00,8.527,140,603
2010-11-20T00:00:00.000+10:00,8.030,140,603
2010-11-21T00:00:00.000+10:00,7.039,140,603
2010-11-22T00:00:00.000+10:00,6.215,140,603
2010-11-23T00:00:00.000+10:00,5.519,140,603
2010-11-24T00:00:00.000+10:00,5.139,140,603
2010-11-25T00:00:00.000+10:00,4.576,140,603
2010-11-26T00:00:00.000+10:00,4.196,140,603
2010-11-27T00:00:00.000+10:00,3.982,140,603
2010-11-28T00:00:00.000+10:00,3.661,140,603
2010-11-29T00:00:00.000+10:00,3.418,140,603
2010-11-30T00:00:00.000+10:00,3.971,140,603
2010-12-01T00:00:00.000+10:00,12.548,140,603
2010-12-02T00:00:00.000+10:00,18.805,140,603
2010-12-03T00:00:00.000+10:00,13.563,140,603
2010-12-04T00:00:00.000+10:00,10.570,140,603
2010-12-05T00:00:00.000+10:00,9.433,140,603
2010-12-06T00:00:00.000+10:00,8.334,140,603
2010-12-07T00:00:00.000+10:00,7.109,140,603
2010-12-08T00:00:00.000+10:00,7.051,140,603
2010-12-09T00:00:00.000+10:00,6.330,140,603
2010-12-10T00:00:00.000+10:00,5.777,140,603
2010-12-11T00:00:00.000+10:00,6.601,140,603
2010-12-12T00:00:00.000+10:00,5.630,140,603
2010-12-13T00:00:00.000+10:00,5.126,140,603
2010-12-14T00:00:00.000+10:00,5.948,140,603
2010-12-15T00:00:00.000+10:00,4.954,140,603
2010-12-16T00:00:00.000+10:00,4.581,140,603
2010-12-17T00:00:00.000+10:00,4.710,140,603
2010-12-18T00:00:00.000+10:00,4.200,140,603
2010-12-19T00:00:00.000+10:00,3.943,140,603
2010-12-20T00:00:00.000+10:00,3.705,140,603
2010-12-21T00:00:00.000+10:00,3.419,140,603
2010-12-22T00:00:00.000+10:00,3.380,140,603
2010-12-23T00:00:00.000+10:00,3.557,140,603
2010-12-24T00:00:00.000+10:00,4.614,140,603
2010-12-25T00:00:00.000+10:00,21.544,140,603
2010-12-26T00:00:00.000+10:00,10.891,140,603
2010-12-27T00:00:00.000+10:00,8.140,140,603
2010-12-28T00:00:00.000+10:00,17.126,140,603
2010-12-29T00:00:00.000+10:00,13.162,140,603
2010-12-30T00:00:00.000+10:00,10.060,140,603
2010-12-31T00:00:00.000+10:00,8.158,140,603
2011-01-01T00:00:00.000+10:00,6.906,140,603
2011-01-02T00:00:00.000+10:00,5.992,140,603
2011-01-03T00:00:00.000+10:00,5.353,140,603
2011-01-04T00:00:00.000+10:00,4.898,140,603
2011-01-05T00:00:00.000+10:00,4.605,140,603
2011-01-06T00:00:00.000+10:00,12.619,140,603
2011-01-07T00:00:00.000+10:00,11.311,140,603
2011-01-08T00:00:00.000+10:00,9.422,140,603
2011-01-09T00:00:00.000+10:00,10.634,140,603
2011-01-10T00:00:00.000+10:00,67.367,140,603
2011-01-11T00:00:00.000+10:00,98.426,140,603
2011-01-12T00:00:00.000+10:00,46.237,140,603
2011-01-13T00:00:00.000+10:00,28.611,140,603
2011-01-14T00:00:00.000+10:00,19.046,140,603
2011-01-15T00:00:00.000+10:00,14.454,140,603
2011-01-16T00:00:00.000+10:00,11.748,140,603
2011-01-17T00:00:00.000+10:00,9.874,140,603
2011-01-18T00:00:00.000+10:00,8.561,140,603
2011-01-19T00:00:00.000+10:00,9.690,140,603
2011-01-20T00:00:00.000+10:00,8.539,140,603
2011-01-21T00:00:00.000+10:00,7.017,140,603
2011-01-22T00:00:00.000+10:00,6.216,140,603
2011-01-23T00:00:00.000+10:00,5.649,140,603
2011-01-24T00:00:00.000+10:00,5.184,140,603
2011-01-25T00:00:00.000+10:00,4.806,140,603
2011-01-26T00:00:00.000+10:00,4.472,140,603
2011-01-27T00:00:00.000+10:00,4.254,140,603
2011-01-28T00:00:00.000+10:00,4.105,140,603
2011-01-29T00:00:00.000+10:00,4.004,140,603
2011-01-30T00:00:00.000+10:00,3.728,140,603
2011-01-31T00:00:00.000+10:00,3.550,140,603
2011-02-01T00:00:00.000+10:00,3.369,140,603
2011-02-02T00:00:00.000+10:00,3.216,140,603
2011-02-03T00:00:00.000+10:00,3.066,140,603
2011-02-04T00:00:00.000+10:00,2.900,140,603
2011-02-05T00:00:00.000+10:00,2.731,140,603
2011-02-06T00:00:00.000+10:00,2.605,140,603
2011-02-07T00:00:00.000+10:00,2.547,140,603
2011-02-08T00:00:00.000+10:00,2.512,140,603
2011-02-09T00:00:00.000+10:00,2.463,140,603
2011-02-10T00:00:00.000+10:00,2.555,140,603
2011-02-11T00:00:00.000+10:00,2.449,140,603
2011-02-12T00:00:00.000+10:00,2.231,140,603
2011-02-13T00:00:00.000+10:00,2.627,140,603
2011-02-14T00:00:00.000+10:00,7.766,140,603
2011-02-15T00:00:00.000+10:00,6.365,140,603
2011-02-16T00:00:00.000+10:00,4.852,140,603
2011-02-17T00:00:00.000+10:00,4.220,140,603
2011-02-18T00:00:00.000+10:00,3.581,140,603
2011-02-19T00:00:00.000+10:00,3.192,140,603
2011-02-20T00:00:00.000+10:00,2.924,140,603
2011-02-21T00:00:00.000+10:00,3.855,140,603
2011-02-22T00:00:00.000+10:00,9.025,140,603
2011-02-23T00:00:00.000+10:00,5.437,140,603
2011-02-24T00:00:00.000+10:00,4.482,140,603
2011-02-25T00:00:00.000+10:00,3.967,140,603
2011-02-26T00:00:00.000+10:00,3.592,140,603
2011-02-27T00:00:00.000+10:00,3.349,140,603
2011-02-28T00:00:00.000+10:00,3.560,140,603
2011-03-01T00:00:00.000+10:00,3.093,140,603
2011-03-02T00:00:00.000+10:00,3.000,140,603
2011-03-03T00:00:00.000+10:00,3.011,140,603
2011-03-04T00:00:00.000+10:00,3.395,140,603
2011-03-05T00:00:00.000+10:00,7.573,140,603
2011-03-06T00:00:00.000+10:00,7.822,140,603
2011-03-07T00:00:00.000+10:00,6.345,140,603
2011-03-08T00:00:00.000+10:00,6.061,140,603
2011-03-09T00:00:00.000+10:00,5.409,140,603
2011-03-10T00:00:00.000+10:00,4.843,140,603
2011-03-11T00:00:00.000+10:00,5.029,140,603
2011-03-12T00:00:00.000+10:00,6.832,140,603
2011-03-13T00:00:00.000+10:00,5.139,140,603
2011-03-14T00:00:00.000+10:00,4.527,140,603
2011-03-15T00:00:00.000+10:00,4.113,140,603
2011-03-16T00:00:00.000+10:00,3.811,140,603
2011-03-17T00:00:00.000+10:00,3.655,140,603
2011-03-18T00:00:00.000+10:00,3.740,140,603
2011-03-19T00:00:00.000+10:00,3.353,140,603
2011-03-20T00:00:00.000+10:00,3.190,140,603
2011-03-21T00:00:00.000+10:00,3.010,140,603
2011-03-22T00:00:00.000+10:00,2.857,140,603
2011-03-23T00:00:00.000+10:00,2.729,140,603
2011-03-24T00:00:00.000+10:00,2.564,140,603
2011-03-25T00:00:00.000+10:00,2.421,140,603
2011-03-26T00:00:00.000+10:00,2.305,140,603
2011-03-27T00:00:00.000+10:00,2.193,140,603
2011-03-28T00:00:00.000+10:00,2.161,140,603
2011-03-29T00:00:00.000+10:00,2.335,140,603
2011-03-30T00:00:00.000+10:00,2.499,140,603
2011-03-31T00:00:00.000+10:00,2.159,140,603
2011-04-01T00:00:00.000+10:00,2.692,140,603
2011-04-02T00:00:00.000+10:00,2.367,140,603
2011-04-03T00:00:00.000+10:00,2.259,140,603
2011-04-04T00:00:00.000+10:00,2.043,140,603
2011-04-05T00:00:00.000+10:00,2.042,140,603
2011-04-06T00:00:00.000+10:00,3.947,140,603
2011-04-07T00:00:00.000+10:00,5.745,140,603
2011-04-08T00:00:00.000+10:00,7.798,140,603
2011-04-09T00:00:00.000+10:00,5.753,140,603
2011-04-10T00:00:00.000+10:00,4.780,140,603
2011-04-11T00:00:00.000+10:00,4.175,140,603
2011-04-12T00:00:00.000+10:00,3.719,140,603
2011-04-13T00:00:00.000+10:00,3.353,140,603
2011-04-14T00:00:00.000+10:00,3.077,140,603
2011-04-15T00:00:00.000+10:00,2.842,140,603
2011-04-16T00:00:00.000+10:00,3.148,140,603
2011-04-17T00:00:00.000+10:00,3.327,140,603
2011-04-18T00:00:00.000+10:00,4.782,140,603
2011-04-19T00:00:00.000+10:00,3.369,140,603
2011-04-20T00:00:00.000+10:00,3.080,140,603
2011-04-21T00:00:00.000+10:00,2.891,140,603
2011-04-22T00:00:00.000+10:00,2.771,140,603
2011-04-23T00:00:00.000+10:00,2.612,140,603
2011-04-24T00:00:00.000+10:00,2.453,140,603
2011-04-25T00:00:00.000+10:00,2.389,140,603
2011-04-26T00:00:00.000+10:00,5.922,140,603
2011-04-27T00:00:00.000+10:00,10.509,140,603
2011-04-28T00:00:00.000+10:00,8.260,140,603
2011-04-29T00:00:00.000+10:00,8.668,140,603
2011-04-30T00:00:00.000+10:00,7.666,140,603
2011-05-01T00:00:00.000+10:00,6.530,140,603
2011-05-02T00:00:00.000+10:00,5.648,140,603
2011-05-03T00:00:00.000+10:00,4.996,140,603
2011-05-04T00:00:00.000+10:00,5.271,140,603
2011-05-05T00:00:00.000+10:00,4.433,140,603
2011-05-06T00:00:00.000+10:00,4.016,140,603
2011-05-07T00:00:00.000+10:00,3.742,140,603
2011-05-08T00:00:00.000+10:00,3.517,140,603
2011-05-09T00:00:00.000+10:00,3.339,140,603
2011-05-10T00:00:00.000+10:00,3.199,140,603
2011-05-11T00:00:00.000+10:00,2.990,140,603
2011-05-12T00:00:00.000+10:00,2.829,140,603
2011-05-13T00:00:00.000+10:00,2.687,140,603
2011-05-14T00:00:00.000+10:00,2.572,140,603
2011-05-15T00:00:00.000+10:00,2.441,140,603
2011-05-16T00:00:00.000+10:00,2.347,140,603
2011-05-17T00:00:00.000+10:00,2.266,140,603
2011-05-18T00:00:00.000+10:00,2.191,140,603
2011-05-19T00:00:00.000+10:00,2.298,140,603
2011-05-20T00:00:00.000+10:00,2.129,140,603
2011-05-21T00:00:00.000+10:00,2.041,140,603
2011-05-22T00:00:00.000+10:00,1.969,140,603
2011-05-23T00:00:00.000+10:00,1.984,140,603
2011-05-24T00:00:00.000+10:00,1.967,140,603
2011-05-25T00:00:00.000+10:00,1.858,140,603
2011-05-26T00:00:00.000+10:00,1.777,140,603
2011-05-27T00:00:00.000+10:00,1.700,140,603
2011-05-28T00:00:00.000+10:00,1.651,140,603
2011-05-29T00:00:00.000+10:00,1.607,140,603
2011-05-30T00:00:00.000+10:00,1.891,140,603
2011-05-31T00:00:00.000+10:00,1.979,140,603
2011-06-01T00:00:00.000+10:00,11.629,140,603
2011-06-02T00:00:00.000+10:00,18.639,140,603
2011-06-03T00:00:00.000+10:00,8.102,140,603
2011-06-04T00:00:00.000+10:00,5.336,140,603
2011-06-05T00:00:00.000+10:00,4.361,140,603
2011-06-06T00:00:00.000+10:00,3.816,140,603
2011-06-07T00:00:00.000+10:00,3.421,140,603
2011-06-08T00:00:00.000+10:00,3.111,140,603
2011-06-09T00:00:00.000+10:00,2.846,140,603
2011-06-10T00:00:00.000+10:00,2.652,140,603
2011-06-11T00:00:00.000+10:00,2.510,140,603
2011-06-12T00:00:00.000+10:00,7.585,140,603
2011-06-13T00:00:00.000+10:00,35.157,140,603
2011-06-14T00:00:00.000+10:00,189.317,140,603
2011-06-15T00:00:00.000+10:00,41.820,140,603
2011-06-16T00:00:00.000+10:00,44.099,140,603
2011-06-17T00:00:00.000+10:00,21.014,140,603
2011-06-18T00:00:00.000+10:00,14.371,140,603
2011-06-19T00:00:00.000+10:00,11.179,140,603
2011-06-20T00:00:00.000+10:00,9.108,140,603
2011-06-21T00:00:00.000+10:00,7.728,140,603
2011-06-22T00:00:00.000+10:00,6.751,140,603
2011-06-23T00:00:00.000+10:00,6.023,140,603
2011-06-24T00:00:00.000+10:00,5.457,140,603
2011-06-25T00:00:00.000+10:00,5.022,140,603
2011-06-26T00:00:00.000+10:00,4.667,140,603
2011-06-27T00:00:00.000+10:00,4.350,140,603
2011-06-28T00:00:00.000+10:00,4.135,140,603
2011-06-29T00:00:00.000+10:00,4.188,140,603
2011-06-30T00:00:00.000+10:00,4.276,140,603
2011-07-01T00:00:00.000+10:00,6.295,140,603
2011-07-02T00:00:00.000+10:00,5.313,140,603
2011-07-03T00:00:00.000+10:00,4.406,140,603
2011-07-04T00:00:00.000+10:00,4.036,140,603
2011-07-05T00:00:00.000+10:00,3.751,140,603
2011-07-06T00:00:00.000+10:00,3.484,140,603
2011-07-07T00:00:00.000+10:00,3.274,140,603
2011-07-08T00:00:00.000+10:00,3.064,140,603
2011-07-09T00:00:00.000+10:00,2.914,140,603
2011-07-10T00:00:00.000+10:00,2.776,140,603
2011-07-11T00:00:00.000+10:00,2.645,140,603
2011-07-12T00:00:00.000+10:00,2.502,140,603
2011-07-13T00:00:00.000+10:00,2.400,140,603
2011-07-14T00:00:00.000+10:00,2.317,140,603
2011-07-15T00:00:00.000+10:00,2.205,140,603
2011-07-16T00:00:00.000+10:00,2.210,140,603
2011-07-17T00:00:00.000+10:00,2.160,140,603
2011-07-18T00:00:00.000+10:00,2.077,140,603
2011-07-19T00:00:00.000+10:00,2.027,140,603
2011-07-20T00:00:00.000+10:00,1.937,140,603
2011-07-21T00:00:00.000+10:00,1.847,140,603
2011-07-22T00:00:00.000+10:00,1.806,140,603
2011-07-23T00:00:00.000+10:00,1.731,140,603
2011-07-24T00:00:00.000+10:00,1.663,140,603
2011-07-25T00:00:00.000+10:00,1.618,140,603
2011-07-26T00:00:00.000+10:00,1.577,140,603
2011-07-27T00:00:00.000+10:00,1.517,140,603
2011-07-28T00:00:00.000+10:00,1.462,140,603
2011-07-29T00:00:00.000+10:00,1.415,140,603
2011-07-30T00:00:00.000+10:00,1.377,140,603
2011-07-31T00:00:00.000+10:00,1.344,140,603
2011-08-01T00:00:00.000+10:00,1.310,140,603
2011-08-02T00:00:00.000+10:00,1.269,140,603
2011-08-03T00:00:00.000+10:00,1.233,140,603
2011-08-04T00:00:00.000+10:00,1.196,140,603
2011-08-05T00:00:00.000+10:00,1.163,140,603
2011-08-06T00:00:00.000+10:00,1.130,140,603
2011-08-07T00:00:00.000+10:00,1.260,140,603
2011-08-08T00:00:00.000+10:00,1.622,140,603
2011-08-09T00:00:00.000+10:00,1.288,140,603
2011-08-10T00:00:00.000+10:00,1.185,140,603
2011-08-11T00:00:00.000+10:00,1.138,140,603
2011-08-12T00:00:00.000+10:00,1.100,140,603
2011-08-13T00:00:00.000+10:00,1.044,140,603
2011-08-14T00:00:00.000+10:00,1.030,140,603
2011-08-15T00:00:00.000+10:00,1.091,140,603
2011-08-16T00:00:00.000+10:00,1.059,140,603
2011-08-17T00:00:00.000+10:00,1.110,140,603
2011-08-18T00:00:00.000+10:00,1.051,140,603
2011-08-19T00:00:00.000+10:00,1.004,140,603
2011-08-20T00:00:00.000+10:00,1.003,140,603
2011-08-21T00:00:00.000+10:00,4.974,140,603
2011-08-22T00:00:00.000+10:00,4.367,140,603
2011-08-23T00:00:00.000+10:00,8.964,140,603
2011-08-24T00:00:00.000+10:00,7.743,140,603
2011-08-25T00:00:00.000+10:00,4.353,140,603
2011-08-26T00:00:00.000+10:00,3.342,140,603
2011-08-27T00:00:00.000+10:00,2.937,140,603
2011-08-28T00:00:00.000+10:00,4.645,140,603
2011-08-29T00:00:00.000+10:00,3.241,140,603
2011-08-30T00:00:00.000+10:00,4.851,140,603
2011-08-31T00:00:00.000+10:00,5.246,140,603
2011-09-01T00:00:00.000+10:00,3.457,140,603
2011-09-02T00:00:00.000+10:00,3.174,140,603
2011-09-03T00:00:00.000+10:00,2.652,140,603
2011-09-04T00:00:00.000+10:00,2.344,140,603
2011-09-05T00:00:00.000+10:00,2.109,140,603
2011-09-06T00:00:00.000+10:00,1.932,140,603
2011-09-07T00:00:00.000+10:00,1.788,140,603
2011-09-08T00:00:00.000+10:00,1.669,140,603
2011-09-09T00:00:00.000+10:00,1.640,140,603
2011-09-10T00:00:00.000+10:00,1.528,140,603
2011-09-11T00:00:00.000+10:00,1.392,140,603
2011-09-12T00:00:00.000+10:00,1.306,140,603
2011-09-13T00:00:00.000+10:00,1.252,140,603
2011-09-14T00:00:00.000+10:00,1.183,140,603
2011-09-15T00:00:00.000+10:00,1.127,140,603
2011-09-16T00:00:00.000+10:00,1.088,140,603
2011-09-17T00:00:00.000+10:00,1.050,140,603
2011-09-18T00:00:00.000+10:00,1.010,140,603
2011-09-19T00:00:00.000+10:00,0.975,140,603
2011-09-20T00:00:00.000+10:00,0.948,140,603
2011-09-21T00:00:00.000+10:00,0.917,140,603
2011-09-22T00:00:00.000+10:00,0.897,140,603
2011-09-23T00:00:00.000+10:00,0.874,140,603
2011-09-24T00:00:00.000+10:00,0.857,140,603
2011-09-25T00:00:00.000+10:00,0.902,140,603
2011-09-26T00:00:00.000+10:00,1.163,140,603
2011-09-27T00:00:00.000+10:00,1.238,140,603
2011-09-28T00:00:00.000+10:00,0.996,140,603
2011-09-29T00:00:00.000+10:00,0.947,140,603
2011-09-30T00:00:00.000+10:00,0.916,140,603
2011-10-01T00:00:00.000+10:00,0.879,140,603
2011-10-02T00:00:00.000+10:00,0.970,140,603
2011-10-03T00:00:00.000+10:00,1.546,140,603
2011-10-04T00:00:00.000+10:00,1.108,140,603
2011-10-05T00:00:00.000+10:00,0.946,140,603
2011-10-06T00:00:00.000+10:00,0.885,140,603
2011-10-07T00:00:00.000+10:00,0.861,140,603
2011-10-08T00:00:00.000+10:00,0.855,140,603
2011-10-09T00:00:00.000+10:00,0.837,140,603
2011-10-10T00:00:00.000+10:00,0.789,140,603
2011-10-11T00:00:00.000+10:00,0.749,140,603
2011-10-12T00:00:00.000+10:00,0.720,140,603
2011-10-13T00:00:00.000+10:00,0.710,140,603
2011-10-14T00:00:00.000+10:00,0.805,140,603
2011-10-15T00:00:00.000+10:00,0.852,140,603
2011-10-16T00:00:00.000+10:00,0.790,140,603
2011-10-17T00:00:00.000+10:00,0.738,140,603
2011-10-18T00:00:00.000+10:00,0.738,140,603
2011-10-19T00:00:00.000+10:00,0.694,140,603
2011-10-20T00:00:00.000+10:00,0.670,140,603
2011-10-21T00:00:00.000+10:00,0.651,140,603
2011-10-22T00:00:00.000+10:00,0.628,140,603
2011-10-23T00:00:00.000+10:00,0.607,140,603
2011-10-24T00:00:00.000+10:00,0.592,140,603
2011-10-25T00:00:00.000+10:00,0.591,140,603
2011-10-26T00:00:00.000+10:00,1.254,140,603
2011-10-27T00:00:00.000+10:00,2.144,140,603
2011-10-28T00:00:00.000+10:00,2.034,140,603
2011-10-29T00:00:00.000+10:00,1.427,140,603
2011-10-30T00:00:00.000+10:00,1.178,140,603
2011-10-31T00:00:00.000+10:00,1.181,140,603
2011-11-01T00:00:00.000+10:00,1.002,140,603
2011-11-02T00:00:00.000+10:00,0.932,140,603
2011-11-03T00:00:00.000+10:00,0.878,140,603
2011-11-04T00:00:00.000+10:00,0.885,140,603
2011-11-05T00:00:00.000+10:00,0.840,140,603
2011-11-06T00:00:00.000+10:00,0.784,140,603
2011-11-07T00:00:00.000+10:00,0.738,140,603
2011-11-08T00:00:00.000+10:00,0.710,140,603
2011-11-09T00:00:00.000+10:00,0.676,140,603
2011-11-10T00:00:00.000+10:00,0.642,140,603
2011-11-11T00:00:00.000+10:00,0.601,140,603
2011-11-12T00:00:00.000+10:00,0.607,140,603
2011-11-13T00:00:00.000+10:00,0.664,140,603
2011-11-14T00:00:00.000+10:00,1.175,140,603
2011-11-15T00:00:00.000+10:00,0.827,140,603
2011-11-16T00:00:00.000+10:00,0.709,140,603
2011-11-17T00:00:00.000+10:00,0.668,140,603
2011-11-18T00:00:00.000+10:00,0.714,140,603
2011-11-19T00:00:00.000+10:00,1.028,140,603
2011-11-20T00:00:00.000+10:00,0.810,140,603
2011-11-21T00:00:00.000+10:00,0.754,140,603
2011-11-22T00:00:00.000+10:00,0.708,140,603
2011-11-23T00:00:00.000+10:00,0.698,140,603
2011-11-24T00:00:00.000+10:00,5.013,140,603
2011-11-25T00:00:00.000+10:00,34.033,140,603
2011-11-26T00:00:00.000+10:00,18.249,140,603
2011-11-27T00:00:00.000+10:00,8.546,140,603
2011-11-28T00:00:00.000+10:00,5.710,140,603
2011-11-29T00:00:00.000+10:00,4.469,140,603
2011-11-30T00:00:00.000+10:00,3.681,140,603
2011-12-01T00:00:00.000+10:00,3.196,140,603
2011-12-02T00:00:00.000+10:00,2.898,140,603
2011-12-03T00:00:00.000+10:00,2.441,140,603
2011-12-04T00:00:00.000+10:00,2.169,140,603
2011-12-05T00:00:00.000+10:00,2.010,140,603
2011-12-06T00:00:00.000+10:00,1.815,140,603
2011-12-07T00:00:00.000+10:00,1.741,140,603
2011-12-08T00:00:00.000+10:00,5.911,140,603
2011-12-09T00:00:00.000+10:00,3.636,140,603
2011-12-10T00:00:00.000+10:00,2.942,140,603
2011-12-11T00:00:00.000+10:00,6.043,140,603
2011-12-12T00:00:00.000+10:00,9.139,140,603
2011-12-13T00:00:00.000+10:00,5.825,140,603
2011-12-14T00:00:00.000+10:00,4.579,140,603
2011-12-15T00:00:00.000+10:00,4.010,140,603
2011-12-16T00:00:00.000+10:00,3.502,140,603
2011-12-17T00:00:00.000+10:00,3.090,140,603
2011-12-18T00:00:00.000+10:00,2.772,140,603
2011-12-19T00:00:00.000+10:00,2.509,140,603
2011-12-20T00:00:00.000+10:00,2.377,140,603
2011-12-21T00:00:00.000+10:00,2.459,140,603
2011-12-22T00:00:00.000+10:00,2.937,140,603
2011-12-23T00:00:00.000+10:00,3.049,140,603
2011-12-24T00:00:00.000+10:00,2.775,140,603
2011-12-25T00:00:00.000+10:00,2.842,140,603
2011-12-26T00:00:00.000+10:00,2.520,140,603
2011-12-27T00:00:00.000+10:00,2.328,140,603
2011-12-28T00:00:00.000+10:00,2.191,140,603
2011-12-29T00:00:00.000+10:00,2.022,140,603
2011-12-30T00:00:00.000+10:00,1.864,140,603
2011-12-31T00:00:00.000+10:00,1.805,140,603
2012-01-01T00:00:00.000+10:00,1.795,140,603
2012-01-02T00:00:00.000+10:00,1.662,140,603
2012-01-03T00:00:00.000+10:00,1.541,140,603
2012-01-04T00:00:00.000+10:00,1.451,140,603
2012-01-05T00:00:00.000+10:00,1.381,140,603
2012-01-06T00:00:00.000+10:00,1.338,140,603
2012-01-07T00:00:00.000+10:00,1.257,140,603
2012-01-08T00:00:00.000+10:00,1.197,140,603
2012-01-09T00:00:00.000+10:00,1.198,140,603
2012-01-10T00:00:00.000+10:00,1.192,140,603
2012-01-11T00:00:00.000+10:00,1.116,140,603
2012-01-12T00:00:00.000+10:00,1.138,140,603
2012-01-13T00:00:00.000+10:00,1.376,140,603
2012-01-14T00:00:00.000+10:00,1.343,140,603
2012-01-15T00:00:00.000+10:00,1.564,140,603
2012-01-16T00:00:00.000+10:00,2.979,140,603
2012-01-17T00:00:00.000+10:00,14.532,140,603
2012-01-18T00:00:00.000+10:00,27.952,140,603
2012-01-19T00:00:00.000+10:00,9.698,140,603
2012-01-20T00:00:00.000+10:00,6.652,140,603
2012-01-21T00:00:00.000+10:00,5.239,140,603
2012-01-22T00:00:00.000+10:00,4.754,140,603
2012-01-23T00:00:00.000+10:00,48.408,140,603
2012-01-24T00:00:00.000+10:00,106.954,140,603
2012-01-25T00:00:00.000+10:00,137.109,140,603
2012-01-26T00:00:00.000+10:00,275.146,140,603
2012-01-27T00:00:00.000+10:00,191.075,140,603
2012-01-28T00:00:00.000+10:00,52.238,140,603
2012-01-29T00:00:00.000+10:00,27.291,140,603
2012-01-30T00:00:00.000+10:00,23.641,140,603
2012-01-31T00:00:00.000+10:00,55.144,140,603
2012-02-01T00:00:00.000+10:00,72.012,140,603
2012-02-02T00:00:00.000+10:00,38.397,140,603
2012-02-03T00:00:00.000+10:00,22.329,140,603
2012-02-04T00:00:00.000+10:00,16.031,140,603
2012-02-05T00:00:00.000+10:00,12.621,140,603
2012-02-06T00:00:00.000+10:00,10.421,140,603
2012-02-07T00:00:00.000+10:00,9.165,140,603
2012-02-08T00:00:00.000+10:00,9.471,140,603
2012-02-09T00:00:00.000+10:00,12.815,140,603
2012-02-10T00:00:00.000+10:00,8.812,140,603
2012-02-11T00:00:00.000+10:00,9.723,140,603
2012-02-12T00:00:00.000+10:00,9.005,140,603
2012-02-13T00:00:00.000+10:00,8.282,140,603
2012-02-14T00:00:00.000+10:00,7.417,140,603
2012-02-15T00:00:00.000+10:00,6.735,140,603
2012-02-16T00:00:00.000+10:00,6.214,140,603
2012-02-17T00:00:00.000+10:00,5.741,140,603
2012-02-18T00:00:00.000+10:00,5.344,140,603
2012-02-19T00:00:00.000+10:00,4.995,140,603
2012-02-20T00:00:00.000+10:00,4.762,140,603
2012-02-21T00:00:00.000+10:00,5.026,140,603
2012-02-22T00:00:00.000+10:00,4.532,140,603
2012-02-23T00:00:00.000+10:00,4.227,140,603
2012-02-24T00:00:00.000+10:00,3.967,140,603
2012-02-25T00:00:00.000+10:00,3.753,140,603
2012-02-26T00:00:00.000+10:00,3.565,140,603
2012-02-27T00:00:00.000+10:00,3.396,140,603
2012-02-28T00:00:00.000+10:00,3.245,140,603
2012-02-29T00:00:00.000+10:00,3.093,140,603
2012-03-01T00:00:00.000+10:00,2.960,140,603
2012-03-02T00:00:00.000+10:00,2.867,140,603
2012-03-03T00:00:00.000+10:00,5.483,140,603
2012-03-04T00:00:00.000+10:00,4.976,140,603
2012-03-05T00:00:00.000+10:00,4.519,140,603
2012-03-06T00:00:00.000+10:00,5.092,140,603
2012-03-07T00:00:00.000+10:00,4.555,140,603
2012-03-08T00:00:00.000+10:00,4.114,140,603
2012-03-09T00:00:00.000+10:00,3.757,140,603
2012-03-10T00:00:00.000+10:00,3.460,140,603
2012-03-11T00:00:00.000+10:00,3.358,140,603
2012-03-12T00:00:00.000+10:00,3.243,140,603
2012-03-13T00:00:00.000+10:00,3.144,140,603
2012-03-14T00:00:00.000+10:00,2.906,140,603
2012-03-15T00:00:00.000+10:00,3.365,140,603
2012-03-16T00:00:00.000+10:00,3.690,140,603
2012-03-17T00:00:00.000+10:00,3.059,140,603
2012-03-18T00:00:00.000+10:00,2.917,140,603
2012-03-19T00:00:00.000+10:00,3.815,140,603
2012-03-20T00:00:00.000+10:00,10.117,140,603
2012-03-21T00:00:00.000+10:00,9.743,140,603
2012-03-22T00:00:00.000+10:00,7.869,140,603
2012-03-23T00:00:00.000+10:00,6.347,140,603
2012-03-24T00:00:00.000+10:00,5.387,140,603
2012-03-25T00:00:00.000+10:00,4.751,140,603
2012-03-26T00:00:00.000+10:00,4.394,140,603
2012-03-27T00:00:00.000+10:00,4.033,140,603
2012-03-28T00:00:00.000+10:00,3.853,140,603
2012-03-29T00:00:00.000+10:00,3.665,140,603
2012-03-30T00:00:00.000+10:00,3.351,140,603
2012-03-31T00:00:00.000+10:00,3.174,140,603
2012-04-01T00:00:00.000+10:00,2.996,140,603
2012-04-02T00:00:00.000+10:00,2.834,140,603
2012-04-03T00:00:00.000+10:00,2.688,140,603
2012-04-04T00:00:00.000+10:00,2.567,140,603
2012-04-05T00:00:00.000+10:00,2.463,140,603
2012-04-06T00:00:00.000+10:00,2.361,140,603
2012-04-07T00:00:00.000+10:00,2.284,140,603
2012-04-08T00:00:00.000+10:00,2.206,140,603
2012-04-09T00:00:00.000+10:00,2.175,140,603
2012-04-10T00:00:00.000+10:00,2.252,140,603
2012-04-11T00:00:00.000+10:00,2.025,140,603
2012-04-12T00:00:00.000+10:00,1.954,140,603
2012-04-13T00:00:00.000+10:00,1.929,140,603
2012-04-14T00:00:00.000+10:00,1.906,140,603
2012-04-15T00:00:00.000+10:00,2.112,140,603
2012-04-16T00:00:00.000+10:00,1.959,140,603
2012-04-17T00:00:00.000+10:00,2.142,140,603
2012-04-18T00:00:00.000+10:00,3.749,140,603
2012-04-19T00:00:00.000+10:00,2.694,140,603
2012-04-20T00:00:00.000+10:00,2.460,140,603
2012-04-21T00:00:00.000+10:00,2.343,140,603
2012-04-22T00:00:00.000+10:00,2.152,140,603
2012-04-23T00:00:00.000+10:00,2.055,140,603
2012-04-24T00:00:00.000+10:00,2.594,140,603
2012-04-25T00:00:00.000+10:00,2.281,140,603
2012-04-26T00:00:00.000+10:00,2.076,140,603
2012-04-27T00:00:00.000+10:00,1.963,140,603
2012-04-28T00:00:00.000+10:00,2.013,140,603
2012-04-29T00:00:00.000+10:00,2.139,140,603
2012-04-30T00:00:00.000+10:00,2.155,140,603
2012-05-01T00:00:00.000+10:00,1.975,140,603
2012-05-02T00:00:00.000+10:00,1.920,140,603
2012-05-03T00:00:00.000+10:00,1.971,140,603
2012-05-04T00:00:00.000+10:00,2.373,140,603
2012-05-05T00:00:00.000+10:00,2.074,140,603
2012-05-06T00:00:00.000+10:00,1.998,140,603
2012-05-07T00:00:00.000+10:00,1.905,140,603
2012-05-08T00:00:00.000+10:00,1.825,140,603
2012-05-09T00:00:00.000+10:00,1.733,140,603
2012-05-10T00:00:00.000+10:00,1.658,140,603
2012-05-11T00:00:00.000+10:00,1.597,140,603
2012-05-12T00:00:00.000+10:00,1.582,140,603
2012-05-13T00:00:00.000+10:00,1.561,140,603
2012-05-14T00:00:00.000+10:00,1.460,140,603
2012-05-15T00:00:00.000+10:00,1.394,140,603
2012-05-16T00:00:00.000+10:00,1.349,140,603
2012-05-17T00:00:00.000+10:00,1.311,140,603
2012-05-18T00:00:00.000+10:00,1.281,140,603
2012-05-19T00:00:00.000+10:00,1.249,140,603
2012-05-20T00:00:00.000+10:00,1.214,140,603
2012-05-21T00:00:00.000+10:00,1.183,140,603
2012-05-22T00:00:00.000+10:00,1.156,140,603
2012-05-23T00:00:00.000+10:00,1.128,140,603
2012-05-24T00:00:00.000+10:00,1.107,140,603
2012-05-25T00:00:00.000+10:00,1.104,140,603
2012-05-26T00:00:00.000+10:00,1.094,140,603
2012-05-27T00:00:00.000+10:00,1.063,140,603
2012-05-28T00:00:00.000+10:00,1.041,140,603
2012-05-29T00:00:00.000+10:00,1.044,140,603
2012-05-30T00:00:00.000+10:00,1.224,140,603
2012-05-31T00:00:00.000+10:00,1.263,140,603
2012-06-01T00:00:00.000+10:00,1.200,140,603
2012-06-02T00:00:00.000+10:00,1.101,140,603
2012-06-03T00:00:00.000+10:00,1.099,140,603
2012-06-04T00:00:00.000+10:00,1.141,140,603
2012-06-05T00:00:00.000+10:00,1.059,140,603
2012-06-06T00:00:00.000+10:00,1.008,140,603
2012-06-07T00:00:00.000+10:00,0.977,140,603
2012-06-08T00:00:00.000+10:00,0.957,140,603
2012-06-09T00:00:00.000+10:00,0.942,140,603
2012-06-10T00:00:00.000+10:00,0.929,140,603
2012-06-11T00:00:00.000+10:00,1.838,140,603
2012-06-12T00:00:00.000+10:00,8.232,140,603
2012-06-13T00:00:00.000+10:00,6.734,140,603
2012-06-14T00:00:00.000+10:00,4.542,140,603
2012-06-15T00:00:00.000+10:00,3.403,140,603
2012-06-16T00:00:00.000+10:00,2.823,140,603
2012-06-17T00:00:00.000+10:00,2.436,140,603
2012-06-18T00:00:00.000+10:00,2.151,140,603
2012-06-19T00:00:00.000+10:00,1.942,140,603
2012-06-20T00:00:00.000+10:00,1.783,140,603
2012-06-21T00:00:00.000+10:00,1.653,140,603
2012-06-22T00:00:00.000+10:00,1.546,140,603
2012-06-23T00:00:00.000+10:00,1.447,140,603
2012-06-24T00:00:00.000+10:00,1.355,140,603
2012-06-25T00:00:00.000+10:00,1.289,140,603
2012-06-26T00:00:00.000+10:00,1.242,140,603
2012-06-27T00:00:00.000+10:00,8.535,140,603
2012-06-28T00:00:00.000+10:00,29.019,140,603
2012-06-29T00:00:00.000+10:00,21.339,140,603
2012-06-30T00:00:00.000+10:00,9.413,140,603
2012-07-01T00:00:00.000+10:00,6.590,140,603
2012-07-02T00:00:00.000+10:00,5.268,140,603
2012-07-03T00:00:00.000+10:00,4.468,140,603
2012-07-04T00:00:00.000+10:00,3.880,140,603
2012-07-05T00:00:00.000+10:00,3.416,140,603
2012-07-06T00:00:00.000+10:00,3.082,140,603
2012-07-07T00:00:00.000+10:00,2.962,140,603
2012-07-08T00:00:00.000+10:00,2.671,140,603
2012-07-09T00:00:00.000+10:00,2.477,140,603
2012-07-10T00:00:00.000+10:00,2.374,140,603
2012-07-11T00:00:00.000+10:00,2.227,140,603
2012-07-12T00:00:00.000+10:00,2.407,140,603
2012-07-13T00:00:00.000+10:00,2.517,140,603
2012-07-14T00:00:00.000+10:00,2.208,140,603
2012-07-15T00:00:00.000+10:00,2.080,140,603
2012-07-16T00:00:00.000+10:00,1.934,140,603
2012-07-17T00:00:00.000+10:00,1.840,140,603
2012-07-18T00:00:00.000+10:00,1.820,140,603
2012-07-19T00:00:00.000+10:00,1.840,140,603
2012-07-20T00:00:00.000+10:00,1.692,140,603
2012-07-21T00:00:00.000+10:00,1.596,140,603
2012-07-22T00:00:00.000+10:00,1.537,140,603
2012-07-23T00:00:00.000+10:00,1.520,140,603
2012-07-24T00:00:00.000+10:00,1.582,140,603
2012-07-25T00:00:00.000+10:00,1.505,140,603
2012-07-26T00:00:00.000+10:00,1.422,140,603
2012-07-27T00:00:00.000+10:00,1.373,140,603
2012-07-28T00:00:00.000+10:00,1.317,140,603
2012-07-29T00:00:00.000+10:00,1.264,140,603
2012-07-30T00:00:00.000+10:00,1.223,140,603
2012-07-31T00:00:00.000+10:00,1.179,140,603
2012-08-01T00:00:00.000+10:00,1.148,140,603
2012-08-02T00:00:00.000+10:00,1.121,140,603
2012-08-03T00:00:00.000+10:00,1.097,140,603
2012-08-04T00:00:00.000+10:00,1.075,140,603
2012-08-05T00:00:00.000+10:00,1.052,140,603
2012-08-06T00:00:00.000+10:00,1.032,140,603
2012-08-07T00:00:00.000+10:00,1.010,140,603
2012-08-08T00:00:00.000+10:00,0.992,140,603
2012-08-09T00:00:00.000+10:00,0.978,140,603
2012-08-10T00:00:00.000+10:00,0.951,140,603
2012-08-11T00:00:00.000+10:00,0.995,140,603
2012-08-12T00:00:00.000+10:00,0.955,140,603
2012-08-13T00:00:00.000+10:00,0.923,140,603
2012-08-14T00:00:00.000+10:00,0.907,140,603
2012-08-15T00:00:00.000+10:00,0.893,140,603
2012-08-16T00:00:00.000+10:00,0.877,140,603
2012-08-17T00:00:00.000+10:00,0.857,140,603
2012-08-18T00:00:00.000+10:00,0.835,140,603
2012-08-19T00:00:00.000+10:00,0.819,140,603
2012-08-20T00:00:00.000+10:00,0.810,140,603
2012-08-21T00:00:00.000+10:00,0.799,140,603
2012-08-22T00:00:00.000+10:00,0.789,140,603
2012-08-23T00:00:00.000+10:00,0.771,140,603
2012-08-24T00:00:00.000+10:00,0.747,140,603
2012-08-25T00:00:00.000+10:00,0.727,140,603
2012-08-26T00:00:00.000+10:00,0.710,140,603
2012-08-27T00:00:00.000+10:00,0.701,140,603
2012-08-28T00:00:00.000+10:00,0.694,140,603
2012-08-29T00:00:00.000+10:00,0.685,140,603
2012-08-30T00:00:00.000+10:00,0.673,140,603
2012-08-31T00:00:00.000+10:00,0.658,140,603
2012-09-01T00:00:00.000+10:00,0.634,140,603
2012-09-02T00:00:00.000+10:00,0.623,140,603
2012-09-03T00:00:00.000+10:00,0.610,140,603
2012-09-04T00:00:00.000+10:00,0.606,140,603
2012-09-05T00:00:00.000+10:00,0.593,140,603
2012-09-06T00:00:00.000+10:00,0.578,140,603
2012-09-07T00:00:00.000+10:00,0.560,140,603
2012-09-08T00:00:00.000+10:00,0.545,140,603
2012-09-09T00:00:00.000+10:00,0.537,140,603
2012-09-10T00:00:00.000+10:00,0.537,140,603
2012-09-11T00:00:00.000+10:00,0.534,140,603
2012-09-12T00:00:00.000+10:00,0.518,140,603
2012-09-13T00:00:00.000+10:00,0.510,140,603
2012-09-14T00:00:00.000+10:00,0.500,140,603
2012-09-15T00:00:00.000+10:00,0.490,140,603
2012-09-16T00:00:00.000+10:00,0.483,140,603
2012-09-17T00:00:00.000+10:00,0.520,140,603
2012-09-18T00:00:00.000+10:00,0.797,140,603
2012-09-19T00:00:00.000+10:00,0.846,140,603
2012-09-20T00:00:00.000+10:00,0.688,140,603
2012-09-21T00:00:00.000+10:00,0.617,140,603
2012-09-22T00:00:00.000+10:00,0.598,140,603
2012-09-23T00:00:00.000+10:00,0.580,140,603
2012-09-24T00:00:00.000+10:00,0.570,140,603
2012-09-25T00:00:00.000+10:00,0.582,140,603
2012-09-26T00:00:00.000+10:00,0.563,140,603
2012-09-27T00:00:00.000+10:00,0.547,140,603
2012-09-28T00:00:00.000+10:00,0.527,140,603
2012-09-29T00:00:00.000+10:00,0.507,140,603
2012-09-30T00:00:00.000+10:00,0.490,140,603
2012-10-01T00:00:00.000+10:00,0.478,140,603
2012-10-02T00:00:00.000+10:00,0.469,140,603
2012-10-03T00:00:00.000+10:00,0.460,140,603
2012-10-04T00:00:00.000+10:00,0.449,140,603
2012-10-05T00:00:00.000+10:00,0.437,140,603
2012-10-06T00:00:00.000+10:00,0.427,140,603
2012-10-07T00:00:00.000+10:00,0.416,140,603
2012-10-08T00:00:00.000+10:00,0.409,140,603
2012-10-09T00:00:00.000+10:00,0.404,140,603
2012-10-10T00:00:00.000+10:00,0.396,140,603
2012-10-11T00:00:00.000+10:00,0.401,140,603
2012-10-12T00:00:00.000+10:00,0.399,140,603
2012-10-13T00:00:00.000+10:00,0.394,140,603
2012-10-14T00:00:00.000+10:00,0.421,140,603
2012-10-15T00:00:00.000+10:00,0.706,140,603
2012-10-16T00:00:00.000+10:00,0.477,140,603
2012-10-17T00:00:00.000+10:00,0.439,140,603
2012-10-18T00:00:00.000+10:00,0.417,140,603
2012-10-19T00:00:00.000+10:00,0.408,140,603
2012-10-20T00:00:00.000+10:00,0.395,140,603
2012-10-21T00:00:00.000+10:00,0.382,140,603
2012-10-22T00:00:00.000+10:00,0.379,140,603
2012-10-23T00:00:00.000+10:00,0.369,140,603
2012-10-24T00:00:00.000+10:00,0.361,140,603
2012-10-25T00:00:00.000+10:00,0.355,140,603
2012-10-26T00:00:00.000+10:00,0.350,140,603
2012-10-27T00:00:00.000+10:00,0.342,140,603
2012-10-28T00:00:00.000+10:00,0.333,140,603
2012-10-29T00:00:00.000+10:00,0.331,140,603
2012-10-30T00:00:00.000+10:00,0.340,140,603
2012-10-31T00:00:00.000+10:00,0.336,140,603
2012-11-01T00:00:00.000+10:00,0.326,140,603
2012-11-02T00:00:00.000+10:00,0.316,140,603
2012-11-03T00:00:00.000+10:00,0.310,140,603
2012-11-04T00:00:00.000+10:00,0.308,140,603
2012-11-05T00:00:00.000+10:00,0.302,140,603
2012-11-06T00:00:00.000+10:00,0.294,140,603
2012-11-07T00:00:00.000+10:00,0.290,140,603
2012-11-08T00:00:00.000+10:00,0.284,140,603
2012-11-09T00:00:00.000+10:00,0.313,140,603
2012-11-10T00:00:00.000+10:00,0.589,140,603
2012-11-11T00:00:00.000+10:00,3.047,140,603
2012-11-12T00:00:00.000+10:00,0.842,140,603
2012-11-13T00:00:00.000+10:00,0.572,140,603
2012-11-14T00:00:00.000+10:00,0.490,140,603
2012-11-15T00:00:00.000+10:00,0.457,140,603
2012-11-16T00:00:00.000+10:00,0.439,140,603
2012-11-17T00:00:00.000+10:00,0.583,140,603
2012-11-18T00:00:00.000+10:00,9.681,140,603
2012-11-19T00:00:00.000+10:00,2.610,140,603
2012-11-20T00:00:00.000+10:00,1.536,140,603
2012-11-21T00:00:00.000+10:00,1.202,140,603
2012-11-22T00:00:00.000+10:00,1.028,140,603
2012-11-23T00:00:00.000+10:00,0.922,140,603
2012-11-24T00:00:00.000+10:00,0.853,140,603
2012-11-25T00:00:00.000+10:00,0.794,140,603
2012-11-26T00:00:00.000+10:00,0.746,140,603
2012-11-27T00:00:00.000+10:00,0.700,140,603
2012-11-28T00:00:00.000+10:00,0.667,140,603
2012-11-29T00:00:00.000+10:00,0.640,140,603
2012-11-30T00:00:00.000+10:00,0.612,140,603
2012-12-01T00:00:00.000+10:00,0.585,140,603
2012-12-02T00:00:00.000+10:00,0.570,140,603
2012-12-03T00:00:00.000+10:00,0.571,140,603
2012-12-04T00:00:00.000+10:00,0.579,140,603
2012-12-05T00:00:00.000+10:00,0.544,140,603
2012-12-06T00:00:00.000+10:00,0.523,140,603
2012-12-07T00:00:00.000+10:00,0.509,140,603
2012-12-08T00:00:00.000+10:00,0.491,140,603
2012-12-09T00:00:00.000+10:00,0.475,140,603
2012-12-10T00:00:00.000+10:00,0.463,140,603
2012-12-11T00:00:00.000+10:00,0.482,140,603
2012-12-12T00:00:00.000+10:00,0.476,140,603
2012-12-13T00:00:00.000+10:00,0.483,140,603
2012-12-14T00:00:00.000+10:00,0.469,140,603
2012-12-15T00:00:00.000+10:00,0.455,140,603
2012-12-16T00:00:00.000+10:00,0.444,140,603
2012-12-17T00:00:00.000+10:00,0.431,140,603
2012-12-18T00:00:00.000+10:00,0.420,140,603
2012-12-19T00:00:00.000+10:00,0.412,140,603
2012-12-20T00:00:00.000+10:00,0.406,140,603
2012-12-21T00:00:00.000+10:00,0.405,140,603
2012-12-22T00:00:00.000+10:00,0.417,140,603
2012-12-23T00:00:00.000+10:00,0.422,140,603
2012-12-24T00:00:00.000+10:00,0.424,140,603
2012-12-25T00:00:00.000+10:00,0.458,140,603
2012-12-26T00:00:00.000+10:00,2.193,140,603
2012-12-27T00:00:00.000+10:00,0.853,140,603
2012-12-28T00:00:00.000+10:00,0.630,140,603
2012-12-29T00:00:00.000+10:00,0.559,140,603
2012-12-30T00:00:00.000+10:00,0.559,140,603
2012-12-31T00:00:00.000+10:00,0.550,140,603
2013-01-01T00:00:00.000+10:00,0.521,140,603
2013-01-02T00:00:00.000+10:00,0.504,140,603
2013-01-03T00:00:00.000+10:00,0.498,140,603
2013-01-04T00:00:00.000+10:00,0.487,140,603
2013-01-05T00:00:00.000+10:00,0.460,140,603
2013-01-06T00:00:00.000+10:00,0.421,140,603
2013-01-07T00:00:00.000+10:00,0.393,140,603
2013-01-08T00:00:00.000+10:00,0.376,140,603
2013-01-09T00:00:00.000+10:00,0.366,140,603
2013-01-10T00:00:00.000+10:00,0.355,140,603
2013-01-11T00:00:00.000+10:00,0.344,140,603
2013-01-12T00:00:00.000+10:00,0.334,140,603
2013-01-13T00:00:00.000+10:00,0.332,140,603
2013-01-14T00:00:00.000+10:00,0.352,140,603
2013-01-15T00:00:00.000+10:00,0.442,140,603
2013-01-16T00:00:00.000+10:00,0.503,140,603
2013-01-17T00:00:00.000+10:00,0.455,140,603
2013-01-18T00:00:00.000+10:00,0.429,140,603
2013-01-19T00:00:00.000+10:00,0.403,140,603
2013-01-20T00:00:00.000+10:00,0.384,140,603
2013-01-21T00:00:00.000+10:00,0.381,140,603
2013-01-22T00:00:00.000+10:00,0.385,140,603
2013-01-23T00:00:00.000+10:00,0.389,140,603
2013-01-24T00:00:00.000+10:00,0.429,140,603
2013-01-25T00:00:00.000+10:00,0.826,140,603
2013-01-26T00:00:00.000+10:00,0.841,140,603
2013-01-27T00:00:00.000+10:00,42.765,140,603
2013-01-28T00:00:00.000+10:00,285.886,140,603
2013-01-29T00:00:00.000+10:00,138.615,140,603
2013-01-30T00:00:00.000+10:00,23.344,140,603
2013-01-31T00:00:00.000+10:00,12.441,140,603
2013-02-01T00:00:00.000+10:00,8.881,140,603
2013-02-02T00:00:00.000+10:00,8.038,140,603
2013-02-03T00:00:00.000+10:00,6.347,140,603
2013-02-04T00:00:00.000+10:00,5.264,140,603
2013-02-05T00:00:00.000+10:00,4.692,140,603
2013-02-06T00:00:00.000+10:00,4.154,140,603
2013-02-07T00:00:00.000+10:00,3.843,140,603
2013-02-08T00:00:00.000+10:00,3.384,140,603
2013-02-09T00:00:00.000+10:00,2.997,140,603
2013-02-10T00:00:00.000+10:00,2.715,140,603
2013-02-11T00:00:00.000+10:00,2.449,140,603
2013-02-12T00:00:00.000+10:00,2.291,140,603
2013-02-13T00:00:00.000+10:00,4.343,140,603
2013-02-14T00:00:00.000+10:00,3.058,140,603
2013-02-15T00:00:00.000+10:00,2.962,140,603
2013-02-16T00:00:00.000+10:00,3.062,140,603
2013-02-17T00:00:00.000+10:00,3.674,140,603
2013-02-18T00:00:00.000+10:00,4.139,140,603
2013-02-19T00:00:00.000+10:00,9.887,140,603
2013-02-20T00:00:00.000+10:00,13.005,140,603
2013-02-21T00:00:00.000+10:00,24.078,140,603
2013-02-22T00:00:00.000+10:00,296.804,140,603
2013-02-23T00:00:00.000+10:00,197.051,140,603
2013-02-24T00:00:00.000+10:00,52.839,140,603
2013-02-25T00:00:00.000+10:00,44.851,140,603
2013-02-26T00:00:00.000+10:00,31.503,140,603
2013-02-27T00:00:00.000+10:00,23.171,140,603
2013-02-28T00:00:00.000+10:00,17.285,140,603
2013-03-01T00:00:00.000+10:00,13.983,140,603
2013-03-02T00:00:00.000+10:00,24.309,140,603
2013-03-03T00:00:00.000+10:00,40.529,140,603
2013-03-04T00:00:00.000+10:00,47.634,140,603
2013-03-05T00:00:00.000+10:00,30.609,140,603
2013-03-06T00:00:00.000+10:00,19.720,140,603
2013-03-07T00:00:00.000+10:00,14.995,140,603
2013-03-08T00:00:00.000+10:00,12.278,140,603
2013-03-09T00:00:00.000+10:00,10.457,140,603
2013-03-10T00:00:00.000+10:00,8.990,140,603
2013-03-11T00:00:00.000+10:00,7.938,140,603
2013-03-12T00:00:00.000+10:00,7.190,140,603
2013-03-13T00:00:00.000+10:00,6.439,140,603
2013-03-14T00:00:00.000+10:00,5.867,140,603
2013-03-15T00:00:00.000+10:00,5.454,140,603
2013-03-16T00:00:00.000+10:00,5.180,140,603
2013-03-17T00:00:00.000+10:00,4.689,140,603
2013-03-18T00:00:00.000+10:00,4.286,140,603
2013-03-19T00:00:00.000+10:00,4.125,140,603
2013-03-20T00:00:00.000+10:00,3.977,140,603
2013-03-21T00:00:00.000+10:00,3.733,140,603
2013-03-22T00:00:00.000+10:00,3.463,140,603
2013-03-23T00:00:00.000+10:00,3.248,140,603
2013-03-24T00:00:00.000+10:00,4.200,140,603
2013-03-25T00:00:00.000+10:00,4.272,140,603
2013-03-26T00:00:00.000+10:00,3.459,140,603
2013-03-27T00:00:00.000+10:00,3.118,140,603
2013-03-28T00:00:00.000+10:00,2.901,140,603
2013-03-29T00:00:00.000+10:00,2.751,140,603
2013-03-30T00:00:00.000+10:00,2.621,140,603
2013-03-31T00:00:00.000+10:00,2.561,140,603
2013-04-01T00:00:00.000+10:00,2.515,140,603
2013-04-02T00:00:00.000+10:00,2.325,140,603
2013-04-03T00:00:00.000+10:00,2.429,140,603
2013-04-04T00:00:00.000+10:00,8.496,140,603
2013-04-05T00:00:00.000+10:00,4.225,140,603
2013-04-06T00:00:00.000+10:00,4.240,140,603
2013-04-07T00:00:00.000+10:00,3.964,140,603
2013-04-08T00:00:00.000+10:00,3.597,140,603
2013-04-09T00:00:00.000+10:00,3.335,140,603
2013-04-10T00:00:00.000+10:00,3.364,140,603
2013-04-11T00:00:00.000+10:00,3.034,140,603
2013-04-12T00:00:00.000+10:00,2.885,140,603
2013-04-13T00:00:00.000+10:00,2.854,140,603
2013-04-14T00:00:00.000+10:00,2.906,140,603
2013-04-15T00:00:00.000+10:00,2.643,140,603
2013-04-16T00:00:00.000+10:00,2.539,140,603
2013-04-17T00:00:00.000+10:00,3.142,140,603
2013-04-18T00:00:00.000+10:00,2.618,140,603
2013-04-19T00:00:00.000+10:00,2.435,140,603
2013-04-20T00:00:00.000+10:00,2.278,140,603
2013-04-21T00:00:00.000+10:00,2.151,140,603
2013-04-22T00:00:00.000+10:00,2.074,140,603
2013-04-23T00:00:00.000+10:00,2.001,140,603
2013-04-24T00:00:00.000+10:00,1.925,140,603
2013-04-25T00:00:00.000+10:00,1.861,140,603
2013-04-26T00:00:00.000+10:00,1.804,140,603
2013-04-27T00:00:00.000+10:00,1.746,140,603
2013-04-28T00:00:00.000+10:00,1.700,140,603
2013-04-29T00:00:00.000+10:00,1.657,140,603
2013-04-30T00:00:00.000+10:00,1.613,140,603
2013-05-01T00:00:00.000+10:00,1.572,140,603
2013-05-02T00:00:00.000+10:00,1.530,140,603
2013-05-03T00:00:00.000+10:00,1.479,140,603
2013-05-04T00:00:00.000+10:00,1.446,140,603
2013-05-05T00:00:00.000+10:00,1.413,140,603
2013-05-06T00:00:00.000+10:00,1.380,140,603
2013-05-07T00:00:00.000+10:00,1.353,140,603
2013-05-08T00:00:00.000+10:00,1.343,140,603
2013-05-09T00:00:00.000+10:00,1.315,140,603
2013-05-10T00:00:00.000+10:00,1.292,140,603
2013-05-11T00:00:00.000+10:00,1.282,140,603
2013-05-12T00:00:00.000+10:00,1.285,140,603
2013-05-13T00:00:00.000+10:00,1.254,140,603
2013-05-14T00:00:00.000+10:00,1.241,140,603
2013-05-15T00:00:00.000+10:00,1.231,140,603
2013-05-16T00:00:00.000+10:00,1.197,140,603
2013-05-17T00:00:00.000+10:00,1.168,140,603
2013-05-18T00:00:00.000+10:00,1.140,140,603
2013-05-19T00:00:00.000+10:00,1.110,140,603
2013-05-20T00:00:00.000+10:00,1.084,140,603
2013-05-21T00:00:00.000+10:00,1.067,140,603
2013-05-22T00:00:00.000+10:00,1.068,140,603
2013-05-23T00:00:00.000+10:00,1.114,140,603
2013-05-24T00:00:00.000+10:00,89.862,140,603
2013-05-25T00:00:00.000+10:00,28.777,140,603
2013-05-26T00:00:00.000+10:00,10.062,140,603
2013-05-27T00:00:00.000+10:00,6.808,140,603
2013-05-28T00:00:00.000+10:00,5.554,140,603
2013-05-29T00:00:00.000+10:00,4.569,140,603
2013-05-30T00:00:00.000+10:00,3.988,140,603
2013-05-31T00:00:00.000+10:00,3.765,140,603
2013-06-01T00:00:00.000+10:00,3.340,140,603
2013-06-02T00:00:00.000+10:00,3.055,140,603
2013-06-03T00:00:00.000+10:00,2.799,140,603
2013-06-04T00:00:00.000+10:00,2.538,140,603
2013-06-05T00:00:00.000+10:00,2.363,140,603
2013-06-06T00:00:00.000+10:00,2.227,140,603
2013-06-07T00:00:00.000+10:00,2.115,140,603
2013-06-08T00:00:00.000+10:00,2.021,140,603
2013-06-09T00:00:00.000+10:00,1.976,140,603
2013-06-10T00:00:00.000+10:00,1.940,140,603
2013-06-11T00:00:00.000+10:00,1.991,140,603
2013-06-12T00:00:00.000+10:00,2.313,140,603
2013-06-13T00:00:00.000+10:00,4.776,140,603
2013-06-14T00:00:00.000+10:00,2.903,140,603
2013-06-15T00:00:00.000+10:00,2.513,140,603
2013-06-16T00:00:00.000+10:00,2.247,140,603
2013-06-17T00:00:00.000+10:00,2.077,140,603
2013-06-18T00:00:00.000+10:00,1.946,140,603
2013-06-19T00:00:00.000+10:00,1.826,140,603
2013-06-20T00:00:00.000+10:00,1.719,140,603
2013-06-21T00:00:00.000+10:00,1.653,140,603
2013-06-22T00:00:00.000+10:00,1.597,140,603
2013-06-23T00:00:00.000+10:00,1.533,140,603
2013-06-24T00:00:00.000+10:00,1.488,140,603
2013-06-25T00:00:00.000+10:00,1.447,140,603
2013-06-26T00:00:00.000+10:00,1.429,140,603
2013-06-27T00:00:00.000+10:00,1.943,140,603
2013-06-28T00:00:00.000+10:00,1.826,140,603
2013-06-29T00:00:00.000+10:00,1.976,140,603
2013-06-30T00:00:00.000+10:00,1.858,140,603
2013-07-01T00:00:00.000+10:00,3.741,140,603
2013-07-02T00:00:00.000+10:00,16.113,140,603
2013-07-03T00:00:00.000+10:00,7.741,140,603
2013-07-04T00:00:00.000+10:00,5.490,140,603
2013-07-05T00:00:00.000+10:00,4.436,140,603
2013-07-06T00:00:00.000+10:00,3.715,140,603
2013-07-07T00:00:00.000+10:00,3.186,140,603
2013-07-08T00:00:00.000+10:00,2.812,140,603
2013-07-09T00:00:00.000+10:00,2.545,140,603
2013-07-10T00:00:00.000+10:00,2.412,140,603
2013-07-11T00:00:00.000+10:00,2.212,140,603
2013-07-12T00:00:00.000+10:00,2.082,140,603
2013-07-13T00:00:00.000+10:00,1.972,140,603
2013-07-14T00:00:00.000+10:00,1.879,140,603
2013-07-15T00:00:00.000+10:00,1.807,140,603
2013-07-16T00:00:00.000+10:00,1.740,140,603
2013-07-17T00:00:00.000+10:00,1.675,140,603
2013-07-18T00:00:00.000+10:00,1.616,140,603
2013-07-19T00:00:00.000+10:00,1.565,140,603
2013-07-20T00:00:00.000+10:00,1.549,140,603
2013-07-21T00:00:00.000+10:00,1.518,140,603
2013-07-22T00:00:00.000+10:00,1.451,140,603
2013-07-23T00:00:00.000+10:00,1.406,140,603
2013-07-24T00:00:00.000+10:00,1.353,140,603
2013-07-25T00:00:00.000+10:00,1.306,140,603
2013-07-26T00:00:00.000+10:00,1.282,140,603
2013-07-27T00:00:00.000+10:00,1.258,140,603
2013-07-28T00:00:00.000+10:00,1.239,140,603
2013-07-29T00:00:00.000+10:00,1.266,140,603
2013-07-30T00:00:00.000+10:00,1.282,140,603
2013-07-31T00:00:00.000+10:00,1.241,140,603
2013-08-01T00:00:00.000+10:00,1.210,140,603
2013-08-02T00:00:00.000+10:00,1.206,140,603
2013-08-03T00:00:00.000+10:00,1.156,140,603
2013-08-04T00:00:00.000+10:00,1.122,140,603
2013-08-05T00:00:00.000+10:00,1.093,140,603
2013-08-06T00:00:00.000+10:00,1.068,140,603
2013-08-07T00:00:00.000+10:00,1.043,140,603
2013-08-08T00:00:00.000+10:00,1.016,140,603
2013-08-09T00:00:00.000+10:00,0.974,140,603
2013-08-10T00:00:00.000+10:00,0.955,140,603
2013-08-11T00:00:00.000+10:00,0.938,140,603
2013-08-12T00:00:00.000+10:00,0.921,140,603
2013-08-13T00:00:00.000+10:00,0.899,140,603
2013-08-14T00:00:00.000+10:00,0.879,140,603
2013-08-15T00:00:00.000+10:00,0.866,140,603
2013-08-16T00:00:00.000+10:00,0.842,140,603
2013-08-17T00:00:00.000+10:00,0.830,140,603
2013-08-18T00:00:00.000+10:00,0.831,140,603
2013-08-19T00:00:00.000+10:00,0.814,140,603
2013-08-20T00:00:00.000+10:00,0.792,140,603
2013-08-21T00:00:00.000+10:00,0.769,140,603
2013-08-22T00:00:00.000+10:00,0.755,140,603
2013-08-23T00:00:00.000+10:00,0.744,140,603
2013-08-24T00:00:00.000+10:00,0.732,140,603
2013-08-25T00:00:00.000+10:00,0.716,140,603
2013-08-26T00:00:00.000+10:00,0.706,140,603
2013-08-27T00:00:00.000+10:00,0.694,140,603
2013-08-28T00:00:00.000+10:00,0.683,140,603
2013-08-29T00:00:00.000+10:00,0.672,140,603
2013-08-30T00:00:00.000+10:00,0.665,140,603
2013-08-31T00:00:00.000+10:00,0.656,140,603
2013-09-01T00:00:00.000+10:00,0.647,140,603
2013-09-02T00:00:00.000+10:00,0.638,140,603
2013-09-03T00:00:00.000+10:00,0.630,140,603
2013-09-04T00:00:00.000+10:00,0.622,140,603
2013-09-05T00:00:00.000+10:00,0.613,140,603
2013-09-06T00:00:00.000+10:00,0.602,140,603
2013-09-07T00:00:00.000+10:00,0.595,140,603
2013-09-08T00:00:00.000+10:00,0.586,140,603
2013-09-09T00:00:00.000+10:00,0.578,140,603
2013-09-10T00:00:00.000+10:00,0.570,140,603
2013-09-11T00:00:00.000+10:00,0.553,140,603
2013-09-12T00:00:00.000+10:00,0.544,140,603
2013-09-13T00:00:00.000+10:00,0.533,140,603
2013-09-14T00:00:00.000+10:00,0.526,140,603
2013-09-15T00:00:00.000+10:00,0.518,140,603
2013-09-16T00:00:00.000+10:00,0.538,140,603
2013-09-17T00:00:00.000+10:00,0.588,140,603
2013-09-18T00:00:00.000+10:00,0.590,140,603
2013-09-19T00:00:00.000+10:00,0.565,140,603
2013-09-20T00:00:00.000+10:00,0.540,140,603
2013-09-21T00:00:00.000+10:00,0.521,140,603
2013-09-22T00:00:00.000+10:00,0.510,140,603
2013-09-23T00:00:00.000+10:00,0.501,140,603
2013-09-24T00:00:00.000+10:00,0.494,140,603
2013-09-25T00:00:00.000+10:00,0.485,140,603
2013-09-26T00:00:00.000+10:00,0.475,140,603
2013-09-27T00:00:00.000+10:00,0.462,140,603
2013-09-28T00:00:00.000+10:00,0.449,140,603
2013-09-29T00:00:00.000+10:00,0.436,140,603
2013-09-30T00:00:00.000+10:00,0.425,140,603
2013-10-01T00:00:00.000+10:00,0.415,140,603
2013-10-02T00:00:00.000+10:00,0.404,140,603
2013-10-03T00:00:00.000+10:00,0.392,140,603
2013-10-04T00:00:00.000+10:00,0.385,140,603
2013-10-05T00:00:00.000+10:00,0.384,140,603
2013-10-06T00:00:00.000+10:00,0.378,140,603
2013-10-07T00:00:00.000+10:00,0.367,140,603
2013-10-08T00:00:00.000+10:00,0.377,140,603
2013-10-09T00:00:00.000+10:00,0.377,140,603
2013-10-10T00:00:00.000+10:00,0.360,140,603
2013-10-11T00:00:00.000+10:00,0.349,140,603
2013-10-12T00:00:00.000+10:00,0.346,140,603
2013-10-13T00:00:00.000+10:00,0.339,140,603
2013-10-14T00:00:00.000+10:00,0.331,140,603
2013-10-15T00:00:00.000+10:00,0.320,140,603
2013-10-16T00:00:00.000+10:00,0.313,140,603
2013-10-17T00:00:00.000+10:00,0.307,140,603
2013-10-18T00:00:00.000+10:00,0.332,140,603
2013-10-19T00:00:00.000+10:00,0.403,140,603
2013-10-20T00:00:00.000+10:00,0.389,140,603
2013-10-21T00:00:00.000+10:00,0.370,140,603
2013-10-22T00:00:00.000+10:00,0.362,140,603
2013-10-23T00:00:00.000+10:00,0.356,140,603
2013-10-24T00:00:00.000+10:00,0.346,140,603
2013-10-25T00:00:00.000+10:00,0.330,140,603
2013-10-26T00:00:00.000+10:00,0.324,140,603
2013-10-27T00:00:00.000+10:00,0.317,140,603
2013-10-28T00:00:00.000+10:00,0.312,140,603
2013-10-29T00:00:00.000+10:00,0.320,140,603
2013-10-30T00:00:00.000+10:00,0.377,140,603
2013-10-31T00:00:00.000+10:00,0.357,140,603
2013-11-01T00:00:00.000+10:00,0.335,140,603
2013-11-02T00:00:00.000+10:00,0.324,140,603
2013-11-03T00:00:00.000+10:00,0.317,140,603
2013-11-04T00:00:00.000+10:00,0.308,140,603
2013-11-05T00:00:00.000+10:00,0.297,140,603
2013-11-06T00:00:00.000+10:00,0.288,140,603
2013-11-07T00:00:00.000+10:00,0.279,140,603
2013-11-08T00:00:00.000+10:00,0.272,140,603
2013-11-09T00:00:00.000+10:00,0.263,140,603
2013-11-10T00:00:00.000+10:00,0.304,140,603
2013-11-11T00:00:00.000+10:00,0.552,140,603
2013-11-12T00:00:00.000+10:00,1.241,140,603
2013-11-13T00:00:00.000+10:00,0.986,140,603
2013-11-14T00:00:00.000+10:00,0.729,140,603
2013-11-15T00:00:00.000+10:00,0.621,140,603
2013-11-16T00:00:00.000+10:00,1.023,140,603
2013-11-17T00:00:00.000+10:00,1.918,140,603
2013-11-18T00:00:00.000+10:00,4.109,140,603
2013-11-19T00:00:00.000+10:00,3.802,140,603
2013-11-20T00:00:00.000+10:00,1.857,140,603
2013-11-21T00:00:00.000+10:00,1.372,140,603
2013-11-22T00:00:00.000+10:00,1.129,140,603
2013-11-23T00:00:00.000+10:00,1.101,140,603
2013-11-24T00:00:00.000+10:00,1.236,140,603
2013-11-25T00:00:00.000+10:00,1.058,140,603
2013-11-26T00:00:00.000+10:00,1.111,140,603
2013-11-27T00:00:00.000+10:00,1.009,140,603
2013-11-28T00:00:00.000+10:00,0.912,140,603
2013-11-29T00:00:00.000+10:00,0.882,140,603
2013-11-30T00:00:00.000+10:00,1.419,140,603
2013-12-01T00:00:00.000+10:00,1.871,140,603
2013-12-02T00:00:00.000+10:00,1.665,140,603
2013-12-03T00:00:00.000+10:00,1.395,140,603
2013-12-04T00:00:00.000+10:00,1.210,140,603
2013-12-05T00:00:00.000+10:00,1.072,140,603
2013-12-06T00:00:00.000+10:00,0.949,140,603
2013-12-07T00:00:00.000+10:00,0.860,140,603
2013-12-08T00:00:00.000+10:00,0.804,140,603
2013-12-09T00:00:00.000+10:00,0.754,140,603
2013-12-10T00:00:00.000+10:00,0.714,140,603
2013-12-11T00:00:00.000+10:00,0.677,140,603
2013-12-12T00:00:00.000+10:00,0.647,140,603
2013-12-13T00:00:00.000+10:00,0.624,140,603
2013-12-14T00:00:00.000+10:00,0.608,140,603
2013-12-15T00:00:00.000+10:00,0.601,140,603
2013-12-16T00:00:00.000+10:00,0.584,140,603
2013-12-17T00:00:00.000+10:00,0.577,140,603
2013-12-18T00:00:00.000+10:00,0.555,140,603
2013-12-19T00:00:00.000+10:00,0.537,140,603
2013-12-20T00:00:00.000+10:00,0.513,140,603
2013-12-21T00:00:00.000+10:00,0.494,140,603
2013-12-22T00:00:00.000+10:00,0.472,140,603
2013-12-23T00:00:00.000+10:00,0.449,140,603
2013-12-24T00:00:00.000+10:00,0.433,140,603
2013-12-25T00:00:00.000+10:00,0.422,140,603
2013-12-26T00:00:00.000+10:00,0.419,140,603
2013-12-27T00:00:00.000+10:00,0.468,140,603
2013-12-28T00:00:00.000+10:00,0.428,140,603
2013-12-29T00:00:00.000+10:00,0.407,140,603
2013-12-30T00:00:00.000+10:00,0.395,140,603
2013-12-31T00:00:00.000+10:00,0.388,140,603
2014-01-01T00:00:00.000+10:00,0.388,140,603
2014-01-02T00:00:00.000+10:00,0.375,140,603
2014-01-03T00:00:00.000+10:00,0.351,140,603
2014-01-04T00:00:00.000+10:00,0.330,140,603
2014-01-05T00:00:00.000+10:00,0.320,140,603
2014-01-06T00:00:00.000+10:00,0.311,140,603
2014-01-07T00:00:00.000+10:00,0.303,140,603
2014-01-08T00:00:00.000+10:00,0.326,140,603
2014-01-09T00:00:00.000+10:00,0.348,140,603
2014-01-10T00:00:00.000+10:00,0.351,140,603
2014-01-11T00:00:00.000+10:00,0.347,140,603
2014-01-12T00:00:00.000+10:00,0.345,140,603
2014-01-13T00:00:00.000+10:00,0.336,140,603
2014-01-14T00:00:00.000+10:00,0.324,140,603
2014-01-15T00:00:00.000+10:00,0.313,140,603
2014-01-16T00:00:00.000+10:00,0.301,140,603
2014-01-17T00:00:00.000+10:00,0.290,140,603
2014-01-18T00:00:00.000+10:00,0.279,140,603
2014-01-19T00:00:00.000+10:00,0.268,140,603
2014-01-20T00:00:00.000+10:00,0.257,140,603
2014-01-21T00:00:00.000+10:00,0.251,140,603
2014-01-22T00:00:00.000+10:00,0.251,140,603
2014-01-23T00:00:00.000+10:00,0.260,140,603
2014-01-24T00:00:00.000+10:00,0.304,140,603
2014-01-25T00:00:00.000+10:00,0.326,140,603
2014-01-26T00:00:00.000+10:00,0.345,140,603
2014-01-27T00:00:00.000+10:00,0.348,140,603
2014-01-28T00:00:00.000+10:00,0.348,140,603
2014-01-29T00:00:00.000+10:00,0.336,140,603
2014-01-30T00:00:00.000+10:00,0.323,140,603
2014-01-31T00:00:00.000+10:00,0.314,140,603
2014-02-01T00:00:00.000+10:00,0.308,140,603
2014-02-02T00:00:00.000+10:00,0.300,140,603
2014-02-03T00:00:00.000+10:00,0.291,140,603
2014-02-04T00:00:00.000+10:00,0.281,140,603
2014-02-05T00:00:00.000+10:00,0.659,140,603
2014-02-06T00:00:00.000+10:00,1.232,140,603
2014-02-07T00:00:00.000+10:00,0.910,140,603
2014-02-08T00:00:00.000+10:00,0.656,140,603
2014-02-09T00:00:00.000+10:00,0.563,140,603
2014-02-10T00:00:00.000+10:00,0.515,140,603
2014-02-11T00:00:00.000+10:00,0.480,140,603
2014-02-12T00:00:00.000+10:00,0.455,140,603
2014-02-13T00:00:00.000+10:00,0.441,140,603
2014-02-14T00:00:00.000+10:00,0.446,140,603
2014-02-15T00:00:00.000+10:00,0.443,140,603
2014-02-16T00:00:00.000+10:00,0.438,140,603
2014-02-17T00:00:00.000+10:00,0.454,140,603
2014-02-18T00:00:00.000+10:00,0.439,140,603
2014-02-19T00:00:00.000+10:00,0.421,140,603
2014-02-20T00:00:00.000+10:00,0.403,140,603
2014-02-21T00:00:00.000+10:00,0.401,140,603
2014-02-22T00:00:00.000+10:00,0.458,140,603
2014-02-23T00:00:00.000+10:00,0.517,140,603
2014-02-24T00:00:00.000+10:00,0.535,140,603
2014-02-25T00:00:00.000+10:00,0.569,140,603
2014-02-26T00:00:00.000+10:00,0.591,140,603
2014-02-27T00:00:00.000+10:00,0.567,140,603
2014-02-28T00:00:00.000+10:00,0.547,140,603
2014-03-01T00:00:00.000+10:00,0.545,140,603
2014-03-02T00:00:00.000+10:00,0.534,140,603
2014-03-03T00:00:00.000+10:00,0.611,140,603
2014-03-04T00:00:00.000+10:00,0.716,140,603
2014-03-05T00:00:00.000+10:00,0.727,140,603
2014-03-06T00:00:00.000+10:00,0.677,140,603
2014-03-07T00:00:00.000+10:00,0.636,140,603
2014-03-08T00:00:00.000+10:00,0.605,140,603
2014-03-09T00:00:00.000+10:00,0.581,140,603
2014-03-10T00:00:00.000+10:00,0.560,140,603
2014-03-11T00:00:00.000+10:00,0.544,140,603
2014-03-12T00:00:00.000+10:00,0.524,140,603
2014-03-13T00:00:00.000+10:00,0.501,140,603
2014-03-14T00:00:00.000+10:00,0.489,140,603
2014-03-15T00:00:00.000+10:00,0.482,140,603
2014-03-16T00:00:00.000+10:00,0.517,140,603
2014-03-17T00:00:00.000+10:00,0.570,140,603
2014-03-18T00:00:00.000+10:00,0.544,140,603
2014-03-19T00:00:00.000+10:00,0.524,140,603
2014-03-20T00:00:00.000+10:00,0.514,140,603
2014-03-21T00:00:00.000+10:00,0.598,140,603
2014-03-22T00:00:00.000+10:00,0.574,140,603
2014-03-23T00:00:00.000+10:00,0.541,140,603
2014-03-24T00:00:00.000+10:00,0.531,140,603
2014-03-25T00:00:00.000+10:00,0.531,140,603
2014-03-26T00:00:00.000+10:00,0.630,140,603
2014-03-27T00:00:00.000+10:00,0.683,140,603
2014-03-28T00:00:00.000+10:00,1.035,140,603
2014-03-29T00:00:00.000+10:00,1.519,140,603
2014-03-30T00:00:00.000+10:00,1.270,140,603
2014-03-31T00:00:00.000+10:00,2.168,140,603
2014-04-01T00:00:00.000+10:00,5.271,140,603
2014-04-02T00:00:00.000+10:00,2.859,140,603
2014-04-03T00:00:00.000+10:00,2.098,140,603
2014-04-04T00:00:00.000+10:00,1.723,140,603
2014-04-05T00:00:00.000+10:00,1.556,140,603
2014-04-06T00:00:00.000+10:00,2.420,140,603
2014-04-07T00:00:00.000+10:00,2.071,140,603
2014-04-08T00:00:00.000+10:00,1.761,140,603
2014-04-09T00:00:00.000+10:00,1.574,140,603
2014-04-10T00:00:00.000+10:00,1.415,140,603
2014-04-11T00:00:00.000+10:00,1.282,140,603
2014-04-12T00:00:00.000+10:00,1.163,140,603
2014-04-13T00:00:00.000+10:00,1.068,140,603
2014-04-14T00:00:00.000+10:00,0.998,140,603
2014-04-15T00:00:00.000+10:00,0.979,140,603
2014-04-16T00:00:00.000+10:00,0.912,140,603
2014-04-17T00:00:00.000+10:00,0.853,140,603
2014-04-18T00:00:00.000+10:00,0.802,140,603
2014-04-19T00:00:00.000+10:00,0.761,140,603
2014-04-20T00:00:00.000+10:00,0.725,140,603
2014-04-21T00:00:00.000+10:00,0.686,140,603
2014-04-22T00:00:00.000+10:00,0.659,140,603
2014-04-23T00:00:00.000+10:00,0.641,140,603
2014-04-24T00:00:00.000+10:00,0.624,140,603
2014-04-25T00:00:00.000+10:00,0.609,140,603
2014-04-26T00:00:00.000+10:00,0.598,140,603
2014-04-27T00:00:00.000+10:00,0.603,140,603
2014-04-28T00:00:00.000+10:00,2.365,140,603
2014-04-29T00:00:00.000+10:00,1.693,140,603
2014-04-30T00:00:00.000+10:00,1.381,140,603
2014-05-01T00:00:00.000+10:00,1.223,140,603
2014-05-02T00:00:00.000+10:00,1.093,140,603
2014-05-03T00:00:00.000+10:00,1.001,140,603
2014-05-04T00:00:00.000+10:00,0.911,140,603
2014-05-05T00:00:00.000+10:00,0.855,140,603
2014-05-06T00:00:00.000+10:00,0.812,140,603
2014-05-07T00:00:00.000+10:00,0.777,140,603
2014-05-08T00:00:00.000+10:00,0.742,140,603
2014-05-09T00:00:00.000+10:00,0.716,140,603
2014-05-10T00:00:00.000+10:00,0.684,140,603
2014-05-11T00:00:00.000+10:00,0.664,140,603
2014-05-12T00:00:00.000+10:00,0.646,140,603
2014-05-13T00:00:00.000+10:00,0.641,140,603
2014-05-14T00:00:00.000+10:00,0.617,140,603
2014-05-15T00:00:00.000+10:00,0.597,140,603
2014-05-16T00:00:00.000+10:00,0.579,140,603
2014-05-17T00:00:00.000+10:00,0.565,140,603
2014-05-18T00:00:00.000+10:00,0.548,140,603
2014-05-19T00:00:00.000+10:00,0.535,140,603
2014-05-20T00:00:00.000+10:00,0.521,140,603
2014-05-21T00:00:00.000+10:00,0.507,140,603
2014-05-22T00:00:00.000+10:00,0.495,140,603
2014-05-23T00:00:00.000+10:00,0.485,140,603
2014-05-24T00:00:00.000+10:00,0.470,140,603
2014-05-25T00:00:00.000+10:00,0.460,140,603
2014-05-26T00:00:00.000+10:00,0.444,140,603
2014-05-27T00:00:00.000+10:00,0.435,140,603
2014-05-28T00:00:00.000+10:00,0.428,140,603
2014-05-29T00:00:00.000+10:00,0.422,140,603
2014-05-30T00:00:00.000+10:00,0.424,140,603
2014-05-31T00:00:00.000+10:00,0.616,140,603
2014-06-01T00:00:00.000+10:00,0.684,140,603
2014-06-02T00:00:00.000+10:00,0.606,140,603
2014-06-03T00:00:00.000+10:00,0.590,140,603
2014-06-04T00:00:00.000+10:00,0.576,140,603
2014-06-05T00:00:00.000+10:00,0.567,140,603
2014-06-06T00:00:00.000+10:00,0.560,140,603
2014-06-07T00:00:00.000+10:00,0.542,140,603
2014-06-08T00:00:00.000+10:00,0.525,140,603
2014-06-09T00:00:00.000+10:00,0.510,140,603
2014-06-10T00:00:00.000+10:00,0.510,140,603
2014-06-11T00:00:00.000+10:00,0.573,140,603
2014-06-12T00:00:00.000+10:00,0.614,140,603
2014-06-13T00:00:00.000+10:00,0.589,140,603
2014-06-14T00:00:00.000+10:00,0.580,140,603
2014-06-15T00:00:00.000+10:00,0.564,140,603
2014-06-16T00:00:00.000+10:00,0.543,140,603
2014-06-17T00:00:00.000+10:00,0.525,140,603
2014-06-18T00:00:00.000+10:00,0.510,140,603
2014-06-19T00:00:00.000+10:00,0.491,140,603
2014-06-20T00:00:00.000+10:00,0.481,140,603
2014-06-21T00:00:00.000+10:00,0.475,140,603
2014-06-22T00:00:00.000+10:00,0.469,140,603
2014-06-23T00:00:00.000+10:00,0.456,140,603
2014-06-24T00:00:00.000+10:00,0.443,140,603
2014-06-25T00:00:00.000+10:00,0.429,140,603
2014-06-26T00:00:00.000+10:00,0.421,140,603
2014-06-27T00:00:00.000+10:00,0.405,140,603
2014-06-28T00:00:00.000+10:00,0.404,140,603
2014-06-29T00:00:00.000+10:00,0.396,140,603
2014-06-30T00:00:00.000+10:00,0.383,140,603
2014-07-01T00:00:00.000+10:00,0.375,140,603
2014-07-02T00:00:00.000+10:00,0.359,140,603
2014-07-03T00:00:00.000+10:00,0.346,140,603
2014-07-04T00:00:00.000+10:00,0.334,140,603
2014-07-05T00:00:00.000+10:00,0.323,140,603
2014-07-06T00:00:00.000+10:00,0.319,140,603
2014-07-07T00:00:00.000+10:00,0.309,140,603
2014-07-08T00:00:00.000+10:00,0.304,140,603
2014-07-09T00:00:00.000+10:00,0.299,140,603
2014-07-10T00:00:00.000+10:00,0.290,140,603
2014-07-11T00:00:00.000+10:00,0.284,140,603
2014-07-12T00:00:00.000+10:00,0.278,140,603
2014-07-13T00:00:00.000+10:00,0.274,140,603
2014-07-14T00:00:00.000+10:00,0.266,140,603
2014-07-15T00:00:00.000+10:00,0.260,140,603
2014-07-16T00:00:00.000+10:00,0.260,140,603
2014-07-17T00:00:00.000+10:00,0.256,140,603
2014-07-18T00:00:00.000+10:00,0.252,140,603
2014-07-19T00:00:00.000+10:00,0.244,140,603
2014-07-20T00:00:00.000+10:00,0.241,140,603
2014-07-21T00:00:00.000+10:00,0.240,140,603
2014-07-22T00:00:00.000+10:00,0.240,140,603
2014-07-23T00:00:00.000+10:00,0.239,140,603
2014-07-24T00:00:00.000+10:00,0.240,140,603
2014-07-25T00:00:00.000+10:00,0.235,140,603
2014-07-26T00:00:00.000+10:00,0.233,140,603
2014-07-27T00:00:00.000+10:00,0.232,140,603
2014-07-28T00:00:00.000+10:00,0.229,140,603
2014-07-29T00:00:00.000+10:00,0.227,140,603
2014-07-30T00:00:00.000+10:00,0.224,140,603
2014-07-31T00:00:00.000+10:00,0.222,140,603
2014-08-01T00:00:00.000+10:00,0.214,140,603
2014-08-02T00:00:00.000+10:00,0.208,140,603
2014-08-03T00:00:00.000+10:00,0.198,140,603
2014-08-04T00:00:00.000+10:00,0.197,140,603
2014-08-05T00:00:00.000+10:00,0.200,140,603
2014-08-06T00:00:00.000+10:00,0.198,140,603
2014-08-07T00:00:00.000+10:00,0.196,140,603
2014-08-08T00:00:00.000+10:00,0.192,140,603
2014-08-09T00:00:00.000+10:00,0.189,140,603
2014-08-10T00:00:00.000+10:00,0.186,140,603
2014-08-11T00:00:00.000+10:00,0.181,140,603
2014-08-12T00:00:00.000+10:00,0.183,140,603
2014-08-13T00:00:00.000+10:00,0.181,140,603
2014-08-14T00:00:00.000+10:00,0.176,140,603
2014-08-15T00:00:00.000+10:00,0.176,140,603
2014-08-16T00:00:00.000+10:00,0.189,140,603
2014-08-17T00:00:00.000+10:00,0.470,140,603
2014-08-18T00:00:00.000+10:00,0.494,140,603
2014-08-19T00:00:00.000+10:00,0.447,140,603
2014-08-20T00:00:00.000+10:00,0.418,140,603
2014-08-21T00:00:00.000+10:00,0.393,140,603
2014-08-22T00:00:00.000+10:00,0.373,140,603
2014-08-23T00:00:00.000+10:00,0.411,140,603
2014-08-24T00:00:00.000+10:00,1.004,140,603
2014-08-25T00:00:00.000+10:00,0.912,140,603
2014-08-26T00:00:00.000+10:00,0.739,140,603
2014-08-27T00:00:00.000+10:00,49.981,140,603
2014-08-28T00:00:00.000+10:00,48.904,140,603
2014-08-29T00:00:00.000+10:00,9.884,140,603
2014-08-30T00:00:00.000+10:00,5.981,140,603
2014-08-31T00:00:00.000+10:00,4.294,140,603
2014-09-01T00:00:00.000+10:00,3.279,140,603
2014-09-02T00:00:00.000+10:00,2.640,140,603
2014-09-03T00:00:00.000+10:00,2.161,140,603
2014-09-04T00:00:00.000+10:00,1.815,140,603
2014-09-05T00:00:00.000+10:00,1.567,140,603
2014-09-06T00:00:00.000+10:00,1.394,140,603
2014-09-07T00:00:00.000+10:00,1.298,140,603
2014-09-08T00:00:00.000+10:00,1.194,140,603
2014-09-09T00:00:00.000+10:00,1.095,140,603
2014-09-10T00:00:00.000+10:00,0.990,140,603
2014-09-11T00:00:00.000+10:00,0.905,140,603
2014-09-12T00:00:00.000+10:00,0.844,140,603
2014-09-13T00:00:00.000+10:00,0.916,140,603
2014-09-14T00:00:00.000+10:00,0.854,140,603
2014-09-15T00:00:00.000+10:00,0.788,140,603
2014-09-16T00:00:00.000+10:00,0.743,140,603
2014-09-17T00:00:00.000+10:00,0.705,140,603
2014-09-18T00:00:00.000+10:00,0.667,140,603
2014-09-19T00:00:00.000+10:00,0.638,140,603
2014-09-20T00:00:00.000+10:00,0.621,140,603
2014-09-21T00:00:00.000+10:00,0.596,140,603
2014-09-22T00:00:00.000+10:00,0.583,140,603
2014-09-23T00:00:00.000+10:00,0.565,140,603
2014-09-24T00:00:00.000+10:00,0.547,140,603
2014-09-25T00:00:00.000+10:00,0.528,140,603
2014-09-26T00:00:00.000+10:00,0.518,140,603
2014-09-27T00:00:00.000+10:00,0.502,140,603
2014-09-28T00:00:00.000+10:00,0.483,140,603
2014-09-29T00:00:00.000+10:00,0.472,140,603
2014-09-30T00:00:00.000+10:00,0.466,140,603
2014-10-01T00:00:00.000+10:00,0.448,140,603
2014-10-02T00:00:00.000+10:00,0.430,140,603
2014-10-03T00:00:00.000+10:00,0.415,140,603
2014-10-04T00:00:00.000+10:00,0.406,140,603
2014-10-05T00:00:00.000+10:00,0.403,140,603
2014-10-06T00:00:00.000+10:00,0.391,140,603
2014-10-07T00:00:00.000+10:00,0.357,140,603
2014-10-08T00:00:00.000+10:00,0.346,140,603
2014-10-09T00:00:00.000+10:00,0.340,140,603
2014-10-10T00:00:00.000+10:00,0.331,140,603
2014-10-11T00:00:00.000+10:00,0.323,140,603
2014-10-12T00:00:00.000+10:00,0.315,140,603
2014-10-13T00:00:00.000+10:00,0.308,140,603
2014-10-14T00:00:00.000+10:00,0.317,140,603
2014-10-15T00:00:00.000+10:00,0.303,140,603
2014-10-16T00:00:00.000+10:00,0.296,140,603
2014-10-17T00:00:00.000+10:00,0.292,140,603
2014-10-18T00:00:00.000+10:00,0.307,140,603
2014-10-19T00:00:00.000+10:00,0.320,140,603
2014-10-20T00:00:00.000+10:00,0.305,140,603
2014-10-21T00:00:00.000+10:00,0.290,140,603
2014-10-22T00:00:00.000+10:00,0.285,140,603
2014-10-23T00:00:00.000+10:00,0.274,140,603
2014-10-24T00:00:00.000+10:00,0.263,140,603
2014-10-25T00:00:00.000+10:00,0.255,140,603
2014-10-26T00:00:00.000+10:00,0.238,140,603
2014-10-27T00:00:00.000+10:00,0.216,140,603
2014-10-28T00:00:00.000+10:00,0.209,140,603
2014-10-29T00:00:00.000+10:00,0.200,140,603
2014-10-30T00:00:00.000+10:00,0.191,140,603
2014-10-31T00:00:00.000+10:00,0.185,140,603
2014-11-01T00:00:00.000+10:00,0.176,140,603
2014-11-02T00:00:00.000+10:00,0.167,140,603
2014-11-03T00:00:00.000+10:00,0.161,140,603
2014-11-04T00:00:00.000+10:00,0.175,140,603
2014-11-05T00:00:00.000+10:00,0.190,140,603
2014-11-06T00:00:00.000+10:00,0.297,140,603
2014-11-07T00:00:00.000+10:00,0.288,140,603
2014-11-08T00:00:00.000+10:00,0.260,140,603
2014-11-09T00:00:00.000+10:00,0.267,140,603
2014-11-10T00:00:00.000+10:00,0.265,140,603
2014-11-11T00:00:00.000+10:00,0.260,140,603
2014-11-12T00:00:00.000+10:00,0.253,140,603
2014-11-13T00:00:00.000+10:00,0.249,140,603
2014-11-14T00:00:00.000+10:00,0.240,140,603
2014-11-15T00:00:00.000+10:00,0.227,140,603
2014-11-16T00:00:00.000+10:00,0.215,140,603
2014-11-17T00:00:00.000+10:00,0.207,140,603
2014-11-18T00:00:00.000+10:00,0.201,140,603
2014-11-19T00:00:00.000+10:00,0.199,140,603
2014-11-20T00:00:00.000+10:00,0.196,140,603
2014-11-21T00:00:00.000+10:00,0.190,140,603
2014-11-22T00:00:00.000+10:00,0.184,140,603
2014-11-23T00:00:00.000+10:00,0.178,140,603
2014-11-24T00:00:00.000+10:00,0.168,140,603
2014-11-25T00:00:00.000+10:00,0.172,140,603
2014-11-26T00:00:00.000+10:00,0.187,140,603
2014-11-27T00:00:00.000+10:00,0.213,140,603
2014-11-28T00:00:00.000+10:00,0.206,140,603
2014-11-29T00:00:00.000+10:00,0.200,140,603
2014-11-30T00:00:00.000+10:00,0.209,140,603
2014-12-01T00:00:00.000+10:00,0.221,140,603
2014-12-02T00:00:00.000+10:00,0.224,140,603
2014-12-03T00:00:00.000+10:00,0.215,140,603
2014-12-04T00:00:00.000+10:00,0.220,140,603
2014-12-05T00:00:00.000+10:00,0.220,140,603
2014-12-06T00:00:00.000+10:00,0.234,140,603
2014-12-07T00:00:00.000+10:00,0.238,140,603
2014-12-08T00:00:00.000+10:00,0.259,140,603
2014-12-09T00:00:00.000+10:00,0.308,140,603
2014-12-10T00:00:00.000+10:00,0.318,140,603
2014-12-11T00:00:00.000+10:00,0.315,140,603
2014-12-12T00:00:00.000+10:00,0.335,140,603
2014-12-13T00:00:00.000+10:00,0.323,140,603
2014-12-14T00:00:00.000+10:00,0.314,140,603
2014-12-15T00:00:00.000+10:00,0.311,140,603
2014-12-16T00:00:00.000+10:00,0.300,140,603
2014-12-17T00:00:00.000+10:00,0.289,140,603
2014-12-18T00:00:00.000+10:00,0.299,140,603
2014-12-19T00:00:00.000+10:00,0.397,140,603
2014-12-20T00:00:00.000+10:00,0.346,140,603
2014-12-21T00:00:00.000+10:00,0.324,140,603
2014-12-22T00:00:00.000+10:00,0.308,140,603
2014-12-23T00:00:00.000+10:00,0.303,140,603
2014-12-24T00:00:00.000+10:00,0.293,140,603
2014-12-25T00:00:00.000+10:00,0.283,140,603
2014-12-26T00:00:00.000+10:00,0.294,140,603
2014-12-27T00:00:00.000+10:00,1.323,140,603
2014-12-28T00:00:00.000+10:00,3.630,140,603
2014-12-29T00:00:00.000+10:00,6.679,140,603
2014-12-30T00:00:00.000+10:00,5.280,140,603
2014-12-31T00:00:00.000+10:00,3.296,140,603
2015-01-01T00:00:00.000+10:00,18.500,140,603
2015-01-02T00:00:00.000+10:00,7.404,140,603
2015-01-03T00:00:00.000+10:00,4.971,140,603
2015-01-04T00:00:00.000+10:00,3.532,140,603
2015-01-05T00:00:00.000+10:00,2.773,140,603
2015-01-06T00:00:00.000+10:00,4.295,140,603
2015-01-07T00:00:00.000+10:00,2.581,140,603
2015-01-08T00:00:00.000+10:00,2.066,140,603
2015-01-09T00:00:00.000+10:00,1.769,140,603
2015-01-10T00:00:00.000+10:00,1.512,140,603
2015-01-11T00:00:00.000+10:00,1.359,140,603
2015-01-12T00:00:00.000+10:00,1.884,140,603
2015-01-13T00:00:00.000+10:00,1.837,140,603
2015-01-14T00:00:00.000+10:00,1.608,140,603
2015-01-15T00:00:00.000+10:00,1.395,140,603
2015-01-16T00:00:00.000+10:00,1.213,140,603
2015-01-17T00:00:00.000+10:00,1.063,140,603
2015-01-18T00:00:00.000+10:00,0.937,140,603
2015-01-19T00:00:00.000+10:00,2.866,140,603
2015-01-20T00:00:00.000+10:00,21.719,140,603
2015-01-21T00:00:00.000+10:00,8.998,140,603
2015-01-22T00:00:00.000+10:00,17.698,140,603
2015-01-23T00:00:00.000+10:00,18.602,140,603
2015-01-24T00:00:00.000+10:00,9.976,140,603
2015-01-25T00:00:00.000+10:00,7.156,140,603
2015-01-26T00:00:00.000+10:00,6.087,140,603
2015-01-27T00:00:00.000+10:00,136.514,140,603
2015-01-28T00:00:00.000+10:00,36.908,140,603
2015-01-29T00:00:00.000+10:00,16.218,140,603
2015-01-30T00:00:00.000+10:00,11.255,140,603
2015-01-31T00:00:00.000+10:00,8.915,140,603
2015-02-01T00:00:00.000+10:00,7.773,140,603
2015-02-02T00:00:00.000+10:00,9.681,140,603
2015-02-03T00:00:00.000+10:00,17.479,140,603
2015-02-04T00:00:00.000+10:00,11.588,140,603
2015-02-05T00:00:00.000+10:00,8.887,140,603
2015-02-06T00:00:00.000+10:00,7.738,140,603
2015-02-07T00:00:00.000+10:00,6.558,140,603
2015-02-08T00:00:00.000+10:00,5.818,140,603
2015-02-09T00:00:00.000+10:00,5.217,140,603
2015-02-10T00:00:00.000+10:00,4.839,140,603
2015-02-11T00:00:00.000+10:00,4.711,140,603
2015-02-12T00:00:00.000+10:00,4.390,140,603
2015-02-13T00:00:00.000+10:00,4.013,140,603
2015-02-14T00:00:00.000+10:00,3.767,140,603
2015-02-15T00:00:00.000+10:00,3.483,140,603
2015-02-16T00:00:00.000+10:00,3.437,140,603
2015-02-17T00:00:00.000+10:00,3.188,140,603
2015-02-18T00:00:00.000+10:00,3.161,140,603
2015-02-19T00:00:00.000+10:00,3.789,140,603
2015-02-20T00:00:00.000+10:00,16.650,140,603
2015-02-21T00:00:00.000+10:00,41.539,140,603
2015-02-22T00:00:00.000+10:00,50.476,140,603
2015-02-23T00:00:00.000+10:00,64.582,140,603
2015-02-24T00:00:00.000+10:00,29.781,140,603
2015-02-25T00:00:00.000+10:00,18.531,140,603
2015-02-26T00:00:00.000+10:00,14.184,140,603
2015-02-27T00:00:00.000+10:00,11.699,140,603
2015-02-28T00:00:00.000+10:00,9.712,140,603
2015-03-01T00:00:00.000+10:00,8.372,140,603
2015-03-02T00:00:00.000+10:00,7.447,140,603
2015-03-03T00:00:00.000+10:00,6.754,140,603
2015-03-04T00:00:00.000+10:00,6.072,140,603
2015-03-05T00:00:00.000+10:00,5.569,140,603
2015-03-06T00:00:00.000+10:00,5.090,140,603
2015-03-07T00:00:00.000+10:00,4.790,140,603
2015-03-08T00:00:00.000+10:00,4.525,140,603
2015-03-09T00:00:00.000+10:00,4.290,140,603
2015-03-10T00:00:00.000+10:00,3.830,140,603
2015-03-11T00:00:00.000+10:00,3.564,140,603
2015-03-12T00:00:00.000+10:00,3.340,140,603
2015-03-13T00:00:00.000+10:00,4.211,140,603
2015-03-14T00:00:00.000+10:00,5.591,140,603
2015-03-15T00:00:00.000+10:00,3.801,140,603
2015-03-16T00:00:00.000+10:00,3.656,140,603
2015-03-17T00:00:00.000+10:00,3.134,140,603
2015-03-18T00:00:00.000+10:00,2.905,140,603
2015-03-19T00:00:00.000+10:00,2.741,140,603
2015-03-20T00:00:00.000+10:00,2.577,140,603
2015-03-21T00:00:00.000+10:00,2.465,140,603
2015-03-22T00:00:00.000+10:00,2.873,140,603
2015-03-23T00:00:00.000+10:00,3.017,140,603
2015-03-24T00:00:00.000+10:00,2.592,140,603
2015-03-25T00:00:00.000+10:00,2.421,140,603
2015-03-26T00:00:00.000+10:00,2.321,140,603
2015-03-27T00:00:00.000+10:00,2.211,140,603
2015-03-28T00:00:00.000+10:00,2.062,140,603
2015-03-29T00:00:00.000+10:00,1.959,140,603
2015-03-30T00:00:00.000+10:00,1.987,140,603
2015-03-31T00:00:00.000+10:00,2.507,140,603
2015-04-01T00:00:00.000+10:00,3.289,140,603
2015-04-02T00:00:00.000+10:00,3.486,140,603
2015-04-03T00:00:00.000+10:00,2.866,140,603
2015-04-04T00:00:00.000+10:00,7.899,140,603
2015-04-05T00:00:00.000+10:00,11.718,140,603
2015-04-06T00:00:00.000+10:00,8.567,140,603
2015-04-07T00:00:00.000+10:00,6.962,140,603
2015-04-08T00:00:00.000+10:00,5.796,140,603
2015-04-09T00:00:00.000+10:00,5.025,140,603
2015-04-10T00:00:00.000+10:00,4.420,140,603
2015-04-11T00:00:00.000+10:00,3.975,140,603
2015-04-12T00:00:00.000+10:00,3.636,140,603
2015-04-13T00:00:00.000+10:00,3.314,140,603
2015-04-14T00:00:00.000+10:00,3.035,140,603
2015-04-15T00:00:00.000+10:00,2.822,140,603
2015-04-16T00:00:00.000+10:00,2.653,140,603
2015-04-17T00:00:00.000+10:00,2.512,140,603
2015-04-18T00:00:00.000+10:00,2.384,140,603
2015-04-19T00:00:00.000+10:00,2.361,140,603
2015-04-20T00:00:00.000+10:00,2.887,140,603
2015-04-21T00:00:00.000+10:00,2.918,140,603
2015-04-22T00:00:00.000+10:00,2.429,140,603
2015-04-23T00:00:00.000+10:00,2.216,140,603
2015-04-24T00:00:00.000+10:00,2.095,140,603
2015-04-25T00:00:00.000+10:00,2.001,140,603
2015-04-26T00:00:00.000+10:00,1.895,140,603
2015-04-27T00:00:00.000+10:00,1.794,140,603
2015-04-28T00:00:00.000+10:00,1.716,140,603
2015-04-29T00:00:00.000+10:00,1.692,140,603
2015-04-30T00:00:00.000+10:00,1.885,140,603
2015-05-01T00:00:00.000+10:00,19.866,140,603
2015-05-02T00:00:00.000+10:00,176.605,140,603
2015-05-03T00:00:00.000+10:00,51.850,140,603
2015-05-04T00:00:00.000+10:00,18.354,140,603
2015-05-05T00:00:00.000+10:00,12.460,140,603
2015-05-06T00:00:00.000+10:00,9.614,140,603
2015-05-07T00:00:00.000+10:00,7.955,140,603
2015-05-08T00:00:00.000+10:00,6.822,140,603
2015-05-09T00:00:00.000+10:00,5.933,140,603
2015-05-10T00:00:00.000+10:00,4.998,140,603
2015-05-11T00:00:00.000+10:00,4.441,140,603
2015-05-12T00:00:00.000+10:00,3.985,140,603
2015-05-13T00:00:00.000+10:00,3.677,140,603
2015-05-14T00:00:00.000+10:00,3.368,140,603
2015-05-15T00:00:00.000+10:00,3.114,140,603
2015-05-16T00:00:00.000+10:00,3.115,140,603
2015-05-17T00:00:00.000+10:00,2.970,140,603
2015-05-18T00:00:00.000+10:00,3.002,140,603
2015-05-19T00:00:00.000+10:00,2.859,140,603
2015-05-20T00:00:00.000+10:00,2.645,140,603
2015-05-21T00:00:00.000+10:00,2.846,140,603
2015-05-22T00:00:00.000+10:00,3.112,140,603
2015-05-23T00:00:00.000+10:00,2.586,140,603
2015-05-24T00:00:00.000+10:00,2.366,140,603
2015-05-25T00:00:00.000+10:00,2.204,140,603
2015-05-26T00:00:00.000+10:00,2.063,140,603
2015-05-27T00:00:00.000+10:00,1.984,140,603
2015-05-28T00:00:00.000+10:00,1.899,140,603
2015-05-29T00:00:00.000+10:00,1.828,140,603
2015-05-30T00:00:00.000+10:00,1.773,140,603
2015-05-31T00:00:00.000+10:00,1.771,140,603
2015-06-01T00:00:00.000+10:00,1.880,140,603
2015-06-02T00:00:00.000+10:00,1.658,140,603
2015-06-03T00:00:00.000+10:00,1.561,140,603
2015-06-04T00:00:00.000+10:00,1.494,140,603
2015-06-05T00:00:00.000+10:00,1.461,140,603
2015-06-06T00:00:00.000+10:00,1.429,140,603
2015-06-07T00:00:00.000+10:00,1.454,140,603
2015-06-08T00:00:00.000+10:00,1.385,140,603
2015-06-09T00:00:00.000+10:00,1.341,140,603
2015-06-10T00:00:00.000+10:00,1.296,140,603
2015-06-11T00:00:00.000+10:00,1.351,140,603
2015-06-12T00:00:00.000+10:00,1.366,140,603
2015-06-13T00:00:00.000+10:00,1.359,140,603
2015-06-14T00:00:00.000+10:00,1.369,140,603
2015-06-15T00:00:00.000+10:00,1.324,140,603
2015-06-16T00:00:00.000+10:00,1.336,140,603
2015-06-17T00:00:00.000+10:00,1.336,140,603
2015-06-18T00:00:00.000+10:00,1.306,140,603
2015-06-19T00:00:00.000+10:00,1.245,140,603
2015-06-20T00:00:00.000+10:00,1.199,140,603
2015-06-21T00:00:00.000+10:00,1.152,140,603
2015-06-22T00:00:00.000+10:00,1.122,140,603
2015-06-23T00:00:00.000+10:00,1.093,140,603
2015-06-24T00:00:00.000+10:00,1.067,140,603
2015-06-25T00:00:00.000+10:00,1.047,140,603
2015-06-26T00:00:00.000+10:00,1.013,140,603
2015-06-27T00:00:00.000+10:00,1.005,140,603
2015-06-28T00:00:00.000+10:00,0.962,140,603
2015-06-29T00:00:00.000+10:00,0.941,140,603
2015-06-30T00:00:00.000+10:00,0.918,140,603
2015-07-01T00:00:00.000+10:00,0.900,140,603
2015-07-02T00:00:00.000+10:00,0.886,140,603
2015-07-03T00:00:00.000+10:00,0.860,140,603
2015-07-04T00:00:00.000+10:00,0.841,140,603
2015-07-05T00:00:00.000+10:00,0.823,140,603
2015-07-06T00:00:00.000+10:00,0.809,140,603
2015-07-07T00:00:00.000+10:00,0.793,140,603
2015-07-08T00:00:00.000+10:00,0.773,140,603
2015-07-09T00:00:00.000+10:00,0.757,140,603
2015-07-10T00:00:00.000+10:00,0.753,140,603
2015-07-11T00:00:00.000+10:00,0.739,140,603
2015-07-12T00:00:00.000+10:00,0.725,140,603
2015-07-13T00:00:00.000+10:00,0.717,140,603
2015-07-14T00:00:00.000+10:00,0.692,140,603
2015-07-15T00:00:00.000+10:00,0.680,140,603
2015-07-16T00:00:00.000+10:00,0.668,140,603
2015-07-17T00:00:00.000+10:00,0.657,140,603
2015-07-18T00:00:00.000+10:00,0.643,140,603
2015-07-19T00:00:00.000+10:00,0.628,140,603
2015-07-20T00:00:00.000+10:00,0.625,140,603
2015-07-21T00:00:00.000+10:00,0.641,140,603
2015-07-22T00:00:00.000+10:00,0.682,140,603
2015-07-23T00:00:00.000+10:00,0.661,140,603
2015-07-24T00:00:00.000+10:00,0.652,140,603
2015-07-25T00:00:00.000+10:00,0.640,140,603
2015-07-26T00:00:00.000+10:00,0.626,140,603
2015-07-27T00:00:00.000+10:00,0.606,140,603
2015-07-28T00:00:00.000+10:00,0.591,140,603
2015-07-29T00:00:00.000+10:00,0.575,140,603
2015-07-30T00:00:00.000+10:00,0.566,140,603
2015-07-31T00:00:00.000+10:00,0.558,140,603
2015-08-01T00:00:00.000+10:00,0.548,140,603
2015-08-02T00:00:00.000+10:00,0.537,140,603
2015-08-03T00:00:00.000+10:00,0.523,140,603
2015-08-04T00:00:00.000+10:00,0.514,140,603
2015-08-05T00:00:00.000+10:00,0.501,140,603
2015-08-06T00:00:00.000+10:00,0.491,140,603
2015-08-07T00:00:00.000+10:00,0.480,140,603
2015-08-08T00:00:00.000+10:00,0.468,140,603
2015-08-09T00:00:00.000+10:00,0.474,140,603
2015-08-10T00:00:00.000+10:00,0.470,140,603
2015-08-11T00:00:00.000+10:00,0.461,140,603
2015-08-12T00:00:00.000+10:00,0.444,140,603
2015-08-13T00:00:00.000+10:00,0.430,140,603
2015-08-14T00:00:00.000+10:00,0.416,140,603
2015-08-15T00:00:00.000+10:00,0.410,140,603
2015-08-16T00:00:00.000+10:00,0.410,140,603
2015-08-17T00:00:00.000+10:00,0.411,140,603
2015-08-18T00:00:00.000+10:00,0.407,140,603
2015-08-19T00:00:00.000+10:00,0.396,140,603
2015-08-20T00:00:00.000+10:00,0.390,140,603
2015-08-21T00:00:00.000+10:00,0.381,140,603
2015-08-22T00:00:00.000+10:00,0.377,140,603
2015-08-23T00:00:00.000+10:00,0.383,140,603
2015-08-24T00:00:00.000+10:00,0.564,140,603
2015-08-25T00:00:00.000+10:00,0.665,140,603
2015-08-26T00:00:00.000+10:00,0.631,140,603
2015-08-27T00:00:00.000+10:00,0.586,140,603
2015-08-28T00:00:00.000+10:00,0.560,140,603
2015-08-29T00:00:00.000+10:00,0.539,140,603
2015-08-30T00:00:00.000+10:00,0.523,140,603
2015-08-31T00:00:00.000+10:00,0.511,140,603
2015-09-01T00:00:00.000+10:00,0.501,140,603
2015-09-02T00:00:00.000+10:00,0.491,140,603
2015-09-03T00:00:00.000+10:00,0.479,140,603
2015-09-04T00:00:00.000+10:00,0.461,140,603
2015-09-05T00:00:00.000+10:00,0.451,140,603
2015-09-06T00:00:00.000+10:00,0.442,140,603
2015-09-07T00:00:00.000+10:00,0.433,140,603
2015-09-08T00:00:00.000+10:00,0.423,140,603
2015-09-09T00:00:00.000+10:00,0.415,140,603
2015-09-10T00:00:00.000+10:00,0.405,140,603
2015-09-11T00:00:00.000+10:00,0.397,140,603
2015-09-12T00:00:00.000+10:00,0.388,140,603
2015-09-13T00:00:00.000+10:00,0.379,140,603
2015-09-14T00:00:00.000+10:00,0.370,140,603
2015-09-15T00:00:00.000+10:00,0.363,140,603
2015-09-16T00:00:00.000+10:00,0.359,140,603
2015-09-17T00:00:00.000+10:00,0.378,140,603
2015-09-18T00:00:00.000+10:00,0.484,140,603
2015-09-19T00:00:00.000+10:00,0.503,140,603
2015-09-20T00:00:00.000+10:00,0.491,140,603
2015-09-21T00:00:00.000+10:00,0.510,140,603
2015-09-22T00:00:00.000+10:00,0.506,140,603
2015-09-23T00:00:00.000+10:00,0.491,140,603
2015-09-24T00:00:00.000+10:00,0.468,140,603
2015-09-25T00:00:00.000+10:00,0.472,140,603
2015-09-26T00:00:00.000+10:00,1.442,140,603
2015-09-27T00:00:00.000+10:00,1.150,140,603
2015-09-28T00:00:00.000+10:00,0.778,140,603
2015-09-29T00:00:00.000+10:00,0.669,140,603
2015-09-30T00:00:00.000+10:00,0.614,140,603
2015-10-01T00:00:00.000+10:00,0.576,140,603
2015-10-02T00:00:00.000+10:00,0.547,140,603
2015-10-03T00:00:00.000+10:00,0.524,140,603
2015-10-04T00:00:00.000+10:00,0.504,140,603
2015-10-05T00:00:00.000+10:00,0.481,140,603
2015-10-06T00:00:00.000+10:00,0.458,140,603
2015-10-07T00:00:00.000+10:00,0.436,140,603
2015-10-08T00:00:00.000+10:00,0.421,140,603
2015-10-09T00:00:00.000+10:00,0.418,140,603
2015-10-10T00:00:00.000+10:00,0.406,140,603
2015-10-11T00:00:00.000+10:00,0.389,140,603
2015-10-12T00:00:00.000+10:00,0.382,140,603
2015-10-13T00:00:00.000+10:00,0.373,140,603
2015-10-14T00:00:00.000+10:00,0.372,140,603
2015-10-15T00:00:00.000+10:00,0.381,140,603
2015-10-16T00:00:00.000+10:00,0.370,140,603
2015-10-17T00:00:00.000+10:00,0.364,140,603
2015-10-18T00:00:00.000+10:00,0.358,140,603
2015-10-19T00:00:00.000+10:00,0.345,140,603
2015-10-20T00:00:00.000+10:00,0.332,140,603
2015-10-21T00:00:00.000+10:00,0.326,140,603
2015-10-22T00:00:00.000+10:00,0.321,140,603
2015-10-23T00:00:00.000+10:00,0.316,140,603
2015-10-24T00:00:00.000+10:00,0.311,140,603
2015-10-25T00:00:00.000+10:00,0.307,140,603
2015-10-26T00:00:00.000+10:00,0.301,140,603
2015-10-27T00:00:00.000+10:00,0.297,140,603
2015-10-28T00:00:00.000+10:00,0.292,140,603
2015-10-29T00:00:00.000+10:00,0.287,140,603
2015-10-30T00:00:00.000+10:00,0.283,140,603
2015-10-31T00:00:00.000+10:00,0.278,140,603
2015-11-01T00:00:00.000+10:00,0.274,140,603
2015-11-02T00:00:00.000+10:00,0.269,140,603
2015-11-03T00:00:00.000+10:00,0.269,140,603
2015-11-04T00:00:00.000+10:00,0.289,140,603
2015-11-05T00:00:00.000+10:00,0.356,140,603
2015-11-06T00:00:00.000+10:00,0.436,140,603
2015-11-07T00:00:00.000+10:00,0.571,140,603
2015-11-08T00:00:00.000+10:00,0.946,140,603
2015-11-09T00:00:00.000+10:00,0.936,140,603
2015-11-10T00:00:00.000+10:00,0.659,140,603
2015-11-11T00:00:00.000+10:00,0.540,140,603
2015-11-12T00:00:00.000+10:00,0.748,140,603
2015-11-13T00:00:00.000+10:00,1.139,140,603
2015-11-14T00:00:00.000+10:00,1.972,140,603
2015-11-15T00:00:00.000+10:00,2.995,140,603
2015-11-16T00:00:00.000+10:00,2.219,140,603
2015-11-17T00:00:00.000+10:00,1.496,140,603
2015-11-18T00:00:00.000+10:00,1.175,140,603
2015-11-19T00:00:00.000+10:00,0.989,140,603
2015-11-20T00:00:00.000+10:00,0.851,140,603
2015-11-21T00:00:00.000+10:00,0.748,140,603
2015-11-22T00:00:00.000+10:00,0.690,140,603
2015-11-23T00:00:00.000+10:00,0.644,140,603
2015-11-24T00:00:00.000+10:00,0.589,140,603
2015-11-25T00:00:00.000+10:00,0.536,140,603
2015-11-26T00:00:00.000+10:00,0.494,140,603
2015-11-27T00:00:00.000+10:00,0.467,140,603
2015-11-28T00:00:00.000+10:00,0.464,140,603
2015-11-29T00:00:00.000+10:00,0.730,140,603
2015-11-30T00:00:00.000+10:00,2.200,140,603
2015-12-01T00:00:00.000+10:00,1.023,140,603
2015-12-02T00:00:00.000+10:00,2.609,140,603
2015-12-03T00:00:00.000+10:00,7.215,140,603
2015-12-04T00:00:00.000+10:00,3.101,140,603
2015-12-05T00:00:00.000+10:00,2.347,140,603
2015-12-06T00:00:00.000+10:00,1.931,140,603
2015-12-07T00:00:00.000+10:00,1.645,140,603
2015-12-08T00:00:00.000+10:00,1.446,140,603
2015-12-09T00:00:00.000+10:00,1.301,140,603
2015-12-10T00:00:00.000+10:00,1.200,140,603
2015-12-11T00:00:00.000+10:00,1.092,140,603
2015-12-12T00:00:00.000+10:00,1.010,140,603
2015-12-13T00:00:00.000+10:00,0.957,140,603
2015-12-14T00:00:00.000+10:00,0.910,140,603
2015-12-15T00:00:00.000+10:00,0.868,140,603
2015-12-16T00:00:00.000+10:00,0.843,140,603
2015-12-17T00:00:00.000+10:00,0.855,140,603
2015-12-18T00:00:00.000+10:00,0.824,140,603
2015-12-19T00:00:00.000+10:00,0.782,140,603
2015-12-20T00:00:00.000+10:00,0.740,140,603
2015-12-21T00:00:00.000+10:00,0.708,140,603
2015-12-22T00:00:00.000+10:00,0.685,140,603
2015-12-23T00:00:00.000+10:00,0.752,140,603
2015-12-24T00:00:00.000+10:00,4.991,140,603
2015-12-25T00:00:00.000+10:00,5.897,140,603
2015-12-26T00:00:00.000+10:00,2.871,140,603
2015-12-27T00:00:00.000+10:00,2.130,140,603
2015-12-28T00:00:00.000+10:00,1.767,140,603
2015-12-29T00:00:00.000+10:00,1.517,140,603
2015-12-30T00:00:00.000+10:00,1.357,140,603
2015-12-31T00:00:00.000+10:00,1.223,140,603
2016-01-01T00:00:00.000+10:00,1.126,140,603
2016-01-02T00:00:00.000+10:00,1.047,140,603
2016-01-03T00:00:00.000+10:00,0.994,140,603
2016-01-04T00:00:00.000+10:00,0.974,140,603
2016-01-05T00:00:00.000+10:00,0.958,140,603
2016-01-06T00:00:00.000+10:00,1.099,140,603
2016-01-07T00:00:00.000+10:00,0.971,140,603
2016-01-08T00:00:00.000+10:00,0.867,140,603
2016-01-09T00:00:00.000+10:00,0.811,140,603
2016-01-10T00:00:00.000+10:00,0.773,140,603
2016-01-11T00:00:00.000+10:00,0.740,140,603
2016-01-12T00:00:00.000+10:00,0.713,140,603
2016-01-13T00:00:00.000+10:00,0.684,140,603
2016-01-14T00:00:00.000+10:00,0.690,140,603
2016-01-15T00:00:00.000+10:00,0.715,140,603
2016-01-16T00:00:00.000+10:00,0.761,140,603
2016-01-17T00:00:00.000+10:00,0.818,140,603
2016-01-18T00:00:00.000+10:00,0.825,140,603
2016-01-19T00:00:00.000+10:00,0.806,140,603
2016-01-20T00:00:00.000+10:00,0.819,140,603
2016-01-21T00:00:00.000+10:00,0.810,140,603
2016-01-22T00:00:00.000+10:00,0.800,140,603
2016-01-23T00:00:00.000+10:00,0.814,140,603
2016-01-24T00:00:00.000+10:00,0.824,140,603
2016-01-25T00:00:00.000+10:00,0.818,140,603
2016-01-26T00:00:00.000+10:00,1.063,140,603
2016-01-27T00:00:00.000+10:00,1.571,140,603
2016-01-28T00:00:00.000+10:00,1.034,140,603
2016-01-29T00:00:00.000+10:00,0.955,140,603
2016-01-30T00:00:00.000+10:00,0.921,140,603
2016-01-31T00:00:00.000+10:00,0.872,140,603
2016-02-01T00:00:00.000+10:00,0.828,140,603
2016-02-02T00:00:00.000+10:00,0.784,140,603
2016-02-03T00:00:00.000+10:00,0.742,140,603
2016-02-04T00:00:00.000+10:00,0.702,140,603
2016-02-05T00:00:00.000+10:00,0.676,140,603
2016-02-06T00:00:00.000+10:00,1.454,140,603
2016-02-07T00:00:00.000+10:00,2.079,140,603
2016-02-08T00:00:00.000+10:00,1.287,140,603
2016-02-09T00:00:00.000+10:00,1.129,140,603
2016-02-10T00:00:00.000+10:00,1.030,140,603
2016-02-11T00:00:00.000+10:00,0.945,140,603
2016-02-12T00:00:00.000+10:00,0.882,140,603
2016-02-13T00:00:00.000+10:00,0.831,140,603
2016-02-14T00:00:00.000+10:00,0.794,140,603
2016-02-15T00:00:00.000+10:00,0.755,140,603
2016-02-16T00:00:00.000+10:00,0.724,140,603
2016-02-17T00:00:00.000+10:00,0.698,140,603
2016-02-18T00:00:00.000+10:00,0.678,140,603
2016-02-19T00:00:00.000+10:00,0.657,140,603
2016-02-20T00:00:00.000+10:00,0.631,140,603
2016-02-21T00:00:00.000+10:00,0.607,140,603
2016-02-22T00:00:00.000+10:00,0.585,140,603
2016-02-23T00:00:00.000+10:00,0.577,140,603
2016-02-24T00:00:00.000+10:00,0.562,140,603
2016-02-25T00:00:00.000+10:00,0.540,140,603
2016-02-26T00:00:00.000+10:00,0.524,140,603
2016-02-27T00:00:00.000+10:00,0.508,140,603
2016-02-28T00:00:00.000+10:00,0.499,140,603
2016-02-29T00:00:00.000+10:00,0.487,140,603
2016-03-01T00:00:00.000+10:00,0.472,140,603
2016-03-02T00:00:00.000+10:00,0.462,140,603
2016-03-03T00:00:00.000+10:00,0.452,140,603
2016-03-04T00:00:00.000+10:00,0.437,140,603
2016-03-05T00:00:00.000+10:00,0.428,140,603
2016-03-06T00:00:00.000+10:00,0.419,140,603
2016-03-07T00:00:00.000+10:00,0.410,140,603
2016-03-08T00:00:00.000+10:00,0.402,140,603
2016-03-09T00:00:00.000+10:00,0.394,140,603
2016-03-10T00:00:00.000+10:00,0.385,140,603
2016-03-11T00:00:00.000+10:00,0.377,140,603
2016-03-12T00:00:00.000+10:00,0.369,140,603
2016-03-13T00:00:00.000+10:00,0.362,140,603
2016-03-14T00:00:00.000+10:00,0.353,140,603
2016-03-15T00:00:00.000+10:00,0.345,140,603
2016-03-16T00:00:00.000+10:00,0.346,140,603
2016-03-17T00:00:00.000+10:00,0.336,140,603
2016-03-18T00:00:00.000+10:00,0.332,140,603
2016-03-19T00:00:00.000+10:00,0.333,140,603
2016-03-20T00:00:00.000+10:00,0.325,140,603
2016-03-21T00:00:00.000+10:00,0.323,140,603
2016-03-22T00:00:00.000+10:00,0.319,140,603
2016-03-23T00:00:00.000+10:00,0.306,140,603
2016-03-24T00:00:00.000+10:00,0.294,140,603
2016-03-25T00:00:00.000+10:00,0.286,140,603
2016-03-26T00:00:00.000+10:00,0.280,140,603
2016-03-27T00:00:00.000+10:00,0.280,140,603
2016-03-28T00:00:00.000+10:00,0.263,140,603
2016-03-29T00:00:00.000+10:00,0.258,140,603
2016-03-30T00:00:00.000+10:00,0.265,140,603
2016-03-31T00:00:00.000+10:00,0.256,140,603
2016-04-01T00:00:00.000+10:00,0.252,140,603
2016-04-02T00:00:00.000+10:00,0.248,140,603
2016-04-03T00:00:00.000+10:00,0.242,140,603
2016-04-04T00:00:00.000+10:00,0.238,140,603
2016-04-05T00:00:00.000+10:00,0.232,140,603
2016-04-06T00:00:00.000+10:00,0.227,140,603
2016-04-07T00:00:00.000+10:00,0.231,140,603
2016-04-08T00:00:00.000+10:00,0.228,140,603
2016-04-09T00:00:00.000+10:00,0.233,140,603
2016-04-10T00:00:00.000+10:00,0.233,140,603
2016-04-11T00:00:00.000+10:00,0.222,140,603
2016-04-12T00:00:00.000+10:00,0.233,140,603
2016-04-13T00:00:00.000+10:00,0.284,140,603
2016-04-14T00:00:00.000+10:00,0.301,140,603
2016-04-15T00:00:00.000+10:00,0.286,140,603
2016-04-16T00:00:00.000+10:00,0.286,140,603
2016-04-17T00:00:00.000+10:00,0.298,140,603
2016-04-18T00:00:00.000+10:00,0.310,140,603
2016-04-19T00:00:00.000+10:00,0.307,140,603
2016-04-20T00:00:00.000+10:00,0.300,140,603
2016-04-21T00:00:00.000+10:00,0.283,140,603
2016-04-22T00:00:00.000+10:00,0.274,140,603
2016-04-23T00:00:00.000+10:00,0.297,140,603
2016-04-24T00:00:00.000+10:00,0.282,140,603
2016-04-25T00:00:00.000+10:00,0.536,140,603
2016-04-26T00:00:00.000+10:00,0.944,140,603
2016-04-27T00:00:00.000+10:00,0.753,140,603
2016-04-28T00:00:00.000+10:00,0.672,140,603
2016-04-29T00:00:00.000+10:00,0.609,140,603
2016-04-30T00:00:00.000+10:00,0.560,140,603
2016-05-01T00:00:00.000+10:00,0.532,140,603
2016-05-02T00:00:00.000+10:00,0.527,140,603
2016-05-03T00:00:00.000+10:00,0.527,140,603
2016-05-04T00:00:00.000+10:00,0.515,140,603
2016-05-05T00:00:00.000+10:00,0.493,140,603
2016-05-06T00:00:00.000+10:00,0.476,140,603
2016-05-07T00:00:00.000+10:00,0.459,140,603
2016-05-08T00:00:00.000+10:00,0.442,140,603
2016-05-09T00:00:00.000+10:00,0.426,140,603
2016-05-10T00:00:00.000+10:00,0.410,140,603
2016-05-11T00:00:00.000+10:00,0.395,140,603
2016-05-12T00:00:00.000+10:00,0.379,140,603
2016-05-13T00:00:00.000+10:00,0.365,140,603
2016-05-14T00:00:00.000+10:00,0.350,140,603
2016-05-15T00:00:00.000+10:00,0.336,140,603
2016-05-16T00:00:00.000+10:00,0.322,140,603
2016-05-17T00:00:00.000+10:00,0.309,140,603
2016-05-18T00:00:00.000+10:00,0.298,140,603
2016-05-19T00:00:00.000+10:00,0.286,140,603
2016-05-20T00:00:00.000+10:00,0.277,140,603
2016-05-21T00:00:00.000+10:00,0.269,140,603
2016-05-22T00:00:00.000+10:00,0.262,140,603
2016-05-23T00:00:00.000+10:00,0.254,140,603
2016-05-24T00:00:00.000+10:00,0.246,140,603
2016-05-25T00:00:00.000+10:00,0.239,140,603
2016-05-26T00:00:00.000+10:00,0.235,140,603
2016-05-27T00:00:00.000+10:00,0.231,140,603
2016-05-28T00:00:00.000+10:00,0.221,140,603
2016-05-29T00:00:00.000+10:00,0.214,140,603
2016-05-30T00:00:00.000+10:00,0.210,140,603
2016-05-31T00:00:00.000+10:00,0.208,140,603
2016-06-01T00:00:00.000+10:00,0.206,140,603
2016-06-02T00:00:00.000+10:00,0.204,140,603
2016-06-03T00:00:00.000+10:00,0.206,140,603
2016-06-04T00:00:00.000+10:00,20.741,140,603
2016-06-05T00:00:00.000+10:00,156.184,140,603
2016-06-06T00:00:00.000+10:00,14.237,140,603
2016-06-07T00:00:00.000+10:00,7.509,140,603
2016-06-08T00:00:00.000+10:00,4.734,140,603
2016-06-09T00:00:00.000+10:00,3.538,140,603
2016-06-10T00:00:00.000+10:00,2.809,140,603
2016-06-11T00:00:00.000+10:00,2.338,140,603
2016-06-12T00:00:00.000+10:00,2.010,140,603
2016-06-13T00:00:00.000+10:00,1.777,140,603
2016-06-14T00:00:00.000+10:00,1.610,140,603
2016-06-15T00:00:00.000+10:00,1.457,140,603
2016-06-16T00:00:00.000+10:00,1.321,140,603
2016-06-17T00:00:00.000+10:00,1.219,140,603
2016-06-18T00:00:00.000+10:00,1.142,140,603
2016-06-19T00:00:00.000+10:00,4.810,140,603
2016-06-20T00:00:00.000+10:00,12.776,140,603
2016-06-21T00:00:00.000+10:00,5.756,140,603
2016-06-22T00:00:00.000+10:00,3.919,140,603
2016-06-23T00:00:00.000+10:00,3.123,140,603
2016-06-24T00:00:00.000+10:00,2.602,140,603
2016-06-25T00:00:00.000+10:00,2.180,140,603
2016-06-26T00:00:00.000+10:00,1.897,140,603
2016-06-27T00:00:00.000+10:00,1.707,140,603
2016-06-28T00:00:00.000+10:00,1.528,140,603
2016-06-29T00:00:00.000+10:00,1.371,140,603
2016-06-30T00:00:00.000+10:00,1.263,140,603
2016-07-01T00:00:00.000+10:00,1.180,140,603
2016-07-02T00:00:00.000+10:00,1.111,140,603
2016-07-03T00:00:00.000+10:00,1.055,140,603
2016-07-04T00:00:00.000+10:00,1.011,140,603
2016-07-05T00:00:00.000+10:00,1.026,140,603
2016-07-06T00:00:00.000+10:00,1.021,140,603
2016-07-07T00:00:00.000+10:00,0.946,140,603
2016-07-08T00:00:00.000+10:00,0.906,140,603
2016-07-09T00:00:00.000+10:00,0.880,140,603
2016-07-10T00:00:00.000+10:00,0.854,140,603
2016-07-11T00:00:00.000+10:00,0.834,140,603
2016-07-12T00:00:00.000+10:00,0.812,140,603
2016-07-13T00:00:00.000+10:00,0.793,140,603
2016-07-14T00:00:00.000+10:00,0.772,140,603
2016-07-15T00:00:00.000+10:00,0.756,140,603
2016-07-16T00:00:00.000+10:00,0.736,140,603
2016-07-17T00:00:00.000+10:00,0.729,140,603
2016-07-18T00:00:00.000+10:00,0.718,140,603
2016-07-19T00:00:00.000+10:00,0.708,140,603
2016-07-20T00:00:00.000+10:00,0.694,140,603
2016-07-21T00:00:00.000+10:00,0.696,140,603
2016-07-22T00:00:00.000+10:00,0.703,140,603
2016-07-23T00:00:00.000+10:00,0.690,140,603
2016-07-24T00:00:00.000+10:00,0.678,140,603
2016-07-25T00:00:00.000+10:00,0.670,140,603
2016-07-26T00:00:00.000+10:00,0.655,140,603
2016-07-27T00:00:00.000+10:00,0.647,140,603
2016-07-28T00:00:00.000+10:00,0.634,140,603
2016-07-29T00:00:00.000+10:00,0.626,140,603
2016-07-30T00:00:00.000+10:00,0.617,140,603
2016-07-31T00:00:00.000+10:00,0.606,140,603
2016-08-01T00:00:00.000+10:00,0.595,140,603
2016-08-02T00:00:00.000+10:00,0.589,140,603
2016-08-03T00:00:00.000+10:00,16.408,140,603
2016-08-04T00:00:00.000+10:00,51.295,140,603
2016-08-05T00:00:00.000+10:00,9.585,140,603
2016-08-06T00:00:00.000+10:00,5.580,140,603
2016-08-07T00:00:00.000+10:00,3.941,140,603
2016-08-08T00:00:00.000+10:00,3.158,140,603
2016-08-09T00:00:00.000+10:00,2.644,140,603
2016-08-10T00:00:00.000+10:00,2.294,140,603
2016-08-11T00:00:00.000+10:00,2.030,140,603
2016-08-12T00:00:00.000+10:00,1.818,140,603
2016-08-13T00:00:00.000+10:00,1.625,140,603
2016-08-14T00:00:00.000+10:00,1.475,140,603
2016-08-15T00:00:00.000+10:00,1.387,140,603
2016-08-16T00:00:00.000+10:00,1.289,140,603
2016-08-17T00:00:00.000+10:00,1.201,140,603
2016-08-18T00:00:00.000+10:00,1.145,140,603
2016-08-19T00:00:00.000+10:00,1.106,140,603
2016-08-20T00:00:00.000+10:00,1.053,140,603
2016-08-21T00:00:00.000+10:00,0.992,140,603
2016-08-22T00:00:00.000+10:00,0.965,140,603
2016-08-23T00:00:00.000+10:00,1.073,140,603
2016-08-24T00:00:00.000+10:00,1.536,140,603
2016-08-25T00:00:00.000+10:00,1.912,140,603
2016-08-26T00:00:00.000+10:00,1.453,140,603
2016-08-27T00:00:00.000+10:00,1.272,140,603
2016-08-28T00:00:00.000+10:00,1.174,140,603
2016-08-29T00:00:00.000+10:00,1.113,140,603
2016-08-30T00:00:00.000+10:00,1.063,140,603
2016-08-31T00:00:00.000+10:00,1.015,140,603
2016-09-01T00:00:00.000+10:00,0.972,140,603
2016-09-02T00:00:00.000+10:00,0.936,140,603
2016-09-03T00:00:00.000+10:00,0.918,140,603
2016-09-04T00:00:00.000+10:00,0.864,140,603
2016-09-05T00:00:00.000+10:00,0.814,140,603
2016-09-06T00:00:00.000+10:00,0.780,140,603
2016-09-07T00:00:00.000+10:00,0.755,140,603
2016-09-08T00:00:00.000+10:00,0.733,140,603
2016-09-09T00:00:00.000+10:00,0.722,140,603
2016-09-10T00:00:00.000+10:00,0.717,140,603
2016-09-11T00:00:00.000+10:00,0.746,140,603
2016-09-12T00:00:00.000+10:00,0.710,140,603
2016-09-13T00:00:00.000+10:00,0.678,140,603
2016-09-14T00:00:00.000+10:00,0.652,140,603
2016-09-15T00:00:00.000+10:00,0.648,140,603
2016-09-16T00:00:00.000+10:00,0.673,140,603
2016-09-17T00:00:00.000+10:00,0.682,140,603
2016-09-18T00:00:00.000+10:00,0.666,140,603
2016-09-19T00:00:00.000+10:00,0.654,140,603
2016-09-20T00:00:00.000+10:00,0.628,140,603
2016-09-21T00:00:00.000+10:00,0.636,140,603
2016-09-22T00:00:00.000+10:00,0.632,140,603
2016-09-23T00:00:00.000+10:00,0.609,140,603
2016-09-24T00:00:00.000+10:00,0.593,140,603
2016-09-25T00:00:00.000+10:00,0.578,140,603
2016-09-26T00:00:00.000+10:00,0.563,140,603
2016-09-27T00:00:00.000+10:00,0.545,140,603
2016-09-28T00:00:00.000+10:00,0.527,140,603
2016-09-29T00:00:00.000+10:00,0.510,140,603
2016-09-30T00:00:00.000+10:00,0.495,140,603
2016-10-01T00:00:00.000+10:00,0.479,140,603
2016-10-02T00:00:00.000+10:00,0.467,140,603
2016-10-03T00:00:00.000+10:00,0.453,140,603
2016-10-04T00:00:00.000+10:00,0.438,140,603
2016-10-05T00:00:00.000+10:00,0.431,140,603
2016-10-06T00:00:00.000+10:00,0.430,140,603
2016-10-07T00:00:00.000+10:00,0.414,140,603
2016-10-08T00:00:00.000+10:00,0.399,140,603
2016-10-09T00:00:00.000+10:00,0.390,140,603
2016-10-10T00:00:00.000+10:00,0.384,140,603
2016-10-11T00:00:00.000+10:00,0.373,140,603
2016-10-12T00:00:00.000+10:00,0.352,140,603
2016-10-13T00:00:00.000+10:00,0.344,140,603
2016-10-14T00:00:00.000+10:00,0.354,140,603
2016-10-15T00:00:00.000+10:00,0.347,140,603
2016-10-16T00:00:00.000+10:00,0.338,140,603
2016-10-17T00:00:00.000+10:00,0.345,140,603
2016-10-18T00:00:00.000+10:00,0.339,140,603
2016-10-19T00:00:00.000+10:00,0.329,140,603
2016-10-20T00:00:00.000+10:00,0.320,140,603
2016-10-21T00:00:00.000+10:00,0.323,140,603
2016-10-22T00:00:00.000+10:00,0.322,140,603
2016-10-23T00:00:00.000+10:00,0.311,140,603
2016-10-24T00:00:00.000+10:00,0.298,140,603
2016-10-25T00:00:00.000+10:00,0.291,140,603
2016-10-26T00:00:00.000+10:00,0.284,140,603
2016-10-27T00:00:00.000+10:00,0.274,140,603
2016-10-28T00:00:00.000+10:00,0.266,140,603
2016-10-29T00:00:00.000+10:00,0.263,140,603
2016-10-30T00:00:00.000+10:00,0.262,140,603
2016-10-31T00:00:00.000+10:00,0.256,140,603
2016-11-01T00:00:00.000+10:00,0.295,140,603
2016-11-02T00:00:00.000+10:00,0.440,140,603
2016-11-03T00:00:00.000+10:00,0.326,140,603
2016-11-04T00:00:00.000+10:00,0.287,140,603
2016-11-05T00:00:00.000+10:00,0.277,140,603
2016-11-06T00:00:00.000+10:00,0.271,140,603
2016-11-07T00:00:00.000+10:00,0.265,140,603
2016-11-08T00:00:00.000+10:00,0.259,140,603
2016-11-09T00:00:00.000+10:00,0.270,140,603
2016-11-10T00:00:00.000+10:00,0.343,140,603
2016-11-11T00:00:00.000+10:00,0.268,140,603
2016-11-12T00:00:00.000+10:00,0.223,140,603
2016-11-13T00:00:00.000+10:00,0.225,140,603
2016-11-14T00:00:00.000+10:00,0.230,140,603
2016-11-15T00:00:00.000+10:00,0.214,140,603
2016-11-16T00:00:00.000+10:00,0.206,140,603
2016-11-17T00:00:00.000+10:00,0.200,140,603
2016-11-18T00:00:00.000+10:00,0.193,140,603
2016-11-19T00:00:00.000+10:00,0.185,140,603
2016-11-20T00:00:00.000+10:00,0.180,140,603
2016-11-21T00:00:00.000+10:00,0.172,140,603
2016-11-22T00:00:00.000+10:00,0.163,140,603
2016-11-23T00:00:00.000+10:00,0.154,140,603
2016-11-24T00:00:00.000+10:00,0.150,140,603
2016-11-25T00:00:00.000+10:00,0.148,140,603
2016-11-26T00:00:00.000+10:00,0.142,140,603
2016-11-27T00:00:00.000+10:00,0.136,140,603
2016-11-28T00:00:00.000+10:00,0.135,140,603
2016-11-29T00:00:00.000+10:00,0.134,140,603
2016-11-30T00:00:00.000+10:00,0.132,140,603
2016-12-01T00:00:00.000+10:00,0.131,140,603
2016-12-02T00:00:00.000+10:00,0.129,140,603
2016-12-03T00:00:00.000+10:00,0.137,140,603
2016-12-04T00:00:00.000+10:00,0.136,140,603
2016-12-05T00:00:00.000+10:00,0.147,140,603
2016-12-06T00:00:00.000+10:00,0.223,140,603
2016-12-07T00:00:00.000+10:00,0.251,140,603
2016-12-08T00:00:00.000+10:00,0.186,140,603
2016-12-09T00:00:00.000+10:00,0.203,140,603
2016-12-10T00:00:00.000+10:00,0.226,140,603
2016-12-11T00:00:00.000+10:00,0.224,140,603
2016-12-12T00:00:00.000+10:00,0.194,140,603
2016-12-13T00:00:00.000+10:00,0.169,140,603
2016-12-14T00:00:00.000+10:00,0.157,140,603
2016-12-15T00:00:00.000+10:00,0.154,140,603
2016-12-16T00:00:00.000+10:00,0.150,140,603
2016-12-17T00:00:00.000+10:00,0.141,140,603
2016-12-18T00:00:00.000+10:00,0.135,140,603
2016-12-19T00:00:00.000+10:00,0.132,140,603
2016-12-20T00:00:00.000+10:00,0.128,140,603
2016-12-21T00:00:00.000+10:00,0.126,140,603
2016-12-22T00:00:00.000+10:00,0.125,140,603
2016-12-23T00:00:00.000+10:00,0.124,140,603
2016-12-24T00:00:00.000+10:00,0.123,140,603
2016-12-25T00:00:00.000+10:00,0.121,140,603
2016-12-26T00:00:00.000+10:00,0.120,140,603
2016-12-27T00:00:00.000+10:00,0.122,140,603
2016-12-28T00:00:00.000+10:00,0.126,140,603
2016-12-29T00:00:00.000+10:00,0.132,140,603
2016-12-30T00:00:00.000+10:00,0.141,140,603
2016-12-31T00:00:00.000+10:00,0.150,140,603
2017-01-01T00:00:00.000+10:00,0.160,140,603
2017-01-02T00:00:00.000+10:00,0.180,140,603
2017-01-03T00:00:00.000+10:00,0.196,140,603
2017-01-04T00:00:00.000+10:00,0.192,140,603
2017-01-05T00:00:00.000+10:00,0.196,140,603
2017-01-06T00:00:00.000+10:00,0.219,140,603
2017-01-07T00:00:00.000+10:00,0.189,140,603
2017-01-08T00:00:00.000+10:00,0.167,140,603
2017-01-09T00:00:00.000+10:00,0.150,140,603
2017-01-10T00:00:00.000+10:00,0.136,140,603
2017-01-11T00:00:00.000+10:00,0.152,140,603
2017-01-12T00:00:00.000+10:00,0.148,140,603
2017-01-13T00:00:00.000+10:00,0.158,140,603
2017-01-14T00:00:00.000+10:00,0.254,140,603
2017-01-15T00:00:00.000+10:00,15.037,140,603
2017-01-16T00:00:00.000+10:00,5.162,140,603
2017-01-17T00:00:00.000+10:00,2.157,140,603
2017-01-18T00:00:00.000+10:00,1.504,140,603
2017-01-19T00:00:00.000+10:00,1.193,140,603
2017-01-20T00:00:00.000+10:00,1.155,140,603
2017-01-21T00:00:00.000+10:00,1.048,140,603
2017-01-22T00:00:00.000+10:00,0.921,140,603
2017-01-23T00:00:00.000+10:00,0.827,140,603
2017-01-24T00:00:00.000+10:00,0.749,140,603
2017-01-25T00:00:00.000+10:00,0.691,140,603
2017-01-26T00:00:00.000+10:00,0.660,140,603
2017-01-27T00:00:00.000+10:00,0.647,140,603
2017-01-28T00:00:00.000+10:00,0.605,140,603
2017-01-29T00:00:00.000+10:00,0.571,140,603
2017-01-30T00:00:00.000+10:00,0.541,140,603
2017-01-31T00:00:00.000+10:00,0.511,140,603
2017-02-01T00:00:00.000+10:00,0.479,140,603
2017-02-02T00:00:00.000+10:00,0.450,140,603
2017-02-03T00:00:00.000+10:00,0.421,140,603
2017-02-04T00:00:00.000+10:00,0.400,140,603
2017-02-05T00:00:00.000+10:00,0.374,140,603
2017-02-06T00:00:00.000+10:00,0.347,140,603
2017-02-07T00:00:00.000+10:00,0.326,140,603
2017-02-08T00:00:00.000+10:00,0.315,140,603
2017-02-09T00:00:00.000+10:00,0.312,140,603
2017-02-10T00:00:00.000+10:00,0.299,140,603
2017-02-11T00:00:00.000+10:00,0.288,140,603
2017-02-12T00:00:00.000+10:00,0.280,140,603
2017-02-13T00:00:00.000+10:00,0.275,140,603
2017-02-14T00:00:00.000+10:00,0.280,140,603
2017-02-15T00:00:00.000+10:00,0.288,140,603
2017-02-16T00:00:00.000+10:00,0.280,140,603
2017-02-17T00:00:00.000+10:00,0.286,140,603
2017-02-18T00:00:00.000+10:00,0.311,140,603
2017-02-19T00:00:00.000+10:00,0.313,140,603
2017-02-20T00:00:00.000+10:00,0.343,140,603
2017-02-21T00:00:00.000+10:00,0.343,140,603
2017-02-22T00:00:00.000+10:00,0.330,140,603
2017-02-23T00:00:00.000+10:00,0.324,140,603
2017-02-24T00:00:00.000+10:00,0.316,140,603
2017-02-25T00:00:00.000+10:00,0.307,140,603
2017-02-26T00:00:00.000+10:00,0.311,140,603
2017-02-27T00:00:00.000+10:00,0.324,140,603
2017-02-28T00:00:00.000+10:00,0.393,140,603
2017-03-01T00:00:00.000+10:00,0.501,140,603
2017-03-02T00:00:00.000+10:00,0.495,140,603
2017-03-03T00:00:00.000+10:00,0.493,140,603
2017-03-04T00:00:00.000+10:00,0.482,140,603
2017-03-05T00:00:00.000+10:00,0.565,140,603
2017-03-06T00:00:00.000+10:00,2.227,140,603
2017-03-07T00:00:00.000+10:00,1.160,140,603
2017-03-08T00:00:00.000+10:00,0.947,140,603
2017-03-09T00:00:00.000+10:00,0.893,140,603
2017-03-10T00:00:00.000+10:00,0.833,140,603
2017-03-11T00:00:00.000+10:00,0.774,140,603
2017-03-12T00:00:00.000+10:00,0.728,140,603
2017-03-13T00:00:00.000+10:00,0.695,140,603
2017-03-14T00:00:00.000+10:00,0.676,140,603
2017-03-15T00:00:00.000+10:00,21.129,140,603
2017-03-16T00:00:00.000+10:00,13.794,140,603
2017-03-17T00:00:00.000+10:00,5.467,140,603
2017-03-18T00:00:00.000+10:00,155.809,140,603
2017-03-19T00:00:00.000+10:00,77.417,140,603
2017-03-20T00:00:00.000+10:00,41.905,140,603
2017-03-21T00:00:00.000+10:00,25.549,140,603
2017-03-22T00:00:00.000+10:00,15.350,140,603
2017-03-23T00:00:00.000+10:00,11.047,140,603
2017-03-24T00:00:00.000+10:00,8.108,140,603
2017-03-25T00:00:00.000+10:00,6.559,140,603
2017-03-26T00:00:00.000+10:00,5.414,140,603
2017-03-27T00:00:00.000+10:00,4.573,140,603
2017-03-28T00:00:00.000+10:00,3.802,140,603
2017-03-29T00:00:00.000+10:00,3.257,140,603
2017-03-30T00:00:00.000+10:00,25.276,140,603
2017-03-31T00:00:00.000+10:00,38.178,140,603
2017-04-01T00:00:00.000+10:00,15.643,140,603
2017-04-02T00:00:00.000+10:00,10.365,140,603
2017-04-03T00:00:00.000+10:00,8.445,140,603
2017-04-04T00:00:00.000+10:00,10.560,140,603
2017-04-05T00:00:00.000+10:00,9.217,140,603
2017-04-06T00:00:00.000+10:00,7.695,140,603
2017-04-07T00:00:00.000+10:00,7.093,140,603
2017-04-08T00:00:00.000+10:00,5.946,140,603
2017-04-09T00:00:00.000+10:00,5.133,140,603
2017-04-10T00:00:00.000+10:00,4.453,140,603
2017-04-11T00:00:00.000+10:00,3.813,140,603
2017-04-12T00:00:00.000+10:00,3.366,140,603
2017-04-13T00:00:00.000+10:00,3.037,140,603
2017-04-14T00:00:00.000+10:00,2.740,140,603
2017-04-15T00:00:00.000+10:00,2.499,140,603
2017-04-16T00:00:00.000+10:00,2.329,140,603
2017-04-17T00:00:00.000+10:00,2.174,140,603
2017-04-18T00:00:00.000+10:00,2.041,140,603
2017-04-19T00:00:00.000+10:00,1.919,140,603
2017-04-20T00:00:00.000+10:00,1.817,140,603
2017-04-21T00:00:00.000+10:00,1.740,140,603
2017-04-22T00:00:00.000+10:00,1.670,140,603
2017-04-23T00:00:00.000+10:00,1.601,140,603
2017-04-24T00:00:00.000+10:00,1.525,140,603
2017-04-25T00:00:00.000+10:00,1.462,140,603
2017-04-26T00:00:00.000+10:00,1.435,140,603
2017-04-27T00:00:00.000+10:00,1.421,140,603
2017-04-28T00:00:00.000+10:00,1.317,140,603
2017-04-29T00:00:00.000+10:00,1.264,140,603
2017-04-30T00:00:00.000+10:00,1.214,140,603
2017-05-01T00:00:00.000+10:00,1.178,140,603
2017-05-02T00:00:00.000+10:00,1.148,140,603
2017-05-03T00:00:00.000+10:00,1.118,140,603
2017-05-04T00:00:00.000+10:00,1.193,140,603
2017-05-05T00:00:00.000+10:00,1.208,140,603
2017-05-06T00:00:00.000+10:00,1.113,140,603
2017-05-07T00:00:00.000+10:00,1.062,140,603
2017-05-08T00:00:00.000+10:00,1.027,140,603
2017-05-09T00:00:00.000+10:00,0.997,140,603
2017-05-10T00:00:00.000+10:00,0.971,140,603
2017-05-11T00:00:00.000+10:00,0.941,140,603
2017-05-12T00:00:00.000+10:00,0.919,140,603
2017-05-13T00:00:00.000+10:00,0.933,140,603
2017-05-14T00:00:00.000+10:00,1.152,140,603
2017-05-15T00:00:00.000+10:00,1.272,140,603
2017-05-16T00:00:00.000+10:00,1.102,140,603
2017-05-17T00:00:00.000+10:00,1.008,140,603
2017-05-18T00:00:00.000+10:00,0.958,140,603
2017-05-19T00:00:00.000+10:00,1.006,140,603
2017-05-20T00:00:00.000+10:00,1.408,140,603
2017-05-21T00:00:00.000+10:00,1.200,140,603
2017-05-22T00:00:00.000+10:00,1.113,140,603
2017-05-23T00:00:00.000+10:00,1.129,140,603
2017-05-24T00:00:00.000+10:00,1.083,140,603
2017-05-25T00:00:00.000+10:00,1.038,140,603
2017-05-26T00:00:00.000+10:00,1.001,140,603
2017-05-27T00:00:00.000+10:00,0.975,140,603
2017-05-28T00:00:00.000+10:00,0.950,140,603
2017-05-29T00:00:00.000+10:00,0.934,140,603
2017-05-30T00:00:00.000+10:00,0.901,140,603
2017-05-31T00:00:00.000+10:00,0.873,140,603
2017-06-01T00:00:00.000+10:00,0.849,140,603
2017-06-02T00:00:00.000+10:00,0.817,140,603
2017-06-03T00:00:00.000+10:00,0.795,140,603
2017-06-04T00:00:00.000+10:00,0.771,140,603
2017-06-05T00:00:00.000+10:00,0.761,140,603
2017-06-06T00:00:00.000+10:00,0.750,140,603
2017-06-07T00:00:00.000+10:00,0.736,140,603
2017-06-08T00:00:00.000+10:00,0.721,140,603
2017-06-09T00:00:00.000+10:00,0.717,140,603
2017-06-10T00:00:00.000+10:00,8.511,140,603
2017-06-11T00:00:00.000+10:00,10.535,140,603
2017-06-12T00:00:00.000+10:00,12.296,140,603
2017-06-13T00:00:00.000+10:00,28.081,140,603
2017-06-14T00:00:00.000+10:00,11.719,140,603
2017-06-15T00:00:00.000+10:00,7.287,140,603
2017-06-16T00:00:00.000+10:00,5.338,140,603
2017-06-17T00:00:00.000+10:00,5.517,140,603
2017-06-18T00:00:00.000+10:00,8.108,140,603
2017-06-19T00:00:00.000+10:00,5.875,140,603
2017-06-20T00:00:00.000+10:00,5.065,140,603
2017-06-21T00:00:00.000+10:00,4.201,140,603
2017-06-22T00:00:00.000+10:00,3.534,140,603
2017-06-23T00:00:00.000+10:00,3.149,140,603
2017-06-24T00:00:00.000+10:00,2.874,140,603
2017-06-25T00:00:00.000+10:00,2.624,140,603
2017-06-26T00:00:00.000+10:00,2.396,140,603
2017-06-27T00:00:00.000+10:00,2.261,140,603
2017-06-28T00:00:00.000+10:00,2.150,140,603
2017-06-29T00:00:00.000+10:00,2.077,140,603
2017-06-30T00:00:00.000+10:00,2.156,140,603
2017-07-01T00:00:00.000+10:00,1.899,140,603
2017-07-02T00:00:00.000+10:00,1.781,140,603
2017-07-03T00:00:00.000+10:00,1.685,140,603
2017-07-04T00:00:00.000+10:00,1.624,140,603
2017-07-05T00:00:00.000+10:00,1.567,140,603
2017-07-06T00:00:00.000+10:00,1.512,140,603
2017-07-07T00:00:00.000+10:00,1.458,140,603
2017-07-08T00:00:00.000+10:00,1.404,140,603
2017-07-09T00:00:00.000+10:00,1.351,140,603
2017-07-10T00:00:00.000+10:00,1.299,140,603
2017-07-11T00:00:00.000+10:00,1.249,140,603
2017-07-12T00:00:00.000+10:00,1.209,140,603
2017-07-13T00:00:00.000+10:00,1.173,140,603
2017-07-14T00:00:00.000+10:00,1.154,140,603
2017-07-15T00:00:00.000+10:00,1.151,140,603
2017-07-16T00:00:00.000+10:00,1.200,140,603
2017-07-17T00:00:00.000+10:00,1.121,140,603
2017-07-18T00:00:00.000+10:00,1.082,140,603
2017-07-19T00:00:00.000+10:00,1.047,140,603
2017-07-20T00:00:00.000+10:00,1.004,140,603
2017-07-21T00:00:00.000+10:00,0.975,140,603
2017-07-22T00:00:00.000+10:00,0.946,140,603
2017-07-23T00:00:00.000+10:00,0.924,140,603
2017-07-24T00:00:00.000+10:00,0.902,140,603
2017-07-25T00:00:00.000+10:00,0.881,140,603
2017-07-26T00:00:00.000+10:00,0.860,140,603
2017-07-27T00:00:00.000+10:00,0.842,140,603
2017-07-28T00:00:00.000+10:00,0.821,140,603
2017-07-29T00:00:00.000+10:00,0.802,140,603
2017-07-30T00:00:00.000+10:00,0.784,140,603
2017-07-31T00:00:00.000+10:00,0.772,140,603
2017-08-01T00:00:00.000+10:00,0.751,140,603
2017-08-02T00:00:00.000+10:00,0.730,140,603
2017-08-03T00:00:00.000+10:00,0.717,140,603
2017-08-04T00:00:00.000+10:00,0.707,140,603
2017-08-05T00:00:00.000+10:00,0.690,140,603
2017-08-06T00:00:00.000+10:00,0.679,140,603
2017-08-07T00:00:00.000+10:00,0.660,140,603
2017-08-08T00:00:00.000+10:00,0.643,140,603
2017-08-09T00:00:00.000+10:00,0.627,140,603
2017-08-10T00:00:00.000+10:00,0.615,140,603
2017-08-11T00:00:00.000+10:00,0.603,140,603
2017-08-12T00:00:00.000+10:00,0.592,140,603
2017-08-13T00:00:00.000+10:00,0.577,140,603
2017-08-14T00:00:00.000+10:00,0.569,140,603
2017-08-15T00:00:00.000+10:00,0.554,140,603
2017-08-16T00:00:00.000+10:00,0.544,140,603
2017-08-17T00:00:00.000+10:00,0.530,140,603
2017-08-18T00:00:00.000+10:00,0.513,140,603
2017-08-19T00:00:00.000+10:00,0.492,140,603
2017-08-20T00:00:00.000+10:00,0.476,140,603
2017-08-21T00:00:00.000+10:00,0.472,140,603
2017-08-22T00:00:00.000+10:00,0.468,140,603
2017-08-23T00:00:00.000+10:00,0.456,140,603
2017-08-24T00:00:00.000+10:00,0.446,140,603
2017-08-25T00:00:00.000+10:00,0.433,140,603
2017-08-26T00:00:00.000+10:00,0.423,140,603
2017-08-27T00:00:00.000+10:00,0.417,140,603
2017-08-28T00:00:00.000+10:00,0.410,140,603
2017-08-29T00:00:00.000+10:00,0.398,140,603
2017-08-30T00:00:00.000+10:00,0.384,140,603
2017-08-31T00:00:00.000+10:00,0.379,140,603
2017-09-01T00:00:00.000+10:00,0.370,140,603
2017-09-02T00:00:00.000+10:00,0.364,140,603
2017-09-03T00:00:00.000+10:00,0.356,140,603
2017-09-04T00:00:00.000+10:00,0.347,140,603
2017-09-05T00:00:00.000+10:00,0.339,140,603
2017-09-06T00:00:00.000+10:00,0.330,140,603
2017-09-07T00:00:00.000+10:00,0.322,140,603
2017-09-08T00:00:00.000+10:00,0.315,140,603
2017-09-09T00:00:00.000+10:00,0.307,140,603
2017-09-10T00:00:00.000+10:00,0.299,140,603
2017-09-11T00:00:00.000+10:00,0.293,140,603
2017-09-12T00:00:00.000+10:00,0.290,140,603
2017-09-13T00:00:00.000+10:00,0.283,140,603
2017-09-14T00:00:00.000+10:00,0.273,140,603
2017-09-15T00:00:00.000+10:00,0.267,140,603
2017-09-16T00:00:00.000+10:00,0.264,140,603
2017-09-17T00:00:00.000+10:00,0.257,140,603
2017-09-18T00:00:00.000+10:00,0.252,140,603
2017-09-19T00:00:00.000+10:00,0.245,140,603
2017-09-20T00:00:00.000+10:00,0.238,140,603
2017-09-21T00:00:00.000+10:00,0.234,140,603
2017-09-22T00:00:00.000+10:00,0.226,140,603
2017-09-23T00:00:00.000+10:00,0.218,140,603
2017-09-24T00:00:00.000+10:00,0.210,140,603
2017-09-25T00:00:00.000+10:00,0.203,140,603
2017-09-26T00:00:00.000+10:00,0.202,140,603
2017-09-27T00:00:00.000+10:00,0.207,140,603
2017-09-28T00:00:00.000+10:00,0.216,140,603
2017-09-29T00:00:00.000+10:00,0.216,140,603
2017-09-30T00:00:00.000+10:00,0.216,140,603
2017-10-01T00:00:00.000+10:00,0.221,140,603
2017-10-02T00:00:00.000+10:00,0.226,140,603
2017-10-03T00:00:00.000+10:00,0.254,140,603
2017-10-04T00:00:00.000+10:00,0.256,140,603
2017-10-05T00:00:00.000+10:00,0.260,140,603
2017-10-06T00:00:00.000+10:00,0.265,140,603
2017-10-07T00:00:00.000+10:00,0.266,140,603
2017-10-08T00:00:00.000+10:00,0.267,140,603
2017-10-09T00:00:00.000+10:00,0.351,140,603
2017-10-10T00:00:00.000+10:00,0.383,140,603
2017-10-11T00:00:00.000+10:00,0.323,140,603
2017-10-12T00:00:00.000+10:00,0.320,140,603
2017-10-13T00:00:00.000+10:00,0.319,140,603
2017-10-14T00:00:00.000+10:00,17.297,140,603
2017-10-15T00:00:00.000+10:00,8.231,140,603
2017-10-16T00:00:00.000+10:00,12.006,140,603
2017-10-17T00:00:00.000+10:00,5.493,140,603
2017-10-18T00:00:00.000+10:00,3.115,140,603
2017-10-19T00:00:00.000+10:00,2.299,140,603
2017-10-20T00:00:00.000+10:00,1.838,140,603
2017-10-21T00:00:00.000+10:00,2.165,140,603
2017-10-22T00:00:00.000+10:00,2.084,140,603
2017-10-23T00:00:00.000+10:00,1.642,140,603
2017-10-24T00:00:00.000+10:00,1.403,140,603
2017-10-25T00:00:00.000+10:00,1.227,140,603
2017-10-26T00:00:00.000+10:00,1.082,140,603
2017-10-27T00:00:00.000+10:00,0.980,140,603
2017-10-28T00:00:00.000+10:00,0.897,140,603
2017-10-29T00:00:00.000+10:00,0.861,140,603
2017-10-30T00:00:00.000+10:00,0.829,140,603
2017-10-31T00:00:00.000+10:00,0.788,140,603
2017-11-01T00:00:00.000+10:00,0.738,140,603
2017-11-02T00:00:00.000+10:00,0.698,140,603
2017-11-03T00:00:00.000+10:00,0.662,140,603
2017-11-04T00:00:00.000+10:00,0.654,140,603
2017-11-05T00:00:00.000+10:00,0.662,140,603
2017-11-06T00:00:00.000+10:00,1.101,140,603
2017-11-07T00:00:00.000+10:00,0.929,140,603
2017-11-08T00:00:00.000+10:00,0.795,140,603
2017-11-09T00:00:00.000+10:00,0.740,140,603
2017-11-10T00:00:00.000+10:00,0.701,140,603
2017-11-11T00:00:00.000+10:00,0.671,140,603
2017-11-12T00:00:00.000+10:00,0.643,140,603
2017-11-13T00:00:00.000+10:00,0.612,140,603
2017-11-14T00:00:00.000+10:00,0.587,140,603
2017-11-15T00:00:00.000+10:00,0.563,140,603
2017-11-16T00:00:00.000+10:00,0.542,140,603
2017-11-17T00:00:00.000+10:00,0.524,140,603
2017-11-18T00:00:00.000+10:00,0.523,140,603
2017-11-19T00:00:00.000+10:00,0.535,140,603
2017-11-20T00:00:00.000+10:00,0.556,140,603
2017-11-21T00:00:00.000+10:00,0.541,140,603
2017-11-22T00:00:00.000+10:00,0.524,140,603
2017-11-23T00:00:00.000+10:00,0.509,140,603
2017-11-24T00:00:00.000+10:00,0.493,140,603
2017-11-25T00:00:00.000+10:00,0.480,140,603
2017-11-26T00:00:00.000+10:00,0.463,140,603
2017-11-27T00:00:00.000+10:00,0.444,140,603
2017-11-28T00:00:00.000+10:00,0.430,140,603
2017-11-29T00:00:00.000+10:00,0.424,140,603
2017-11-30T00:00:00.000+10:00,0.441,140,603
2017-12-01T00:00:00.000+10:00,0.491,140,603
2017-12-02T00:00:00.000+10:00,0.669,140,603
2017-12-03T00:00:00.000+10:00,0.666,140,603
2017-12-04T00:00:00.000+10:00,0.616,140,603
2017-12-05T00:00:00.000+10:00,0.576,140,603
2017-12-06T00:00:00.000+10:00,0.537,140,603
2017-12-07T00:00:00.000+10:00,0.515,140,603
2017-12-08T00:00:00.000+10:00,0.495,140,603
2017-12-09T00:00:00.000+10:00,0.475,140,603
2017-12-10T00:00:00.000+10:00,0.466,140,603
2017-12-11T00:00:00.000+10:00,0.461,140,603
2017-12-12T00:00:00.000+10:00,0.443,140,603
2017-12-13T00:00:00.000+10:00,0.425,140,603
2017-12-14T00:00:00.000+10:00,0.407,140,603
2017-12-15T00:00:00.000+10:00,0.399,140,603
2017-12-16T00:00:00.000+10:00,0.375,140,603
2017-12-17T00:00:00.000+10:00,0.350,140,603
2017-12-18T00:00:00.000+10:00,0.327,140,603
2017-12-19T00:00:00.000+10:00,0.313,140,603
2017-12-20T00:00:00.000+10:00,0.299,140,603
2017-12-21T00:00:00.000+10:00,0.297,140,603
2017-12-22T00:00:00.000+10:00,0.302,140,603
2017-12-23T00:00:00.000+10:00,0.308,140,603
2017-12-24T00:00:00.000+10:00,0.316,140,603
2017-12-25T00:00:00.000+10:00,0.467,140,603
2017-12-26T00:00:00.000+10:00,0.494,140,603
2017-12-27T00:00:00.000+10:00,2.028,140,603
2017-12-28T00:00:00.000+10:00,1.587,140,603
2017-12-29T00:00:00.000+10:00,1.272,140,603
2017-12-30T00:00:00.000+10:00,1.225,140,603
2017-12-31T00:00:00.000+10:00,1.172,140,603
2018-01-01T00:00:00.000+10:00,1.942,140,603
2018-01-02T00:00:00.000+10:00,2.460,140,603
2018-01-03T00:00:00.000+10:00,3.616,140,603
2018-01-04T00:00:00.000+10:00,2.173,140,603
2018-01-05T00:00:00.000+10:00,1.644,140,603
2018-01-06T00:00:00.000+10:00,1.346,140,603
2018-01-07T00:00:00.000+10:00,1.158,140,603
2018-01-08T00:00:00.000+10:00,1.054,140,603
2018-01-09T00:00:00.000+10:00,0.902,140,603
2018-01-10T00:00:00.000+10:00,0.792,140,603
2018-01-11T00:00:00.000+10:00,0.710,140,603
2018-01-12T00:00:00.000+10:00,0.640,140,603
2018-01-13T00:00:00.000+10:00,0.588,140,603
2018-01-14T00:00:00.000+10:00,0.560,140,603
2018-01-15T00:00:00.000+10:00,0.585,140,603
2018-01-16T00:00:00.000+10:00,0.644,140,603
2018-01-17T00:00:00.000+10:00,0.643,140,603
2018-01-18T00:00:00.000+10:00,0.609,140,603
2018-01-19T00:00:00.000+10:00,0.577,140,603
2018-01-20T00:00:00.000+10:00,0.551,140,603
2018-01-21T00:00:00.000+10:00,0.525,140,603
2018-01-22T00:00:00.000+10:00,0.500,140,603
2018-01-23T00:00:00.000+10:00,0.475,140,603
2018-01-24T00:00:00.000+10:00,0.457,140,603
2018-01-25T00:00:00.000+10:00,0.413,140,603
2018-01-26T00:00:00.000+10:00,0.352,140,603
2018-01-27T00:00:00.000+10:00,0.336,140,603
2018-01-28T00:00:00.000+10:00,0.336,140,603
2018-01-29T00:00:00.000+10:00,0.381,140,603
2018-01-30T00:00:00.000+10:00,0.376,140,603
2018-01-31T00:00:00.000+10:00,0.367,140,603
2018-02-01T00:00:00.000+10:00,0.361,140,603
2018-02-02T00:00:00.000+10:00,0.363,140,603
2018-02-03T00:00:00.000+10:00,0.378,140,603
2018-02-04T00:00:00.000+10:00,1.451,140,603
2018-02-05T00:00:00.000+10:00,3.493,140,603
2018-02-06T00:00:00.000+10:00,2.493,140,603
2018-02-07T00:00:00.000+10:00,1.856,140,603
2018-02-08T00:00:00.000+10:00,1.628,140,603
2018-02-09T00:00:00.000+10:00,1.426,140,603
2018-02-10T00:00:00.000+10:00,1.285,140,603
2018-02-11T00:00:00.000+10:00,1.103,140,603
2018-02-12T00:00:00.000+10:00,0.955,140,603
2018-02-13T00:00:00.000+10:00,0.886,140,603
2018-02-14T00:00:00.000+10:00,0.798,140,603
2018-02-15T00:00:00.000+10:00,0.721,140,603
2018-02-16T00:00:00.000+10:00,0.659,140,603
2018-02-17T00:00:00.000+10:00,0.603,140,603
2018-02-18T00:00:00.000+10:00,0.548,140,603
2018-02-19T00:00:00.000+10:00,0.491,140,603
2018-02-20T00:00:00.000+10:00,0.497,140,603
2018-02-21T00:00:00.000+10:00,2.027,140,603
2018-02-22T00:00:00.000+10:00,1.649,140,603
2018-02-23T00:00:00.000+10:00,1.357,140,603
2018-02-24T00:00:00.000+10:00,1.583,140,603
2018-02-25T00:00:00.000+10:00,1.907,140,603
2018-02-26T00:00:00.000+10:00,6.633,140,603
2018-02-27T00:00:00.000+10:00,7.964,140,603
2018-02-28T00:00:00.000+10:00,4.905,140,603
2018-03-01T00:00:00.000+10:00,3.523,140,603
2018-03-02T00:00:00.000+10:00,2.714,140,603
2018-03-03T00:00:00.000+10:00,2.226,140,603
2018-03-04T00:00:00.000+10:00,1.879,140,603
2018-03-05T00:00:00.000+10:00,1.670,140,603
2018-03-06T00:00:00.000+10:00,24.168,140,603
2018-03-07T00:00:00.000+10:00,31.178,140,603
2018-03-08T00:00:00.000+10:00,12.669,140,603
2018-03-09T00:00:00.000+10:00,8.189,140,603
2018-03-10T00:00:00.000+10:00,6.216,140,603
2018-03-11T00:00:00.000+10:00,4.932,140,603
2018-03-12T00:00:00.000+10:00,4.071,140,603
2018-03-13T00:00:00.000+10:00,3.431,140,603
2018-03-14T00:00:00.000+10:00,2.908,140,603
2018-03-15T00:00:00.000+10:00,2.536,140,603
2018-03-16T00:00:00.000+10:00,2.282,140,603
2018-03-17T00:00:00.000+10:00,2.067,140,603
2018-03-18T00:00:00.000+10:00,1.821,140,603
2018-03-19T00:00:00.000+10:00,1.665,140,603
2018-03-20T00:00:00.000+10:00,1.537,140,603
2018-03-21T00:00:00.000+10:00,1.503,140,603
2018-03-22T00:00:00.000+10:00,1.871,140,603
2018-03-23T00:00:00.000+10:00,12.497,140,603
2018-03-24T00:00:00.000+10:00,10.609,140,603
2018-03-25T00:00:00.000+10:00,7.175,140,603
2018-03-26T00:00:00.000+10:00,5.182,140,603
2018-03-27T00:00:00.000+10:00,4.340,140,603
2018-03-28T00:00:00.000+10:00,3.647,140,603
2018-03-29T00:00:00.000+10:00,3.097,140,603
2018-03-30T00:00:00.000+10:00,2.688,140,603
2018-03-31T00:00:00.000+10:00,2.378,140,603
2018-04-01T00:00:00.000+10:00,2.157,140,603
2018-04-02T00:00:00.000+10:00,1.978,140,603
2018-04-03T00:00:00.000+10:00,1.817,140,603
2018-04-04T00:00:00.000+10:00,1.771,140,603
2018-04-05T00:00:00.000+10:00,1.817,140,603
2018-04-06T00:00:00.000+10:00,1.632,140,603
2018-04-07T00:00:00.000+10:00,1.492,140,603
2018-04-08T00:00:00.000+10:00,1.398,140,603
2018-04-09T00:00:00.000+10:00,1.316,140,603
2018-04-10T00:00:00.000+10:00,1.246,140,603
2018-04-11T00:00:00.000+10:00,1.204,140,603
2018-04-12T00:00:00.000+10:00,1.154,140,603
2018-04-13T00:00:00.000+10:00,1.103,140,603
2018-04-14T00:00:00.000+10:00,1.067,140,603
2018-04-15T00:00:00.000+10:00,1.046,140,603
2018-04-16T00:00:00.000+10:00,0.997,140,603
2018-04-17T00:00:00.000+10:00,0.952,140,603
2018-04-18T00:00:00.000+10:00,0.930,140,603
2018-04-19T00:00:00.000+10:00,0.971,140,603
2018-04-20T00:00:00.000+10:00,0.927,140,603
2018-04-21T00:00:00.000+10:00,1.126,140,603
2018-04-22T00:00:00.000+10:00,1.148,140,603
2018-04-23T00:00:00.000+10:00,1.463,140,603
2018-04-24T00:00:00.000+10:00,1.283,140,603
2018-04-25T00:00:00.000+10:00,1.778,140,603
2018-04-26T00:00:00.000+10:00,1.495,140,603
2018-04-27T00:00:00.000+10:00,1.313,140,603
2018-04-28T00:00:00.000+10:00,1.249,140,603
2018-04-29T00:00:00.000+10:00,1.398,140,603
2018-04-30T00:00:00.000+10:00,1.252,140,603
2018-05-01T00:00:00.000+10:00,1.165,140,603
2018-05-02T00:00:00.000+10:00,1.105,140,603
2018-05-03T00:00:00.000+10:00,1.060,140,603
2018-05-04T00:00:00.000+10:00,1.015,140,603
2018-05-05T00:00:00.000+10:00,0.966,140,603
2018-05-06T00:00:00.000+10:00,0.918,140,603
2018-05-07T00:00:00.000+10:00,0.892,140,603
2018-05-08T00:00:00.000+10:00,0.872,140,603
2018-05-09T00:00:00.000+10:00,0.873,140,603
2018-05-10T00:00:00.000+10:00,0.856,140,603
2018-05-11T00:00:00.000+10:00,0.821,140,603
2018-05-12T00:00:00.000+10:00,0.793,140,603
2018-05-13T00:00:00.000+10:00,0.761,140,603
2018-05-14T00:00:00.000+10:00,0.737,140,603
2018-05-15T00:00:00.000+10:00,0.715,140,603
2018-05-16T00:00:00.000+10:00,0.694,140,603
2018-05-17T00:00:00.000+10:00,0.677,140,603
2018-05-18T00:00:00.000+10:00,0.663,140,603
2018-05-19T00:00:00.000+10:00,0.649,140,603
2018-05-20T00:00:00.000+10:00,0.635,140,603
2018-05-21T00:00:00.000+10:00,0.621,140,603
2018-05-22T00:00:00.000+10:00,0.610,140,603
2018-05-23T00:00:00.000+10:00,0.599,140,603
2018-05-24T00:00:00.000+10:00,0.588,140,603
2018-05-25T00:00:00.000+10:00,0.583,140,603
2018-05-26T00:00:00.000+10:00,0.610,140,603
2018-05-27T00:00:00.000+10:00,0.597,140,603
2018-05-28T00:00:00.000+10:00,0.604,140,603
2018-05-29T00:00:00.000+10:00,0.594,140,603
2018-05-30T00:00:00.000+10:00,0.581,140,603
2018-05-31T00:00:00.000+10:00,0.563,140,603
2018-06-01T00:00:00.000+10:00,0.544,140,603
2018-06-02T00:00:00.000+10:00,0.533,140,603
2018-06-03T00:00:00.000+10:00,0.522,140,603
2018-06-04T00:00:00.000+10:00,0.510,140,603
2018-06-05T00:00:00.000+10:00,0.499,140,603
2018-06-06T00:00:00.000+10:00,0.537,140,603
2018-06-07T00:00:00.000+10:00,1.370,140,603
2018-06-08T00:00:00.000+10:00,1.051,140,603
2018-06-09T00:00:00.000+10:00,0.847,140,603
2018-06-10T00:00:00.000+10:00,0.830,140,603
2018-06-11T00:00:00.000+10:00,0.808,140,603
2018-06-12T00:00:00.000+10:00,0.768,140,603
2018-06-13T00:00:00.000+10:00,0.740,140,603
2018-06-14T00:00:00.000+10:00,0.718,140,603
2018-06-15T00:00:00.000+10:00,0.692,140,603
2018-06-16T00:00:00.000+10:00,0.668,140,603
2018-06-17T00:00:00.000+10:00,0.644,140,603
2018-06-18T00:00:00.000+10:00,0.618,140,603
2018-06-19T00:00:00.000+10:00,0.596,140,603
2018-06-20T00:00:00.000+10:00,0.570,140,603
2018-06-21T00:00:00.000+10:00,0.552,140,603
2018-06-22T00:00:00.000+10:00,0.537,140,603
2018-06-23T00:00:00.000+10:00,0.522,140,603
2018-06-24T00:00:00.000+10:00,0.504,140,603
2018-06-25T00:00:00.000+10:00,0.492,140,603
2018-06-26T00:00:00.000+10:00,0.480,140,603
2018-06-27T00:00:00.000+10:00,0.469,140,603
2018-06-28T00:00:00.000+10:00,0.466,140,603
2018-06-29T00:00:00.000+10:00,0.460,140,603
2018-06-30T00:00:00.000+10:00,0.449,140,603
2018-07-01T00:00:00.000+10:00,0.458,140,603
2018-07-02T00:00:00.000+10:00,0.526,140,603
2018-07-03T00:00:00.000+10:00,0.519,140,603
2018-07-04T00:00:00.000+10:00,0.834,140,603
2018-07-05T00:00:00.000+10:00,0.946,140,603
2018-07-06T00:00:00.000+10:00,0.795,140,603
2018-07-07T00:00:00.000+10:00,0.741,140,603
2018-07-08T00:00:00.000+10:00,0.701,140,603
2018-07-09T00:00:00.000+10:00,0.668,140,603
2018-07-10T00:00:00.000+10:00,0.637,140,603
2018-07-11T00:00:00.000+10:00,0.609,140,603
2018-07-12T00:00:00.000+10:00,0.591,140,603
2018-07-13T00:00:00.000+10:00,0.568,140,603
2018-07-14T00:00:00.000+10:00,0.550,140,603
2018-07-15T00:00:00.000+10:00,0.535,140,603
2018-07-16T00:00:00.000+10:00,0.518,140,603
2018-07-17T00:00:00.000+10:00,0.502,140,603
2018-07-18T00:00:00.000+10:00,0.488,140,603
2018-07-19T00:00:00.000+10:00,0.471,140,603
2018-07-20T00:00:00.000+10:00,0.452,140,603
2018-07-21T00:00:00.000+10:00,0.437,140,603
2018-07-22T00:00:00.000+10:00,0.428,140,603
2018-07-23T00:00:00.000+10:00,0.419,140,603
2018-07-24T00:00:00.000+10:00,0.409,140,603
2018-07-25T00:00:00.000+10:00,0.398,140,603
2018-07-26T00:00:00.000+10:00,0.389,140,603
2018-07-27T00:00:00.000+10:00,0.380,140,603
2018-07-28T00:00:00.000+10:00,0.370,140,603
2018-07-29T00:00:00.000+10:00,0.362,140,603
2018-07-30T00:00:00.000+10:00,0.351,140,603
2018-07-31T00:00:00.000+10:00,0.340,140,603
2018-08-01T00:00:00.000+10:00,0.332,140,603
2018-08-02T00:00:00.000+10:00,0.324,140,603
2018-08-03T00:00:00.000+10:00,0.315,140,603
2018-08-04T00:00:00.000+10:00,0.309,140,603
2018-08-05T00:00:00.000+10:00,0.302,140,603
2018-08-06T00:00:00.000+10:00,0.292,140,603
2018-08-07T00:00:00.000+10:00,0.279,140,603
2018-08-08T00:00:00.000+10:00,0.269,140,603
2018-08-09T00:00:00.000+10:00,0.263,140,603
2018-08-10T00:00:00.000+10:00,0.260,140,603
2018-08-11T00:00:00.000+10:00,0.257,140,603
2018-08-12T00:00:00.000+10:00,0.249,140,603
2018-08-13T00:00:00.000+10:00,0.241,140,603
2018-08-14T00:00:00.000+10:00,0.234,140,603
2018-08-15T00:00:00.000+10:00,0.230,140,603
2018-08-16T00:00:00.000+10:00,0.227,140,603
2018-08-17T00:00:00.000+10:00,0.223,140,603
2018-08-18T00:00:00.000+10:00,0.217,140,603
2018-08-19T00:00:00.000+10:00,0.222,140,603
2018-08-20T00:00:00.000+10:00,0.235,140,603
2018-08-21T00:00:00.000+10:00,0.229,140,603
2018-08-22T00:00:00.000+10:00,0.228,140,603
2018-08-23T00:00:00.000+10:00,0.225,140,603
2018-08-24T00:00:00.000+10:00,0.235,140,603
2018-08-25T00:00:00.000+10:00,0.322,140,603
2018-08-26T00:00:00.000+10:00,0.337,140,603
2018-08-27T00:00:00.000+10:00,0.290,140,603
2018-08-28T00:00:00.000+10:00,0.272,140,603
2018-08-29T00:00:00.000+10:00,0.260,140,603
2018-08-30T00:00:00.000+10:00,0.254,140,603
2018-08-31T00:00:00.000+10:00,0.252,140,603
2018-09-01T00:00:00.000+10:00,0.252,140,603
2018-09-02T00:00:00.000+10:00,0.250,140,603
2018-09-03T00:00:00.000+10:00,0.306,140,603
2018-09-04T00:00:00.000+10:00,0.514,140,603
2018-09-05T00:00:00.000+10:00,1.274,140,603
2018-09-06T00:00:00.000+10:00,0.730,140,603
2018-09-07T00:00:00.000+10:00,0.643,140,603
2018-09-08T00:00:00.000+10:00,0.610,140,603
2018-09-09T00:00:00.000+10:00,0.595,140,603
2018-09-10T00:00:00.000+10:00,0.562,140,603
2018-09-11T00:00:00.000+10:00,0.544,140,603
2018-09-12T00:00:00.000+10:00,0.540,140,603
2018-09-13T00:00:00.000+10:00,0.529,140,603
2018-09-14T00:00:00.000+10:00,0.515,140,603
2018-09-15T00:00:00.000+10:00,0.499,140,603
2018-09-16T00:00:00.000+10:00,0.490,140,603
2018-09-17T00:00:00.000+10:00,0.472,140,603
2018-09-18T00:00:00.000+10:00,0.455,140,603
2018-09-19T00:00:00.000+10:00,0.440,140,603
2018-09-20T00:00:00.000+10:00,0.425,140,603
2018-09-21T00:00:00.000+10:00,0.404,140,603
2018-09-22T00:00:00.000+10:00,0.387,140,603
2018-09-23T00:00:00.000+10:00,0.364,140,603
2018-09-24T00:00:00.000+10:00,0.366,140,603
2018-09-25T00:00:00.000+10:00,0.590,140,603
2018-09-26T00:00:00.000+10:00,0.533,140,603
2018-09-27T00:00:00.000+10:00,0.503,140,603
2018-09-28T00:00:00.000+10:00,0.487,140,603
2018-09-29T00:00:00.000+10:00,0.465,140,603
2018-09-30T00:00:00.000+10:00,0.460,140,603
2018-10-01T00:00:00.000+10:00,0.448,140,603
2018-10-02T00:00:00.000+10:00,0.424,140,603
2018-10-03T00:00:00.000+10:00,0.411,140,603
2018-10-04T00:00:00.000+10:00,0.405,140,603
2018-10-05T00:00:00.000+10:00,0.433,140,603
2018-10-06T00:00:00.000+10:00,0.496,140,603
2018-10-07T00:00:00.000+10:00,0.518,140,603
2018-10-08T00:00:00.000+10:00,0.511,140,603
2018-10-09T00:00:00.000+10:00,0.642,140,603
2018-10-10T00:00:00.000+10:00,0.809,140,603
2018-10-11T00:00:00.000+10:00,6.225,140,603
2018-10-12T00:00:00.000+10:00,5.625,140,603
2018-10-13T00:00:00.000+10:00,7.449,140,603
2018-10-14T00:00:00.000+10:00,11.821,140,603
2018-10-15T00:00:00.000+10:00,30.100,140,603
2018-10-16T00:00:00.000+10:00,34.679,140,603
2018-10-17T00:00:00.000+10:00,27.466,140,603
2018-10-18T00:00:00.000+10:00,14.845,140,603
2018-10-19T00:00:00.000+10:00,10.073,140,603
2018-10-20T00:00:00.000+10:00,6.919,140,603
2018-10-21T00:00:00.000+10:00,5.459,140,603
2018-10-22T00:00:00.000+10:00,4.223,140,603
2018-10-23T00:00:00.000+10:00,3.389,140,603
2018-10-24T00:00:00.000+10:00,2.792,140,603
2018-10-25T00:00:00.000+10:00,2.376,140,603
2018-10-26T00:00:00.000+10:00,2.130,140,603
2018-10-27T00:00:00.000+10:00,1.875,140,603
2018-10-28T00:00:00.000+10:00,1.704,140,603
2018-10-29T00:00:00.000+10:00,1.610,140,603
2018-10-30T00:00:00.000+10:00,1.470,140,603
2018-10-31T00:00:00.000+10:00,1.352,140,603
2018-11-01T00:00:00.000+10:00,1.254,140,603
2018-11-02T00:00:00.000+10:00,1.166,140,603
2018-11-03T00:00:00.000+10:00,1.093,140,603
2018-11-04T00:00:00.000+10:00,1.042,140,603
2018-11-05T00:00:00.000+10:00,1.000,140,603
2018-11-06T00:00:00.000+10:00,0.953,140,603
2018-11-07T00:00:00.000+10:00,0.909,140,603
2018-11-08T00:00:00.000+10:00,0.954,140,603
2018-11-09T00:00:00.000+10:00,0.960,140,603
2018-11-10T00:00:00.000+10:00,0.893,140,603
2018-11-11T00:00:00.000+10:00,0.889,140,603
2018-11-12T00:00:00.000+10:00,0.846,140,603
2018-11-13T00:00:00.000+10:00,0.794,140,603
2018-11-14T00:00:00.000+10:00,0.757,140,603
2018-11-15T00:00:00.000+10:00,0.750,140,603
2018-11-16T00:00:00.000+10:00,0.830,140,603
2018-11-17T00:00:00.000+10:00,0.847,140,603
2018-11-18T00:00:00.000+10:00,1.650,140,603
2018-11-19T00:00:00.000+10:00,1.401,140,603
2018-11-20T00:00:00.000+10:00,1.218,140,603
2018-11-21T00:00:00.000+10:00,1.076,140,603
2018-11-22T00:00:00.000+10:00,1.034,140,603
2018-11-23T00:00:00.000+10:00,0.938,140,603
2018-11-24T00:00:00.000+10:00,0.852,140,603
2018-11-25T00:00:00.000+10:00,0.797,140,603
2018-11-26T00:00:00.000+10:00,0.756,140,603
2018-11-27T00:00:00.000+10:00,0.717,140,603
2018-11-28T00:00:00.000+10:00,0.715,140,603
2018-11-29T00:00:00.000+10:00,0.703,140,603
2018-11-30T00:00:00.000+10:00,0.657,140,603
2018-12-01T00:00:00.000+10:00,0.626,140,603
2018-12-02T00:00:00.000+10:00,0.600,140,603
2018-12-03T00:00:00.000+10:00,0.553,140,603
2018-12-04T00:00:00.000+10:00,0.525,140,603
2018-12-05T00:00:00.000+10:00,0.514,140,603
2018-12-06T00:00:00.000+10:00,0.502,140,603
2018-12-07T00:00:00.000+10:00,0.493,140,603
2018-12-08T00:00:00.000+10:00,0.487,140,603
2018-12-09T00:00:00.000+10:00,0.477,140,603
2018-12-10T00:00:00.000+10:00,0.459,140,603
2018-12-11T00:00:00.000+10:00,0.450,140,603
2018-12-12T00:00:00.000+10:00,0.448,140,603
2018-12-13T00:00:00.000+10:00,0.442,140,603
2018-12-14T00:00:00.000+10:00,0.439,140,603
2018-12-15T00:00:00.000+10:00,0.449,140,603
2018-12-16T00:00:00.000+10:00,15.209,140,603
2018-12-17T00:00:00.000+10:00,71.863,140,603
2018-12-18T00:00:00.000+10:00,12.106,140,603
2018-12-19T00:00:00.000+10:00,6.274,140,603
2018-12-20T00:00:00.000+10:00,5.702,140,603
2018-12-21T00:00:00.000+10:00,4.694,140,603
2018-12-22T00:00:00.000+10:00,3.709,140,603
2018-12-23T00:00:00.000+10:00,2.877,140,603
2018-12-24T00:00:00.000+10:00,2.365,140,603
2018-12-25T00:00:00.000+10:00,2.042,140,603
2018-12-26T00:00:00.000+10:00,1.777,140,603
2018-12-27T00:00:00.000+10:00,1.568,140,603
2018-12-28T00:00:00.000+10:00,1.408,140,603
2018-12-29T00:00:00.000+10:00,1.267,140,603
2018-12-30T00:00:00.000+10:00,1.194,140,603
2018-12-31T00:00:00.000+10:00,1.140,140,603
2019-01-01T00:00:00.000+10:00,1.078,140,603
2019-01-02T00:00:00.000+10:00,1.006,140,603
2019-01-03T00:00:00.000+10:00,0.936,140,603
2019-01-04T00:00:00.000+10:00,0.877,140,603
2019-01-05T00:00:00.000+10:00,0.823,140,603
2019-01-06T00:00:00.000+10:00,0.770,140,603
2019-01-07T00:00:00.000+10:00,0.721,140,603
2019-01-08T00:00:00.000+10:00,0.695,140,603
2019-01-09T00:00:00.000+10:00,0.672,140,603
2019-01-10T00:00:00.000+10:00,0.657,140,603
2019-01-11T00:00:00.000+10:00,0.619,140,603
2019-01-12T00:00:00.000+10:00,0.584,140,603
2019-01-13T00:00:00.000+10:00,0.551,140,603
2019-01-14T00:00:00.000+10:00,0.523,140,603
2019-01-15T00:00:00.000+10:00,0.503,140,603
2019-01-16T00:00:00.000+10:00,0.481,140,603
2019-01-17T00:00:00.000+10:00,0.451,140,603
2019-01-18T00:00:00.000+10:00,0.421,140,603
2019-01-19T00:00:00.000+10:00,0.403,140,603
2019-01-20T00:00:00.000+10:00,0.383,140,603
2019-01-21T00:00:00.000+10:00,0.372,140,603
2019-01-22T00:00:00.000+10:00,0.370,140,603
2019-01-23T00:00:00.000+10:00,0.368,140,603
2019-01-24T00:00:00.000+10:00,0.363,140,603
2019-01-25T00:00:00.000+10:00,0.361,140,603
2019-01-26T00:00:00.000+10:00,0.359,140,603
2019-01-27T00:00:00.000+10:00,0.355,140,603
2019-01-28T00:00:00.000+10:00,0.354,140,603
2019-01-29T00:00:00.000+10:00,0.352,140,603
2019-01-30T00:00:00.000+10:00,0.349,140,603
2019-01-31T00:00:00.000+10:00,0.349,140,603
2019-02-01T00:00:00.000+10:00,0.342,140,603
2019-02-02T00:00:00.000+10:00,0.317,140,603
2019-02-03T00:00:00.000+10:00,0.301,140,603
2019-02-04T00:00:00.000+10:00,0.286,140,603
2019-02-05T00:00:00.000+10:00,0.276,140,603
2019-02-06T00:00:00.000+10:00,0.269,140,603
2019-02-07T00:00:00.000+10:00,0.274,140,603
2019-02-08T00:00:00.000+10:00,0.272,140,603
2019-02-09T00:00:00.000+10:00,0.283,140,603
2019-02-10T00:00:00.000+10:00,0.301,140,603
2019-02-11T00:00:00.000+10:00,0.290,140,603
2019-02-12T00:00:00.000+10:00,0.277,140,603
2019-02-13T00:00:00.000+10:00,0.265,140,603
2019-02-14T00:00:00.000+10:00,0.289,140,603
2019-02-15T00:00:00.000+10:00,0.302,140,603
2019-02-16T00:00:00.000+10:00,0.289,140,603
2019-02-17T00:00:00.000+10:00,0.283,140,603
2019-02-18T00:00:00.000+10:00,0.279,140,603
2019-02-19T00:00:00.000+10:00,0.271,140,603
2019-02-20T00:00:00.000+10:00,0.267,140,603
2019-02-21T00:00:00.000+10:00,0.272,140,603
2019-02-22T00:00:00.000+10:00,0.284,140,603
2019-02-23T00:00:00.000+10:00,0.437,140,603
2019-02-24T00:00:00.000+10:00,0.519,140,603
2019-02-25T00:00:00.000+10:00,0.482,140,603
2019-02-26T00:00:00.000+10:00,0.447,140,603
2019-02-27T00:00:00.000+10:00,0.407,140,603
2019-02-28T00:00:00.000+10:00,0.377,140,603
2019-03-01T00:00:00.000+10:00,0.353,140,603
2019-03-02T00:00:00.000+10:00,0.345,140,603
2019-03-03T00:00:00.000+10:00,0.340,140,603
2019-03-04T00:00:00.000+10:00,0.337,140,603
2019-03-05T00:00:00.000+10:00,0.341,140,603
2019-03-06T00:00:00.000+10:00,0.338,140,603
2019-03-07T00:00:00.000+10:00,0.324,140,603
2019-03-08T00:00:00.000+10:00,0.328,140,603
2019-03-09T00:00:00.000+10:00,0.364,140,603
2019-03-10T00:00:00.000+10:00,0.433,140,603
2019-03-11T00:00:00.000+10:00,0.414,140,603
2019-03-12T00:00:00.000+10:00,0.375,140,603
2019-03-13T00:00:00.000+10:00,0.364,140,603
2019-03-14T00:00:00.000+10:00,0.374,140,603
2019-03-15T00:00:00.000+10:00,0.650,140,603
2019-03-16T00:00:00.000+10:00,2.011,140,603
2019-03-17T00:00:00.000+10:00,2.136,140,603
2019-03-18T00:00:00.000+10:00,1.506,140,603
2019-03-19T00:00:00.000+10:00,1.199,140,603
2019-03-20T00:00:00.000+10:00,1.156,140,603
2019-03-21T00:00:00.000+10:00,1.010,140,603
2019-03-22T00:00:00.000+10:00,0.882,140,603
2019-03-23T00:00:00.000+10:00,0.787,140,603
2019-03-24T00:00:00.000+10:00,0.707,140,603
2019-03-25T00:00:00.000+10:00,0.637,140,603
2019-03-26T00:00:00.000+10:00,10.167,140,603
2019-03-27T00:00:00.000+10:00,12.701,140,603
2019-03-28T00:00:00.000+10:00,3.359,140,603
2019-03-29T00:00:00.000+10:00,2.238,140,603
2019-03-30T00:00:00.000+10:00,1.963,140,603
2019-03-31T00:00:00.000+10:00,2.242,140,603
2019-04-01T00:00:00.000+10:00,1.649,140,603
2019-04-02T00:00:00.000+10:00,1.940,140,603
2019-04-03T00:00:00.000+10:00,2.849,140,603
2019-04-04T00:00:00.000+10:00,2.304,140,603
2019-04-05T00:00:00.000+10:00,1.931,140,603
2019-04-06T00:00:00.000+10:00,1.862,140,603
2019-04-07T00:00:00.000+10:00,1.611,140,603
2019-04-08T00:00:00.000+10:00,1.407,140,603
2019-04-09T00:00:00.000+10:00,1.249,140,603
2019-04-10T00:00:00.000+10:00,1.110,140,603
2019-04-11T00:00:00.000+10:00,1.017,140,603
2019-04-12T00:00:00.000+10:00,0.952,140,603
2019-04-13T00:00:00.000+10:00,0.882,140,603
2019-04-14T00:00:00.000+10:00,0.834,140,603
2019-04-15T00:00:00.000+10:00,0.792,140,603
2019-04-16T00:00:00.000+10:00,0.781,140,603
2019-04-17T00:00:00.000+10:00,0.749,140,603
2019-04-18T00:00:00.000+10:00,0.720,140,603
2019-04-19T00:00:00.000+10:00,0.821,140,603
2019-04-20T00:00:00.000+10:00,2.705,140,603
2019-04-21T00:00:00.000+10:00,2.597,140,603
2019-04-22T00:00:00.000+10:00,2.111,140,603
2019-04-23T00:00:00.000+10:00,2.345,140,603
2019-04-24T00:00:00.000+10:00,2.174,140,603
2019-04-25T00:00:00.000+10:00,1.993,140,603
2019-04-26T00:00:00.000+10:00,1.792,140,603
2019-04-27T00:00:00.000+10:00,1.601,140,603
2019-04-28T00:00:00.000+10:00,1.436,140,603
2019-04-29T00:00:00.000+10:00,1.308,140,603
2019-04-30T00:00:00.000+10:00,1.206,140,603
2019-05-01T00:00:00.000+10:00,1.149,140,603
2019-05-02T00:00:00.000+10:00,1.088,140,603
2019-05-03T00:00:00.000+10:00,1.054,140,603
2019-05-04T00:00:00.000+10:00,0.996,140,603
2019-05-05T00:00:00.000+10:00,0.947,140,603
2019-05-06T00:00:00.000+10:00,0.891,140,603
2019-05-07T00:00:00.000+10:00,0.848,140,603
2019-05-08T00:00:00.000+10:00,0.808,140,603
2019-05-09T00:00:00.000+10:00,0.772,140,603
2019-05-10T00:00:00.000+10:00,0.741,140,603
2019-05-11T00:00:00.000+10:00,0.713,140,603
2019-05-12T00:00:00.000+10:00,0.686,140,603
2019-05-13T00:00:00.000+10:00,0.675,140,603
2019-05-14T00:00:00.000+10:00,0.660,140,603
2019-05-15T00:00:00.000+10:00,0.641,140,603
2019-05-16T00:00:00.000+10:00,0.641,140,603
2019-05-17T00:00:00.000+10:00,0.630,140,603
2019-05-18T00:00:00.000+10:00,0.623,140,603
2019-05-19T00:00:00.000+10:00,0.611,140,603
2019-05-20T00:00:00.000+10:00,0.597,140,603
2019-05-21T00:00:00.000+10:00,0.584,140,603
2019-05-22T00:00:00.000+10:00,0.568,140,603
2019-05-23T00:00:00.000+10:00,0.549,140,603
2019-05-24T00:00:00.000+10:00,0.532,140,603
2019-05-25T00:00:00.000+10:00,0.518,140,603
2019-05-26T00:00:00.000+10:00,0.508,140,603
2019-05-27T00:00:00.000+10:00,0.492,140,603
2019-05-28T00:00:00.000+10:00,0.480,140,603
2019-05-29T00:00:00.000+10:00,0.468,140,603
2019-05-30T00:00:00.000+10:00,0.455,140,603
2019-05-31T00:00:00.000+10:00,0.441,140,603
2019-06-01T00:00:00.000+10:00,0.431,140,603
2019-06-02T00:00:00.000+10:00,0.426,140,603
2019-06-03T00:00:00.000+10:00,0.425,140,603
2019-06-04T00:00:00.000+10:00,0.419,140,603
2019-06-05T00:00:00.000+10:00,0.407,140,603
2019-06-06T00:00:00.000+10:00,0.397,140,603
2019-06-07T00:00:00.000+10:00,0.410,140,603
2019-06-08T00:00:00.000+10:00,0.421,140,603
2019-06-09T00:00:00.000+10:00,0.429,140,603
2019-06-10T00:00:00.000+10:00,0.421,140,603
2019-06-11T00:00:00.000+10:00,0.410,140,603
2019-06-12T00:00:00.000+10:00,0.404,140,603
2019-06-13T00:00:00.000+10:00,0.394,140,603
2019-06-14T00:00:00.000+10:00,0.391,140,603
2019-06-15T00:00:00.000+10:00,0.388,140,603
2019-06-16T00:00:00.000+10:00,0.384,140,603
2019-06-17T00:00:00.000+10:00,0.375,140,603
2019-06-18T00:00:00.000+10:00,0.368,140,603
2019-06-19T00:00:00.000+10:00,0.358,140,603
2019-06-20T00:00:00.000+10:00,0.346,140,603
2019-06-21T00:00:00.000+10:00,0.342,140,603
2019-06-22T00:00:00.000+10:00,0.334,140,603
2019-06-23T00:00:00.000+10:00,0.329,140,603
2019-06-24T00:00:00.000+10:00,0.345,140,603
2019-06-25T00:00:00.000+10:00,0.422,140,603
2019-06-26T00:00:00.000+10:00,0.535,140,603
2019-06-27T00:00:00.000+10:00,6.274,140,603
2019-06-28T00:00:00.000+10:00,2.572,140,603
2019-06-29T00:00:00.000+10:00,1.736,140,603
2019-06-30T00:00:00.000+10:00,1.402,140,603
2019-07-01T00:00:00.000+10:00,1.199,140,603
2019-07-02T00:00:00.000+10:00,1.062,140,603
2019-07-03T00:00:00.000+10:00,0.963,140,603
2019-07-04T00:00:00.000+10:00,0.905,140,603
2019-07-05T00:00:00.000+10:00,3.133,140,603
2019-07-06T00:00:00.000+10:00,3.732,140,603
2019-07-07T00:00:00.000+10:00,2.638,140,603
2019-07-08T00:00:00.000+10:00,2.160,140,603
2019-07-09T00:00:00.000+10:00,1.847,140,603
2019-07-10T00:00:00.000+10:00,1.599,140,603
2019-07-11T00:00:00.000+10:00,1.416,140,603
2019-07-12T00:00:00.000+10:00,1.274,140,603
2019-07-13T00:00:00.000+10:00,1.162,140,603
2019-07-14T00:00:00.000+10:00,1.061,140,603
2019-07-15T00:00:00.000+10:00,0.982,140,603
2019-07-16T00:00:00.000+10:00,0.914,140,603
2019-07-17T00:00:00.000+10:00,0.859,140,603
2019-07-18T00:00:00.000+10:00,0.814,140,603
2019-07-19T00:00:00.000+10:00,0.772,140,603
2019-07-20T00:00:00.000+10:00,0.735,140,603
2019-07-21T00:00:00.000+10:00,0.706,140,603
2019-07-22T00:00:00.000+10:00,0.682,140,603
2019-07-23T00:00:00.000+10:00,0.657,140,603
2019-07-24T00:00:00.000+10:00,0.633,140,603
2019-07-25T00:00:00.000+10:00,0.616,140,603
2019-07-26T00:00:00.000+10:00,0.598,140,603
2019-07-27T00:00:00.000+10:00,0.582,140,603
2019-07-28T00:00:00.000+10:00,0.566,140,603
2019-07-29T00:00:00.000+10:00,0.549,140,603
2019-07-30T00:00:00.000+10:00,0.538,140,603
2019-07-31T00:00:00.000+10:00,0.534,140,603
2019-08-01T00:00:00.000+10:00,0.546,140,603
2019-08-02T00:00:00.000+10:00,0.525,140,603
2019-08-03T00:00:00.000+10:00,0.510,140,603
2019-08-04T00:00:00.000+10:00,0.495,140,603
2019-08-05T00:00:00.000+10:00,0.485,140,603
2019-08-06T00:00:00.000+10:00,0.472,140,603
2019-08-07T00:00:00.000+10:00,0.458,140,603
2019-08-08T00:00:00.000+10:00,0.448,140,603
2019-08-09T00:00:00.000+10:00,0.437,140,603
2019-08-10T00:00:00.000+10:00,0.432,140,603
2019-08-11T00:00:00.000+10:00,0.424,140,603
2019-08-12T00:00:00.000+10:00,0.413,140,603
2019-08-13T00:00:00.000+10:00,0.398,140,603
2019-08-14T00:00:00.000+10:00,0.397,140,603
2019-08-15T00:00:00.000+10:00,0.389,140,603
2019-08-16T00:00:00.000+10:00,0.378,140,603
2019-08-17T00:00:00.000+10:00,0.371,140,603
2019-08-18T00:00:00.000+10:00,0.361,140,603
2019-08-19T00:00:00.000+10:00,0.352,140,603
2019-08-20T00:00:00.000+10:00,0.341,140,603
2019-08-21T00:00:00.000+10:00,0.333,140,603
2019-08-22T00:00:00.000+10:00,0.327,140,603
2019-08-23T00:00:00.000+10:00,0.318,140,603
2019-08-24T00:00:00.000+10:00,0.313,140,603
2019-08-25T00:00:00.000+10:00,0.311,140,603
2019-08-26T00:00:00.000+10:00,0.313,140,603
2019-08-27T00:00:00.000+10:00,0.315,140,603
2019-08-28T00:00:00.000+10:00,0.313,140,603
2019-08-29T00:00:00.000+10:00,0.304,140,603
2019-08-30T00:00:00.000+10:00,0.307,140,603
2019-08-31T00:00:00.000+10:00,0.317,140,603
2019-09-01T00:00:00.000+10:00,0.304,140,603
2019-09-02T00:00:00.000+10:00,0.294,140,603
2019-09-03T00:00:00.000+10:00,0.287,140,603
2019-09-04T00:00:00.000+10:00,0.279,140,603
2019-09-05T00:00:00.000+10:00,0.275,140,603
2019-09-06T00:00:00.000+10:00,0.269,140,603
2019-09-07T00:00:00.000+10:00,0.255,140,603
2019-09-08T00:00:00.000+10:00,0.250,140,603
2019-09-09T00:00:00.000+10:00,0.246,140,603
2019-09-10T00:00:00.000+10:00,0.240,140,603
2019-09-11T00:00:00.000+10:00,0.234,140,603
2019-09-12T00:00:00.000+10:00,0.230,140,603
2019-09-13T00:00:00.000+10:00,0.226,140,603
2019-09-14T00:00:00.000+10:00,0.222,140,603
2019-09-15T00:00:00.000+10:00,0.217,140,603
2019-09-16T00:00:00.000+10:00,0.213,140,603
2019-09-17T00:00:00.000+10:00,0.212,140,603
2019-09-18T00:00:00.000+10:00,0.267,140,603
2019-09-19T00:00:00.000+10:00,0.307,140,603
2019-09-20T00:00:00.000+10:00,0.353,140,603
2019-09-21T00:00:00.000+10:00,0.370,140,603
2019-09-22T00:00:00.000+10:00,0.352,140,603
2019-09-23T00:00:00.000+10:00,0.388,140,603
2019-09-24T00:00:00.000+10:00,0.370,140,603
2019-09-25T00:00:00.000+10:00,0.350,140,603
2019-09-26T00:00:00.000+10:00,0.350,140,603
2019-09-27T00:00:00.000+10:00,0.520,140,603
2019-09-28T00:00:00.000+10:00,0.474,140,603
2019-09-29T00:00:00.000+10:00,0.454,140,603
2019-09-30T00:00:00.000+10:00,0.460,140,603
2019-10-01T00:00:00.000+10:00,0.517,140,603
2019-10-02T00:00:00.000+10:00,0.514,140,603
2019-10-03T00:00:00.000+10:00,0.487,140,603
2019-10-04T00:00:00.000+10:00,0.469,140,603
2019-10-05T00:00:00.000+10:00,0.453,140,603
2019-10-06T00:00:00.000+10:00,0.436,140,603
2019-10-07T00:00:00.000+10:00,0.415,140,603
2019-10-08T00:00:00.000+10:00,0.387,140,603
2019-10-09T00:00:00.000+10:00,0.368,140,603
2019-10-10T00:00:00.000+10:00,0.349,140,603
2019-10-11T00:00:00.000+10:00,0.340,140,603
2019-10-12T00:00:00.000+10:00,0.342,140,603
2019-10-13T00:00:00.000+10:00,0.351,140,603
2019-10-14T00:00:00.000+10:00,0.338,140,603
2019-10-15T00:00:00.000+10:00,0.318,140,603
2019-10-16T00:00:00.000+10:00,0.315,140,603
2019-10-17T00:00:00.000+10:00,0.358,140,603
2019-10-18T00:00:00.000+10:00,0.332,140,603
2019-10-19T00:00:00.000+10:00,0.274,140,603
2019-10-20T00:00:00.000+10:00,0.286,140,603
2019-10-21T00:00:00.000+10:00,0.282,140,603
2019-10-22T00:00:00.000+10:00,0.272,140,603
2019-10-23T00:00:00.000+10:00,0.264,140,603
2019-10-24T00:00:00.000+10:00,0.260,140,603
2019-10-25T00:00:00.000+10:00,0.248,140,603
2019-10-26T00:00:00.000+10:00,0.234,140,603
2019-10-27T00:00:00.000+10:00,0.226,140,603
2019-10-28T00:00:00.000+10:00,0.220,140,603
2019-10-29T00:00:00.000+10:00,0.213,140,603
2019-10-30T00:00:00.000+10:00,0.204,140,603
2019-10-31T00:00:00.000+10:00,0.195,140,603
2019-11-01T00:00:00.000+10:00,0.186,140,603
2019-11-02T00:00:00.000+10:00,0.180,140,603
2019-11-03T00:00:00.000+10:00,0.175,140,603
2019-11-04T00:00:00.000+10:00,0.174,140,603
2019-11-05T00:00:00.000+10:00,0.169,140,603
2019-11-06T00:00:00.000+10:00,0.168,140,603
2019-11-07T00:00:00.000+10:00,0.161,140,603
2019-11-08T00:00:00.000+10:00,0.150,140,603
2019-11-09T00:00:00.000+10:00,0.147,140,603
2019-11-10T00:00:00.000+10:00,0.142,140,603
2019-11-11T00:00:00.000+10:00,0.138,140,603
2019-11-12T00:00:00.000+10:00,0.137,140,603
2019-11-13T00:00:00.000+10:00,0.132,140,603
2019-11-14T00:00:00.000+10:00,0.127,140,603
2019-11-15T00:00:00.000+10:00,0.125,140,603
2019-11-16T00:00:00.000+10:00,0.120,140,603
2019-11-17T00:00:00.000+10:00,0.118,140,603
2019-11-18T00:00:00.000+10:00,0.116,140,603
2019-11-19T00:00:00.000+10:00,0.114,140,603
2019-11-20T00:00:00.000+10:00,0.110,140,603
2019-11-21T00:00:00.000+10:00,0.110,140,603
2019-11-22T00:00:00.000+10:00,0.109,140,603
2019-11-23T00:00:00.000+10:00,0.110,140,603
2019-11-24T00:00:00.000+10:00,0.108,140,603
2019-11-25T00:00:00.000+10:00,0.108,140,603
2019-11-26T00:00:00.000+10:00,0.108,140,603
2019-11-27T00:00:00.000+10:00,0.102,140,603
2019-11-28T00:00:00.000+10:00,0.106,140,603
2019-11-29T00:00:00.000+10:00,0.114,140,603
2019-11-30T00:00:00.000+10:00,0.111,140,603
2019-12-01T00:00:00.000+10:00,0.106,140,603
2019-12-02T00:00:00.000+10:00,0.109,140,603
2019-12-03T00:00:00.000+10:00,0.108,140,603
2019-12-04T00:00:00.000+10:00,0.100,140,603
2019-12-05T00:00:00.000+10:00,0.100,140,603
2019-12-06T00:00:00.000+10:00,0.096,140,603
2019-12-07T00:00:00.000+10:00,0.099,140,603
2019-12-08T00:00:00.000+10:00,0.099,140,603
2019-12-09T00:00:00.000+10:00,0.098,140,603
2019-12-10T00:00:00.000+10:00,0.100,140,603
2019-12-11T00:00:00.000+10:00,0.100,140,603
2019-12-12T00:00:00.000+10:00,0.102,140,603
2019-12-13T00:00:00.000+10:00,0.104,140,603
2019-12-14T00:00:00.000+10:00,0.101,140,603
2019-12-15T00:00:00.000+10:00,0.097,140,603
2019-12-16T00:00:00.000+10:00,0.095,140,603
2019-12-17T00:00:00.000+10:00,0.099,140,603
2019-12-18T00:00:00.000+10:00,0.101,140,603
2019-12-19T00:00:00.000+10:00,0.102,140,603
2019-12-20T00:00:00.000+10:00,0.102,140,603
2019-12-21T00:00:00.000+10:00,0.098,140,603
2019-12-22T00:00:00.000+10:00,0.097,140,603
2019-12-23T00:00:00.000+10:00,0.097,140,603
2019-12-24T00:00:00.000+10:00,0.100,140,603
2019-12-25T00:00:00.000+10:00,0.112,140,603
2019-12-26T00:00:00.000+10:00,0.105,140,603
2019-12-27T00:00:00.000+10:00,0.098,140,603
2019-12-28T00:00:00.000+10:00,0.095,140,603
2019-12-29T00:00:00.000+10:00,0.094,140,603
2019-12-30T00:00:00.000+10:00,0.092,140,603
2019-12-31T00:00:00.000+10:00,0.090,140,603
2020-01-01T00:00:00.000+10:00,0.087,140,603
2020-01-02T00:00:00.000+10:00,0.086,140,603
2020-01-03T00:00:00.000+10:00,0.088,140,603
2020-01-04T00:00:00.000+10:00,0.083,140,603
2020-01-05T00:00:00.000+10:00,0.083,140,603
2020-01-06T00:00:00.000+10:00,0.081,140,603
2020-01-07T00:00:00.000+10:00,0.076,140,603
2020-01-08T00:00:00.000+10:00,0.076,140,603
2020-01-09T00:00:00.000+10:00,0.071,140,603
2020-01-10T00:00:00.000+10:00,0.074,140,603
2020-01-11T00:00:00.000+10:00,0.077,140,603
2020-01-12T00:00:00.000+10:00,0.079,140,603
2020-01-13T00:00:00.000+10:00,0.069,140,603
2020-01-14T00:00:00.000+10:00,0.064,140,603
2020-01-15T00:00:00.000+10:00,0.069,140,603
2020-01-16T00:00:00.000+10:00,0.066,140,603
2020-01-17T00:00:00.000+10:00,0.075,140,603
2020-01-18T00:00:00.000+10:00,0.840,140,603
2020-01-19T00:00:00.000+10:00,27.549,140,603
2020-01-20T00:00:00.000+10:00,4.487,140,603
2020-01-21T00:00:00.000+10:00,2.283,140,603
2020-01-22T00:00:00.000+10:00,1.924,140,603
2020-01-23T00:00:00.000+10:00,1.628,140,603
2020-01-24T00:00:00.000+10:00,1.320,140,603
2020-01-25T00:00:00.000+10:00,1.038,140,603
2020-01-26T00:00:00.000+10:00,0.915,140,603
2020-01-27T00:00:00.000+10:00,0.829,140,603
2020-01-28T00:00:00.000+10:00,0.779,140,603
2020-01-29T00:00:00.000+10:00,0.736,140,603
2020-01-30T00:00:00.000+10:00,0.685,140,603
2020-01-31T00:00:00.000+10:00,0.645,140,603
2020-02-01T00:00:00.000+10:00,0.614,140,603
2020-02-02T00:00:00.000+10:00,0.612,140,603
2020-02-03T00:00:00.000+10:00,0.620,140,603
2020-02-04T00:00:00.000+10:00,0.617,140,603
2020-02-05T00:00:00.000+10:00,0.564,140,603
2020-02-06T00:00:00.000+10:00,19.775,140,603
2020-02-07T00:00:00.000+10:00,55.932,140,603
2020-02-08T00:00:00.000+10:00,14.785,140,603
2020-02-09T00:00:00.000+10:00,82.988,140,603
2020-02-10T00:00:00.000+10:00,25.882,140,603
2020-02-11T00:00:00.000+10:00,128.781,140,603
2020-02-12T00:00:00.000+10:00,82.049,140,603
2020-02-13T00:00:00.000+10:00,95.050,140,603
2020-02-14T00:00:00.000+10:00,44.892,140,603
2020-02-15T00:00:00.000+10:00,20.787,140,603
2020-02-16T00:00:00.000+10:00,14.193,140,603
2020-02-17T00:00:00.000+10:00,14.991,140,603
2020-02-18T00:00:00.000+10:00,12.777,140,603
2020-02-19T00:00:00.000+10:00,8.833,140,603
2020-02-20T00:00:00.000+10:00,6.602,140,603
2020-02-21T00:00:00.000+10:00,5.218,140,603
2020-02-22T00:00:00.000+10:00,4.775,140,603
2020-02-23T00:00:00.000+10:00,4.353,140,603
2020-02-24T00:00:00.000+10:00,13.613,140,603
2020-02-25T00:00:00.000+10:00,13.202,140,603
2020-02-26T00:00:00.000+10:00,9.364,140,603
2020-02-27T00:00:00.000+10:00,7.194,140,603
2020-02-28T00:00:00.000+10:00,5.659,140,603
2020-02-29T00:00:00.000+10:00,4.664,140,603
2020-03-01T00:00:00.000+10:00,3.980,140,603
2020-03-02T00:00:00.000+10:00,3.446,140,603
2020-03-03T00:00:00.000+10:00,3.039,140,603
2020-03-04T00:00:00.000+10:00,2.857,140,603
2020-03-05T00:00:00.000+10:00,2.947,140,603
2020-03-06T00:00:00.000+10:00,2.860,140,603
2020-03-07T00:00:00.000+10:00,2.929,140,603
2020-03-08T00:00:00.000+10:00,2.545,140,603
2020-03-09T00:00:00.000+10:00,2.786,140,603
2020-03-10T00:00:00.000+10:00,5.596,140,603
2020-03-11T00:00:00.000+10:00,6.299,140,603
2020-03-12T00:00:00.000+10:00,4.996,140,603
2020-03-13T00:00:00.000+10:00,4.183,140,603
2020-03-14T00:00:00.000+10:00,3.637,140,603
2020-03-15T00:00:00.000+10:00,8.963,140,603
2020-03-16T00:00:00.000+10:00,10.493,140,603
2020-03-17T00:00:00.000+10:00,7.297,140,603
2020-03-18T00:00:00.000+10:00,6.208,140,603
2020-03-19T00:00:00.000+10:00,5.078,140,603
2020-03-20T00:00:00.000+10:00,4.335,140,603
2020-03-21T00:00:00.000+10:00,3.730,140,603
2020-03-22T00:00:00.000+10:00,3.324,140,603
2020-03-23T00:00:00.000+10:00,3.037,140,603
2020-03-24T00:00:00.000+10:00,2.872,140,603
2020-03-25T00:00:00.000+10:00,2.611,140,603
2020-03-26T00:00:00.000+10:00,3.855,140,603
2020-03-27T00:00:00.000+10:00,6.569,140,603
2020-03-28T00:00:00.000+10:00,4.098,140,603
2020-03-29T00:00:00.000+10:00,4.033,140,603
2020-03-30T00:00:00.000+10:00,3.725,140,603
2020-03-31T00:00:00.000+10:00,3.529,140,603
2020-04-01T00:00:00.000+10:00,3.147,140,603
2020-04-02T00:00:00.000+10:00,2.857,140,603
2020-04-03T00:00:00.000+10:00,2.881,140,603
2020-04-04T00:00:00.000+10:00,3.471,140,603
2020-04-05T00:00:00.000+10:00,2.687,140,603
2020-04-06T00:00:00.000+10:00,2.422,140,603
2020-04-07T00:00:00.000+10:00,2.271,140,603
2020-04-08T00:00:00.000+10:00,2.204,140,603
2020-04-09T00:00:00.000+10:00,2.128,140,603
2020-04-10T00:00:00.000+10:00,2.200,140,603
2020-04-11T00:00:00.000+10:00,2.097,140,603
2020-04-12T00:00:00.000+10:00,1.929,140,603
2020-04-13T00:00:00.000+10:00,1.789,140,603
2020-04-14T00:00:00.000+10:00,1.699,140,603
2020-04-15T00:00:00.000+10:00,1.626,140,603
2020-04-16T00:00:00.000+10:00,1.567,140,603
2020-04-17T00:00:00.000+10:00,1.515,140,603
2020-04-18T00:00:00.000+10:00,1.481,140,603
2020-04-19T00:00:00.000+10:00,1.433,140,603
2020-04-20T00:00:00.000+10:00,1.381,140,603
2020-04-21T00:00:00.000+10:00,1.331,140,603
2020-04-22T00:00:00.000+10:00,1.288,140,603
2020-04-23T00:00:00.000+10:00,1.241,140,603
2020-04-24T00:00:00.000+10:00,1.207,140,603
2020-04-25T00:00:00.000+10:00,1.167,140,603
2020-04-26T00:00:00.000+10:00,1.136,140,603
2020-04-27T00:00:00.000+10:00,1.116,140,603
2020-04-28T00:00:00.000+10:00,1.298,140,603
2020-04-29T00:00:00.000+10:00,1.192,140,603
2020-04-30T00:00:00.000+10:00,1.119,140,603
2020-05-01T00:00:00.000+10:00,1.065,140,603
2020-05-02T00:00:00.000+10:00,1.028,140,603
2020-05-03T00:00:00.000+10:00,0.998,140,603
2020-05-04T00:00:00.000+10:00,0.967,140,603
2020-05-05T00:00:00.000+10:00,0.946,140,603
2020-05-06T00:00:00.000+10:00,0.962,140,603
2020-05-07T00:00:00.000+10:00,0.960,140,603
2020-05-08T00:00:00.000+10:00,0.941,140,603
2020-05-09T00:00:00.000+10:00,0.921,140,603
2020-05-10T00:00:00.000+10:00,0.906,140,603
2020-05-11T00:00:00.000+10:00,0.884,140,603
2020-05-12T00:00:00.000+10:00,0.862,140,603
2020-05-13T00:00:00.000+10:00,0.840,140,603
2020-05-14T00:00:00.000+10:00,0.820,140,603
2020-05-15T00:00:00.000+10:00,0.795,140,603
2020-05-16T00:00:00.000+10:00,0.774,140,603
2020-05-17T00:00:00.000+10:00,0.759,140,603
2020-05-18T00:00:00.000+10:00,0.771,140,603
2020-05-19T00:00:00.000+10:00,0.764,140,603
2020-05-20T00:00:00.000+10:00,0.775,140,603
2020-05-21T00:00:00.000+10:00,0.776,140,603
2020-05-22T00:00:00.000+10:00,0.778,140,603
2020-05-23T00:00:00.000+10:00,0.756,140,603
2020-05-24T00:00:00.000+10:00,0.740,140,603
2020-05-25T00:00:00.000+10:00,0.719,140,603
2020-05-26T00:00:00.000+10:00,0.700,140,603
2020-05-27T00:00:00.000+10:00,0.682,140,603
2020-05-28T00:00:00.000+10:00,0.671,140,603
2020-05-29T00:00:00.000+10:00,0.663,140,603
2020-05-30T00:00:00.000+10:00,0.648,140,603
2020-05-31T00:00:00.000+10:00,0.643,140,603
2020-06-01T00:00:00.000+10:00,0.634,140,603
2020-06-02T00:00:00.000+10:00,0.621,140,603
2020-06-03T00:00:00.000+10:00,0.607,140,603
2020-06-04T00:00:00.000+10:00,0.593,140,603
2020-06-05T00:00:00.000+10:00,0.580,140,603
2020-06-06T00:00:00.000+10:00,0.570,140,603
2020-06-07T00:00:00.000+10:00,0.573,140,603
2020-06-08T00:00:00.000+10:00,0.674,140,603
2020-06-09T00:00:00.000+10:00,0.622,140,603
2020-06-10T00:00:00.000+10:00,2.245,140,603
2020-06-11T00:00:00.000+10:00,4.568,140,603
2020-06-12T00:00:00.000+10:00,2.146,140,603
2020-06-13T00:00:00.000+10:00,1.580,140,603
2020-06-14T00:00:00.000+10:00,1.409,140,603
2020-06-15T00:00:00.000+10:00,1.330,140,603
2020-06-16T00:00:00.000+10:00,1.201,140,603
2020-06-17T00:00:00.000+10:00,1.118,140,603
2020-06-18T00:00:00.000+10:00,1.675,140,603
2020-06-19T00:00:00.000+10:00,3.542,140,603
2020-06-20T00:00:00.000+10:00,2.477,140,603
2020-06-21T00:00:00.000+10:00,2.076,140,603
2020-06-22T00:00:00.000+10:00,1.814,140,603
2020-06-23T00:00:00.000+10:00,1.605,140,603
2020-06-24T00:00:00.000+10:00,1.458,140,603
2020-06-25T00:00:00.000+10:00,1.343,140,603
2020-06-26T00:00:00.000+10:00,1.245,140,603
2020-06-27T00:00:00.000+10:00,1.162,140,603
2020-06-28T00:00:00.000+10:00,1.093,140,603
2020-06-29T00:00:00.000+10:00,1.034,140,603
2020-06-30T00:00:00.000+10:00,0.985,140,603
2020-07-01T00:00:00.000+10:00,0.948,140,603
2020-07-02T00:00:00.000+10:00,0.913,140,603
2020-07-03T00:00:00.000+10:00,0.885,140,603
2020-07-04T00:00:00.000+10:00,0.857,140,603
2020-07-05T00:00:00.000+10:00,0.826,140,603
2020-07-06T00:00:00.000+10:00,0.806,140,603
2020-07-07T00:00:00.000+10:00,0.787,140,603
2020-07-08T00:00:00.000+10:00,0.772,140,603
2020-07-09T00:00:00.000+10:00,0.762,140,603
2020-07-10T00:00:00.000+10:00,0.750,140,603
2020-07-11T00:00:00.000+10:00,0.741,140,603
2020-07-12T00:00:00.000+10:00,0.733,140,603
2020-07-13T00:00:00.000+10:00,0.718,140,603
2020-07-14T00:00:00.000+10:00,0.696,140,603
2020-07-15T00:00:00.000+10:00,0.678,140,603
2020-07-16T00:00:00.000+10:00,0.667,140,603
2020-07-17T00:00:00.000+10:00,0.653,140,603
2020-07-18T00:00:00.000+10:00,0.638,140,603
2020-07-19T00:00:00.000+10:00,0.625,140,603
2020-07-20T00:00:00.000+10:00,0.613,140,603
2020-07-21T00:00:00.000+10:00,0.598,140,603
2020-07-22T00:00:00.000+10:00,0.587,140,603
2020-07-23T00:00:00.000+10:00,0.579,140,603
2020-07-24T00:00:00.000+10:00,0.572,140,603
2020-07-25T00:00:00.000+10:00,0.590,140,603
2020-07-26T00:00:00.000+10:00,2.389,140,603
2020-07-27T00:00:00.000+10:00,2.591,140,603
2020-07-28T00:00:00.000+10:00,1.513,140,603
2020-07-29T00:00:00.000+10:00,1.256,140,603
2020-07-30T00:00:00.000+10:00,1.136,140,603
2020-07-31T00:00:00.000+10:00,1.061,140,603
2020-08-01T00:00:00.000+10:00,1.001,140,603
2020-08-02T00:00:00.000+10:00,0.947,140,603
2020-08-03T00:00:00.000+10:00,0.901,140,603
2020-08-04T00:00:00.000+10:00,0.863,140,603
2020-08-05T00:00:00.000+10:00,0.823,140,603
2020-08-06T00:00:00.000+10:00,0.788,140,603
2020-08-07T00:00:00.000+10:00,0.776,140,603
2020-08-08T00:00:00.000+10:00,0.802,140,603
2020-08-09T00:00:00.000+10:00,0.763,140,603
2020-08-10T00:00:00.000+10:00,0.740,140,603
2020-08-11T00:00:00.000+10:00,0.715,140,603
2020-08-12T00:00:00.000+10:00,0.691,140,603
2020-08-13T00:00:00.000+10:00,0.673,140,603
2020-08-14T00:00:00.000+10:00,0.655,140,603
2020-08-15T00:00:00.000+10:00,0.653,140,603
2020-08-16T00:00:00.000+10:00,0.628,140,603
2020-08-17T00:00:00.000+10:00,0.608,140,603
2020-08-18T00:00:00.000+10:00,0.592,140,603
2020-08-19T00:00:00.000+10:00,0.578,140,603
2020-08-20T00:00:00.000+10:00,0.557,140,603
2020-08-21T00:00:00.000+10:00,0.541,140,603
2020-08-22T00:00:00.000+10:00,0.526,140,603
2020-08-23T00:00:00.000+10:00,0.508,140,603
2020-08-24T00:00:00.000+10:00,0.494,140,603
2020-08-25T00:00:00.000+10:00,0.485,140,603
2020-08-26T00:00:00.000+10:00,0.475,140,603
2020-08-27T00:00:00.000+10:00,0.463,140,603
2020-08-28T00:00:00.000+10:00,0.454,140,603
2020-08-29T00:00:00.000+10:00,0.444,140,603
2020-08-30T00:00:00.000+10:00,0.435,140,603
2020-08-31T00:00:00.000+10:00,0.427,140,603
2020-09-01T00:00:00.000+10:00,0.420,140,603
2020-09-02T00:00:00.000+10:00,0.413,140,603
2020-09-03T00:00:00.000+10:00,0.406,140,603
2020-09-04T00:00:00.000+10:00,0.400,140,603
2020-09-05T00:00:00.000+10:00,0.413,140,603
2020-09-06T00:00:00.000+10:00,0.568,140,603
2020-09-07T00:00:00.000+10:00,0.469,140,603
2020-09-08T00:00:00.000+10:00,0.433,140,603
2020-09-09T00:00:00.000+10:00,0.420,140,603
2020-09-10T00:00:00.000+10:00,0.460,140,603
2020-09-11T00:00:00.000+10:00,1.507,140,603
2020-09-12T00:00:00.000+10:00,0.955,140,603
2020-09-13T00:00:00.000+10:00,0.813,140,603
2020-09-14T00:00:00.000+10:00,0.761,140,603
2020-09-15T00:00:00.000+10:00,0.734,140,603
2020-09-16T00:00:00.000+10:00,0.710,140,603
2020-09-17T00:00:00.000+10:00,0.679,140,603
2020-09-18T00:00:00.000+10:00,0.647,140,603
2020-09-19T00:00:00.000+10:00,0.620,140,603
2020-09-20T00:00:00.000+10:00,0.596,140,603
2020-09-21T00:00:00.000+10:00,0.571,140,603
2020-09-22T00:00:00.000+10:00,0.551,140,603
2020-09-23T00:00:00.000+10:00,0.525,140,603
2020-09-24T00:00:00.000+10:00,0.503,140,603
2020-09-25T00:00:00.000+10:00,0.483,140,603
2020-09-26T00:00:00.000+10:00,0.463,140,603
2020-09-27T00:00:00.000+10:00,0.447,140,603
2020-09-28T00:00:00.000+10:00,0.434,140,603
2020-09-29T00:00:00.000+10:00,0.425,140,603
2020-09-30T00:00:00.000+10:00,0.422,140,603
2020-10-01T00:00:00.000+10:00,0.408,140,603
2020-10-02T00:00:00.000+10:00,0.399,140,603
2020-10-03T00:00:00.000+10:00,0.390,140,603
2020-10-04T00:00:00.000+10:00,0.389,140,603
2020-10-05T00:00:00.000+10:00,0.384,140,603
2020-10-06T00:00:00.000+10:00,0.374,140,603
2020-10-07T00:00:00.000+10:00,0.370,140,603
2020-10-08T00:00:00.000+10:00,0.355,140,603
2020-10-09T00:00:00.000+10:00,0.334,140,603
2020-10-10T00:00:00.000+10:00,0.324,140,603
2020-10-11T00:00:00.000+10:00,0.329,140,603
2020-10-12T00:00:00.000+10:00,0.394,140,603
2020-10-13T00:00:00.000+10:00,0.410,140,603
2020-10-14T00:00:00.000+10:00,0.431,140,603
2020-10-15T00:00:00.000+10:00,0.509,140,603
2020-10-16T00:00:00.000+10:00,0.537,140,603
2020-10-17T00:00:00.000+10:00,0.531,140,603
2020-10-18T00:00:00.000+10:00,0.405,140,603
2020-10-19T00:00:00.000+10:00,0.304,140,603
2020-10-20T00:00:00.000+10:00,0.340,140,603
2020-10-21T00:00:00.000+10:00,0.332,140,603
2020-10-22T00:00:00.000+10:00,0.304,140,603
2020-10-23T00:00:00.000+10:00,0.309,140,603
2020-10-24T00:00:00.000+10:00,0.343,140,603
2020-10-25T00:00:00.000+10:00,0.346,140,603
2020-10-26T00:00:00.000+10:00,0.473,140,603
2020-10-27T00:00:00.000+10:00,0.492,140,603
2020-10-28T00:00:00.000+10:00,0.480,140,603
2020-10-29T00:00:00.000+10:00,1.886,140,603
2020-10-30T00:00:00.000+10:00,1.608,140,603
2020-10-31T00:00:00.000+10:00,1.051,140,603
2020-11-01T00:00:00.000+10:00,0.885,140,603
2020-11-02T00:00:00.000+10:00,0.805,140,603
2020-11-03T00:00:00.000+10:00,0.758,140,603
2020-11-04T00:00:00.000+10:00,0.721,140,603
2020-11-05T00:00:00.000+10:00,0.695,140,603
2020-11-06T00:00:00.000+10:00,0.674,140,603
2020-11-07T00:00:00.000+10:00,0.638,140,603
2020-11-08T00:00:00.000+10:00,0.626,140,603
2020-11-09T00:00:00.000+10:00,0.597,140,603
2020-11-10T00:00:00.000+10:00,0.564,140,603
2020-11-11T00:00:00.000+10:00,0.535,140,603
2020-11-12T00:00:00.000+10:00,0.510,140,603
2020-11-13T00:00:00.000+10:00,0.498,140,603
2020-11-14T00:00:00.000+10:00,0.487,140,603
2020-11-15T00:00:00.000+10:00,0.457,140,603
2020-11-16T00:00:00.000+10:00,0.437,140,603
2020-11-17T00:00:00.000+10:00,0.413,140,603
2020-11-18T00:00:00.000+10:00,0.391,140,603
2020-11-19T00:00:00.000+10:00,0.376,140,603
2020-11-20T00:00:00.000+10:00,0.361,140,603
2020-11-21T00:00:00.000+10:00,0.344,140,603
2020-11-22T00:00:00.000+10:00,0.329,140,603
2020-11-23T00:00:00.000+10:00,0.311,140,603
2020-11-24T00:00:00.000+10:00,0.298,140,603
2020-11-25T00:00:00.000+10:00,0.282,140,603
2020-11-26T00:00:00.000+10:00,0.269,140,603
2020-11-27T00:00:00.000+10:00,0.263,140,603
2020-11-28T00:00:00.000+10:00,0.252,140,603
2020-11-29T00:00:00.000+10:00,0.238,140,603
2020-11-30T00:00:00.000+10:00,0.221,140,603
2020-12-01T00:00:00.000+10:00,0.213,140,603
2020-12-02T00:00:00.000+10:00,0.211,140,603
2020-12-03T00:00:00.000+10:00,0.214,140,603
2020-12-04T00:00:00.000+10:00,0.211,140,603
2020-12-05T00:00:00.000+10:00,0.201,140,603
2020-12-06T00:00:00.000+10:00,0.192,140,603
2020-12-07T00:00:00.000+10:00,0.186,140,603
2020-12-08T00:00:00.000+10:00,0.181,140,603
2020-12-09T00:00:00.000+10:00,0.175,140,603
2020-12-10T00:00:00.000+10:00,0.173,140,603
2020-12-11T00:00:00.000+10:00,0.192,140,603
2020-12-12T00:00:00.000+10:00,19.935,140,603
2020-12-13T00:00:00.000+10:00,13.801,140,603
2020-12-14T00:00:00.000+10:00,114.329,140,603
2020-12-15T00:00:00.000+10:00,175.483,140,603
2020-12-16T00:00:00.000+10:00,49.975,140,603
2020-12-17T00:00:00.000+10:00,47.853,140,603
2020-12-18T00:00:00.000+10:00,33.869,140,603
2020-12-19T00:00:00.000+10:00,17.578,140,603
2020-12-20T00:00:00.000+10:00,12.224,140,603
2020-12-21T00:00:00.000+10:00,9.489,140,603
2020-12-22T00:00:00.000+10:00,7.722,140,603
2020-12-23T00:00:00.000+10:00,6.201,140,603
2020-12-24T00:00:00.000+10:00,5.169,140,603
2020-12-25T00:00:00.000+10:00,4.525,140,603
2020-12-26T00:00:00.000+10:00,4.285,140,603
2020-12-27T00:00:00.000+10:00,3.846,140,603
2020-12-28T00:00:00.000+10:00,3.416,140,603
2020-12-29T00:00:00.000+10:00,3.406,140,603
2020-12-30T00:00:00.000+10:00,5.017,140,603
2020-12-31T00:00:00.000+10:00,4.347,140,603
2021-01-01T00:00:00.000+10:00,4.195,140,603
2021-01-02T00:00:00.000+10:00,23.816,140,603
2021-01-03T00:00:00.000+10:00,16.561,140,603
2021-01-04T00:00:00.000+10:00,11.095,140,603
2021-01-05T00:00:00.000+10:00,14.273,140,603
2021-01-06T00:00:00.000+10:00,14.610,140,603
2021-01-07T00:00:00.000+10:00,24.919,140,603
2021-01-08T00:00:00.000+10:00,19.887,140,603
2021-01-09T00:00:00.000+10:00,14.985,140,603
2021-01-10T00:00:00.000+10:00,13.277,140,603
2021-01-11T00:00:00.000+10:00,10.946,140,603
2021-01-12T00:00:00.000+10:00,9.107,140,603
2021-01-13T00:00:00.000+10:00,7.578,140,603
2021-01-14T00:00:00.000+10:00,6.478,140,603
2021-01-15T00:00:00.000+10:00,5.629,140,603
2021-01-16T00:00:00.000+10:00,4.969,140,603
2021-01-17T00:00:00.000+10:00,4.376,140,603
2021-01-18T00:00:00.000+10:00,4.027,140,603
2021-01-19T00:00:00.000+10:00,3.818,140,603
2021-01-20T00:00:00.000+10:00,4.255,140,603
2021-01-21T00:00:00.000+10:00,3.797,140,603
2021-01-22T00:00:00.000+10:00,3.355,140,603
2021-01-23T00:00:00.000+10:00,3.075,140,603
2021-01-24T00:00:00.000+10:00,2.847,140,603
2021-01-25T00:00:00.000+10:00,2.658,140,603
2021-01-26T00:00:00.000+10:00,2.504,140,603
2021-01-27T00:00:00.000+10:00,2.360,140,603
2021-01-28T00:00:00.000+10:00,10.431,140,603
2021-01-29T00:00:00.000+10:00,4.559,140,603
2021-01-30T00:00:00.000+10:00,3.887,140,603
2021-01-31T00:00:00.000+10:00,3.457,140,603
2021-02-01T00:00:00.000+10:00,3.156,140,603
2021-02-02T00:00:00.000+10:00,2.886,140,603
2021-02-03T00:00:00.000+10:00,2.693,140,603
2021-02-04T00:00:00.000+10:00,2.498,140,603
2021-02-05T00:00:00.000+10:00,2.350,140,603
2021-02-06T00:00:00.000+10:00,2.234,140,603
2021-02-07T00:00:00.000+10:00,2.249,140,603
2021-02-08T00:00:00.000+10:00,2.193,140,603
2021-02-09T00:00:00.000+10:00,2.165,140,603
2021-02-10T00:00:00.000+10:00,2.123,140,603
2021-02-11T00:00:00.000+10:00,2.173,140,603
2021-02-12T00:00:00.000+10:00,2.020,140,603
2021-02-13T00:00:00.000+10:00,1.954,140,603
2021-02-14T00:00:00.000+10:00,5.003,140,603
2021-02-15T00:00:00.000+10:00,3.363,140,603
2021-02-16T00:00:00.000+10:00,4.540,140,603
2021-02-17T00:00:00.000+10:00,12.067,140,603
2021-02-18T00:00:00.000+10:00,28.587,140,603
2021-02-19T00:00:00.000+10:00,37.316,140,603
2021-02-20T00:00:00.000+10:00,32.845,140,603
2021-02-21T00:00:00.000+10:00,17.227,140,603
2021-02-22T00:00:00.000+10:00,14.898,140,603
2021-02-23T00:00:00.000+10:00,12.394,140,603
2021-02-24T00:00:00.000+10:00,23.759,140,603
2021-02-25T00:00:00.000+10:00,90.462,140,603
2021-02-26T00:00:00.000+10:00,61.482,140,603
2021-02-27T00:00:00.000+10:00,27.935,140,603
2021-02-28T00:00:00.000+10:00,19.793,140,603
2021-03-01T00:00:00.000+10:00,14.753,140,603
2021-03-02T00:00:00.000+10:00,11.690,140,603
2021-03-03T00:00:00.000+10:00,10.177,140,603
2021-03-04T00:00:00.000+10:00,10.793,140,603
2021-03-05T00:00:00.000+10:00,8.833,140,603
2021-03-06T00:00:00.000+10:00,7.664,140,603
2021-03-07T00:00:00.000+10:00,6.847,140,603
2021-03-08T00:00:00.000+10:00,6.087,140,603
2021-03-09T00:00:00.000+10:00,5.589,140,603
2021-03-10T00:00:00.000+10:00,5.080,140,603
2021-03-11T00:00:00.000+10:00,4.922,140,603
2021-03-12T00:00:00.000+10:00,4.517,140,603
2021-03-13T00:00:00.000+10:00,4.318,140,603
2021-03-14T00:00:00.000+10:00,4.342,140,603
2021-03-15T00:00:00.000+10:00,10.013,140,603
2021-03-16T00:00:00.000+10:00,6.884,140,603
2021-03-17T00:00:00.000+10:00,6.717,140,603
2021-03-18T00:00:00.000+10:00,34.705,140,603
2021-03-19T00:00:00.000+10:00,97.101,140,603
2021-03-20T00:00:00.000+10:00,32.079,140,603
2021-03-21T00:00:00.000+10:00,73.003,140,603
2021-03-22T00:00:00.000+10:00,163.993,140,603
2021-03-23T00:00:00.000+10:00,86.269,140,603
2021-03-24T00:00:00.000+10:00,47.767,140,603
2021-03-25T00:00:00.000+10:00,25.814,140,603
2021-03-26T00:00:00.000+10:00,18.116,140,603
2021-03-27T00:00:00.000+10:00,14.404,140,603
2021-03-28T00:00:00.000+10:00,12.161,140,603
2021-03-29T00:00:00.000+10:00,10.617,140,603
2021-03-30T00:00:00.000+10:00,9.500,140,603
2021-03-31T00:00:00.000+10:00,8.575,140,603
2021-04-01T00:00:00.000+10:00,7.653,140,603
2021-04-02T00:00:00.000+10:00,7.075,140,603
2021-04-03T00:00:00.000+10:00,6.401,140,603
2021-04-04T00:00:00.000+10:00,5.896,140,603
2021-04-05T00:00:00.000+10:00,5.555,140,603
2021-04-06T00:00:00.000+10:00,7.137,140,603
2021-04-07T00:00:00.000+10:00,13.169,140,603
2021-04-08T00:00:00.000+10:00,18.666,140,603
2021-04-09T00:00:00.000+10:00,13.976,140,603
2021-04-10T00:00:00.000+10:00,10.778,140,603
2021-04-11T00:00:00.000+10:00,8.956,140,603
2021-04-12T00:00:00.000+10:00,7.556,140,603
2021-04-13T00:00:00.000+10:00,6.665,140,603
2021-04-14T00:00:00.000+10:00,6.023,140,603
2021-04-15T00:00:00.000+10:00,5.510,140,603
2021-04-16T00:00:00.000+10:00,5.070,140,603
2021-04-17T00:00:00.000+10:00,5.062,140,603
2021-04-18T00:00:00.000+10:00,4.966,140,603
2021-04-19T00:00:00.000+10:00,4.343,140,603
2021-04-20T00:00:00.000+10:00,4.043,140,603
2021-04-21T00:00:00.000+10:00,3.804,140,603
2021-04-22T00:00:00.000+10:00,3.588,140,603
2021-04-23T00:00:00.000+10:00,3.392,140,603
2021-04-24T00:00:00.000+10:00,3.224,140,603
2021-04-25T00:00:00.000+10:00,3.097,140,603
2021-04-26T00:00:00.000+10:00,2.982,140,603
2021-04-27T00:00:00.000+10:00,2.861,140,603
2021-04-28T00:00:00.000+10:00,2.768,140,603
2021-04-29T00:00:00.000+10:00,2.725,140,603
2021-04-30T00:00:00.000+10:00,2.616,140,603
2021-05-01T00:00:00.000+10:00,2.772,140,603
2021-05-02T00:00:00.000+10:00,3.016,140,603
2021-05-03T00:00:00.000+10:00,2.724,140,603
2021-05-04T00:00:00.000+10:00,2.569,140,603
2021-05-05T00:00:00.000+10:00,2.688,140,603
2021-05-06T00:00:00.000+10:00,3.256,140,603
2021-05-07T00:00:00.000+10:00,2.947,140,603
2021-05-08T00:00:00.000+10:00,2.696,140,603
2021-05-09T00:00:00.000+10:00,2.609,140,603
2021-05-10T00:00:00.000+10:00,3.167,140,603
2021-05-11T00:00:00.000+10:00,2.741,140,603
2021-05-12T00:00:00.000+10:00,3.121,140,603
2021-05-13T00:00:00.000+10:00,5.563,140,603
2021-05-14T00:00:00.000+10:00,3.331,140,603
2021-05-15T00:00:00.000+10:00,2.912,140,603
2021-05-16T00:00:00.000+10:00,2.661,140,603
2021-05-17T00:00:00.000+10:00,2.482,140,603
2021-05-18T00:00:00.000+10:00,2.347,140,603
2021-05-19T00:00:00.000+10:00,2.244,140,603
2021-05-20T00:00:00.000+10:00,2.155,140,603
2021-05-21T00:00:00.000+10:00,2.056,140,603
2021-05-22T00:00:00.000+10:00,1.978,140,603
2021-05-23T00:00:00.000+10:00,1.923,140,603
2021-05-24T00:00:00.000+10:00,1.837,140,603
2021-05-25T00:00:00.000+10:00,1.836,140,603
2021-05-26T00:00:00.000+10:00,1.754,140,603
2021-05-27T00:00:00.000+10:00,1.686,140,603
2021-05-28T00:00:00.000+10:00,1.608,140,603
2021-05-29T00:00:00.000+10:00,1.535,140,603
2021-05-30T00:00:00.000+10:00,1.481,140,603
2021-05-31T00:00:00.000+10:00,1.446,140,603
2021-06-01T00:00:00.000+10:00,1.413,140,603
2021-06-02T00:00:00.000+10:00,1.394,140,603
2021-06-03T00:00:00.000+10:00,1.385,140,603
2021-06-04T00:00:00.000+10:00,1.410,140,603
2021-06-05T00:00:00.000+10:00,1.335,140,603
2021-06-06T00:00:00.000+10:00,1.280,140,603
2021-06-07T00:00:00.000+10:00,1.245,140,603
2021-06-08T00:00:00.000+10:00,1.225,140,603
2021-06-09T00:00:00.000+10:00,1.258,140,603
2021-06-10T00:00:00.000+10:00,1.229,140,603
2021-06-11T00:00:00.000+10:00,1.172,140,603
2021-06-12T00:00:00.000+10:00,1.135,140,603
2021-06-13T00:00:00.000+10:00,1.107,140,603
2021-06-14T00:00:00.000+10:00,1.082,140,603
2021-06-15T00:00:00.000+10:00,1.061,140,603
2021-06-16T00:00:00.000+10:00,1.040,140,603
2021-06-17T00:00:00.000+10:00,1.033,140,603
2021-06-18T00:00:00.000+10:00,1.006,140,603
2021-06-19T00:00:00.000+10:00,0.971,140,603
2021-06-20T00:00:00.000+10:00,0.936,140,603
2021-06-21T00:00:00.000+10:00,0.912,140,603
2021-06-22T00:00:00.000+10:00,0.965,140,603
2021-06-23T00:00:00.000+10:00,0.958,140,603
2021-06-24T00:00:00.000+10:00,0.915,140,603
2021-06-25T00:00:00.000+10:00,0.905,140,603
2021-06-26T00:00:00.000+10:00,0.910,140,603
2021-06-27T00:00:00.000+10:00,0.874,140,603
2021-06-28T00:00:00.000+10:00,0.852,140,603
2021-06-29T00:00:00.000+10:00,0.943,140,603
2021-06-30T00:00:00.000+10:00,1.231,140,603
2021-07-01T00:00:00.000+10:00,1.253,140,603
2021-07-02T00:00:00.000+10:00,1.780,140,603
2021-07-03T00:00:00.000+10:00,1.571,140,603
2021-07-04T00:00:00.000+10:00,1.324,140,603
2021-07-05T00:00:00.000+10:00,1.176,140,603
2021-07-06T00:00:00.000+10:00,1.084,140,603
2021-07-07T00:00:00.000+10:00,1.023,140,603
2021-07-08T00:00:00.000+10:00,0.981,140,603
2021-07-09T00:00:00.000+10:00,0.983,140,603
2021-07-10T00:00:00.000+10:00,0.982,140,603
2021-07-11T00:00:00.000+10:00,0.899,140,603
2021-07-12T00:00:00.000+10:00,0.856,140,603
2021-07-13T00:00:00.000+10:00,0.837,140,603
2021-07-14T00:00:00.000+10:00,0.823,140,603
2021-07-15T00:00:00.000+10:00,0.804,140,603
2021-07-16T00:00:00.000+10:00,0.803,140,603
2021-07-17T00:00:00.000+10:00,0.779,140,603
2021-07-18T00:00:00.000+10:00,0.755,140,603
2021-07-19T00:00:00.000+10:00,0.731,140,603
2021-07-20T00:00:00.000+10:00,0.719,140,603
2021-07-21T00:00:00.000+10:00,0.704,140,603
2021-07-22T00:00:00.000+10:00,0.687,140,603
2021-07-23T00:00:00.000+10:00,0.673,140,603
2021-07-24T00:00:00.000+10:00,0.667,140,603
2021-07-25T00:00:00.000+10:00,0.651,140,603
2021-07-26T00:00:00.000+10:00,0.636,140,603
2021-07-27T00:00:00.000+10:00,0.627,140,603
2021-07-28T00:00:00.000+10:00,0.617,140,603
2021-07-29T00:00:00.000+10:00,0.611,140,603
2021-07-30T00:00:00.000+10:00,0.594,140,603
2021-07-31T00:00:00.000+10:00,0.583,140,603
2021-08-01T00:00:00.000+10:00,0.576,140,603
2021-08-02T00:00:00.000+10:00,0.571,140,603
2021-08-03T00:00:00.000+10:00,0.717,140,603
2021-08-04T00:00:00.000+10:00,0.779,140,603
2021-08-05T00:00:00.000+10:00,0.701,140,603
2021-08-06T00:00:00.000+10:00,0.646,140,603
2021-08-07T00:00:00.000+10:00,0.618,140,603
2021-08-08T00:00:00.000+10:00,0.609,140,603
2021-08-09T00:00:00.000+10:00,0.640,140,603
2021-08-10T00:00:00.000+10:00,0.625,140,603
2021-08-11T00:00:00.000+10:00,0.609,140,603
2021-08-12T00:00:00.000+10:00,0.594,140,603
2021-08-13T00:00:00.000+10:00,0.612,140,603
2021-08-14T00:00:00.000+10:00,0.602,140,603
2021-08-15T00:00:00.000+10:00,0.582,140,603
2021-08-16T00:00:00.000+10:00,0.565,140,603
2021-08-17T00:00:00.000+10:00,0.552,140,603
2021-08-18T00:00:00.000+10:00,0.536,140,603
2021-08-19T00:00:00.000+10:00,0.524,140,603
2021-08-20T00:00:00.000+10:00,0.514,140,603
2021-08-21T00:00:00.000+10:00,0.508,140,603
2021-08-22T00:00:00.000+10:00,0.496,140,603
2021-08-23T00:00:00.000+10:00,0.487,140,603
2021-08-24T00:00:00.000+10:00,0.485,140,603
2021-08-25T00:00:00.000+10:00,0.475,140,603
2021-08-26T00:00:00.000+10:00,0.464,140,603
2021-08-27T00:00:00.000+10:00,0.454,140,603
2021-08-28T00:00:00.000+10:00,0.440,140,603
2021-08-29T00:00:00.000+10:00,0.433,140,603
2021-08-30T00:00:00.000+10:00,0.425,140,603
2021-08-31T00:00:00.000+10:00,0.416,140,603
2021-09-01T00:00:00.000+10:00,0.412,140,603
2021-09-02T00:00:00.000+10:00,0.405,140,603
2021-09-03T00:00:00.000+10:00,0.414,140,603
2021-09-04T00:00:00.000+10:00,0.436,140,603
2021-09-05T00:00:00.000+10:00,0.443,140,603
2021-09-06T00:00:00.000+10:00,0.440,140,603
2021-09-07T00:00:00.000+10:00,0.428,140,603
2021-09-08T00:00:00.000+10:00,0.418,140,603
2021-09-09T00:00:00.000+10:00,0.413,140,603
2021-09-10T00:00:00.000+10:00,0.402,140,603
2021-09-11T00:00:00.000+10:00,0.393,140,603
2021-09-12T00:00:00.000+10:00,0.381,140,603
2021-09-13T00:00:00.000+10:00,0.360,140,603
2021-09-14T00:00:00.000+10:00,0.353,140,603
2021-09-15T00:00:00.000+10:00,0.345,140,603
2021-09-16T00:00:00.000+10:00,0.336,140,603
2021-09-17T00:00:00.000+10:00,0.331,140,603
2021-09-18T00:00:00.000+10:00,0.325,140,603
2021-09-19T00:00:00.000+10:00,0.317,140,603
2021-09-20T00:00:00.000+10:00,0.307,140,603
2021-09-21T00:00:00.000+10:00,0.293,140,603
2021-09-22T00:00:00.000+10:00,0.285,140,603
2021-09-23T00:00:00.000+10:00,0.280,140,603
2021-09-24T00:00:00.000+10:00,0.277,140,603
2021-09-25T00:00:00.000+10:00,0.273,140,603
2021-09-26T00:00:00.000+10:00,0.271,140,603
2021-09-27T00:00:00.000+10:00,0.270,140,603
2021-09-28T00:00:00.000+10:00,0.271,140,603
2021-09-29T00:00:00.000+10:00,0.268,140,603
2021-09-30T00:00:00.000+10:00,0.278,140,603
2021-10-01T00:00:00.000+10:00,0.287,140,603
2021-10-02T00:00:00.000+10:00,0.286,140,603
2021-10-03T00:00:00.000+10:00,0.274,140,603
2021-10-04T00:00:00.000+10:00,0.266,140,603
2021-10-05T00:00:00.000+10:00,0.258,140,603
2021-10-06T00:00:00.000+10:00,0.252,140,603
2021-10-07T00:00:00.000+10:00,0.247,140,603
2021-10-08T00:00:00.000+10:00,0.243,140,603
2021-10-09T00:00:00.000+10:00,0.238,140,603
2021-10-10T00:00:00.000+10:00,0.233,140,603
2021-10-11T00:00:00.000+10:00,0.244,140,603
2021-10-12T00:00:00.000+10:00,0.614,140,603
2021-10-13T00:00:00.000+10:00,4.040,140,603
2021-10-14T00:00:00.000+10:00,3.402,140,603
2021-10-15T00:00:00.000+10:00,2.092,140,603
2021-10-16T00:00:00.000+10:00,1.624,140,603
2021-10-17T00:00:00.000+10:00,1.354,140,603
2021-10-18T00:00:00.000+10:00,1.185,140,603
2021-10-19T00:00:00.000+10:00,1.154,140,603
2021-10-20T00:00:00.000+10:00,1.801,140,603
2021-10-21T00:00:00.000+10:00,3.992,140,603
2021-10-22T00:00:00.000+10:00,2.138,140,603
2021-10-23T00:00:00.000+10:00,1.625,140,603
2021-10-24T00:00:00.000+10:00,3.140,140,603
2021-10-25T00:00:00.000+10:00,1.969,140,603
2021-10-26T00:00:00.000+10:00,1.532,140,603
2021-10-27T00:00:00.000+10:00,1.298,140,603
2021-10-28T00:00:00.000+10:00,1.909,140,603
2021-10-29T00:00:00.000+10:00,1.759,140,603
2021-10-30T00:00:00.000+10:00,1.749,140,603
2021-10-31T00:00:00.000+10:00,5.278,140,603
2021-11-01T00:00:00.000+10:00,3.435,140,603
2021-11-02T00:00:00.000+10:00,2.533,140,603
2021-11-03T00:00:00.000+10:00,2.100,140,603
2021-11-04T00:00:00.000+10:00,1.756,140,603
2021-11-05T00:00:00.000+10:00,1.530,140,603
2021-11-06T00:00:00.000+10:00,1.409,140,603
2021-11-07T00:00:00.000+10:00,2.436,140,603
2021-11-08T00:00:00.000+10:00,4.176,140,603
2021-11-09T00:00:00.000+10:00,2.657,140,603
2021-11-10T00:00:00.000+10:00,2.037,140,603
2021-11-11T00:00:00.000+10:00,2.713,140,603
2021-11-12T00:00:00.000+10:00,3.844,140,603
2021-11-13T00:00:00.000+10:00,2.548,140,603
2021-11-14T00:00:00.000+10:00,2.129,140,603
2021-11-15T00:00:00.000+10:00,1.845,140,603
2021-11-16T00:00:00.000+10:00,1.616,140,603
2021-11-17T00:00:00.000+10:00,1.446,140,603
2021-11-18T00:00:00.000+10:00,1.328,140,603
2021-11-19T00:00:00.000+10:00,1.231,140,603
2021-11-20T00:00:00.000+10:00,1.138,140,603
2021-11-21T00:00:00.000+10:00,1.231,140,603
2021-11-22T00:00:00.000+10:00,2.773,140,603
2021-11-23T00:00:00.000+10:00,5.762,140,603
2021-11-24T00:00:00.000+10:00,10.811,140,603
2021-11-25T00:00:00.000+10:00,8.500,140,603
2021-11-26T00:00:00.000+10:00,7.028,140,603
2021-11-27T00:00:00.000+10:00,8.291,140,603
2021-11-28T00:00:00.000+10:00,6.135,140,603
2021-11-29T00:00:00.000+10:00,4.935,140,603
2021-11-30T00:00:00.000+10:00,4.204,140,603
2021-12-01T00:00:00.000+10:00,6.204,140,603
2021-12-02T00:00:00.000+10:00,5.982,140,603
2021-12-03T00:00:00.000+10:00,5.198,140,603
2021-12-04T00:00:00.000+10:00,4.631,140,603
2021-12-05T00:00:00.000+10:00,4.602,140,603
2021-12-06T00:00:00.000+10:00,7.036,140,603
2021-12-07T00:00:00.000+10:00,6.584,140,603
2021-12-08T00:00:00.000+10:00,6.975,140,603
2021-12-09T00:00:00.000+10:00,6.675,140,603
2021-12-10T00:00:00.000+10:00,7.950,140,603
2021-12-11T00:00:00.000+10:00,5.764,140,603
2021-12-12T00:00:00.000+10:00,4.902,140,603
2021-12-13T00:00:00.000+10:00,4.299,140,603
2021-12-14T00:00:00.000+10:00,3.682,140,603
2021-12-15T00:00:00.000+10:00,3.233,140,603
2021-12-16T00:00:00.000+10:00,2.894,140,603
2021-12-17T00:00:00.000+10:00,8.023,140,603
2021-12-18T00:00:00.000+10:00,6.253,140,603
2021-12-19T00:00:00.000+10:00,4.830,140,603
2021-12-20T00:00:00.000+10:00,4.126,140,603
2021-12-21T00:00:00.000+10:00,3.596,140,603
2021-12-22T00:00:00.000+10:00,3.244,140,603
2021-12-23T00:00:00.000+10:00,3.382,140,603
2021-12-24T00:00:00.000+10:00,3.845,140,603
2021-12-25T00:00:00.000+10:00,3.132,140,603
2021-12-26T00:00:00.000+10:00,3.337,140,603
2021-12-27T00:00:00.000+10:00,3.865,140,603
2021-12-28T00:00:00.000+10:00,11.372,140,603
2021-12-29T00:00:00.000+10:00,6.984,140,603
2021-12-30T00:00:00.000+10:00,5.743,140,603
2021-12-31T00:00:00.000+10:00,4.979,140,603
2022-01-01T00:00:00.000+10:00,4.506,140,603
2022-01-02T00:00:00.000+10:00,4.367,140,603
2022-01-03T00:00:00.000+10:00,3.971,140,603
2022-01-04T00:00:00.000+10:00,8.532,140,603
2022-01-05T00:00:00.000+10:00,12.561,140,603
2022-01-06T00:00:00.000+10:00,29.596,140,603
2022-01-07T00:00:00.000+10:00,36.297,140,603
2022-01-08T00:00:00.000+10:00,17.868,140,603
2022-01-09T00:00:00.000+10:00,13.045,140,603
2022-01-10T00:00:00.000+10:00,10.924,140,603
2022-01-11T00:00:00.000+10:00,8.898,140,603
2022-01-12T00:00:00.000+10:00,7.422,140,603
2022-01-13T00:00:00.000+10:00,6.357,140,603
2022-01-14T00:00:00.000+10:00,5.547,140,603
2022-01-15T00:00:00.000+10:00,4.918,140,603
2022-01-16T00:00:00.000+10:00,4.635,140,603
2022-01-17T00:00:00.000+10:00,4.034,140,603
2022-01-18T00:00:00.000+10:00,3.709,140,603
2022-01-19T00:00:00.000+10:00,8.162,140,603
2022-01-20T00:00:00.000+10:00,83.915,140,603
2022-01-21T00:00:00.000+10:00,37.719,140,603
2022-01-22T00:00:00.000+10:00,25.607,140,603
2022-01-23T00:00:00.000+10:00,16.897,140,603
2022-01-24T00:00:00.000+10:00,13.021,140,603
2022-01-25T00:00:00.000+10:00,10.683,140,603
2022-01-26T00:00:00.000+10:00,9.276,140,603
2022-01-27T00:00:00.000+10:00,8.142,140,603
2022-01-28T00:00:00.000+10:00,7.121,140,603
2022-01-29T00:00:00.000+10:00,6.433,140,603
2022-01-30T00:00:00.000+10:00,5.927,140,603
2022-01-31T00:00:00.000+10:00,5.355,140,603
2022-02-01T00:00:00.000+10:00,4.886,140,603
2022-02-02T00:00:00.000+10:00,6.286,140,603
2022-02-03T00:00:00.000+10:00,15.720,140,603
2022-02-04T00:00:00.000+10:00,13.411,140,603
2022-02-05T00:00:00.000+10:00,11.196,140,603
2022-02-06T00:00:00.000+10:00,9.928,140,603
2022-02-07T00:00:00.000+10:00,10.017,140,603
2022-02-08T00:00:00.000+10:00,8.876,140,603
2022-02-09T00:00:00.000+10:00,7.768,140,603
2022-02-10T00:00:00.000+10:00,6.813,140,603
2022-02-11T00:00:00.000+10:00,6.473,140,603
2022-02-12T00:00:00.000+10:00,5.936,140,603
2022-02-13T00:00:00.000+10:00,5.282,140,603
2022-02-14T00:00:00.000+10:00,4.906,140,603
2022-02-15T00:00:00.000+10:00,4.697,140,603
2022-02-16T00:00:00.000+10:00,4.263,140,603
2022-02-17T00:00:00.000+10:00,3.961,140,603
2022-02-18T00:00:00.000+10:00,3.695,140,603
2022-02-19T00:00:00.000+10:00,7.576,140,603
2022-02-20T00:00:00.000+10:00,7.181,140,603
2022-02-21T00:00:00.000+10:00,5.328,140,603
2022-02-22T00:00:00.000+10:00,6.163,140,603
2022-02-23T00:00:00.000+10:00,29.220,140,603
2022-02-24T00:00:00.000+10:00,204.863,140,603
2022-02-25T00:00:00.000+10:00,85.789,140,603
2022-02-26T00:00:00.000+10:00,78.869,140,603
2022-02-27T00:00:00.000+10:00,120.180,140,603
2022-02-28T00:00:00.000+10:00,266.135,140,603
2022-03-01T00:00:00.000+10:00,89.906,140,603
2022-03-02T00:00:00.000+10:00,45.124,140,603
2022-03-03T00:00:00.000+10:00,27.344,140,603
2022-03-04T00:00:00.000+10:00,19.964,140,603
2022-03-05T00:00:00.000+10:00,15.877,140,603
2022-03-06T00:00:00.000+10:00,24.674,140,603
2022-03-07T00:00:00.000+10:00,36.748,140,603
2022-03-08T00:00:00.000+10:00,20.605,140,603
2022-03-09T00:00:00.000+10:00,16.181,140,603
2022-03-10T00:00:00.000+10:00,13.307,140,603
2022-03-11T00:00:00.000+10:00,11.608,140,603
2022-03-12T00:00:00.000+10:00,10.261,140,603
2022-03-13T00:00:00.000+10:00,9.450,140,603
2022-03-14T00:00:00.000+10:00,8.590,140,603
2022-03-15T00:00:00.000+10:00,8.163,140,603
2022-03-16T00:00:00.000+10:00,8.216,140,603
2022-03-17T00:00:00.000+10:00,7.866,140,603
2022-03-18T00:00:00.000+10:00,9.357,140,603
2022-03-19T00:00:00.000+10:00,8.255,140,603
2022-03-20T00:00:00.000+10:00,8.277,140,603
2022-03-21T00:00:00.000+10:00,7.088,140,603
2022-03-22T00:00:00.000+10:00,6.479,140,603
2022-03-23T00:00:00.000+10:00,5.973,140,603
2022-03-24T00:00:00.000+10:00,7.358,140,603
2022-03-25T00:00:00.000+10:00,9.645,140,603
2022-03-26T00:00:00.000+10:00,14.723,140,603
2022-03-27T00:00:00.000+10:00,13.505,140,603
2022-03-28T00:00:00.000+10:00,12.613,140,603
2022-03-29T00:00:00.000+10:00,136.618,140,603
2022-03-30T00:00:00.000+10:00,310.050,140,603
2022-03-31T00:00:00.000+10:00,104.210,140,603
2022-04-01T00:00:00.000+10:00,36.641,140,603
2022-04-02T00:00:00.000+10:00,20.924,140,603
2022-04-03T00:00:00.000+10:00,15.669,140,603
2022-04-04T00:00:00.000+10:00,14.632,140,603
2022-04-05T00:00:00.000+10:00,12.361,140,603
2022-04-06T00:00:00.000+10:00,10.603,140,603
2022-04-07T00:00:00.000+10:00,13.306,140,603
2022-04-08T00:00:00.000+10:00,16.738,140,603
2022-04-09T00:00:00.000+10:00,13.105,140,603
2022-04-10T00:00:00.000+10:00,11.403,140,603
2022-04-11T00:00:00.000+10:00,10.117,140,603
2022-04-12T00:00:00.000+10:00,9.131,140,603
2022-04-13T00:00:00.000+10:00,8.615,140,603
2022-04-14T00:00:00.000+10:00,8.969,140,603
2022-04-15T00:00:00.000+10:00,11.181,140,603
2022-04-16T00:00:00.000+10:00,8.501,140,603
2022-04-17T00:00:00.000+10:00,7.705,140,603
2022-04-18T00:00:00.000+10:00,7.063,140,603
2022-04-19T00:00:00.000+10:00,6.450,140,603
2022-04-20T00:00:00.000+10:00,5.980,140,603
2022-04-21T00:00:00.000+10:00,5.554,140,603
2022-04-22T00:00:00.000+10:00,6.121,140,603
2022-04-23T00:00:00.000+10:00,9.438,140,603
2022-04-24T00:00:00.000+10:00,7.336,140,603
2022-04-25T00:00:00.000+10:00,6.375,140,603
2022-04-26T00:00:00.000+10:00,6.138,140,603
2022-04-27T00:00:00.000+10:00,5.646,140,603
2022-04-28T00:00:00.000+10:00,5.330,140,603
2022-04-29T00:00:00.000+10:00,5.023,140,603
2022-04-30T00:00:00.000+10:00,4.787,140,603
2022-05-01T00:00:00.000+10:00,4.632,140,603
2022-05-02T00:00:00.000+10:00,4.325,140,603
2022-05-03T00:00:00.000+10:00,4.123,140,603
2022-05-04T00:00:00.000+10:00,3.949,140,603
2022-05-05T00:00:00.000+10:00,3.804,140,603
2022-05-06T00:00:00.000+10:00,3.766,140,603
2022-05-07T00:00:00.000+10:00,3.649,140,603
2022-05-08T00:00:00.000+10:00,3.437,140,603
2022-05-09T00:00:00.000+10:00,3.289,140,603
2022-05-10T00:00:00.000+10:00,3.200,140,603
2022-05-11T00:00:00.000+10:00,3.937,140,603
2022-05-12T00:00:00.000+10:00,5.976,140,603
2022-05-13T00:00:00.000+10:00,32.375,140,603
2022-05-14T00:00:00.000+10:00,17.492,140,603
2022-05-15T00:00:00.000+10:00,10.969,140,603
2022-05-16T00:00:00.000+10:00,9.486,140,603
2022-05-17T00:00:00.000+10:00,7.683,140,603
2022-05-18T00:00:00.000+10:00,6.531,140,603
2022-05-19T00:00:00.000+10:00,5.748,140,603
2022-05-20T00:00:00.000+10:00,5.228,140,603
2022-05-21T00:00:00.000+10:00,5.586,140,603
2022-05-22T00:00:00.000+10:00,8.569,140,603
2022-05-23T00:00:00.000+10:00,6.618,140,603
2022-05-24T00:00:00.000+10:00,5.875,140,603
2022-05-25T00:00:00.000+10:00,5.372,140,603
2022-05-26T00:00:00.000+10:00,5.013,140,603
2022-05-27T00:00:00.000+10:00,4.656,140,603
2022-05-28T00:00:00.000+10:00,4.385,140,603
2022-05-29T00:00:00.000+10:00,4.163,140,603
2022-05-30T00:00:00.000+10:00,3.908,140,603
2022-05-31T00:00:00.000+10:00,3.652,140,603
2022-06-01T00:00:00.000+10:00,3.486,140,603
2022-06-02T00:00:00.000+10:00,3.318,140,603
2022-06-03T00:00:00.000+10:00,3.199,140,603
2022-06-04T00:00:00.000+10:00,3.101,140,603
2022-06-05T00:00:00.000+10:00,2.970,140,603
2022-06-06T00:00:00.000+10:00,2.871,140,603
2022-06-07T00:00:00.000+10:00,2.758,140,603
2022-06-08T00:00:00.000+10:00,2.668,140,603
2022-06-09T00:00:00.000+10:00,2.583,140,603
2022-06-10T00:00:00.000+10:00,2.507,140,603
2022-06-11T00:00:00.000+10:00,2.436,140,603
2022-06-12T00:00:00.000+10:00,2.369,140,603
2022-06-13T00:00:00.000+10:00,2.299,140,603
2022-06-14T00:00:00.000+10:00,2.237,140,603
2022-06-15T00:00:00.000+10:00,2.191,140,603
2022-06-16T00:00:00.000+10:00,2.124,140,603
2022-06-17T00:00:00.000+10:00,2.056,140,603
2022-06-18T00:00:00.000+10:00,1.990,140,603
2022-06-19T00:00:00.000+10:00,1.938,140,603
2022-06-20T00:00:00.000+10:00,1.939,140,603
2022-06-21T00:00:00.000+10:00,1.866,140,603
2022-06-22T00:00:00.000+10:00,1.806,140,603
2022-06-23T00:00:00.000+10:00,1.742,140,603
2022-06-24T00:00:00.000+10:00,1.698,140,603
2022-06-25T00:00:00.000+10:00,1.652,140,603
2022-06-26T00:00:00.000+10:00,1.608,140,603
2022-06-27T00:00:00.000+10:00,1.572,140,603
2022-06-28T00:00:00.000+10:00,1.511,140,603
2022-06-29T00:00:00.000+10:00,1.476,140,603
2022-06-30T00:00:00.000+10:00,1.465,140,603
2022-07-01T00:00:00.000+10:00,1.440,140,603
2022-07-02T00:00:00.000+10:00,1.699,140,603
2022-07-03T00:00:00.000+10:00,1.704,140,603
2022-07-04T00:00:00.000+10:00,1.480,140,603
2022-07-05T00:00:00.000+10:00,4.047,140,603
2022-07-06T00:00:00.000+10:00,54.610,140,603
2022-07-07T00:00:00.000+10:00,15.201,140,603
2022-07-08T00:00:00.000+10:00,8.182,140,603
2022-07-09T00:00:00.000+10:00,5.890,140,603
2022-07-10T00:00:00.000+10:00,4.810,140,603
2022-07-11T00:00:00.000+10:00,4.208,140,603
2022-07-12T00:00:00.000+10:00,3.803,140,603
2022-07-13T00:00:00.000+10:00,3.514,140,603
2022-07-14T00:00:00.000+10:00,3.222,140,603
2022-07-15T00:00:00.000+10:00,2.998,140,603
2022-07-16T00:00:00.000+10:00,2.835,140,603
2022-07-17T00:00:00.000+10:00,2.709,140,603
2022-07-18T00:00:00.000+10:00,2.604,140,603
2022-07-19T00:00:00.000+10:00,2.489,140,603
2022-07-20T00:00:00.000+10:00,2.547,140,603
2022-07-21T00:00:00.000+10:00,2.800,140,603
2022-07-22T00:00:00.000+10:00,6.461,140,603
2022-07-23T00:00:00.000+10:00,8.295,140,603
2022-07-24T00:00:00.000+10:00,5.244,140,603
2022-07-25T00:00:00.000+10:00,4.259,140,603
2022-07-26T00:00:00.000+10:00,3.782,140,603
2022-07-27T00:00:00.000+10:00,3.411,140,603
2022-07-28T00:00:00.000+10:00,3.129,140,603
2022-07-29T00:00:00.000+10:00,2.919,140,603
2022-07-30T00:00:00.000+10:00,2.749,140,603
2022-07-31T00:00:00.000+10:00,2.603,140,603
2022-08-01T00:00:00.000+10:00,2.503,140,603
2022-08-02T00:00:00.000+10:00,2.411,140,603
2022-08-03T00:00:00.000+10:00,2.316,140,603
2022-08-04T00:00:00.000+10:00,2.247,140,603
2022-08-05T00:00:00.000+10:00,2.223,140,603
2022-08-06T00:00:00.000+10:00,2.135,140,603
2022-08-07T00:00:00.000+10:00,2.003,140,603
2022-08-08T00:00:00.000+10:00,1.905,140,603
2022-08-09T00:00:00.000+10:00,1.828,140,603
2022-08-10T00:00:00.000+10:00,1.752,140,603
2022-08-11T00:00:00.000+10:00,1.696,140,603
2022-08-12T00:00:00.000+10:00,1.663,140,603
2022-08-13T00:00:00.000+10:00,1.737,140,603
2022-08-14T00:00:00.000+10:00,1.669,140,603
2022-08-15T00:00:00.000+10:00,1.566,140,603
2022-08-16T00:00:00.000+10:00,1.518,140,603
2022-08-17T00:00:00.000+10:00,1.477,140,603
2022-08-18T00:00:00.000+10:00,1.427,140,603
2022-08-19T00:00:00.000+10:00,1.383,140,603
2022-08-20T00:00:00.000+10:00,1.336,140,603
2022-08-21T00:00:00.000+10:00,1.290,140,603
2022-08-22T00:00:00.000+10:00,1.257,140,603
2022-08-23T00:00:00.000+10:00,1.241,140,603
2022-08-24T00:00:00.000+10:00,1.208,140,603
2022-08-25T00:00:00.000+10:00,1.154,140,603
2022-08-26T00:00:00.000+10:00,1.128,140,603
2022-08-27T00:00:00.000+10:00,1.104,140,603
2022-08-28T00:00:00.000+10:00,1.093,140,603
2022-08-29T00:00:00.000+10:00,1.086,140,603
2022-08-30T00:00:00.000+10:00,1.087,140,603
2022-08-31T00:00:00.000+10:00,1.061,140,603
2022-09-01T00:00:00.000+10:00,1.024,140,603
2022-09-02T00:00:00.000+10:00,1.014,140,603
2022-09-03T00:00:00.000+10:00,2.729,140,603
2022-09-04T00:00:00.000+10:00,8.553,140,603
2022-09-05T00:00:00.000+10:00,3.063,140,603
2022-09-06T00:00:00.000+10:00,2.256,140,603
2022-09-07T00:00:00.000+10:00,1.867,140,603
2022-09-08T00:00:00.000+10:00,1.634,140,603
2022-09-09T00:00:00.000+10:00,1.491,140,603
2022-09-10T00:00:00.000+10:00,1.381,140,603
2022-09-11T00:00:00.000+10:00,1.279,140,603
2022-09-12T00:00:00.000+10:00,1.199,140,603
2022-09-13T00:00:00.000+10:00,1.126,140,603
2022-09-14T00:00:00.000+10:00,1.061,140,603
2022-09-15T00:00:00.000+10:00,1.044,140,603
2022-09-16T00:00:00.000+10:00,1.084,140,603
2022-09-17T00:00:00.000+10:00,1.018,140,603
2022-09-18T00:00:00.000+10:00,0.931,140,603
2022-09-19T00:00:00.000+10:00,0.882,140,603
2022-09-20T00:00:00.000+10:00,0.821,140,603
2022-09-21T00:00:00.000+10:00,0.828,140,603
2022-09-22T00:00:00.000+10:00,83.372,140,603
2022-09-23T00:00:00.000+10:00,90.740,140,603
2022-09-24T00:00:00.000+10:00,46.501,140,603
2022-09-25T00:00:00.000+10:00,17.392,140,603
2022-09-26T00:00:00.000+10:00,11.404,140,603
2022-09-27T00:00:00.000+10:00,8.890,140,603
2022-09-28T00:00:00.000+10:00,7.826,140,603
2022-09-29T00:00:00.000+10:00,6.412,140,603
2022-09-30T00:00:00.000+10:00,5.587,140,603
2022-10-01T00:00:00.000+10:00,8.640,140,603
2022-10-02T00:00:00.000+10:00,7.323,140,603
2022-10-03T00:00:00.000+10:00,5.966,140,603
2022-10-04T00:00:00.000+10:00,5.352,140,603
2022-10-05T00:00:00.000+10:00,4.987,140,603
2022-10-06T00:00:00.000+10:00,4.863,140,603
2022-10-07T00:00:00.000+10:00,4.443,140,603
2022-10-08T00:00:00.000+10:00,4.174,140,603
2022-10-09T00:00:00.000+10:00,4.110,140,603
2022-10-10T00:00:00.000+10:00,3.839,140,603
2022-10-11T00:00:00.000+10:00,3.884,140,603
2022-10-12T00:00:00.000+10:00,3.671,140,603
2022-10-13T00:00:00.000+10:00,3.498,140,603
2022-10-14T00:00:00.000+10:00,3.394,140,603
2022-10-15T00:00:00.000+10:00,3.263,140,603
2022-10-16T00:00:00.000+10:00,3.219,140,603
2022-10-17T00:00:00.000+10:00,3.227,140,603
2022-10-18T00:00:00.000+10:00,3.182,140,603
2022-10-19T00:00:00.000+10:00,3.296,140,603
2022-10-20T00:00:00.000+10:00,3.421,140,603
2022-10-21T00:00:00.000+10:00,42.079,140,603
2022-10-22T00:00:00.000+10:00,29.542,140,603
2022-10-23T00:00:00.000+10:00,30.290,140,603
2022-10-24T00:00:00.000+10:00,45.607,140,603
2022-10-25T00:00:00.000+10:00,20.980,140,603
2022-10-26T00:00:00.000+10:00,13.890,140,603
2022-10-27T00:00:00.000+10:00,10.537,140,603
2022-10-28T00:00:00.000+10:00,8.544,140,603
2022-10-29T00:00:00.000+10:00,7.094,140,603
2022-10-30T00:00:00.000+10:00,6.119,140,603
2022-10-31T00:00:00.000+10:00,5.445,140,603
2022-11-01T00:00:00.000+10:00,5.157,140,603
2022-11-02T00:00:00.000+10:00,4.604,140,603
2022-11-03T00:00:00.000+10:00,4.213,140,603
2022-11-04T00:00:00.000+10:00,3.933,140,603
2022-11-05T00:00:00.000+10:00,3.713,140,603
2022-11-06T00:00:00.000+10:00,3.528,140,603
2022-11-07T00:00:00.000+10:00,3.364,140,603
2022-11-08T00:00:00.000+10:00,3.237,140,603
2022-11-09T00:00:00.000+10:00,3.161,140,603
2022-11-10T00:00:00.000+10:00,2.967,140,603
2022-11-11T00:00:00.000+10:00,2.852,140,603
2022-11-12T00:00:00.000+10:00,2.809,140,603
2022-11-13T00:00:00.000+10:00,2.712,140,603
2022-11-14T00:00:00.000+10:00,2.548,140,603
2022-11-15T00:00:00.000+10:00,2.431,140,603
2022-11-16T00:00:00.000+10:00,2.342,140,603
2022-11-17T00:00:00.000+10:00,2.268,140,603
2022-11-18T00:00:00.000+10:00,2.193,140,603
2022-11-19T00:00:00.000+10:00,2.130,140,603
2022-11-20T00:00:00.000+10:00,2.030,140,603
2022-11-21T00:00:00.000+10:00,1.923,140,603
2022-11-22T00:00:00.000+10:00,1.854,140,603
2022-11-23T00:00:00.000+10:00,1.816,140,603
2022-11-24T00:00:00.000+10:00,1.803,140,603
2022-11-25T00:00:00.000+10:00,1.838,140,603
2022-11-26T00:00:00.000+10:00,1.784,140,603
2022-11-27T00:00:00.000+10:00,1.749,140,603
2022-11-28T00:00:00.000+10:00,1.802,140,603
2022-11-29T00:00:00.000+10:00,1.767,140,603
2022-11-30T00:00:00.000+10:00,1.674,140,603
2022-12-01T00:00:00.000+10:00,1.746,140,603
2022-12-02T00:00:00.000+10:00,4.107,140,603
2022-12-03T00:00:00.000+10:00,3.128,140,603
2022-12-04T00:00:00.000+10:00,2.337,140,603
2022-12-05T00:00:00.000+10:00,1.995,140,603
2022-12-06T00:00:00.000+10:00,1.806,140,603
2022-12-07T00:00:00.000+10:00,1.671,140,603
2022-12-08T00:00:00.000+10:00,1.561,140,603
2022-12-09T00:00:00.000+10:00,1.505,140,603
2022-12-10T00:00:00.000+10:00,1.470,140,603
2022-12-11T00:00:00.000+10:00,1.426,140,603
2022-12-12T00:00:00.000+10:00,1.338,140,603
2022-12-13T00:00:00.000+10:00,1.380,140,603
2022-12-14T00:00:00.000+10:00,1.270,140,603
2022-12-15T00:00:00.000+10:00,1.193,140,603
2022-12-16T00:00:00.000+10:00,1.158,140,603
2022-12-17T00:00:00.000+10:00,1.157,140,603
2022-12-18T00:00:00.000+10:00,1.106,140,603
2022-12-19T00:00:00.000+10:00,1.072,140,603
2022-12-20T00:00:00.000+10:00,1.045,140,603
2022-12-21T00:00:00.000+10:00,1.026,140,603
2022-12-22T00:00:00.000+10:00,1.011,140,603
2022-12-23T00:00:00.000+10:00,1.045,140,603
2022-12-24T00:00:00.000+10:00,1.172,140,603
2022-12-25T00:00:00.000+10:00,1.085,140,603
2022-12-26T00:00:00.000+10:00,1.008,140,603
2022-12-27T00:00:00.000+10:00,0.962,140,603
2022-12-28T00:00:00.000+10:00,0.953,140,603
2022-12-29T00:00:00.000+10:00,0.930,140,603
2022-12-30T00:00:00.000+10:00,0.959,140,603
2022-12-31T00:00:00.000+10:00,1.092,140,603
2023-01-01T00:00:00.000+10:00,1.020,140,603
2023-01-02T00:00:00.000+10:00,1.059,140,603
2023-01-03T00:00:00.000+10:00,0.955,140,603
2023-01-04T00:00:00.000+10:00,0.927,140,603
2023-01-05T00:00:00.000+10:00,1.765,140,603
2023-01-06T00:00:00.000+10:00,1.424,140,603
2023-01-07T00:00:00.000+10:00,1.226,140,603
2023-01-08T00:00:00.000+10:00,1.218,140,603
2023-01-09T00:00:00.000+10:00,1.117,140,603
2023-01-10T00:00:00.000+10:00,1.029,140,603
2023-01-11T00:00:00.000+10:00,0.964,140,603
2023-01-12T00:00:00.000+10:00,0.966,140,603
2023-01-13T00:00:00.000+10:00,0.911,140,603
2023-01-14T00:00:00.000+10:00,0.814,140,603
2023-01-15T00:00:00.000+10:00,0.801,140,603
2023-01-16T00:00:00.000+10:00,0.777,140,603
2023-01-17T00:00:00.000+10:00,0.779,140,603
2023-01-18T00:00:00.000+10:00,0.764,140,603
2023-01-19T00:00:00.000+10:00,0.786,140,603
2023-01-20T00:00:00.000+10:00,1.382,140,603
2023-01-21T00:00:00.000+10:00,1.246,140,603
2023-01-22T00:00:00.000+10:00,1.110,140,603
2023-01-23T00:00:00.000+10:00,1.837,140,603
2023-01-24T00:00:00.000+10:00,2.827,140,603
2023-01-25T00:00:00.000+10:00,8.308,140,603
2023-01-26T00:00:00.000+10:00,3.327,140,603
2023-01-27T00:00:00.000+10:00,2.510,140,603
2023-01-28T00:00:00.000+10:00,2.083,140,603
2023-01-29T00:00:00.000+10:00,1.896,140,603
2023-01-30T00:00:00.000+10:00,1.906,140,603
2023-01-31T00:00:00.000+10:00,3.337,140,603
2023-02-01T00:00:00.000+10:00,3.326,140,603
2023-02-02T00:00:00.000+10:00,2.416,140,603
2023-02-03T00:00:00.000+10:00,2.112,140,603
2023-02-04T00:00:00.000+10:00,1.924,140,603
2023-02-05T00:00:00.000+10:00,1.803,140,603
2023-02-06T00:00:00.000+10:00,1.736,140,603
2023-02-07T00:00:00.000+10:00,1.625,140,603
2023-02-08T00:00:00.000+10:00,1.537,140,603
2023-02-09T00:00:00.000+10:00,1.522,140,603
2023-02-10T00:00:00.000+10:00,1.516,140,603
2023-02-11T00:00:00.000+10:00,1.387,140,603
2023-02-12T00:00:00.000+10:00,1.297,140,603
2023-02-13T00:00:00.000+10:00,1.229,140,603
2023-02-14T00:00:00.000+10:00,1.372,140,603
2023-02-15T00:00:00.000+10:00,1.558,140,603
2023-02-16T00:00:00.000+10:00,1.289,140,603
2023-02-17T00:00:00.000+10:00,1.145,140,603
2023-02-18T00:00:00.000+10:00,1.064,140,603
2023-02-19T00:00:00.000+10:00,1.169,140,603
2023-02-20T00:00:00.000+10:00,1.316,140,603
2023-02-21T00:00:00.000+10:00,1.283,140,603
2023-02-22T00:00:00.000+10:00,1.057,140,603
2023-02-23T00:00:00.000+10:00,12.160,140,603
2023-02-24T00:00:00.000+10:00,5.678,140,603
2023-02-25T00:00:00.000+10:00,3.404,140,603
2023-02-26T00:00:00.000+10:00,2.697,140,603
2023-02-27T00:00:00.000+10:00,2.260,140,603
2023-02-28T00:00:00.000+10:00,1.967,140,603
2023-03-01T00:00:00.000+10:00,1.767,140,603
2023-03-02T00:00:00.000+10:00,1.637,140,603
2023-03-03T00:00:00.000+10:00,1.606,140,603
2023-03-04T00:00:00.000+10:00,1.442,140,603
2023-03-05T00:00:00.000+10:00,1.333,140,603
2023-03-06T00:00:00.000+10:00,,-1,603