#Station Long Name,ORARA RIVER AT ORANGE GROVE
#Station Number,204068
#Station Location Latitude,-30.257631
#Station Location Longitude,153.011285
#Parameter Type Name,Water Course Level
#Timeseries Name,DMQaQc.Merged.DailyMean.24HR
#Unit Name,meter
#DATA_OWNER_NAME,"NSW - Department of Planning, Industry and Environment – Water"
#Rows,10227
#Timestamp,Value,Quality Code,Interpolation Type
1995-08-14T00:00:00.000+10:00,,-1,603
1995-08-15T00:00:00.000+10:00,0.791,10,603
1995-08-16T00:00:00.000+10:00,0.791,10,603
1995-08-17T00:00:00.000+10:00,0.791,10,603
1995-08-18T00:00:00.000+10:00,0.787,10,603
1995-08-19T00:00:00.000+10:00,0.790,10,603
1995-08-20T00:00:00.000+10:00,0.790,10,603
1995-08-21T00:00:00.000+10:00,0.787,10,603
1995-08-22T00:00:00.000+10:00,0.785,10,603
1995-08-23T00:00:00.000+10:00,0.782,10,603
1995-08-24T00:00:00.000+10:00,0.779,10,603
1995-08-25T00:00:00.000+10:00,0.775,10,603
1995-08-26T00:00:00.000+10:00,0.775,10,603
1995-08-27T00:00:00.000+10:00,0.774,10,603
1995-08-28T00:00:00.000+10:00,0.775,10,603
1995-08-29T00:00:00.000+10:00,0.774,10,603
1995-08-30T00:00:00.000+10:00,0.774,10,603
1995-08-31T00:00:00.000+10:00,0.774,10,603
1995-09-01T00:00:00.000+10:00,0.776,10,603
1995-09-02T00:00:00.000+10:00,0.784,10,603
1995-09-03T00:00:00.000+10:00,0.794,10,603
1995-09-04T00:00:00.000+10:00,0.791,10,603
1995-09-05T00:00:00.000+10:00,0.789,10,603
1995-09-06T00:00:00.000+10:00,0.788,10,603
1995-09-07T00:00:00.000+10:00,0.785,10,603
1995-09-08T00:00:00.000+10:00,0.782,10,603
1995-09-09T00:00:00.000+10:00,0.780,10,603
1995-09-10T00:00:00.000+10:00,0.778,10,603
1995-09-11T00:00:00.000+10:00,0.774,10,603
1995-09-12T00:00:00.000+10:00,0.772,10,603
1995-09-13T00:00:00.000+10:00,0.772,10,603
1995-09-14T00:00:00.000+10:00,0.770,10,603
1995-09-15T00:00:00.000+10:00,0.771,10,603
1995-09-16T00:00:00.000+10:00,0.768,10,603
1995-09-17T00:00:00.000+10:00,0.767,10,603
1995-09-18T00:00:00.000+10:00,0.768,10,603
1995-09-19T00:00:00.000+10:00,0.767,10,603
1995-09-20T00:00:00.000+10:00,0.766,10,603
1995-09-21T00:00:00.000+10:00,0.765,10,603
1995-09-22T00:00:00.000+10:00,0.762,10,603
1995-09-23T00:00:00.000+10:00,0.766,10,603
1995-09-24T00:00:00.000+10:00,0.767,10,603
1995-09-25T00:00:00.000+10:00,0.768,10,603
1995-09-26T00:00:00.000+10:00,0.764,10,603
1995-09-27T00:00:00.000+10:00,0.760,10,603
1995-09-28T00:00:00.000+10:00,0.757,10,603
1995-09-29T00:00:00.000+10:00,0.756,10,603
1995-09-30T00:00:00.000+10:00,0.758,10,603
1995-10-01T00:00:00.000+10:00,0.755,10,603
1995-10-02T00:00:00.000+10:00,0.763,10,603
1995-10-03T00:00:00.000+10:00,0.762,10,603
1995-10-04T00:00:00.000+10:00,0.760,10,603
1995-10-05T00:00:00.000+10:00,0.758,10,603
1995-10-06T00:00:00.000+10:00,0.753,10,603
1995-10-07T00:00:00.000+10:00,0.757,10,603
1995-10-08T00:00:00.000+10:00,0.757,10,603
1995-10-09T00:00:00.000+10:00,0.766,10,603
1995-10-10T00:00:00.000+10:00,0.768,10,603
1995-10-11T00:00:00.000+10:00,0.764,10,603
1995-10-12T00:00:00.000+10:00,0.760,10,603
1995-10-13T00:00:00.000+10:00,0.759,10,603
1995-10-14T00:00:00.000+10:00,0.759,10,603
1995-10-15T00:00:00.000+10:00,0.757,10,603
1995-10-16T00:00:00.000+10:00,0.754,10,603
1995-10-17T00:00:00.000+10:00,0.751,10,603
1995-10-18T00:00:00.000+10:00,0.746,10,603
1995-10-19T00:00:00.000+10:00,0.742,10,603
1995-10-20T00:00:00.000+10:00,0.740,10,603
1995-10-21T00:00:00.000+10:00,0.741,10,603
1995-10-22T00:00:00.000+10:00,0.745,10,603
1995-10-23T00:00:00.000+10:00,0.741,10,603
1995-10-24T00:00:00.000+10:00,0.736,10,603
1995-10-25T00:00:00.000+10:00,0.733,10,603
1995-10-26T00:00:00.000+10:00,0.744,10,603
1995-10-27T00:00:00.000+10:00,0.748,10,603
1995-10-28T00:00:00.000+10:00,0.748,10,603
1995-10-29T00:00:00.000+10:00,0.751,10,603
1995-10-30T00:00:00.000+10:00,0.755,10,603
1995-10-31T00:00:00.000+10:00,0.757,10,603
1995-11-01T00:00:00.000+10:00,0.757,10,603
1995-11-02T00:00:00.000+10:00,0.757,10,603
1995-11-03T00:00:00.000+10:00,0.758,10,603
1995-11-04T00:00:00.000+10:00,0.757,10,603
1995-11-05T00:00:00.000+10:00,0.757,10,603
1995-11-06T00:00:00.000+10:00,0.756,10,603
1995-11-07T00:00:00.000+10:00,0.756,10,603
1995-11-08T00:00:00.000+10:00,0.752,10,603
1995-11-09T00:00:00.000+10:00,0.747,10,603
1995-11-10T00:00:00.000+10:00,0.744,10,603
1995-11-11T00:00:00.000+10:00,0.745,10,603
1995-11-12T00:00:00.000+10:00,0.744,10,603
1995-11-13T00:00:00.000+10:00,0.744,10,603
1995-11-14T00:00:00.000+10:00,0.740,10,603
1995-11-15T00:00:00.000+10:00,0.740,10,603
1995-11-16T00:00:00.000+10:00,0.747,10,603
1995-11-17T00:00:00.000+10:00,0.892,10,603
1995-11-18T00:00:00.000+10:00,0.863,10,603
1995-11-19T00:00:00.000+10:00,0.824,10,603
1995-11-20T00:00:00.000+10:00,0.821,10,603
1995-11-21T00:00:00.000+10:00,1.160,10,603
1995-11-22T00:00:00.000+10:00,1.372,10,603
1995-11-23T00:00:00.000+10:00,1.580,10,603
1995-11-24T00:00:00.000+10:00,1.206,10,603
1995-11-25T00:00:00.000+10:00,1.094,10,603
1995-11-26T00:00:00.000+10:00,1.030,10,603
1995-11-27T00:00:00.000+10:00,0.988,10,603
1995-11-28T00:00:00.000+10:00,0.954,10,603
1995-11-29T00:00:00.000+10:00,0.930,10,603
1995-11-30T00:00:00.000+10:00,0.912,10,603
1995-12-01T00:00:00.000+10:00,0.899,10,603
1995-12-02T00:00:00.000+10:00,0.891,10,603
1995-12-03T00:00:00.000+10:00,0.878,10,603
1995-12-04T00:00:00.000+10:00,0.867,10,603
1995-12-05T00:00:00.000+10:00,0.859,10,603
1995-12-06T00:00:00.000+10:00,0.856,10,603
1995-12-07T00:00:00.000+10:00,0.851,10,603
1995-12-08T00:00:00.000+10:00,0.849,10,603
1995-12-09T00:00:00.000+10:00,0.845,10,603
1995-12-10T00:00:00.000+10:00,0.861,10,603
1995-12-11T00:00:00.000+10:00,0.965,10,603
1995-12-12T00:00:00.000+10:00,0.899,10,603
1995-12-13T00:00:00.000+10:00,0.875,10,603
1995-12-14T00:00:00.000+10:00,0.866,10,603
1995-12-15T00:00:00.000+10:00,0.860,10,603
1995-12-16T00:00:00.000+10:00,0.855,10,603
1995-12-17T00:00:00.000+10:00,0.863,10,603
1995-12-18T00:00:00.000+10:00,0.857,10,603
1995-12-19T00:00:00.000+10:00,0.850,10,603
1995-12-20T00:00:00.000+10:00,0.840,10,603
1995-12-21T00:00:00.000+10:00,0.832,10,603
1995-12-22T00:00:00.000+10:00,0.826,10,603
1995-12-23T00:00:00.000+10:00,0.830,10,603
1995-12-24T00:00:00.000+10:00,0.858,10,603
1995-12-25T00:00:00.000+10:00,0.878,10,603
1995-12-26T00:00:00.000+10:00,0.852,10,603
1995-12-27T00:00:00.000+10:00,0.840,10,603
1995-12-28T00:00:00.000+10:00,0.834,10,603
1995-12-29T00:00:00.000+10:00,0.832,10,603
1995-12-30T00:00:00.000+10:00,0.829,10,603
1995-12-31T00:00:00.000+10:00,0.824,10,603
1996-01-01T00:00:00.000+10:00,0.819,10,603
1996-01-02T00:00:00.000+10:00,0.818,10,603
1996-01-03T00:00:00.000+10:00,1.587,10,603
1996-01-04T00:00:00.000+10:00,1.271,10,603
1996-01-05T00:00:00.000+10:00,1.188,10,603
1996-01-06T00:00:00.000+10:00,1.187,10,603
1996-01-07T00:00:00.000+10:00,1.249,10,603
1996-01-08T00:00:00.000+10:00,1.164,10,603
1996-01-09T00:00:00.000+10:00,1.115,10,603
1996-01-10T00:00:00.000+10:00,1.350,10,603
1996-01-11T00:00:00.000+10:00,1.582,10,603
1996-01-12T00:00:00.000+10:00,1.350,10,603
1996-01-13T00:00:00.000+10:00,1.235,10,603
1996-01-14T00:00:00.000+10:00,1.163,10,603
1996-01-15T00:00:00.000+10:00,1.109,10,603
1996-01-16T00:00:00.000+10:00,1.066,10,603
1996-01-17T00:00:00.000+10:00,1.032,10,603
1996-01-18T00:00:00.000+10:00,1.006,10,603
1996-01-19T00:00:00.000+10:00,0.985,10,603
1996-01-20T00:00:00.000+10:00,0.967,10,603
1996-01-21T00:00:00.000+10:00,0.953,10,603
1996-01-22T00:00:00.000+10:00,0.980,10,603
1996-01-23T00:00:00.000+10:00,1.211,10,603
1996-01-24T00:00:00.000+10:00,1.195,10,603
1996-01-25T00:00:00.000+10:00,1.242,10,603
1996-01-26T00:00:00.000+10:00,1.447,10,603
1996-01-27T00:00:00.000+10:00,1.450,10,603
1996-01-28T00:00:00.000+10:00,1.254,10,603
1996-01-29T00:00:00.000+10:00,1.176,10,603
1996-01-30T00:00:00.000+10:00,1.127,10,603
1996-01-31T00:00:00.000+10:00,1.088,10,603
1996-02-01T00:00:00.000+10:00,1.054,10,603
1996-02-02T00:00:00.000+10:00,1.024,10,603
1996-02-03T00:00:00.000+10:00,1.000,10,603
1996-02-04T00:00:00.000+10:00,0.980,10,603
1996-02-05T00:00:00.000+10:00,0.966,10,603
1996-02-06T00:00:00.000+10:00,0.954,10,603
1996-02-07T00:00:00.000+10:00,0.942,10,603
1996-02-08T00:00:00.000+10:00,0.929,10,603
1996-02-09T00:00:00.000+10:00,0.924,10,603
1996-02-10T00:00:00.000+10:00,0.917,10,603
1996-02-11T00:00:00.000+10:00,0.905,10,603
1996-02-12T00:00:00.000+10:00,0.896,10,603
1996-02-13T00:00:00.000+10:00,0.889,10,603
1996-02-14T00:00:00.000+10:00,0.893,10,603
1996-02-15T00:00:00.000+10:00,0.985,10,603
1996-02-16T00:00:00.000+10:00,1.020,10,603
1996-02-17T00:00:00.000+10:00,0.981,10,603
1996-02-18T00:00:00.000+10:00,0.933,10,603
1996-02-19T00:00:00.000+10:00,0.914,10,603
1996-02-20T00:00:00.000+10:00,0.901,10,603
1996-02-21T00:00:00.000+10:00,0.902,10,603
1996-02-22T00:00:00.000+10:00,0.909,10,603
1996-02-23T00:00:00.000+10:00,0.900,10,603
1996-02-24T00:00:00.000+10:00,0.949,10,603
1996-02-25T00:00:00.000+10:00,0.949,10,603
1996-02-26T00:00:00.000+10:00,0.927,10,603
1996-02-27T00:00:00.000+10:00,0.918,10,603
1996-02-28T00:00:00.000+10:00,0.907,10,603
1996-02-29T00:00:00.000+10:00,0.908,10,603
1996-03-01T00:00:00.000+10:00,1.263,10,603
1996-03-02T00:00:00.000+10:00,1.183,10,603
1996-03-03T00:00:00.000+10:00,1.099,10,603
1996-03-04T00:00:00.000+10:00,1.051,10,603
1996-03-05T00:00:00.000+10:00,1.032,10,603
1996-03-06T00:00:00.000+10:00,1.028,10,603
1996-03-07T00:00:00.000+10:00,0.998,10,603
1996-03-08T00:00:00.000+10:00,0.997,10,603
1996-03-09T00:00:00.000+10:00,1.193,10,603
1996-03-10T00:00:00.000+10:00,1.169,10,603
1996-03-11T00:00:00.000+10:00,1.129,10,603
1996-03-12T00:00:00.000+10:00,1.175,10,603
1996-03-13T00:00:00.000+10:00,1.148,10,603
1996-03-14T00:00:00.000+10:00,1.113,10,603
1996-03-15T00:00:00.000+10:00,1.082,10,603
1996-03-16T00:00:00.000+10:00,1.055,10,603
1996-03-17T00:00:00.000+10:00,1.030,10,603
1996-03-18T00:00:00.000+10:00,1.009,10,603
1996-03-19T00:00:00.000+10:00,0.996,10,603
1996-03-20T00:00:00.000+10:00,0.980,10,603
1996-03-21T00:00:00.000+10:00,0.965,10,603
1996-03-22T00:00:00.000+10:00,0.952,10,603
1996-03-23T00:00:00.000+10:00,0.947,10,603
1996-03-24T00:00:00.000+10:00,0.945,10,603
1996-03-25T00:00:00.000+10:00,0.943,10,603
1996-03-26T00:00:00.000+10:00,0.940,10,603
1996-03-27T00:00:00.000+10:00,0.942,10,603
1996-03-28T00:00:00.000+10:00,0.947,10,603
1996-03-29T00:00:00.000+10:00,0.997,10,603
1996-03-30T00:00:00.000+10:00,0.964,10,603
1996-03-31T00:00:00.000+10:00,0.960,10,603
1996-04-01T00:00:00.000+10:00,1.013,10,603
1996-04-02T00:00:00.000+10:00,0.955,10,603
1996-04-03T00:00:00.000+10:00,0.936,10,603
1996-04-04T00:00:00.000+10:00,0.925,10,603
1996-04-05T00:00:00.000+10:00,0.915,10,603
1996-04-06T00:00:00.000+10:00,0.907,10,603
1996-04-07T00:00:00.000+10:00,0.900,10,603
1996-04-08T00:00:00.000+10:00,0.900,10,603
1996-04-09T00:00:00.000+10:00,0.928,10,603
1996-04-10T00:00:00.000+10:00,0.901,10,603
1996-04-11T00:00:00.000+10:00,0.891,10,603
1996-04-12T00:00:00.000+10:00,0.883,10,603
1996-04-13T00:00:00.000+10:00,0.878,10,603
1996-04-14T00:00:00.000+10:00,0.873,10,603
1996-04-15T00:00:00.000+10:00,0.868,10,603
1996-04-16T00:00:00.000+10:00,0.863,10,603
1996-04-17T00:00:00.000+10:00,0.860,10,603
1996-04-18T00:00:00.000+10:00,0.855,10,603
1996-04-19T00:00:00.000+10:00,0.852,10,603
1996-04-20T00:00:00.000+10:00,0.848,10,603
1996-04-21T00:00:00.000+10:00,0.845,10,603
1996-04-22T00:00:00.000+10:00,0.842,10,603
1996-04-23T00:00:00.000+10:00,0.837,10,603
1996-04-24T00:00:00.000+10:00,0.837,10,603
1996-04-25T00:00:00.000+10:00,0.848,10,603
1996-04-26T00:00:00.000+10:00,0.847,10,603
1996-04-27T00:00:00.000+10:00,0.840,10,603
1996-04-28T00:00:00.000+10:00,0.840,10,603
1996-04-29T00:00:00.000+10:00,0.859,10,603
1996-04-30T00:00:00.000+10:00,0.852,10,603
1996-05-01T00:00:00.000+10:00,0.996,10,603
1996-05-02T00:00:00.000+10:00,2.595,90,603
1996-05-03T00:00:00.000+10:00,4.068,90,603
1996-05-04T00:00:00.000+10:00,3.305,90,603
1996-05-05T00:00:00.000+10:00,2.806,90,603
1996-05-06T00:00:00.000+10:00,3.422,90,603
1996-05-07T00:00:00.000+10:00,2.351,10,603
1996-05-08T00:00:00.000+10:00,1.771,10,603
1996-05-09T00:00:00.000+10:00,1.656,10,603
1996-05-10T00:00:00.000+10:00,1.515,10,603
1996-05-11T00:00:00.000+10:00,1.429,10,603
1996-05-12T00:00:00.000+10:00,1.361,10,603
1996-05-13T00:00:00.000+10:00,1.311,10,603
1996-05-14T00:00:00.000+10:00,1.287,10,603
1996-05-15T00:00:00.000+10:00,1.441,10,603
1996-05-16T00:00:00.000+10:00,1.628,10,603
1996-05-17T00:00:00.000+10:00,1.592,10,603
1996-05-18T00:00:00.000+10:00,1.818,10,603
1996-05-19T00:00:00.000+10:00,1.717,10,603
1996-05-20T00:00:00.000+10:00,1.532,10,603
1996-05-21T00:00:00.000+10:00,1.423,10,603
1996-05-22T00:00:00.000+10:00,1.349,10,603
1996-05-23T00:00:00.000+10:00,1.294,10,603
1996-05-24T00:00:00.000+10:00,1.249,10,603
1996-05-25T00:00:00.000+10:00,1.212,10,603
1996-05-26T00:00:00.000+10:00,1.181,10,603
1996-05-27T00:00:00.000+10:00,1.157,10,603
1996-05-28T00:00:00.000+10:00,1.136,10,603
1996-05-29T00:00:00.000+10:00,1.115,10,603
1996-05-30T00:00:00.000+10:00,1.098,10,603
1996-05-31T00:00:00.000+10:00,1.082,10,603
1996-06-01T00:00:00.000+10:00,1.068,10,603
1996-06-02T00:00:00.000+10:00,1.055,10,603
1996-06-03T00:00:00.000+10:00,1.045,10,603
1996-06-04T00:00:00.000+10:00,1.034,10,603
1996-06-05T00:00:00.000+10:00,1.024,10,603
1996-06-06T00:00:00.000+10:00,1.020,10,603
1996-06-07T00:00:00.000+10:00,1.030,10,603
1996-06-08T00:00:00.000+10:00,1.004,10,603
1996-06-09T00:00:00.000+10:00,0.991,10,603
1996-06-10T00:00:00.000+10:00,0.991,10,603
1996-06-11T00:00:00.000+10:00,0.986,10,603
1996-06-12T00:00:00.000+10:00,0.984,10,603
1996-06-13T00:00:00.000+10:00,0.973,10,603
1996-06-14T00:00:00.000+10:00,0.966,10,603
1996-06-15T00:00:00.000+10:00,0.972,10,603
1996-06-16T00:00:00.000+10:00,0.982,10,603
1996-06-17T00:00:00.000+10:00,1.062,10,603
1996-06-18T00:00:00.000+10:00,1.017,10,603
1996-06-19T00:00:00.000+10:00,0.990,10,603
1996-06-20T00:00:00.000+10:00,0.975,10,603
1996-06-21T00:00:00.000+10:00,0.963,10,603
1996-06-22T00:00:00.000+10:00,0.955,10,603
1996-06-23T00:00:00.000+10:00,0.950,10,603
1996-06-24T00:00:00.000+10:00,0.934,10,603
1996-06-25T00:00:00.000+10:00,0.928,10,603
1996-06-26T00:00:00.000+10:00,0.924,10,603
1996-06-27T00:00:00.000+10:00,0.916,10,603
1996-06-28T00:00:00.000+10:00,0.910,10,603
1996-06-29T00:00:00.000+10:00,0.905,10,603
1996-06-30T00:00:00.000+10:00,0.901,10,603
1996-07-01T00:00:00.000+10:00,0.894,10,603
1996-07-02T00:00:00.000+10:00,0.891,10,603
1996-07-03T00:00:00.000+10:00,0.886,10,603
1996-07-04T00:00:00.000+10:00,0.883,10,603
1996-07-05T00:00:00.000+10:00,0.880,10,603
1996-07-06T00:00:00.000+10:00,0.878,10,603
1996-07-07T00:00:00.000+10:00,0.876,10,603
1996-07-08T00:00:00.000+10:00,0.871,10,603
1996-07-09T00:00:00.000+10:00,0.868,10,603
1996-07-10T00:00:00.000+10:00,0.866,10,603
1996-07-11T00:00:00.000+10:00,0.864,10,603
1996-07-12T00:00:00.000+10:00,0.861,10,603
1996-07-13T00:00:00.000+10:00,0.857,10,603
1996-07-14T00:00:00.000+10:00,0.854,10,603
1996-07-15T00:00:00.000+10:00,0.849,10,603
1996-07-16T00:00:00.000+10:00,0.845,10,603
1996-07-17T00:00:00.000+10:00,0.841,10,603
1996-07-18T00:00:00.000+10:00,0.839,10,603
1996-07-19T00:00:00.000+10:00,0.838,10,603
1996-07-20T00:00:00.000+10:00,0.835,10,603
1996-07-21T00:00:00.000+10:00,0.833,10,603
1996-07-22T00:00:00.000+10:00,0.830,10,603
1996-07-23T00:00:00.000+10:00,0.827,10,603
1996-07-24T00:00:00.000+10:00,0.824,10,603
1996-07-25T00:00:00.000+10:00,0.822,10,603
1996-07-26T00:00:00.000+10:00,0.821,10,603
1996-07-27T00:00:00.000+10:00,0.840,10,603
1996-07-28T00:00:00.000+10:00,1.037,10,603
1996-07-29T00:00:00.000+10:00,0.956,10,603
1996-07-30T00:00:00.000+10:00,0.903,10,603
1996-07-31T00:00:00.000+10:00,0.882,10,603
1996-08-01T00:00:00.000+10:00,0.869,10,603
1996-08-02T00:00:00.000+10:00,0.862,10,603
1996-08-03T00:00:00.000+10:00,0.855,10,603
1996-08-04T00:00:00.000+10:00,0.849,10,603
1996-08-05T00:00:00.000+10:00,0.843,10,603
1996-08-06T00:00:00.000+10:00,0.838,10,603
1996-08-07T00:00:00.000+10:00,0.833,10,603
1996-08-08T00:00:00.000+10:00,0.828,10,603
1996-08-09T00:00:00.000+10:00,0.825,10,603
1996-08-10T00:00:00.000+10:00,0.820,10,603
1996-08-11T00:00:00.000+10:00,0.817,10,603
1996-08-12T00:00:00.000+10:00,0.814,10,603
1996-08-13T00:00:00.000+10:00,0.812,10,603
1996-08-14T00:00:00.000+10:00,0.810,10,603
1996-08-15T00:00:00.000+10:00,0.807,10,603
1996-08-16T00:00:00.000+10:00,0.804,10,603
1996-08-17T00:00:00.000+10:00,0.803,10,603
1996-08-18T00:00:00.000+10:00,0.800,10,603
1996-08-19T00:00:00.000+10:00,0.797,10,603
1996-08-20T00:00:00.000+10:00,0.794,10,603
1996-08-21T00:00:00.000+10:00,0.792,10,603
1996-08-22T00:00:00.000+10:00,0.790,10,603
1996-08-23T00:00:00.000+10:00,0.790,10,603
1996-08-24T00:00:00.000+10:00,0.789,10,603
1996-08-25T00:00:00.000+10:00,0.787,10,603
1996-08-26T00:00:00.000+10:00,0.785,10,603
1996-08-27T00:00:00.000+10:00,0.783,10,603
1996-08-28T00:00:00.000+10:00,0.784,10,603
1996-08-29T00:00:00.000+10:00,0.784,10,603
1996-08-30T00:00:00.000+10:00,0.836,10,603
1996-08-31T00:00:00.000+10:00,0.992,10,603
1996-09-01T00:00:00.000+10:00,0.875,10,603
1996-09-02T00:00:00.000+10:00,0.851,10,603
1996-09-03T00:00:00.000+10:00,0.839,10,603
1996-09-04T00:00:00.000+10:00,0.835,10,603
1996-09-05T00:00:00.000+10:00,0.831,10,603
1996-09-06T00:00:00.000+10:00,0.826,10,603
1996-09-07T00:00:00.000+10:00,0.822,10,603
1996-09-08T00:00:00.000+10:00,0.817,10,603
1996-09-09T00:00:00.000+10:00,0.811,10,603
1996-09-10T00:00:00.000+10:00,0.806,10,603
1996-09-11T00:00:00.000+10:00,0.803,10,603
1996-09-12T00:00:00.000+10:00,0.798,10,603
1996-09-13T00:00:00.000+10:00,0.794,10,603
1996-09-14T00:00:00.000+10:00,0.790,10,603
1996-09-15T00:00:00.000+10:00,0.786,10,603
1996-09-16T00:00:00.000+10:00,0.782,10,603
1996-09-17T00:00:00.000+10:00,0.776,10,603
1996-09-18T00:00:00.000+10:00,0.771,10,603
1996-09-19T00:00:00.000+10:00,0.771,10,603
1996-09-20T00:00:00.000+10:00,0.776,10,603
1996-09-21T00:00:00.000+10:00,0.780,10,603
1996-09-22T00:00:00.000+10:00,0.779,10,603
1996-09-23T00:00:00.000+10:00,0.773,10,603
1996-09-24T00:00:00.000+10:00,0.767,10,603
1996-09-25T00:00:00.000+10:00,0.764,90,603
1996-09-26T00:00:00.000+10:00,0.764,90,603
1996-09-27T00:00:00.000+10:00,0.767,90,603
1996-09-28T00:00:00.000+10:00,0.770,90,603
1996-09-29T00:00:00.000+10:00,0.772,90,603
1996-09-30T00:00:00.000+10:00,0.778,90,603
1996-10-01T00:00:00.000+10:00,0.786,90,603
1996-10-02T00:00:00.000+10:00,0.787,90,603
1996-10-03T00:00:00.000+10:00,0.783,90,603
1996-10-04T00:00:00.000+10:00,0.779,90,603
1996-10-05T00:00:00.000+10:00,0.778,90,603
1996-10-06T00:00:00.000+10:00,0.776,90,603
1996-10-07T00:00:00.000+10:00,0.776,90,603
1996-10-08T00:00:00.000+10:00,0.778,90,603
1996-10-09T00:00:00.000+10:00,0.779,90,603
1996-10-10T00:00:00.000+10:00,0.775,90,603
1996-10-11T00:00:00.000+10:00,0.770,90,603
1996-10-12T00:00:00.000+10:00,0.766,90,603
1996-10-13T00:00:00.000+10:00,0.760,90,603
1996-10-14T00:00:00.000+10:00,0.756,90,603
1996-10-15T00:00:00.000+10:00,0.755,90,603
1996-10-16T00:00:00.000+10:00,0.753,90,603
1996-10-17T00:00:00.000+10:00,0.751,90,603
1996-10-18T00:00:00.000+10:00,0.751,90,603
1996-10-19T00:00:00.000+10:00,0.752,90,603
1996-10-20T00:00:00.000+10:00,0.784,90,603
1996-10-21T00:00:00.000+10:00,0.784,90,603
1996-10-22T00:00:00.000+10:00,0.784,90,603
1996-10-23T00:00:00.000+10:00,0.783,90,603
1996-10-24T00:00:00.000+10:00,0.781,90,603
1996-10-25T00:00:00.000+10:00,0.779,90,603
1996-10-26T00:00:00.000+10:00,0.776,90,603
1996-10-27T00:00:00.000+10:00,0.773,90,603
1996-10-28T00:00:00.000+10:00,0.771,90,603
1996-10-29T00:00:00.000+10:00,0.771,90,603
1996-10-30T00:00:00.000+10:00,0.772,90,603
1996-10-31T00:00:00.000+10:00,0.773,90,603
1996-11-01T00:00:00.000+10:00,0.774,90,603
1996-11-02T00:00:00.000+10:00,0.774,90,603
1996-11-03T00:00:00.000+10:00,0.774,90,603
1996-11-04T00:00:00.000+10:00,0.775,90,603
1996-11-05T00:00:00.000+10:00,0.777,90,603
1996-11-06T00:00:00.000+10:00,0.780,90,603
1996-11-07T00:00:00.000+10:00,0.786,90,603
1996-11-08T00:00:00.000+10:00,0.796,90,603
1996-11-09T00:00:00.000+10:00,0.805,90,603
1996-11-10T00:00:00.000+10:00,0.805,90,603
1996-11-11T00:00:00.000+10:00,0.802,90,603
1996-11-12T00:00:00.000+10:00,0.798,90,603
1996-11-13T00:00:00.000+10:00,0.789,90,603
1996-11-14T00:00:00.000+10:00,0.783,90,603
1996-11-15T00:00:00.000+10:00,0.775,90,603
1996-11-16T00:00:00.000+10:00,0.766,90,603
1996-11-17T00:00:00.000+10:00,0.760,90,603
1996-11-18T00:00:00.000+10:00,0.750,90,603
1996-11-19T00:00:00.000+10:00,0.745,90,603
1996-11-20T00:00:00.000+10:00,0.744,90,603
1996-11-21T00:00:00.000+10:00,0.748,90,603
1996-11-22T00:00:00.000+10:00,0.768,90,603
1996-11-23T00:00:00.000+10:00,1.518,90,603
1996-11-24T00:00:00.000+10:00,2.032,90,603
1996-11-25T00:00:00.000+10:00,1.436,90,603
1996-11-26T00:00:00.000+10:00,1.241,90,603
1996-11-27T00:00:00.000+10:00,1.150,90,603
1996-11-28T00:00:00.000+10:00,1.086,90,603
1996-11-29T00:00:00.000+10:00,1.038,90,603
1996-11-30T00:00:00.000+10:00,1.001,90,603
1996-12-01T00:00:00.000+10:00,0.969,90,603
1996-12-02T00:00:00.000+10:00,0.947,90,603
1996-12-03T00:00:00.000+10:00,0.942,90,603
1996-12-04T00:00:00.000+10:00,0.940,90,603
1996-12-05T00:00:00.000+10:00,0.920,90,603
1996-12-06T00:00:00.000+10:00,0.902,90,603
1996-12-07T00:00:00.000+10:00,0.903,90,603
1996-12-08T00:00:00.000+10:00,0.907,90,603
1996-12-09T00:00:00.000+10:00,0.907,90,603
1996-12-10T00:00:00.000+10:00,0.891,90,603
1996-12-11T00:00:00.000+10:00,0.881,90,603
1996-12-12T00:00:00.000+10:00,0.882,90,603
1996-12-13T00:00:00.000+10:00,0.886,90,603
1996-12-14T00:00:00.000+10:00,0.879,90,603
1996-12-15T00:00:00.000+10:00,0.875,90,603
1996-12-16T00:00:00.000+10:00,0.873,90,603
1996-12-17T00:00:00.000+10:00,0.875,90,603
1996-12-18T00:00:00.000+10:00,0.937,90,603
1996-12-19T00:00:00.000+10:00,1.013,90,603
1996-12-20T00:00:00.000+10:00,0.950,90,603
1996-12-21T00:00:00.000+10:00,0.932,90,603
1996-12-22T00:00:00.000+10:00,0.922,90,603
1996-12-23T00:00:00.000+10:00,0.915,90,603
1996-12-24T00:00:00.000+10:00,0.907,90,603
1996-12-25T00:00:00.000+10:00,0.898,90,603
1996-12-26T00:00:00.000+10:00,0.884,90,603
1996-12-27T00:00:00.000+10:00,0.875,90,603
1996-12-28T00:00:00.000+10:00,0.875,90,603
1996-12-29T00:00:00.000+10:00,0.864,90,603
1996-12-30T00:00:00.000+10:00,0.853,90,603
1996-12-31T00:00:00.000+10:00,0.851,90,603
1997-01-01T00:00:00.000+10:00,0.848,90,603
1997-01-02T00:00:00.000+10:00,0.842,90,603
1997-01-03T00:00:00.000+10:00,0.834,90,603
1997-01-04T00:00:00.000+10:00,0.828,90,603
1997-01-05T00:00:00.000+10:00,0.824,90,603
1997-01-06T00:00:00.000+10:00,0.820,90,603
1997-01-07T00:00:00.000+10:00,0.815,90,603
1997-01-08T00:00:00.000+10:00,0.808,90,603
1997-01-09T00:00:00.000+10:00,0.802,90,603
1997-01-10T00:00:00.000+10:00,0.797,90,603
1997-01-11T00:00:00.000+10:00,0.792,90,603
1997-01-12T00:00:00.000+10:00,0.788,90,603
1997-01-13T00:00:00.000+10:00,0.784,90,603
1997-01-14T00:00:00.000+10:00,0.781,90,603
1997-01-15T00:00:00.000+10:00,0.777,90,603
1997-01-16T00:00:00.000+10:00,0.772,90,603
1997-01-17T00:00:00.000+10:00,0.767,90,603
1997-01-18T00:00:00.000+10:00,0.771,90,603
1997-01-19T00:00:00.000+10:00,0.774,90,603
1997-01-20T00:00:00.000+10:00,0.771,90,603
1997-01-21T00:00:00.000+10:00,0.769,90,603
1997-01-22T00:00:00.000+10:00,0.768,90,603
1997-01-23T00:00:00.000+10:00,0.764,90,603
1997-01-24T00:00:00.000+10:00,0.763,90,603
1997-01-25T00:00:00.000+10:00,0.784,90,603
1997-01-26T00:00:00.000+10:00,0.856,90,603
1997-01-27T00:00:00.000+10:00,1.170,90,603
1997-01-28T00:00:00.000+10:00,1.127,90,603
1997-01-29T00:00:00.000+10:00,1.046,90,603
1997-01-30T00:00:00.000+10:00,1.066,90,603
1997-01-31T00:00:00.000+10:00,1.116,90,603
1997-02-01T00:00:00.000+10:00,1.195,90,603
1997-02-02T00:00:00.000+10:00,1.201,90,603
1997-02-03T00:00:00.000+10:00,1.127,90,603
1997-02-04T00:00:00.000+10:00,1.076,90,603
1997-02-05T00:00:00.000+10:00,1.036,90,603
1997-02-06T00:00:00.000+10:00,1.004,90,603
1997-02-07T00:00:00.000+10:00,0.978,90,603
1997-02-08T00:00:00.000+10:00,0.955,90,603
1997-02-09T00:00:00.000+10:00,0.937,90,603
1997-02-10T00:00:00.000+10:00,0.922,90,603
1997-02-11T00:00:00.000+10:00,0.909,90,603
1997-02-12T00:00:00.000+10:00,0.898,90,603
1997-02-13T00:00:00.000+10:00,1.038,90,603
1997-02-14T00:00:00.000+10:00,1.248,90,603
1997-02-15T00:00:00.000+10:00,1.174,90,603
1997-02-16T00:00:00.000+10:00,1.235,90,603
1997-02-17T00:00:00.000+10:00,1.172,90,603
1997-02-18T00:00:00.000+10:00,1.270,90,603
1997-02-19T00:00:00.000+10:00,1.215,90,603
1997-02-20T00:00:00.000+10:00,1.184,90,603
1997-02-21T00:00:00.000+10:00,1.138,90,603
1997-02-22T00:00:00.000+10:00,1.099,90,603
1997-02-23T00:00:00.000+10:00,1.065,90,603
1997-02-24T00:00:00.000+10:00,1.035,90,603
1997-02-25T00:00:00.000+10:00,1.017,90,603
1997-02-26T00:00:00.000+10:00,1.066,90,603
1997-02-27T00:00:00.000+10:00,1.615,90,603
1997-02-28T00:00:00.000+10:00,1.393,90,603
1997-03-01T00:00:00.000+10:00,1.263,90,603
1997-03-02T00:00:00.000+10:00,1.192,90,603
1997-03-03T00:00:00.000+10:00,1.141,90,603
1997-03-04T00:00:00.000+10:00,1.103,90,603
1997-03-05T00:00:00.000+10:00,1.104,90,603
1997-03-06T00:00:00.000+10:00,2.213,90,603
1997-03-07T00:00:00.000+10:00,1.674,90,603
1997-03-08T00:00:00.000+10:00,1.438,90,603
1997-03-09T00:00:00.000+10:00,1.324,90,603
1997-03-10T00:00:00.000+10:00,1.278,90,603
1997-03-11T00:00:00.000+10:00,1.230,90,603
1997-03-12T00:00:00.000+10:00,1.192,90,603
1997-03-13T00:00:00.000+10:00,1.153,90,603
1997-03-14T00:00:00.000+10:00,1.119,90,603
1997-03-15T00:00:00.000+10:00,1.094,90,603
1997-03-16T00:00:00.000+10:00,1.083,90,603
1997-03-17T00:00:00.000+10:00,1.052,90,603
1997-03-18T00:00:00.000+10:00,1.056,90,603
1997-03-19T00:00:00.000+10:00,1.027,90,603
1997-03-20T00:00:00.000+10:00,1.008,90,603
1997-03-21T00:00:00.000+10:00,0.992,90,603
1997-03-22T00:00:00.000+10:00,0.982,90,603
1997-03-23T00:00:00.000+10:00,0.979,90,603
1997-03-24T00:00:00.000+10:00,0.967,90,603
1997-03-25T00:00:00.000+10:00,0.953,90,603
1997-03-26T00:00:00.000+10:00,0.954,90,603
1997-03-27T00:00:00.000+10:00,0.939,90,603
1997-03-28T00:00:00.000+10:00,0.929,90,603
1997-03-29T00:00:00.000+10:00,0.921,90,603
1997-03-30T00:00:00.000+10:00,0.915,90,603
1997-03-31T00:00:00.000+10:00,0.919,90,603
1997-04-01T00:00:00.000+10:00,0.913,90,603
1997-04-02T00:00:00.000+10:00,0.903,90,603
1997-04-03T00:00:00.000+10:00,0.893,90,603
1997-04-04T00:00:00.000+10:00,0.885,90,603
1997-04-05T00:00:00.000+10:00,0.880,90,603
1997-04-06T00:00:00.000+10:00,0.874,90,603
1997-04-07T00:00:00.000+10:00,0.868,90,603
1997-04-08T00:00:00.000+10:00,0.859,90,603
1997-04-09T00:00:00.000+10:00,0.854,90,603
1997-04-10T00:00:00.000+10:00,0.851,90,603
1997-04-11T00:00:00.000+10:00,0.847,90,603
1997-04-12T00:00:00.000+10:00,0.844,90,603
1997-04-13T00:00:00.000+10:00,0.841,90,603
1997-04-14T00:00:00.000+10:00,0.837,90,603
1997-04-15T00:00:00.000+10:00,0.832,90,603
1997-04-16T00:00:00.000+10:00,0.831,90,603
1997-04-17T00:00:00.000+10:00,0.828,90,603
1997-04-18T00:00:00.000+10:00,0.824,90,603
1997-04-19T00:00:00.000+10:00,0.822,90,603
1997-04-20T00:00:00.000+10:00,0.827,90,603
1997-04-21T00:00:00.000+10:00,0.829,90,603
1997-04-22T00:00:00.000+10:00,0.817,90,603
1997-04-23T00:00:00.000+10:00,0.809,90,603
1997-04-24T00:00:00.000+10:00,0.805,90,603
1997-04-25T00:00:00.000+10:00,0.806,90,603
1997-04-26T00:00:00.000+10:00,0.835,90,603
1997-04-27T00:00:00.000+10:00,0.826,90,603
1997-04-28T00:00:00.000+10:00,0.812,90,603
1997-04-29T00:00:00.000+10:00,0.805,90,603
1997-04-30T00:00:00.000+10:00,0.800,90,603
1997-05-01T00:00:00.000+10:00,0.827,90,603
1997-05-02T00:00:00.000+10:00,0.893,90,603
1997-05-03T00:00:00.000+10:00,0.954,90,603
1997-05-04T00:00:00.000+10:00,0.922,90,603
1997-05-05T00:00:00.000+10:00,0.896,90,603
1997-05-06T00:00:00.000+10:00,0.878,90,603
1997-05-07T00:00:00.000+10:00,0.896,90,603
1997-05-08T00:00:00.000+10:00,0.901,90,603
1997-05-09T00:00:00.000+10:00,0.918,90,603
1997-05-10T00:00:00.000+10:00,0.898,90,603
1997-05-11T00:00:00.000+10:00,0.884,90,603
1997-05-12T00:00:00.000+10:00,0.871,90,603
1997-05-13T00:00:00.000+10:00,0.862,90,603
1997-05-14T00:00:00.000+10:00,0.855,90,603
1997-05-15T00:00:00.000+10:00,0.848,90,603
1997-05-16T00:00:00.000+10:00,0.866,90,603
1997-05-17T00:00:00.000+10:00,0.995,90,603
1997-05-18T00:00:00.000+10:00,0.935,90,603
1997-05-19T00:00:00.000+10:00,0.914,90,603
1997-05-20T00:00:00.000+10:00,0.905,90,603
1997-05-21T00:00:00.000+10:00,0.894,90,603
1997-05-22T00:00:00.000+10:00,0.886,90,603
1997-05-23T00:00:00.000+10:00,0.879,90,603
1997-05-24T00:00:00.000+10:00,0.871,90,603
1997-05-25T00:00:00.000+10:00,0.864,90,603
1997-05-26T00:00:00.000+10:00,0.856,90,603
1997-05-27T00:00:00.000+10:00,0.849,90,603
1997-05-28T00:00:00.000+10:00,0.843,90,603
1997-05-29T00:00:00.000+10:00,0.837,90,603
1997-05-30T00:00:00.000+10:00,0.833,90,603
1997-05-31T00:00:00.000+10:00,0.827,90,603
1997-06-01T00:00:00.000+10:00,0.821,90,603
1997-06-02T00:00:00.000+10:00,0.816,90,603
1997-06-03T00:00:00.000+10:00,0.813,90,603
1997-06-04T00:00:00.000+10:00,0.811,90,603
1997-06-05T00:00:00.000+10:00,0.809,90,603
1997-06-06T00:00:00.000+10:00,0.807,90,603
1997-06-07T00:00:00.000+10:00,0.804,90,603
1997-06-08T00:00:00.000+10:00,0.800,90,603
1997-06-09T00:00:00.000+10:00,0.796,90,603
1997-06-10T00:00:00.000+10:00,0.793,90,603
1997-06-11T00:00:00.000+10:00,0.790,90,603
1997-06-12T00:00:00.000+10:00,0.788,90,603
1997-06-13T00:00:00.000+10:00,0.787,90,603
1997-06-14T00:00:00.000+10:00,0.786,90,603
1997-06-15T00:00:00.000+10:00,0.783,90,603
1997-06-16T00:00:00.000+10:00,0.794,90,603
1997-06-17T00:00:00.000+10:00,0.998,90,603
1997-06-18T00:00:00.000+10:00,0.870,90,603
1997-06-19T00:00:00.000+10:00,0.832,90,603
1997-06-20T00:00:00.000+10:00,0.820,90,603
1997-06-21T00:00:00.000+10:00,0.821,90,603
1997-06-22T00:00:00.000+10:00,0.826,90,603
1997-06-23T00:00:00.000+10:00,0.881,90,603
1997-06-24T00:00:00.000+10:00,0.843,90,603
1997-06-25T00:00:00.000+10:00,0.829,90,603
1997-06-26T00:00:00.000+10:00,0.820,90,603
1997-06-27T00:00:00.000+10:00,0.810,90,603
1997-06-28T00:00:00.000+10:00,0.804,90,603
1997-06-29T00:00:00.000+10:00,0.799,90,603
1997-06-30T00:00:00.000+10:00,0.796,90,603
1997-07-01T00:00:00.000+10:00,0.792,90,603
1997-07-02T00:00:00.000+10:00,0.789,90,603
1997-07-03T00:00:00.000+10:00,0.785,90,603
1997-07-04T00:00:00.000+10:00,0.782,90,603
1997-07-05T00:00:00.000+10:00,0.779,90,603
1997-07-06T00:00:00.000+10:00,0.782,90,603
1997-07-07T00:00:00.000+10:00,0.786,90,603
1997-07-08T00:00:00.000+10:00,0.781,90,603
1997-07-09T00:00:00.000+10:00,0.776,90,603
1997-07-10T00:00:00.000+10:00,0.772,90,603
1997-07-11T00:00:00.000+10:00,0.769,90,603
1997-07-12T00:00:00.000+10:00,0.768,90,603
1997-07-13T00:00:00.000+10:00,0.768,90,603
1997-07-14T00:00:00.000+10:00,0.766,90,603
1997-07-15T00:00:00.000+10:00,0.764,90,603
1997-07-16T00:00:00.000+10:00,0.762,90,603
1997-07-17T00:00:00.000+10:00,0.759,90,603
1997-07-18T00:00:00.000+10:00,0.755,90,603
1997-07-19T00:00:00.000+10:00,0.753,90,603
1997-07-20T00:00:00.000+10:00,0.752,90,603
1997-07-21T00:00:00.000+10:00,0.751,90,603
1997-07-22T00:00:00.000+10:00,0.751,90,603
1997-07-23T00:00:00.000+10:00,0.748,90,603
1997-07-24T00:00:00.000+10:00,0.748,90,603
1997-07-25T00:00:00.000+10:00,0.750,90,603
1997-07-26T00:00:00.000+10:00,0.751,90,603
1997-07-27T00:00:00.000+10:00,0.751,90,603
1997-07-28T00:00:00.000+10:00,0.749,90,603
1997-07-29T00:00:00.000+10:00,0.746,90,603
1997-07-30T00:00:00.000+10:00,0.745,90,603
1997-07-31T00:00:00.000+10:00,0.749,90,603
1997-08-01T00:00:00.000+10:00,0.755,90,603
1997-08-02T00:00:00.000+10:00,0.750,90,603
1997-08-03T00:00:00.000+10:00,0.747,90,603
1997-08-04T00:00:00.000+10:00,0.746,90,603
1997-08-05T00:00:00.000+10:00,0.750,90,603
1997-08-06T00:00:00.000+10:00,0.748,90,603
1997-08-07T00:00:00.000+10:00,0.745,90,603
1997-08-08T00:00:00.000+10:00,0.743,90,603
1997-08-09T00:00:00.000+10:00,0.741,90,603
1997-08-10T00:00:00.000+10:00,0.738,90,603
1997-08-11T00:00:00.000+10:00,0.736,90,603
1997-08-12T00:00:00.000+10:00,0.733,90,603
1997-08-13T00:00:00.000+10:00,0.731,90,603
1997-08-14T00:00:00.000+10:00,0.729,90,603
1997-08-15T00:00:00.000+10:00,0.727,90,603
1997-08-16T00:00:00.000+10:00,0.724,90,603
1997-08-17T00:00:00.000+10:00,0.722,90,603
1997-08-18T00:00:00.000+10:00,0.720,90,603
1997-08-19T00:00:00.000+10:00,0.719,90,603
1997-08-20T00:00:00.000+10:00,0.719,90,603
1997-08-21T00:00:00.000+10:00,0.719,90,603
1997-08-22T00:00:00.000+10:00,0.717,90,603
1997-08-23T00:00:00.000+10:00,0.717,90,603
1997-08-24T00:00:00.000+10:00,0.713,90,603
1997-08-25T00:00:00.000+10:00,0.712,90,603
1997-08-26T00:00:00.000+10:00,0.709,90,603
1997-08-27T00:00:00.000+10:00,0.709,90,603
1997-08-28T00:00:00.000+10:00,0.704,90,603
1997-08-29T00:00:00.000+10:00,0.702,90,603
1997-08-30T00:00:00.000+10:00,0.703,90,603
1997-08-31T00:00:00.000+10:00,0.702,90,603
1997-09-01T00:00:00.000+10:00,0.701,90,603
1997-09-02T00:00:00.000+10:00,0.700,90,603
1997-09-03T00:00:00.000+10:00,0.698,90,603
1997-09-04T00:00:00.000+10:00,0.697,90,603
1997-09-05T00:00:00.000+10:00,0.693,90,603
1997-09-06T00:00:00.000+10:00,0.689,90,603
1997-09-07T00:00:00.000+10:00,0.691,90,603
1997-09-08T00:00:00.000+10:00,0.687,90,603
1997-09-09T00:00:00.000+10:00,0.687,90,603
1997-09-10T00:00:00.000+10:00,0.689,90,603
1997-09-11T00:00:00.000+10:00,0.687,90,603
1997-09-12T00:00:00.000+10:00,0.687,90,603
1997-09-13T00:00:00.000+10:00,0.686,90,603
1997-09-14T00:00:00.000+10:00,0.686,90,603
1997-09-15T00:00:00.000+10:00,0.683,90,603
1997-09-16T00:00:00.000+10:00,0.678,90,603
1997-09-17T00:00:00.000+10:00,0.681,90,603
1997-09-18T00:00:00.000+10:00,0.684,90,603
1997-09-19T00:00:00.000+10:00,0.693,90,603
1997-09-20T00:00:00.000+10:00,0.697,90,603
1997-09-21T00:00:00.000+10:00,0.697,90,603
1997-09-22T00:00:00.000+10:00,0.699,90,603
1997-09-23T00:00:00.000+10:00,0.698,90,603
1997-09-24T00:00:00.000+10:00,0.701,90,603
1997-09-25T00:00:00.000+10:00,0.704,90,603
1997-09-26T00:00:00.000+10:00,0.703,90,603
1997-09-27T00:00:00.000+10:00,0.702,90,603
1997-09-28T00:00:00.000+10:00,0.700,90,603
1997-09-29T00:00:00.000+10:00,0.699,90,603
1997-09-30T00:00:00.000+10:00,0.696,90,603
1997-10-01T00:00:00.000+10:00,0.692,90,603
1997-10-02T00:00:00.000+10:00,0.691,90,603
1997-10-03T00:00:00.000+10:00,0.689,90,603
1997-10-04T00:00:00.000+10:00,0.686,90,603
1997-10-05T00:00:00.000+10:00,0.687,90,603
1997-10-06T00:00:00.000+10:00,0.697,90,603
1997-10-07T00:00:00.000+10:00,0.831,90,603
1997-10-08T00:00:00.000+10:00,0.934,90,603
1997-10-09T00:00:00.000+10:00,0.833,90,603
1997-10-10T00:00:00.000+10:00,0.792,90,603
1997-10-11T00:00:00.000+10:00,0.773,90,603
1997-10-12T00:00:00.000+10:00,0.761,90,603
1997-10-13T00:00:00.000+10:00,0.754,90,603
1997-10-14T00:00:00.000+10:00,0.751,90,603
1997-10-15T00:00:00.000+10:00,0.751,90,603
1997-10-16T00:00:00.000+10:00,0.751,90,603
1997-10-17T00:00:00.000+10:00,0.745,90,603
1997-10-18T00:00:00.000+10:00,0.740,90,603
1997-10-19T00:00:00.000+10:00,0.738,90,603
1997-10-20T00:00:00.000+10:00,0.737,90,603
1997-10-21T00:00:00.000+10:00,0.731,90,603
1997-10-22T00:00:00.000+10:00,0.727,90,603
1997-10-23T00:00:00.000+10:00,0.723,90,603
1997-10-24T00:00:00.000+10:00,0.718,90,603
1997-10-25T00:00:00.000+10:00,0.715,90,603
1997-10-26T00:00:00.000+10:00,0.712,90,603
1997-10-27T00:00:00.000+10:00,0.708,90,603
1997-10-28T00:00:00.000+10:00,0.701,90,603
1997-10-29T00:00:00.000+10:00,0.701,90,603
1997-10-30T00:00:00.000+10:00,0.699,90,603
1997-10-31T00:00:00.000+10:00,0.696,90,603
1997-11-01T00:00:00.000+10:00,0.697,90,603
1997-11-02T00:00:00.000+10:00,0.698,90,603
1997-11-03T00:00:00.000+10:00,0.734,90,603
1997-11-04T00:00:00.000+10:00,0.749,90,603
1997-11-05T00:00:00.000+10:00,0.756,90,603
1997-11-06T00:00:00.000+10:00,0.989,90,603
1997-11-07T00:00:00.000+10:00,0.915,90,603
1997-11-08T00:00:00.000+10:00,0.916,90,603
1997-11-09T00:00:00.000+10:00,1.124,90,603
1997-11-10T00:00:00.000+10:00,1.012,90,603
1997-11-11T00:00:00.000+10:00,0.961,90,603
1997-11-12T00:00:00.000+10:00,0.929,90,603
1997-11-13T00:00:00.000+10:00,0.904,90,603
1997-11-14T00:00:00.000+10:00,0.885,90,603
1997-11-15T00:00:00.000+10:00,0.877,90,603
1997-11-16T00:00:00.000+10:00,0.855,90,603
1997-11-17T00:00:00.000+10:00,0.837,90,603
1997-11-18T00:00:00.000+10:00,0.824,90,603
1997-11-19T00:00:00.000+10:00,0.814,90,603
1997-11-20T00:00:00.000+10:00,0.804,90,603
1997-11-21T00:00:00.000+10:00,0.800,90,603
1997-11-22T00:00:00.000+10:00,1.006,90,603
1997-11-23T00:00:00.000+10:00,0.919,90,603
1997-11-24T00:00:00.000+10:00,0.870,90,603
1997-11-25T00:00:00.000+10:00,0.856,90,603
1997-11-26T00:00:00.000+10:00,0.843,90,603
1997-11-27T00:00:00.000+10:00,0.830,90,603
1997-11-28T00:00:00.000+10:00,0.818,90,603
1997-11-29T00:00:00.000+10:00,0.806,90,603
1997-11-30T00:00:00.000+10:00,0.799,90,603
1997-12-01T00:00:00.000+10:00,0.796,90,603
1997-12-02T00:00:00.000+10:00,0.788,90,603
1997-12-03T00:00:00.000+10:00,0.780,90,603
1997-12-04T00:00:00.000+10:00,0.770,90,603
1997-12-05T00:00:00.000+10:00,0.767,90,603
1997-12-06T00:00:00.000+10:00,0.766,90,603
1997-12-07T00:00:00.000+10:00,0.763,90,603
1997-12-08T00:00:00.000+10:00,0.766,90,603
1997-12-09T00:00:00.000+10:00,0.766,90,603
1997-12-10T00:00:00.000+10:00,0.759,90,603
1997-12-11T00:00:00.000+10:00,0.752,90,603
1997-12-12T00:00:00.000+10:00,0.748,90,603
1997-12-13T00:00:00.000+10:00,0.743,90,603
1997-12-14T00:00:00.000+10:00,0.741,90,603
1997-12-15T00:00:00.000+10:00,0.740,90,603
1997-12-16T00:00:00.000+10:00,0.738,90,603
1997-12-17T00:00:00.000+10:00,0.736,90,603
1997-12-18T00:00:00.000+10:00,0.732,90,603
1997-12-19T00:00:00.000+10:00,0.734,90,603
1997-12-20T00:00:00.000+10:00,0.731,90,603
1997-12-21T00:00:00.000+10:00,0.728,90,603
1997-12-22T00:00:00.000+10:00,0.728,90,603
1997-12-23T00:00:00.000+10:00,0.726,90,603
1997-12-24T00:00:00.000+10:00,0.725,90,603
1997-12-25T00:00:00.000+10:00,0.723,90,603
1997-12-26T00:00:00.000+10:00,0.720,90,603
1997-12-27T00:00:00.000+10:00,0.717,90,603
1997-12-28T00:00:00.000+10:00,0.715,90,603
1997-12-29T00:00:00.000+10:00,0.712,90,603
1997-12-30T00:00:00.000+10:00,0.712,90,603
1997-12-31T00:00:00.000+10:00,0.708,90,603
1998-01-01T00:00:00.000+10:00,0.706,90,603
1998-01-02T00:00:00.000+10:00,0.704,90,603
1998-01-03T00:00:00.000+10:00,0.703,90,603
1998-01-04T00:00:00.000+10:00,0.695,90,603
1998-01-05T00:00:00.000+10:00,0.694,90,603
1998-01-06T00:00:00.000+10:00,0.692,90,603
1998-01-07T00:00:00.000+10:00,0.692,90,603
1998-01-08T00:00:00.000+10:00,0.695,90,603
1998-01-09T00:00:00.000+10:00,0.699,90,603
1998-01-10T00:00:00.000+10:00,0.706,90,603
1998-01-11T00:00:00.000+10:00,0.712,90,603
1998-01-12T00:00:00.000+10:00,0.732,90,603
1998-01-13T00:00:00.000+10:00,0.739,90,603
1998-01-14T00:00:00.000+10:00,0.738,90,603
1998-01-15T00:00:00.000+10:00,0.735,90,603
1998-01-16T00:00:00.000+10:00,0.731,90,603
1998-01-17T00:00:00.000+10:00,0.730,90,603
1998-01-18T00:00:00.000+10:00,0.724,90,603
1998-01-19T00:00:00.000+10:00,0.724,90,603
1998-01-20T00:00:00.000+10:00,0.723,90,603
1998-01-21T00:00:00.000+10:00,0.719,90,603
1998-01-22T00:00:00.000+10:00,0.718,90,603
1998-01-23T00:00:00.000+10:00,0.713,90,603
1998-01-24T00:00:00.000+10:00,0.713,90,603
1998-01-25T00:00:00.000+10:00,0.716,90,603
1998-01-26T00:00:00.000+10:00,0.711,90,603
1998-01-27T00:00:00.000+10:00,0.706,90,603
1998-01-28T00:00:00.000+10:00,0.703,90,603
1998-01-29T00:00:00.000+10:00,0.698,90,603
1998-01-30T00:00:00.000+10:00,0.692,90,603
1998-01-31T00:00:00.000+10:00,0.697,90,603
1998-02-01T00:00:00.000+10:00,0.702,90,603
1998-02-02T00:00:00.000+10:00,0.699,90,603
1998-02-03T00:00:00.000+10:00,0.706,90,603
1998-02-04T00:00:00.000+10:00,0.706,90,603
1998-02-05T00:00:00.000+10:00,0.705,90,603
1998-02-06T00:00:00.000+10:00,0.702,90,603
1998-02-07T00:00:00.000+10:00,0.699,90,603
1998-02-08T00:00:00.000+10:00,0.696,90,603
1998-02-09T00:00:00.000+10:00,0.696,90,603
1998-02-10T00:00:00.000+10:00,0.763,90,603
1998-02-11T00:00:00.000+10:00,0.960,90,603
1998-02-12T00:00:00.000+10:00,0.898,90,603
1998-02-13T00:00:00.000+10:00,0.868,90,603
1998-02-14T00:00:00.000+10:00,0.829,90,603
1998-02-15T00:00:00.000+10:00,0.801,90,603
1998-02-16T00:00:00.000+10:00,0.802,90,603
1998-02-17T00:00:00.000+10:00,0.971,90,603
1998-02-18T00:00:00.000+10:00,0.847,90,603
1998-02-19T00:00:00.000+10:00,0.810,90,603
1998-02-20T00:00:00.000+10:00,0.795,90,603
1998-02-21T00:00:00.000+10:00,0.787,90,603
1998-02-22T00:00:00.000+10:00,0.783,90,603
1998-02-23T00:00:00.000+10:00,0.780,90,603
1998-02-24T00:00:00.000+10:00,0.776,90,603
1998-02-25T00:00:00.000+10:00,0.770,90,603
1998-02-26T00:00:00.000+10:00,0.765,90,603
1998-02-27T00:00:00.000+10:00,0.759,90,603
1998-02-28T00:00:00.000+10:00,0.760,90,603
1998-03-01T00:00:00.000+10:00,0.756,90,603
1998-03-02T00:00:00.000+10:00,0.752,90,603
1998-03-03T00:00:00.000+10:00,0.749,90,603
1998-03-04T00:00:00.000+10:00,0.745,90,603
1998-03-05T00:00:00.000+10:00,0.740,90,603
1998-03-06T00:00:00.000+10:00,0.735,90,603
1998-03-07T00:00:00.000+10:00,0.731,90,603
1998-03-08T00:00:00.000+10:00,0.725,90,603
1998-03-09T00:00:00.000+10:00,0.722,90,603
1998-03-10T00:00:00.000+10:00,0.718,90,603
1998-03-11T00:00:00.000+10:00,0.715,90,603
1998-03-12T00:00:00.000+10:00,0.712,90,603
1998-03-13T00:00:00.000+10:00,0.710,90,603
1998-03-14T00:00:00.000+10:00,0.705,90,603
1998-03-15T00:00:00.000+10:00,0.703,90,603
1998-03-16T00:00:00.000+10:00,0.706,90,603
1998-03-17T00:00:00.000+10:00,0.706,90,603
1998-03-18T00:00:00.000+10:00,0.729,90,603
1998-03-19T00:00:00.000+10:00,0.748,90,603
1998-03-20T00:00:00.000+10:00,0.732,90,603
1998-03-21T00:00:00.000+10:00,0.723,90,603
1998-03-22T00:00:00.000+10:00,0.717,90,603
1998-03-23T00:00:00.000+10:00,0.714,90,603
1998-03-24T00:00:00.000+10:00,0.710,90,603
1998-03-25T00:00:00.000+10:00,0.724,90,603
1998-03-26T00:00:00.000+10:00,0.959,90,603
1998-03-27T00:00:00.000+10:00,0.820,90,603
1998-03-28T00:00:00.000+10:00,0.785,90,603
1998-03-29T00:00:00.000+10:00,0.765,90,603
1998-03-30T00:00:00.000+10:00,0.754,90,603
1998-03-31T00:00:00.000+10:00,0.748,90,603
1998-04-01T00:00:00.000+10:00,0.745,90,603
1998-04-02T00:00:00.000+10:00,0.972,90,603
1998-04-03T00:00:00.000+10:00,0.972,90,603
1998-04-04T00:00:00.000+10:00,0.878,90,603
1998-04-05T00:00:00.000+10:00,0.847,90,603
1998-04-06T00:00:00.000+10:00,0.842,90,603
1998-04-07T00:00:00.000+10:00,0.830,90,603
1998-04-08T00:00:00.000+10:00,0.820,90,603
1998-04-09T00:00:00.000+10:00,0.813,90,603
1998-04-10T00:00:00.000+10:00,0.823,90,603
1998-04-11T00:00:00.000+10:00,0.860,90,603
1998-04-12T00:00:00.000+10:00,0.827,90,603
1998-04-13T00:00:00.000+10:00,0.813,90,603
1998-04-14T00:00:00.000+10:00,0.805,90,603
1998-04-15T00:00:00.000+10:00,0.800,90,603
1998-04-16T00:00:00.000+10:00,0.799,90,603
1998-04-17T00:00:00.000+10:00,0.828,90,603
1998-04-18T00:00:00.000+10:00,0.840,90,603
1998-04-19T00:00:00.000+10:00,0.827,90,603
1998-04-20T00:00:00.000+10:00,0.819,90,603
1998-04-21T00:00:00.000+10:00,0.813,90,603
1998-04-22T00:00:00.000+10:00,0.807,90,603
1998-04-23T00:00:00.000+10:00,0.807,90,603
1998-04-24T00:00:00.000+10:00,1.025,90,603
1998-04-25T00:00:00.000+10:00,0.997,90,603
1998-04-26T00:00:00.000+10:00,0.920,90,603
1998-04-27T00:00:00.000+10:00,0.899,90,603
1998-04-28T00:00:00.000+10:00,0.886,90,603
1998-04-29T00:00:00.000+10:00,0.874,90,603
1998-04-30T00:00:00.000+10:00,0.863,90,603
1998-05-01T00:00:00.000+10:00,0.852,90,603
1998-05-02T00:00:00.000+10:00,0.843,90,603
1998-05-03T00:00:00.000+10:00,0.832,90,603
1998-05-04T00:00:00.000+10:00,0.825,90,603
1998-05-05T00:00:00.000+10:00,0.821,90,603
1998-05-06T00:00:00.000+10:00,0.817,90,603
1998-05-07T00:00:00.000+10:00,0.807,90,603
1998-05-08T00:00:00.000+10:00,0.799,90,603
1998-05-09T00:00:00.000+10:00,0.792,90,603
1998-05-10T00:00:00.000+10:00,0.785,90,603
1998-05-11T00:00:00.000+10:00,0.779,90,603
1998-05-12T00:00:00.000+10:00,0.774,90,603
1998-05-13T00:00:00.000+10:00,0.771,90,603
1998-05-14T00:00:00.000+10:00,0.775,90,603
1998-05-15T00:00:00.000+10:00,0.779,90,603
1998-05-16T00:00:00.000+10:00,0.786,90,603
1998-05-17T00:00:00.000+10:00,0.787,90,603
1998-05-18T00:00:00.000+10:00,0.788,90,603
1998-05-19T00:00:00.000+10:00,0.802,90,603
1998-05-20T00:00:00.000+10:00,0.799,90,603
1998-05-21T00:00:00.000+10:00,0.791,90,603
1998-05-22T00:00:00.000+10:00,0.785,90,603
1998-05-23T00:00:00.000+10:00,0.781,90,603
1998-05-24T00:00:00.000+10:00,0.778,90,603
1998-05-25T00:00:00.000+10:00,0.774,90,603
1998-05-26T00:00:00.000+10:00,0.770,90,603
1998-05-27T00:00:00.000+10:00,0.767,90,603
1998-05-28T00:00:00.000+10:00,0.763,90,603
1998-05-29T00:00:00.000+10:00,0.759,90,603
1998-05-30T00:00:00.000+10:00,0.755,90,603
1998-05-31T00:00:00.000+10:00,0.751,90,603
1998-06-01T00:00:00.000+10:00,0.752,90,603
1998-06-02T00:00:00.000+10:00,0.751,90,603
1998-06-03T00:00:00.000+10:00,0.749,90,603
1998-06-04T00:00:00.000+10:00,0.745,90,603
1998-06-05T00:00:00.000+10:00,0.741,90,603
1998-06-06T00:00:00.000+10:00,0.741,90,603
1998-06-07T00:00:00.000+10:00,0.738,90,603
1998-06-08T00:00:00.000+10:00,0.734,90,603
1998-06-09T00:00:00.000+10:00,0.730,90,603
1998-06-10T00:00:00.000+10:00,0.728,90,603
1998-06-11T00:00:00.000+10:00,0.725,90,603
1998-06-12T00:00:00.000+10:00,0.724,90,603
1998-06-13T00:00:00.000+10:00,0.720,90,603
1998-06-14T00:00:00.000+10:00,0.719,90,603
1998-06-15T00:00:00.000+10:00,0.718,90,603
1998-06-16T00:00:00.000+10:00,0.721,90,603
1998-06-17T00:00:00.000+10:00,0.719,90,603
1998-06-18T00:00:00.000+10:00,0.715,90,603
1998-06-19T00:00:00.000+10:00,0.713,90,603
1998-06-20T00:00:00.000+10:00,0.714,90,603
1998-06-21T00:00:00.000+10:00,0.714,90,603
1998-06-22T00:00:00.000+10:00,0.714,90,603
1998-06-23T00:00:00.000+10:00,0.715,90,603
1998-06-24T00:00:00.000+10:00,0.710,90,603
1998-06-25T00:00:00.000+10:00,0.708,90,603
1998-06-26T00:00:00.000+10:00,0.707,90,603
1998-06-27T00:00:00.000+10:00,0.707,90,603
1998-06-28T00:00:00.000+10:00,0.706,90,603
1998-06-29T00:00:00.000+10:00,0.704,90,603
1998-06-30T00:00:00.000+10:00,0.712,90,603
1998-07-01T00:00:00.000+10:00,0.716,90,603
1998-07-02T00:00:00.000+10:00,0.714,90,603
1998-07-03T00:00:00.000+10:00,0.712,90,603
1998-07-04T00:00:00.000+10:00,0.716,90,603
1998-07-05T00:00:00.000+10:00,0.717,90,603
1998-07-06T00:00:00.000+10:00,0.714,90,603
1998-07-07T00:00:00.000+10:00,0.711,90,603
1998-07-08T00:00:00.000+10:00,0.708,90,603
1998-07-09T00:00:00.000+10:00,0.705,90,603
1998-07-10T00:00:00.000+10:00,0.699,90,603
1998-07-11T00:00:00.000+10:00,0.697,90,603
1998-07-12T00:00:00.000+10:00,0.695,90,603
1998-07-13T00:00:00.000+10:00,0.696,90,603
1998-07-14T00:00:00.000+10:00,0.697,90,603
1998-07-15T00:00:00.000+10:00,0.694,90,603
1998-07-16T00:00:00.000+10:00,0.692,90,603
1998-07-17T00:00:00.000+10:00,0.690,90,603
1998-07-18T00:00:00.000+10:00,0.694,90,603
1998-07-19T00:00:00.000+10:00,0.695,90,603
1998-07-20T00:00:00.000+10:00,0.695,90,603
1998-07-21T00:00:00.000+10:00,0.695,90,603
1998-07-22T00:00:00.000+10:00,0.693,90,603
1998-07-23T00:00:00.000+10:00,0.691,90,603
1998-07-24T00:00:00.000+10:00,0.693,90,603
1998-07-25T00:00:00.000+10:00,0.694,90,603
1998-07-26T00:00:00.000+10:00,0.698,90,603
1998-07-27T00:00:00.000+10:00,0.700,90,603
1998-07-28T00:00:00.000+10:00,0.703,90,603
1998-07-29T00:00:00.000+10:00,0.702,90,603
1998-07-30T00:00:00.000+10:00,0.700,90,603
1998-07-31T00:00:00.000+10:00,0.698,90,603
1998-08-01T00:00:00.000+10:00,0.697,90,603
1998-08-02T00:00:00.000+10:00,0.696,90,603
1998-08-03T00:00:00.000+10:00,0.693,90,603
1998-08-04T00:00:00.000+10:00,0.693,90,603
1998-08-05T00:00:00.000+10:00,0.696,90,603
1998-08-06T00:00:00.000+10:00,0.721,90,603
1998-08-07T00:00:00.000+10:00,0.728,90,603
1998-08-08T00:00:00.000+10:00,0.712,90,603
1998-08-09T00:00:00.000+10:00,0.707,90,603
1998-08-10T00:00:00.000+10:00,0.705,90,603
1998-08-11T00:00:00.000+10:00,0.704,90,603
1998-08-12T00:00:00.000+10:00,0.701,90,603
1998-08-13T00:00:00.000+10:00,0.700,90,603
1998-08-14T00:00:00.000+10:00,0.698,90,603
1998-08-15T00:00:00.000+10:00,0.701,90,603
1998-08-16T00:00:00.000+10:00,0.705,90,603
1998-08-17T00:00:00.000+10:00,1.344,90,603
1998-08-18T00:00:00.000+10:00,1.159,90,603
1998-08-19T00:00:00.000+10:00,1.031,90,603
1998-08-20T00:00:00.000+10:00,0.969,90,603
1998-08-21T00:00:00.000+10:00,0.936,90,603
1998-08-22T00:00:00.000+10:00,0.913,90,603
1998-08-23T00:00:00.000+10:00,0.895,90,603
1998-08-24T00:00:00.000+10:00,0.879,90,603
1998-08-25T00:00:00.000+10:00,0.858,90,603
1998-08-26T00:00:00.000+10:00,0.844,90,603
1998-08-27T00:00:00.000+10:00,0.847,90,603
1998-08-28T00:00:00.000+10:00,0.851,90,603
1998-08-29T00:00:00.000+10:00,0.986,90,603
1998-08-30T00:00:00.000+10:00,0.988,90,603
1998-08-31T00:00:00.000+10:00,0.960,90,603
1998-09-01T00:00:00.000+10:00,0.935,90,603
1998-09-02T00:00:00.000+10:00,0.913,90,603
1998-09-03T00:00:00.000+10:00,0.893,90,603
1998-09-04T00:00:00.000+10:00,0.877,90,603
1998-09-05T00:00:00.000+10:00,0.863,90,603
1998-09-06T00:00:00.000+10:00,0.862,90,603
1998-09-07T00:00:00.000+10:00,0.843,90,603
1998-09-08T00:00:00.000+10:00,0.833,90,603
1998-09-09T00:00:00.000+10:00,0.835,90,603
1998-09-10T00:00:00.000+10:00,0.827,90,603
1998-09-11T00:00:00.000+10:00,0.912,90,603
1998-09-12T00:00:00.000+10:00,1.209,90,603
1998-09-13T00:00:00.000+10:00,1.111,90,603
1998-09-14T00:00:00.000+10:00,1.043,90,603
1998-09-15T00:00:00.000+10:00,1.028,90,603
1998-09-16T00:00:00.000+10:00,0.991,90,603
1998-09-17T00:00:00.000+10:00,0.959,90,603
1998-09-18T00:00:00.000+10:00,0.937,90,603
1998-09-19T00:00:00.000+10:00,0.919,90,603
1998-09-20T00:00:00.000+10:00,0.901,90,603
1998-09-21T00:00:00.000+10:00,0.893,90,603
1998-09-22T00:00:00.000+10:00,0.894,90,603
1998-09-23T00:00:00.000+10:00,0.871,90,603
1998-09-24T00:00:00.000+10:00,0.860,90,603
1998-09-25T00:00:00.000+10:00,0.862,90,603
1998-09-26T00:00:00.000+10:00,0.853,90,603
1998-09-27T00:00:00.000+10:00,0.842,90,603
1998-09-28T00:00:00.000+10:00,0.833,90,603
1998-09-29T00:00:00.000+10:00,0.826,90,603
1998-09-30T00:00:00.000+10:00,0.819,90,603
1998-10-01T00:00:00.000+10:00,0.814,90,603
1998-10-02T00:00:00.000+10:00,0.810,90,603
1998-10-03T00:00:00.000+10:00,0.806,90,603
1998-10-04T00:00:00.000+10:00,0.802,90,603
1998-10-05T00:00:00.000+10:00,0.800,90,603
1998-10-06T00:00:00.000+10:00,0.799,90,603
1998-10-07T00:00:00.000+10:00,0.800,90,603
1998-10-08T00:00:00.000+10:00,0.794,90,603
1998-10-09T00:00:00.000+10:00,0.790,90,603
1998-10-10T00:00:00.000+10:00,0.794,90,603
1998-10-11T00:00:00.000+10:00,0.790,90,603
1998-10-12T00:00:00.000+10:00,0.787,90,603
1998-10-13T00:00:00.000+10:00,0.783,90,603
1998-10-14T00:00:00.000+10:00,0.780,90,603
1998-10-15T00:00:00.000+10:00,0.776,90,603
1998-10-16T00:00:00.000+10:00,0.774,90,603
1998-10-17T00:00:00.000+10:00,0.773,90,603
1998-10-18T00:00:00.000+10:00,0.769,90,603
1998-10-19T00:00:00.000+10:00,0.769,90,603
1998-10-20T00:00:00.000+10:00,0.768,90,603
1998-10-21T00:00:00.000+10:00,0.762,90,603
1998-10-22T00:00:00.000+10:00,0.761,90,603
1998-10-23T00:00:00.000+10:00,0.761,90,603
1998-10-24T00:00:00.000+10:00,0.756,90,603
1998-10-25T00:00:00.000+10:00,0.755,90,603
1998-10-26T00:00:00.000+10:00,0.755,90,603
1998-10-27T00:00:00.000+10:00,0.752,90,603
1998-10-28T00:00:00.000+10:00,0.747,90,603
1998-10-29T00:00:00.000+10:00,0.744,90,603
1998-10-30T00:00:00.000+10:00,0.746,90,603
1998-10-31T00:00:00.000+10:00,0.748,90,603
1998-11-01T00:00:00.000+10:00,0.744,90,603
1998-11-02T00:00:00.000+10:00,0.739,90,603
1998-11-03T00:00:00.000+10:00,0.737,90,603
1998-11-04T00:00:00.000+10:00,0.737,90,603
1998-11-05T00:00:00.000+10:00,0.734,90,603
1998-11-06T00:00:00.000+10:00,0.733,90,603
1998-11-07T00:00:00.000+10:00,0.730,90,603
1998-11-08T00:00:00.000+10:00,0.737,90,603
1998-11-09T00:00:00.000+10:00,0.771,90,603
1998-11-10T00:00:00.000+10:00,0.911,90,603
1998-11-11T00:00:00.000+10:00,0.856,90,603
1998-11-12T00:00:00.000+10:00,0.813,90,603
1998-11-13T00:00:00.000+10:00,0.803,90,603
1998-11-14T00:00:00.000+10:00,0.801,90,603
1998-11-15T00:00:00.000+10:00,0.800,90,603
1998-11-16T00:00:00.000+10:00,0.798,90,603
1998-11-17T00:00:00.000+10:00,0.798,90,603
1998-11-18T00:00:00.000+10:00,0.932,90,603
1998-11-19T00:00:00.000+10:00,1.355,90,603
1998-11-20T00:00:00.000+10:00,1.128,90,603
1998-11-21T00:00:00.000+10:00,1.044,90,603
1998-11-22T00:00:00.000+10:00,0.987,90,603
1998-11-23T00:00:00.000+10:00,0.984,90,603
1998-11-24T00:00:00.000+10:00,1.037,90,603
1998-11-25T00:00:00.000+10:00,1.138,90,603
1998-11-26T00:00:00.000+10:00,1.231,90,603
1998-11-27T00:00:00.000+10:00,1.238,90,603
1998-11-28T00:00:00.000+10:00,1.149,90,603
1998-11-29T00:00:00.000+10:00,1.095,90,603
1998-11-30T00:00:00.000+10:00,1.074,90,603
1998-12-01T00:00:00.000+10:00,1.069,90,603
1998-12-02T00:00:00.000+10:00,1.058,90,603
1998-12-03T00:00:00.000+10:00,1.024,90,603
1998-12-04T00:00:00.000+10:00,0.999,90,603
1998-12-05T00:00:00.000+10:00,0.988,90,603
1998-12-06T00:00:00.000+10:00,0.971,90,603
1998-12-07T00:00:00.000+10:00,0.952,90,603
1998-12-08T00:00:00.000+10:00,0.942,90,603
1998-12-09T00:00:00.000+10:00,0.927,90,603
1998-12-10T00:00:00.000+10:00,0.914,90,603
1998-12-11T00:00:00.000+10:00,0.904,90,603
1998-12-12T00:00:00.000+10:00,0.895,90,603
1998-12-13T00:00:00.000+10:00,0.886,90,603
1998-12-14T00:00:00.000+10:00,0.881,90,603
1998-12-15T00:00:00.000+10:00,0.877,90,603
1998-12-16T00:00:00.000+10:00,0.874,90,603
1998-12-17T00:00:00.000+10:00,0.870,90,603
1998-12-18T00:00:00.000+10:00,0.867,90,603
1998-12-19T00:00:00.000+10:00,0.874,90,603
1998-12-20T00:00:00.000+10:00,0.873,90,603
1998-12-21T00:00:00.000+10:00,0.864,90,603
1998-12-22T00:00:00.000+10:00,0.867,90,603
1998-12-23T00:00:00.000+10:00,0.859,90,603
1998-12-24T00:00:00.000+10:00,1.191,90,603
1998-12-25T00:00:00.000+10:00,1.139,90,603
1998-12-26T00:00:00.000+10:00,1.046,90,603
1998-12-27T00:00:00.000+10:00,0.997,90,603
1998-12-28T00:00:00.000+10:00,0.961,90,603
1998-12-29T00:00:00.000+10:00,0.934,90,603
1998-12-30T00:00:00.000+10:00,0.916,90,603
1998-12-31T00:00:00.000+10:00,0.901,90,603
1999-01-01T00:00:00.000+10:00,0.892,90,603
1999-01-02T00:00:00.000+10:00,0.909,90,603
1999-01-03T00:00:00.000+10:00,0.925,90,603
1999-01-04T00:00:00.000+10:00,0.919,90,603
1999-01-05T00:00:00.000+10:00,0.911,90,603
1999-01-06T00:00:00.000+10:00,0.898,90,603
1999-01-07T00:00:00.000+10:00,0.886,90,603
1999-01-08T00:00:00.000+10:00,0.876,90,603
1999-01-09T00:00:00.000+10:00,0.912,90,603
1999-01-10T00:00:00.000+10:00,0.997,90,603
1999-01-11T00:00:00.000+10:00,0.942,90,603
1999-01-12T00:00:00.000+10:00,0.926,90,603
1999-01-13T00:00:00.000+10:00,0.920,90,603
1999-01-14T00:00:00.000+10:00,0.912,90,603
1999-01-15T00:00:00.000+10:00,1.105,90,603
1999-01-16T00:00:00.000+10:00,1.060,90,603
1999-01-17T00:00:00.000+10:00,1.003,90,603
1999-01-18T00:00:00.000+10:00,0.975,90,603
1999-01-19T00:00:00.000+10:00,0.954,90,603
1999-01-20T00:00:00.000+10:00,0.936,90,603
1999-01-21T00:00:00.000+10:00,0.922,90,603
1999-01-22T00:00:00.000+10:00,0.911,90,603
1999-01-23T00:00:00.000+10:00,0.901,90,603
1999-01-24T00:00:00.000+10:00,0.894,90,603
1999-01-25T00:00:00.000+10:00,0.898,90,603
1999-01-26T00:00:00.000+10:00,0.897,90,603
1999-01-27T00:00:00.000+10:00,0.885,90,603
1999-01-28T00:00:00.000+10:00,1.196,90,603
1999-01-29T00:00:00.000+10:00,1.213,90,603
1999-01-30T00:00:00.000+10:00,1.114,90,603
1999-01-31T00:00:00.000+10:00,1.241,90,603
1999-02-01T00:00:00.000+10:00,1.382,90,603
1999-02-02T00:00:00.000+10:00,1.468,90,603
1999-02-03T00:00:00.000+10:00,1.379,90,603
1999-02-04T00:00:00.000+10:00,1.482,90,603
1999-02-05T00:00:00.000+10:00,1.586,90,603
1999-02-06T00:00:00.000+10:00,1.417,90,603
1999-02-07T00:00:00.000+10:00,1.319,90,603
1999-02-08T00:00:00.000+10:00,1.353,90,603
1999-02-09T00:00:00.000+10:00,1.479,90,603
1999-02-10T00:00:00.000+10:00,1.635,90,603
1999-02-11T00:00:00.000+10:00,1.484,90,603
1999-02-12T00:00:00.000+10:00,1.384,90,603
1999-02-13T00:00:00.000+10:00,1.400,90,603
1999-02-14T00:00:00.000+10:00,1.325,90,603
1999-02-15T00:00:00.000+10:00,1.282,90,603
1999-02-16T00:00:00.000+10:00,1.237,90,603
1999-02-17T00:00:00.000+10:00,1.196,90,603
1999-02-18T00:00:00.000+10:00,1.161,90,603
1999-02-19T00:00:00.000+10:00,1.127,90,603
1999-02-20T00:00:00.000+10:00,1.106,90,603
1999-02-21T00:00:00.000+10:00,1.088,90,603
1999-02-22T00:00:00.000+10:00,1.078,90,603
1999-02-23T00:00:00.000+10:00,1.108,90,603
1999-02-24T00:00:00.000+10:00,1.091,90,603
1999-02-25T00:00:00.000+10:00,1.060,90,603
1999-02-26T00:00:00.000+10:00,1.049,90,603
1999-02-27T00:00:00.000+10:00,1.029,90,603
1999-02-28T00:00:00.000+10:00,1.017,90,603
1999-03-01T00:00:00.000+10:00,1.098,90,603
1999-03-02T00:00:00.000+10:00,1.223,90,603
1999-03-03T00:00:00.000+10:00,1.464,90,603
1999-03-04T00:00:00.000+10:00,1.335,90,603
1999-03-05T00:00:00.000+10:00,1.261,90,603
1999-03-06T00:00:00.000+10:00,1.209,90,603
1999-03-07T00:00:00.000+10:00,1.169,90,603
1999-03-08T00:00:00.000+10:00,1.235,90,603
1999-03-09T00:00:00.000+10:00,1.204,90,603
1999-03-10T00:00:00.000+10:00,1.151,90,603
1999-03-11T00:00:00.000+10:00,1.142,90,603
1999-03-12T00:00:00.000+10:00,1.199,90,603
1999-03-13T00:00:00.000+10:00,1.159,90,603
1999-03-14T00:00:00.000+10:00,1.132,90,603
1999-03-15T00:00:00.000+10:00,1.146,90,603
1999-03-16T00:00:00.000+10:00,1.167,90,603
1999-03-17T00:00:00.000+10:00,1.245,90,603
1999-03-18T00:00:00.000+10:00,1.262,90,603
1999-03-19T00:00:00.000+10:00,1.209,90,603
1999-03-20T00:00:00.000+10:00,1.291,90,603
1999-03-21T00:00:00.000+10:00,1.345,90,603
1999-03-22T00:00:00.000+10:00,1.255,90,603
1999-03-23T00:00:00.000+10:00,1.303,90,603
1999-03-24T00:00:00.000+10:00,1.245,90,603
1999-03-25T00:00:00.000+10:00,1.209,90,603
1999-03-26T00:00:00.000+10:00,1.180,90,603
1999-03-27T00:00:00.000+10:00,1.154,90,603
1999-03-28T00:00:00.000+10:00,1.130,90,603
1999-03-29T00:00:00.000+10:00,1.107,90,603
1999-03-30T00:00:00.000+10:00,1.090,90,603
1999-03-31T00:00:00.000+10:00,1.074,90,603
1999-04-01T00:00:00.000+10:00,1.063,90,603
1999-04-02T00:00:00.000+10:00,1.426,90,603
1999-04-03T00:00:00.000+10:00,1.471,90,603
1999-04-04T00:00:00.000+10:00,2.035,90,603
1999-04-05T00:00:00.000+10:00,1.899,90,603
1999-04-06T00:00:00.000+10:00,1.629,90,603
1999-04-07T00:00:00.000+10:00,1.450,90,603
1999-04-08T00:00:00.000+10:00,1.355,90,603
1999-04-09T00:00:00.000+10:00,1.359,90,603
1999-04-10T00:00:00.000+10:00,1.656,90,603
1999-04-11T00:00:00.000+10:00,2.465,90,603
1999-04-12T00:00:00.000+10:00,1.663,90,603
1999-04-13T00:00:00.000+10:00,1.488,90,603
1999-04-14T00:00:00.000+10:00,1.392,90,603
1999-04-15T00:00:00.000+10:00,1.326,90,603
1999-04-16T00:00:00.000+10:00,1.282,90,603
1999-04-17T00:00:00.000+10:00,1.246,90,603
1999-04-18T00:00:00.000+10:00,1.213,90,603
1999-04-19T00:00:00.000+10:00,1.187,90,603
1999-04-20T00:00:00.000+10:00,1.162,90,603
1999-04-21T00:00:00.000+10:00,1.140,90,603
1999-04-22T00:00:00.000+10:00,1.118,90,603
1999-04-23T00:00:00.000+10:00,1.099,90,603
1999-04-24T00:00:00.000+10:00,1.084,90,603
1999-04-25T00:00:00.000+10:00,1.071,90,603
1999-04-26T00:00:00.000+10:00,1.061,90,603
1999-04-27T00:00:00.000+10:00,1.051,90,603
1999-04-28T00:00:00.000+10:00,1.038,90,603
1999-04-29T00:00:00.000+10:00,1.027,90,603
1999-04-30T00:00:00.000+10:00,1.019,90,603
1999-05-01T00:00:00.000+10:00,1.010,90,603
1999-05-02T00:00:00.000+10:00,1.003,90,603
1999-05-03T00:00:00.000+10:00,0.996,90,603
1999-05-04T00:00:00.000+10:00,0.991,90,603
1999-05-05T00:00:00.000+10:00,1.003,90,603
1999-05-06T00:00:00.000+10:00,1.007,90,603
1999-05-07T00:00:00.000+10:00,1.055,90,603
1999-05-08T00:00:00.000+10:00,1.035,90,603
1999-05-09T00:00:00.000+10:00,1.005,90,603
1999-05-10T00:00:00.000+10:00,1.015,90,603
1999-05-11T00:00:00.000+10:00,1.065,90,603
1999-05-12T00:00:00.000+10:00,1.208,90,603
1999-05-13T00:00:00.000+10:00,1.099,90,603
1999-05-14T00:00:00.000+10:00,1.065,90,603
1999-05-15T00:00:00.000+10:00,1.048,90,603
1999-05-16T00:00:00.000+10:00,1.033,90,603
1999-05-17T00:00:00.000+10:00,1.020,90,603
1999-05-18T00:00:00.000+10:00,1.011,90,603
1999-05-19T00:00:00.000+10:00,1.005,90,603
1999-05-20T00:00:00.000+10:00,1.004,90,603
1999-05-21T00:00:00.000+10:00,1.004,90,603
1999-05-22T00:00:00.000+10:00,1.030,90,603
1999-05-23T00:00:00.000+10:00,1.093,90,603
1999-05-24T00:00:00.000+10:00,1.215,90,603
1999-05-25T00:00:00.000+10:00,1.157,90,603
1999-05-26T00:00:00.000+10:00,1.120,90,603
1999-05-27T00:00:00.000+10:00,1.101,90,603
1999-05-28T00:00:00.000+10:00,1.084,90,603
1999-05-29T00:00:00.000+10:00,1.070,90,603
1999-05-30T00:00:00.000+10:00,1.056,90,603
1999-05-31T00:00:00.000+10:00,1.045,90,603
1999-06-01T00:00:00.000+10:00,1.034,90,603
1999-06-02T00:00:00.000+10:00,1.023,90,603
1999-06-03T00:00:00.000+10:00,1.016,90,603
1999-06-04T00:00:00.000+10:00,1.154,90,603
1999-06-05T00:00:00.000+10:00,1.147,90,603
1999-06-06T00:00:00.000+10:00,1.105,90,603
1999-06-07T00:00:00.000+10:00,1.095,90,603
1999-06-08T00:00:00.000+10:00,1.080,90,603
1999-06-09T00:00:00.000+10:00,1.115,90,603
1999-06-10T00:00:00.000+10:00,1.209,90,603
1999-06-11T00:00:00.000+10:00,1.152,90,603
1999-06-12T00:00:00.000+10:00,1.131,90,603
1999-06-13T00:00:00.000+10:00,1.118,90,603
1999-06-14T00:00:00.000+10:00,1.106,90,603
1999-06-15T00:00:00.000+10:00,1.091,90,603
1999-06-16T00:00:00.000+10:00,1.077,90,603
1999-06-17T00:00:00.000+10:00,1.064,90,603
1999-06-18T00:00:00.000+10:00,1.053,90,603
1999-06-19T00:00:00.000+10:00,1.045,90,603
1999-06-20T00:00:00.000+10:00,1.037,90,603
1999-06-21T00:00:00.000+10:00,1.030,90,603
1999-06-22T00:00:00.000+10:00,1.023,90,603
1999-06-23T00:00:00.000+10:00,1.110,90,603
1999-06-24T00:00:00.000+10:00,1.375,90,603
1999-06-25T00:00:00.000+10:00,1.322,90,603
1999-06-26T00:00:00.000+10:00,1.198,90,603
1999-06-27T00:00:00.000+10:00,1.326,90,603
1999-06-28T00:00:00.000+10:00,1.363,90,603
1999-06-29T00:00:00.000+10:00,1.410,90,603
1999-06-30T00:00:00.000+10:00,1.441,90,603
1999-07-01T00:00:00.000+10:00,1.489,90,603
1999-07-02T00:00:00.000+10:00,1.410,90,603
1999-07-03T00:00:00.000+10:00,1.330,90,603
1999-07-04T00:00:00.000+10:00,1.281,90,603
1999-07-05T00:00:00.000+10:00,1.260,90,603
1999-07-06T00:00:00.000+10:00,1.222,90,603
1999-07-07T00:00:00.000+10:00,1.197,90,603
1999-07-08T00:00:00.000+10:00,1.174,90,603
1999-07-09T00:00:00.000+10:00,1.176,90,603
1999-07-10T00:00:00.000+10:00,1.247,90,603
1999-07-11T00:00:00.000+10:00,1.233,90,603
1999-07-12T00:00:00.000+10:00,1.228,90,603
1999-07-13T00:00:00.000+10:00,1.221,90,603
1999-07-14T00:00:00.000+10:00,3.323,90,603
1999-07-15T00:00:00.000+10:00,3.609,90,603
1999-07-16T00:00:00.000+10:00,2.213,90,603
1999-07-17T00:00:00.000+10:00,1.724,90,603
1999-07-18T00:00:00.000+10:00,1.544,90,603
1999-07-19T00:00:00.000+10:00,1.434,90,603
1999-07-20T00:00:00.000+10:00,1.359,90,603
1999-07-21T00:00:00.000+10:00,1.303,90,603
1999-07-22T00:00:00.000+10:00,1.261,90,603
1999-07-23T00:00:00.000+10:00,1.227,90,603
1999-07-24T00:00:00.000+10:00,1.201,90,603
1999-07-25T00:00:00.000+10:00,1.221,90,603
1999-07-26T00:00:00.000+10:00,1.314,90,603
1999-07-27T00:00:00.000+10:00,1.214,90,603
1999-07-28T00:00:00.000+10:00,1.179,90,603
1999-07-29T00:00:00.000+10:00,1.158,90,603
1999-07-30T00:00:00.000+10:00,1.144,90,603
1999-07-31T00:00:00.000+10:00,1.131,90,603
1999-08-01T00:00:00.000+10:00,1.111,90,603
1999-08-02T00:00:00.000+10:00,1.096,90,603
1999-08-03T00:00:00.000+10:00,1.085,90,603
1999-08-04T00:00:00.000+10:00,1.075,90,603
1999-08-05T00:00:00.000+10:00,1.063,90,603
1999-08-06T00:00:00.000+10:00,1.054,90,603
1999-08-07T00:00:00.000+10:00,1.046,90,603
1999-08-08T00:00:00.000+10:00,1.040,90,603
1999-08-09T00:00:00.000+10:00,1.034,90,603
1999-08-10T00:00:00.000+10:00,1.026,90,603
1999-08-11T00:00:00.000+10:00,1.019,90,603
1999-08-12T00:00:00.000+10:00,1.013,90,603
1999-08-13T00:00:00.000+10:00,1.009,90,603
1999-08-14T00:00:00.000+10:00,1.004,90,603
1999-08-15T00:00:00.000+10:00,0.998,90,603
1999-08-16T00:00:00.000+10:00,0.992,90,603
1999-08-17T00:00:00.000+10:00,0.989,90,603
1999-08-18T00:00:00.000+10:00,0.985,90,603
1999-08-19T00:00:00.000+10:00,0.983,90,603
1999-08-20T00:00:00.000+10:00,0.980,90,603
1999-08-21T00:00:00.000+10:00,0.975,90,603
1999-08-22T00:00:00.000+10:00,0.972,90,603
1999-08-23T00:00:00.000+10:00,0.971,90,603
1999-08-24T00:00:00.000+10:00,0.998,90,603
1999-08-25T00:00:00.000+10:00,0.979,90,603
1999-08-26T00:00:00.000+10:00,0.968,90,603
1999-08-27T00:00:00.000+10:00,0.968,90,603
1999-08-28T00:00:00.000+10:00,0.995,90,603
1999-08-29T00:00:00.000+10:00,1.116,90,603
1999-08-30T00:00:00.000+10:00,1.318,90,603
1999-08-31T00:00:00.000+10:00,1.183,90,603
1999-09-01T00:00:00.000+10:00,1.122,90,603
1999-09-02T00:00:00.000+10:00,1.086,90,603
1999-09-03T00:00:00.000+10:00,1.063,90,603
1999-09-04T00:00:00.000+10:00,1.046,90,603
1999-09-05T00:00:00.000+10:00,1.029,90,603
1999-09-06T00:00:00.000+10:00,1.018,90,603
1999-09-07T00:00:00.000+10:00,1.006,90,603
1999-09-08T00:00:00.000+10:00,1.002,90,603
1999-09-09T00:00:00.000+10:00,0.996,90,603
1999-09-10T00:00:00.000+10:00,0.999,90,603
1999-09-11T00:00:00.000+10:00,1.004,90,603
1999-09-12T00:00:00.000+10:00,0.985,90,603
1999-09-13T00:00:00.000+10:00,0.977,90,603
1999-09-14T00:00:00.000+10:00,0.971,90,603
1999-09-15T00:00:00.000+10:00,0.968,90,603
1999-09-16T00:00:00.000+10:00,0.964,90,603
1999-09-17T00:00:00.000+10:00,0.960,90,603
1999-09-18T00:00:00.000+10:00,0.957,90,603
1999-09-19T00:00:00.000+10:00,0.952,90,603
1999-09-20T00:00:00.000+10:00,0.949,90,603
1999-09-21T00:00:00.000+10:00,0.949,90,603
1999-09-22T00:00:00.000+10:00,0.952,90,603
1999-09-23T00:00:00.000+10:00,0.948,90,603
1999-09-24T00:00:00.000+10:00,0.945,90,603
1999-09-25T00:00:00.000+10:00,0.940,90,603
1999-09-26T00:00:00.000+10:00,0.938,90,603
1999-09-27T00:00:00.000+10:00,0.951,90,603
1999-09-28T00:00:00.000+10:00,1.000,90,603
1999-09-29T00:00:00.000+10:00,1.063,90,603
1999-09-30T00:00:00.000+10:00,1.017,90,603
1999-10-01T00:00:00.000+10:00,0.997,90,603
1999-10-02T00:00:00.000+10:00,0.994,90,603
1999-10-03T00:00:00.000+10:00,0.984,90,603
1999-10-04T00:00:00.000+10:00,0.983,90,603
1999-10-05T00:00:00.000+10:00,1.002,90,603
1999-10-06T00:00:00.000+10:00,0.986,90,603
1999-10-07T00:00:00.000+10:00,0.974,90,603
1999-10-08T00:00:00.000+10:00,0.969,90,603
1999-10-09T00:00:00.000+10:00,0.965,90,603
1999-10-10T00:00:00.000+10:00,0.961,90,603
1999-10-11T00:00:00.000+10:00,0.956,90,603
1999-10-12T00:00:00.000+10:00,0.953,90,603
1999-10-13T00:00:00.000+10:00,0.949,90,603
1999-10-14T00:00:00.000+10:00,0.948,90,603
1999-10-15T00:00:00.000+10:00,0.953,90,603
1999-10-16T00:00:00.000+10:00,0.949,90,603
1999-10-17T00:00:00.000+10:00,0.939,90,603
1999-10-18T00:00:00.000+10:00,0.937,90,603
1999-10-19T00:00:00.000+10:00,0.936,90,603
1999-10-20T00:00:00.000+10:00,0.933,90,603
1999-10-21T00:00:00.000+10:00,0.929,90,603
1999-10-22T00:00:00.000+10:00,0.927,90,603
1999-10-23T00:00:00.000+10:00,0.929,90,603
1999-10-24T00:00:00.000+10:00,0.940,90,603
1999-10-25T00:00:00.000+10:00,0.933,90,603
1999-10-26T00:00:00.000+10:00,0.925,90,603
1999-10-27T00:00:00.000+10:00,0.926,90,603
1999-10-28T00:00:00.000+10:00,0.931,90,603
1999-10-29T00:00:00.000+10:00,0.925,90,603
1999-10-30T00:00:00.000+10:00,0.920,90,603
1999-10-31T00:00:00.000+10:00,0.918,90,603
1999-11-01T00:00:00.000+10:00,0.924,90,603
1999-11-02T00:00:00.000+10:00,1.003,90,603
1999-11-03T00:00:00.000+10:00,0.956,90,603
1999-11-04T00:00:00.000+10:00,0.946,90,603
1999-11-05T00:00:00.000+10:00,0.939,90,603
1999-11-06T00:00:00.000+10:00,0.932,90,603
1999-11-07T00:00:00.000+10:00,0.935,90,603
1999-11-08T00:00:00.000+10:00,0.954,90,603
1999-11-09T00:00:00.000+10:00,1.016,90,603
1999-11-10T00:00:00.000+10:00,0.977,90,603
1999-11-11T00:00:00.000+10:00,0.961,90,603
1999-11-12T00:00:00.000+10:00,0.960,90,603
1999-11-13T00:00:00.000+10:00,0.954,90,603
1999-11-14T00:00:00.000+10:00,0.944,90,603
1999-11-15T00:00:00.000+10:00,0.940,90,603
1999-11-16T00:00:00.000+10:00,0.942,90,603
1999-11-17T00:00:00.000+10:00,0.954,90,603
1999-11-18T00:00:00.000+10:00,0.942,90,603
1999-11-19T00:00:00.000+10:00,0.942,90,603
1999-11-20T00:00:00.000+10:00,0.937,90,603
1999-11-21T00:00:00.000+10:00,0.935,90,603
1999-11-22T00:00:00.000+10:00,0.936,90,603
1999-11-23T00:00:00.000+10:00,0.933,90,603
1999-11-24T00:00:00.000+10:00,0.933,90,603
1999-11-25T00:00:00.000+10:00,0.975,90,603
1999-11-26T00:00:00.000+10:00,0.961,90,603
1999-11-27T00:00:00.000+10:00,1.009,90,603
1999-11-28T00:00:00.000+10:00,1.079,90,603
1999-11-29T00:00:00.000+10:00,1.053,90,603
1999-11-30T00:00:00.000+10:00,1.017,90,603
1999-12-01T00:00:00.000+10:00,0.999,90,603
1999-12-02T00:00:00.000+10:00,0.984,90,603
1999-12-03T00:00:00.000+10:00,0.973,90,603
1999-12-04T00:00:00.000+10:00,0.961,90,603
1999-12-05T00:00:00.000+10:00,0.955,90,603
1999-12-06T00:00:00.000+10:00,0.951,90,603
1999-12-07T00:00:00.000+10:00,0.945,90,603
1999-12-08T00:00:00.000+10:00,0.939,90,603
1999-12-09T00:00:00.000+10:00,0.934,90,603
1999-12-10T00:00:00.000+10:00,0.935,90,603
1999-12-11T00:00:00.000+10:00,0.964,90,603
1999-12-12T00:00:00.000+10:00,0.967,90,603
1999-12-13T00:00:00.000+10:00,0.946,90,603
1999-12-14T00:00:00.000+10:00,0.939,90,603
1999-12-15T00:00:00.000+10:00,0.938,90,603
1999-12-16T00:00:00.000+10:00,0.933,90,603
1999-12-17T00:00:00.000+10:00,0.932,90,603
1999-12-18T00:00:00.000+10:00,1.012,90,603
1999-12-19T00:00:00.000+10:00,1.045,90,603
1999-12-20T00:00:00.000+10:00,1.008,90,603
1999-12-21T00:00:00.000+10:00,0.996,90,603
1999-12-22T00:00:00.000+10:00,0.984,90,603
1999-12-23T00:00:00.000+10:00,0.978,90,603
1999-12-24T00:00:00.000+10:00,0.976,90,603
1999-12-25T00:00:00.000+10:00,0.982,90,603
1999-12-26T00:00:00.000+10:00,0.977,90,603
1999-12-27T00:00:00.000+10:00,0.967,90,603
1999-12-28T00:00:00.000+10:00,0.965,90,603
1999-12-29T00:00:00.000+10:00,0.968,90,603
1999-12-30T00:00:00.000+10:00,1.033,90,603
1999-12-31T00:00:00.000+10:00,1.032,90,603
2000-01-01T00:00:00.000+10:00,1.078,90,603
2000-01-02T00:00:00.000+10:00,1.039,90,603
2000-01-03T00:00:00.000+10:00,1.021,90,603
2000-01-04T00:00:00.000+10:00,1.005,90,603
2000-01-05T00:00:00.000+10:00,0.999,90,603
2000-01-06T00:00:00.000+10:00,0.992,90,603
2000-01-07T00:00:00.000+10:00,0.988,90,603
2000-01-08T00:00:00.000+10:00,0.978,90,603
2000-01-09T00:00:00.000+10:00,0.974,90,603
2000-01-10T00:00:00.000+10:00,0.970,90,603
2000-01-11T00:00:00.000+10:00,0.967,90,603
2000-01-12T00:00:00.000+10:00,0.986,90,603
2000-01-13T00:00:00.000+10:00,1.329,90,603
2000-01-14T00:00:00.000+10:00,1.676,90,603
2000-01-15T00:00:00.000+10:00,1.631,90,603
2000-01-16T00:00:00.000+10:00,1.364,90,603
2000-01-17T00:00:00.000+10:00,1.262,90,603
2000-01-18T00:00:00.000+10:00,1.202,90,603
2000-01-19T00:00:00.000+10:00,1.149,90,603
2000-01-20T00:00:00.000+10:00,1.112,90,603
2000-01-21T00:00:00.000+10:00,1.084,90,603
2000-01-22T00:00:00.000+10:00,1.060,90,603
2000-01-23T00:00:00.000+10:00,1.042,90,603
2000-01-24T00:00:00.000+10:00,1.026,90,603
2000-01-25T00:00:00.000+10:00,1.018,90,603
2000-01-26T00:00:00.000+10:00,1.008,90,603
2000-01-27T00:00:00.000+10:00,0.998,90,603
2000-01-28T00:00:00.000+10:00,0.994,90,603
2000-01-29T00:00:00.000+10:00,0.988,90,603
2000-01-30T00:00:00.000+10:00,0.981,90,603
2000-01-31T00:00:00.000+10:00,0.984,90,603
2000-02-01T00:00:00.000+10:00,0.994,90,603
2000-02-02T00:00:00.000+10:00,1.006,90,603
2000-02-03T00:00:00.000+10:00,0.984,90,603
2000-02-04T00:00:00.000+10:00,0.973,90,603
2000-02-05T00:00:00.000+10:00,0.967,90,603
2000-02-06T00:00:00.000+10:00,0.962,90,603
2000-02-07T00:00:00.000+10:00,0.959,90,603
2000-02-08T00:00:00.000+10:00,0.956,90,603
2000-02-09T00:00:00.000+10:00,0.953,90,603
2000-02-10T00:00:00.000+10:00,0.950,90,603
2000-02-11T00:00:00.000+10:00,0.947,90,603
2000-02-12T00:00:00.000+10:00,0.946,90,603
2000-02-13T00:00:00.000+10:00,1.099,90,603
2000-02-14T00:00:00.000+10:00,1.152,90,603
2000-02-15T00:00:00.000+10:00,1.092,90,603
2000-02-16T00:00:00.000+10:00,1.059,90,603
2000-02-17T00:00:00.000+10:00,1.033,90,603
2000-02-18T00:00:00.000+10:00,1.015,90,603
2000-02-19T00:00:00.000+10:00,1.001,90,603
2000-02-20T00:00:00.000+10:00,0.990,90,603
2000-02-21T00:00:00.000+10:00,0.980,90,603
2000-02-22T00:00:00.000+10:00,0.979,90,603
2000-02-23T00:00:00.000+10:00,0.990,90,603
2000-02-24T00:00:00.000+10:00,0.996,90,603
2000-02-25T00:00:00.000+10:00,0.981,90,603
2000-02-26T00:00:00.000+10:00,0.975,90,603
2000-02-27T00:00:00.000+10:00,0.967,90,603
2000-02-28T00:00:00.000+10:00,0.963,90,603
2000-02-29T00:00:00.000+10:00,0.961,90,603
2000-03-01T00:00:00.000+10:00,0.960,90,603
2000-03-02T00:00:00.000+10:00,0.960,90,603
2000-03-03T00:00:00.000+10:00,0.967,90,603
2000-03-04T00:00:00.000+10:00,0.957,90,603
2000-03-05T00:00:00.000+10:00,0.953,90,603
2000-03-06T00:00:00.000+10:00,0.951,90,603
2000-03-07T00:00:00.000+10:00,0.956,90,603
2000-03-08T00:00:00.000+10:00,0.962,90,603
2000-03-09T00:00:00.000+10:00,1.053,90,603
2000-03-10T00:00:00.000+10:00,1.294,90,603
2000-03-11T00:00:00.000+10:00,1.159,90,603
2000-03-12T00:00:00.000+10:00,1.096,90,603
2000-03-13T00:00:00.000+10:00,1.071,90,603
2000-03-14T00:00:00.000+10:00,1.085,90,603
2000-03-15T00:00:00.000+10:00,1.056,90,603
2000-03-16T00:00:00.000+10:00,1.045,90,603
2000-03-17T00:00:00.000+10:00,1.030,90,603
2000-03-18T00:00:00.000+10:00,1.018,90,603
2000-03-19T00:00:00.000+10:00,1.008,90,603
2000-03-20T00:00:00.000+10:00,0.998,90,603
2000-03-21T00:00:00.000+10:00,1.047,90,603
2000-03-22T00:00:00.000+10:00,1.258,90,603
2000-03-23T00:00:00.000+10:00,1.162,90,603
2000-03-24T00:00:00.000+10:00,1.381,90,603
2000-03-25T00:00:00.000+10:00,1.304,90,603
2000-03-26T00:00:00.000+10:00,1.222,90,603
2000-03-27T00:00:00.000+10:00,1.179,90,603
2000-03-28T00:00:00.000+10:00,1.138,90,603
2000-03-29T00:00:00.000+10:00,1.110,90,603
2000-03-30T00:00:00.000+10:00,1.099,90,603
2000-03-31T00:00:00.000+10:00,1.084,90,603
2000-04-01T00:00:00.000+10:00,1.068,90,603
2000-04-02T00:00:00.000+10:00,1.055,90,603
2000-04-03T00:00:00.000+10:00,1.045,90,603
2000-04-04T00:00:00.000+10:00,1.036,90,603
2000-04-05T00:00:00.000+10:00,1.028,90,603
2000-04-06T00:00:00.000+10:00,1.187,90,603
2000-04-07T00:00:00.000+10:00,1.405,90,603
2000-04-08T00:00:00.000+10:00,1.228,90,603
2000-04-09T00:00:00.000+10:00,1.197,90,603
2000-04-10T00:00:00.000+10:00,1.166,90,603
2000-04-11T00:00:00.000+10:00,1.142,90,603
2000-04-12T00:00:00.000+10:00,1.125,90,603
2000-04-13T00:00:00.000+10:00,1.113,90,603
2000-04-14T00:00:00.000+10:00,1.115,90,603
2000-04-15T00:00:00.000+10:00,1.092,90,603
2000-04-16T00:00:00.000+10:00,1.084,90,603
2000-04-17T00:00:00.000+10:00,1.074,90,603
2000-04-18T00:00:00.000+10:00,1.067,90,603
2000-04-19T00:00:00.000+10:00,1.059,90,603
2000-04-20T00:00:00.000+10:00,1.051,90,603
2000-04-21T00:00:00.000+10:00,1.043,90,603
2000-04-22T00:00:00.000+10:00,1.037,90,603
2000-04-23T00:00:00.000+10:00,1.029,90,603
2000-04-24T00:00:00.000+10:00,1.025,90,603
2000-04-25T00:00:00.000+10:00,1.020,90,603
2000-04-26T00:00:00.000+10:00,1.036,90,603
2000-04-27T00:00:00.000+10:00,1.079,90,603
2000-04-28T00:00:00.000+10:00,1.098,90,603
2000-04-29T00:00:00.000+10:00,1.151,90,603
2000-04-30T00:00:00.000+10:00,1.111,90,603
2000-05-01T00:00:00.000+10:00,1.175,90,603
2000-05-02T00:00:00.000+10:00,2.175,90,603
2000-05-03T00:00:00.000+10:00,1.727,90,603
2000-05-04T00:00:00.000+10:00,1.465,90,603
2000-05-05T00:00:00.000+10:00,1.351,90,603
2000-05-06T00:00:00.000+10:00,1.281,90,603
2000-05-07T00:00:00.000+10:00,1.228,90,603
2000-05-08T00:00:00.000+10:00,1.191,90,603
2000-05-09T00:00:00.000+10:00,1.167,90,603
2000-05-10T00:00:00.000+10:00,1.141,90,603
2000-05-11T00:00:00.000+10:00,1.120,90,603
2000-05-12T00:00:00.000+10:00,1.104,90,603
2000-05-13T00:00:00.000+10:00,1.089,90,603
2000-05-14T00:00:00.000+10:00,1.076,90,603
2000-05-15T00:00:00.000+10:00,1.065,90,603
2000-05-16T00:00:00.000+10:00,1.055,90,603
2000-05-17T00:00:00.000+10:00,1.047,90,603
2000-05-18T00:00:00.000+10:00,1.038,90,603
2000-05-19T00:00:00.000+10:00,1.036,90,603
2000-05-20T00:00:00.000+10:00,1.030,90,603
2000-05-21T00:00:00.000+10:00,1.023,90,603
2000-05-22T00:00:00.000+10:00,1.037,90,603
2000-05-23T00:00:00.000+10:00,1.018,90,603
2000-05-24T00:00:00.000+10:00,1.011,90,603
2000-05-25T00:00:00.000+10:00,1.013,90,603
2000-05-26T00:00:00.000+10:00,1.010,90,603
2000-05-27T00:00:00.000+10:00,1.010,90,603
2000-05-28T00:00:00.000+10:00,1.000,90,603
2000-05-29T00:00:00.000+10:00,0.993,90,603
2000-05-30T00:00:00.000+10:00,0.987,90,603
2000-05-31T00:00:00.000+10:00,0.982,90,603
2000-06-01T00:00:00.000+10:00,0.979,90,603
2000-06-02T00:00:00.000+10:00,0.976,90,603
2000-06-03T00:00:00.000+10:00,0.972,90,603
2000-06-04T00:00:00.000+10:00,0.968,90,603
2000-06-05T00:00:00.000+10:00,0.966,90,603
2000-06-06T00:00:00.000+10:00,0.964,90,603
2000-06-07T00:00:00.000+10:00,0.961,90,603
2000-06-08T00:00:00.000+10:00,0.960,90,603
2000-06-09T00:00:00.000+10:00,0.956,90,603
2000-06-10T00:00:00.000+10:00,0.953,90,603
2000-06-11T00:00:00.000+10:00,1.011,90,603
2000-06-12T00:00:00.000+10:00,1.142,90,603
2000-06-13T00:00:00.000+10:00,1.062,90,603
2000-06-14T00:00:00.000+10:00,1.035,90,603
2000-06-15T00:00:00.000+10:00,1.010,90,603
2000-06-16T00:00:00.000+10:00,0.998,90,603
2000-06-17T00:00:00.000+10:00,0.985,90,603
2000-06-18T00:00:00.000+10:00,0.977,90,603
2000-06-19T00:00:00.000+10:00,0.971,90,603
2000-06-20T00:00:00.000+10:00,0.966,90,603
2000-06-21T00:00:00.000+10:00,0.962,90,603
2000-06-22T00:00:00.000+10:00,0.958,90,603
2000-06-23T00:00:00.000+10:00,0.955,90,603
2000-06-24T00:00:00.000+10:00,0.951,90,603
2000-06-25T00:00:00.000+10:00,0.948,90,603
2000-06-26T00:00:00.000+10:00,0.946,90,603
2000-06-27T00:00:00.000+10:00,0.943,90,603
2000-06-28T00:00:00.000+10:00,0.942,90,603
2000-06-29T00:00:00.000+10:00,0.938,90,603
2000-06-30T00:00:00.000+10:00,0.934,90,603
2000-07-01T00:00:00.000+10:00,0.930,90,603
2000-07-02T00:00:00.000+10:00,0.932,90,603
2000-07-03T00:00:00.000+10:00,0.940,90,603
2000-07-04T00:00:00.000+10:00,0.942,90,603
2000-07-05T00:00:00.000+10:00,0.935,90,603
2000-07-06T00:00:00.000+10:00,0.928,90,603
2000-07-07T00:00:00.000+10:00,0.925,90,603
2000-07-08T00:00:00.000+10:00,0.922,90,603
2000-07-09T00:00:00.000+10:00,0.920,90,603
2000-07-10T00:00:00.000+10:00,0.921,90,603
2000-07-11T00:00:00.000+10:00,0.925,90,603
2000-07-12T00:00:00.000+10:00,0.917,90,603
2000-07-13T00:00:00.000+10:00,0.913,90,603
2000-07-14T00:00:00.000+10:00,0.908,90,603
2000-07-15T00:00:00.000+10:00,0.906,90,603
2000-07-16T00:00:00.000+10:00,0.903,90,603
2000-07-17T00:00:00.000+10:00,0.901,90,603
2000-07-18T00:00:00.000+10:00,0.898,90,603
2000-07-19T00:00:00.000+10:00,0.897,90,603
2000-07-20T00:00:00.000+10:00,0.897,90,603
2000-07-21T00:00:00.000+10:00,0.895,90,603
2000-07-22T00:00:00.000+10:00,0.893,90,603
2000-07-23T00:00:00.000+10:00,0.891,90,603
2000-07-24T00:00:00.000+10:00,0.890,90,603
2000-07-25T00:00:00.000+10:00,0.889,90,603
2000-07-26T00:00:00.000+10:00,0.889,90,603
2000-07-27T00:00:00.000+10:00,0.887,90,603
2000-07-28T00:00:00.000+10:00,0.885,90,603
2000-07-29T00:00:00.000+10:00,0.884,90,603
2000-07-30T00:00:00.000+10:00,0.884,90,603
2000-07-31T00:00:00.000+10:00,0.883,90,603
2000-08-01T00:00:00.000+10:00,0.883,90,603
2000-08-02T00:00:00.000+10:00,0.883,90,603
2000-08-03T00:00:00.000+10:00,0.882,90,603
2000-08-04T00:00:00.000+10:00,0.884,90,603
2000-08-05T00:00:00.000+10:00,0.901,90,603
2000-08-06T00:00:00.000+10:00,0.906,90,603
2000-08-07T00:00:00.000+10:00,0.916,90,603
2000-08-08T00:00:00.000+10:00,0.924,90,603
2000-08-09T00:00:00.000+10:00,0.908,90,603
2000-08-10T00:00:00.000+10:00,0.898,90,603
2000-08-11T00:00:00.000+10:00,0.893,90,603
2000-08-12T00:00:00.000+10:00,0.890,90,603
2000-08-13T00:00:00.000+10:00,0.889,90,603
2000-08-14T00:00:00.000+10:00,0.888,90,603
2000-08-15T00:00:00.000+10:00,0.886,90,603
2000-08-16T00:00:00.000+10:00,0.883,90,603
2000-08-17T00:00:00.000+10:00,0.880,90,603
2000-08-18T00:00:00.000+10:00,0.877,90,603
2000-08-19T00:00:00.000+10:00,0.876,90,603
2000-08-20T00:00:00.000+10:00,0.875,90,603
2000-08-21T00:00:00.000+10:00,0.878,90,603
2000-08-22T00:00:00.000+10:00,0.874,90,603
2000-08-23T00:00:00.000+10:00,0.872,90,603
2000-08-24T00:00:00.000+10:00,0.869,90,603
2000-08-25T00:00:00.000+10:00,0.868,90,603
2000-08-26T00:00:00.000+10:00,0.866,90,603
2000-08-27T00:00:00.000+10:00,0.864,90,603
2000-08-28T00:00:00.000+10:00,0.862,90,603
2000-08-29T00:00:00.000+10:00,0.859,90,603
2000-08-30T00:00:00.000+10:00,0.856,90,603
2000-08-31T00:00:00.000+10:00,0.854,90,603
2000-09-01T00:00:00.000+10:00,0.853,90,603
2000-09-02T00:00:00.000+10:00,0.850,90,603
2000-09-03T00:00:00.000+10:00,0.846,90,603
2000-09-04T00:00:00.000+10:00,0.845,90,603
2000-09-05T00:00:00.000+10:00,0.843,90,603
2000-09-06T00:00:00.000+10:00,0.840,90,603
2000-09-07T00:00:00.000+10:00,0.838,90,603
2000-09-08T00:00:00.000+10:00,0.836,90,603
2000-09-09T00:00:00.000+10:00,0.834,90,603
2000-09-10T00:00:00.000+10:00,0.832,90,603
2000-09-11T00:00:00.000+10:00,0.829,90,603
2000-09-12T00:00:00.000+10:00,0.826,90,603
2000-09-13T00:00:00.000+10:00,0.823,90,603
2000-09-14T00:00:00.000+10:00,0.820,90,603
2000-09-15T00:00:00.000+10:00,0.820,90,603
2000-09-16T00:00:00.000+10:00,0.818,90,603
2000-09-17T00:00:00.000+10:00,0.816,90,603
2000-09-18T00:00:00.000+10:00,0.816,90,603
2000-09-19T00:00:00.000+10:00,0.813,90,603
2000-09-20T00:00:00.000+10:00,0.811,90,603
2000-09-21T00:00:00.000+10:00,0.811,90,603
2000-09-22T00:00:00.000+10:00,0.809,90,603
2000-09-23T00:00:00.000+10:00,0.807,90,603
2000-09-24T00:00:00.000+10:00,0.806,90,603
2000-09-25T00:00:00.000+10:00,0.803,90,603
2000-09-26T00:00:00.000+10:00,0.801,90,603
2000-09-27T00:00:00.000+10:00,0.799,90,603
2000-09-28T00:00:00.000+10:00,0.797,90,603
2000-09-29T00:00:00.000+10:00,0.796,90,603
2000-09-30T00:00:00.000+10:00,0.795,90,603
2000-10-01T00:00:00.000+10:00,0.796,90,603
2000-10-02T00:00:00.000+10:00,0.799,90,603
2000-10-03T00:00:00.000+10:00,0.803,90,603
2000-10-04T00:00:00.000+10:00,0.807,90,603
2000-10-05T00:00:00.000+10:00,0.810,90,603
2000-10-06T00:00:00.000+10:00,0.811,90,603
2000-10-07T00:00:00.000+10:00,,-1,603
2000-10-08T00:00:00.000+10:00,,-1,603
2000-10-09T00:00:00.000+10:00,,-1,603
2000-10-10T00:00:00.000+10:00,,-1,603
2000-10-11T00:00:00.000+10:00,,-1,603
2000-10-12T00:00:00.000+10:00,0.792,90,603
2000-10-13T00:00:00.000+10:00,0.790,90,603
2000-10-14T00:00:00.000+10:00,0.789,90,603
2000-10-15T00:00:00.000+10:00,0.787,90,603
2000-10-16T00:00:00.000+10:00,0.786,90,603
2000-10-17T00:00:00.000+10:00,0.784,90,603
2000-10-18T00:00:00.000+10:00,0.782,90,603
2000-10-19T00:00:00.000+10:00,0.781,90,603
2000-10-20T00:00:00.000+10:00,0.779,90,603
2000-10-21T00:00:00.000+10:00,0.777,90,603
2000-10-22T00:00:00.000+10:00,0.776,90,603
2000-10-23T00:00:00.000+10:00,0.774,90,603
2000-10-24T00:00:00.000+10:00,0.773,90,603
2000-10-25T00:00:00.000+10:00,0.780,90,603
2000-10-26T00:00:00.000+10:00,0.802,90,603
2000-10-27T00:00:00.000+10:00,0.802,110,603
2000-10-28T00:00:00.000+10:00,0.786,110,603
2000-10-29T00:00:00.000+10:00,0.779,110,603
2000-10-30T00:00:00.000+10:00,0.801,110,603
2000-10-31T00:00:00.000+10:00,0.842,110,603
2000-11-01T00:00:00.000+10:00,0.958,110,603
2000-11-02T00:00:00.000+10:00,0.901,110,603
2000-11-03T00:00:00.000+10:00,0.876,110,603
2000-11-04T00:00:00.000+10:00,0.864,90,603
2000-11-05T00:00:00.000+10:00,0.913,90,603
2000-11-06T00:00:00.000+10:00,0.982,90,603
2000-11-07T00:00:00.000+10:00,0.986,90,603
2000-11-08T00:00:00.000+10:00,0.972,90,603
2000-11-09T00:00:00.000+10:00,0.955,90,603
2000-11-10T00:00:00.000+10:00,0.931,90,603
2000-11-11T00:00:00.000+10:00,0.914,90,603
2000-11-12T00:00:00.000+10:00,0.903,90,603
2000-11-13T00:00:00.000+10:00,0.923,90,603
2000-11-14T00:00:00.000+10:00,1.270,90,603
2000-11-15T00:00:00.000+10:00,1.855,90,603
2000-11-16T00:00:00.000+10:00,1.582,90,603
2000-11-17T00:00:00.000+10:00,1.398,90,603
2000-11-18T00:00:00.000+10:00,1.238,90,603
2000-11-19T00:00:00.000+10:00,1.155,90,603
2000-11-20T00:00:00.000+10:00,1.153,90,603
2000-11-21T00:00:00.000+10:00,1.135,90,603
2000-11-22T00:00:00.000+10:00,1.119,90,603
2000-11-23T00:00:00.000+10:00,1.087,90,603
2000-11-24T00:00:00.000+10:00,1.052,90,603
2000-11-25T00:00:00.000+10:00,1.035,90,603
2000-11-26T00:00:00.000+10:00,1.014,90,603
2000-11-27T00:00:00.000+10:00,0.987,90,603
2000-11-28T00:00:00.000+10:00,0.967,90,603
2000-11-29T00:00:00.000+10:00,0.952,90,603
2000-11-30T00:00:00.000+10:00,0.940,90,603
2000-12-01T00:00:00.000+10:00,0.934,90,603
2000-12-02T00:00:00.000+10:00,0.922,90,603
2000-12-03T00:00:00.000+10:00,0.914,90,603
2000-12-04T00:00:00.000+10:00,0.906,90,603
2000-12-05T00:00:00.000+10:00,0.901,90,603
2000-12-06T00:00:00.000+10:00,0.894,90,603
2000-12-07T00:00:00.000+10:00,0.889,90,603
2000-12-08T00:00:00.000+10:00,0.895,90,603
2000-12-09T00:00:00.000+10:00,0.886,90,603
2000-12-10T00:00:00.000+10:00,0.881,90,603
2000-12-11T00:00:00.000+10:00,0.878,90,603
2000-12-12T00:00:00.000+10:00,0.870,90,603
2000-12-13T00:00:00.000+10:00,0.867,90,603
2000-12-14T00:00:00.000+10:00,0.865,90,603
2000-12-15T00:00:00.000+10:00,0.892,90,603
2000-12-16T00:00:00.000+10:00,0.946,90,603
2000-12-17T00:00:00.000+10:00,0.901,90,603
2000-12-18T00:00:00.000+10:00,0.891,90,603
2000-12-19T00:00:00.000+10:00,0.880,90,603
2000-12-20T00:00:00.000+10:00,0.874,90,603
2000-12-21T00:00:00.000+10:00,0.868,90,603
2000-12-22T00:00:00.000+10:00,0.864,90,603
2000-12-23T00:00:00.000+10:00,0.860,90,603
2000-12-24T00:00:00.000+10:00,0.855,90,603
2000-12-25T00:00:00.000+10:00,0.851,90,603
2000-12-26T00:00:00.000+10:00,0.846,90,603
2000-12-27T00:00:00.000+10:00,0.843,90,603
2000-12-28T00:00:00.000+10:00,0.839,90,603
2000-12-29T00:00:00.000+10:00,0.868,90,603
2000-12-30T00:00:00.000+10:00,0.963,90,603
2000-12-31T00:00:00.000+10:00,0.899,90,603
2001-01-01T00:00:00.000+10:00,0.915,90,603
2001-01-02T00:00:00.000+10:00,0.900,90,603
2001-01-03T00:00:00.000+10:00,0.888,90,603
2001-01-04T00:00:00.000+10:00,0.879,90,603
2001-01-05T00:00:00.000+10:00,0.873,90,603
2001-01-06T00:00:00.000+10:00,0.866,90,603
2001-01-07T00:00:00.000+10:00,0.861,90,603
2001-01-08T00:00:00.000+10:00,0.855,90,603
2001-01-09T00:00:00.000+10:00,0.849,90,603
2001-01-10T00:00:00.000+10:00,0.843,90,603
2001-01-11T00:00:00.000+10:00,0.839,90,603
2001-01-12T00:00:00.000+10:00,0.835,90,603
2001-01-13T00:00:00.000+10:00,0.830,90,603
2001-01-14T00:00:00.000+10:00,0.825,90,603
2001-01-15T00:00:00.000+10:00,0.821,90,603
2001-01-16T00:00:00.000+10:00,0.817,90,603
2001-01-17T00:00:00.000+10:00,0.817,90,603
2001-01-18T00:00:00.000+10:00,0.827,90,603
2001-01-19T00:00:00.000+10:00,0.912,90,603
2001-01-20T00:00:00.000+10:00,0.923,90,603
2001-01-21T00:00:00.000+10:00,0.892,90,603
2001-01-22T00:00:00.000+10:00,0.863,90,603
2001-01-23T00:00:00.000+10:00,0.850,90,603
2001-01-24T00:00:00.000+10:00,0.843,90,603
2001-01-25T00:00:00.000+10:00,0.838,90,603
2001-01-26T00:00:00.000+10:00,0.834,90,603
2001-01-27T00:00:00.000+10:00,0.829,90,603
2001-01-28T00:00:00.000+10:00,0.831,90,603
2001-01-29T00:00:00.000+10:00,0.841,90,603
2001-01-30T00:00:00.000+10:00,0.848,90,603
2001-01-31T00:00:00.000+10:00,1.476,90,603
2001-02-01T00:00:00.000+10:00,3.456,90,603
2001-02-02T00:00:00.000+10:00,3.262,90,603
2001-02-03T00:00:00.000+10:00,2.350,90,603
2001-02-04T00:00:00.000+10:00,1.843,90,603
2001-02-05T00:00:00.000+10:00,1.531,90,603
2001-02-06T00:00:00.000+10:00,1.373,90,603
2001-02-07T00:00:00.000+10:00,1.308,90,603
2001-02-08T00:00:00.000+10:00,1.245,90,603
2001-02-09T00:00:00.000+10:00,1.179,90,603
2001-02-10T00:00:00.000+10:00,1.135,90,603
2001-02-11T00:00:00.000+10:00,1.098,90,603
2001-02-12T00:00:00.000+10:00,1.066,90,603
2001-02-13T00:00:00.000+10:00,1.039,90,603
2001-02-14T00:00:00.000+10:00,1.015,90,603
2001-02-15T00:00:00.000+10:00,0.996,90,603
2001-02-16T00:00:00.000+10:00,1.101,90,603
2001-02-17T00:00:00.000+10:00,1.039,90,603
2001-02-18T00:00:00.000+10:00,1.047,90,603
2001-02-19T00:00:00.000+10:00,1.024,90,603
2001-02-20T00:00:00.000+10:00,1.116,90,603
2001-02-21T00:00:00.000+10:00,1.189,90,603
2001-02-22T00:00:00.000+10:00,1.094,90,603
2001-02-23T00:00:00.000+10:00,1.051,90,603
2001-02-24T00:00:00.000+10:00,1.019,90,603
2001-02-25T00:00:00.000+10:00,0.996,90,603
2001-02-26T00:00:00.000+10:00,0.978,90,603
2001-02-27T00:00:00.000+10:00,0.965,90,603
2001-02-28T00:00:00.000+10:00,0.947,90,603
2001-03-01T00:00:00.000+10:00,0.942,90,603
2001-03-02T00:00:00.000+10:00,1.036,90,603
2001-03-03T00:00:00.000+10:00,0.973,90,603
2001-03-04T00:00:00.000+10:00,0.970,90,603
2001-03-05T00:00:00.000+10:00,1.011,90,603
2001-03-06T00:00:00.000+10:00,2.026,90,603
2001-03-07T00:00:00.000+10:00,2.172,90,603
2001-03-08T00:00:00.000+10:00,4.058,90,603
2001-03-09T00:00:00.000+10:00,4.184,90,603
2001-03-10T00:00:00.000+10:00,4.097,90,603
2001-03-11T00:00:00.000+10:00,2.953,90,603
2001-03-12T00:00:00.000+10:00,2.077,90,603
2001-03-13T00:00:00.000+10:00,1.747,90,603
2001-03-14T00:00:00.000+10:00,1.605,90,603
2001-03-15T00:00:00.000+10:00,1.490,90,603
2001-03-16T00:00:00.000+10:00,1.407,90,603
2001-03-17T00:00:00.000+10:00,1.342,90,603
2001-03-18T00:00:00.000+10:00,1.289,90,603
2001-03-19T00:00:00.000+10:00,1.244,90,603
2001-03-20T00:00:00.000+10:00,1.204,90,603
2001-03-21T00:00:00.000+10:00,1.183,90,603
2001-03-22T00:00:00.000+10:00,1.169,90,603
2001-03-23T00:00:00.000+10:00,1.126,90,603
2001-03-24T00:00:00.000+10:00,1.101,90,603
2001-03-25T00:00:00.000+10:00,1.084,90,603
2001-03-26T00:00:00.000+10:00,1.323,90,603
2001-03-27T00:00:00.000+10:00,1.274,90,603
2001-03-28T00:00:00.000+10:00,1.141,90,603
2001-03-29T00:00:00.000+10:00,1.090,90,603
2001-03-30T00:00:00.000+10:00,1.088,90,603
2001-03-31T00:00:00.000+10:00,1.149,90,603
2001-04-01T00:00:00.000+10:00,1.090,90,603
2001-04-02T00:00:00.000+10:00,1.065,90,603
2001-04-03T00:00:00.000+10:00,1.093,90,603
2001-04-04T00:00:00.000+10:00,1.086,90,603
2001-04-05T00:00:00.000+10:00,1.052,90,603
2001-04-06T00:00:00.000+10:00,1.034,90,603
2001-04-07T00:00:00.000+10:00,1.020,90,603
2001-04-08T00:00:00.000+10:00,1.032,90,603
2001-04-09T00:00:00.000+10:00,1.021,90,603
2001-04-10T00:00:00.000+10:00,1.001,90,603
2001-04-11T00:00:00.000+10:00,0.986,90,603
2001-04-12T00:00:00.000+10:00,0.971,90,603
2001-04-13T00:00:00.000+10:00,0.957,90,603
2001-04-14T00:00:00.000+10:00,0.951,90,603
2001-04-15T00:00:00.000+10:00,0.943,90,603
2001-04-16T00:00:00.000+10:00,0.936,90,603
2001-04-17T00:00:00.000+10:00,0.928,90,603
2001-04-18T00:00:00.000+10:00,0.921,90,603
2001-04-19T00:00:00.000+10:00,0.913,90,603
2001-04-20T00:00:00.000+10:00,0.908,90,603
2001-04-21T00:00:00.000+10:00,0.904,90,603
2001-04-22T00:00:00.000+10:00,0.914,90,603
2001-04-23T00:00:00.000+10:00,0.904,90,603
2001-04-24T00:00:00.000+10:00,0.891,90,603
2001-04-25T00:00:00.000+10:00,0.883,90,603
2001-04-26T00:00:00.000+10:00,0.881,90,603
2001-04-27T00:00:00.000+10:00,0.897,90,603
2001-04-28T00:00:00.000+10:00,0.963,90,603
2001-04-29T00:00:00.000+10:00,1.101,90,603
2001-04-30T00:00:00.000+10:00,0.985,90,603
2001-05-01T00:00:00.000+10:00,0.942,90,603
2001-05-02T00:00:00.000+10:00,0.923,90,603
2001-05-03T00:00:00.000+10:00,0.908,90,603
2001-05-04T00:00:00.000+10:00,0.897,90,603
2001-05-05T00:00:00.000+10:00,0.889,90,603
2001-05-06T00:00:00.000+10:00,0.880,90,603
2001-05-07T00:00:00.000+10:00,0.884,90,603
2001-05-08T00:00:00.000+10:00,1.008,90,603
2001-05-09T00:00:00.000+10:00,0.932,90,603
2001-05-10T00:00:00.000+10:00,0.903,90,603
2001-05-11T00:00:00.000+10:00,0.890,90,603
2001-05-12T00:00:00.000+10:00,0.881,90,603
2001-05-13T00:00:00.000+10:00,0.874,90,603
2001-05-14T00:00:00.000+10:00,0.867,90,603
2001-05-15T00:00:00.000+10:00,0.862,90,603
2001-05-16T00:00:00.000+10:00,0.858,90,603
2001-05-17T00:00:00.000+10:00,0.852,90,603
2001-05-18T00:00:00.000+10:00,0.846,90,603
2001-05-19T00:00:00.000+10:00,0.842,90,603
2001-05-20T00:00:00.000+10:00,0.923,90,603
2001-05-21T00:00:00.000+10:00,1.308,90,603
2001-05-22T00:00:00.000+10:00,1.080,90,603
2001-05-23T00:00:00.000+10:00,1.020,90,603
2001-05-24T00:00:00.000+10:00,0.986,90,603
2001-05-25T00:00:00.000+10:00,0.958,90,603
2001-05-26T00:00:00.000+10:00,0.936,90,603
2001-05-27T00:00:00.000+10:00,0.919,90,603
2001-05-28T00:00:00.000+10:00,0.906,90,603
2001-05-29T00:00:00.000+10:00,0.894,90,603
2001-05-30T00:00:00.000+10:00,0.881,90,603
2001-05-31T00:00:00.000+10:00,0.872,90,603
2001-06-01T00:00:00.000+10:00,0.864,90,603
2001-06-02T00:00:00.000+10:00,0.858,90,603
2001-06-03T00:00:00.000+10:00,0.850,90,603
2001-06-04T00:00:00.000+10:00,0.844,90,603
2001-06-05T00:00:00.000+10:00,0.842,90,603
2001-06-06T00:00:00.000+10:00,0.836,90,603
2001-06-07T00:00:00.000+10:00,0.832,90,603
2001-06-08T00:00:00.000+10:00,0.828,90,603
2001-06-09T00:00:00.000+10:00,0.824,90,603
2001-06-10T00:00:00.000+10:00,0.820,90,603
2001-06-11T00:00:00.000+10:00,0.815,90,603
2001-06-12T00:00:00.000+10:00,0.811,90,603
2001-06-13T00:00:00.000+10:00,0.808,90,603
2001-06-14T00:00:00.000+10:00,0.806,90,603
2001-06-15T00:00:00.000+10:00,0.802,90,603
2001-06-16T00:00:00.000+10:00,0.797,90,603
2001-06-17T00:00:00.000+10:00,0.793,90,603
2001-06-18T00:00:00.000+10:00,0.790,90,603
2001-06-19T00:00:00.000+10:00,0.788,90,603
2001-06-20T00:00:00.000+10:00,0.787,90,603
2001-06-21T00:00:00.000+10:00,0.783,90,603
2001-06-22T00:00:00.000+10:00,0.778,90,603
2001-06-23T00:00:00.000+10:00,0.775,90,603
2001-06-24T00:00:00.000+10:00,0.771,90,603
2001-06-25T00:00:00.000+10:00,0.768,90,603
2001-06-26T00:00:00.000+10:00,0.767,90,603
2001-06-27T00:00:00.000+10:00,0.765,110,603
2001-06-28T00:00:00.000+10:00,0.763,110,603
2001-06-29T00:00:00.000+10:00,0.762,110,603
2001-06-30T00:00:00.000+10:00,0.761,110,603
2001-07-01T00:00:00.000+10:00,0.759,110,603
2001-07-02T00:00:00.000+10:00,0.758,110,603
2001-07-03T00:00:00.000+10:00,0.757,110,603
2001-07-04T00:00:00.000+10:00,0.756,110,603
2001-07-05T00:00:00.000+10:00,0.755,110,603
2001-07-06T00:00:00.000+10:00,0.754,110,603
2001-07-07T00:00:00.000+10:00,0.753,110,603
2001-07-08T00:00:00.000+10:00,0.752,110,603
2001-07-09T00:00:00.000+10:00,0.751,110,603
2001-07-10T00:00:00.000+10:00,0.750,110,603
2001-07-11T00:00:00.000+10:00,0.750,110,603
2001-07-12T00:00:00.000+10:00,0.761,90,603
2001-07-13T00:00:00.000+10:00,0.764,90,603
2001-07-14T00:00:00.000+10:00,0.751,90,603
2001-07-15T00:00:00.000+10:00,0.747,90,603
2001-07-16T00:00:00.000+10:00,0.743,90,603
2001-07-17T00:00:00.000+10:00,0.740,90,603
2001-07-18T00:00:00.000+10:00,0.738,90,603
2001-07-19T00:00:00.000+10:00,0.736,90,603
2001-07-20T00:00:00.000+10:00,0.732,90,603
2001-07-21T00:00:00.000+10:00,0.729,90,603
2001-07-22T00:00:00.000+10:00,0.728,90,603
2001-07-23T00:00:00.000+10:00,0.725,90,603
2001-07-24T00:00:00.000+10:00,0.725,90,603
2001-07-25T00:00:00.000+10:00,0.728,90,603
2001-07-26T00:00:00.000+10:00,0.747,90,603
2001-07-27T00:00:00.000+10:00,0.839,90,603
2001-07-28T00:00:00.000+10:00,0.800,90,603
2001-07-29T00:00:00.000+10:00,0.767,90,603
2001-07-30T00:00:00.000+10:00,0.753,90,603
2001-07-31T00:00:00.000+10:00,0.747,90,603
2001-08-01T00:00:00.000+10:00,0.745,90,603
2001-08-02T00:00:00.000+10:00,0.742,90,603
2001-08-03T00:00:00.000+10:00,0.740,90,603
2001-08-04T00:00:00.000+10:00,0.738,90,603
2001-08-05T00:00:00.000+10:00,0.734,90,603
2001-08-06T00:00:00.000+10:00,0.731,90,603
2001-08-07T00:00:00.000+10:00,0.728,90,603
2001-08-08T00:00:00.000+10:00,0.725,90,603
2001-08-09T00:00:00.000+10:00,0.721,90,603
2001-08-10T00:00:00.000+10:00,0.718,90,603
2001-08-11T00:00:00.000+10:00,0.744,90,603
2001-08-12T00:00:00.000+10:00,0.790,90,603
2001-08-13T00:00:00.000+10:00,0.787,90,603
2001-08-14T00:00:00.000+10:00,0.794,90,603
2001-08-15T00:00:00.000+10:00,0.792,90,603
2001-08-16T00:00:00.000+10:00,0.789,90,603
2001-08-17T00:00:00.000+10:00,0.788,90,603
2001-08-18T00:00:00.000+10:00,0.785,90,603
2001-08-19T00:00:00.000+10:00,0.785,90,603
2001-08-20T00:00:00.000+10:00,0.783,90,603
2001-08-21T00:00:00.000+10:00,0.782,90,603
2001-08-22T00:00:00.000+10:00,0.782,90,603
2001-08-23T00:00:00.000+10:00,0.783,90,603
2001-08-24T00:00:00.000+10:00,0.783,90,603
2001-08-25T00:00:00.000+10:00,0.782,90,603
2001-08-26T00:00:00.000+10:00,0.784,90,603
2001-08-27T00:00:00.000+10:00,0.787,90,603
2001-08-28T00:00:00.000+10:00,0.786,90,603
2001-08-29T00:00:00.000+10:00,0.785,90,603
2001-08-30T00:00:00.000+10:00,0.784,90,603
2001-08-31T00:00:00.000+10:00,0.782,90,603
2001-09-01T00:00:00.000+10:00,0.783,90,603
2001-09-02T00:00:00.000+10:00,0.785,90,603
2001-09-03T00:00:00.000+10:00,0.782,90,603
2001-09-04T00:00:00.000+10:00,0.777,90,603
2001-09-05T00:00:00.000+10:00,0.781,90,603
2001-09-06T00:00:00.000+10:00,0.729,90,603
2001-09-07T00:00:00.000+10:00,0.680,90,603
2001-09-08T00:00:00.000+10:00,0.679,90,603
2001-09-09T00:00:00.000+10:00,0.677,90,603
2001-09-10T00:00:00.000+10:00,0.674,90,603
2001-09-11T00:00:00.000+10:00,0.671,90,603
2001-09-12T00:00:00.000+10:00,0.670,90,603
2001-09-13T00:00:00.000+10:00,0.668,90,603
2001-09-14T00:00:00.000+10:00,0.666,90,603
2001-09-15T00:00:00.000+10:00,0.665,90,603
2001-09-16T00:00:00.000+10:00,0.663,90,603
2001-09-17T00:00:00.000+10:00,0.661,90,603
2001-09-18T00:00:00.000+10:00,0.659,90,603
2001-09-19T00:00:00.000+10:00,0.659,90,603
2001-09-20T00:00:00.000+10:00,0.656,90,603
2001-09-21T00:00:00.000+10:00,0.655,90,603
2001-09-22T00:00:00.000+10:00,0.653,90,603
2001-09-23T00:00:00.000+10:00,0.651,90,603
2001-09-24T00:00:00.000+10:00,0.650,90,603
2001-09-25T00:00:00.000+10:00,0.648,90,603
2001-09-26T00:00:00.000+10:00,0.649,90,603
2001-09-27T00:00:00.000+10:00,0.646,90,603
2001-09-28T00:00:00.000+10:00,0.645,90,603
2001-09-29T00:00:00.000+10:00,0.641,90,603
2001-09-30T00:00:00.000+10:00,0.640,90,603
2001-10-01T00:00:00.000+10:00,0.639,90,603
2001-10-02T00:00:00.000+10:00,0.636,90,603
2001-10-03T00:00:00.000+10:00,0.634,90,603
2001-10-04T00:00:00.000+10:00,0.634,90,603
2001-10-05T00:00:00.000+10:00,0.632,90,603
2001-10-06T00:00:00.000+10:00,0.629,90,603
2001-10-07T00:00:00.000+10:00,0.625,90,603
2001-10-08T00:00:00.000+10:00,0.621,90,603
2001-10-09T00:00:00.000+10:00,0.622,90,603
2001-10-10T00:00:00.000+10:00,0.620,90,603
2001-10-11T00:00:00.000+10:00,0.618,90,603
2001-10-12T00:00:00.000+10:00,0.618,90,603
2001-10-13T00:00:00.000+10:00,0.614,90,603
2001-10-14T00:00:00.000+10:00,0.612,90,603
2001-10-15T00:00:00.000+10:00,0.610,90,603
2001-10-16T00:00:00.000+10:00,0.609,90,603
2001-10-17T00:00:00.000+10:00,0.607,90,603
2001-10-18T00:00:00.000+10:00,0.606,90,603
2001-10-19T00:00:00.000+10:00,0.603,90,603
2001-10-20T00:00:00.000+10:00,0.603,90,603
2001-10-21T00:00:00.000+10:00,0.603,90,603
2001-10-22T00:00:00.000+10:00,0.603,90,603
2001-10-23T00:00:00.000+10:00,0.602,90,603
2001-10-24T00:00:00.000+10:00,0.601,90,603
2001-10-25T00:00:00.000+10:00,0.600,90,603
2001-10-26T00:00:00.000+10:00,0.607,90,603
2001-10-27T00:00:00.000+10:00,0.609,90,603
2001-10-28T00:00:00.000+10:00,0.606,90,603
2001-10-29T00:00:00.000+10:00,0.604,90,603
2001-10-30T00:00:00.000+10:00,0.604,90,603
2001-10-31T00:00:00.000+10:00,0.604,90,603
2001-11-01T00:00:00.000+10:00,0.604,90,603
2001-11-02T00:00:00.000+10:00,0.601,90,603
2001-11-03T00:00:00.000+10:00,0.599,90,603
2001-11-04T00:00:00.000+10:00,0.597,90,603
2001-11-05T00:00:00.000+10:00,0.596,90,603
2001-11-06T00:00:00.000+10:00,0.596,90,603
2001-11-07T00:00:00.000+10:00,0.597,90,603
2001-11-08T00:00:00.000+10:00,0.594,90,603
2001-11-09T00:00:00.000+10:00,0.596,90,603
2001-11-10T00:00:00.000+10:00,0.596,90,603
2001-11-11T00:00:00.000+10:00,0.602,90,603
2001-11-12T00:00:00.000+10:00,0.605,90,603
2001-11-13T00:00:00.000+10:00,0.609,90,603
2001-11-14T00:00:00.000+10:00,0.612,90,603
2001-11-15T00:00:00.000+10:00,0.616,90,603
2001-11-16T00:00:00.000+10:00,0.618,90,603
2001-11-17T00:00:00.000+10:00,0.618,90,603
2001-11-18T00:00:00.000+10:00,0.614,90,603
2001-11-19T00:00:00.000+10:00,0.619,90,603
2001-11-20T00:00:00.000+10:00,0.628,90,603
2001-11-21T00:00:00.000+10:00,0.641,90,603
2001-11-22T00:00:00.000+10:00,0.637,90,603
2001-11-23T00:00:00.000+10:00,0.637,90,603
2001-11-24T00:00:00.000+10:00,0.643,90,603
2001-11-25T00:00:00.000+10:00,0.646,90,603
2001-11-26T00:00:00.000+10:00,0.643,90,603
2001-11-27T00:00:00.000+10:00,0.650,90,603
2001-11-28T00:00:00.000+10:00,0.653,90,603
2001-11-29T00:00:00.000+10:00,0.673,90,603
2001-11-30T00:00:00.000+10:00,0.675,90,603
2001-12-01T00:00:00.000+10:00,0.669,90,603
2001-12-02T00:00:00.000+10:00,0.663,90,603
2001-12-03T00:00:00.000+10:00,0.658,90,603
2001-12-04T00:00:00.000+10:00,0.652,90,603
2001-12-05T00:00:00.000+10:00,0.647,90,603
2001-12-06T00:00:00.000+10:00,0.645,90,603
2001-12-07T00:00:00.000+10:00,0.643,90,603
2001-12-08T00:00:00.000+10:00,0.639,90,603
2001-12-09T00:00:00.000+10:00,0.638,90,603
2001-12-10T00:00:00.000+10:00,0.635,90,603
2001-12-11T00:00:00.000+10:00,0.632,90,603
2001-12-12T00:00:00.000+10:00,0.628,90,603
2001-12-13T00:00:00.000+10:00,0.625,90,603
2001-12-14T00:00:00.000+10:00,0.623,90,603
2001-12-15T00:00:00.000+10:00,0.626,90,603
2001-12-16T00:00:00.000+10:00,0.623,90,603
2001-12-17T00:00:00.000+10:00,0.621,90,603
2001-12-18T00:00:00.000+10:00,0.622,90,603
2001-12-19T00:00:00.000+10:00,0.622,90,603
2001-12-20T00:00:00.000+10:00,0.620,90,603
2001-12-21T00:00:00.000+10:00,0.615,90,603
2001-12-22T00:00:00.000+10:00,0.611,90,603
2001-12-23T00:00:00.000+10:00,0.608,90,603
2001-12-24T00:00:00.000+10:00,0.604,90,603
2001-12-25T00:00:00.000+10:00,0.600,90,603
2001-12-26T00:00:00.000+10:00,0.595,90,603
2001-12-27T00:00:00.000+10:00,0.593,90,603
2001-12-28T00:00:00.000+10:00,0.591,90,603
2001-12-29T00:00:00.000+10:00,0.588,90,603
2001-12-30T00:00:00.000+10:00,0.586,90,603
2001-12-31T00:00:00.000+10:00,0.584,90,603
2002-01-01T00:00:00.000+10:00,0.581,90,603
2002-01-02T00:00:00.000+10:00,0.577,90,603
2002-01-03T00:00:00.000+10:00,0.575,90,603
2002-01-04T00:00:00.000+10:00,0.573,90,603
2002-01-05T00:00:00.000+10:00,0.572,90,603
2002-01-06T00:00:00.000+10:00,0.572,90,603
2002-01-07T00:00:00.000+10:00,0.571,90,603
2002-01-08T00:00:00.000+10:00,0.571,90,603
2002-01-09T00:00:00.000+10:00,0.568,90,603
2002-01-10T00:00:00.000+10:00,0.567,90,603
2002-01-11T00:00:00.000+10:00,0.566,90,603
2002-01-12T00:00:00.000+10:00,0.564,90,603
2002-01-13T00:00:00.000+10:00,0.562,90,603
2002-01-14T00:00:00.000+10:00,0.562,90,603
2002-01-15T00:00:00.000+10:00,0.561,90,603
2002-01-16T00:00:00.000+10:00,0.568,90,603
2002-01-17T00:00:00.000+10:00,0.568,90,603
2002-01-18T00:00:00.000+10:00,0.562,90,603
2002-01-19T00:00:00.000+10:00,0.561,90,603
2002-01-20T00:00:00.000+10:00,0.561,90,603
2002-01-21T00:00:00.000+10:00,0.560,90,603
2002-01-22T00:00:00.000+10:00,0.561,90,603
2002-01-23T00:00:00.000+10:00,0.560,90,603
2002-01-24T00:00:00.000+10:00,0.564,90,603
2002-01-25T00:00:00.000+10:00,0.572,90,603
2002-01-26T00:00:00.000+10:00,0.565,90,603
2002-01-27T00:00:00.000+10:00,0.565,90,603
2002-01-28T00:00:00.000+10:00,0.564,90,603
2002-01-29T00:00:00.000+10:00,0.564,90,603
2002-01-30T00:00:00.000+10:00,0.566,90,603
2002-01-31T00:00:00.000+10:00,0.567,90,603
2002-02-01T00:00:00.000+10:00,0.774,90,603
2002-02-02T00:00:00.000+10:00,0.753,90,603
2002-02-03T00:00:00.000+10:00,0.704,90,603
2002-02-04T00:00:00.000+10:00,0.685,90,603
2002-02-05T00:00:00.000+10:00,0.685,90,603
2002-02-06T00:00:00.000+10:00,1.328,90,603
2002-02-07T00:00:00.000+10:00,1.805,90,603
2002-02-08T00:00:00.000+10:00,1.252,90,603
2002-02-09T00:00:00.000+10:00,1.057,90,603
2002-02-10T00:00:00.000+10:00,0.958,90,603
2002-02-11T00:00:00.000+10:00,0.888,90,603
2002-02-12T00:00:00.000+10:00,0.833,90,603
2002-02-13T00:00:00.000+10:00,0.790,90,603
2002-02-14T00:00:00.000+10:00,0.763,90,603
2002-02-15T00:00:00.000+10:00,0.747,90,603
2002-02-16T00:00:00.000+10:00,0.736,90,603
2002-02-17T00:00:00.000+10:00,0.726,90,603
2002-02-18T00:00:00.000+10:00,0.716,90,603
2002-02-19T00:00:00.000+10:00,0.709,90,603
2002-02-20T00:00:00.000+10:00,0.704,90,603
2002-02-21T00:00:00.000+10:00,0.699,90,603
2002-02-22T00:00:00.000+10:00,0.697,90,603
2002-02-23T00:00:00.000+10:00,0.690,90,603
2002-02-24T00:00:00.000+10:00,0.687,90,603
2002-02-25T00:00:00.000+10:00,0.686,90,603
2002-02-26T00:00:00.000+10:00,0.682,90,603
2002-02-27T00:00:00.000+10:00,0.677,90,603
2002-02-28T00:00:00.000+10:00,0.671,90,603
2002-03-01T00:00:00.000+10:00,0.670,90,603
2002-03-02T00:00:00.000+10:00,0.672,90,603
2002-03-03T00:00:00.000+10:00,0.668,90,603
2002-03-04T00:00:00.000+10:00,0.667,90,603
2002-03-05T00:00:00.000+10:00,0.698,90,603
2002-03-06T00:00:00.000+10:00,0.687,90,603
2002-03-07T00:00:00.000+10:00,0.674,90,603
2002-03-08T00:00:00.000+10:00,0.668,90,603
2002-03-09T00:00:00.000+10:00,0.664,90,603
2002-03-10T00:00:00.000+10:00,0.660,90,603
2002-03-11T00:00:00.000+10:00,0.656,90,603
2002-03-12T00:00:00.000+10:00,0.651,90,603
2002-03-13T00:00:00.000+10:00,0.649,90,603
2002-03-14T00:00:00.000+10:00,0.644,90,603
2002-03-15T00:00:00.000+10:00,0.641,90,603
2002-03-16T00:00:00.000+10:00,0.638,90,603
2002-03-17T00:00:00.000+10:00,0.633,90,603
2002-03-18T00:00:00.000+10:00,0.630,90,603
2002-03-19T00:00:00.000+10:00,0.627,90,603
2002-03-20T00:00:00.000+10:00,0.623,90,603
2002-03-21T00:00:00.000+10:00,0.624,90,603
2002-03-22T00:00:00.000+10:00,1.147,90,603
2002-03-23T00:00:00.000+10:00,1.157,90,603
2002-03-24T00:00:00.000+10:00,0.971,90,603
2002-03-25T00:00:00.000+10:00,0.901,90,603
2002-03-26T00:00:00.000+10:00,0.860,90,603
2002-03-27T00:00:00.000+10:00,0.841,90,603
2002-03-28T00:00:00.000+10:00,0.866,90,603
2002-03-29T00:00:00.000+10:00,1.001,90,603
2002-03-30T00:00:00.000+10:00,0.978,90,603
2002-03-31T00:00:00.000+10:00,1.190,90,603
2002-04-01T00:00:00.000+10:00,1.079,90,603
2002-04-02T00:00:00.000+10:00,1.142,90,603
2002-04-03T00:00:00.000+10:00,1.052,90,603
2002-04-04T00:00:00.000+10:00,0.996,90,603
2002-04-05T00:00:00.000+10:00,0.950,90,603
2002-04-06T00:00:00.000+10:00,0.904,90,603
2002-04-07T00:00:00.000+10:00,0.868,90,603
2002-04-08T00:00:00.000+10:00,0.844,90,603
2002-04-09T00:00:00.000+10:00,0.818,90,603
2002-04-10T00:00:00.000+10:00,0.800,90,603
2002-04-11T00:00:00.000+10:00,0.788,90,603
2002-04-12T00:00:00.000+10:00,0.780,90,603
2002-04-13T00:00:00.000+10:00,0.771,90,603
2002-04-14T00:00:00.000+10:00,0.766,90,603
2002-04-15T00:00:00.000+10:00,0.760,90,603
2002-04-16T00:00:00.000+10:00,0.754,90,603
2002-04-17T00:00:00.000+10:00,0.749,90,603
2002-04-18T00:00:00.000+10:00,0.744,90,603
2002-04-19T00:00:00.000+10:00,0.738,90,603
2002-04-20T00:00:00.000+10:00,0.734,90,603
2002-04-21T00:00:00.000+10:00,0.730,90,603
2002-04-22T00:00:00.000+10:00,0.727,90,603
2002-04-23T00:00:00.000+10:00,0.722,90,603
2002-04-24T00:00:00.000+10:00,0.719,90,603
2002-04-25T00:00:00.000+10:00,0.717,90,603
2002-04-26T00:00:00.000+10:00,0.715,90,603
2002-04-27T00:00:00.000+10:00,0.714,90,603
2002-04-28T00:00:00.000+10:00,0.715,90,603
2002-04-29T00:00:00.000+10:00,0.718,90,603
2002-04-30T00:00:00.000+10:00,0.721,90,603
2002-05-01T00:00:00.000+10:00,0.725,90,603
2002-05-02T00:00:00.000+10:00,0.727,90,603
2002-05-03T00:00:00.000+10:00,0.737,90,603
2002-05-04T00:00:00.000+10:00,0.749,90,603
2002-05-05T00:00:00.000+10:00,0.756,90,603
2002-05-06T00:00:00.000+10:00,0.755,90,603
2002-05-07T00:00:00.000+10:00,0.751,90,603
2002-05-08T00:00:00.000+10:00,0.748,90,603
2002-05-09T00:00:00.000+10:00,0.743,90,603
2002-05-10T00:00:00.000+10:00,0.739,90,603
2002-05-11T00:00:00.000+10:00,0.734,90,603
2002-05-12T00:00:00.000+10:00,0.730,90,603
2002-05-13T00:00:00.000+10:00,0.726,90,603
2002-05-14T00:00:00.000+10:00,0.722,90,603
2002-05-15T00:00:00.000+10:00,0.721,90,603
2002-05-16T00:00:00.000+10:00,0.718,90,603
2002-05-17T00:00:00.000+10:00,0.715,90,603
2002-05-18T00:00:00.000+10:00,0.712,90,603
2002-05-19T00:00:00.000+10:00,0.709,90,603
2002-05-20T00:00:00.000+10:00,0.705,90,603
2002-05-21T00:00:00.000+10:00,0.702,90,603
2002-05-22T00:00:00.000+10:00,0.700,90,603
2002-05-23T00:00:00.000+10:00,0.698,90,603
2002-05-24T00:00:00.000+10:00,0.696,90,603
2002-05-25T00:00:00.000+10:00,0.697,90,603
2002-05-26T00:00:00.000+10:00,0.697,90,603
2002-05-27T00:00:00.000+10:00,0.693,90,603
2002-05-28T00:00:00.000+10:00,0.692,90,603
2002-05-29T00:00:00.000+10:00,0.692,90,603
2002-05-30T00:00:00.000+10:00,0.691,90,603
2002-05-31T00:00:00.000+10:00,0.690,90,603
2002-06-01T00:00:00.000+10:00,0.688,90,603
2002-06-02T00:00:00.000+10:00,0.688,90,603
2002-06-03T00:00:00.000+10:00,0.697,90,603
2002-06-04T00:00:00.000+10:00,0.699,90,603
2002-06-05T00:00:00.000+10:00,0.696,90,603
2002-06-06T00:00:00.000+10:00,0.693,90,603
2002-06-07T00:00:00.000+10:00,0.692,90,603
2002-06-08T00:00:00.000+10:00,0.691,90,603
2002-06-09T00:00:00.000+10:00,0.690,90,603
2002-06-10T00:00:00.000+10:00,0.690,90,603
2002-06-11T00:00:00.000+10:00,0.689,90,603
2002-06-12T00:00:00.000+10:00,0.688,90,603
2002-06-13T00:00:00.000+10:00,0.685,90,603
2002-06-14T00:00:00.000+10:00,0.682,90,603
2002-06-15T00:00:00.000+10:00,0.680,90,603
2002-06-16T00:00:00.000+10:00,0.678,90,603
2002-06-17T00:00:00.000+10:00,0.676,90,603
2002-06-18T00:00:00.000+10:00,0.675,90,603
2002-06-19T00:00:00.000+10:00,0.673,90,603
2002-06-20T00:00:00.000+10:00,0.672,90,603
2002-06-21T00:00:00.000+10:00,0.671,90,603
2002-06-22T00:00:00.000+10:00,0.669,90,603
2002-06-23T00:00:00.000+10:00,0.669,90,603
2002-06-24T00:00:00.000+10:00,0.669,90,603
2002-06-25T00:00:00.000+10:00,0.669,90,603
2002-06-26T00:00:00.000+10:00,0.666,90,603
2002-06-27T00:00:00.000+10:00,0.663,90,603
2002-06-28T00:00:00.000+10:00,0.660,90,603
2002-06-29T00:00:00.000+10:00,0.658,90,603
2002-06-30T00:00:00.000+10:00,0.656,90,603
2002-07-01T00:00:00.000+10:00,0.654,90,603
2002-07-02T00:00:00.000+10:00,0.653,90,603
2002-07-03T00:00:00.000+10:00,0.651,90,603
2002-07-04T00:00:00.000+10:00,0.650,90,603
2002-07-05T00:00:00.000+10:00,0.649,90,603
2002-07-06T00:00:00.000+10:00,0.647,90,603
2002-07-07T00:00:00.000+10:00,0.646,90,603
2002-07-08T00:00:00.000+10:00,0.644,90,603
2002-07-09T00:00:00.000+10:00,0.643,90,603
2002-07-10T00:00:00.000+10:00,0.641,90,603
2002-07-11T00:00:00.000+10:00,0.639,90,603
2002-07-12T00:00:00.000+10:00,0.637,90,603
2002-07-13T00:00:00.000+10:00,0.635,90,603
2002-07-14T00:00:00.000+10:00,0.633,90,603
2002-07-15T00:00:00.000+10:00,0.630,90,603
2002-07-16T00:00:00.000+10:00,0.628,90,603
2002-07-17T00:00:00.000+10:00,0.626,90,603
2002-07-18T00:00:00.000+10:00,0.623,90,603
2002-07-19T00:00:00.000+10:00,0.621,90,603
2002-07-20T00:00:00.000+10:00,0.619,90,603
2002-07-21T00:00:00.000+10:00,0.617,90,603
2002-07-22T00:00:00.000+10:00,0.616,90,603
2002-07-23T00:00:00.000+10:00,0.615,90,603
2002-07-24T00:00:00.000+10:00,0.613,90,603
2002-07-25T00:00:00.000+10:00,0.612,90,603
2002-07-26T00:00:00.000+10:00,0.611,90,603
2002-07-27T00:00:00.000+10:00,0.610,90,603
2002-07-28T00:00:00.000+10:00,0.609,90,603
2002-07-29T00:00:00.000+10:00,0.608,90,603
2002-07-30T00:00:00.000+10:00,0.607,90,603
2002-07-31T00:00:00.000+10:00,0.607,90,603
2002-08-01T00:00:00.000+10:00,0.606,90,603
2002-08-02T00:00:00.000+10:00,0.605,90,603
2002-08-03T00:00:00.000+10:00,0.604,90,603
2002-08-04T00:00:00.000+10:00,0.602,90,603
2002-08-05T00:00:00.000+10:00,0.601,90,603
2002-08-06T00:00:00.000+10:00,0.599,90,603
2002-08-07T00:00:00.000+10:00,0.597,90,603
2002-08-08T00:00:00.000+10:00,0.595,90,603
2002-08-09T00:00:00.000+10:00,0.593,90,603
2002-08-10T00:00:00.000+10:00,0.590,90,603
2002-08-11T00:00:00.000+10:00,0.588,90,603
2002-08-12T00:00:00.000+10:00,0.587,90,603
2002-08-13T00:00:00.000+10:00,0.586,90,603
2002-08-14T00:00:00.000+10:00,0.585,90,603
2002-08-15T00:00:00.000+10:00,0.584,90,603
2002-08-16T00:00:00.000+10:00,0.583,90,603
2002-08-17T00:00:00.000+10:00,0.582,90,603
2002-08-18T00:00:00.000+10:00,0.581,90,603
2002-08-19T00:00:00.000+10:00,0.580,90,603
2002-08-20T00:00:00.000+10:00,0.581,90,603
2002-08-21T00:00:00.000+10:00,0.588,90,603
2002-08-22T00:00:00.000+10:00,0.622,90,603
2002-08-23T00:00:00.000+10:00,0.635,90,603
2002-08-24T00:00:00.000+10:00,0.618,90,603
2002-08-25T00:00:00.000+10:00,0.628,90,603
2002-08-26T00:00:00.000+10:00,0.741,90,603
2002-08-27T00:00:00.000+10:00,0.939,90,603
2002-08-28T00:00:00.000+10:00,0.822,90,603
2002-08-29T00:00:00.000+10:00,0.772,90,603
2002-08-30T00:00:00.000+10:00,0.748,90,603
2002-08-31T00:00:00.000+10:00,0.731,90,603
2002-09-01T00:00:00.000+10:00,0.729,90,603
2002-09-02T00:00:00.000+10:00,0.723,90,603
2002-09-03T00:00:00.000+10:00,0.719,90,603
2002-09-04T00:00:00.000+10:00,0.714,90,603
2002-09-05T00:00:00.000+10:00,0.708,90,603
2002-09-06T00:00:00.000+10:00,0.702,90,603
2002-09-07T00:00:00.000+10:00,0.697,90,603
2002-09-08T00:00:00.000+10:00,0.692,90,603
2002-09-09T00:00:00.000+10:00,0.687,90,603
2002-09-10T00:00:00.000+10:00,0.682,90,603
2002-09-11T00:00:00.000+10:00,0.676,90,603
2002-09-12T00:00:00.000+10:00,0.682,90,603
2002-09-13T00:00:00.000+10:00,0.683,90,603
2002-09-14T00:00:00.000+10:00,0.678,90,603
2002-09-15T00:00:00.000+10:00,0.672,90,603
2002-09-16T00:00:00.000+10:00,0.667,90,603
2002-09-17T00:00:00.000+10:00,0.663,90,603
2002-09-18T00:00:00.000+10:00,0.659,90,603
2002-09-19T00:00:00.000+10:00,0.655,90,603
2002-09-20T00:00:00.000+10:00,0.650,90,603
2002-09-21T00:00:00.000+10:00,0.646,90,603
2002-09-22T00:00:00.000+10:00,0.642,90,603
2002-09-23T00:00:00.000+10:00,0.638,90,603
2002-09-24T00:00:00.000+10:00,0.634,90,603
2002-09-25T00:00:00.000+10:00,0.630,90,603
2002-09-26T00:00:00.000+10:00,0.626,90,603
2002-09-27T00:00:00.000+10:00,0.622,90,603
2002-09-28T00:00:00.000+10:00,0.618,90,603
2002-09-29T00:00:00.000+10:00,0.614,90,603
2002-09-30T00:00:00.000+10:00,0.610,90,603
2002-10-01T00:00:00.000+10:00,0.608,90,603
2002-10-02T00:00:00.000+10:00,0.607,90,603
2002-10-03T00:00:00.000+10:00,0.605,90,603
2002-10-04T00:00:00.000+10:00,0.604,90,603
2002-10-05T00:00:00.000+10:00,0.603,90,603
2002-10-06T00:00:00.000+10:00,0.601,90,603
2002-10-07T00:00:00.000+10:00,0.599,90,603
2002-10-08T00:00:00.000+10:00,0.597,90,603
2002-10-09T00:00:00.000+10:00,0.595,90,603
2002-10-10T00:00:00.000+10:00,0.594,90,603
2002-10-11T00:00:00.000+10:00,0.592,90,603
2002-10-12T00:00:00.000+10:00,0.592,90,603
2002-10-13T00:00:00.000+10:00,0.592,90,603
2002-10-14T00:00:00.000+10:00,0.592,90,603
2002-10-15T00:00:00.000+10:00,0.592,90,603
2002-10-16T00:00:00.000+10:00,0.592,90,603
2002-10-17T00:00:00.000+10:00,0.592,90,603
2002-10-18T00:00:00.000+10:00,0.591,90,603
2002-10-19T00:00:00.000+10:00,0.591,90,603
2002-10-20T00:00:00.000+10:00,0.589,90,603
2002-10-21T00:00:00.000+10:00,0.588,90,603
2002-10-22T00:00:00.000+10:00,0.586,90,603
2002-10-23T00:00:00.000+10:00,0.585,90,603
2002-10-24T00:00:00.000+10:00,0.584,90,603
2002-10-25T00:00:00.000+10:00,0.583,90,603
2002-10-26T00:00:00.000+10:00,0.583,90,603
2002-10-27T00:00:00.000+10:00,0.583,90,603
2002-10-28T00:00:00.000+10:00,0.587,90,603
2002-10-29T00:00:00.000+10:00,0.598,90,603
2002-10-30T00:00:00.000+10:00,0.652,90,603
2002-10-31T00:00:00.000+10:00,0.661,90,603
2002-11-01T00:00:00.000+10:00,0.659,90,603
2002-11-02T00:00:00.000+10:00,0.655,90,603
2002-11-03T00:00:00.000+10:00,0.651,90,603
2002-11-04T00:00:00.000+10:00,0.646,90,603
2002-11-05T00:00:00.000+10:00,0.640,90,603
2002-11-06T00:00:00.000+10:00,0.635,90,603
2002-11-07T00:00:00.000+10:00,0.629,90,603
2002-11-08T00:00:00.000+10:00,0.624,90,603
2002-11-09T00:00:00.000+10:00,0.618,90,603
2002-11-10T00:00:00.000+10:00,0.613,90,603
2002-11-11T00:00:00.000+10:00,0.609,90,603
2002-11-12T00:00:00.000+10:00,0.606,90,603
2002-11-13T00:00:00.000+10:00,0.604,90,603
2002-11-14T00:00:00.000+10:00,0.602,90,603
2002-11-15T00:00:00.000+10:00,0.601,90,603
2002-11-16T00:00:00.000+10:00,0.599,90,603
2002-11-17T00:00:00.000+10:00,0.598,90,603
2002-11-18T00:00:00.000+10:00,0.596,90,603
2002-11-19T00:00:00.000+10:00,0.594,90,603
2002-11-20T00:00:00.000+10:00,0.593,90,603
2002-11-21T00:00:00.000+10:00,0.591,90,603
2002-11-22T00:00:00.000+10:00,0.590,90,603
2002-11-23T00:00:00.000+10:00,0.589,90,603
2002-11-24T00:00:00.000+10:00,0.589,90,603
2002-11-25T00:00:00.000+10:00,0.589,90,603
2002-11-26T00:00:00.000+10:00,0.588,90,603
2002-11-27T00:00:00.000+10:00,0.588,90,603
2002-11-28T00:00:00.000+10:00,0.587,90,603
2002-11-29T00:00:00.000+10:00,0.587,90,603
2002-11-30T00:00:00.000+10:00,0.586,90,603
2002-12-01T00:00:00.000+10:00,0.586,90,603
2002-12-02T00:00:00.000+10:00,0.585,90,603
2002-12-03T00:00:00.000+10:00,0.584,90,603
2002-12-04T00:00:00.000+10:00,0.584,90,603
2002-12-05T00:00:00.000+10:00,0.583,90,603
2002-12-06T00:00:00.000+10:00,0.581,90,603
2002-12-07T00:00:00.000+10:00,0.580,90,603
2002-12-08T00:00:00.000+10:00,0.579,90,603
2002-12-09T00:00:00.000+10:00,0.578,90,603
2002-12-10T00:00:00.000+10:00,0.577,90,603
2002-12-11T00:00:00.000+10:00,0.576,90,603
2002-12-12T00:00:00.000+10:00,0.575,90,603
2002-12-13T00:00:00.000+10:00,0.574,90,603
2002-12-14T00:00:00.000+10:00,0.574,90,603
2002-12-15T00:00:00.000+10:00,0.573,90,603
2002-12-16T00:00:00.000+10:00,0.572,90,603
2002-12-17T00:00:00.000+10:00,0.571,90,603
2002-12-18T00:00:00.000+10:00,0.571,90,603
2002-12-19T00:00:00.000+10:00,0.569,90,603
2002-12-20T00:00:00.000+10:00,0.567,90,603
2002-12-21T00:00:00.000+10:00,0.564,90,603
2002-12-22T00:00:00.000+10:00,0.561,90,603
2002-12-23T00:00:00.000+10:00,0.559,90,603
2002-12-24T00:00:00.000+10:00,0.560,90,603
2002-12-25T00:00:00.000+10:00,0.561,90,603
2002-12-26T00:00:00.000+10:00,0.562,90,603
2002-12-27T00:00:00.000+10:00,0.563,90,603
2002-12-28T00:00:00.000+10:00,0.566,90,603
2002-12-29T00:00:00.000+10:00,0.569,90,603
2002-12-30T00:00:00.000+10:00,0.574,90,603
2002-12-31T00:00:00.000+10:00,0.579,90,603
2003-01-01T00:00:00.000+10:00,0.583,90,603
2003-01-02T00:00:00.000+10:00,0.588,90,603
2003-01-03T00:00:00.000+10:00,0.597,90,603
2003-01-04T00:00:00.000+10:00,0.602,90,603
2003-01-05T00:00:00.000+10:00,0.606,90,603
2003-01-06T00:00:00.000+10:00,0.610,90,603
2003-01-07T00:00:00.000+10:00,0.612,90,603
2003-01-08T00:00:00.000+10:00,0.611,90,603
2003-01-09T00:00:00.000+10:00,0.609,90,603
2003-01-10T00:00:00.000+10:00,0.606,90,603
2003-01-11T00:00:00.000+10:00,0.604,90,603
2003-01-12T00:00:00.000+10:00,0.602,90,603
2003-01-13T00:00:00.000+10:00,0.600,90,603
2003-01-14T00:00:00.000+10:00,0.597,90,603
2003-01-15T00:00:00.000+10:00,0.595,90,603
2003-01-16T00:00:00.000+10:00,0.593,90,603
2003-01-17T00:00:00.000+10:00,0.590,90,603
2003-01-18T00:00:00.000+10:00,0.588,90,603
2003-01-19T00:00:00.000+10:00,0.586,90,603
2003-01-20T00:00:00.000+10:00,0.585,90,603
2003-01-21T00:00:00.000+10:00,0.585,90,603
2003-01-22T00:00:00.000+10:00,0.585,90,603
2003-01-23T00:00:00.000+10:00,0.586,90,603
2003-01-24T00:00:00.000+10:00,0.585,90,603
2003-01-25T00:00:00.000+10:00,0.580,90,603
2003-01-26T00:00:00.000+10:00,0.577,90,603
2003-01-27T00:00:00.000+10:00,0.577,90,603
2003-01-28T00:00:00.000+10:00,0.577,90,603
2003-01-29T00:00:00.000+10:00,0.578,90,603
2003-01-30T00:00:00.000+10:00,0.579,90,603
2003-01-31T00:00:00.000+10:00,0.580,90,603
2003-02-01T00:00:00.000+10:00,0.582,90,603
2003-02-02T00:00:00.000+10:00,0.583,90,603
2003-02-03T00:00:00.000+10:00,0.584,90,603
2003-02-04T00:00:00.000+10:00,0.587,90,603
2003-02-05T00:00:00.000+10:00,0.593,90,603
2003-02-06T00:00:00.000+10:00,0.598,90,603
2003-02-07T00:00:00.000+10:00,0.608,90,603
2003-02-08T00:00:00.000+10:00,0.629,90,603
2003-02-09T00:00:00.000+10:00,0.648,90,603
2003-02-10T00:00:00.000+10:00,0.654,90,603
2003-02-11T00:00:00.000+10:00,0.653,90,603
2003-02-12T00:00:00.000+10:00,0.651,90,603
2003-02-13T00:00:00.000+10:00,0.649,90,603
2003-02-14T00:00:00.000+10:00,0.646,90,603
2003-02-15T00:00:00.000+10:00,0.644,90,603
2003-02-16T00:00:00.000+10:00,0.642,90,603
2003-02-17T00:00:00.000+10:00,0.639,90,603
2003-02-18T00:00:00.000+10:00,0.635,90,603
2003-02-19T00:00:00.000+10:00,0.632,90,603
2003-02-20T00:00:00.000+10:00,0.635,90,603
2003-02-21T00:00:00.000+10:00,0.646,90,603
2003-02-22T00:00:00.000+10:00,0.764,90,603
2003-02-23T00:00:00.000+10:00,0.934,90,603
2003-02-24T00:00:00.000+10:00,1.928,90,603
2003-02-25T00:00:00.000+10:00,2.356,90,603
2003-02-26T00:00:00.000+10:00,1.623,90,603
2003-02-27T00:00:00.000+10:00,1.277,90,603
2003-02-28T00:00:00.000+10:00,1.135,90,603
2003-03-01T00:00:00.000+10:00,1.049,90,603
2003-03-02T00:00:00.000+10:00,0.979,90,603
2003-03-03T00:00:00.000+10:00,0.935,90,603
2003-03-04T00:00:00.000+10:00,0.909,90,603
2003-03-05T00:00:00.000+10:00,0.901,90,603
2003-03-06T00:00:00.000+10:00,1.009,90,603
2003-03-07T00:00:00.000+10:00,1.023,90,603
2003-03-08T00:00:00.000+10:00,1.098,90,603
2003-03-09T00:00:00.000+10:00,1.034,90,603
2003-03-10T00:00:00.000+10:00,1.012,90,603
2003-03-11T00:00:00.000+10:00,1.014,90,603
2003-03-12T00:00:00.000+10:00,1.733,90,603
2003-03-13T00:00:00.000+10:00,1.683,90,603
2003-03-14T00:00:00.000+10:00,1.409,90,603
2003-03-15T00:00:00.000+10:00,1.242,90,603
2003-03-16T00:00:00.000+10:00,1.179,90,603
2003-03-17T00:00:00.000+10:00,1.216,90,603
2003-03-18T00:00:00.000+10:00,1.108,90,603
2003-03-19T00:00:00.000+10:00,1.059,90,603
2003-03-20T00:00:00.000+10:00,1.021,90,603
2003-03-21T00:00:00.000+10:00,0.985,90,603
2003-03-22T00:00:00.000+10:00,0.957,90,603
2003-03-23T00:00:00.000+10:00,0.948,90,603
2003-03-24T00:00:00.000+10:00,0.916,90,603
2003-03-25T00:00:00.000+10:00,0.897,90,603
2003-03-26T00:00:00.000+10:00,0.879,90,603
2003-03-27T00:00:00.000+10:00,0.863,90,603
2003-03-28T00:00:00.000+10:00,0.849,90,603
2003-03-29T00:00:00.000+10:00,0.839,90,603
2003-03-30T00:00:00.000+10:00,0.841,90,603
2003-03-31T00:00:00.000+10:00,0.860,90,603
2003-04-01T00:00:00.000+10:00,0.839,90,603
2003-04-02T00:00:00.000+10:00,0.830,90,603
2003-04-03T00:00:00.000+10:00,0.823,90,603
2003-04-04T00:00:00.000+10:00,0.817,90,603
2003-04-05T00:00:00.000+10:00,0.810,90,603
2003-04-06T00:00:00.000+10:00,0.802,90,603
2003-04-07T00:00:00.000+10:00,0.794,90,603
2003-04-08T00:00:00.000+10:00,0.786,90,603
2003-04-09T00:00:00.000+10:00,0.782,90,603
2003-04-10T00:00:00.000+10:00,0.777,90,603
2003-04-11T00:00:00.000+10:00,0.774,90,603
2003-04-12T00:00:00.000+10:00,0.772,90,603
2003-04-13T00:00:00.000+10:00,0.771,90,603
2003-04-14T00:00:00.000+10:00,0.770,90,603
2003-04-15T00:00:00.000+10:00,0.768,90,603
2003-04-16T00:00:00.000+10:00,0.765,90,603
2003-04-17T00:00:00.000+10:00,0.763,90,603
2003-04-18T00:00:00.000+10:00,0.760,90,603
2003-04-19T00:00:00.000+10:00,0.758,90,603
2003-04-20T00:00:00.000+10:00,0.755,90,603
2003-04-21T00:00:00.000+10:00,0.753,90,603
2003-04-22T00:00:00.000+10:00,0.759,90,603
2003-04-23T00:00:00.000+10:00,0.771,90,603
2003-04-24T00:00:00.000+10:00,0.763,90,603
2003-04-25T00:00:00.000+10:00,0.768,90,603
2003-04-26T00:00:00.000+10:00,0.812,90,603
2003-04-27T00:00:00.000+10:00,0.839,90,603
2003-04-28T00:00:00.000+10:00,0.851,90,603
2003-04-29T00:00:00.000+10:00,0.846,90,603
2003-04-30T00:00:00.000+10:00,0.836,90,603
2003-05-01T00:00:00.000+10:00,0.830,90,603
2003-05-02T00:00:00.000+10:00,0.825,90,603
2003-05-03T00:00:00.000+10:00,0.818,90,603
2003-05-04T00:00:00.000+10:00,0.812,90,603
2003-05-05T00:00:00.000+10:00,0.812,90,603
2003-05-06T00:00:00.000+10:00,0.821,90,603
2003-05-07T00:00:00.000+10:00,0.846,90,603
2003-05-08T00:00:00.000+10:00,0.842,90,603
2003-05-09T00:00:00.000+10:00,0.824,90,603
2003-05-10T00:00:00.000+10:00,0.814,90,603
2003-05-11T00:00:00.000+10:00,0.807,90,603
2003-05-12T00:00:00.000+10:00,0.802,90,603
2003-05-13T00:00:00.000+10:00,0.801,90,603
2003-05-14T00:00:00.000+10:00,0.806,90,603
2003-05-15T00:00:00.000+10:00,1.134,90,603
2003-05-16T00:00:00.000+10:00,1.403,90,603
2003-05-17T00:00:00.000+10:00,1.182,90,603
2003-05-18T00:00:00.000+10:00,1.082,90,603
2003-05-19T00:00:00.000+10:00,1.040,90,603
2003-05-20T00:00:00.000+10:00,1.002,90,603
2003-05-21T00:00:00.000+10:00,0.917,90,603
2003-05-22T00:00:00.000+10:00,0.846,90,603
2003-05-23T00:00:00.000+10:00,0.816,90,603
2003-05-24T00:00:00.000+10:00,0.820,90,603
2003-05-25T00:00:00.000+10:00,0.826,90,603
2003-05-26T00:00:00.000+10:00,0.802,90,603
2003-05-27T00:00:00.000+10:00,0.943,90,603
2003-05-28T00:00:00.000+10:00,1.552,90,603
2003-05-29T00:00:00.000+10:00,1.259,90,603
2003-05-30T00:00:00.000+10:00,1.160,90,603
2003-05-31T00:00:00.000+10:00,1.108,90,603
2003-06-01T00:00:00.000+10:00,1.063,90,603
2003-06-02T00:00:00.000+10:00,1.028,90,603
2003-06-03T00:00:00.000+10:00,1.001,90,603
2003-06-04T00:00:00.000+10:00,0.978,90,603
2003-06-05T00:00:00.000+10:00,0.958,90,603
2003-06-06T00:00:00.000+10:00,0.939,90,603
2003-06-07T00:00:00.000+10:00,0.923,90,603
2003-06-08T00:00:00.000+10:00,0.908,90,603
2003-06-09T00:00:00.000+10:00,0.896,90,603
2003-06-10T00:00:00.000+10:00,0.887,90,603
2003-06-11T00:00:00.000+10:00,0.879,90,603
2003-06-12T00:00:00.000+10:00,0.872,90,603
2003-06-13T00:00:00.000+10:00,0.866,90,603
2003-06-14T00:00:00.000+10:00,0.860,90,603
2003-06-15T00:00:00.000+10:00,0.853,90,603
2003-06-16T00:00:00.000+10:00,0.847,90,603
2003-06-17T00:00:00.000+10:00,0.841,90,603
2003-06-18T00:00:00.000+10:00,0.837,90,603
2003-06-19T00:00:00.000+10:00,0.833,90,603
2003-06-20T00:00:00.000+10:00,0.830,90,603
2003-06-21T00:00:00.000+10:00,0.831,90,603
2003-06-22T00:00:00.000+10:00,0.831,90,603
2003-06-23T00:00:00.000+10:00,0.824,90,603
2003-06-24T00:00:00.000+10:00,0.820,90,603
2003-06-25T00:00:00.000+10:00,0.818,90,603
2003-06-26T00:00:00.000+10:00,0.900,90,603
2003-06-27T00:00:00.000+10:00,1.034,90,603
2003-06-28T00:00:00.000+10:00,0.933,90,603
2003-06-29T00:00:00.000+10:00,0.896,90,603
2003-06-30T00:00:00.000+10:00,0.879,90,603
2003-07-01T00:00:00.000+10:00,0.869,90,603
2003-07-02T00:00:00.000+10:00,0.861,90,603
2003-07-03T00:00:00.000+10:00,0.856,90,603
2003-07-04T00:00:00.000+10:00,0.848,90,603
2003-07-05T00:00:00.000+10:00,0.842,90,603
2003-07-06T00:00:00.000+10:00,0.837,90,603
2003-07-07T00:00:00.000+10:00,0.833,90,603
2003-07-08T00:00:00.000+10:00,0.829,90,603
2003-07-09T00:00:00.000+10:00,0.826,90,603
2003-07-10T00:00:00.000+10:00,0.822,90,603
2003-07-11T00:00:00.000+10:00,0.820,90,603
2003-07-12T00:00:00.000+10:00,0.818,90,603
2003-07-13T00:00:00.000+10:00,0.816,90,603
2003-07-14T00:00:00.000+10:00,0.814,90,603
2003-07-15T00:00:00.000+10:00,0.812,90,603
2003-07-16T00:00:00.000+10:00,0.810,90,603
2003-07-17T00:00:00.000+10:00,0.808,90,603
2003-07-18T00:00:00.000+10:00,0.806,90,603
2003-07-19T00:00:00.000+10:00,0.804,90,603
2003-07-20T00:00:00.000+10:00,0.802,90,603
2003-07-21T00:00:00.000+10:00,0.803,90,603
2003-07-22T00:00:00.000+10:00,0.805,90,603
2003-07-23T00:00:00.000+10:00,0.804,90,603
2003-07-24T00:00:00.000+10:00,0.802,90,603
2003-07-25T00:00:00.000+10:00,0.799,90,603
2003-07-26T00:00:00.000+10:00,0.797,90,603
2003-07-27T00:00:00.000+10:00,0.795,90,603
2003-07-28T00:00:00.000+10:00,0.793,90,603
2003-07-29T00:00:00.000+10:00,0.791,90,603
2003-07-30T00:00:00.000+10:00,0.788,90,603
2003-07-31T00:00:00.000+10:00,0.786,90,603
2003-08-01T00:00:00.000+10:00,0.785,90,603
2003-08-02T00:00:00.000+10:00,0.783,90,603
2003-08-03T00:00:00.000+10:00,0.781,90,603
2003-08-04T00:00:00.000+10:00,0.779,90,603
2003-08-05T00:00:00.000+10:00,0.777,90,603
2003-08-06T00:00:00.000+10:00,0.776,90,603
2003-08-07T00:00:00.000+10:00,0.774,90,603
2003-08-08T00:00:00.000+10:00,0.772,90,603
2003-08-09T00:00:00.000+10:00,0.771,90,603
2003-08-10T00:00:00.000+10:00,0.769,90,603
2003-08-11T00:00:00.000+10:00,0.768,90,603
2003-08-12T00:00:00.000+10:00,0.769,90,603
2003-08-13T00:00:00.000+10:00,0.769,90,603
2003-08-14T00:00:00.000+10:00,0.768,90,603
2003-08-15T00:00:00.000+10:00,0.766,90,603
2003-08-16T00:00:00.000+10:00,0.765,90,603
2003-08-17T00:00:00.000+10:00,0.763,90,603
2003-08-18T00:00:00.000+10:00,0.762,90,603
2003-08-19T00:00:00.000+10:00,0.760,90,603
2003-08-20T00:00:00.000+10:00,0.758,90,603
2003-08-21T00:00:00.000+10:00,0.757,90,603
2003-08-22T00:00:00.000+10:00,0.756,90,603
2003-08-23T00:00:00.000+10:00,0.755,90,603
2003-08-24T00:00:00.000+10:00,0.755,90,603
2003-08-25T00:00:00.000+10:00,0.754,90,603
2003-08-26T00:00:00.000+10:00,0.753,90,603
2003-08-27T00:00:00.000+10:00,0.752,90,603
2003-08-28T00:00:00.000+10:00,0.750,90,603
2003-08-29T00:00:00.000+10:00,0.749,90,603
2003-08-30T00:00:00.000+10:00,0.748,90,603
2003-08-31T00:00:00.000+10:00,0.747,90,603
2003-09-01T00:00:00.000+10:00,0.745,90,603
2003-09-02T00:00:00.000+10:00,0.744,90,603
2003-09-03T00:00:00.000+10:00,0.743,90,603
2003-09-04T00:00:00.000+10:00,0.741,90,603
2003-09-05T00:00:00.000+10:00,0.739,90,603
2003-09-06T00:00:00.000+10:00,0.738,90,603
2003-09-07T00:00:00.000+10:00,0.736,90,603
2003-09-08T00:00:00.000+10:00,0.735,90,603
2003-09-09T00:00:00.000+10:00,0.734,90,603
2003-09-10T00:00:00.000+10:00,0.733,90,603
2003-09-11T00:00:00.000+10:00,0.732,90,603
2003-09-12T00:00:00.000+10:00,0.731,90,603
2003-09-13T00:00:00.000+10:00,0.730,90,603
2003-09-14T00:00:00.000+10:00,0.728,90,603
2003-09-15T00:00:00.000+10:00,0.727,90,603
2003-09-16T00:00:00.000+10:00,0.726,90,603
2003-09-17T00:00:00.000+10:00,0.725,90,603
2003-09-18T00:00:00.000+10:00,0.723,90,603
2003-09-19T00:00:00.000+10:00,0.722,90,603
2003-09-20T00:00:00.000+10:00,0.721,90,603
2003-09-21T00:00:00.000+10:00,0.719,90,603
2003-09-22T00:00:00.000+10:00,0.718,90,603
2003-09-23T00:00:00.000+10:00,0.716,90,603
2003-09-24T00:00:00.000+10:00,0.714,90,603
2003-09-25T00:00:00.000+10:00,0.711,90,603
2003-09-26T00:00:00.000+10:00,0.708,90,603
2003-09-27T00:00:00.000+10:00,0.706,90,603
2003-09-28T00:00:00.000+10:00,0.703,90,603
2003-09-29T00:00:00.000+10:00,0.701,90,603
2003-09-30T00:00:00.000+10:00,0.699,90,603
2003-10-01T00:00:00.000+10:00,0.704,90,603
2003-10-02T00:00:00.000+10:00,0.719,90,603
2003-10-03T00:00:00.000+10:00,0.729,90,603
2003-10-04T00:00:00.000+10:00,0.730,90,603
2003-10-05T00:00:00.000+10:00,0.738,90,603
2003-10-06T00:00:00.000+10:00,0.744,90,603
2003-10-07T00:00:00.000+10:00,0.747,90,603
2003-10-08T00:00:00.000+10:00,0.748,90,603
2003-10-09T00:00:00.000+10:00,0.749,90,603
2003-10-10T00:00:00.000+10:00,0.752,90,603
2003-10-11T00:00:00.000+10:00,0.753,90,603
2003-10-12T00:00:00.000+10:00,0.752,90,603
2003-10-13T00:00:00.000+10:00,0.748,90,603
2003-10-14T00:00:00.000+10:00,0.744,90,603
2003-10-15T00:00:00.000+10:00,0.742,90,603
2003-10-16T00:00:00.000+10:00,0.743,90,603
2003-10-17T00:00:00.000+10:00,0.748,90,603
2003-10-18T00:00:00.000+10:00,0.748,90,603
2003-10-19T00:00:00.000+10:00,0.747,90,603
2003-10-20T00:00:00.000+10:00,0.743,90,603
2003-10-21T00:00:00.000+10:00,0.739,90,603
2003-10-22T00:00:00.000+10:00,0.737,90,603
2003-10-23T00:00:00.000+10:00,0.735,90,603
2003-10-24T00:00:00.000+10:00,0.735,90,603
2003-10-25T00:00:00.000+10:00,0.734,90,603
2003-10-26T00:00:00.000+10:00,0.733,90,603
2003-10-27T00:00:00.000+10:00,0.733,90,603
2003-10-28T00:00:00.000+10:00,0.732,90,603
2003-10-29T00:00:00.000+10:00,0.730,90,603
2003-10-30T00:00:00.000+10:00,0.729,90,603
2003-10-31T00:00:00.000+10:00,0.728,90,603
2003-11-01T00:00:00.000+10:00,0.727,90,603
2003-11-02T00:00:00.000+10:00,0.726,90,603
2003-11-03T00:00:00.000+10:00,0.724,90,603
2003-11-04T00:00:00.000+10:00,0.722,90,603
2003-11-05T00:00:00.000+10:00,0.720,90,603
2003-11-06T00:00:00.000+10:00,0.718,90,603
2003-11-07T00:00:00.000+10:00,0.716,90,603
2003-11-08T00:00:00.000+10:00,0.715,90,603
2003-11-09T00:00:00.000+10:00,0.713,90,603
2003-11-10T00:00:00.000+10:00,0.711,90,603
2003-11-11T00:00:00.000+10:00,0.710,90,603
2003-11-12T00:00:00.000+10:00,0.708,90,603
2003-11-13T00:00:00.000+10:00,0.705,90,603
2003-11-14T00:00:00.000+10:00,0.703,90,603
2003-11-15T00:00:00.000+10:00,0.701,90,603
2003-11-16T00:00:00.000+10:00,0.699,90,603
2003-11-17T00:00:00.000+10:00,0.697,90,603
2003-11-18T00:00:00.000+10:00,0.696,90,603
2003-11-19T00:00:00.000+10:00,0.694,90,603
2003-11-20T00:00:00.000+10:00,0.693,90,603
2003-11-21T00:00:00.000+10:00,0.697,90,603
2003-11-22T00:00:00.000+10:00,0.716,90,603
2003-11-23T00:00:00.000+10:00,0.699,90,603
2003-11-24T00:00:00.000+10:00,0.708,90,603
2003-11-25T00:00:00.000+10:00,0.709,90,603
2003-11-26T00:00:00.000+10:00,0.713,90,603
2003-11-27T00:00:00.000+10:00,0.718,90,603
2003-11-28T00:00:00.000+10:00,0.721,90,603
2003-11-29T00:00:00.000+10:00,0.721,90,603
2003-11-30T00:00:00.000+10:00,0.719,90,603
2003-12-01T00:00:00.000+10:00,0.718,90,603
2003-12-02T00:00:00.000+10:00,0.717,90,603
2003-12-03T00:00:00.000+10:00,0.715,90,603
2003-12-04T00:00:00.000+10:00,0.713,90,603
2003-12-05T00:00:00.000+10:00,0.716,90,603
2003-12-06T00:00:00.000+10:00,0.767,90,603
2003-12-07T00:00:00.000+10:00,0.824,90,603
2003-12-08T00:00:00.000+10:00,0.788,90,603
2003-12-09T00:00:00.000+10:00,0.774,90,603
2003-12-10T00:00:00.000+10:00,0.765,90,603
2003-12-11T00:00:00.000+10:00,0.760,90,603
2003-12-12T00:00:00.000+10:00,0.755,90,603
2003-12-13T00:00:00.000+10:00,0.749,90,603
2003-12-14T00:00:00.000+10:00,0.747,90,603
2003-12-15T00:00:00.000+10:00,0.744,90,603
2003-12-16T00:00:00.000+10:00,0.748,90,603
2003-12-17T00:00:00.000+10:00,0.756,90,603
2003-12-18T00:00:00.000+10:00,0.775,90,603
2003-12-19T00:00:00.000+10:00,0.770,90,603
2003-12-20T00:00:00.000+10:00,0.766,90,603
2003-12-21T00:00:00.000+10:00,0.761,90,603
2003-12-22T00:00:00.000+10:00,0.758,90,603
2003-12-23T00:00:00.000+10:00,0.754,90,603
2003-12-24T00:00:00.000+10:00,0.750,90,603
2003-12-25T00:00:00.000+10:00,0.746,90,603
2003-12-26T00:00:00.000+10:00,0.743,90,603
2003-12-27T00:00:00.000+10:00,0.743,90,603
2003-12-28T00:00:00.000+10:00,0.739,90,603
2003-12-29T00:00:00.000+10:00,0.737,90,603
2003-12-30T00:00:00.000+10:00,0.735,90,603
2003-12-31T00:00:00.000+10:00,0.733,90,603
2004-01-01T00:00:00.000+10:00,0.731,90,603
2004-01-02T00:00:00.000+10:00,0.729,90,603
2004-01-03T00:00:00.000+10:00,0.728,90,603
2004-01-04T00:00:00.000+10:00,0.721,90,603
2004-01-05T00:00:00.000+10:00,0.713,90,603
2004-01-06T00:00:00.000+10:00,0.709,90,603
2004-01-07T00:00:00.000+10:00,0.705,90,603
2004-01-08T00:00:00.000+10:00,0.700,90,603
2004-01-09T00:00:00.000+10:00,0.698,90,603
2004-01-10T00:00:00.000+10:00,0.696,90,603
2004-01-11T00:00:00.000+10:00,0.696,90,603
2004-01-12T00:00:00.000+10:00,0.693,90,603
2004-01-13T00:00:00.000+10:00,0.688,90,603
2004-01-14T00:00:00.000+10:00,0.688,90,603
2004-01-15T00:00:00.000+10:00,1.452,90,603
2004-01-16T00:00:00.000+10:00,1.358,90,603
2004-01-17T00:00:00.000+10:00,1.147,90,603
2004-01-18T00:00:00.000+10:00,1.018,90,603
2004-01-19T00:00:00.000+10:00,1.074,90,603
2004-01-20T00:00:00.000+10:00,1.034,90,603
2004-01-21T00:00:00.000+10:00,0.949,90,603
2004-01-22T00:00:00.000+10:00,0.903,90,603
2004-01-23T00:00:00.000+10:00,0.882,90,603
2004-01-24T00:00:00.000+10:00,0.866,90,603
2004-01-25T00:00:00.000+10:00,0.861,90,603
2004-01-26T00:00:00.000+10:00,0.901,90,603
2004-01-27T00:00:00.000+10:00,0.856,90,603
2004-01-28T00:00:00.000+10:00,0.849,90,603
2004-01-29T00:00:00.000+10:00,0.837,90,603
2004-01-30T00:00:00.000+10:00,0.816,90,603
2004-01-31T00:00:00.000+10:00,0.800,90,603
2004-02-01T00:00:00.000+10:00,0.788,90,603
2004-02-02T00:00:00.000+10:00,0.779,90,603
2004-02-03T00:00:00.000+10:00,0.784,90,603
2004-02-04T00:00:00.000+10:00,0.784,90,603
2004-02-05T00:00:00.000+10:00,0.774,90,603
2004-02-06T00:00:00.000+10:00,0.766,90,603
2004-02-07T00:00:00.000+10:00,0.760,90,603
2004-02-08T00:00:00.000+10:00,0.756,90,603
2004-02-09T00:00:00.000+10:00,0.751,90,603
2004-02-10T00:00:00.000+10:00,0.747,90,603
2004-02-11T00:00:00.000+10:00,0.741,90,603
2004-02-12T00:00:00.000+10:00,0.736,90,603
2004-02-13T00:00:00.000+10:00,0.729,90,603
2004-02-14T00:00:00.000+10:00,0.721,90,603
2004-02-15T00:00:00.000+10:00,0.714,90,603
2004-02-16T00:00:00.000+10:00,0.709,90,603
2004-02-17T00:00:00.000+10:00,0.703,90,603
2004-02-18T00:00:00.000+10:00,0.699,90,603
2004-02-19T00:00:00.000+10:00,0.695,90,603
2004-02-20T00:00:00.000+10:00,0.692,90,603
2004-02-21T00:00:00.000+10:00,0.688,90,603
2004-02-22T00:00:00.000+10:00,0.685,90,603
2004-02-23T00:00:00.000+10:00,0.686,90,603
2004-02-24T00:00:00.000+10:00,0.768,90,603
2004-02-25T00:00:00.000+10:00,1.063,90,603
2004-02-26T00:00:00.000+10:00,1.038,90,603
2004-02-27T00:00:00.000+10:00,0.944,90,603
2004-02-28T00:00:00.000+10:00,0.886,90,603
2004-02-29T00:00:00.000+10:00,0.851,90,603
2004-03-01T00:00:00.000+10:00,0.830,90,603
2004-03-02T00:00:00.000+10:00,0.814,90,603
2004-03-03T00:00:00.000+10:00,0.803,90,603
2004-03-04T00:00:00.000+10:00,0.793,90,603
2004-03-05T00:00:00.000+10:00,0.786,90,603
2004-03-06T00:00:00.000+10:00,1.952,90,603
2004-03-07T00:00:00.000+10:00,1.396,90,603
2004-03-08T00:00:00.000+10:00,1.195,90,603
2004-03-09T00:00:00.000+10:00,1.101,90,603
2004-03-10T00:00:00.000+10:00,1.039,90,603
2004-03-11T00:00:00.000+10:00,1.046,90,603
2004-03-12T00:00:00.000+10:00,1.011,90,603
2004-03-13T00:00:00.000+10:00,0.977,90,603
2004-03-14T00:00:00.000+10:00,0.952,90,603
2004-03-15T00:00:00.000+10:00,0.951,90,603
2004-03-16T00:00:00.000+10:00,1.172,90,603
2004-03-17T00:00:00.000+10:00,1.096,90,603
2004-03-18T00:00:00.000+10:00,1.068,90,603
2004-03-19T00:00:00.000+10:00,1.039,90,603
2004-03-20T00:00:00.000+10:00,1.004,90,603
2004-03-21T00:00:00.000+10:00,0.974,90,603
2004-03-22T00:00:00.000+10:00,0.961,90,603
2004-03-23T00:00:00.000+10:00,1.929,90,603
2004-03-24T00:00:00.000+10:00,2.166,90,603
2004-03-25T00:00:00.000+10:00,1.453,90,603
2004-03-26T00:00:00.000+10:00,1.269,90,603
2004-03-27T00:00:00.000+10:00,1.169,90,603
2004-03-28T00:00:00.000+10:00,1.107,90,603
2004-03-29T00:00:00.000+10:00,1.060,90,603
2004-03-30T00:00:00.000+10:00,1.020,90,603
2004-03-31T00:00:00.000+10:00,0.985,90,603
2004-04-01T00:00:00.000+10:00,0.956,90,603
2004-04-02T00:00:00.000+10:00,0.930,90,603
2004-04-03T00:00:00.000+10:00,0.928,90,603
2004-04-04T00:00:00.000+10:00,0.901,90,603
2004-04-05T00:00:00.000+10:00,0.887,90,603
2004-04-06T00:00:00.000+10:00,0.885,90,603
2004-04-07T00:00:00.000+10:00,0.939,90,603
2004-04-08T00:00:00.000+10:00,0.912,90,603
2004-04-09T00:00:00.000+10:00,0.885,90,603
2004-04-10T00:00:00.000+10:00,0.868,90,603
2004-04-11T00:00:00.000+10:00,0.854,90,603
2004-04-12T00:00:00.000+10:00,0.843,90,603
2004-04-13T00:00:00.000+10:00,0.834,90,603
2004-04-14T00:00:00.000+10:00,0.828,90,603
2004-04-15T00:00:00.000+10:00,0.821,90,603
2004-04-16T00:00:00.000+10:00,0.814,90,603
2004-04-17T00:00:00.000+10:00,0.808,90,603
2004-04-18T00:00:00.000+10:00,0.802,90,603
2004-04-19T00:00:00.000+10:00,0.796,90,603
2004-04-20T00:00:00.000+10:00,0.791,90,603
2004-04-21T00:00:00.000+10:00,0.786,90,603
2004-04-22T00:00:00.000+10:00,0.782,90,603
2004-04-23T00:00:00.000+10:00,0.778,90,603
2004-04-24T00:00:00.000+10:00,0.775,90,603
2004-04-25T00:00:00.000+10:00,0.771,90,603
2004-04-26T00:00:00.000+10:00,0.767,90,603
2004-04-27T00:00:00.000+10:00,0.764,90,603
2004-04-28T00:00:00.000+10:00,0.762,90,603
2004-04-29T00:00:00.000+10:00,0.769,90,603
2004-04-30T00:00:00.000+10:00,0.824,90,603
2004-05-01T00:00:00.000+10:00,0.807,90,603
2004-05-02T00:00:00.000+10:00,0.785,90,603
2004-05-03T00:00:00.000+10:00,0.775,90,603
2004-05-04T00:00:00.000+10:00,0.769,90,603
2004-05-05T00:00:00.000+10:00,0.764,90,603
2004-05-06T00:00:00.000+10:00,0.761,90,603
2004-05-07T00:00:00.000+10:00,0.758,90,603
2004-05-08T00:00:00.000+10:00,0.757,90,603
2004-05-09T00:00:00.000+10:00,0.755,90,603
2004-05-10T00:00:00.000+10:00,0.754,90,603
2004-05-11T00:00:00.000+10:00,0.750,90,603
2004-05-12T00:00:00.000+10:00,0.747,90,603
2004-05-13T00:00:00.000+10:00,0.744,90,603
2004-05-14T00:00:00.000+10:00,0.741,90,603
2004-05-15T00:00:00.000+10:00,0.739,90,603
2004-05-16T00:00:00.000+10:00,0.737,90,603
2004-05-17T00:00:00.000+10:00,0.734,90,603
2004-05-18T00:00:00.000+10:00,0.732,90,603
2004-05-19T00:00:00.000+10:00,0.730,90,603
2004-05-20T00:00:00.000+10:00,0.727,90,603
2004-05-21T00:00:00.000+10:00,0.723,90,603
2004-05-22T00:00:00.000+10:00,0.721,90,603
2004-05-23T00:00:00.000+10:00,0.720,90,603
2004-05-24T00:00:00.000+10:00,0.718,90,603
2004-05-25T00:00:00.000+10:00,0.718,90,603
2004-05-26T00:00:00.000+10:00,0.721,90,603
2004-05-27T00:00:00.000+10:00,0.719,90,603
2004-05-28T00:00:00.000+10:00,0.715,90,603
2004-05-29T00:00:00.000+10:00,0.712,90,603
2004-05-30T00:00:00.000+10:00,0.711,90,603
2004-05-31T00:00:00.000+10:00,0.709,90,603
2004-06-01T00:00:00.000+10:00,0.706,90,603
2004-06-02T00:00:00.000+10:00,0.704,90,603
2004-06-03T00:00:00.000+10:00,0.704,90,603
2004-06-04T00:00:00.000+10:00,0.704,90,603
2004-06-05T00:00:00.000+10:00,0.701,90,603
2004-06-06T00:00:00.000+10:00,0.697,90,603
2004-06-07T00:00:00.000+10:00,0.696,90,603
2004-06-08T00:00:00.000+10:00,0.695,90,603
2004-06-09T00:00:00.000+10:00,0.694,90,603
2004-06-10T00:00:00.000+10:00,0.695,90,603
2004-06-11T00:00:00.000+10:00,0.705,90,603
2004-06-12T00:00:00.000+10:00,0.703,90,603
2004-06-13T00:00:00.000+10:00,0.698,90,603
2004-06-14T00:00:00.000+10:00,0.696,90,603
2004-06-15T00:00:00.000+10:00,0.694,90,603
2004-06-16T00:00:00.000+10:00,0.692,90,603
2004-06-17T00:00:00.000+10:00,0.689,90,603
2004-06-18T00:00:00.000+10:00,0.687,90,603
2004-06-19T00:00:00.000+10:00,0.685,90,603
2004-06-20T00:00:00.000+10:00,0.682,90,603
2004-06-21T00:00:00.000+10:00,0.680,90,603
2004-06-22T00:00:00.000+10:00,0.679,90,603
2004-06-23T00:00:00.000+10:00,0.677,90,603
2004-06-24T00:00:00.000+10:00,0.676,90,603
2004-06-25T00:00:00.000+10:00,0.674,90,603
2004-06-26T00:00:00.000+10:00,0.671,90,603
2004-06-27T00:00:00.000+10:00,0.669,90,603
2004-06-28T00:00:00.000+10:00,0.666,90,603
2004-06-29T00:00:00.000+10:00,0.664,90,603
2004-06-30T00:00:00.000+10:00,0.662,90,603
2004-07-01T00:00:00.000+10:00,0.659,90,603
2004-07-02T00:00:00.000+10:00,0.658,90,603
2004-07-03T00:00:00.000+10:00,0.656,90,603
2004-07-04T00:00:00.000+10:00,0.656,90,603
2004-07-05T00:00:00.000+10:00,0.655,90,603
2004-07-06T00:00:00.000+10:00,0.653,90,603
2004-07-07T00:00:00.000+10:00,0.652,10,603
2004-07-08T00:00:00.000+10:00,0.649,10,603
2004-07-09T00:00:00.000+10:00,0.647,10,603
2004-07-10T00:00:00.000+10:00,0.648,10,603
2004-07-11T00:00:00.000+10:00,0.650,10,603
2004-07-12T00:00:00.000+10:00,0.653,10,603
2004-07-13T00:00:00.000+10:00,0.653,10,603
2004-07-14T00:00:00.000+10:00,0.653,10,603
2004-07-15T00:00:00.000+10:00,0.651,10,603
2004-07-16T00:00:00.000+10:00,0.651,10,603
2004-07-17T00:00:00.000+10:00,0.650,10,603
2004-07-18T00:00:00.000+10:00,0.649,10,603
2004-07-19T00:00:00.000+10:00,0.647,10,603
2004-07-20T00:00:00.000+10:00,0.642,10,603
2004-07-21T00:00:00.000+10:00,0.639,10,603
2004-07-22T00:00:00.000+10:00,0.638,10,603
2004-07-23T00:00:00.000+10:00,0.635,10,603
2004-07-24T00:00:00.000+10:00,0.635,10,603
2004-07-25T00:00:00.000+10:00,0.632,10,603
2004-07-26T00:00:00.000+10:00,0.632,10,603
2004-07-27T00:00:00.000+10:00,0.652,10,603
2004-07-28T00:00:00.000+10:00,0.659,10,603
2004-07-29T00:00:00.000+10:00,0.652,10,603
2004-07-30T00:00:00.000+10:00,0.649,10,603
2004-07-31T00:00:00.000+10:00,0.652,10,603
2004-08-01T00:00:00.000+10:00,0.653,10,603
2004-08-02T00:00:00.000+10:00,0.651,10,603
2004-08-03T00:00:00.000+10:00,0.649,10,603
2004-08-04T00:00:00.000+10:00,0.645,10,603
2004-08-05T00:00:00.000+10:00,0.640,10,603
2004-08-06T00:00:00.000+10:00,0.638,10,603
2004-08-07T00:00:00.000+10:00,0.634,10,603
2004-08-08T00:00:00.000+10:00,0.632,10,603
2004-08-09T00:00:00.000+10:00,0.631,10,603
2004-08-10T00:00:00.000+10:00,0.627,10,603
2004-08-11T00:00:00.000+10:00,0.624,10,603
2004-08-12T00:00:00.000+10:00,0.623,10,603
2004-08-13T00:00:00.000+10:00,0.622,10,603
2004-08-14T00:00:00.000+10:00,0.620,10,603
2004-08-15T00:00:00.000+10:00,0.619,10,603
2004-08-16T00:00:00.000+10:00,0.617,10,603
2004-08-17T00:00:00.000+10:00,0.615,10,603
2004-08-18T00:00:00.000+10:00,0.617,10,603
2004-08-19T00:00:00.000+10:00,0.621,10,603
2004-08-20T00:00:00.000+10:00,0.618,10,603
2004-08-21T00:00:00.000+10:00,0.617,10,603
2004-08-22T00:00:00.000+10:00,0.617,10,603
2004-08-23T00:00:00.000+10:00,0.615,10,603
2004-08-24T00:00:00.000+10:00,0.617,10,603
2004-08-25T00:00:00.000+10:00,0.617,10,603
2004-08-26T00:00:00.000+10:00,0.617,10,603
2004-08-27T00:00:00.000+10:00,0.616,10,603
2004-08-28T00:00:00.000+10:00,0.617,10,603
2004-08-29T00:00:00.000+10:00,0.650,10,603
2004-08-30T00:00:00.000+10:00,0.653,10,603
2004-08-31T00:00:00.000+10:00,0.639,10,603
2004-09-01T00:00:00.000+10:00,0.631,10,603
2004-09-02T00:00:00.000+10:00,0.630,10,603
2004-09-03T00:00:00.000+10:00,0.629,10,603
2004-09-04T00:00:00.000+10:00,0.627,10,603
2004-09-05T00:00:00.000+10:00,0.626,10,603
2004-09-06T00:00:00.000+10:00,0.623,10,603
2004-09-07T00:00:00.000+10:00,0.623,10,603
2004-09-08T00:00:00.000+10:00,0.625,10,603
2004-09-09T00:00:00.000+10:00,0.689,10,603
2004-09-10T00:00:00.000+10:00,0.704,10,603
2004-09-11T00:00:00.000+10:00,0.680,10,603
2004-09-12T00:00:00.000+10:00,0.679,10,603
2004-09-13T00:00:00.000+10:00,0.678,10,603
2004-09-14T00:00:00.000+10:00,0.675,10,603
2004-09-15T00:00:00.000+10:00,0.671,10,603
2004-09-16T00:00:00.000+10:00,0.666,10,603
2004-09-17T00:00:00.000+10:00,0.661,10,603
2004-09-18T00:00:00.000+10:00,0.656,10,603
2004-09-19T00:00:00.000+10:00,0.652,10,603
2004-09-20T00:00:00.000+10:00,0.649,10,603
2004-09-21T00:00:00.000+10:00,0.644,10,603
2004-09-22T00:00:00.000+10:00,0.640,10,603
2004-09-23T00:00:00.000+10:00,0.637,10,603
2004-09-24T00:00:00.000+10:00,0.634,10,603
2004-09-25T00:00:00.000+10:00,0.632,10,603
2004-09-26T00:00:00.000+10:00,0.629,10,603
2004-09-27T00:00:00.000+10:00,0.625,10,603
2004-09-28T00:00:00.000+10:00,0.621,10,603
2004-09-29T00:00:00.000+10:00,0.621,10,603
2004-09-30T00:00:00.000+10:00,0.619,10,603
2004-10-01T00:00:00.000+10:00,0.627,10,603
2004-10-02T00:00:00.000+10:00,0.632,10,603
2004-10-03T00:00:00.000+10:00,0.640,10,603
2004-10-04T00:00:00.000+10:00,0.623,10,603
2004-10-05T00:00:00.000+10:00,0.620,10,603
2004-10-06T00:00:00.000+10:00,0.617,10,603
2004-10-07T00:00:00.000+10:00,0.614,10,603
2004-10-08T00:00:00.000+10:00,0.613,10,603
2004-10-09T00:00:00.000+10:00,0.612,10,603
2004-10-10T00:00:00.000+10:00,0.611,10,603
2004-10-11T00:00:00.000+10:00,0.610,10,603
2004-10-12T00:00:00.000+10:00,0.607,10,603
2004-10-13T00:00:00.000+10:00,0.604,10,603
2004-10-14T00:00:00.000+10:00,0.603,10,603
2004-10-15T00:00:00.000+10:00,0.598,10,603
2004-10-16T00:00:00.000+10:00,0.597,10,603
2004-10-17T00:00:00.000+10:00,0.606,10,603
2004-10-18T00:00:00.000+10:00,0.624,10,603
2004-10-19T00:00:00.000+10:00,1.056,10,603
2004-10-20T00:00:00.000+10:00,2.846,10,603
2004-10-21T00:00:00.000+10:00,1.482,10,603
2004-10-22T00:00:00.000+10:00,1.179,10,603
2004-10-23T00:00:00.000+10:00,1.061,10,603
2004-10-24T00:00:00.000+10:00,0.980,10,603
2004-10-25T00:00:00.000+10:00,0.922,10,603
2004-10-26T00:00:00.000+10:00,0.880,10,603
2004-10-27T00:00:00.000+10:00,0.848,10,603
2004-10-28T00:00:00.000+10:00,0.821,10,603
2004-10-29T00:00:00.000+10:00,0.795,10,603
2004-10-30T00:00:00.000+10:00,0.779,10,603
2004-10-31T00:00:00.000+10:00,0.766,10,603
2004-11-01T00:00:00.000+10:00,0.755,10,603
2004-11-02T00:00:00.000+10:00,0.745,10,603
2004-11-03T00:00:00.000+10:00,0.735,10,603
2004-11-04T00:00:00.000+10:00,0.727,10,603
2004-11-05T00:00:00.000+10:00,0.721,10,603
2004-11-06T00:00:00.000+10:00,0.717,10,603
2004-11-07T00:00:00.000+10:00,0.712,10,603
2004-11-08T00:00:00.000+10:00,0.719,10,603
2004-11-09T00:00:00.000+10:00,0.772,10,603
2004-11-10T00:00:00.000+10:00,0.934,10,603
2004-11-11T00:00:00.000+10:00,0.846,10,603
2004-11-12T00:00:00.000+10:00,0.809,10,603
2004-11-13T00:00:00.000+10:00,0.787,10,603
2004-11-14T00:00:00.000+10:00,0.770,10,603
2004-11-15T00:00:00.000+10:00,0.761,10,603
2004-11-16T00:00:00.000+10:00,0.755,10,603
2004-11-17T00:00:00.000+10:00,0.747,10,603
2004-11-18T00:00:00.000+10:00,0.742,10,603
2004-11-19T00:00:00.000+10:00,0.738,10,603
2004-11-20T00:00:00.000+10:00,0.734,10,603
2004-11-21T00:00:00.000+10:00,0.734,10,603
2004-11-22T00:00:00.000+10:00,0.849,10,603
2004-11-23T00:00:00.000+10:00,0.916,10,603
2004-11-24T00:00:00.000+10:00,0.833,10,603
2004-11-25T00:00:00.000+10:00,0.811,10,603
2004-11-26T00:00:00.000+10:00,0.791,10,603
2004-11-27T00:00:00.000+10:00,0.772,10,603
2004-11-28T00:00:00.000+10:00,0.759,10,603
2004-11-29T00:00:00.000+10:00,0.749,10,603
2004-11-30T00:00:00.000+10:00,0.740,10,603
2004-12-01T00:00:00.000+10:00,0.731,10,603
2004-12-02T00:00:00.000+10:00,0.725,10,603
2004-12-03T00:00:00.000+10:00,0.738,10,603
2004-12-04T00:00:00.000+10:00,0.776,10,603
2004-12-05T00:00:00.000+10:00,0.774,10,603
2004-12-06T00:00:00.000+10:00,0.764,10,603
2004-12-07T00:00:00.000+10:00,0.760,10,603
2004-12-08T00:00:00.000+10:00,0.757,10,603
2004-12-09T00:00:00.000+10:00,0.760,10,603
2004-12-10T00:00:00.000+10:00,0.775,10,603
2004-12-11T00:00:00.000+10:00,0.956,10,603
2004-12-12T00:00:00.000+10:00,0.909,10,603
2004-12-13T00:00:00.000+10:00,0.871,10,603
2004-12-14T00:00:00.000+10:00,0.856,10,603
2004-12-15T00:00:00.000+10:00,0.840,10,603
2004-12-16T00:00:00.000+10:00,0.825,10,603
2004-12-17T00:00:00.000+10:00,0.810,10,603
2004-12-18T00:00:00.000+10:00,0.818,10,603
2004-12-19T00:00:00.000+10:00,0.945,10,603
2004-12-20T00:00:00.000+10:00,1.029,10,603
2004-12-21T00:00:00.000+10:00,0.890,10,603
2004-12-22T00:00:00.000+10:00,0.845,10,603
2004-12-23T00:00:00.000+10:00,0.829,10,603
2004-12-24T00:00:00.000+10:00,0.838,10,603
2004-12-25T00:00:00.000+10:00,0.815,10,603
2004-12-26T00:00:00.000+10:00,0.812,10,603
2004-12-27T00:00:00.000+10:00,0.808,10,603
2004-12-28T00:00:00.000+10:00,0.796,10,603
2004-12-29T00:00:00.000+10:00,0.782,10,603
2004-12-30T00:00:00.000+10:00,0.771,10,603
2004-12-31T00:00:00.000+10:00,0.762,10,603
2005-01-01T00:00:00.000+10:00,0.756,10,603
2005-01-02T00:00:00.000+10:00,0.749,10,603
2005-01-03T00:00:00.000+10:00,0.743,10,603
2005-01-04T00:00:00.000+10:00,0.740,10,603
2005-01-05T00:00:00.000+10:00,0.736,10,603
2005-01-06T00:00:00.000+10:00,0.732,10,603
2005-01-07T00:00:00.000+10:00,0.730,10,603
2005-01-08T00:00:00.000+10:00,0.727,10,603
2005-01-09T00:00:00.000+10:00,0.727,10,603
2005-01-10T00:00:00.000+10:00,0.724,10,603
2005-01-11T00:00:00.000+10:00,0.722,10,603
2005-01-12T00:00:00.000+10:00,0.718,10,603
2005-01-13T00:00:00.000+10:00,0.716,10,603
2005-01-14T00:00:00.000+10:00,0.712,10,603
2005-01-15T00:00:00.000+10:00,0.708,10,603
2005-01-16T00:00:00.000+10:00,0.705,10,603
2005-01-17T00:00:00.000+10:00,0.709,10,603
2005-01-18T00:00:00.000+10:00,0.774,10,603
2005-01-19T00:00:00.000+10:00,0.808,10,603
2005-01-20T00:00:00.000+10:00,0.782,10,603
2005-01-21T00:00:00.000+10:00,0.764,10,603
2005-01-22T00:00:00.000+10:00,0.753,10,603
2005-01-23T00:00:00.000+10:00,0.757,10,603
2005-01-24T00:00:00.000+10:00,0.805,10,603
2005-01-25T00:00:00.000+10:00,1.408,10,603
2005-01-26T00:00:00.000+10:00,1.333,10,603
2005-01-27T00:00:00.000+10:00,1.652,10,603
2005-01-28T00:00:00.000+10:00,1.731,10,603
2005-01-29T00:00:00.000+10:00,1.404,10,603
2005-01-30T00:00:00.000+10:00,1.240,10,603
2005-01-31T00:00:00.000+10:00,1.144,10,603
2005-02-01T00:00:00.000+10:00,1.079,10,603
2005-02-02T00:00:00.000+10:00,1.028,10,603
2005-02-03T00:00:00.000+10:00,0.984,10,603
2005-02-04T00:00:00.000+10:00,0.943,10,603
2005-02-05T00:00:00.000+10:00,0.914,10,603
2005-02-06T00:00:00.000+10:00,0.890,10,603
2005-02-07T00:00:00.000+10:00,0.871,10,603
2005-02-08T00:00:00.000+10:00,0.856,10,603
2005-02-09T00:00:00.000+10:00,0.843,10,603
2005-02-10T00:00:00.000+10:00,0.841,10,603
2005-02-11T00:00:00.000+10:00,0.845,10,603
2005-02-12T00:00:00.000+10:00,0.826,10,603
2005-02-13T00:00:00.000+10:00,0.814,10,603
2005-02-14T00:00:00.000+10:00,0.829,10,603
2005-02-15T00:00:00.000+10:00,0.818,10,603
2005-02-16T00:00:00.000+10:00,0.806,10,603
2005-02-17T00:00:00.000+10:00,0.881,10,603
2005-02-18T00:00:00.000+10:00,1.377,10,603
2005-02-19T00:00:00.000+10:00,1.143,10,603
2005-02-20T00:00:00.000+10:00,1.054,10,603
2005-02-21T00:00:00.000+10:00,1.002,10,603
2005-02-22T00:00:00.000+10:00,0.964,10,603
2005-02-23T00:00:00.000+10:00,0.938,10,603
2005-02-24T00:00:00.000+10:00,0.914,10,603
2005-02-25T00:00:00.000+10:00,0.894,10,603
2005-02-26T00:00:00.000+10:00,0.877,10,603
2005-02-27T00:00:00.000+10:00,0.861,10,603
2005-02-28T00:00:00.000+10:00,0.850,10,603
2005-03-01T00:00:00.000+10:00,0.850,10,603
2005-03-02T00:00:00.000+10:00,0.837,10,603
2005-03-03T00:00:00.000+10:00,0.827,10,603
2005-03-04T00:00:00.000+10:00,0.818,10,603
2005-03-05T00:00:00.000+10:00,0.813,10,603
2005-03-06T00:00:00.000+10:00,0.806,10,603
2005-03-07T00:00:00.000+10:00,0.800,10,603
2005-03-08T00:00:00.000+10:00,0.796,10,603
2005-03-09T00:00:00.000+10:00,0.792,10,603
2005-03-10T00:00:00.000+10:00,0.790,10,603
2005-03-11T00:00:00.000+10:00,0.790,10,603
2005-03-12T00:00:00.000+10:00,0.791,10,603
2005-03-13T00:00:00.000+10:00,0.786,10,603
2005-03-14T00:00:00.000+10:00,0.789,10,603
2005-03-15T00:00:00.000+10:00,0.787,10,603
2005-03-16T00:00:00.000+10:00,0.785,10,603
2005-03-17T00:00:00.000+10:00,0.787,10,603
2005-03-18T00:00:00.000+10:00,0.902,10,603
2005-03-19T00:00:00.000+10:00,0.861,10,603
2005-03-20T00:00:00.000+10:00,0.838,10,603
2005-03-21T00:00:00.000+10:00,0.825,10,603
2005-03-22T00:00:00.000+10:00,0.816,10,603
2005-03-23T00:00:00.000+10:00,0.808,10,603
2005-03-24T00:00:00.000+10:00,0.802,10,603
2005-03-25T00:00:00.000+10:00,0.799,10,603
2005-03-26T00:00:00.000+10:00,0.795,10,603
2005-03-27T00:00:00.000+10:00,0.789,10,603
2005-03-28T00:00:00.000+10:00,0.786,10,603
2005-03-29T00:00:00.000+10:00,0.783,10,603
2005-03-30T00:00:00.000+10:00,0.780,10,603
2005-03-31T00:00:00.000+10:00,0.784,10,603
2005-04-01T00:00:00.000+10:00,0.783,10,603
2005-04-02T00:00:00.000+10:00,0.779,10,603
2005-04-03T00:00:00.000+10:00,0.775,10,603
2005-04-04T00:00:00.000+10:00,0.774,10,603
2005-04-05T00:00:00.000+10:00,0.778,10,603
2005-04-06T00:00:00.000+10:00,0.782,10,603
2005-04-07T00:00:00.000+10:00,0.788,10,603
2005-04-08T00:00:00.000+10:00,0.794,10,603
2005-04-09T00:00:00.000+10:00,0.794,10,603
2005-04-10T00:00:00.000+10:00,0.791,10,603
2005-04-11T00:00:00.000+10:00,0.789,10,603
2005-04-12T00:00:00.000+10:00,0.789,10,603
2005-04-13T00:00:00.000+10:00,0.788,10,603
2005-04-14T00:00:00.000+10:00,0.787,10,603
2005-04-15T00:00:00.000+10:00,0.786,10,603
2005-04-16T00:00:00.000+10:00,0.787,10,603
2005-04-17T00:00:00.000+10:00,0.792,10,603
2005-04-18T00:00:00.000+10:00,0.786,10,603
2005-04-19T00:00:00.000+10:00,0.782,10,603
2005-04-20T00:00:00.000+10:00,0.783,10,603
2005-04-21T00:00:00.000+10:00,0.802,10,603
2005-04-22T00:00:00.000+10:00,0.803,10,603
2005-04-23T00:00:00.000+10:00,0.802,10,603
2005-04-24T00:00:00.000+10:00,0.804,10,603
2005-04-25T00:00:00.000+10:00,0.804,10,603
2005-04-26T00:00:00.000+10:00,0.804,10,603
2005-04-27T00:00:00.000+10:00,0.806,10,603
2005-04-28T00:00:00.000+10:00,0.808,10,603
2005-04-29T00:00:00.000+10:00,0.810,10,603
2005-04-30T00:00:00.000+10:00,0.805,10,603
2005-05-01T00:00:00.000+10:00,0.803,10,603
2005-05-02T00:00:00.000+10:00,0.802,10,603
2005-05-03T00:00:00.000+10:00,0.802,10,603
2005-05-04T00:00:00.000+10:00,0.797,10,603
2005-05-05T00:00:00.000+10:00,0.794,10,603
2005-05-06T00:00:00.000+10:00,0.792,10,603
2005-05-07T00:00:00.000+10:00,0.790,10,603
2005-05-08T00:00:00.000+10:00,0.804,10,603
2005-05-09T00:00:00.000+10:00,0.808,10,603
2005-05-10T00:00:00.000+10:00,0.800,10,603
2005-05-11T00:00:00.000+10:00,0.798,10,603
2005-05-12T00:00:00.000+10:00,0.807,10,603
2005-05-13T00:00:00.000+10:00,1.263,10,603
2005-05-14T00:00:00.000+10:00,1.103,10,603
2005-05-15T00:00:00.000+10:00,1.005,10,603
2005-05-16T00:00:00.000+10:00,0.952,10,603
2005-05-17T00:00:00.000+10:00,0.920,10,603
2005-05-18T00:00:00.000+10:00,0.899,10,603
2005-05-19T00:00:00.000+10:00,0.880,10,603
2005-05-20T00:00:00.000+10:00,0.865,10,603
2005-05-21T00:00:00.000+10:00,0.854,10,603
2005-05-22T00:00:00.000+10:00,0.845,10,603
2005-05-23T00:00:00.000+10:00,0.836,10,603
2005-05-24T00:00:00.000+10:00,0.828,10,603
2005-05-25T00:00:00.000+10:00,0.822,10,603
2005-05-26T00:00:00.000+10:00,0.817,10,603
2005-05-27T00:00:00.000+10:00,0.811,10,603
2005-05-28T00:00:00.000+10:00,0.807,10,603
2005-05-29T00:00:00.000+10:00,0.804,10,603
2005-05-30T00:00:00.000+10:00,0.801,10,603
2005-05-31T00:00:00.000+10:00,0.800,10,603
2005-06-01T00:00:00.000+10:00,0.797,10,603
2005-06-02T00:00:00.000+10:00,0.796,10,603
2005-06-03T00:00:00.000+10:00,0.794,10,603
2005-06-04T00:00:00.000+10:00,0.793,10,603
2005-06-05T00:00:00.000+10:00,0.792,10,603
2005-06-06T00:00:00.000+10:00,0.791,10,603
2005-06-07T00:00:00.000+10:00,0.790,10,603
2005-06-08T00:00:00.000+10:00,0.789,10,603
2005-06-09T00:00:00.000+10:00,0.787,10,603
2005-06-10T00:00:00.000+10:00,0.785,10,603
2005-06-11T00:00:00.000+10:00,0.784,10,603
2005-06-12T00:00:00.000+10:00,0.782,10,603
2005-06-13T00:00:00.000+10:00,0.781,10,603
2005-06-14T00:00:00.000+10:00,0.781,10,603
2005-06-15T00:00:00.000+10:00,0.780,10,603
2005-06-16T00:00:00.000+10:00,0.777,10,603
2005-06-17T00:00:00.000+10:00,0.775,10,603
2005-06-18T00:00:00.000+10:00,0.772,10,603
2005-06-19T00:00:00.000+10:00,0.771,10,603
2005-06-20T00:00:00.000+10:00,0.770,10,603
2005-06-21T00:00:00.000+10:00,0.768,10,603
2005-06-22T00:00:00.000+10:00,0.766,10,603
2005-06-23T00:00:00.000+10:00,0.763,10,603
2005-06-24T00:00:00.000+10:00,0.759,10,603
2005-06-25T00:00:00.000+10:00,0.757,10,603
2005-06-26T00:00:00.000+10:00,0.756,10,603
2005-06-27T00:00:00.000+10:00,0.759,10,603
2005-06-28T00:00:00.000+10:00,0.767,10,603
2005-06-29T00:00:00.000+10:00,1.289,10,603
2005-06-30T00:00:00.000+10:00,2.853,10,603
2005-07-01T00:00:00.000+10:00,1.641,10,603
2005-07-02T00:00:00.000+10:00,1.291,10,603
2005-07-03T00:00:00.000+10:00,1.151,10,603
2005-07-04T00:00:00.000+10:00,1.076,10,603
2005-07-05T00:00:00.000+10:00,1.025,10,603
2005-07-06T00:00:00.000+10:00,0.986,10,603
2005-07-07T00:00:00.000+10:00,0.954,10,603
2005-07-08T00:00:00.000+10:00,0.929,10,603
2005-07-09T00:00:00.000+10:00,0.910,10,603
2005-07-10T00:00:00.000+10:00,0.890,10,603
2005-07-11T00:00:00.000+10:00,0.869,10,603
2005-07-12T00:00:00.000+10:00,0.856,10,603
2005-07-13T00:00:00.000+10:00,0.849,10,603
2005-07-14T00:00:00.000+10:00,0.842,10,603
2005-07-15T00:00:00.000+10:00,0.833,10,603
2005-07-16T00:00:00.000+10:00,0.825,10,603
2005-07-17T00:00:00.000+10:00,0.816,10,603
2005-07-18T00:00:00.000+10:00,0.808,10,603
2005-07-19T00:00:00.000+10:00,0.802,10,603
2005-07-20T00:00:00.000+10:00,0.796,10,603
2005-07-21T00:00:00.000+10:00,0.792,10,603
2005-07-22T00:00:00.000+10:00,0.793,10,603
2005-07-23T00:00:00.000+10:00,0.788,10,603
2005-07-24T00:00:00.000+10:00,0.784,10,603
2005-07-25T00:00:00.000+10:00,0.781,10,603
2005-07-26T00:00:00.000+10:00,0.778,10,603
2005-07-27T00:00:00.000+10:00,0.775,10,603
2005-07-28T00:00:00.000+10:00,0.773,10,603
2005-07-29T00:00:00.000+10:00,0.771,10,603
2005-07-30T00:00:00.000+10:00,0.770,10,603
2005-07-31T00:00:00.000+10:00,0.769,10,603
2005-08-01T00:00:00.000+10:00,0.767,10,603
2005-08-02T00:00:00.000+10:00,0.766,10,603
2005-08-03T00:00:00.000+10:00,0.765,10,603
2005-08-04T00:00:00.000+10:00,0.764,10,603
2005-08-05T00:00:00.000+10:00,0.763,10,603
2005-08-06T00:00:00.000+10:00,0.760,10,603
2005-08-07T00:00:00.000+10:00,0.758,10,603
2005-08-08T00:00:00.000+10:00,0.756,10,603
2005-08-09T00:00:00.000+10:00,0.755,10,603
2005-08-10T00:00:00.000+10:00,0.753,10,603
2005-08-11T00:00:00.000+10:00,0.749,10,603
2005-08-12T00:00:00.000+10:00,0.747,10,603
2005-08-13T00:00:00.000+10:00,0.745,10,603
2005-08-14T00:00:00.000+10:00,0.742,10,603
2005-08-15T00:00:00.000+10:00,0.741,10,603
2005-08-16T00:00:00.000+10:00,0.739,10,603
2005-08-17T00:00:00.000+10:00,0.737,10,603
2005-08-18T00:00:00.000+10:00,0.736,10,603
2005-08-19T00:00:00.000+10:00,0.733,10,603
2005-08-20T00:00:00.000+10:00,0.731,10,603
2005-08-21T00:00:00.000+10:00,0.727,10,603
2005-08-22T00:00:00.000+10:00,0.723,10,603
2005-08-23T00:00:00.000+10:00,0.719,10,603
2005-08-24T00:00:00.000+10:00,0.717,10,603
2005-08-25T00:00:00.000+10:00,0.714,10,603
2005-08-26T00:00:00.000+10:00,0.711,10,603
2005-08-27T00:00:00.000+10:00,0.710,10,603
2005-08-28T00:00:00.000+10:00,0.709,10,603
2005-08-29T00:00:00.000+10:00,0.713,10,603
2005-08-30T00:00:00.000+10:00,0.712,10,603
2005-08-31T00:00:00.000+10:00,0.710,10,603
2005-09-01T00:00:00.000+10:00,0.708,10,603
2005-09-02T00:00:00.000+10:00,0.711,10,603
2005-09-03T00:00:00.000+10:00,0.714,10,603
2005-09-04T00:00:00.000+10:00,0.761,10,603
2005-09-05T00:00:00.000+10:00,0.765,10,603
2005-09-06T00:00:00.000+10:00,0.755,10,603
2005-09-07T00:00:00.000+10:00,0.750,10,603
2005-09-08T00:00:00.000+10:00,0.744,10,603
2005-09-09T00:00:00.000+10:00,0.740,10,603
2005-09-10T00:00:00.000+10:00,0.737,10,603
2005-09-11T00:00:00.000+10:00,0.733,10,603
2005-09-12T00:00:00.000+10:00,0.730,10,603
2005-09-13T00:00:00.000+10:00,0.727,10,603
2005-09-14T00:00:00.000+10:00,0.726,10,603
2005-09-15T00:00:00.000+10:00,0.723,10,603
2005-09-16T00:00:00.000+10:00,0.722,10,603
2005-09-17T00:00:00.000+10:00,0.723,10,603
2005-09-18T00:00:00.000+10:00,0.719,10,603
2005-09-19T00:00:00.000+10:00,0.715,10,603
2005-09-20T00:00:00.000+10:00,0.712,10,603
2005-09-21T00:00:00.000+10:00,0.709,10,603
2005-09-22T00:00:00.000+10:00,0.706,10,603
2005-09-23T00:00:00.000+10:00,0.703,10,603
2005-09-24T00:00:00.000+10:00,0.699,10,603
2005-09-25T00:00:00.000+10:00,0.696,10,603
2005-09-26T00:00:00.000+10:00,0.695,10,603
2005-09-27T00:00:00.000+10:00,0.699,10,603
2005-09-28T00:00:00.000+10:00,0.771,10,603
2005-09-29T00:00:00.000+10:00,0.736,10,603
2005-09-30T00:00:00.000+10:00,0.723,10,603
2005-10-01T00:00:00.000+10:00,0.721,10,603
2005-10-02T00:00:00.000+10:00,0.716,110,603
2005-10-03T00:00:00.000+10:00,0.713,110,603
2005-10-04T00:00:00.000+10:00,0.711,110,603
2005-10-05T00:00:00.000+10:00,0.709,110,603
2005-10-06T00:00:00.000+10:00,0.707,110,603
2005-10-07T00:00:00.000+10:00,0.704,110,603
2005-10-08T00:00:00.000+10:00,0.702,110,603
2005-10-09T00:00:00.000+10:00,0.700,110,603
2005-10-10T00:00:00.000+10:00,0.698,110,603
2005-10-11T00:00:00.000+10:00,0.695,110,603
2005-10-12T00:00:00.000+10:00,0.693,110,603
2005-10-13T00:00:00.000+10:00,0.691,110,603
2005-10-14T00:00:00.000+10:00,0.689,110,603
2005-10-15T00:00:00.000+10:00,0.687,110,603
2005-10-16T00:00:00.000+10:00,0.694,110,603
2005-10-17T00:00:00.000+10:00,0.707,110,603
2005-10-18T00:00:00.000+10:00,0.705,110,603
2005-10-19T00:00:00.000+10:00,0.703,110,603
2005-10-20T00:00:00.000+10:00,0.718,110,603
2005-10-21T00:00:00.000+10:00,0.736,110,603
2005-10-22T00:00:00.000+10:00,0.727,110,603
2005-10-23T00:00:00.000+10:00,0.720,110,603
2005-10-24T00:00:00.000+10:00,0.725,110,603
2005-10-25T00:00:00.000+10:00,0.746,110,603
2005-10-26T00:00:00.000+10:00,0.740,110,603
2005-10-27T00:00:00.000+10:00,0.786,110,603
2005-10-28T00:00:00.000+10:00,0.829,110,603
2005-10-29T00:00:00.000+10:00,0.811,10,603
2005-10-30T00:00:00.000+10:00,0.872,10,603
2005-10-31T00:00:00.000+10:00,0.969,10,603
2005-11-01T00:00:00.000+10:00,1.092,10,603
2005-11-02T00:00:00.000+10:00,0.950,10,603
2005-11-03T00:00:00.000+10:00,0.892,10,603
2005-11-04T00:00:00.000+10:00,0.860,10,603
2005-11-05T00:00:00.000+10:00,0.850,10,603
2005-11-06T00:00:00.000+10:00,1.030,10,603
2005-11-07T00:00:00.000+10:00,0.936,10,603
2005-11-08T00:00:00.000+10:00,0.897,10,603
2005-11-09T00:00:00.000+10:00,0.875,10,603
2005-11-10T00:00:00.000+10:00,0.857,10,603
2005-11-11T00:00:00.000+10:00,0.839,10,603
2005-11-12T00:00:00.000+10:00,0.825,10,603
2005-11-13T00:00:00.000+10:00,0.814,10,603
2005-11-14T00:00:00.000+10:00,0.803,10,603
2005-11-15T00:00:00.000+10:00,0.795,10,603
2005-11-16T00:00:00.000+10:00,0.783,10,603
2005-11-17T00:00:00.000+10:00,0.776,10,603
2005-11-18T00:00:00.000+10:00,0.771,10,603
2005-11-19T00:00:00.000+10:00,0.768,10,603
2005-11-20T00:00:00.000+10:00,0.765,10,603
2005-11-21T00:00:00.000+10:00,0.760,10,603
2005-11-22T00:00:00.000+10:00,0.760,10,603
2005-11-23T00:00:00.000+10:00,0.773,10,603
2005-11-24T00:00:00.000+10:00,0.761,10,603
2005-11-25T00:00:00.000+10:00,0.829,10,603
2005-11-26T00:00:00.000+10:00,0.926,10,603
2005-11-27T00:00:00.000+10:00,0.858,10,603
2005-11-28T00:00:00.000+10:00,0.845,10,603
2005-11-29T00:00:00.000+10:00,0.836,10,603
2005-11-30T00:00:00.000+10:00,0.835,10,603
2005-12-01T00:00:00.000+10:00,0.907,10,603
2005-12-02T00:00:00.000+10:00,1.167,10,603
2005-12-03T00:00:00.000+10:00,1.033,10,603
2005-12-04T00:00:00.000+10:00,0.969,10,603
2005-12-05T00:00:00.000+10:00,0.929,10,603
2005-12-06T00:00:00.000+10:00,0.900,10,603
2005-12-07T00:00:00.000+10:00,0.878,10,603
2005-12-08T00:00:00.000+10:00,0.863,10,603
2005-12-09T00:00:00.000+10:00,0.846,10,603
2005-12-10T00:00:00.000+10:00,0.835,10,603
2005-12-11T00:00:00.000+10:00,0.825,10,603
2005-12-12T00:00:00.000+10:00,0.818,10,603
2005-12-13T00:00:00.000+10:00,0.816,10,603
2005-12-14T00:00:00.000+10:00,0.812,10,603
2005-12-15T00:00:00.000+10:00,0.807,10,603
2005-12-16T00:00:00.000+10:00,0.810,10,603
2005-12-17T00:00:00.000+10:00,0.806,10,603
2005-12-18T00:00:00.000+10:00,0.783,10,603
2005-12-19T00:00:00.000+10:00,0.769,10,603
2005-12-20T00:00:00.000+10:00,0.761,10,603
2005-12-21T00:00:00.000+10:00,0.756,10,603
2005-12-22T00:00:00.000+10:00,0.751,10,603
2005-12-23T00:00:00.000+10:00,0.747,10,603
2005-12-24T00:00:00.000+10:00,0.738,10,603
2005-12-25T00:00:00.000+10:00,0.727,10,603
2005-12-26T00:00:00.000+10:00,0.724,10,603
2005-12-27T00:00:00.000+10:00,0.722,10,603
2005-12-28T00:00:00.000+10:00,0.720,10,603
2005-12-29T00:00:00.000+10:00,0.724,10,603
2005-12-30T00:00:00.000+10:00,0.716,10,603
2005-12-31T00:00:00.000+10:00,0.712,10,603
2006-01-01T00:00:00.000+10:00,0.703,10,603
2006-01-02T00:00:00.000+10:00,0.692,10,603
2006-01-03T00:00:00.000+10:00,0.684,10,603
2006-01-04T00:00:00.000+10:00,0.678,10,603
2006-01-05T00:00:00.000+10:00,0.678,10,603
2006-01-06T00:00:00.000+10:00,0.750,10,603
2006-01-07T00:00:00.000+10:00,2.190,10,603
2006-01-08T00:00:00.000+10:00,1.943,10,603
2006-01-09T00:00:00.000+10:00,1.945,10,603
2006-01-10T00:00:00.000+10:00,1.948,10,603
2006-01-11T00:00:00.000+10:00,1.559,10,603
2006-01-12T00:00:00.000+10:00,1.327,10,603
2006-01-13T00:00:00.000+10:00,1.201,10,603
2006-01-14T00:00:00.000+10:00,1.131,10,603
2006-01-15T00:00:00.000+10:00,1.068,10,603
2006-01-16T00:00:00.000+10:00,1.026,10,603
2006-01-17T00:00:00.000+10:00,0.982,10,603
2006-01-18T00:00:00.000+10:00,0.987,10,603
2006-01-19T00:00:00.000+10:00,1.165,10,603
2006-01-20T00:00:00.000+10:00,1.415,10,603
2006-01-21T00:00:00.000+10:00,1.343,10,603
2006-01-22T00:00:00.000+10:00,1.223,10,603
2006-01-23T00:00:00.000+10:00,1.149,10,603
2006-01-24T00:00:00.000+10:00,1.094,10,603
2006-01-25T00:00:00.000+10:00,1.080,10,603
2006-01-26T00:00:00.000+10:00,1.058,10,603
2006-01-27T00:00:00.000+10:00,1.016,10,603
2006-01-28T00:00:00.000+10:00,0.984,10,603
2006-01-29T00:00:00.000+10:00,0.958,10,603
2006-01-30T00:00:00.000+10:00,0.933,10,603
2006-01-31T00:00:00.000+10:00,0.910,10,603
2006-02-01T00:00:00.000+10:00,0.890,10,603
2006-02-02T00:00:00.000+10:00,0.871,10,603
2006-02-03T00:00:00.000+10:00,0.854,10,603
2006-02-04T00:00:00.000+10:00,0.842,10,603
2006-02-05T00:00:00.000+10:00,0.841,10,603
2006-02-06T00:00:00.000+10:00,0.825,10,603
2006-02-07T00:00:00.000+10:00,0.811,10,603
2006-02-08T00:00:00.000+10:00,0.801,10,603
2006-02-09T00:00:00.000+10:00,0.795,10,603
2006-02-10T00:00:00.000+10:00,0.788,10,603
2006-02-11T00:00:00.000+10:00,0.784,10,603
2006-02-12T00:00:00.000+10:00,0.798,10,603
2006-02-13T00:00:00.000+10:00,0.831,10,603
2006-02-14T00:00:00.000+10:00,0.798,10,603
2006-02-15T00:00:00.000+10:00,0.845,10,603
2006-02-16T00:00:00.000+10:00,0.994,10,603
2006-02-17T00:00:00.000+10:00,1.059,10,603
2006-02-18T00:00:00.000+10:00,1.004,10,603
2006-02-19T00:00:00.000+10:00,0.957,10,603
2006-02-20T00:00:00.000+10:00,0.919,10,603
2006-02-21T00:00:00.000+10:00,0.892,10,603
2006-02-22T00:00:00.000+10:00,0.885,10,603
2006-02-23T00:00:00.000+10:00,0.880,10,603
2006-02-24T00:00:00.000+10:00,0.881,10,603
2006-02-25T00:00:00.000+10:00,0.935,10,603
2006-02-26T00:00:00.000+10:00,0.893,10,603
2006-02-27T00:00:00.000+10:00,0.870,10,603
2006-02-28T00:00:00.000+10:00,0.919,10,603
2006-03-01T00:00:00.000+10:00,1.165,10,603
2006-03-02T00:00:00.000+10:00,1.538,10,603
2006-03-03T00:00:00.000+10:00,3.113,10,603
2006-03-04T00:00:00.000+10:00,2.043,10,603
2006-03-05T00:00:00.000+10:00,1.763,10,603
2006-03-06T00:00:00.000+10:00,1.653,10,603
2006-03-07T00:00:00.000+10:00,1.517,10,603
2006-03-08T00:00:00.000+10:00,1.388,10,603
2006-03-09T00:00:00.000+10:00,1.297,10,603
2006-03-10T00:00:00.000+10:00,1.226,10,603
2006-03-11T00:00:00.000+10:00,1.175,10,603
2006-03-12T00:00:00.000+10:00,1.131,10,603
2006-03-13T00:00:00.000+10:00,1.085,10,603
2006-03-14T00:00:00.000+10:00,1.050,10,603
2006-03-15T00:00:00.000+10:00,1.023,10,603
2006-03-16T00:00:00.000+10:00,0.998,10,603
2006-03-17T00:00:00.000+10:00,0.977,10,603
2006-03-18T00:00:00.000+10:00,0.959,10,603
2006-03-19T00:00:00.000+10:00,0.944,10,603
2006-03-20T00:00:00.000+10:00,0.935,10,603
2006-03-21T00:00:00.000+10:00,1.013,10,603
2006-03-22T00:00:00.000+10:00,1.023,10,603
2006-03-23T00:00:00.000+10:00,1.055,10,603
2006-03-24T00:00:00.000+10:00,1.830,10,603
2006-03-25T00:00:00.000+10:00,1.628,10,603
2006-03-26T00:00:00.000+10:00,1.424,10,603
2006-03-27T00:00:00.000+10:00,1.299,10,603
2006-03-28T00:00:00.000+10:00,1.217,10,603
2006-03-29T00:00:00.000+10:00,1.162,10,603
2006-03-30T00:00:00.000+10:00,1.121,10,603
2006-03-31T00:00:00.000+10:00,1.111,10,603
2006-04-01T00:00:00.000+10:00,1.082,10,603
2006-04-02T00:00:00.000+10:00,1.045,10,603
2006-04-03T00:00:00.000+10:00,1.021,10,603
2006-04-04T00:00:00.000+10:00,1.003,10,603
2006-04-05T00:00:00.000+10:00,0.985,10,603
2006-04-06T00:00:00.000+10:00,0.968,10,603
2006-04-07T00:00:00.000+10:00,0.951,10,603
2006-04-08T00:00:00.000+10:00,0.937,10,603
2006-04-09T00:00:00.000+10:00,0.927,10,603
2006-04-10T00:00:00.000+10:00,0.916,10,603
2006-04-11T00:00:00.000+10:00,0.907,10,603
2006-04-12T00:00:00.000+10:00,0.898,10,603
2006-04-13T00:00:00.000+10:00,0.891,10,603
2006-04-14T00:00:00.000+10:00,0.885,10,603
2006-04-15T00:00:00.000+10:00,0.878,10,603
2006-04-16T00:00:00.000+10:00,0.870,10,603
2006-04-17T00:00:00.000+10:00,0.864,10,603
2006-04-18T00:00:00.000+10:00,0.859,10,603
2006-04-19T00:00:00.000+10:00,0.855,10,603
2006-04-20T00:00:00.000+10:00,0.851,10,603
2006-04-21T00:00:00.000+10:00,0.849,10,603
2006-04-22T00:00:00.000+10:00,0.845,10,603
2006-04-23T00:00:00.000+10:00,0.840,10,603
2006-04-24T00:00:00.000+10:00,0.837,10,603
2006-04-25T00:00:00.000+10:00,0.833,10,603
2006-04-26T00:00:00.000+10:00,0.830,10,603
2006-04-27T00:00:00.000+10:00,0.827,10,603
2006-04-28T00:00:00.000+10:00,0.824,10,603
2006-04-29T00:00:00.000+10:00,0.822,10,603
2006-04-30T00:00:00.000+10:00,0.829,10,603
2006-05-01T00:00:00.000+10:00,0.858,10,603
2006-05-02T00:00:00.000+10:00,0.835,10,603
2006-05-03T00:00:00.000+10:00,0.825,10,603
2006-05-04T00:00:00.000+10:00,0.820,10,603
2006-05-05T00:00:00.000+10:00,0.815,10,603
2006-05-06T00:00:00.000+10:00,0.811,10,603
2006-05-07T00:00:00.000+10:00,0.809,10,603
2006-05-08T00:00:00.000+10:00,0.806,10,603
2006-05-09T00:00:00.000+10:00,0.803,10,603
2006-05-10T00:00:00.000+10:00,0.801,10,603
2006-05-11T00:00:00.000+10:00,0.799,10,603
2006-05-12T00:00:00.000+10:00,0.799,10,603
2006-05-13T00:00:00.000+10:00,0.798,10,603
2006-05-14T00:00:00.000+10:00,0.796,10,603
2006-05-15T00:00:00.000+10:00,0.794,10,603
2006-05-16T00:00:00.000+10:00,0.798,10,603
2006-05-17T00:00:00.000+10:00,0.798,10,603
2006-05-18T00:00:00.000+10:00,0.795,10,603
2006-05-19T00:00:00.000+10:00,0.793,10,603
2006-05-20T00:00:00.000+10:00,0.791,10,603
2006-05-21T00:00:00.000+10:00,0.788,10,603
2006-05-22T00:00:00.000+10:00,0.788,10,603
2006-05-23T00:00:00.000+10:00,0.787,10,603
2006-05-24T00:00:00.000+10:00,0.786,10,603
2006-05-25T00:00:00.000+10:00,0.785,10,603
2006-05-26T00:00:00.000+10:00,0.783,10,603
2006-05-27T00:00:00.000+10:00,0.784,10,603
2006-05-28T00:00:00.000+10:00,0.781,10,603
2006-05-29T00:00:00.000+10:00,0.778,10,603
2006-05-30T00:00:00.000+10:00,0.777,10,603
2006-05-31T00:00:00.000+10:00,0.775,10,603
2006-06-01T00:00:00.000+10:00,0.774,10,603
2006-06-02T00:00:00.000+10:00,0.773,10,603
2006-06-03T00:00:00.000+10:00,0.772,10,603
2006-06-04T00:00:00.000+10:00,0.769,10,603
2006-06-05T00:00:00.000+10:00,0.768,10,603
2006-06-06T00:00:00.000+10:00,0.765,10,603
2006-06-07T00:00:00.000+10:00,0.764,10,603
2006-06-08T00:00:00.000+10:00,0.763,10,603
2006-06-09T00:00:00.000+10:00,0.760,10,603
2006-06-10T00:00:00.000+10:00,0.776,10,603
2006-06-11T00:00:00.000+10:00,0.836,10,603
2006-06-12T00:00:00.000+10:00,0.821,10,603
2006-06-13T00:00:00.000+10:00,0.800,10,603
2006-06-14T00:00:00.000+10:00,0.790,10,603
2006-06-15T00:00:00.000+10:00,0.785,10,603
2006-06-16T00:00:00.000+10:00,0.783,10,603
2006-06-17T00:00:00.000+10:00,0.781,10,603
2006-06-18T00:00:00.000+10:00,0.779,10,603
2006-06-19T00:00:00.000+10:00,0.780,10,603
2006-06-20T00:00:00.000+10:00,0.781,10,603
2006-06-21T00:00:00.000+10:00,0.788,10,603
2006-06-22T00:00:00.000+10:00,0.792,10,603
2006-06-23T00:00:00.000+10:00,0.790,10,603
2006-06-24T00:00:00.000+10:00,0.793,10,603
2006-06-25T00:00:00.000+10:00,0.790,10,603
2006-06-26T00:00:00.000+10:00,0.788,10,603
2006-06-27T00:00:00.000+10:00,0.787,10,603
2006-06-28T00:00:00.000+10:00,0.786,10,603
2006-06-29T00:00:00.000+10:00,0.784,10,603
2006-06-30T00:00:00.000+10:00,0.782,10,603
2006-07-01T00:00:00.000+10:00,0.780,10,603
2006-07-02T00:00:00.000+10:00,0.778,10,603
2006-07-03T00:00:00.000+10:00,0.776,10,603
2006-07-04T00:00:00.000+10:00,0.776,10,603
2006-07-05T00:00:00.000+10:00,0.775,10,603
2006-07-06T00:00:00.000+10:00,0.775,10,603
2006-07-07T00:00:00.000+10:00,0.775,10,603
2006-07-08T00:00:00.000+10:00,0.774,10,603
2006-07-09T00:00:00.000+10:00,0.773,10,603
2006-07-10T00:00:00.000+10:00,0.771,10,603
2006-07-11T00:00:00.000+10:00,0.769,10,603
2006-07-12T00:00:00.000+10:00,0.767,10,603
2006-07-13T00:00:00.000+10:00,0.765,10,603
2006-07-14T00:00:00.000+10:00,0.763,10,603
2006-07-15T00:00:00.000+10:00,0.765,10,603
2006-07-16T00:00:00.000+10:00,0.784,10,603
2006-07-17T00:00:00.000+10:00,0.778,10,603
2006-07-18T00:00:00.000+10:00,0.773,10,603
2006-07-19T00:00:00.000+10:00,0.771,10,603
2006-07-20T00:00:00.000+10:00,0.768,10,603
2006-07-21T00:00:00.000+10:00,0.765,10,603
2006-07-22T00:00:00.000+10:00,0.764,10,603
2006-07-23T00:00:00.000+10:00,0.764,10,603
2006-07-24T00:00:00.000+10:00,0.764,10,603
2006-07-25T00:00:00.000+10:00,0.769,10,603
2006-07-26T00:00:00.000+10:00,0.776,10,603
2006-07-27T00:00:00.000+10:00,0.777,10,603
2006-07-28T00:00:00.000+10:00,0.780,10,603
2006-07-29T00:00:00.000+10:00,0.786,10,603
2006-07-30T00:00:00.000+10:00,0.782,10,603
2006-07-31T00:00:00.000+10:00,0.780,10,603
2006-08-01T00:00:00.000+10:00,0.778,10,603
2006-08-02T00:00:00.000+10:00,0.775,10,603
2006-08-03T00:00:00.000+10:00,0.773,10,603
2006-08-04T00:00:00.000+10:00,0.771,10,603
2006-08-05T00:00:00.000+10:00,0.832,10,603
2006-08-06T00:00:00.000+10:00,0.994,10,603
2006-08-07T00:00:00.000+10:00,0.891,10,603
2006-08-08T00:00:00.000+10:00,0.859,10,603
2006-08-09T00:00:00.000+10:00,0.842,10,603
2006-08-10T00:00:00.000+10:00,0.831,10,603
2006-08-11T00:00:00.000+10:00,0.823,10,603
2006-08-12T00:00:00.000+10:00,0.816,10,603
2006-08-13T00:00:00.000+10:00,0.813,10,603
2006-08-14T00:00:00.000+10:00,0.810,10,603
2006-08-15T00:00:00.000+10:00,0.807,10,603
2006-08-16T00:00:00.000+10:00,0.803,10,603
2006-08-17T00:00:00.000+10:00,0.800,10,603
2006-08-18T00:00:00.000+10:00,0.797,10,603
2006-08-19T00:00:00.000+10:00,0.794,10,603
2006-08-20T00:00:00.000+10:00,0.791,10,603
2006-08-21T00:00:00.000+10:00,0.787,10,603
2006-08-22T00:00:00.000+10:00,0.784,10,603
2006-08-23T00:00:00.000+10:00,0.780,10,603
2006-08-24T00:00:00.000+10:00,0.776,10,603
2006-08-25T00:00:00.000+10:00,0.774,10,603
2006-08-26T00:00:00.000+10:00,0.771,10,603
2006-08-27T00:00:00.000+10:00,0.768,10,603
2006-08-28T00:00:00.000+10:00,0.777,10,603
2006-08-29T00:00:00.000+10:00,1.118,10,603
2006-08-30T00:00:00.000+10:00,2.006,10,603
2006-08-31T00:00:00.000+10:00,1.497,10,603
2006-09-01T00:00:00.000+10:00,1.260,10,603
2006-09-02T00:00:00.000+10:00,1.137,10,603
2006-09-03T00:00:00.000+10:00,1.066,10,603
2006-09-04T00:00:00.000+10:00,1.016,10,603
2006-09-05T00:00:00.000+10:00,0.979,10,603
2006-09-06T00:00:00.000+10:00,0.950,10,603
2006-09-07T00:00:00.000+10:00,0.928,10,603
2006-09-08T00:00:00.000+10:00,0.908,10,603
2006-09-09T00:00:00.000+10:00,0.924,10,603
2006-09-10T00:00:00.000+10:00,1.240,10,603
2006-09-11T00:00:00.000+10:00,1.514,10,603
2006-09-12T00:00:00.000+10:00,1.381,10,603
2006-09-13T00:00:00.000+10:00,1.249,10,603
2006-09-14T00:00:00.000+10:00,1.161,10,603
2006-09-15T00:00:00.000+10:00,1.101,10,603
2006-09-16T00:00:00.000+10:00,1.058,10,603
2006-09-17T00:00:00.000+10:00,1.025,10,603
2006-09-18T00:00:00.000+10:00,0.998,10,603
2006-09-19T00:00:00.000+10:00,0.975,10,603
2006-09-20T00:00:00.000+10:00,0.956,10,603
2006-09-21T00:00:00.000+10:00,0.941,10,603
2006-09-22T00:00:00.000+10:00,0.927,10,603
2006-09-23T00:00:00.000+10:00,0.915,10,603
2006-09-24T00:00:00.000+10:00,0.906,10,603
2006-09-25T00:00:00.000+10:00,0.896,10,603
2006-09-26T00:00:00.000+10:00,0.889,10,603
2006-09-27T00:00:00.000+10:00,0.887,10,603
2006-09-28T00:00:00.000+10:00,0.888,10,603
2006-09-29T00:00:00.000+10:00,0.878,10,603
2006-09-30T00:00:00.000+10:00,0.871,10,603
2006-10-01T00:00:00.000+10:00,0.864,10,603
2006-10-02T00:00:00.000+10:00,0.857,10,603
2006-10-03T00:00:00.000+10:00,0.852,10,603
2006-10-04T00:00:00.000+10:00,0.848,10,603
2006-10-05T00:00:00.000+10:00,0.847,10,603
2006-10-06T00:00:00.000+10:00,0.845,10,603
2006-10-07T00:00:00.000+10:00,0.843,10,603
2006-10-08T00:00:00.000+10:00,0.842,10,603
2006-10-09T00:00:00.000+10:00,0.838,10,603
2006-10-10T00:00:00.000+10:00,0.838,10,603
2006-10-11T00:00:00.000+10:00,0.837,10,603
2006-10-12T00:00:00.000+10:00,0.832,10,603
2006-10-13T00:00:00.000+10:00,0.828,10,603
2006-10-14T00:00:00.000+10:00,0.826,10,603
2006-10-15T00:00:00.000+10:00,0.822,10,603
2006-10-16T00:00:00.000+10:00,0.822,10,603
2006-10-17T00:00:00.000+10:00,0.832,10,603
2006-10-18T00:00:00.000+10:00,0.842,10,603
2006-10-19T00:00:00.000+10:00,0.836,10,603
2006-10-20T00:00:00.000+10:00,0.836,10,603
2006-10-21T00:00:00.000+10:00,0.932,10,603
2006-10-22T00:00:00.000+10:00,0.905,10,603
2006-10-23T00:00:00.000+10:00,0.886,10,603
2006-10-24T00:00:00.000+10:00,0.877,10,603
2006-10-25T00:00:00.000+10:00,0.870,10,603
2006-10-26T00:00:00.000+10:00,0.864,10,603
2006-10-27T00:00:00.000+10:00,0.861,10,603
2006-10-28T00:00:00.000+10:00,0.858,10,603
2006-10-29T00:00:00.000+10:00,0.850,10,603
2006-10-30T00:00:00.000+10:00,0.844,10,603
2006-10-31T00:00:00.000+10:00,0.840,10,603
2006-11-01T00:00:00.000+10:00,0.836,10,603
2006-11-02T00:00:00.000+10:00,0.835,10,603
2006-11-03T00:00:00.000+10:00,0.840,10,603
2006-11-04T00:00:00.000+10:00,0.927,10,603
2006-11-05T00:00:00.000+10:00,0.979,10,603
2006-11-06T00:00:00.000+10:00,0.947,10,603
2006-11-07T00:00:00.000+10:00,1.007,10,603
2006-11-08T00:00:00.000+10:00,0.982,10,603
2006-11-09T00:00:00.000+10:00,1.124,10,603
2006-11-10T00:00:00.000+10:00,1.123,10,603
2006-11-11T00:00:00.000+10:00,1.084,10,603
2006-11-12T00:00:00.000+10:00,1.048,10,603
2006-11-13T00:00:00.000+10:00,1.011,10,603
2006-11-14T00:00:00.000+10:00,0.983,10,603
2006-11-15T00:00:00.000+10:00,0.961,10,603
2006-11-16T00:00:00.000+10:00,0.941,10,603
2006-11-17T00:00:00.000+10:00,0.926,10,603
2006-11-18T00:00:00.000+10:00,0.913,10,603
2006-11-19T00:00:00.000+10:00,0.903,10,603
2006-11-20T00:00:00.000+10:00,0.893,10,603
2006-11-21T00:00:00.000+10:00,0.885,10,603
2006-11-22T00:00:00.000+10:00,0.877,10,603
2006-11-23T00:00:00.000+10:00,0.870,10,603
2006-11-24T00:00:00.000+10:00,0.864,10,603
2006-11-25T00:00:00.000+10:00,0.859,10,603
2006-11-26T00:00:00.000+10:00,0.853,10,603
2006-11-27T00:00:00.000+10:00,0.849,10,603
2006-11-28T00:00:00.000+10:00,0.846,10,603
2006-11-29T00:00:00.000+10:00,0.841,10,603
2006-11-30T00:00:00.000+10:00,0.835,10,603
2006-12-01T00:00:00.000+10:00,0.831,10,603
2006-12-02T00:00:00.000+10:00,0.827,10,603
2006-12-03T00:00:00.000+10:00,0.825,10,603
2006-12-04T00:00:00.000+10:00,0.824,10,603
2006-12-05T00:00:00.000+10:00,0.830,10,603
2006-12-06T00:00:00.000+10:00,0.826,10,603
2006-12-07T00:00:00.000+10:00,0.820,10,603
2006-12-08T00:00:00.000+10:00,0.814,10,603
2006-12-09T00:00:00.000+10:00,0.807,10,603
2006-12-10T00:00:00.000+10:00,0.802,10,603
2006-12-11T00:00:00.000+10:00,0.797,10,603
2006-12-12T00:00:00.000+10:00,0.792,10,603
2006-12-13T00:00:00.000+10:00,0.790,10,603
2006-12-14T00:00:00.000+10:00,0.787,10,603
2006-12-15T00:00:00.000+10:00,0.786,10,603
2006-12-16T00:00:00.000+10:00,0.790,10,603
2006-12-17T00:00:00.000+10:00,0.889,10,603
2006-12-18T00:00:00.000+10:00,0.889,10,603
2006-12-19T00:00:00.000+10:00,0.849,10,603
2006-12-20T00:00:00.000+10:00,0.836,10,603
2006-12-21T00:00:00.000+10:00,0.831,10,603
2006-12-22T00:00:00.000+10:00,0.831,10,603
2006-12-23T00:00:00.000+10:00,0.832,10,603
2006-12-24T00:00:00.000+10:00,0.825,10,603
2006-12-25T00:00:00.000+10:00,0.823,10,603
2006-12-26T00:00:00.000+10:00,0.822,10,603
2006-12-27T00:00:00.000+10:00,0.819,10,603
2006-12-28T00:00:00.000+10:00,0.811,10,603
2006-12-29T00:00:00.000+10:00,0.805,10,603
2006-12-30T00:00:00.000+10:00,0.799,10,603
2006-12-31T00:00:00.000+10:00,0.795,10,603
2007-01-01T00:00:00.000+10:00,0.799,10,603
2007-01-02T00:00:00.000+10:00,0.865,10,603
2007-01-03T00:00:00.000+10:00,0.864,10,603
2007-01-04T00:00:00.000+10:00,0.879,10,603
2007-01-05T00:00:00.000+10:00,0.935,10,603
2007-01-06T00:00:00.000+10:00,0.904,10,603
2007-01-07T00:00:00.000+10:00,0.875,10,603
2007-01-08T00:00:00.000+10:00,0.863,10,603
2007-01-09T00:00:00.000+10:00,0.876,10,603
2007-01-10T00:00:00.000+10:00,0.873,10,603
2007-01-11T00:00:00.000+10:00,0.861,10,603
2007-01-12T00:00:00.000+10:00,0.852,10,603
2007-01-13T00:00:00.000+10:00,0.845,10,603
2007-01-14T00:00:00.000+10:00,0.837,10,603
2007-01-15T00:00:00.000+10:00,0.833,10,603
2007-01-16T00:00:00.000+10:00,0.830,10,603
2007-01-17T00:00:00.000+10:00,0.823,10,603
2007-01-18T00:00:00.000+10:00,0.815,10,603
2007-01-19T00:00:00.000+10:00,0.807,10,603
2007-01-20T00:00:00.000+10:00,0.801,10,603
2007-01-21T00:00:00.000+10:00,0.795,10,603
2007-01-22T00:00:00.000+10:00,0.790,10,603
2007-01-23T00:00:00.000+10:00,0.784,10,603
2007-01-24T00:00:00.000+10:00,0.781,10,603
2007-01-25T00:00:00.000+10:00,0.783,10,603
2007-01-26T00:00:00.000+10:00,0.798,10,603
2007-01-27T00:00:00.000+10:00,0.801,10,603
2007-01-28T00:00:00.000+10:00,0.790,10,603
2007-01-29T00:00:00.000+10:00,0.784,10,603
2007-01-30T00:00:00.000+10:00,0.778,10,603
2007-01-31T00:00:00.000+10:00,0.774,10,603
2007-02-01T00:00:00.000+10:00,0.771,10,603
2007-02-02T00:00:00.000+10:00,0.769,10,603
2007-02-03T00:00:00.000+10:00,0.765,10,603
2007-02-04T00:00:00.000+10:00,0.762,10,603
2007-02-05T00:00:00.000+10:00,0.759,10,603
2007-02-06T00:00:00.000+10:00,0.756,10,603
2007-02-07T00:00:00.000+10:00,0.752,10,603
2007-02-08T00:00:00.000+10:00,0.748,10,603
2007-02-09T00:00:00.000+10:00,0.745,10,603
2007-02-10T00:00:00.000+10:00,0.742,10,603
2007-02-11T00:00:00.000+10:00,0.739,10,603
2007-02-12T00:00:00.000+10:00,0.752,10,603
2007-02-13T00:00:00.000+10:00,0.764,10,603
2007-02-14T00:00:00.000+10:00,0.783,10,603
2007-02-15T00:00:00.000+10:00,0.778,10,603
2007-02-16T00:00:00.000+10:00,0.787,10,603
2007-02-17T00:00:00.000+10:00,0.803,10,603
2007-02-18T00:00:00.000+10:00,0.817,10,603
2007-02-19T00:00:00.000+10:00,0.806,10,603
2007-02-20T00:00:00.000+10:00,0.792,10,603
2007-02-21T00:00:00.000+10:00,0.784,10,603
2007-02-22T00:00:00.000+10:00,0.777,10,603
2007-02-23T00:00:00.000+10:00,0.773,10,603
2007-02-24T00:00:00.000+10:00,0.771,10,603
2007-02-25T00:00:00.000+10:00,0.770,10,603
2007-02-26T00:00:00.000+10:00,0.769,10,603
2007-02-27T00:00:00.000+10:00,0.767,10,603
2007-02-28T00:00:00.000+10:00,1.175,110,603
2007-03-01T00:00:00.000+10:00,1.484,110,603
2007-03-02T00:00:00.000+10:00,1.822,10,603
2007-03-03T00:00:00.000+10:00,1.621,10,603
2007-03-04T00:00:00.000+10:00,1.567,10,603
2007-03-05T00:00:00.000+10:00,1.635,10,603
2007-03-06T00:00:00.000+10:00,2.095,10,603
2007-03-07T00:00:00.000+10:00,2.049,10,603
2007-03-08T00:00:00.000+10:00,1.921,10,603
2007-03-09T00:00:00.000+10:00,1.913,10,603
2007-03-10T00:00:00.000+10:00,1.812,10,603
2007-03-11T00:00:00.000+10:00,1.749,10,603
2007-03-12T00:00:00.000+10:00,1.702,10,603
2007-03-13T00:00:00.000+10:00,1.718,10,603
2007-03-14T00:00:00.000+10:00,1.745,10,603
2007-03-15T00:00:00.000+10:00,1.700,10,603
2007-03-16T00:00:00.000+10:00,1.670,10,603
2007-03-17T00:00:00.000+10:00,1.643,10,603
2007-03-18T00:00:00.000+10:00,2.061,10,603
2007-03-19T00:00:00.000+10:00,2.045,10,603
2007-03-20T00:00:00.000+10:00,1.907,10,603
2007-03-21T00:00:00.000+10:00,1.832,10,603
2007-03-22T00:00:00.000+10:00,1.774,10,603
2007-03-23T00:00:00.000+10:00,1.730,10,603
2007-03-24T00:00:00.000+10:00,1.694,10,603
2007-03-25T00:00:00.000+10:00,1.673,10,603
2007-03-26T00:00:00.000+10:00,1.836,10,603
2007-03-27T00:00:00.000+10:00,1.735,10,603
2007-03-28T00:00:00.000+10:00,1.700,10,603
2007-03-29T00:00:00.000+10:00,1.673,10,603
2007-03-30T00:00:00.000+10:00,1.650,10,603
2007-03-31T00:00:00.000+10:00,1.629,10,603
2007-04-01T00:00:00.000+10:00,1.609,10,603
2007-04-02T00:00:00.000+10:00,1.598,10,603
2007-04-03T00:00:00.000+10:00,1.585,10,603
2007-04-04T00:00:00.000+10:00,1.575,10,603
2007-04-05T00:00:00.000+10:00,1.566,10,603
2007-04-06T00:00:00.000+10:00,1.558,10,603
2007-04-07T00:00:00.000+10:00,1.549,10,603
2007-04-08T00:00:00.000+10:00,1.543,10,603
2007-04-09T00:00:00.000+10:00,1.544,10,603
2007-04-10T00:00:00.000+10:00,1.535,10,603
2007-04-11T00:00:00.000+10:00,1.527,10,603
2007-04-12T00:00:00.000+10:00,1.521,10,603
2007-04-13T00:00:00.000+10:00,1.517,10,603
2007-04-14T00:00:00.000+10:00,1.514,10,603
2007-04-15T00:00:00.000+10:00,1.510,10,603
2007-04-16T00:00:00.000+10:00,1.506,10,603
2007-04-17T00:00:00.000+10:00,1.504,10,603
2007-04-18T00:00:00.000+10:00,1.502,90,603
2007-04-19T00:00:00.000+10:00,1.500,90,603
2007-04-20T00:00:00.000+10:00,1.496,90,603
2007-04-21T00:00:00.000+10:00,1.493,90,603
2007-04-22T00:00:00.000+10:00,1.494,90,603
2007-04-23T00:00:00.000+10:00,1.519,90,603
2007-04-24T00:00:00.000+10:00,1.511,90,603
2007-04-25T00:00:00.000+10:00,1.522,90,603
2007-04-26T00:00:00.000+10:00,1.524,90,603
2007-04-27T00:00:00.000+10:00,1.521,90,603
2007-04-28T00:00:00.000+10:00,1.561,90,603
2007-04-29T00:00:00.000+10:00,1.582,90,603
2007-04-30T00:00:00.000+10:00,1.552,90,603
2007-05-01T00:00:00.000+10:00,1.539,90,603
2007-05-02T00:00:00.000+10:00,1.529,90,603
2007-05-03T00:00:00.000+10:00,1.521,90,603
2007-05-04T00:00:00.000+10:00,1.514,90,603
2007-05-05T00:00:00.000+10:00,1.508,90,603
2007-05-06T00:00:00.000+10:00,1.503,90,603
2007-05-07T00:00:00.000+10:00,1.499,90,603
2007-05-08T00:00:00.000+10:00,1.495,90,603
2007-05-09T00:00:00.000+10:00,1.491,90,603
2007-05-10T00:00:00.000+10:00,1.492,90,603
2007-05-11T00:00:00.000+10:00,1.643,90,603
2007-05-12T00:00:00.000+10:00,1.590,90,603
2007-05-13T00:00:00.000+10:00,1.550,90,603
2007-05-14T00:00:00.000+10:00,1.546,90,603
2007-05-15T00:00:00.000+10:00,1.537,90,603
2007-05-16T00:00:00.000+10:00,1.528,90,603
2007-05-17T00:00:00.000+10:00,1.521,90,603
2007-05-18T00:00:00.000+10:00,1.515,90,603
2007-05-19T00:00:00.000+10:00,1.513,90,603
2007-05-20T00:00:00.000+10:00,1.509,90,603
2007-05-21T00:00:00.000+10:00,1.505,10,603
2007-05-22T00:00:00.000+10:00,1.500,10,603
2007-05-23T00:00:00.000+10:00,1.496,10,603
2007-05-24T00:00:00.000+10:00,1.493,10,603
2007-05-25T00:00:00.000+10:00,1.490,10,603
2007-05-26T00:00:00.000+10:00,1.487,10,603
2007-05-27T00:00:00.000+10:00,1.484,10,603
2007-05-28T00:00:00.000+10:00,1.482,10,603
2007-05-29T00:00:00.000+10:00,1.480,10,603
2007-05-30T00:00:00.000+10:00,1.480,10,603
2007-05-31T00:00:00.000+10:00,1.478,10,603
2007-06-01T00:00:00.000+10:00,1.477,10,603
2007-06-02T00:00:00.000+10:00,1.473,10,603
2007-06-03T00:00:00.000+10:00,1.470,10,603
2007-06-04T00:00:00.000+10:00,1.468,10,603
2007-06-05T00:00:00.000+10:00,1.466,10,603
2007-06-06T00:00:00.000+10:00,1.469,10,603
2007-06-07T00:00:00.000+10:00,1.532,10,603
2007-06-08T00:00:00.000+10:00,1.544,10,603
2007-06-09T00:00:00.000+10:00,1.516,10,603
2007-06-10T00:00:00.000+10:00,1.505,10,603
2007-06-11T00:00:00.000+10:00,1.499,10,603
2007-06-12T00:00:00.000+10:00,1.495,10,603
2007-06-13T00:00:00.000+10:00,1.491,10,603
2007-06-14T00:00:00.000+10:00,1.488,10,603
2007-06-15T00:00:00.000+10:00,1.486,10,603
2007-06-16T00:00:00.000+10:00,1.485,10,603
2007-06-17T00:00:00.000+10:00,1.482,10,603
2007-06-18T00:00:00.000+10:00,1.479,10,603
2007-06-19T00:00:00.000+10:00,1.482,10,603
2007-06-20T00:00:00.000+10:00,1.482,10,603
2007-06-21T00:00:00.000+10:00,1.476,10,603
2007-06-22T00:00:00.000+10:00,1.471,10,603
2007-06-23T00:00:00.000+10:00,1.468,10,603
2007-06-24T00:00:00.000+10:00,1.465,10,603
2007-06-25T00:00:00.000+10:00,1.469,10,603
2007-06-26T00:00:00.000+10:00,1.844,10,603
2007-06-27T00:00:00.000+10:00,1.720,10,603
2007-06-28T00:00:00.000+10:00,1.640,10,603
2007-06-29T00:00:00.000+10:00,1.603,10,603
2007-06-30T00:00:00.000+10:00,1.580,10,603
2007-07-01T00:00:00.000+10:00,1.564,10,603
2007-07-02T00:00:00.000+10:00,1.552,10,603
2007-07-03T00:00:00.000+10:00,1.543,10,603
2007-07-04T00:00:00.000+10:00,1.535,10,603
2007-07-05T00:00:00.000+10:00,1.527,10,603
2007-07-06T00:00:00.000+10:00,1.519,10,603
2007-07-07T00:00:00.000+10:00,1.512,10,603
2007-07-08T00:00:00.000+10:00,1.507,10,603
2007-07-09T00:00:00.000+10:00,1.503,10,603
2007-07-10T00:00:00.000+10:00,1.498,10,603
2007-07-11T00:00:00.000+10:00,1.493,10,603
2007-07-12T00:00:00.000+10:00,1.489,10,603
2007-07-13T00:00:00.000+10:00,1.485,10,603
2007-07-14T00:00:00.000+10:00,1.481,10,603
2007-07-15T00:00:00.000+10:00,1.477,10,603
2007-07-16T00:00:00.000+10:00,1.475,10,603
2007-07-17T00:00:00.000+10:00,1.473,10,603
2007-07-18T00:00:00.000+10:00,1.471,10,603
2007-07-19T00:00:00.000+10:00,1.468,10,603
2007-07-20T00:00:00.000+10:00,1.466,10,603
2007-07-21T00:00:00.000+10:00,1.463,10,603
2007-07-22T00:00:00.000+10:00,1.460,10,603
2007-07-23T00:00:00.000+10:00,1.458,10,603
2007-07-24T00:00:00.000+10:00,1.457,10,603
2007-07-25T00:00:00.000+10:00,1.455,10,603
2007-07-26T00:00:00.000+10:00,1.454,10,603
2007-07-27T00:00:00.000+10:00,1.453,10,603
2007-07-28T00:00:00.000+10:00,1.452,10,603
2007-07-29T00:00:00.000+10:00,1.450,10,603
2007-07-30T00:00:00.000+10:00,1.448,10,603
2007-07-31T00:00:00.000+10:00,1.445,10,603
2007-08-01T00:00:00.000+10:00,1.444,10,603
2007-08-02T00:00:00.000+10:00,1.442,10,603
2007-08-03T00:00:00.000+10:00,1.442,10,603
2007-08-04T00:00:00.000+10:00,1.439,10,603
2007-08-05T00:00:00.000+10:00,1.438,10,603
2007-08-06T00:00:00.000+10:00,1.437,10,603
2007-08-07T00:00:00.000+10:00,1.435,10,603
2007-08-08T00:00:00.000+10:00,1.434,10,603
2007-08-09T00:00:00.000+10:00,1.433,10,603
2007-08-10T00:00:00.000+10:00,1.431,10,603
2007-08-11T00:00:00.000+10:00,1.428,10,603
2007-08-12T00:00:00.000+10:00,1.427,10,603
2007-08-13T00:00:00.000+10:00,1.425,10,603
2007-08-14T00:00:00.000+10:00,1.424,10,603
2007-08-15T00:00:00.000+10:00,1.424,10,603
2007-08-16T00:00:00.000+10:00,1.424,10,603
2007-08-17T00:00:00.000+10:00,1.423,10,603
2007-08-18T00:00:00.000+10:00,1.422,10,603
2007-08-19T00:00:00.000+10:00,1.424,10,603
2007-08-20T00:00:00.000+10:00,2.540,10,603
2007-08-21T00:00:00.000+10:00,4.127,10,603
2007-08-22T00:00:00.000+10:00,2.714,10,603
2007-08-23T00:00:00.000+10:00,2.580,10,603
2007-08-24T00:00:00.000+10:00,2.888,10,603
2007-08-25T00:00:00.000+10:00,2.640,10,603
2007-08-26T00:00:00.000+10:00,2.225,10,603
2007-08-27T00:00:00.000+10:00,2.076,10,603
2007-08-28T00:00:00.000+10:00,1.986,10,603
2007-08-29T00:00:00.000+10:00,1.924,10,603
2007-08-30T00:00:00.000+10:00,1.876,10,603
2007-08-31T00:00:00.000+10:00,1.834,10,603
2007-09-01T00:00:00.000+10:00,1.797,10,603
2007-09-02T00:00:00.000+10:00,1.764,10,603
2007-09-03T00:00:00.000+10:00,1.738,10,603
2007-09-04T00:00:00.000+10:00,1.722,10,603
2007-09-05T00:00:00.000+10:00,1.736,10,603
2007-09-06T00:00:00.000+10:00,1.983,10,603
2007-09-07T00:00:00.000+10:00,2.037,10,603
2007-09-08T00:00:00.000+10:00,1.944,10,603
2007-09-09T00:00:00.000+10:00,1.897,10,603
2007-09-10T00:00:00.000+10:00,1.862,10,603
2007-09-11T00:00:00.000+10:00,1.825,10,603
2007-09-12T00:00:00.000+10:00,1.791,10,603
2007-09-13T00:00:00.000+10:00,1.761,10,603
2007-09-14T00:00:00.000+10:00,1.738,10,603
2007-09-15T00:00:00.000+10:00,1.717,10,603
2007-09-16T00:00:00.000+10:00,1.698,10,603
2007-09-17T00:00:00.000+10:00,1.681,10,603
2007-09-18T00:00:00.000+10:00,1.663,10,603
2007-09-19T00:00:00.000+10:00,1.650,10,603
2007-09-20T00:00:00.000+10:00,1.639,10,603
2007-09-21T00:00:00.000+10:00,1.627,10,603
2007-09-22T00:00:00.000+10:00,1.670,10,603
2007-09-23T00:00:00.000+10:00,1.732,10,603
2007-09-24T00:00:00.000+10:00,1.652,10,603
2007-09-25T00:00:00.000+10:00,1.629,10,603
2007-09-26T00:00:00.000+10:00,1.615,10,603
2007-09-27T00:00:00.000+10:00,1.604,10,603
2007-09-28T00:00:00.000+10:00,1.596,10,603
2007-09-29T00:00:00.000+10:00,1.587,10,603
2007-09-30T00:00:00.000+10:00,1.579,10,603
2007-10-01T00:00:00.000+10:00,1.571,10,603
2007-10-02T00:00:00.000+10:00,1.564,10,603
2007-10-03T00:00:00.000+10:00,1.557,10,603
2007-10-04T00:00:00.000+10:00,1.551,10,603
2007-10-05T00:00:00.000+10:00,1.548,10,603
2007-10-06T00:00:00.000+10:00,1.543,10,603
2007-10-07T00:00:00.000+10:00,1.538,10,603
2007-10-08T00:00:00.000+10:00,1.541,10,603
2007-10-09T00:00:00.000+10:00,1.554,10,603
2007-10-10T00:00:00.000+10:00,1.544,10,603
2007-10-11T00:00:00.000+10:00,1.537,10,603
2007-10-12T00:00:00.000+10:00,1.531,10,603
2007-10-13T00:00:00.000+10:00,1.524,10,603
2007-10-14T00:00:00.000+10:00,1.519,10,603
2007-10-15T00:00:00.000+10:00,1.516,10,603
2007-10-16T00:00:00.000+10:00,1.511,10,603
2007-10-17T00:00:00.000+10:00,1.507,10,603
2007-10-18T00:00:00.000+10:00,1.504,10,603
2007-10-19T00:00:00.000+10:00,1.503,10,603
2007-10-20T00:00:00.000+10:00,1.498,10,603
2007-10-21T00:00:00.000+10:00,1.494,10,603
2007-10-22T00:00:00.000+10:00,1.491,10,603
2007-10-23T00:00:00.000+10:00,1.489,10,603
2007-10-24T00:00:00.000+10:00,1.486,10,603
2007-10-25T00:00:00.000+10:00,1.485,10,603
2007-10-26T00:00:00.000+10:00,1.484,10,603
2007-10-27T00:00:00.000+10:00,1.490,10,603
2007-10-28T00:00:00.000+10:00,1.490,10,603
2007-10-29T00:00:00.000+10:00,1.518,10,603
2007-10-30T00:00:00.000+10:00,1.552,10,603
2007-10-31T00:00:00.000+10:00,1.519,10,603
2007-11-01T00:00:00.000+10:00,1.526,10,603
2007-11-02T00:00:00.000+10:00,1.644,10,603
2007-11-03T00:00:00.000+10:00,1.804,10,603
2007-11-04T00:00:00.000+10:00,1.645,10,603
2007-11-05T00:00:00.000+10:00,1.597,10,603
2007-11-06T00:00:00.000+10:00,1.574,10,603
2007-11-07T00:00:00.000+10:00,1.575,10,603
2007-11-08T00:00:00.000+10:00,1.723,10,603
2007-11-09T00:00:00.000+10:00,1.955,10,603
2007-11-10T00:00:00.000+10:00,2.601,10,603
2007-11-11T00:00:00.000+10:00,2.114,10,603
2007-11-12T00:00:00.000+10:00,1.967,10,603
2007-11-13T00:00:00.000+10:00,1.883,10,603
2007-11-14T00:00:00.000+10:00,1.817,10,603
2007-11-15T00:00:00.000+10:00,1.766,10,603
2007-11-16T00:00:00.000+10:00,1.726,10,603
2007-11-17T00:00:00.000+10:00,1.694,10,603
2007-11-18T00:00:00.000+10:00,1.670,10,603
2007-11-19T00:00:00.000+10:00,1.648,10,603
2007-11-20T00:00:00.000+10:00,1.631,10,603
2007-11-21T00:00:00.000+10:00,1.615,10,603
2007-11-22T00:00:00.000+10:00,1.620,10,603
2007-11-23T00:00:00.000+10:00,1.732,10,603
2007-11-24T00:00:00.000+10:00,1.767,10,603
2007-11-25T00:00:00.000+10:00,1.752,10,603
2007-11-26T00:00:00.000+10:00,1.710,10,603
2007-11-27T00:00:00.000+10:00,1.687,10,603
2007-11-28T00:00:00.000+10:00,1.690,10,603
2007-11-29T00:00:00.000+10:00,1.668,10,603
2007-11-30T00:00:00.000+10:00,1.646,10,603
2007-12-01T00:00:00.000+10:00,1.632,10,603
2007-12-02T00:00:00.000+10:00,1.625,10,603
2007-12-03T00:00:00.000+10:00,1.618,10,603
2007-12-04T00:00:00.000+10:00,1.620,10,603
2007-12-05T00:00:00.000+10:00,1.609,10,603
2007-12-06T00:00:00.000+10:00,1.600,10,603
2007-12-07T00:00:00.000+10:00,1.593,10,603
2007-12-08T00:00:00.000+10:00,1.616,10,603
2007-12-09T00:00:00.000+10:00,1.599,10,603
2007-12-10T00:00:00.000+10:00,1.593,10,603
2007-12-11T00:00:00.000+10:00,1.586,10,603
2007-12-12T00:00:00.000+10:00,1.608,10,603
2007-12-13T00:00:00.000+10:00,1.809,10,603
2007-12-14T00:00:00.000+10:00,1.704,10,603
2007-12-15T00:00:00.000+10:00,1.673,10,603
2007-12-16T00:00:00.000+10:00,1.680,10,603
2007-12-17T00:00:00.000+10:00,1.775,10,603
2007-12-18T00:00:00.000+10:00,1.691,10,603
2007-12-19T00:00:00.000+10:00,1.665,10,603
2007-12-20T00:00:00.000+10:00,1.649,10,603
2007-12-21T00:00:00.000+10:00,1.633,10,603
2007-12-22T00:00:00.000+10:00,1.617,10,603
2007-12-23T00:00:00.000+10:00,1.607,10,603
2007-12-24T00:00:00.000+10:00,1.596,10,603
2007-12-25T00:00:00.000+10:00,1.588,10,603
2007-12-26T00:00:00.000+10:00,1.640,10,603
2007-12-27T00:00:00.000+10:00,1.625,10,603
2007-12-28T00:00:00.000+10:00,1.596,10,603
2007-12-29T00:00:00.000+10:00,1.584,10,603
2007-12-30T00:00:00.000+10:00,1.575,10,603
2007-12-31T00:00:00.000+10:00,1.577,10,603
2008-01-01T00:00:00.000+10:00,1.698,10,603
2008-01-02T00:00:00.000+10:00,1.651,10,603
2008-01-03T00:00:00.000+10:00,1.709,10,603
2008-01-04T00:00:00.000+10:00,3.161,10,603
2008-01-05T00:00:00.000+10:00,4.316,10,603
2008-01-06T00:00:00.000+10:00,2.873,10,603
2008-01-07T00:00:00.000+10:00,2.343,10,603
2008-01-08T00:00:00.000+10:00,2.166,10,603
2008-01-09T00:00:00.000+10:00,2.104,10,603
2008-01-10T00:00:00.000+10:00,2.082,10,603
2008-01-11T00:00:00.000+10:00,2.019,10,603
2008-01-12T00:00:00.000+10:00,1.976,10,603
2008-01-13T00:00:00.000+10:00,1.936,10,603
2008-01-14T00:00:00.000+10:00,1.921,10,603
2008-01-15T00:00:00.000+10:00,2.271,10,603
2008-01-16T00:00:00.000+10:00,2.166,10,603
2008-01-17T00:00:00.000+10:00,2.093,10,603
2008-01-18T00:00:00.000+10:00,2.055,10,603
2008-01-19T00:00:00.000+10:00,2.014,10,603
2008-01-20T00:00:00.000+10:00,1.973,10,603
2008-01-21T00:00:00.000+10:00,1.940,10,603
2008-01-22T00:00:00.000+10:00,1.909,10,603
2008-01-23T00:00:00.000+10:00,1.874,10,603
2008-01-24T00:00:00.000+10:00,1.855,10,603
2008-01-25T00:00:00.000+10:00,1.874,10,603
2008-01-26T00:00:00.000+10:00,2.025,10,603
2008-01-27T00:00:00.000+10:00,1.939,10,603
2008-01-28T00:00:00.000+10:00,1.899,10,603
2008-01-29T00:00:00.000+10:00,1.866,10,603
2008-01-30T00:00:00.000+10:00,1.838,10,603
2008-01-31T00:00:00.000+10:00,1.816,10,603
2008-02-01T00:00:00.000+10:00,1.789,10,603
2008-02-02T00:00:00.000+10:00,1.787,10,603
2008-02-03T00:00:00.000+10:00,3.284,10,603
2008-02-04T00:00:00.000+10:00,2.729,10,603
2008-02-05T00:00:00.000+10:00,3.198,10,603
2008-02-06T00:00:00.000+10:00,2.815,10,603
2008-02-07T00:00:00.000+10:00,2.408,10,603
2008-02-08T00:00:00.000+10:00,2.229,10,603
2008-02-09T00:00:00.000+10:00,2.133,10,603
2008-02-10T00:00:00.000+10:00,2.064,10,603
2008-02-11T00:00:00.000+10:00,2.013,10,603
2008-02-12T00:00:00.000+10:00,2.155,10,603
2008-02-13T00:00:00.000+10:00,2.332,10,603
2008-02-14T00:00:00.000+10:00,2.145,10,603
2008-02-15T00:00:00.000+10:00,2.074,10,603
2008-02-16T00:00:00.000+10:00,2.025,10,603
2008-02-17T00:00:00.000+10:00,1.998,10,603
2008-02-18T00:00:00.000+10:00,1.978,10,603
2008-02-19T00:00:00.000+10:00,2.090,10,603
2008-02-20T00:00:00.000+10:00,2.076,10,603
2008-02-21T00:00:00.000+10:00,2.033,10,603
2008-02-22T00:00:00.000+10:00,1.992,10,603
2008-02-23T00:00:00.000+10:00,1.962,10,603
2008-02-24T00:00:00.000+10:00,1.931,10,603
2008-02-25T00:00:00.000+10:00,1.903,10,603
2008-02-26T00:00:00.000+10:00,1.878,10,603
2008-02-27T00:00:00.000+10:00,1.855,10,603
2008-02-28T00:00:00.000+10:00,1.835,10,603
2008-02-29T00:00:00.000+10:00,1.845,10,603
2008-03-01T00:00:00.000+10:00,1.803,10,603
2008-03-02T00:00:00.000+10:00,1.781,10,603
2008-03-03T00:00:00.000+10:00,1.766,10,603
2008-03-04T00:00:00.000+10:00,1.752,10,603
2008-03-05T00:00:00.000+10:00,1.738,10,603
2008-03-06T00:00:00.000+10:00,1.733,10,603
2008-03-07T00:00:00.000+10:00,1.720,10,603
2008-03-08T00:00:00.000+10:00,1.708,10,603
2008-03-09T00:00:00.000+10:00,1.697,10,603
2008-03-10T00:00:00.000+10:00,1.688,10,603
2008-03-11T00:00:00.000+10:00,1.679,10,603
2008-03-12T00:00:00.000+10:00,1.671,10,603
2008-03-13T00:00:00.000+10:00,1.663,10,603
2008-03-14T00:00:00.000+10:00,1.655,10,603
2008-03-15T00:00:00.000+10:00,1.648,10,603
2008-03-16T00:00:00.000+10:00,1.642,10,603
2008-03-17T00:00:00.000+10:00,1.638,10,603
2008-03-18T00:00:00.000+10:00,1.633,10,603
2008-03-19T00:00:00.000+10:00,1.635,10,603
2008-03-20T00:00:00.000+10:00,1.638,10,603
2008-03-21T00:00:00.000+10:00,1.622,10,603
2008-03-22T00:00:00.000+10:00,1.617,10,603
2008-03-23T00:00:00.000+10:00,1.663,10,603
2008-03-24T00:00:00.000+10:00,1.628,10,603
2008-03-25T00:00:00.000+10:00,1.610,10,603
2008-03-26T00:00:00.000+10:00,1.600,10,603
2008-03-27T00:00:00.000+10:00,1.613,10,603
2008-03-28T00:00:00.000+10:00,1.662,10,603
2008-03-29T00:00:00.000+10:00,1.614,10,603
2008-03-30T00:00:00.000+10:00,1.598,10,603
2008-03-31T00:00:00.000+10:00,1.586,10,603
2008-04-01T00:00:00.000+10:00,1.578,10,603
2008-04-02T00:00:00.000+10:00,1.573,10,603
2008-04-03T00:00:00.000+10:00,1.568,10,603
2008-04-04T00:00:00.000+10:00,1.562,10,603
2008-04-05T00:00:00.000+10:00,1.558,10,603
2008-04-06T00:00:00.000+10:00,1.556,10,603
2008-04-07T00:00:00.000+10:00,1.560,10,603
2008-04-08T00:00:00.000+10:00,1.566,10,603
2008-04-09T00:00:00.000+10:00,1.716,10,603
2008-04-10T00:00:00.000+10:00,1.961,10,603
2008-04-11T00:00:00.000+10:00,1.830,10,603
2008-04-12T00:00:00.000+10:00,1.748,10,603
2008-04-13T00:00:00.000+10:00,1.699,10,603
2008-04-14T00:00:00.000+10:00,1.672,10,603
2008-04-15T00:00:00.000+10:00,1.651,10,603
2008-04-16T00:00:00.000+10:00,1.632,10,603
2008-04-17T00:00:00.000+10:00,1.617,10,603
2008-04-18T00:00:00.000+10:00,1.671,10,603
2008-04-19T00:00:00.000+10:00,1.758,10,603
2008-04-20T00:00:00.000+10:00,2.192,10,603
2008-04-21T00:00:00.000+10:00,2.059,10,603
2008-04-22T00:00:00.000+10:00,1.949,10,603
2008-04-23T00:00:00.000+10:00,1.885,10,603
2008-04-24T00:00:00.000+10:00,1.846,10,603
2008-04-25T00:00:00.000+10:00,1.871,10,603
2008-04-26T00:00:00.000+10:00,1.873,10,603
2008-04-27T00:00:00.000+10:00,1.820,10,603
2008-04-28T00:00:00.000+10:00,1.790,10,603
2008-04-29T00:00:00.000+10:00,1.760,10,603
2008-04-30T00:00:00.000+10:00,1.735,10,603
2008-05-01T00:00:00.000+10:00,1.715,10,603
2008-05-02T00:00:00.000+10:00,1.699,10,603
2008-05-03T00:00:00.000+10:00,1.683,10,603
2008-05-04T00:00:00.000+10:00,1.668,10,603
2008-05-05T00:00:00.000+10:00,1.656,10,603
2008-05-06T00:00:00.000+10:00,1.646,10,603
2008-05-07T00:00:00.000+10:00,1.636,10,603
2008-05-08T00:00:00.000+10:00,1.627,10,603
2008-05-09T00:00:00.000+10:00,1.617,10,603
2008-05-10T00:00:00.000+10:00,1.611,10,603
2008-05-11T00:00:00.000+10:00,1.605,10,603
2008-05-12T00:00:00.000+10:00,1.600,10,603
2008-05-13T00:00:00.000+10:00,1.596,10,603
2008-05-14T00:00:00.000+10:00,1.611,10,603
2008-05-15T00:00:00.000+10:00,1.596,10,603
2008-05-16T00:00:00.000+10:00,1.586,10,603
2008-05-17T00:00:00.000+10:00,1.582,10,603
2008-05-18T00:00:00.000+10:00,1.578,10,603
2008-05-19T00:00:00.000+10:00,1.571,10,603
2008-05-20T00:00:00.000+10:00,1.566,10,603
2008-05-21T00:00:00.000+10:00,1.561,10,603
2008-05-22T00:00:00.000+10:00,1.558,10,603
2008-05-23T00:00:00.000+10:00,1.563,10,603
2008-05-24T00:00:00.000+10:00,1.555,10,603
2008-05-25T00:00:00.000+10:00,1.550,10,603
2008-05-26T00:00:00.000+10:00,1.546,10,603
2008-05-27T00:00:00.000+10:00,1.543,10,603
2008-05-28T00:00:00.000+10:00,1.541,10,603
2008-05-29T00:00:00.000+10:00,1.563,10,603
2008-05-30T00:00:00.000+10:00,1.566,10,603
2008-05-31T00:00:00.000+10:00,1.601,10,603
2008-06-01T00:00:00.000+10:00,1.581,10,603
2008-06-02T00:00:00.000+10:00,1.561,10,603
2008-06-03T00:00:00.000+10:00,2.453,10,603
2008-06-04T00:00:00.000+10:00,2.245,10,603
2008-06-05T00:00:00.000+10:00,1.991,10,603
2008-06-06T00:00:00.000+10:00,1.897,10,603
2008-06-07T00:00:00.000+10:00,1.833,10,603
2008-06-08T00:00:00.000+10:00,1.784,10,603
2008-06-09T00:00:00.000+10:00,1.768,10,603
2008-06-10T00:00:00.000+10:00,1.757,10,603
2008-06-11T00:00:00.000+10:00,1.732,10,603
2008-06-12T00:00:00.000+10:00,1.710,10,603
2008-06-13T00:00:00.000+10:00,1.696,10,603
2008-06-14T00:00:00.000+10:00,1.682,10,603
2008-06-15T00:00:00.000+10:00,1.664,10,603
2008-06-16T00:00:00.000+10:00,1.651,10,603
2008-06-17T00:00:00.000+10:00,1.643,10,603
2008-06-18T00:00:00.000+10:00,1.640,10,603
2008-06-19T00:00:00.000+10:00,1.638,10,603
2008-06-20T00:00:00.000+10:00,1.630,10,603
2008-06-21T00:00:00.000+10:00,1.620,10,603
2008-06-22T00:00:00.000+10:00,1.610,10,603
2008-06-23T00:00:00.000+10:00,1.602,10,603
2008-06-24T00:00:00.000+10:00,1.597,10,603
2008-06-25T00:00:00.000+10:00,1.592,10,603
2008-06-26T00:00:00.000+10:00,1.588,10,603
2008-06-27T00:00:00.000+10:00,1.583,10,603
2008-06-28T00:00:00.000+10:00,1.578,10,603
2008-06-29T00:00:00.000+10:00,1.575,10,603
2008-06-30T00:00:00.000+10:00,1.571,10,603
2008-07-01T00:00:00.000+10:00,1.568,10,603
2008-07-02T00:00:00.000+10:00,1.564,10,603
2008-07-03T00:00:00.000+10:00,1.560,10,603
2008-07-04T00:00:00.000+10:00,1.557,10,603
2008-07-05T00:00:00.000+10:00,1.566,10,603
2008-07-06T00:00:00.000+10:00,1.562,10,603
2008-07-07T00:00:00.000+10:00,1.554,10,603
2008-07-08T00:00:00.000+10:00,1.551,10,603
2008-07-09T00:00:00.000+10:00,1.549,10,603
2008-07-10T00:00:00.000+10:00,1.545,10,603
2008-07-11T00:00:00.000+10:00,1.543,10,603
2008-07-12T00:00:00.000+10:00,1.540,10,603
2008-07-13T00:00:00.000+10:00,1.537,10,603
2008-07-14T00:00:00.000+10:00,1.534,10,603
2008-07-15T00:00:00.000+10:00,1.533,10,603
2008-07-16T00:00:00.000+10:00,1.532,10,603
2008-07-17T00:00:00.000+10:00,1.529,10,603
2008-07-18T00:00:00.000+10:00,1.525,10,603
2008-07-19T00:00:00.000+10:00,1.524,10,603
2008-07-20T00:00:00.000+10:00,1.521,10,603
2008-07-21T00:00:00.000+10:00,1.518,10,603
2008-07-22T00:00:00.000+10:00,1.516,10,603
2008-07-23T00:00:00.000+10:00,1.514,10,603
2008-07-24T00:00:00.000+10:00,1.527,10,603
2008-07-25T00:00:00.000+10:00,2.005,10,603
2008-07-26T00:00:00.000+10:00,1.816,10,603
2008-07-27T00:00:00.000+10:00,1.693,10,603
2008-07-28T00:00:00.000+10:00,1.648,10,603
2008-07-29T00:00:00.000+10:00,1.619,10,603
2008-07-30T00:00:00.000+10:00,1.600,10,603
2008-07-31T00:00:00.000+10:00,1.587,10,603
2008-08-01T00:00:00.000+10:00,1.577,10,603
2008-08-02T00:00:00.000+10:00,1.568,10,603
2008-08-03T00:00:00.000+10:00,1.559,10,603
2008-08-04T00:00:00.000+10:00,1.552,10,603
2008-08-05T00:00:00.000+10:00,1.546,10,603
2008-08-06T00:00:00.000+10:00,1.542,10,603
2008-08-07T00:00:00.000+10:00,1.537,10,603
2008-08-08T00:00:00.000+10:00,1.533,10,603
2008-08-09T00:00:00.000+10:00,1.529,10,603
2008-08-10T00:00:00.000+10:00,1.525,10,603
2008-08-11T00:00:00.000+10:00,1.521,10,603
2008-08-12T00:00:00.000+10:00,1.518,10,603
2008-08-13T00:00:00.000+10:00,1.516,10,603
2008-08-14T00:00:00.000+10:00,1.513,10,603
2008-08-15T00:00:00.000+10:00,1.511,10,603
2008-08-16T00:00:00.000+10:00,1.509,10,603
2008-08-17T00:00:00.000+10:00,1.506,10,603
2008-08-18T00:00:00.000+10:00,1.502,10,603
2008-08-19T00:00:00.000+10:00,1.500,10,603
2008-08-20T00:00:00.000+10:00,1.498,10,603
2008-08-21T00:00:00.000+10:00,1.496,10,603
2008-08-22T00:00:00.000+10:00,1.495,10,603
2008-08-23T00:00:00.000+10:00,1.496,10,603
2008-08-24T00:00:00.000+10:00,1.494,10,603
2008-08-25T00:00:00.000+10:00,1.489,10,603
2008-08-26T00:00:00.000+10:00,1.488,10,603
2008-08-27T00:00:00.000+10:00,1.488,10,603
2008-08-28T00:00:00.000+10:00,1.494,10,603
2008-08-29T00:00:00.000+10:00,1.520,10,603
2008-08-30T00:00:00.000+10:00,1.575,10,603
2008-08-31T00:00:00.000+10:00,1.532,10,603
2008-09-01T00:00:00.000+10:00,1.515,10,603
2008-09-02T00:00:00.000+10:00,1.507,10,603
2008-09-03T00:00:00.000+10:00,1.537,10,603
2008-09-04T00:00:00.000+10:00,1.681,10,603
2008-09-05T00:00:00.000+10:00,3.552,10,603
2008-09-06T00:00:00.000+10:00,2.420,10,603
2008-09-07T00:00:00.000+10:00,2.048,10,603
2008-09-08T00:00:00.000+10:00,1.926,10,603
2008-09-09T00:00:00.000+10:00,1.847,10,603
2008-09-10T00:00:00.000+10:00,1.789,10,603
2008-09-11T00:00:00.000+10:00,1.748,10,603
2008-09-12T00:00:00.000+10:00,1.716,10,603
2008-09-13T00:00:00.000+10:00,1.689,10,603
2008-09-14T00:00:00.000+10:00,1.669,10,603
2008-09-15T00:00:00.000+10:00,1.662,10,603
2008-09-16T00:00:00.000+10:00,1.640,10,603
2008-09-17T00:00:00.000+10:00,1.624,10,603
2008-09-18T00:00:00.000+10:00,1.612,10,603
2008-09-19T00:00:00.000+10:00,1.603,10,603
2008-09-20T00:00:00.000+10:00,1.595,10,603
2008-09-21T00:00:00.000+10:00,1.603,10,603
2008-09-22T00:00:00.000+10:00,1.593,10,603
2008-09-23T00:00:00.000+10:00,1.579,10,603
2008-09-24T00:00:00.000+10:00,1.603,10,603
2008-09-25T00:00:00.000+10:00,1.608,10,603
2008-09-26T00:00:00.000+10:00,1.586,10,603
2008-09-27T00:00:00.000+10:00,1.571,10,603
2008-09-28T00:00:00.000+10:00,1.563,10,603
2008-09-29T00:00:00.000+10:00,1.556,10,603
2008-09-30T00:00:00.000+10:00,1.551,10,603
2008-10-01T00:00:00.000+10:00,1.547,10,603
2008-10-02T00:00:00.000+10:00,1.541,10,603
2008-10-03T00:00:00.000+10:00,1.536,10,603
2008-10-04T00:00:00.000+10:00,1.531,10,603
2008-10-05T00:00:00.000+10:00,1.526,110,603
2008-10-06T00:00:00.000+10:00,1.524,110,603
2008-10-07T00:00:00.000+10:00,1.522,110,603
2008-10-08T00:00:00.000+10:00,1.520,110,603
2008-10-09T00:00:00.000+10:00,1.518,110,603
2008-10-10T00:00:00.000+10:00,1.516,110,603
2008-10-11T00:00:00.000+10:00,1.514,110,603
2008-10-12T00:00:00.000+10:00,1.512,110,603
2008-10-13T00:00:00.000+10:00,1.511,110,603
2008-10-14T00:00:00.000+10:00,1.508,10,603
2008-10-15T00:00:00.000+10:00,1.535,10,603
2008-10-16T00:00:00.000+10:00,1.562,10,603
2008-10-17T00:00:00.000+10:00,1.580,10,603
2008-10-18T00:00:00.000+10:00,1.551,10,603
2008-10-19T00:00:00.000+10:00,1.540,10,603
2008-10-20T00:00:00.000+10:00,1.552,10,603
2008-10-21T00:00:00.000+10:00,1.556,10,603
2008-10-22T00:00:00.000+10:00,1.602,10,603
2008-10-23T00:00:00.000+10:00,1.572,10,603
2008-10-24T00:00:00.000+10:00,1.549,10,603
2008-10-25T00:00:00.000+10:00,1.538,10,603
2008-10-26T00:00:00.000+10:00,1.528,10,603
2008-10-27T00:00:00.000+10:00,1.521,10,603
2008-10-28T00:00:00.000+10:00,1.515,10,603
2008-10-29T00:00:00.000+10:00,1.510,10,603
2008-10-30T00:00:00.000+10:00,1.505,10,603
2008-10-31T00:00:00.000+10:00,1.500,10,603
2008-11-01T00:00:00.000+10:00,1.496,10,603
2008-11-02T00:00:00.000+10:00,1.496,10,603
2008-11-03T00:00:00.000+10:00,1.503,10,603
2008-11-04T00:00:00.000+10:00,1.513,10,603
2008-11-05T00:00:00.000+10:00,1.502,10,603
2008-11-06T00:00:00.000+10:00,1.495,10,603
2008-11-07T00:00:00.000+10:00,1.490,10,603
2008-11-08T00:00:00.000+10:00,1.488,10,603
2008-11-09T00:00:00.000+10:00,1.501,10,603
2008-11-10T00:00:00.000+10:00,1.542,10,603
2008-11-11T00:00:00.000+10:00,1.528,10,603
2008-11-12T00:00:00.000+10:00,1.514,10,603
2008-11-13T00:00:00.000+10:00,1.522,10,603
2008-11-14T00:00:00.000+10:00,1.541,10,603
2008-11-15T00:00:00.000+10:00,1.533,10,603
2008-11-16T00:00:00.000+10:00,1.543,10,603
2008-11-17T00:00:00.000+10:00,1.741,10,603
2008-11-18T00:00:00.000+10:00,1.765,10,603
2008-11-19T00:00:00.000+10:00,1.848,10,603
2008-11-20T00:00:00.000+10:00,2.032,10,603
2008-11-21T00:00:00.000+10:00,1.877,10,603
2008-11-22T00:00:00.000+10:00,1.796,10,603
2008-11-23T00:00:00.000+10:00,1.732,10,603
2008-11-24T00:00:00.000+10:00,1.690,10,603
2008-11-25T00:00:00.000+10:00,1.660,10,603
2008-11-26T00:00:00.000+10:00,1.659,10,603
2008-11-27T00:00:00.000+10:00,1.658,10,603
2008-11-28T00:00:00.000+10:00,1.630,10,603
2008-11-29T00:00:00.000+10:00,1.678,10,603
2008-11-30T00:00:00.000+10:00,1.647,10,603
2008-12-01T00:00:00.000+10:00,1.617,10,603
2008-12-02T00:00:00.000+10:00,1.602,10,603
2008-12-03T00:00:00.000+10:00,1.593,10,603
2008-12-04T00:00:00.000+10:00,1.585,10,603
2008-12-05T00:00:00.000+10:00,1.579,10,603
2008-12-06T00:00:00.000+10:00,1.575,10,603
2008-12-07T00:00:00.000+10:00,1.575,10,603
2008-12-08T00:00:00.000+10:00,1.578,10,603
2008-12-09T00:00:00.000+10:00,1.619,10,603
2008-12-10T00:00:00.000+10:00,1.589,10,603
2008-12-11T00:00:00.000+10:00,1.719,10,603
2008-12-12T00:00:00.000+10:00,1.804,10,603
2008-12-13T00:00:00.000+10:00,1.826,10,603
2008-12-14T00:00:00.000+10:00,1.765,10,603
2008-12-15T00:00:00.000+10:00,1.717,10,603
2008-12-16T00:00:00.000+10:00,1.685,10,603
2008-12-17T00:00:00.000+10:00,1.661,10,603
2008-12-18T00:00:00.000+10:00,1.641,10,603
2008-12-19T00:00:00.000+10:00,1.626,10,603
2008-12-20T00:00:00.000+10:00,1.619,10,603
2008-12-21T00:00:00.000+10:00,1.623,10,603
2008-12-22T00:00:00.000+10:00,1.606,10,603
2008-12-23T00:00:00.000+10:00,1.590,10,603
2008-12-24T00:00:00.000+10:00,1.585,10,603
2008-12-25T00:00:00.000+10:00,1.579,10,603
2008-12-26T00:00:00.000+10:00,1.568,10,603
2008-12-27T00:00:00.000+10:00,1.561,10,603
2008-12-28T00:00:00.000+10:00,1.563,10,603
2008-12-29T00:00:00.000+10:00,1.572,10,603
2008-12-30T00:00:00.000+10:00,1.603,10,603
2008-12-31T00:00:00.000+10:00,1.577,10,603
2009-01-01T00:00:00.000+10:00,1.556,10,603
2009-01-02T00:00:00.000+10:00,1.544,10,603
2009-01-03T00:00:00.000+10:00,1.564,10,603
2009-01-04T00:00:00.000+10:00,1.582,10,603
2009-01-05T00:00:00.000+10:00,1.561,10,603
2009-01-06T00:00:00.000+10:00,1.549,10,603
2009-01-07T00:00:00.000+10:00,1.539,10,603
2009-01-08T00:00:00.000+10:00,1.533,10,603
2009-01-09T00:00:00.000+10:00,1.531,10,603
2009-01-10T00:00:00.000+10:00,1.561,10,603
2009-01-11T00:00:00.000+10:00,1.547,10,603
2009-01-12T00:00:00.000+10:00,1.535,10,603
2009-01-13T00:00:00.000+10:00,1.531,10,603
2009-01-14T00:00:00.000+10:00,1.530,10,603
2009-01-15T00:00:00.000+10:00,1.543,10,603
2009-01-16T00:00:00.000+10:00,1.551,10,603
2009-01-17T00:00:00.000+10:00,1.557,10,603
2009-01-18T00:00:00.000+10:00,1.660,10,603
2009-01-19T00:00:00.000+10:00,1.621,10,603
2009-01-20T00:00:00.000+10:00,1.611,10,603
2009-01-21T00:00:00.000+10:00,1.591,10,603
2009-01-22T00:00:00.000+10:00,1.577,10,603
2009-01-23T00:00:00.000+10:00,1.568,10,603
2009-01-24T00:00:00.000+10:00,1.566,10,603
2009-01-25T00:00:00.000+10:00,1.552,10,603
2009-01-26T00:00:00.000+10:00,1.591,10,603
2009-01-27T00:00:00.000+10:00,1.573,10,603
2009-01-28T00:00:00.000+10:00,1.552,10,603
2009-01-29T00:00:00.000+10:00,1.538,10,603
2009-01-30T00:00:00.000+10:00,1.529,10,603
2009-01-31T00:00:00.000+10:00,1.523,10,603
2009-02-01T00:00:00.000+10:00,1.519,10,603
2009-02-02T00:00:00.000+10:00,1.514,10,603
2009-02-03T00:00:00.000+10:00,1.516,10,603
2009-02-04T00:00:00.000+10:00,1.518,10,603
2009-02-05T00:00:00.000+10:00,1.512,10,603
2009-02-06T00:00:00.000+10:00,1.504,10,603
2009-02-07T00:00:00.000+10:00,1.497,10,603
2009-02-08T00:00:00.000+10:00,1.493,10,603
2009-02-09T00:00:00.000+10:00,1.496,10,603
2009-02-10T00:00:00.000+10:00,1.492,10,603
2009-02-11T00:00:00.000+10:00,1.490,10,603
2009-02-12T00:00:00.000+10:00,1.505,10,603
2009-02-13T00:00:00.000+10:00,1.821,10,603
2009-02-14T00:00:00.000+10:00,2.442,10,603
2009-02-15T00:00:00.000+10:00,2.529,10,603
2009-02-16T00:00:00.000+10:00,3.757,10,603
2009-02-17T00:00:00.000+10:00,4.572,10,603
2009-02-18T00:00:00.000+10:00,2.868,10,603
2009-02-19T00:00:00.000+10:00,2.409,10,603
2009-02-20T00:00:00.000+10:00,2.228,10,603
2009-02-21T00:00:00.000+10:00,2.123,10,603
2009-02-22T00:00:00.000+10:00,2.090,10,603
2009-02-23T00:00:00.000+10:00,2.008,10,603
2009-02-24T00:00:00.000+10:00,1.956,10,603
2009-02-25T00:00:00.000+10:00,1.912,10,603
2009-02-26T00:00:00.000+10:00,1.908,10,603
2009-02-27T00:00:00.000+10:00,1.860,10,603
2009-02-28T00:00:00.000+10:00,1.822,10,603
2009-03-01T00:00:00.000+10:00,1.794,10,603
2009-03-02T00:00:00.000+10:00,1.770,10,603
2009-03-03T00:00:00.000+10:00,1.757,10,603
2009-03-04T00:00:00.000+10:00,1.741,10,603
2009-03-05T00:00:00.000+10:00,1.757,10,603
2009-03-06T00:00:00.000+10:00,1.715,10,603
2009-03-07T00:00:00.000+10:00,1.697,10,603
2009-03-08T00:00:00.000+10:00,1.686,10,603
2009-03-09T00:00:00.000+10:00,1.709,10,603
2009-03-10T00:00:00.000+10:00,2.068,10,603
2009-03-11T00:00:00.000+10:00,1.888,10,603
2009-03-12T00:00:00.000+10:00,1.852,10,603
2009-03-13T00:00:00.000+10:00,1.806,10,603
2009-03-14T00:00:00.000+10:00,1.774,10,603
2009-03-15T00:00:00.000+10:00,1.777,10,603
2009-03-16T00:00:00.000+10:00,1.756,10,603
2009-03-17T00:00:00.000+10:00,1.733,10,603
2009-03-18T00:00:00.000+10:00,1.713,10,603
2009-03-19T00:00:00.000+10:00,1.696,10,603
2009-03-20T00:00:00.000+10:00,1.683,10,603
2009-03-21T00:00:00.000+10:00,1.683,10,603
2009-03-22T00:00:00.000+10:00,1.706,10,603
2009-03-23T00:00:00.000+10:00,1.675,10,603
2009-03-24T00:00:00.000+10:00,1.660,10,603
2009-03-25T00:00:00.000+10:00,1.648,10,603
2009-03-26T00:00:00.000+10:00,1.638,10,603
2009-03-27T00:00:00.000+10:00,1.635,10,603
2009-03-28T00:00:00.000+10:00,1.717,10,603
2009-03-29T00:00:00.000+10:00,1.671,10,603
2009-03-30T00:00:00.000+10:00,1.872,10,603
2009-03-31T00:00:00.000+10:00,4.981,10,603
2009-04-01T00:00:00.000+10:00,4.611,10,603
2009-04-02T00:00:00.000+10:00,3.507,10,603
2009-04-03T00:00:00.000+10:00,2.904,10,603
2009-04-04T00:00:00.000+10:00,2.614,10,603
2009-04-05T00:00:00.000+10:00,2.448,10,603
2009-04-06T00:00:00.000+10:00,2.316,10,603
2009-04-07T00:00:00.000+10:00,2.205,10,603
2009-04-08T00:00:00.000+10:00,2.137,10,603
2009-04-09T00:00:00.000+10:00,2.086,10,603
2009-04-10T00:00:00.000+10:00,2.043,10,603
2009-04-11T00:00:00.000+10:00,2.008,10,603
2009-04-12T00:00:00.000+10:00,1.993,10,603
2009-04-13T00:00:00.000+10:00,2.006,10,603
2009-04-14T00:00:00.000+10:00,2.152,10,603
2009-04-15T00:00:00.000+10:00,2.185,10,603
2009-04-16T00:00:00.000+10:00,2.068,10,603
2009-04-17T00:00:00.000+10:00,2.019,10,603
2009-04-18T00:00:00.000+10:00,1.982,10,603
2009-04-19T00:00:00.000+10:00,1.953,10,603
2009-04-20T00:00:00.000+10:00,1.952,10,603
2009-04-21T00:00:00.000+10:00,2.282,10,603
2009-04-22T00:00:00.000+10:00,2.240,10,603
2009-04-23T00:00:00.000+10:00,2.228,10,603
2009-04-24T00:00:00.000+10:00,2.120,10,603
2009-04-25T00:00:00.000+10:00,2.067,10,603
2009-04-26T00:00:00.000+10:00,2.025,10,603
2009-04-27T00:00:00.000+10:00,1.989,10,603
2009-04-28T00:00:00.000+10:00,1.959,10,603
2009-04-29T00:00:00.000+10:00,1.933,10,603
2009-04-30T00:00:00.000+10:00,1.910,10,603
2009-05-01T00:00:00.000+10:00,1.888,10,603
2009-05-02T00:00:00.000+10:00,1.871,10,603
2009-05-03T00:00:00.000+10:00,1.860,10,603
2009-05-04T00:00:00.000+10:00,1.846,10,603
2009-05-05T00:00:00.000+10:00,1.831,10,603
2009-05-06T00:00:00.000+10:00,1.859,10,603
2009-05-07T00:00:00.000+10:00,1.838,10,603
2009-05-08T00:00:00.000+10:00,1.812,10,603
2009-05-09T00:00:00.000+10:00,1.799,10,603
2009-05-10T00:00:00.000+10:00,1.789,10,603
2009-05-11T00:00:00.000+10:00,1.782,10,603
2009-05-12T00:00:00.000+10:00,1.773,10,603
2009-05-13T00:00:00.000+10:00,1.765,10,603
2009-05-14T00:00:00.000+10:00,1.758,10,603
2009-05-15T00:00:00.000+10:00,1.750,10,603
2009-05-16T00:00:00.000+10:00,1.744,10,603
2009-05-17T00:00:00.000+10:00,1.738,10,603
2009-05-18T00:00:00.000+10:00,1.734,10,603
2009-05-19T00:00:00.000+10:00,1.761,10,603
2009-05-20T00:00:00.000+10:00,1.807,10,603
2009-05-21T00:00:00.000+10:00,3.485,10,603
2009-05-22T00:00:00.000+10:00,4.920,10,603
2009-05-23T00:00:00.000+10:00,4.283,10,603
2009-05-24T00:00:00.000+10:00,3.278,10,603
2009-05-25T00:00:00.000+10:00,2.655,10,603
2009-05-26T00:00:00.000+10:00,2.381,10,603
2009-05-27T00:00:00.000+10:00,2.251,10,603
2009-05-28T00:00:00.000+10:00,2.170,10,603
2009-05-29T00:00:00.000+10:00,2.112,10,603
2009-05-30T00:00:00.000+10:00,2.053,10,603
2009-05-31T00:00:00.000+10:00,2.011,10,603
2009-06-01T00:00:00.000+10:00,1.977,10,603
2009-06-02T00:00:00.000+10:00,1.951,10,603
2009-06-03T00:00:00.000+10:00,1.928,10,603
2009-06-04T00:00:00.000+10:00,1.903,10,603
2009-06-05T00:00:00.000+10:00,1.881,10,603
2009-06-06T00:00:00.000+10:00,1.861,10,603
2009-06-07T00:00:00.000+10:00,1.842,10,603
2009-06-08T00:00:00.000+10:00,1.825,10,603
2009-06-09T00:00:00.000+10:00,1.807,10,603
2009-06-10T00:00:00.000+10:00,1.792,10,603
2009-06-11T00:00:00.000+10:00,1.778,10,603
2009-06-12T00:00:00.000+10:00,1.765,10,603
2009-06-13T00:00:00.000+10:00,1.755,10,603
2009-06-14T00:00:00.000+10:00,1.745,10,603
2009-06-15T00:00:00.000+10:00,1.738,10,603
2009-06-16T00:00:00.000+10:00,1.733,10,603
2009-06-17T00:00:00.000+10:00,1.719,10,603
2009-06-18T00:00:00.000+10:00,1.750,10,603
2009-06-19T00:00:00.000+10:00,2.257,10,603
2009-06-20T00:00:00.000+10:00,3.147,10,603
2009-06-21T00:00:00.000+10:00,3.210,10,603
2009-06-22T00:00:00.000+10:00,3.886,10,603
2009-06-23T00:00:00.000+10:00,2.665,10,603
2009-06-24T00:00:00.000+10:00,2.333,10,603
2009-06-25T00:00:00.000+10:00,2.204,10,603
2009-06-26T00:00:00.000+10:00,2.133,10,603
2009-06-27T00:00:00.000+10:00,2.076,10,603
2009-06-28T00:00:00.000+10:00,2.028,10,603
2009-06-29T00:00:00.000+10:00,1.987,10,603
2009-06-30T00:00:00.000+10:00,1.952,10,603
2009-07-01T00:00:00.000+10:00,1.924,10,603
2009-07-02T00:00:00.000+10:00,1.897,10,603
2009-07-03T00:00:00.000+10:00,1.872,10,603
2009-07-04T00:00:00.000+10:00,1.849,10,603
2009-07-05T00:00:00.000+10:00,1.830,10,603
2009-07-06T00:00:00.000+10:00,1.813,10,603
2009-07-07T00:00:00.000+10:00,1.799,10,603
2009-07-08T00:00:00.000+10:00,1.792,10,603
2009-07-09T00:00:00.000+10:00,1.798,10,603
2009-07-10T00:00:00.000+10:00,1.876,10,603
2009-07-11T00:00:00.000+10:00,1.877,10,603
2009-07-12T00:00:00.000+10:00,1.808,10,603
2009-07-13T00:00:00.000+10:00,1.781,10,603
2009-07-14T00:00:00.000+10:00,1.763,10,603
2009-07-15T00:00:00.000+10:00,1.749,10,603
2009-07-16T00:00:00.000+10:00,1.738,10,603
2009-07-17T00:00:00.000+10:00,1.727,10,603
2009-07-18T00:00:00.000+10:00,1.716,10,603
2009-07-19T00:00:00.000+10:00,1.708,10,603
2009-07-20T00:00:00.000+10:00,1.700,10,603
2009-07-21T00:00:00.000+10:00,1.693,10,603
2009-07-22T00:00:00.000+10:00,1.687,10,603
2009-07-23T00:00:00.000+10:00,1.681,10,603
2009-07-24T00:00:00.000+10:00,1.672,10,603
2009-07-25T00:00:00.000+10:00,1.666,10,603
2009-07-26T00:00:00.000+10:00,1.662,10,603
2009-07-27T00:00:00.000+10:00,1.658,10,603
2009-07-28T00:00:00.000+10:00,1.652,10,603
2009-07-29T00:00:00.000+10:00,1.646,10,603
2009-07-30T00:00:00.000+10:00,1.641,10,603
2009-07-31T00:00:00.000+10:00,1.637,10,603
2009-08-01T00:00:00.000+10:00,1.632,10,603
2009-08-02T00:00:00.000+10:00,1.628,10,603
2009-08-03T00:00:00.000+10:00,1.624,10,603
2009-08-04T00:00:00.000+10:00,1.621,10,603
2009-08-05T00:00:00.000+10:00,1.617,10,603
2009-08-06T00:00:00.000+10:00,1.613,10,603
2009-08-07T00:00:00.000+10:00,1.610,10,603
2009-08-08T00:00:00.000+10:00,1.606,10,603
2009-08-09T00:00:00.000+10:00,1.601,10,603
2009-08-10T00:00:00.000+10:00,1.598,10,603
2009-08-11T00:00:00.000+10:00,1.596,10,603
2009-08-12T00:00:00.000+10:00,1.593,10,603
2009-08-13T00:00:00.000+10:00,1.591,10,603
2009-08-14T00:00:00.000+10:00,1.587,10,603
2009-08-15T00:00:00.000+10:00,1.584,10,603
2009-08-16T00:00:00.000+10:00,1.582,10,603
2009-08-17T00:00:00.000+10:00,1.580,10,603
2009-08-18T00:00:00.000+10:00,1.579,10,603
2009-08-19T00:00:00.000+10:00,1.573,10,603
2009-08-20T00:00:00.000+10:00,1.572,10,603
2009-08-21T00:00:00.000+10:00,1.572,10,603
2009-08-22T00:00:00.000+10:00,1.570,10,603
2009-08-23T00:00:00.000+10:00,1.567,10,603
2009-08-24T00:00:00.000+10:00,1.565,10,603
2009-08-25T00:00:00.000+10:00,1.561,10,603
2009-08-26T00:00:00.000+10:00,1.557,10,603
2009-08-27T00:00:00.000+10:00,1.554,10,603
2009-08-28T00:00:00.000+10:00,1.552,10,603
2009-08-29T00:00:00.000+10:00,1.550,10,603
2009-08-30T00:00:00.000+10:00,1.547,10,603
2009-08-31T00:00:00.000+10:00,1.546,10,603
2009-09-01T00:00:00.000+10:00,1.545,10,603
2009-09-02T00:00:00.000+10:00,1.542,10,603
2009-09-03T00:00:00.000+10:00,1.540,10,603
2009-09-04T00:00:00.000+10:00,1.537,10,603
2009-09-05T00:00:00.000+10:00,1.537,10,603
2009-09-06T00:00:00.000+10:00,1.535,10,603
2009-09-07T00:00:00.000+10:00,1.533,10,603
2009-09-08T00:00:00.000+10:00,1.534,10,603
2009-09-09T00:00:00.000+10:00,1.532,10,603
2009-09-10T00:00:00.000+10:00,1.528,10,603
2009-09-11T00:00:00.000+10:00,1.524,10,603
2009-09-12T00:00:00.000+10:00,1.521,10,603
2009-09-13T00:00:00.000+10:00,1.519,10,603
2009-09-14T00:00:00.000+10:00,1.517,10,603
2009-09-15T00:00:00.000+10:00,1.515,10,603
2009-09-16T00:00:00.000+10:00,1.513,10,603
2009-09-17T00:00:00.000+10:00,1.511,10,603
2009-09-18T00:00:00.000+10:00,1.509,10,603
2009-09-19T00:00:00.000+10:00,1.505,10,603
2009-09-20T00:00:00.000+10:00,1.504,10,603
2009-09-21T00:00:00.000+10:00,1.501,10,603
2009-09-22T00:00:00.000+10:00,1.501,10,603
2009-09-23T00:00:00.000+10:00,1.500,10,603
2009-09-24T00:00:00.000+10:00,1.496,10,603
2009-09-25T00:00:00.000+10:00,1.494,10,603
2009-09-26T00:00:00.000+10:00,1.490,10,603
2009-09-27T00:00:00.000+10:00,1.485,10,603
2009-09-28T00:00:00.000+10:00,1.483,10,603
2009-09-29T00:00:00.000+10:00,1.482,10,603
2009-09-30T00:00:00.000+10:00,1.480,10,603
2009-10-01T00:00:00.000+10:00,1.480,10,603
2009-10-02T00:00:00.000+10:00,1.480,10,603
2009-10-03T00:00:00.000+10:00,1.478,10,603
2009-10-04T00:00:00.000+10:00,1.481,10,603
2009-10-05T00:00:00.000+10:00,1.490,10,603
2009-10-06T00:00:00.000+10:00,1.493,10,603
2009-10-07T00:00:00.000+10:00,1.493,10,603
2009-10-08T00:00:00.000+10:00,1.490,10,603
2009-10-09T00:00:00.000+10:00,1.485,10,603
2009-10-10T00:00:00.000+10:00,1.482,10,603
2009-10-11T00:00:00.000+10:00,1.482,10,603
2009-10-12T00:00:00.000+10:00,1.482,10,603
2009-10-13T00:00:00.000+10:00,1.480,10,603
2009-10-14T00:00:00.000+10:00,1.476,10,603
2009-10-15T00:00:00.000+10:00,1.474,10,603
2009-10-16T00:00:00.000+10:00,1.472,10,603
2009-10-17T00:00:00.000+10:00,1.469,10,603
2009-10-18T00:00:00.000+10:00,1.466,10,603
2009-10-19T00:00:00.000+10:00,1.464,10,603
2009-10-20T00:00:00.000+10:00,1.462,10,603
2009-10-21T00:00:00.000+10:00,1.459,10,603
2009-10-22T00:00:00.000+10:00,1.457,10,603
2009-10-23T00:00:00.000+10:00,1.454,10,603
2009-10-24T00:00:00.000+10:00,1.451,10,603
2009-10-25T00:00:00.000+10:00,1.449,10,603
2009-10-26T00:00:00.000+10:00,1.819,10,603
2009-10-27T00:00:00.000+10:00,4.205,10,603
2009-10-28T00:00:00.000+10:00,2.512,10,603
2009-10-29T00:00:00.000+10:00,2.136,10,603
2009-10-30T00:00:00.000+10:00,1.997,10,603
2009-10-31T00:00:00.000+10:00,1.910,10,603
2009-11-01T00:00:00.000+10:00,1.860,10,603
2009-11-02T00:00:00.000+10:00,1.812,10,603
2009-11-03T00:00:00.000+10:00,1.778,10,603
2009-11-04T00:00:00.000+10:00,1.750,10,603
2009-11-05T00:00:00.000+10:00,1.755,10,603
2009-11-06T00:00:00.000+10:00,4.379,10,603
2009-11-07T00:00:00.000+10:00,4.031,10,603
2009-11-08T00:00:00.000+10:00,2.790,10,603
2009-11-09T00:00:00.000+10:00,3.151,10,603
2009-11-10T00:00:00.000+10:00,2.513,10,603
2009-11-11T00:00:00.000+10:00,2.275,10,603
2009-11-12T00:00:00.000+10:00,2.156,10,603
2009-11-13T00:00:00.000+10:00,2.084,10,603
2009-11-14T00:00:00.000+10:00,2.038,10,603
2009-11-15T00:00:00.000+10:00,1.985,10,603
2009-11-16T00:00:00.000+10:00,1.946,10,603
2009-11-17T00:00:00.000+10:00,1.915,10,603
2009-11-18T00:00:00.000+10:00,1.886,10,603
2009-11-19T00:00:00.000+10:00,1.860,10,603
2009-11-20T00:00:00.000+10:00,1.836,10,603
2009-11-21T00:00:00.000+10:00,1.816,10,603
2009-11-22T00:00:00.000+10:00,1.798,10,603
2009-11-23T00:00:00.000+10:00,1.780,10,603
2009-11-24T00:00:00.000+10:00,1.764,10,603
2009-11-25T00:00:00.000+10:00,1.751,10,603
2009-11-26T00:00:00.000+10:00,1.738,10,603
2009-11-27T00:00:00.000+10:00,1.727,10,603
2009-11-28T00:00:00.000+10:00,1.728,10,603
2009-11-29T00:00:00.000+10:00,1.738,10,603
2009-11-30T00:00:00.000+10:00,1.704,10,603
2009-12-01T00:00:00.000+10:00,1.697,10,603
2009-12-02T00:00:00.000+10:00,1.700,10,603
2009-12-03T00:00:00.000+10:00,1.687,10,603
2009-12-04T00:00:00.000+10:00,1.676,10,603
2009-12-05T00:00:00.000+10:00,1.667,10,603
2009-12-06T00:00:00.000+10:00,1.663,10,603
2009-12-07T00:00:00.000+10:00,1.657,10,603
2009-12-08T00:00:00.000+10:00,1.648,10,603
2009-12-09T00:00:00.000+10:00,1.638,10,603
2009-12-10T00:00:00.000+10:00,1.635,10,603
2009-12-11T00:00:00.000+10:00,1.634,10,603
2009-12-12T00:00:00.000+10:00,1.628,10,603
2009-12-13T00:00:00.000+10:00,1.623,10,603
2009-12-14T00:00:00.000+10:00,1.621,10,603
2009-12-15T00:00:00.000+10:00,1.908,10,603
2009-12-16T00:00:00.000+10:00,1.754,10,603
2009-12-17T00:00:00.000+10:00,1.703,10,603
2009-12-18T00:00:00.000+10:00,1.678,10,603
2009-12-19T00:00:00.000+10:00,1.673,10,603
2009-12-20T00:00:00.000+10:00,1.661,10,603
2009-12-21T00:00:00.000+10:00,1.647,10,603
2009-12-22T00:00:00.000+10:00,1.638,10,603
2009-12-23T00:00:00.000+10:00,1.645,10,603
2009-12-24T00:00:00.000+10:00,1.628,10,603
2009-12-25T00:00:00.000+10:00,1.619,10,603
2009-12-26T00:00:00.000+10:00,1.623,10,603
2009-12-27T00:00:00.000+10:00,1.663,10,603
2009-12-28T00:00:00.000+10:00,1.736,10,603
2009-12-29T00:00:00.000+10:00,2.340,10,603
2009-12-30T00:00:00.000+10:00,2.487,10,603
2009-12-31T00:00:00.000+10:00,2.370,10,603
2010-01-01T00:00:00.000+10:00,2.099,10,603
2010-01-02T00:00:00.000+10:00,1.995,10,603
2010-01-03T00:00:00.000+10:00,1.931,10,603
2010-01-04T00:00:00.000+10:00,1.925,10,603
2010-01-05T00:00:00.000+10:00,1.886,10,603
2010-01-06T00:00:00.000+10:00,1.849,10,603
2010-01-07T00:00:00.000+10:00,1.821,10,603
2010-01-08T00:00:00.000+10:00,1.796,10,603
2010-01-09T00:00:00.000+10:00,1.773,10,603
2010-01-10T00:00:00.000+10:00,1.755,10,603
2010-01-11T00:00:00.000+10:00,1.739,10,603
2010-01-12T00:00:00.000+10:00,1.727,10,603
2010-01-13T00:00:00.000+10:00,1.714,10,603
2010-01-14T00:00:00.000+10:00,1.702,10,603
2010-01-15T00:00:00.000+10:00,1.692,10,603
2010-01-16T00:00:00.000+10:00,1.689,10,603
2010-01-17T00:00:00.000+10:00,1.684,10,603
2010-01-18T00:00:00.000+10:00,1.715,10,603
2010-01-19T00:00:00.000+10:00,1.680,10,603
2010-01-20T00:00:00.000+10:00,1.664,10,603
2010-01-21T00:00:00.000+10:00,1.655,10,603
2010-01-22T00:00:00.000+10:00,1.647,10,603
2010-01-23T00:00:00.000+10:00,1.639,10,603
2010-01-24T00:00:00.000+10:00,1.631,10,603
2010-01-25T00:00:00.000+10:00,1.624,10,603
2010-01-26T00:00:00.000+10:00,1.619,10,603
2010-01-27T00:00:00.000+10:00,1.617,10,603
2010-01-28T00:00:00.000+10:00,1.615,10,603
2010-01-29T00:00:00.000+10:00,1.617,10,603
2010-01-30T00:00:00.000+10:00,1.611,10,603
2010-01-31T00:00:00.000+10:00,1.614,10,603
2010-02-01T00:00:00.000+10:00,1.628,10,603
2010-02-02T00:00:00.000+10:00,1.646,10,603
2010-02-03T00:00:00.000+10:00,2.077,10,603
2010-02-04T00:00:00.000+10:00,1.923,10,603
2010-02-05T00:00:00.000+10:00,1.851,10,603
2010-02-06T00:00:00.000+10:00,1.801,10,603
2010-02-07T00:00:00.000+10:00,3.406,10,603
2010-02-08T00:00:00.000+10:00,2.538,10,603
2010-02-09T00:00:00.000+10:00,2.245,10,603
2010-02-10T00:00:00.000+10:00,2.145,10,603
2010-02-11T00:00:00.000+10:00,2.059,10,603
2010-02-12T00:00:00.000+10:00,1.998,10,603
2010-02-13T00:00:00.000+10:00,1.956,10,603
2010-02-14T00:00:00.000+10:00,1.920,10,603
2010-02-15T00:00:00.000+10:00,1.898,10,603
2010-02-16T00:00:00.000+10:00,1.894,10,603
2010-02-17T00:00:00.000+10:00,1.857,10,603
2010-02-18T00:00:00.000+10:00,1.836,10,603
2010-02-19T00:00:00.000+10:00,1.820,10,603
2010-02-20T00:00:00.000+10:00,1.815,10,603
2010-02-21T00:00:00.000+10:00,1.801,10,603
2010-02-22T00:00:00.000+10:00,1.783,10,603
2010-02-23T00:00:00.000+10:00,1.773,10,603
2010-02-24T00:00:00.000+10:00,1.793,10,603
2010-02-25T00:00:00.000+10:00,1.777,10,603
2010-02-26T00:00:00.000+10:00,1.786,10,603
2010-02-27T00:00:00.000+10:00,1.811,10,603
2010-02-28T00:00:00.000+10:00,1.787,10,603
2010-03-01T00:00:00.000+10:00,1.775,10,603
2010-03-02T00:00:00.000+10:00,2.178,10,603
2010-03-03T00:00:00.000+10:00,2.384,10,603
2010-03-04T00:00:00.000+10:00,2.161,10,603
2010-03-05T00:00:00.000+10:00,2.075,10,603
2010-03-06T00:00:00.000+10:00,2.050,10,603
2010-03-07T00:00:00.000+10:00,2.013,10,603
2010-03-08T00:00:00.000+10:00,1.985,10,603
2010-03-09T00:00:00.000+10:00,1.956,10,603
2010-03-10T00:00:00.000+10:00,1.929,10,603
2010-03-11T00:00:00.000+10:00,1.962,10,603
2010-03-12T00:00:00.000+10:00,2.015,10,603
2010-03-13T00:00:00.000+10:00,2.035,10,603
2010-03-14T00:00:00.000+10:00,2.048,10,603
2010-03-15T00:00:00.000+10:00,2.007,10,603
2010-03-16T00:00:00.000+10:00,1.979,10,603
2010-03-17T00:00:00.000+10:00,1.950,10,603
2010-03-18T00:00:00.000+10:00,1.923,10,603
2010-03-19T00:00:00.000+10:00,1.900,10,603
2010-03-20T00:00:00.000+10:00,1.880,10,603
2010-03-21T00:00:00.000+10:00,1.864,10,603
2010-03-22T00:00:00.000+10:00,1.849,10,603
2010-03-23T00:00:00.000+10:00,1.836,10,603
2010-03-24T00:00:00.000+10:00,1.825,10,603
2010-03-25T00:00:00.000+10:00,1.814,10,603
2010-03-26T00:00:00.000+10:00,1.803,10,603
2010-03-27T00:00:00.000+10:00,1.792,10,603
2010-03-28T00:00:00.000+10:00,1.782,10,603
2010-03-29T00:00:00.000+10:00,1.774,10,603
2010-03-30T00:00:00.000+10:00,1.766,10,603
2010-03-31T00:00:00.000+10:00,1.780,10,603
2010-04-01T00:00:00.000+10:00,1.833,10,603
2010-04-02T00:00:00.000+10:00,1.777,10,603
2010-04-03T00:00:00.000+10:00,1.756,10,603
2010-04-04T00:00:00.000+10:00,1.745,10,603
2010-04-05T00:00:00.000+10:00,1.737,10,603
2010-04-06T00:00:00.000+10:00,1.732,10,603
2010-04-07T00:00:00.000+10:00,1.728,10,603
2010-04-08T00:00:00.000+10:00,1.723,10,603
2010-04-09T00:00:00.000+10:00,1.719,10,603
2010-04-10T00:00:00.000+10:00,1.712,10,603
2010-04-11T00:00:00.000+10:00,1.705,10,603
2010-04-12T00:00:00.000+10:00,1.700,10,603
2010-04-13T00:00:00.000+10:00,1.693,10,603
2010-04-14T00:00:00.000+10:00,1.687,10,603
2010-04-15T00:00:00.000+10:00,1.682,10,603
2010-04-16T00:00:00.000+10:00,1.681,10,603
2010-04-17T00:00:00.000+10:00,1.721,10,603
2010-04-18T00:00:00.000+10:00,1.718,10,603
2010-04-19T00:00:00.000+10:00,1.703,10,603
2010-04-20T00:00:00.000+10:00,1.712,10,603
2010-04-21T00:00:00.000+10:00,1.723,10,603
2010-04-22T00:00:00.000+10:00,1.701,10,603
2010-04-23T00:00:00.000+10:00,1.689,10,603
2010-04-24T00:00:00.000+10:00,1.680,10,603
2010-04-25T00:00:00.000+10:00,1.676,10,603
2010-04-26T00:00:00.000+10:00,1.686,10,603
2010-04-27T00:00:00.000+10:00,1.671,10,603
2010-04-28T00:00:00.000+10:00,1.665,10,603
2010-04-29T00:00:00.000+10:00,1.660,10,603
2010-04-30T00:00:00.000+10:00,1.655,10,603
2010-05-01T00:00:00.000+10:00,1.651,10,603
2010-05-02T00:00:00.000+10:00,1.648,10,603
2010-05-03T00:00:00.000+10:00,1.644,10,603
2010-05-04T00:00:00.000+10:00,1.653,10,603
2010-05-05T00:00:00.000+10:00,1.665,10,603
2010-05-06T00:00:00.000+10:00,1.650,10,603
2010-05-07T00:00:00.000+10:00,1.642,10,603
2010-05-08T00:00:00.000+10:00,1.638,10,603
2010-05-09T00:00:00.000+10:00,1.634,10,603
2010-05-10T00:00:00.000+10:00,1.631,10,603
2010-05-11T00:00:00.000+10:00,1.637,10,603
2010-05-12T00:00:00.000+10:00,1.639,10,603
2010-05-13T00:00:00.000+10:00,1.629,10,603
2010-05-14T00:00:00.000+10:00,1.624,10,603
2010-05-15T00:00:00.000+10:00,1.621,10,603
2010-05-16T00:00:00.000+10:00,1.619,10,603
2010-05-17T00:00:00.000+10:00,1.618,10,603
2010-05-18T00:00:00.000+10:00,1.629,10,603
2010-05-19T00:00:00.000+10:00,1.624,10,603
2010-05-20T00:00:00.000+10:00,1.617,10,603
2010-05-21T00:00:00.000+10:00,1.614,10,603
2010-05-22T00:00:00.000+10:00,1.645,10,603
2010-05-23T00:00:00.000+10:00,1.643,10,603
2010-05-24T00:00:00.000+10:00,1.631,10,603
2010-05-25T00:00:00.000+10:00,1.625,10,603
2010-05-26T00:00:00.000+10:00,1.621,10,603
2010-05-27T00:00:00.000+10:00,1.622,10,603
2010-05-28T00:00:00.000+10:00,1.658,10,603
2010-05-29T00:00:00.000+10:00,1.646,10,603
2010-05-30T00:00:00.000+10:00,1.645,10,603
2010-05-31T00:00:00.000+10:00,1.633,10,603
2010-06-01T00:00:00.000+10:00,1.625,10,603
2010-06-02T00:00:00.000+10:00,1.627,10,603
2010-06-03T00:00:00.000+10:00,1.798,10,603
2010-06-04T00:00:00.000+10:00,1.955,10,603
2010-06-05T00:00:00.000+10:00,1.870,10,603
2010-06-06T00:00:00.000+10:00,1.808,10,603
2010-06-07T00:00:00.000+10:00,1.771,10,603
2010-06-08T00:00:00.000+10:00,1.746,10,603
2010-06-09T00:00:00.000+10:00,1.727,10,603
2010-06-10T00:00:00.000+10:00,1.712,10,603
2010-06-11T00:00:00.000+10:00,1.697,10,603
2010-06-12T00:00:00.000+10:00,1.685,10,603
2010-06-13T00:00:00.000+10:00,1.674,10,603
2010-06-14T00:00:00.000+10:00,1.665,10,603
2010-06-15T00:00:00.000+10:00,1.671,10,603
2010-06-16T00:00:00.000+10:00,1.662,10,603
2010-06-17T00:00:00.000+10:00,1.653,10,603
2010-06-18T00:00:00.000+10:00,1.648,10,603
2010-06-19T00:00:00.000+10:00,1.642,10,603
2010-06-20T00:00:00.000+10:00,1.637,10,603
2010-06-21T00:00:00.000+10:00,1.632,10,603
2010-06-22T00:00:00.000+10:00,1.629,10,603
2010-06-23T00:00:00.000+10:00,1.639,10,603
2010-06-24T00:00:00.000+10:00,1.637,10,603
2010-06-25T00:00:00.000+10:00,1.632,10,603
2010-06-26T00:00:00.000+10:00,1.627,10,603
2010-06-27T00:00:00.000+10:00,1.626,10,603
2010-06-28T00:00:00.000+10:00,1.624,10,603
2010-06-29T00:00:00.000+10:00,1.619,10,603
2010-06-30T00:00:00.000+10:00,1.616,10,603
2010-07-01T00:00:00.000+10:00,1.613,10,603
2010-07-02T00:00:00.000+10:00,1.612,10,603
2010-07-03T00:00:00.000+10:00,1.615,10,603
2010-07-04T00:00:00.000+10:00,1.610,10,603
2010-07-05T00:00:00.000+10:00,1.605,10,603
2010-07-06T00:00:00.000+10:00,1.604,10,603
2010-07-07T00:00:00.000+10:00,1.603,10,603
2010-07-08T00:00:00.000+10:00,1.602,10,603
2010-07-09T00:00:00.000+10:00,1.601,10,603
2010-07-10T00:00:00.000+10:00,1.599,10,603
2010-07-11T00:00:00.000+10:00,1.597,10,603
2010-07-12T00:00:00.000+10:00,1.594,10,603
2010-07-13T00:00:00.000+10:00,1.592,10,603
2010-07-14T00:00:00.000+10:00,1.590,10,603
2010-07-15T00:00:00.000+10:00,1.588,10,603
2010-07-16T00:00:00.000+10:00,1.585,10,603
2010-07-17T00:00:00.000+10:00,1.583,10,603
2010-07-18T00:00:00.000+10:00,1.582,10,603
2010-07-19T00:00:00.000+10:00,1.582,10,603
2010-07-20T00:00:00.000+10:00,1.582,10,603
2010-07-21T00:00:00.000+10:00,1.579,10,603
2010-07-22T00:00:00.000+10:00,1.576,10,603
2010-07-23T00:00:00.000+10:00,1.573,10,603
2010-07-24T00:00:00.000+10:00,1.571,10,603
2010-07-25T00:00:00.000+10:00,1.571,10,603
2010-07-26T00:00:00.000+10:00,1.570,10,603
2010-07-27T00:00:00.000+10:00,1.571,10,603
2010-07-28T00:00:00.000+10:00,1.804,10,603
2010-07-29T00:00:00.000+10:00,1.822,10,603
2010-07-30T00:00:00.000+10:00,1.729,10,603
2010-07-31T00:00:00.000+10:00,1.694,10,603
2010-08-01T00:00:00.000+10:00,1.676,10,603
2010-08-02T00:00:00.000+10:00,1.661,10,603
2010-08-03T00:00:00.000+10:00,1.648,10,603
2010-08-04T00:00:00.000+10:00,1.639,10,603
2010-08-05T00:00:00.000+10:00,1.633,10,603
2010-08-06T00:00:00.000+10:00,1.626,10,603
2010-08-07T00:00:00.000+10:00,1.619,10,603
2010-08-08T00:00:00.000+10:00,1.612,10,603
2010-08-09T00:00:00.000+10:00,1.606,10,603
2010-08-10T00:00:00.000+10:00,1.608,10,603
2010-08-11T00:00:00.000+10:00,1.628,10,603
2010-08-12T00:00:00.000+10:00,1.615,10,603
2010-08-13T00:00:00.000+10:00,1.602,10,603
2010-08-14T00:00:00.000+10:00,1.596,10,603
2010-08-15T00:00:00.000+10:00,1.592,10,603
2010-08-16T00:00:00.000+10:00,1.589,10,603
2010-08-17T00:00:00.000+10:00,1.587,10,603
2010-08-18T00:00:00.000+10:00,1.585,10,603
2010-08-19T00:00:00.000+10:00,1.583,10,603
2010-08-20T00:00:00.000+10:00,1.581,10,603
2010-08-21T00:00:00.000+10:00,1.578,10,603
2010-08-22T00:00:00.000+10:00,1.575,10,603
2010-08-23T00:00:00.000+10:00,1.575,10,603
2010-08-24T00:00:00.000+10:00,1.576,10,603
2010-08-25T00:00:00.000+10:00,1.574,10,603
2010-08-26T00:00:00.000+10:00,1.570,10,603
2010-08-27T00:00:00.000+10:00,1.567,10,603
2010-08-28T00:00:00.000+10:00,1.563,10,603
2010-08-29T00:00:00.000+10:00,1.561,10,603
2010-08-30T00:00:00.000+10:00,1.559,10,603
2010-08-31T00:00:00.000+10:00,1.559,10,603
2010-09-01T00:00:00.000+10:00,1.557,10,603
2010-09-02T00:00:00.000+10:00,1.555,10,603
2010-09-03T00:00:00.000+10:00,1.554,10,603
2010-09-04T00:00:00.000+10:00,1.560,10,603
2010-09-05T00:00:00.000+10:00,1.564,10,603
2010-09-06T00:00:00.000+10:00,1.562,10,603
2010-09-07T00:00:00.000+10:00,1.559,10,603
2010-09-08T00:00:00.000+10:00,1.556,10,603
2010-09-09T00:00:00.000+10:00,1.553,10,603
2010-09-10T00:00:00.000+10:00,1.552,10,603
2010-09-11T00:00:00.000+10:00,1.550,10,603
2010-09-12T00:00:00.000+10:00,1.548,10,603
2010-09-13T00:00:00.000+10:00,1.546,10,603
2010-09-14T00:00:00.000+10:00,1.545,10,603
2010-09-15T00:00:00.000+10:00,1.543,10,603
2010-09-16T00:00:00.000+10:00,1.541,10,603
2010-09-17T00:00:00.000+10:00,1.539,10,603
2010-09-18T00:00:00.000+10:00,1.538,10,603
2010-09-19T00:00:00.000+10:00,1.536,10,603
2010-09-20T00:00:00.000+10:00,1.542,10,603
2010-09-21T00:00:00.000+10:00,1.545,10,603
2010-09-22T00:00:00.000+10:00,1.544,10,603
2010-09-23T00:00:00.000+10:00,1.543,10,603
2010-09-24T00:00:00.000+10:00,1.545,10,603
2010-09-25T00:00:00.000+10:00,1.544,10,603
2010-09-26T00:00:00.000+10:00,1.542,10,603
2010-09-27T00:00:00.000+10:00,1.540,10,603
2010-09-28T00:00:00.000+10:00,1.539,10,603
2010-09-29T00:00:00.000+10:00,1.541,10,603
2010-09-30T00:00:00.000+10:00,1.541,10,603
2010-10-01T00:00:00.000+10:00,1.541,10,603
2010-10-02T00:00:00.000+10:00,1.551,10,603
2010-10-03T00:00:00.000+10:00,2.279,10,603
2010-10-04T00:00:00.000+10:00,4.562,10,603
2010-10-05T00:00:00.000+10:00,3.483,10,603
2010-10-06T00:00:00.000+10:00,2.572,10,603
2010-10-07T00:00:00.000+10:00,2.271,10,603
2010-10-08T00:00:00.000+10:00,2.193,10,603
2010-10-09T00:00:00.000+10:00,2.143,10,603
2010-10-10T00:00:00.000+10:00,2.105,10,603
2010-10-11T00:00:00.000+10:00,2.249,10,603
2010-10-12T00:00:00.000+10:00,2.307,10,603
2010-10-13T00:00:00.000+10:00,2.179,10,603
2010-10-14T00:00:00.000+10:00,2.086,10,603
2010-10-15T00:00:00.000+10:00,2.019,10,603
2010-10-16T00:00:00.000+10:00,2.009,10,603
2010-10-17T00:00:00.000+10:00,1.937,10,603
2010-10-18T00:00:00.000+10:00,1.898,10,603
2010-10-19T00:00:00.000+10:00,1.871,10,603
2010-10-20T00:00:00.000+10:00,1.873,10,603
2010-10-21T00:00:00.000+10:00,1.837,10,603
2010-10-22T00:00:00.000+10:00,1.815,10,603
2010-10-23T00:00:00.000+10:00,1.798,10,603
2010-10-24T00:00:00.000+10:00,1.786,10,603
2010-10-25T00:00:00.000+10:00,1.946,10,603
2010-10-26T00:00:00.000+10:00,1.935,10,603
2010-10-27T00:00:00.000+10:00,1.877,10,603
2010-10-28T00:00:00.000+10:00,1.871,10,603
2010-10-29T00:00:00.000+10:00,1.891,10,603
2010-10-30T00:00:00.000+10:00,1.839,10,603
2010-10-31T00:00:00.000+10:00,1.816,10,603
2010-11-01T00:00:00.000+10:00,1.800,10,603
2010-11-02T00:00:00.000+10:00,1.791,10,603
2010-11-03T00:00:00.000+10:00,1.771,10,603
2010-11-04T00:00:00.000+10:00,1.794,10,603
2010-11-05T00:00:00.000+10:00,1.918,10,603
2010-11-06T00:00:00.000+10:00,2.899,10,603
2010-11-07T00:00:00.000+10:00,2.342,10,603
2010-11-08T00:00:00.000+10:00,2.157,10,603
2010-11-09T00:00:00.000+10:00,2.059,10,603
2010-11-10T00:00:00.000+10:00,1.993,10,603
2010-11-11T00:00:00.000+10:00,1.948,10,603
2010-11-12T00:00:00.000+10:00,1.913,10,603
2010-11-13T00:00:00.000+10:00,1.881,10,603
2010-11-14T00:00:00.000+10:00,1.853,10,603
2010-11-15T00:00:00.000+10:00,1.831,10,603
2010-11-16T00:00:00.000+10:00,1.855,10,603
2010-11-17T00:00:00.000+10:00,2.249,10,603
2010-11-18T00:00:00.000+10:00,2.086,10,603
2010-11-19T00:00:00.000+10:00,2.094,10,603
2010-11-20T00:00:00.000+10:00,2.073,10,603
2010-11-21T00:00:00.000+10:00,2.028,10,603
2010-11-22T00:00:00.000+10:00,1.988,10,603
2010-11-23T00:00:00.000+10:00,1.952,10,603
2010-11-24T00:00:00.000+10:00,1.932,10,603
2010-11-25T00:00:00.000+10:00,1.899,10,603
2010-11-26T00:00:00.000+10:00,1.875,10,603
2010-11-27T00:00:00.000+10:00,1.861,10,603
2010-11-28T00:00:00.000+10:00,1.839,10,603
2010-11-29T00:00:00.000+10:00,1.822,10,603
2010-11-30T00:00:00.000+10:00,1.860,10,603
2010-12-01T00:00:00.000+10:00,2.187,10,603
2010-12-02T00:00:00.000+10:00,2.453,10,603
2010-12-03T00:00:00.000+10:00,2.282,10,603
2010-12-04T00:00:00.000+10:00,2.173,10,603
2010-12-05T00:00:00.000+10:00,2.131,10,603
2010-12-06T00:00:00.000+10:00,2.086,10,603
2010-12-07T00:00:00.000+10:00,2.031,10,603
2010-12-08T00:00:00.000+10:00,2.029,10,603
2010-12-09T00:00:00.000+10:00,1.994,10,603
2010-12-10T00:00:00.000+10:00,1.966,10,603
2010-12-11T00:00:00.000+10:00,2.006,10,603
2010-12-12T00:00:00.000+10:00,1.958,10,603
2010-12-13T00:00:00.000+10:00,1.931,10,603
2010-12-14T00:00:00.000+10:00,1.974,10,603
2010-12-15T00:00:00.000+10:00,1.921,10,603
2010-12-16T00:00:00.000+10:00,1.899,10,603
2010-12-17T00:00:00.000+10:00,1.907,10,603
2010-12-18T00:00:00.000+10:00,1.875,10,603
2010-12-19T00:00:00.000+10:00,1.858,10,603
2010-12-20T00:00:00.000+10:00,1.842,10,603
2010-12-21T00:00:00.000+10:00,1.822,10,603
2010-12-22T00:00:00.000+10:00,1.819,10,603
2010-12-23T00:00:00.000+10:00,1.832,10,603
2010-12-24T00:00:00.000+10:00,1.894,10,603
2010-12-25T00:00:00.000+10:00,2.477,10,603
2010-12-26T00:00:00.000+10:00,2.184,10,603
2010-12-27T00:00:00.000+10:00,2.078,10,603
2010-12-28T00:00:00.000+10:00,2.395,10,603
2010-12-29T00:00:00.000+10:00,2.267,10,603
2010-12-30T00:00:00.000+10:00,2.154,10,603
2010-12-31T00:00:00.000+10:00,2.078,10,603
2011-01-01T00:00:00.000+10:00,2.022,10,603
2011-01-02T00:00:00.000+10:00,1.977,10,603
2011-01-03T00:00:00.000+10:00,1.944,10,603
2011-01-04T00:00:00.000+10:00,1.918,10,603
2011-01-05T00:00:00.000+10:00,1.901,10,603
2011-01-06T00:00:00.000+10:00,2.228,10,603
2011-01-07T00:00:00.000+10:00,2.200,10,603
2011-01-08T00:00:00.000+10:00,2.130,10,603
2011-01-09T00:00:00.000+10:00,2.175,10,603
2011-01-10T00:00:00.000+10:00,3.281,10,603
2011-01-11T00:00:00.000+10:00,3.914,10,603
2011-01-12T00:00:00.000+10:00,3.101,10,603
2011-01-13T00:00:00.000+10:00,2.718,10,603
2011-01-14T00:00:00.000+10:00,2.461,10,603
2011-01-15T00:00:00.000+10:00,2.314,10,603
2011-01-16T00:00:00.000+10:00,2.216,10,603
2011-01-17T00:00:00.000+10:00,2.147,10,603
2011-01-18T00:00:00.000+10:00,2.096,10,603
2011-01-19T00:00:00.000+10:00,2.136,10,603
2011-01-20T00:00:00.000+10:00,2.094,10,603
2011-01-21T00:00:00.000+10:00,2.027,10,603
2011-01-22T00:00:00.000+10:00,1.988,10,603
2011-01-23T00:00:00.000+10:00,1.959,10,603
2011-01-24T00:00:00.000+10:00,1.934,10,603
2011-01-25T00:00:00.000+10:00,1.913,10,603
2011-01-26T00:00:00.000+10:00,1.892,10,603
2011-01-27T00:00:00.000+10:00,1.879,10,603
2011-01-28T00:00:00.000+10:00,1.869,10,603
2011-01-29T00:00:00.000+10:00,1.862,10,603
2011-01-30T00:00:00.000+10:00,1.844,10,603
2011-01-31T00:00:00.000+10:00,1.831,10,603
2011-02-01T00:00:00.000+10:00,1.818,10,603
2011-02-02T00:00:00.000+10:00,1.807,10,603
2011-02-03T00:00:00.000+10:00,1.797,10,603
2011-02-04T00:00:00.000+10:00,1.785,10,603
2011-02-05T00:00:00.000+10:00,1.773,10,603
2011-02-06T00:00:00.000+10:00,1.764,10,603
2011-02-07T00:00:00.000+10:00,1.759,10,603
2011-02-08T00:00:00.000+10:00,1.756,10,603
2011-02-09T00:00:00.000+10:00,1.752,10,603
2011-02-10T00:00:00.000+10:00,1.760,10,603
2011-02-11T00:00:00.000+10:00,1.751,10,603
2011-02-12T00:00:00.000+10:00,1.733,10,603
2011-02-13T00:00:00.000+10:00,1.756,10,603
2011-02-14T00:00:00.000+10:00,2.050,10,603
2011-02-15T00:00:00.000+10:00,1.995,10,603
2011-02-16T00:00:00.000+10:00,1.915,10,603
2011-02-17T00:00:00.000+10:00,1.876,10,603
2011-02-18T00:00:00.000+10:00,1.834,10,603
2011-02-19T00:00:00.000+10:00,1.806,10,603
2011-02-20T00:00:00.000+10:00,1.787,10,603
2011-02-21T00:00:00.000+10:00,1.852,10,603
2011-02-22T00:00:00.000+10:00,2.111,10,603
2011-02-23T00:00:00.000+10:00,1.948,10,603
2011-02-24T00:00:00.000+10:00,1.893,10,603
2011-02-25T00:00:00.000+10:00,1.860,10,603
2011-02-26T00:00:00.000+10:00,1.834,10,603
2011-02-27T00:00:00.000+10:00,1.817,10,603
2011-02-28T00:00:00.000+10:00,1.832,10,603
2011-03-01T00:00:00.000+10:00,1.799,10,603
2011-03-02T00:00:00.000+10:00,1.792,10,603
2011-03-03T00:00:00.000+10:00,1.793,10,603
2011-03-04T00:00:00.000+10:00,1.820,10,603
2011-03-05T00:00:00.000+10:00,2.008,10,603
2011-03-06T00:00:00.000+10:00,2.060,10,603
2011-03-07T00:00:00.000+10:00,1.995,10,603
2011-03-08T00:00:00.000+10:00,1.980,10,603
2011-03-09T00:00:00.000+10:00,1.947,10,603
2011-03-10T00:00:00.000+10:00,1.915,10,603
2011-03-11T00:00:00.000+10:00,1.919,10,603
2011-03-12T00:00:00.000+10:00,2.016,10,603
2011-03-13T00:00:00.000+10:00,1.932,10,603
2011-03-14T00:00:00.000+10:00,1.896,10,603
2011-03-15T00:00:00.000+10:00,1.870,10,603
2011-03-16T00:00:00.000+10:00,1.849,10,603
2011-03-17T00:00:00.000+10:00,1.839,10,603
2011-03-18T00:00:00.000+10:00,1.844,10,603
2011-03-19T00:00:00.000+10:00,1.817,10,603
2011-03-20T00:00:00.000+10:00,1.806,10,603
2011-03-21T00:00:00.000+10:00,1.793,10,603
2011-03-22T00:00:00.000+10:00,1.782,10,603
2011-03-23T00:00:00.000+10:00,1.773,10,603
2011-03-24T00:00:00.000+10:00,1.761,10,603
2011-03-25T00:00:00.000+10:00,1.749,10,603
2011-03-26T00:00:00.000+10:00,1.740,10,603
2011-03-27T00:00:00.000+10:00,1.730,10,603
2011-03-28T00:00:00.000+10:00,1.727,10,603
2011-03-29T00:00:00.000+10:00,1.742,10,603
2011-03-30T00:00:00.000+10:00,1.755,10,603
2011-03-31T00:00:00.000+10:00,1.727,10,603
2011-04-01T00:00:00.000+10:00,1.769,10,603
2011-04-02T00:00:00.000+10:00,1.745,10,603
2011-04-03T00:00:00.000+10:00,1.736,10,603
2011-04-04T00:00:00.000+10:00,1.717,10,603
2011-04-05T00:00:00.000+10:00,1.717,10,603
2011-04-06T00:00:00.000+10:00,1.846,10,603
2011-04-07T00:00:00.000+10:00,1.964,10,603
2011-04-08T00:00:00.000+10:00,2.062,10,603
2011-04-09T00:00:00.000+10:00,1.964,10,603
2011-04-10T00:00:00.000+10:00,1.911,10,603
2011-04-11T00:00:00.000+10:00,1.874,10,603
2011-04-12T00:00:00.000+10:00,1.843,10,603
2011-04-13T00:00:00.000+10:00,1.817,10,603
2011-04-14T00:00:00.000+10:00,1.797,10,603
2011-04-15T00:00:00.000+10:00,1.781,10,603
2011-04-16T00:00:00.000+10:00,1.803,10,603
2011-04-17T00:00:00.000+10:00,1.814,10,603
2011-04-18T00:00:00.000+10:00,1.907,10,603
2011-04-19T00:00:00.000+10:00,1.818,10,603
2011-04-20T00:00:00.000+10:00,1.798,10,603
2011-04-21T00:00:00.000+10:00,1.785,10,603
2011-04-22T00:00:00.000+10:00,1.776,10,603
2011-04-23T00:00:00.000+10:00,1.764,10,603
2011-04-24T00:00:00.000+10:00,1.752,10,603
2011-04-25T00:00:00.000+10:00,1.747,10,603
2011-04-26T00:00:00.000+10:00,1.948,10,603
2011-04-27T00:00:00.000+10:00,2.170,10,603
2011-04-28T00:00:00.000+10:00,2.082,10,603
2011-04-29T00:00:00.000+10:00,2.100,10,603
2011-04-30T00:00:00.000+10:00,2.057,10,603
2011-05-01T00:00:00.000+10:00,2.004,10,603
2011-05-02T00:00:00.000+10:00,1.959,10,603
2011-05-03T00:00:00.000+10:00,1.924,10,603
2011-05-04T00:00:00.000+10:00,1.938,10,603
2011-05-05T00:00:00.000+10:00,1.890,10,603
2011-05-06T00:00:00.000+10:00,1.863,10,603
2011-05-07T00:00:00.000+10:00,1.845,10,603
2011-05-08T00:00:00.000+10:00,1.829,10,603
2011-05-09T00:00:00.000+10:00,1.816,10,603
2011-05-10T00:00:00.000+10:00,1.806,10,603
2011-05-11T00:00:00.000+10:00,1.791,10,603
2011-05-12T00:00:00.000+10:00,1.780,10,603
2011-05-13T00:00:00.000+10:00,1.770,10,603
2011-05-14T00:00:00.000+10:00,1.761,10,603
2011-05-15T00:00:00.000+10:00,1.751,10,603
2011-05-16T00:00:00.000+10:00,1.743,10,603
2011-05-17T00:00:00.000+10:00,1.736,10,603
2011-05-18T00:00:00.000+10:00,1.730,10,603
2011-05-19T00:00:00.000+10:00,1.739,10,603
2011-05-20T00:00:00.000+10:00,1.725,10,603
2011-05-21T00:00:00.000+10:00,1.717,10,603
2011-05-22T00:00:00.000+10:00,1.711,10,603
2011-05-23T00:00:00.000+10:00,1.712,10,603
2011-05-24T00:00:00.000+10:00,1.710,10,603
2011-05-25T00:00:00.000+10:00,1.701,10,603
2011-05-26T00:00:00.000+10:00,1.693,10,603
2011-05-27T00:00:00.000+10:00,1.686,10,603
2011-05-28T00:00:00.000+10:00,1.681,10,603
2011-05-29T00:00:00.000+10:00,1.676,10,603
2011-05-30T00:00:00.000+10:00,1.703,10,603
2011-05-31T00:00:00.000+10:00,1.711,10,603
2011-06-01T00:00:00.000+10:00,2.105,10,603
2011-06-02T00:00:00.000+10:00,2.429,10,603
2011-06-03T00:00:00.000+10:00,2.073,10,603
2011-06-04T00:00:00.000+10:00,1.942,10,603
2011-06-05T00:00:00.000+10:00,1.885,10,603
2011-06-06T00:00:00.000+10:00,1.850,10,603
2011-06-07T00:00:00.000+10:00,1.822,10,603
2011-06-08T00:00:00.000+10:00,1.800,10,603
2011-06-09T00:00:00.000+10:00,1.781,10,603
2011-06-10T00:00:00.000+10:00,1.767,10,603
2011-06-11T00:00:00.000+10:00,1.756,10,603
2011-06-12T00:00:00.000+10:00,1.995,10,603
2011-06-13T00:00:00.000+10:00,2.857,10,603
2011-06-14T00:00:00.000+10:00,4.517,10,603
2011-06-15T00:00:00.000+10:00,2.998,10,603
2011-06-16T00:00:00.000+10:00,3.053,10,603
2011-06-17T00:00:00.000+10:00,2.517,10,603
2011-06-18T00:00:00.000+10:00,2.310,10,603
2011-06-19T00:00:00.000+10:00,2.195,10,603
2011-06-20T00:00:00.000+10:00,2.118,10,603
2011-06-21T00:00:00.000+10:00,2.060,10,603
2011-06-22T00:00:00.000+10:00,2.014,10,603
2011-06-23T00:00:00.000+10:00,1.979,10,603
2011-06-24T00:00:00.000+10:00,1.949,10,603
2011-06-25T00:00:00.000+10:00,1.925,10,603
2011-06-26T00:00:00.000+10:00,1.905,10,603
2011-06-27T00:00:00.000+10:00,1.887,10,603
2011-06-28T00:00:00.000+10:00,1.874,10,603
2011-06-29T00:00:00.000+10:00,1.877,10,603
2011-06-30T00:00:00.000+10:00,1.883,10,603
2011-07-01T00:00:00.000+10:00,1.991,10,603
2011-07-02T00:00:00.000+10:00,1.941,10,603
2011-07-03T00:00:00.000+10:00,1.890,10,603
2011-07-04T00:00:00.000+10:00,1.869,10,603
2011-07-05T00:00:00.000+10:00,1.853,10,603
2011-07-06T00:00:00.000+10:00,1.837,10,603
2011-07-07T00:00:00.000+10:00,1.825,10,603
2011-07-08T00:00:00.000+10:00,1.813,10,603
2011-07-09T00:00:00.000+10:00,1.804,10,603
2011-07-10T00:00:00.000+10:00,1.795,10,603
2011-07-11T00:00:00.000+10:00,1.787,10,603
2011-07-12T00:00:00.000+10:00,1.778,10,603
2011-07-13T00:00:00.000+10:00,1.771,10,603
2011-07-14T00:00:00.000+10:00,1.766,10,603
2011-07-15T00:00:00.000+10:00,1.758,10,603
2011-07-16T00:00:00.000+10:00,1.759,10,603
2011-07-17T00:00:00.000+10:00,1.755,10,603
2011-07-18T00:00:00.000+10:00,1.749,10,603
2011-07-19T00:00:00.000+10:00,1.746,10,603
2011-07-20T00:00:00.000+10:00,1.739,10,603
2011-07-21T00:00:00.000+10:00,1.733,10,603
2011-07-22T00:00:00.000+10:00,1.729,10,603
2011-07-23T00:00:00.000+10:00,1.724,10,603
2011-07-24T00:00:00.000+10:00,1.718,10,603
2011-07-25T00:00:00.000+10:00,1.714,10,603
2011-07-26T00:00:00.000+10:00,1.711,10,603
2011-07-27T00:00:00.000+10:00,1.706,10,603
2011-07-28T00:00:00.000+10:00,1.702,10,603
2011-07-29T00:00:00.000+10:00,1.698,10,603
2011-07-30T00:00:00.000+10:00,1.694,10,603
2011-07-31T00:00:00.000+10:00,1.691,10,603
2011-08-01T00:00:00.000+10:00,1.688,10,603
2011-08-02T00:00:00.000+10:00,1.684,10,603
2011-08-03T00:00:00.000+10:00,1.681,10,603
2011-08-04T00:00:00.000+10:00,1.677,10,603
2011-08-05T00:00:00.000+10:00,1.674,10,603
2011-08-06T00:00:00.000+10:00,1.671,10,603
2011-08-07T00:00:00.000+10:00,1.682,10,603
2011-08-08T00:00:00.000+10:00,1.715,10,603
2011-08-09T00:00:00.000+10:00,1.686,10,603
2011-08-10T00:00:00.000+10:00,1.676,10,603
2011-08-11T00:00:00.000+10:00,1.671,10,603
2011-08-12T00:00:00.000+10:00,1.667,10,603
2011-08-13T00:00:00.000+10:00,1.659,10,603
2011-08-14T00:00:00.000+10:00,1.657,10,603
2011-08-15T00:00:00.000+10:00,1.665,10,603
2011-08-16T00:00:00.000+10:00,1.661,10,603
2011-08-17T00:00:00.000+10:00,1.668,10,603
2011-08-18T00:00:00.000+10:00,1.660,10,603
2011-08-19T00:00:00.000+10:00,1.654,10,603
2011-08-20T00:00:00.000+10:00,1.653,10,603
2011-08-21T00:00:00.000+10:00,1.909,10,603
2011-08-22T00:00:00.000+10:00,1.888,10,603
2011-08-23T00:00:00.000+10:00,2.067,10,603
2011-08-24T00:00:00.000+10:00,2.052,10,603
2011-08-25T00:00:00.000+10:00,1.887,10,603
2011-08-26T00:00:00.000+10:00,1.829,10,603
2011-08-27T00:00:00.000+10:00,1.805,10,603
2011-08-28T00:00:00.000+10:00,1.903,10,603
2011-08-29T00:00:00.000+10:00,1.823,10,603
2011-08-30T00:00:00.000+10:00,1.895,10,603
2011-08-31T00:00:00.000+10:00,1.934,10,603
2011-09-01T00:00:00.000+10:00,1.836,10,603
2011-09-02T00:00:00.000+10:00,1.819,10,603
2011-09-03T00:00:00.000+10:00,1.787,10,603
2011-09-04T00:00:00.000+10:00,1.768,10,603
2011-09-05T00:00:00.000+10:00,1.752,10,603
2011-09-06T00:00:00.000+10:00,1.739,10,603
2011-09-07T00:00:00.000+10:00,1.728,10,603
2011-09-08T00:00:00.000+10:00,1.719,10,603
2011-09-09T00:00:00.000+10:00,1.716,10,603
2011-09-10T00:00:00.000+10:00,1.707,10,603
2011-09-11T00:00:00.000+10:00,1.695,10,603
2011-09-12T00:00:00.000+10:00,1.688,10,603
2011-09-13T00:00:00.000+10:00,1.683,10,603
2011-09-14T00:00:00.000+10:00,1.676,10,603
2011-09-15T00:00:00.000+10:00,1.670,10,603
2011-09-16T00:00:00.000+10:00,1.665,10,603
2011-09-17T00:00:00.000+10:00,1.660,10,603
2011-09-18T00:00:00.000+10:00,1.654,10,603
2011-09-19T00:00:00.000+10:00,1.649,10,603
2011-09-20T00:00:00.000+10:00,1.646,10,603
2011-09-21T00:00:00.000+10:00,1.641,10,603
2011-09-22T00:00:00.000+10:00,1.638,10,603
2011-09-23T00:00:00.000+10:00,1.634,10,603
2011-09-24T00:00:00.000+10:00,1.632,10,603
2011-09-25T00:00:00.000+10:00,1.639,10,603
2011-09-26T00:00:00.000+10:00,1.670,10,603
2011-09-27T00:00:00.000+10:00,1.681,10,603
2011-09-28T00:00:00.000+10:00,1.652,10,603
2011-09-29T00:00:00.000+10:00,1.645,10,603
2011-09-30T00:00:00.000+10:00,1.641,10,603
2011-10-01T00:00:00.000+10:00,1.635,10,603
2011-10-02T00:00:00.000+10:00,1.648,10,603
2011-10-03T00:00:00.000+10:00,1.708,10,603
2011-10-04T00:00:00.000+10:00,1.667,10,603
2011-10-05T00:00:00.000+10:00,1.645,10,603
2011-10-06T00:00:00.000+10:00,1.636,10,603
2011-10-07T00:00:00.000+10:00,1.632,10,603
2011-10-08T00:00:00.000+10:00,1.632,10,603
2011-10-09T00:00:00.000+10:00,1.629,10,603
2011-10-10T00:00:00.000+10:00,1.622,10,603
2011-10-11T00:00:00.000+10:00,1.616,10,603
2011-10-12T00:00:00.000+10:00,1.611,10,603
2011-10-13T00:00:00.000+10:00,1.609,10,603
2011-10-14T00:00:00.000+10:00,1.624,10,603
2011-10-15T00:00:00.000+10:00,1.631,10,603
2011-10-16T00:00:00.000+10:00,1.622,10,603
2011-10-17T00:00:00.000+10:00,1.614,10,603
2011-10-18T00:00:00.000+10:00,1.614,10,603
2011-10-19T00:00:00.000+10:00,1.607,10,603
2011-10-20T00:00:00.000+10:00,1.603,10,603
2011-10-21T00:00:00.000+10:00,1.600,10,603
2011-10-22T00:00:00.000+10:00,1.596,10,603
2011-10-23T00:00:00.000+10:00,1.592,90,603
2011-10-24T00:00:00.000+10:00,1.589,90,603
2011-10-25T00:00:00.000+10:00,1.589,90,603
2011-10-26T00:00:00.000+10:00,1.679,90,603
2011-10-27T00:00:00.000+10:00,1.751,90,603
2011-10-28T00:00:00.000+10:00,1.746,90,603
2011-10-29T00:00:00.000+10:00,1.698,90,603
2011-10-30T00:00:00.000+10:00,1.675,90,603
2011-10-31T00:00:00.000+10:00,1.675,90,603
2011-11-01T00:00:00.000+10:00,1.653,90,603
2011-11-02T00:00:00.000+10:00,1.643,90,603
2011-11-03T00:00:00.000+10:00,1.635,90,603
2011-11-04T00:00:00.000+10:00,1.636,10,603
2011-11-05T00:00:00.000+10:00,1.629,10,603
2011-11-06T00:00:00.000+10:00,1.621,10,603
2011-11-07T00:00:00.000+10:00,1.614,10,603
2011-11-08T00:00:00.000+10:00,1.609,10,603
2011-11-09T00:00:00.000+10:00,1.604,10,603
2011-11-10T00:00:00.000+10:00,1.598,10,603
2011-11-11T00:00:00.000+10:00,1.591,10,603
2011-11-12T00:00:00.000+10:00,1.592,10,603
2011-11-13T00:00:00.000+10:00,1.602,10,603
2011-11-14T00:00:00.000+10:00,1.672,10,603
2011-11-15T00:00:00.000+10:00,1.627,10,603
2011-11-16T00:00:00.000+10:00,1.609,10,603
2011-11-17T00:00:00.000+10:00,1.602,10,603
2011-11-18T00:00:00.000+10:00,1.609,10,603
2011-11-19T00:00:00.000+10:00,1.656,10,603
2011-11-20T00:00:00.000+10:00,1.625,10,603
2011-11-21T00:00:00.000+10:00,1.616,10,603
2011-11-22T00:00:00.000+10:00,1.609,10,603
2011-11-23T00:00:00.000+10:00,1.607,10,603
2011-11-24T00:00:00.000+10:00,1.908,10,603
2011-11-25T00:00:00.000+10:00,2.810,10,603
2011-11-26T00:00:00.000+10:00,2.424,10,603
2011-11-27T00:00:00.000+10:00,2.092,10,603
2011-11-28T00:00:00.000+10:00,1.962,10,603
2011-11-29T00:00:00.000+10:00,1.894,10,603
2011-11-30T00:00:00.000+10:00,1.849,10,603
2011-12-01T00:00:00.000+10:00,1.821,10,603
2011-12-02T00:00:00.000+10:00,1.803,10,603
2011-12-03T00:00:00.000+10:00,1.774,10,603
2011-12-04T00:00:00.000+10:00,1.756,10,603
2011-12-05T00:00:00.000+10:00,1.745,10,603
2011-12-06T00:00:00.000+10:00,1.730,10,603
2011-12-07T00:00:00.000+10:00,1.724,10,603
2011-12-08T00:00:00.000+10:00,1.963,10,603
2011-12-09T00:00:00.000+10:00,1.846,10,603
2011-12-10T00:00:00.000+10:00,1.805,10,603
2011-12-11T00:00:00.000+10:00,1.925,10,603
2011-12-12T00:00:00.000+10:00,2.112,10,603
2011-12-13T00:00:00.000+10:00,1.968,10,603
2011-12-14T00:00:00.000+10:00,1.900,10,603
2011-12-15T00:00:00.000+10:00,1.867,10,603
2011-12-16T00:00:00.000+10:00,1.838,10,603
2011-12-17T00:00:00.000+10:00,1.814,10,603
2011-12-18T00:00:00.000+10:00,1.795,10,603
2011-12-19T00:00:00.000+10:00,1.778,10,603
2011-12-20T00:00:00.000+10:00,1.770,10,603
2011-12-21T00:00:00.000+10:00,1.775,10,603
2011-12-22T00:00:00.000+10:00,1.805,10,603
2011-12-23T00:00:00.000+10:00,1.812,10,603
2011-12-24T00:00:00.000+10:00,1.795,10,603
2011-12-25T00:00:00.000+10:00,1.799,10,603
2011-12-26T00:00:00.000+10:00,1.779,10,603
2011-12-27T00:00:00.000+10:00,1.767,10,603
2011-12-28T00:00:00.000+10:00,1.757,10,603
2011-12-29T00:00:00.000+10:00,1.746,10,603
2011-12-30T00:00:00.000+10:00,1.734,10,603
2011-12-31T00:00:00.000+10:00,1.729,10,603
2012-01-01T00:00:00.000+10:00,1.729,10,603
2012-01-02T00:00:00.000+10:00,1.718,10,603
2012-01-03T00:00:00.000+10:00,1.708,10,603
2012-01-04T00:00:00.000+10:00,1.701,10,603
2012-01-05T00:00:00.000+10:00,1.695,10,603
2012-01-06T00:00:00.000+10:00,1.691,10,603
2012-01-07T00:00:00.000+10:00,1.683,10,603
2012-01-08T00:00:00.000+10:00,1.677,10,603
2012-01-09T00:00:00.000+10:00,1.678,10,603
2012-01-10T00:00:00.000+10:00,1.677,10,603
2012-01-11T00:00:00.000+10:00,1.669,10,603
2012-01-12T00:00:00.000+10:00,1.669,10,603
2012-01-13T00:00:00.000+10:00,1.694,10,603
2012-01-14T00:00:00.000+10:00,1.691,10,603
2012-01-15T00:00:00.000+10:00,1.709,10,603
2012-01-16T00:00:00.000+10:00,1.807,10,603
2012-01-17T00:00:00.000+10:00,2.266,10,603
2012-01-18T00:00:00.000+10:00,2.676,10,603
2012-01-19T00:00:00.000+10:00,2.138,10,603
2012-01-20T00:00:00.000+10:00,2.009,10,603
2012-01-21T00:00:00.000+10:00,1.937,10,603
2012-01-22T00:00:00.000+10:00,1.910,10,603
2012-01-23T00:00:00.000+10:00,3.030,10,603
2012-01-24T00:00:00.000+10:00,4.003,10,603
2012-01-25T00:00:00.000+10:00,4.301,10,603
2012-01-26T00:00:00.000+10:00,5.017,10,603
2012-01-27T00:00:00.000+10:00,4.579,10,603
2012-01-28T00:00:00.000+10:00,3.213,10,603
2012-01-29T00:00:00.000+10:00,2.686,10,603
2012-01-30T00:00:00.000+10:00,2.592,10,603
2012-01-31T00:00:00.000+10:00,2.993,10,603
2012-02-01T00:00:00.000+10:00,3.462,10,603
2012-02-02T00:00:00.000+10:00,2.939,10,603
2012-02-03T00:00:00.000+10:00,2.555,10,603
2012-02-04T00:00:00.000+10:00,2.366,10,603
2012-02-05T00:00:00.000+10:00,2.248,10,603
2012-02-06T00:00:00.000+10:00,2.168,10,603
2012-02-07T00:00:00.000+10:00,2.120,10,603
2012-02-08T00:00:00.000+10:00,2.129,10,603
2012-02-09T00:00:00.000+10:00,2.250,10,603
2012-02-10T00:00:00.000+10:00,2.106,10,603
2012-02-11T00:00:00.000+10:00,2.137,10,603
2012-02-12T00:00:00.000+10:00,2.113,10,603
2012-02-13T00:00:00.000+10:00,2.084,10,603
2012-02-14T00:00:00.000+10:00,2.046,10,603
2012-02-15T00:00:00.000+10:00,2.014,10,603
2012-02-16T00:00:00.000+10:00,1.988,10,603
2012-02-17T00:00:00.000+10:00,1.964,10,603
2012-02-18T00:00:00.000+10:00,1.943,10,603
2012-02-19T00:00:00.000+10:00,1.924,10,603
2012-02-20T00:00:00.000+10:00,1.910,10,603
2012-02-21T00:00:00.000+10:00,1.925,10,603
2012-02-22T00:00:00.000+10:00,1.897,10,603
2012-02-23T00:00:00.000+10:00,1.880,10,603
2012-02-24T00:00:00.000+10:00,1.865,10,603
2012-02-25T00:00:00.000+10:00,1.853,10,603
2012-02-26T00:00:00.000+10:00,1.842,10,603
2012-02-27T00:00:00.000+10:00,1.832,10,603
2012-02-28T00:00:00.000+10:00,1.824,10,603
2012-02-29T00:00:00.000+10:00,1.815,10,603
2012-03-01T00:00:00.000+10:00,1.806,10,603
2012-03-02T00:00:00.000+10:00,1.801,10,603
2012-03-03T00:00:00.000+10:00,1.947,10,603
2012-03-04T00:00:00.000+10:00,1.922,10,603
2012-03-05T00:00:00.000+10:00,1.896,10,603
2012-03-06T00:00:00.000+10:00,1.929,10,603
2012-03-07T00:00:00.000+10:00,1.899,10,603
2012-03-08T00:00:00.000+10:00,1.873,10,603
2012-03-09T00:00:00.000+10:00,1.853,10,603
2012-03-10T00:00:00.000+10:00,1.836,10,603
2012-03-11T00:00:00.000+10:00,1.830,10,603
2012-03-12T00:00:00.000+10:00,1.823,10,603
2012-03-13T00:00:00.000+10:00,1.817,10,603
2012-03-14T00:00:00.000+10:00,1.803,10,603
2012-03-15T00:00:00.000+10:00,1.829,10,603
2012-03-16T00:00:00.000+10:00,1.849,10,603
2012-03-17T00:00:00.000+10:00,1.813,10,603
2012-03-18T00:00:00.000+10:00,1.804,10,603
2012-03-19T00:00:00.000+10:00,1.853,10,603
2012-03-20T00:00:00.000+10:00,2.150,10,603
2012-03-21T00:00:00.000+10:00,2.143,10,603
2012-03-22T00:00:00.000+10:00,2.065,10,603
2012-03-23T00:00:00.000+10:00,1.995,10,603
2012-03-24T00:00:00.000+10:00,1.945,10,603
2012-03-25T00:00:00.000+10:00,1.910,10,603
2012-03-26T00:00:00.000+10:00,1.889,10,603
2012-03-27T00:00:00.000+10:00,1.869,10,603
2012-03-28T00:00:00.000+10:00,1.859,10,603
2012-03-29T00:00:00.000+10:00,1.848,10,603
2012-03-30T00:00:00.000+10:00,1.830,10,603
2012-03-31T00:00:00.000+10:00,1.819,10,603
2012-04-01T00:00:00.000+10:00,1.809,10,603
2012-04-02T00:00:00.000+10:00,1.799,10,603
2012-04-03T00:00:00.000+10:00,1.790,10,603
2012-04-04T00:00:00.000+10:00,1.782,10,603
2012-04-05T00:00:00.000+10:00,1.776,10,603
2012-04-06T00:00:00.000+10:00,1.769,10,603
2012-04-07T00:00:00.000+10:00,1.764,10,603
2012-04-08T00:00:00.000+10:00,1.758,10,603
2012-04-09T00:00:00.000+10:00,1.756,10,603
2012-04-10T00:00:00.000+10:00,1.761,10,603
2012-04-11T00:00:00.000+10:00,1.746,10,603
2012-04-12T00:00:00.000+10:00,1.741,10,603
2012-04-13T00:00:00.000+10:00,1.739,10,603
2012-04-14T00:00:00.000+10:00,1.737,10,603
2012-04-15T00:00:00.000+10:00,1.752,10,603
2012-04-16T00:00:00.000+10:00,1.741,10,603
2012-04-17T00:00:00.000+10:00,1.754,10,603
2012-04-18T00:00:00.000+10:00,1.852,10,603
2012-04-19T00:00:00.000+10:00,1.790,10,603
2012-04-20T00:00:00.000+10:00,1.775,10,603
2012-04-21T00:00:00.000+10:00,1.768,10,603
2012-04-22T00:00:00.000+10:00,1.755,10,603
2012-04-23T00:00:00.000+10:00,1.748,10,603
2012-04-24T00:00:00.000+10:00,1.784,10,603
2012-04-25T00:00:00.000+10:00,1.763,10,603
2012-04-26T00:00:00.000+10:00,1.749,10,603
2012-04-27T00:00:00.000+10:00,1.741,10,603
2012-04-28T00:00:00.000+10:00,1.745,10,603
2012-04-29T00:00:00.000+10:00,1.754,10,603
2012-04-30T00:00:00.000+10:00,1.755,10,603
2012-05-01T00:00:00.000+10:00,1.742,10,603
2012-05-02T00:00:00.000+10:00,1.738,10,603
2012-05-03T00:00:00.000+10:00,1.742,10,603
2012-05-04T00:00:00.000+10:00,1.770,10,603
2012-05-05T00:00:00.000+10:00,1.749,10,603
2012-05-06T00:00:00.000+10:00,1.744,10,603
2012-05-07T00:00:00.000+10:00,1.737,10,603
2012-05-08T00:00:00.000+10:00,1.731,10,603
2012-05-09T00:00:00.000+10:00,1.724,10,603
2012-05-10T00:00:00.000+10:00,1.718,10,603
2012-05-11T00:00:00.000+10:00,1.713,10,603
2012-05-12T00:00:00.000+10:00,1.712,10,603
2012-05-13T00:00:00.000+10:00,1.710,10,603
2012-05-14T00:00:00.000+10:00,1.701,10,603
2012-05-15T00:00:00.000+10:00,1.696,10,603
2012-05-16T00:00:00.000+10:00,1.692,10,603
2012-05-17T00:00:00.000+10:00,1.688,10,603
2012-05-18T00:00:00.000+10:00,1.685,10,603
2012-05-19T00:00:00.000+10:00,1.682,10,603
2012-05-20T00:00:00.000+10:00,1.679,10,603
2012-05-21T00:00:00.000+10:00,1.676,10,603
2012-05-22T00:00:00.000+10:00,1.673,10,603
2012-05-23T00:00:00.000+10:00,1.670,10,603
2012-05-24T00:00:00.000+10:00,1.668,10,603
2012-05-25T00:00:00.000+10:00,1.667,10,603
2012-05-26T00:00:00.000+10:00,1.666,10,603
2012-05-27T00:00:00.000+10:00,1.662,10,603
2012-05-28T00:00:00.000+10:00,1.659,10,603
2012-05-29T00:00:00.000+10:00,1.659,10,603
2012-05-30T00:00:00.000+10:00,1.679,10,603
2012-05-31T00:00:00.000+10:00,1.684,10,603
2012-06-01T00:00:00.000+10:00,1.678,10,603
2012-06-02T00:00:00.000+10:00,1.667,10,603
2012-06-03T00:00:00.000+10:00,1.666,10,603
2012-06-04T00:00:00.000+10:00,1.671,10,603
2012-06-05T00:00:00.000+10:00,1.661,10,603
2012-06-06T00:00:00.000+10:00,1.654,10,603
2012-06-07T00:00:00.000+10:00,1.650,10,603
2012-06-08T00:00:00.000+10:00,1.647,10,603
2012-06-09T00:00:00.000+10:00,1.645,10,603
2012-06-10T00:00:00.000+10:00,1.643,10,603
2012-06-11T00:00:00.000+10:00,1.713,10,603
2012-06-12T00:00:00.000+10:00,2.080,10,603
2012-06-13T00:00:00.000+10:00,2.013,10,603
2012-06-14T00:00:00.000+10:00,1.898,10,603
2012-06-15T00:00:00.000+10:00,1.833,10,603
2012-06-16T00:00:00.000+10:00,1.798,10,603
2012-06-17T00:00:00.000+10:00,1.774,10,603
2012-06-18T00:00:00.000+10:00,1.755,10,603
2012-06-19T00:00:00.000+10:00,1.740,10,603
2012-06-20T00:00:00.000+10:00,1.728,10,603
2012-06-21T00:00:00.000+10:00,1.717,10,603
2012-06-22T00:00:00.000+10:00,1.709,10,603
2012-06-23T00:00:00.000+10:00,1.700,10,603
2012-06-24T00:00:00.000+10:00,1.692,10,603
2012-06-25T00:00:00.000+10:00,1.686,10,603
2012-06-26T00:00:00.000+10:00,1.682,10,603
2012-06-27T00:00:00.000+10:00,2.064,10,603
2012-06-28T00:00:00.000+10:00,2.694,10,603
2012-06-29T00:00:00.000+10:00,2.508,10,603
2012-06-30T00:00:00.000+10:00,2.128,10,603
2012-07-01T00:00:00.000+10:00,2.006,10,603
2012-07-02T00:00:00.000+10:00,1.939,10,603
2012-07-03T00:00:00.000+10:00,1.894,10,603
2012-07-04T00:00:00.000+10:00,1.860,10,603
2012-07-05T00:00:00.000+10:00,1.833,10,603
2012-07-06T00:00:00.000+10:00,1.814,10,603
2012-07-07T00:00:00.000+10:00,1.807,10,603
2012-07-08T00:00:00.000+10:00,1.788,10,603
2012-07-09T00:00:00.000+10:00,1.776,10,603
2012-07-10T00:00:00.000+10:00,1.770,10,603
2012-07-11T00:00:00.000+10:00,1.760,10,603
2012-07-12T00:00:00.000+10:00,1.771,10,603
2012-07-13T00:00:00.000+10:00,1.779,10,603
2012-07-14T00:00:00.000+10:00,1.759,10,603
2012-07-15T00:00:00.000+10:00,1.750,10,603
2012-07-16T00:00:00.000+10:00,1.739,10,603
2012-07-17T00:00:00.000+10:00,1.732,10,603
2012-07-18T00:00:00.000+10:00,1.731,10,603
2012-07-19T00:00:00.000+10:00,1.732,10,603
2012-07-20T00:00:00.000+10:00,1.720,10,603
2012-07-21T00:00:00.000+10:00,1.713,10,603
2012-07-22T00:00:00.000+10:00,1.708,10,603
2012-07-23T00:00:00.000+10:00,1.706,10,603
2012-07-24T00:00:00.000+10:00,1.712,10,603
2012-07-25T00:00:00.000+10:00,1.705,10,603
2012-07-26T00:00:00.000+10:00,1.698,10,603
2012-07-27T00:00:00.000+10:00,1.694,10,603
2012-07-28T00:00:00.000+10:00,1.689,10,603
2012-07-29T00:00:00.000+10:00,1.684,10,603
2012-07-30T00:00:00.000+10:00,1.680,10,603
2012-07-31T00:00:00.000+10:00,1.676,10,603
2012-08-01T00:00:00.000+10:00,1.673,10,603
2012-08-02T00:00:00.000+10:00,1.669,10,603
2012-08-03T00:00:00.000+10:00,1.666,10,603
2012-08-04T00:00:00.000+10:00,1.663,10,603
2012-08-05T00:00:00.000+10:00,1.660,10,603
2012-08-06T00:00:00.000+10:00,1.657,10,603
2012-08-07T00:00:00.000+10:00,1.654,10,603
2012-08-08T00:00:00.000+10:00,1.652,10,603
2012-08-09T00:00:00.000+10:00,1.650,10,603
2012-08-10T00:00:00.000+10:00,1.646,10,603
2012-08-11T00:00:00.000+10:00,1.652,10,603
2012-08-12T00:00:00.000+10:00,1.647,10,603
2012-08-13T00:00:00.000+10:00,1.642,10,603
2012-08-14T00:00:00.000+10:00,1.639,10,603
2012-08-15T00:00:00.000+10:00,1.637,10,603
2012-08-16T00:00:00.000+10:00,1.635,10,603
2012-08-17T00:00:00.000+10:00,1.632,10,603
2012-08-18T00:00:00.000+10:00,1.628,10,603
2012-08-19T00:00:00.000+10:00,1.626,10,603
2012-08-20T00:00:00.000+10:00,1.625,10,603
2012-08-21T00:00:00.000+10:00,1.623,10,603
2012-08-22T00:00:00.000+10:00,1.622,10,603
2012-08-23T00:00:00.000+10:00,1.619,10,603
2012-08-24T00:00:00.000+10:00,1.615,10,603
2012-08-25T00:00:00.000+10:00,1.612,10,603
2012-08-26T00:00:00.000+10:00,1.609,10,603
2012-08-27T00:00:00.000+10:00,1.608,10,603
2012-08-28T00:00:00.000+10:00,1.607,10,603
2012-08-29T00:00:00.000+10:00,1.605,10,603
2012-08-30T00:00:00.000+10:00,1.603,10,603
2012-08-31T00:00:00.000+10:00,1.601,10,603
2012-09-01T00:00:00.000+10:00,1.597,10,603
2012-09-02T00:00:00.000+10:00,1.595,10,603
2012-09-03T00:00:00.000+10:00,1.592,10,603
2012-09-04T00:00:00.000+10:00,1.592,10,603
2012-09-05T00:00:00.000+10:00,1.589,10,603
2012-09-06T00:00:00.000+10:00,1.587,10,603
2012-09-07T00:00:00.000+10:00,1.583,10,603
2012-09-08T00:00:00.000+10:00,1.581,10,603
2012-09-09T00:00:00.000+10:00,1.579,10,603
2012-09-10T00:00:00.000+10:00,1.579,10,603
2012-09-11T00:00:00.000+10:00,1.578,10,603
2012-09-12T00:00:00.000+10:00,1.575,10,603
2012-09-13T00:00:00.000+10:00,1.574,10,603
2012-09-14T00:00:00.000+10:00,1.572,10,603
2012-09-15T00:00:00.000+10:00,1.570,10,603
2012-09-16T00:00:00.000+10:00,1.568,10,603
2012-09-17T00:00:00.000+10:00,1.576,10,603
2012-09-18T00:00:00.000+10:00,1.623,10,603
2012-09-19T00:00:00.000+10:00,1.630,10,603
2012-09-20T00:00:00.000+10:00,1.606,10,603
2012-09-21T00:00:00.000+10:00,1.594,10,603
2012-09-22T00:00:00.000+10:00,1.590,10,603
2012-09-23T00:00:00.000+10:00,1.587,10,603
2012-09-24T00:00:00.000+10:00,1.585,10,603
2012-09-25T00:00:00.000+10:00,1.587,10,603
2012-09-26T00:00:00.000+10:00,1.584,10,603
2012-09-27T00:00:00.000+10:00,1.581,10,603
2012-09-28T00:00:00.000+10:00,1.577,10,603
2012-09-29T00:00:00.000+10:00,1.573,10,603
2012-09-30T00:00:00.000+10:00,1.570,10,603
2012-10-01T00:00:00.000+10:00,1.567,10,603
2012-10-02T00:00:00.000+10:00,1.565,10,603
2012-10-03T00:00:00.000+10:00,1.563,10,603
2012-10-04T00:00:00.000+10:00,1.561,10,603
2012-10-05T00:00:00.000+10:00,1.559,10,603
2012-10-06T00:00:00.000+10:00,1.556,10,603
2012-10-07T00:00:00.000+10:00,1.554,10,603
2012-10-08T00:00:00.000+10:00,1.552,10,603
2012-10-09T00:00:00.000+10:00,1.551,10,603
2012-10-10T00:00:00.000+10:00,1.549,10,603
2012-10-11T00:00:00.000+10:00,1.551,10,603
2012-10-12T00:00:00.000+10:00,1.550,10,603
2012-10-13T00:00:00.000+10:00,1.549,10,603
2012-10-14T00:00:00.000+10:00,1.554,10,603
2012-10-15T00:00:00.000+10:00,1.607,10,603
2012-10-16T00:00:00.000+10:00,1.567,10,603
2012-10-17T00:00:00.000+10:00,1.559,10,603
2012-10-18T00:00:00.000+10:00,1.554,10,603
2012-10-19T00:00:00.000+10:00,1.552,10,603
2012-10-20T00:00:00.000+10:00,1.549,10,603
2012-10-21T00:00:00.000+10:00,1.546,10,603
2012-10-22T00:00:00.000+10:00,1.545,10,603
2012-10-23T00:00:00.000+10:00,1.543,10,603
2012-10-24T00:00:00.000+10:00,1.541,10,603
2012-10-25T00:00:00.000+10:00,1.539,10,603
2012-10-26T00:00:00.000+10:00,1.538,10,603
2012-10-27T00:00:00.000+10:00,1.536,10,603
2012-10-28T00:00:00.000+10:00,1.534,10,603
2012-10-29T00:00:00.000+10:00,1.533,10,603
2012-10-30T00:00:00.000+10:00,1.536,10,603
2012-10-31T00:00:00.000+10:00,1.535,10,603
2012-11-01T00:00:00.000+10:00,1.532,10,603
2012-11-02T00:00:00.000+10:00,1.529,10,603
2012-11-03T00:00:00.000+10:00,1.528,10,603
2012-11-04T00:00:00.000+10:00,1.527,10,603
2012-11-05T00:00:00.000+10:00,1.526,10,603
2012-11-06T00:00:00.000+10:00,1.523,10,603
2012-11-07T00:00:00.000+10:00,1.522,10,603
2012-11-08T00:00:00.000+10:00,1.521,10,603
2012-11-09T00:00:00.000+10:00,1.529,10,603
2012-11-10T00:00:00.000+10:00,1.565,10,603
2012-11-11T00:00:00.000+10:00,1.805,10,603
2012-11-12T00:00:00.000+10:00,1.629,10,603
2012-11-13T00:00:00.000+10:00,1.585,10,603
2012-11-14T00:00:00.000+10:00,1.570,10,603
2012-11-15T00:00:00.000+10:00,1.563,10,603
2012-11-16T00:00:00.000+10:00,1.559,10,603
2012-11-17T00:00:00.000+10:00,1.578,10,603
2012-11-18T00:00:00.000+10:00,2.113,10,603
2012-11-19T00:00:00.000+10:00,1.783,10,603
2012-11-20T00:00:00.000+10:00,1.703,10,603
2012-11-21T00:00:00.000+10:00,1.670,10,603
2012-11-22T00:00:00.000+10:00,1.647,10,603
2012-11-23T00:00:00.000+10:00,1.632,10,603
2012-11-24T00:00:00.000+10:00,1.622,10,603
2012-11-25T00:00:00.000+10:00,1.612,10,603
2012-11-26T00:00:00.000+10:00,1.605,10,603
2012-11-27T00:00:00.000+10:00,1.597,10,603
2012-11-28T00:00:00.000+10:00,1.591,10,603
2012-11-29T00:00:00.000+10:00,1.586,10,603
2012-11-30T00:00:00.000+10:00,1.581,10,603
2012-12-01T00:00:00.000+10:00,1.576,10,603
2012-12-02T00:00:00.000+10:00,1.573,10,603
2012-12-03T00:00:00.000+10:00,1.573,10,603
2012-12-04T00:00:00.000+10:00,1.575,10,603
2012-12-05T00:00:00.000+10:00,1.568,10,603
2012-12-06T00:00:00.000+10:00,1.563,10,603
2012-12-07T00:00:00.000+10:00,1.561,10,603
2012-12-08T00:00:00.000+10:00,1.557,10,603
2012-12-09T00:00:00.000+10:00,1.553,10,603
2012-12-10T00:00:00.000+10:00,1.551,10,603
2012-12-11T00:00:00.000+10:00,1.555,10,603
2012-12-12T00:00:00.000+10:00,1.554,10,603
2012-12-13T00:00:00.000+10:00,1.555,10,603
2012-12-14T00:00:00.000+10:00,1.552,10,603
2012-12-15T00:00:00.000+10:00,1.549,10,603
2012-12-16T00:00:00.000+10:00,1.547,10,603
2012-12-17T00:00:00.000+10:00,1.544,10,603
2012-12-18T00:00:00.000+10:00,1.541,10,603
2012-12-19T00:00:00.000+10:00,1.539,140,603
2012-12-20T00:00:00.000+10:00,1.538,10,603
2012-12-21T00:00:00.000+10:00,1.537,90,603
2012-12-22T00:00:00.000+10:00,1.540,90,603
2012-12-23T00:00:00.000+10:00,1.542,90,603
2012-12-24T00:00:00.000+10:00,1.542,90,603
2012-12-25T00:00:00.000+10:00,1.548,90,603
2012-12-26T00:00:00.000+10:00,1.742,90,603
2012-12-27T00:00:00.000+10:00,1.621,90,603
2012-12-28T00:00:00.000+10:00,1.584,90,603
2012-12-29T00:00:00.000+10:00,1.571,90,603
2012-12-30T00:00:00.000+10:00,1.571,90,603
2012-12-31T00:00:00.000+10:00,1.569,90,603
2013-01-01T00:00:00.000+10:00,1.563,90,603
2013-01-02T00:00:00.000+10:00,1.560,90,603
2013-01-03T00:00:00.000+10:00,1.558,90,603
2013-01-04T00:00:00.000+10:00,1.556,90,603
2013-01-05T00:00:00.000+10:00,1.550,90,603
2013-01-06T00:00:00.000+10:00,1.541,90,603
2013-01-07T00:00:00.000+10:00,1.534,90,603
2013-01-08T00:00:00.000+10:00,1.530,90,603
2013-01-09T00:00:00.000+10:00,1.527,90,603
2013-01-10T00:00:00.000+10:00,1.524,90,603
2013-01-11T00:00:00.000+10:00,1.521,90,603
2013-01-12T00:00:00.000+10:00,1.519,90,603
2013-01-13T00:00:00.000+10:00,1.518,90,603
2013-01-14T00:00:00.000+10:00,1.524,90,603
2013-01-15T00:00:00.000+10:00,1.545,90,603
2013-01-16T00:00:00.000+10:00,1.559,90,603
2013-01-17T00:00:00.000+10:00,1.549,90,603
2013-01-18T00:00:00.000+10:00,1.543,90,603
2013-01-19T00:00:00.000+10:00,1.537,90,603
2013-01-20T00:00:00.000+10:00,1.532,90,603
2013-01-21T00:00:00.000+10:00,1.531,90,603
2013-01-22T00:00:00.000+10:00,1.532,140,603
2013-01-23T00:00:00.000+10:00,1.533,10,603
2013-01-24T00:00:00.000+10:00,1.543,10,603
2013-01-25T00:00:00.000+10:00,1.616,10,603
2013-01-26T00:00:00.000+10:00,1.616,10,603
2013-01-27T00:00:00.000+10:00,2.868,10,603
2013-01-28T00:00:00.000+10:00,5.063,10,603
2013-01-29T00:00:00.000+10:00,4.084,10,603
2013-01-30T00:00:00.000+10:00,2.574,10,603
2013-01-31T00:00:00.000+10:00,2.241,10,603
2013-02-01T00:00:00.000+10:00,2.108,10,603
2013-02-02T00:00:00.000+10:00,2.073,10,603
2013-02-03T00:00:00.000+10:00,1.994,10,603
2013-02-04T00:00:00.000+10:00,1.938,10,603
2013-02-05T00:00:00.000+10:00,1.906,10,603
2013-02-06T00:00:00.000+10:00,1.876,10,603
2013-02-07T00:00:00.000+10:00,1.858,10,603
2013-02-08T00:00:00.000+10:00,1.832,10,603
2013-02-09T00:00:00.000+10:00,1.809,10,603
2013-02-10T00:00:00.000+10:00,1.791,10,603
2013-02-11T00:00:00.000+10:00,1.774,10,603
2013-02-12T00:00:00.000+10:00,1.764,10,603
2013-02-13T00:00:00.000+10:00,1.886,10,603
2013-02-14T00:00:00.000+10:00,1.812,10,603
2013-02-15T00:00:00.000+10:00,1.807,10,603
2013-02-16T00:00:00.000+10:00,1.812,10,603
2013-02-17T00:00:00.000+10:00,1.848,10,603
2013-02-18T00:00:00.000+10:00,1.875,10,603
2013-02-19T00:00:00.000+10:00,2.090,10,603
2013-02-20T00:00:00.000+10:00,2.262,10,603
2013-02-21T00:00:00.000+10:00,2.568,10,603
2013-02-22T00:00:00.000+10:00,4.942,10,603
2013-02-23T00:00:00.000+10:00,4.571,10,603
2013-02-24T00:00:00.000+10:00,3.231,10,603
2013-02-25T00:00:00.000+10:00,3.075,10,603
2013-02-26T00:00:00.000+10:00,2.790,10,603
2013-02-27T00:00:00.000+10:00,2.578,10,603
2013-02-28T00:00:00.000+10:00,2.406,10,603
2013-03-01T00:00:00.000+10:00,2.297,10,603
2013-03-02T00:00:00.000+10:00,2.531,10,603
2013-03-03T00:00:00.000+10:00,2.972,10,603
2013-03-04T00:00:00.000+10:00,3.133,10,603
2013-03-05T00:00:00.000+10:00,2.765,10,603
2013-03-06T00:00:00.000+10:00,2.480,10,603
2013-03-07T00:00:00.000+10:00,2.331,10,603
2013-03-08T00:00:00.000+10:00,2.235,10,603
2013-03-09T00:00:00.000+10:00,2.169,10,603
2013-03-10T00:00:00.000+10:00,2.113,10,603
2013-03-11T00:00:00.000+10:00,2.070,10,603
2013-03-12T00:00:00.000+10:00,2.040,10,603
2013-03-13T00:00:00.000+10:00,2.009,10,603
2013-03-14T00:00:00.000+10:00,1.983,10,603
2013-03-15T00:00:00.000+10:00,1.963,10,603
2013-03-16T00:00:00.000+10:00,1.950,10,603
2013-03-17T00:00:00.000+10:00,1.927,10,603
2013-03-18T00:00:00.000+10:00,1.907,10,603
2013-03-19T00:00:00.000+10:00,1.899,10,603
2013-03-20T00:00:00.000+10:00,1.891,10,603
2013-03-21T00:00:00.000+10:00,1.879,10,603
2013-03-22T00:00:00.000+10:00,1.864,10,603
2013-03-23T00:00:00.000+10:00,1.852,10,603
2013-03-24T00:00:00.000+10:00,1.901,10,603
2013-03-25T00:00:00.000+10:00,1.906,10,603
2013-03-26T00:00:00.000+10:00,1.864,10,603
2013-03-27T00:00:00.000+10:00,1.845,10,603
2013-03-28T00:00:00.000+10:00,1.832,10,603
2013-03-29T00:00:00.000+10:00,1.823,10,603
2013-03-30T00:00:00.000+10:00,1.814,10,603
2013-03-31T00:00:00.000+10:00,1.810,10,603
2013-04-01T00:00:00.000+10:00,1.807,10,603
2013-04-02T00:00:00.000+10:00,1.795,10,603
2013-04-03T00:00:00.000+10:00,1.800,10,603
2013-04-04T00:00:00.000+10:00,2.085,10,603
2013-04-05T00:00:00.000+10:00,1.904,10,603
2013-04-06T00:00:00.000+10:00,1.905,10,603
2013-04-07T00:00:00.000+10:00,1.891,10,603
2013-04-08T00:00:00.000+10:00,1.871,10,603
2013-04-09T00:00:00.000+10:00,1.857,10,603
2013-04-10T00:00:00.000+10:00,1.859,10,603
2013-04-11T00:00:00.000+10:00,1.840,10,603
2013-04-12T00:00:00.000+10:00,1.831,10,603
2013-04-13T00:00:00.000+10:00,1.829,10,603
2013-04-14T00:00:00.000+10:00,1.832,10,603
2013-04-15T00:00:00.000+10:00,1.816,10,603
2013-04-16T00:00:00.000+10:00,1.809,10,603
2013-04-17T00:00:00.000+10:00,1.846,10,603
2013-04-18T00:00:00.000+10:00,1.814,10,603
2013-04-19T00:00:00.000+10:00,1.802,10,603
2013-04-20T00:00:00.000+10:00,1.792,10,603
2013-04-21T00:00:00.000+10:00,1.783,10,603
2013-04-22T00:00:00.000+10:00,1.776,10,603
2013-04-23T00:00:00.000+10:00,1.770,10,603
2013-04-24T00:00:00.000+10:00,1.764,10,603
2013-04-25T00:00:00.000+10:00,1.758,10,603
2013-04-26T00:00:00.000+10:00,1.753,10,603
2013-04-27T00:00:00.000+10:00,1.747,10,603
2013-04-28T00:00:00.000+10:00,1.743,10,603
2013-04-29T00:00:00.000+10:00,1.739,10,603
2013-04-30T00:00:00.000+10:00,1.735,10,603
2013-05-01T00:00:00.000+10:00,1.731,10,603
2013-05-02T00:00:00.000+10:00,1.726,10,603
2013-05-03T00:00:00.000+10:00,1.721,10,603
2013-05-04T00:00:00.000+10:00,1.718,10,603
2013-05-05T00:00:00.000+10:00,1.714,10,603
2013-05-06T00:00:00.000+10:00,1.711,10,603
2013-05-07T00:00:00.000+10:00,1.708,10,603
2013-05-08T00:00:00.000+10:00,1.707,10,603
2013-05-09T00:00:00.000+10:00,1.704,10,603
2013-05-10T00:00:00.000+10:00,1.701,10,603
2013-05-11T00:00:00.000+10:00,1.700,10,603
2013-05-12T00:00:00.000+10:00,1.700,10,603
2013-05-13T00:00:00.000+10:00,1.697,10,603
2013-05-14T00:00:00.000+10:00,1.695,10,603
2013-05-15T00:00:00.000+10:00,1.694,10,603
2013-05-16T00:00:00.000+10:00,1.690,10,603
2013-05-17T00:00:00.000+10:00,1.687,10,603
2013-05-18T00:00:00.000+10:00,1.684,10,603
2013-05-19T00:00:00.000+10:00,1.680,10,603
2013-05-20T00:00:00.000+10:00,1.677,10,603
2013-05-21T00:00:00.000+10:00,1.675,10,603
2013-05-22T00:00:00.000+10:00,1.675,10,603
2013-05-23T00:00:00.000+10:00,1.681,10,603
2013-05-24T00:00:00.000+10:00,3.144,10,603
2013-05-25T00:00:00.000+10:00,2.673,10,603
2013-05-26T00:00:00.000+10:00,2.153,10,603
2013-05-27T00:00:00.000+10:00,2.024,10,603
2013-05-28T00:00:00.000+10:00,1.968,10,603
2013-05-29T00:00:00.000+10:00,1.921,10,603
2013-05-30T00:00:00.000+10:00,1.892,10,603
2013-05-31T00:00:00.000+10:00,1.880,10,603
2013-06-01T00:00:00.000+10:00,1.857,10,603
2013-06-02T00:00:00.000+10:00,1.841,10,603
2013-06-03T00:00:00.000+10:00,1.826,10,603
2013-06-04T00:00:00.000+10:00,1.809,10,603
2013-06-05T00:00:00.000+10:00,1.797,10,603
2013-06-06T00:00:00.000+10:00,1.788,10,603
2013-06-07T00:00:00.000+10:00,1.780,10,603
2013-06-08T00:00:00.000+10:00,1.772,10,603
2013-06-09T00:00:00.000+10:00,1.768,10,603
2013-06-10T00:00:00.000+10:00,1.765,10,603
2013-06-11T00:00:00.000+10:00,1.769,10,603
2013-06-12T00:00:00.000+10:00,1.784,10,603
2013-06-13T00:00:00.000+10:00,1.928,10,603
2013-06-14T00:00:00.000+10:00,1.832,10,603
2013-06-15T00:00:00.000+10:00,1.807,10,603
2013-06-16T00:00:00.000+10:00,1.790,10,603
2013-06-17T00:00:00.000+10:00,1.777,10,603
2013-06-18T00:00:00.000+10:00,1.765,10,603
2013-06-19T00:00:00.000+10:00,1.755,10,603
2013-06-20T00:00:00.000+10:00,1.745,10,603
2013-06-21T00:00:00.000+10:00,1.739,10,603
2013-06-22T00:00:00.000+10:00,1.733,10,603
2013-06-23T00:00:00.000+10:00,1.727,10,603
2013-06-24T00:00:00.000+10:00,1.722,10,603
2013-06-25T00:00:00.000+10:00,1.718,10,603
2013-06-26T00:00:00.000+10:00,1.716,10,603
2013-06-27T00:00:00.000+10:00,1.764,10,603
2013-06-28T00:00:00.000+10:00,1.755,10,603
2013-06-29T00:00:00.000+10:00,1.768,10,603
2013-06-30T00:00:00.000+10:00,1.757,10,603
2013-07-01T00:00:00.000+10:00,1.868,10,603
2013-07-02T00:00:00.000+10:00,2.353,10,603
2013-07-03T00:00:00.000+10:00,2.062,10,603
2013-07-04T00:00:00.000+10:00,1.965,10,603
2013-07-05T00:00:00.000+10:00,1.914,10,603
2013-07-06T00:00:00.000+10:00,1.878,10,603
2013-07-07T00:00:00.000+10:00,1.849,10,603
2013-07-08T00:00:00.000+10:00,1.826,10,603
2013-07-09T00:00:00.000+10:00,1.809,10,603
2013-07-10T00:00:00.000+10:00,1.801,10,603
2013-07-11T00:00:00.000+10:00,1.787,10,603
2013-07-12T00:00:00.000+10:00,1.777,10,603
2013-07-13T00:00:00.000+10:00,1.768,10,603
2013-07-14T00:00:00.000+10:00,1.759,10,603
2013-07-15T00:00:00.000+10:00,1.753,10,603
2013-07-16T00:00:00.000+10:00,1.747,10,603
2013-07-17T00:00:00.000+10:00,1.741,10,603
2013-07-18T00:00:00.000+10:00,1.735,10,603
2013-07-19T00:00:00.000+10:00,1.730,10,603
2013-07-20T00:00:00.000+10:00,1.728,10,603
2013-07-21T00:00:00.000+10:00,1.725,10,603
2013-07-22T00:00:00.000+10:00,1.718,10,603
2013-07-23T00:00:00.000+10:00,1.714,10,603
2013-07-24T00:00:00.000+10:00,1.708,10,603
2013-07-25T00:00:00.000+10:00,1.703,10,603
2013-07-26T00:00:00.000+10:00,1.700,10,603
2013-07-27T00:00:00.000+10:00,1.697,10,603
2013-07-28T00:00:00.000+10:00,1.695,10,603
2013-07-29T00:00:00.000+10:00,1.698,10,603
2013-07-30T00:00:00.000+10:00,1.700,10,603
2013-07-31T00:00:00.000+10:00,1.695,10,603
2013-08-01T00:00:00.000+10:00,1.692,10,603
2013-08-02T00:00:00.000+10:00,1.691,10,603
2013-08-03T00:00:00.000+10:00,1.686,10,603
2013-08-04T00:00:00.000+10:00,1.681,10,603
2013-08-05T00:00:00.000+10:00,1.678,10,603
2013-08-06T00:00:00.000+10:00,1.675,10,603
2013-08-07T00:00:00.000+10:00,1.672,10,603
2013-08-08T00:00:00.000+10:00,1.668,10,603
2013-08-09T00:00:00.000+10:00,1.663,10,603
2013-08-10T00:00:00.000+10:00,1.660,10,603
2013-08-11T00:00:00.000+10:00,1.658,10,603
2013-08-12T00:00:00.000+10:00,1.656,10,603
2013-08-13T00:00:00.000+10:00,1.653,10,603
2013-08-14T00:00:00.000+10:00,1.650,10,603
2013-08-15T00:00:00.000+10:00,1.649,10,603
2013-08-16T00:00:00.000+10:00,1.645,10,603
2013-08-17T00:00:00.000+10:00,1.644,10,603
2013-08-18T00:00:00.000+10:00,1.644,10,603
2013-08-19T00:00:00.000+10:00,1.641,10,603
2013-08-20T00:00:00.000+10:00,1.638,10,603
2013-08-21T00:00:00.000+10:00,1.635,10,603
2013-08-22T00:00:00.000+10:00,1.633,10,603
2013-08-23T00:00:00.000+10:00,1.631,10,603
2013-08-24T00:00:00.000+10:00,1.629,10,603
2013-08-25T00:00:00.000+10:00,1.627,10,603
2013-08-26T00:00:00.000+10:00,1.625,10,603
2013-08-27T00:00:00.000+10:00,1.623,10,603
2013-08-28T00:00:00.000+10:00,1.621,10,603
2013-08-29T00:00:00.000+10:00,1.619,10,603
2013-08-30T00:00:00.000+10:00,1.618,10,603
2013-08-31T00:00:00.000+10:00,1.617,10,603
2013-09-01T00:00:00.000+10:00,1.615,10,603
2013-09-02T00:00:00.000+10:00,1.613,10,603
2013-09-03T00:00:00.000+10:00,1.611,10,603
2013-09-04T00:00:00.000+10:00,1.610,10,603
2013-09-05T00:00:00.000+10:00,1.608,10,603
2013-09-06T00:00:00.000+10:00,1.606,10,603
2013-09-07T00:00:00.000+10:00,1.605,10,603
2013-09-08T00:00:00.000+10:00,1.603,10,603
2013-09-09T00:00:00.000+10:00,1.601,10,603
2013-09-10T00:00:00.000+10:00,1.600,10,603
2013-09-11T00:00:00.000+10:00,1.596,10,603
2013-09-12T00:00:00.000+10:00,1.595,10,603
2013-09-13T00:00:00.000+10:00,1.592,10,603
2013-09-14T00:00:00.000+10:00,1.591,10,603
2013-09-15T00:00:00.000+10:00,1.589,10,603
2013-09-16T00:00:00.000+10:00,1.593,10,603
2013-09-17T00:00:00.000+10:00,1.603,10,603
2013-09-18T00:00:00.000+10:00,1.604,10,603
2013-09-19T00:00:00.000+10:00,1.599,10,603
2013-09-20T00:00:00.000+10:00,1.594,10,603
2013-09-21T00:00:00.000+10:00,1.590,10,603
2013-09-22T00:00:00.000+10:00,1.587,10,603
2013-09-23T00:00:00.000+10:00,1.585,10,603
2013-09-24T00:00:00.000+10:00,1.584,10,603
2013-09-25T00:00:00.000+10:00,1.582,10,603
2013-09-26T00:00:00.000+10:00,1.580,10,603
2013-09-27T00:00:00.000+10:00,1.577,10,603
2013-09-28T00:00:00.000+10:00,1.574,10,603
2013-09-29T00:00:00.000+10:00,1.571,10,603
2013-09-30T00:00:00.000+10:00,1.569,10,603
2013-10-01T00:00:00.000+10:00,1.567,10,603
2013-10-02T00:00:00.000+10:00,1.564,10,603
2013-10-03T00:00:00.000+10:00,1.561,10,603
2013-10-04T00:00:00.000+10:00,1.560,10,603
2013-10-05T00:00:00.000+10:00,1.559,10,603
2013-10-06T00:00:00.000+10:00,1.558,10,603
2013-10-07T00:00:00.000+10:00,1.555,10,603
2013-10-08T00:00:00.000+10:00,1.558,10,603
2013-10-09T00:00:00.000+10:00,1.558,10,603
2013-10-10T00:00:00.000+10:00,1.554,10,603
2013-10-11T00:00:00.000+10:00,1.551,10,603
2013-10-12T00:00:00.000+10:00,1.550,10,603
2013-10-13T00:00:00.000+10:00,1.548,10,603
2013-10-14T00:00:00.000+10:00,1.546,10,603
2013-10-15T00:00:00.000+10:00,1.543,10,603
2013-10-16T00:00:00.000+10:00,1.541,10,603
2013-10-17T00:00:00.000+10:00,1.540,10,603
2013-10-18T00:00:00.000+10:00,1.546,10,603
2013-10-19T00:00:00.000+10:00,1.564,10,603
2013-10-20T00:00:00.000+10:00,1.561,10,603
2013-10-21T00:00:00.000+10:00,1.556,10,603
2013-10-22T00:00:00.000+10:00,1.554,10,603
2013-10-23T00:00:00.000+10:00,1.553,10,603
2013-10-24T00:00:00.000+10:00,1.550,10,603
2013-10-25T00:00:00.000+10:00,1.546,10,603
2013-10-26T00:00:00.000+10:00,1.544,10,603
2013-10-27T00:00:00.000+10:00,1.542,10,603
2013-10-28T00:00:00.000+10:00,1.541,10,603
2013-10-29T00:00:00.000+10:00,1.543,10,603
2013-10-30T00:00:00.000+10:00,1.558,10,603
2013-10-31T00:00:00.000+10:00,1.553,10,603
2013-11-01T00:00:00.000+10:00,1.547,10,603
2013-11-02T00:00:00.000+10:00,1.544,10,603
2013-11-03T00:00:00.000+10:00,1.542,10,603
2013-11-04T00:00:00.000+10:00,1.540,10,603
2013-11-05T00:00:00.000+10:00,1.537,10,603
2013-11-06T00:00:00.000+10:00,1.534,10,603
2013-11-07T00:00:00.000+10:00,1.532,10,603
2013-11-08T00:00:00.000+10:00,1.530,10,603
2013-11-09T00:00:00.000+10:00,1.527,10,603
2013-11-10T00:00:00.000+10:00,1.538,10,603
2013-11-11T00:00:00.000+10:00,1.588,10,603
2013-11-12T00:00:00.000+10:00,1.694,10,603
2013-11-13T00:00:00.000+10:00,1.664,10,603
2013-11-14T00:00:00.000+10:00,1.628,10,603
2013-11-15T00:00:00.000+10:00,1.610,10,603
2013-11-16T00:00:00.000+10:00,1.668,10,603
2013-11-17T00:00:00.000+10:00,1.761,10,603
2013-11-18T00:00:00.000+10:00,1.866,10,603
2013-11-19T00:00:00.000+10:00,1.878,10,603
2013-11-20T00:00:00.000+10:00,1.757,10,603
2013-11-21T00:00:00.000+10:00,1.710,10,603
2013-11-22T00:00:00.000+10:00,1.682,10,603
2013-11-23T00:00:00.000+10:00,1.679,10,603
2013-11-24T00:00:00.000+10:00,1.695,10,603
2013-11-25T00:00:00.000+10:00,1.674,10,603
2013-11-26T00:00:00.000+10:00,1.680,10,603
2013-11-27T00:00:00.000+10:00,1.667,10,603
2013-11-28T00:00:00.000+10:00,1.655,10,603
2013-11-29T00:00:00.000+10:00,1.651,10,603
2013-11-30T00:00:00.000+10:00,1.711,10,603
2013-12-01T00:00:00.000+10:00,1.759,10,603
2013-12-02T00:00:00.000+10:00,1.740,10,603
2013-12-03T00:00:00.000+10:00,1.712,10,603
2013-12-04T00:00:00.000+10:00,1.692,10,603
2013-12-05T00:00:00.000+10:00,1.675,10,603
2013-12-06T00:00:00.000+10:00,1.660,10,603
2013-12-07T00:00:00.000+10:00,1.648,10,603
2013-12-08T00:00:00.000+10:00,1.640,10,603
2013-12-09T00:00:00.000+10:00,1.632,10,603
2013-12-10T00:00:00.000+10:00,1.626,10,603
2013-12-11T00:00:00.000+10:00,1.620,10,603
2013-12-12T00:00:00.000+10:00,1.615,10,603
2013-12-13T00:00:00.000+10:00,1.610,10,603
2013-12-14T00:00:00.000+10:00,1.607,10,603
2013-12-15T00:00:00.000+10:00,1.606,10,603
2013-12-16T00:00:00.000+10:00,1.603,10,603
2013-12-17T00:00:00.000+10:00,1.601,10,603
2013-12-18T00:00:00.000+10:00,1.597,10,603
2013-12-19T00:00:00.000+10:00,1.593,10,603
2013-12-20T00:00:00.000+10:00,1.588,10,603
2013-12-21T00:00:00.000+10:00,1.584,10,603
2013-12-22T00:00:00.000+10:00,1.579,10,603
2013-12-23T00:00:00.000+10:00,1.574,10,603
2013-12-24T00:00:00.000+10:00,1.571,10,603
2013-12-25T00:00:00.000+10:00,1.568,10,603
2013-12-26T00:00:00.000+10:00,1.568,10,603
2013-12-27T00:00:00.000+10:00,1.578,10,603
2013-12-28T00:00:00.000+10:00,1.570,10,603
2013-12-29T00:00:00.000+10:00,1.565,10,603
2013-12-30T00:00:00.000+10:00,1.562,10,603
2013-12-31T00:00:00.000+10:00,1.560,10,603
2014-01-01T00:00:00.000+10:00,1.560,10,603
2014-01-02T00:00:00.000+10:00,1.557,10,603
2014-01-03T00:00:00.000+10:00,1.551,10,603
2014-01-04T00:00:00.000+10:00,1.546,10,603
2014-01-05T00:00:00.000+10:00,1.543,10,603
2014-01-06T00:00:00.000+10:00,1.541,10,603
2014-01-07T00:00:00.000+10:00,1.539,10,603
2014-01-08T00:00:00.000+10:00,1.545,10,603
2014-01-09T00:00:00.000+10:00,1.550,10,603
2014-01-10T00:00:00.000+10:00,1.551,10,603
2014-01-11T00:00:00.000+10:00,1.550,10,603
2014-01-12T00:00:00.000+10:00,1.550,110,603
2014-01-13T00:00:00.000+10:00,1.547,110,603
2014-01-14T00:00:00.000+10:00,1.544,110,603
2014-01-15T00:00:00.000+10:00,1.541,110,603
2014-01-16T00:00:00.000+10:00,1.538,110,603
2014-01-17T00:00:00.000+10:00,1.535,110,603
2014-01-18T00:00:00.000+10:00,1.532,110,603
2014-01-19T00:00:00.000+10:00,1.529,110,603
2014-01-20T00:00:00.000+10:00,1.526,110,603
2014-01-21T00:00:00.000+10:00,1.524,110,603
2014-01-22T00:00:00.000+10:00,1.524,10,603
2014-01-23T00:00:00.000+10:00,1.527,10,603
2014-01-24T00:00:00.000+10:00,1.539,10,603
2014-01-25T00:00:00.000+10:00,1.545,10,603
2014-01-26T00:00:00.000+10:00,1.550,10,603
2014-01-27T00:00:00.000+10:00,1.551,10,603
2014-01-28T00:00:00.000+10:00,1.550,10,603
2014-01-29T00:00:00.000+10:00,1.548,10,603
2014-01-30T00:00:00.000+10:00,1.544,10,603
2014-01-31T00:00:00.000+10:00,1.542,10,603
2014-02-01T00:00:00.000+10:00,1.540,10,603
2014-02-02T00:00:00.000+10:00,1.538,10,603
2014-02-03T00:00:00.000+10:00,1.536,10,603
2014-02-04T00:00:00.000+10:00,1.532,10,603
2014-02-05T00:00:00.000+10:00,1.586,10,603
2014-02-06T00:00:00.000+10:00,1.694,10,603
2014-02-07T00:00:00.000+10:00,1.654,10,603
2014-02-08T00:00:00.000+10:00,1.616,10,603
2014-02-09T00:00:00.000+10:00,1.598,10,603
2014-02-10T00:00:00.000+10:00,1.588,10,603
2014-02-11T00:00:00.000+10:00,1.581,10,603
2014-02-12T00:00:00.000+10:00,1.576,10,603
2014-02-13T00:00:00.000+10:00,1.572,10,603
2014-02-14T00:00:00.000+10:00,1.574,10,603
2014-02-15T00:00:00.000+10:00,1.573,10,603
2014-02-16T00:00:00.000+10:00,1.572,10,603
2014-02-17T00:00:00.000+10:00,1.575,10,603
2014-02-18T00:00:00.000+10:00,1.572,10,603
2014-02-19T00:00:00.000+10:00,1.568,10,603
2014-02-20T00:00:00.000+10:00,1.564,10,603
2014-02-21T00:00:00.000+10:00,1.563,10,603
2014-02-22T00:00:00.000+10:00,1.576,10,603
2014-02-23T00:00:00.000+10:00,1.589,10,603
2014-02-24T00:00:00.000+10:00,1.593,10,603
2014-02-25T00:00:00.000+10:00,1.600,10,603
2014-02-26T00:00:00.000+10:00,1.604,10,603
2014-02-27T00:00:00.000+10:00,1.599,10,603
2014-02-28T00:00:00.000+10:00,1.595,10,603
2014-03-01T00:00:00.000+10:00,1.595,10,603
2014-03-02T00:00:00.000+10:00,1.592,10,603
2014-03-03T00:00:00.000+10:00,1.608,10,603
2014-03-04T00:00:00.000+10:00,1.627,10,603
2014-03-05T00:00:00.000+10:00,1.628,10,603
2014-03-06T00:00:00.000+10:00,1.620,10,603
2014-03-07T00:00:00.000+10:00,1.613,10,603
2014-03-08T00:00:00.000+10:00,1.607,10,603
2014-03-09T00:00:00.000+10:00,1.602,10,603
2014-03-10T00:00:00.000+10:00,1.598,10,603
2014-03-11T00:00:00.000+10:00,1.594,10,603
2014-03-12T00:00:00.000+10:00,1.590,10,603
2014-03-13T00:00:00.000+10:00,1.585,10,603
2014-03-14T00:00:00.000+10:00,1.583,10,603
2014-03-15T00:00:00.000+10:00,1.581,10,603
2014-03-16T00:00:00.000+10:00,1.589,10,603
2014-03-17T00:00:00.000+10:00,1.600,10,603
2014-03-18T00:00:00.000+10:00,1.594,10,603
2014-03-19T00:00:00.000+10:00,1.590,10,603
2014-03-20T00:00:00.000+10:00,1.588,10,603
2014-03-21T00:00:00.000+10:00,1.605,10,603
2014-03-22T00:00:00.000+10:00,1.600,10,603
2014-03-23T00:00:00.000+10:00,1.594,10,603
2014-03-24T00:00:00.000+10:00,1.592,10,603
2014-03-25T00:00:00.000+10:00,1.592,10,603
2014-03-26T00:00:00.000+10:00,1.611,10,603
2014-03-27T00:00:00.000+10:00,1.621,10,603
2014-03-28T00:00:00.000+10:00,1.668,10,603
2014-03-29T00:00:00.000+10:00,1.725,10,603
2014-03-30T00:00:00.000+10:00,1.698,10,603
2014-03-31T00:00:00.000+10:00,1.781,10,603
2014-04-01T00:00:00.000+10:00,1.950,10,603
2014-04-02T00:00:00.000+10:00,1.829,10,603
2014-04-03T00:00:00.000+10:00,1.778,10,603
2014-04-04T00:00:00.000+10:00,1.745,10,603
2014-04-05T00:00:00.000+10:00,1.729,10,603
2014-04-06T00:00:00.000+10:00,1.799,10,603
2014-04-07T00:00:00.000+10:00,1.776,10,603
2014-04-08T00:00:00.000+10:00,1.749,10,603
2014-04-09T00:00:00.000+10:00,1.731,10,603
2014-04-10T00:00:00.000+10:00,1.714,10,603
2014-04-11T00:00:00.000+10:00,1.700,10,603
2014-04-12T00:00:00.000+10:00,1.686,10,603
2014-04-13T00:00:00.000+10:00,1.675,10,603
2014-04-14T00:00:00.000+10:00,1.666,10,603
2014-04-15T00:00:00.000+10:00,1.664,10,603
2014-04-16T00:00:00.000+10:00,1.655,10,603
2014-04-17T00:00:00.000+10:00,1.647,10,603
2014-04-18T00:00:00.000+10:00,1.640,10,603
2014-04-19T00:00:00.000+10:00,1.634,10,603
2014-04-20T00:00:00.000+10:00,1.628,10,603
2014-04-21T00:00:00.000+10:00,1.622,10,603
2014-04-22T00:00:00.000+10:00,1.617,10,603
2014-04-23T00:00:00.000+10:00,1.614,10,603
2014-04-24T00:00:00.000+10:00,1.610,10,603
2014-04-25T00:00:00.000+10:00,1.608,10,603
2014-04-26T00:00:00.000+10:00,1.605,10,603
2014-04-27T00:00:00.000+10:00,1.606,10,603
2014-04-28T00:00:00.000+10:00,1.772,140,603
2014-04-29T00:00:00.000+10:00,1.742,90,603
2014-04-30T00:00:00.000+10:00,1.711,90,603
2014-05-01T00:00:00.000+10:00,1.693,90,603
2014-05-02T00:00:00.000+10:00,1.678,90,603
2014-05-03T00:00:00.000+10:00,1.667,90,603
2014-05-04T00:00:00.000+10:00,1.654,90,603
2014-05-05T00:00:00.000+10:00,1.645,90,603
2014-05-06T00:00:00.000+10:00,1.638,90,603
2014-05-07T00:00:00.000+10:00,1.632,90,603
2014-05-08T00:00:00.000+10:00,1.626,90,603
2014-05-09T00:00:00.000+10:00,1.622,90,603
2014-05-10T00:00:00.000+10:00,1.616,90,603
2014-05-11T00:00:00.000+10:00,1.612,90,603
2014-05-12T00:00:00.000+10:00,1.609,90,603
2014-05-13T00:00:00.000+10:00,1.608,90,603
2014-05-14T00:00:00.000+10:00,1.603,90,603
2014-05-15T00:00:00.000+10:00,1.599,90,603
2014-05-16T00:00:00.000+10:00,1.596,90,603
2014-05-17T00:00:00.000+10:00,1.593,90,603
2014-05-18T00:00:00.000+10:00,1.589,90,603
2014-05-19T00:00:00.000+10:00,1.587,90,603
2014-05-20T00:00:00.000+10:00,1.584,90,603
2014-05-21T00:00:00.000+10:00,1.581,90,603
2014-05-22T00:00:00.000+10:00,1.578,90,603
2014-05-23T00:00:00.000+10:00,1.576,90,603
2014-05-24T00:00:00.000+10:00,1.572,90,603
2014-05-25T00:00:00.000+10:00,1.570,90,603
2014-05-26T00:00:00.000+10:00,1.566,90,603
2014-05-27T00:00:00.000+10:00,1.564,90,603
2014-05-28T00:00:00.000+10:00,1.562,90,603
2014-05-29T00:00:00.000+10:00,1.561,90,603
2014-05-30T00:00:00.000+10:00,1.561,90,603
2014-05-31T00:00:00.000+10:00,1.602,90,603
2014-06-01T00:00:00.000+10:00,1.616,90,603
2014-06-02T00:00:00.000+10:00,1.601,90,603
2014-06-03T00:00:00.000+10:00,1.598,90,603
2014-06-04T00:00:00.000+10:00,1.595,90,603
2014-06-05T00:00:00.000+10:00,1.593,90,603
2014-06-06T00:00:00.000+10:00,1.592,90,603
2014-06-07T00:00:00.000+10:00,1.588,90,603
2014-06-08T00:00:00.000+10:00,1.585,90,603
2014-06-09T00:00:00.000+10:00,1.581,90,603
2014-06-10T00:00:00.000+10:00,1.581,90,603
2014-06-11T00:00:00.000+10:00,1.594,90,603
2014-06-12T00:00:00.000+10:00,1.603,90,603
2014-06-13T00:00:00.000+10:00,1.598,90,603
2014-06-14T00:00:00.000+10:00,1.596,90,603
2014-06-15T00:00:00.000+10:00,1.593,90,603
2014-06-16T00:00:00.000+10:00,1.588,90,603
2014-06-17T00:00:00.000+10:00,1.584,90,603
2014-06-18T00:00:00.000+10:00,1.581,90,603
2014-06-19T00:00:00.000+10:00,1.577,90,603
2014-06-20T00:00:00.000+10:00,1.575,90,603
2014-06-21T00:00:00.000+10:00,1.573,90,603
2014-06-22T00:00:00.000+10:00,1.572,90,603
2014-06-23T00:00:00.000+10:00,1.569,90,603
2014-06-24T00:00:00.000+10:00,1.566,90,603
2014-06-25T00:00:00.000+10:00,1.562,90,603
2014-06-26T00:00:00.000+10:00,1.561,90,603
2014-06-27T00:00:00.000+10:00,1.557,90,603
2014-06-28T00:00:00.000+10:00,1.556,90,603
2014-06-29T00:00:00.000+10:00,1.554,90,603
2014-06-30T00:00:00.000+10:00,1.551,90,603
2014-07-01T00:00:00.000+10:00,1.549,90,603
2014-07-02T00:00:00.000+10:00,1.545,90,603
2014-07-03T00:00:00.000+10:00,1.541,90,603
2014-07-04T00:00:00.000+10:00,1.538,90,603
2014-07-05T00:00:00.000+10:00,1.535,90,603
2014-07-06T00:00:00.000+10:00,1.533,90,603
2014-07-07T00:00:00.000+10:00,1.531,90,603
2014-07-08T00:00:00.000+10:00,1.529,90,603
2014-07-09T00:00:00.000+10:00,1.528,90,603
2014-07-10T00:00:00.000+10:00,1.525,90,603
2014-07-11T00:00:00.000+10:00,1.523,90,603
2014-07-12T00:00:00.000+10:00,1.521,90,603
2014-07-13T00:00:00.000+10:00,1.520,90,603
2014-07-14T00:00:00.000+10:00,1.518,90,603
2014-07-15T00:00:00.000+10:00,1.516,90,603
2014-07-16T00:00:00.000+10:00,1.516,140,603
2014-07-17T00:00:00.000+10:00,1.514,10,603
2014-07-18T00:00:00.000+10:00,1.513,10,603
2014-07-19T00:00:00.000+10:00,1.511,10,603
2014-07-20T00:00:00.000+10:00,1.510,10,603
2014-07-21T00:00:00.000+10:00,1.509,10,603
2014-07-22T00:00:00.000+10:00,1.509,10,603
2014-07-23T00:00:00.000+10:00,1.509,10,603
2014-07-24T00:00:00.000+10:00,1.509,10,603
2014-07-25T00:00:00.000+10:00,1.508,10,603
2014-07-26T00:00:00.000+10:00,1.507,10,603
2014-07-27T00:00:00.000+10:00,1.507,10,603
2014-07-28T00:00:00.000+10:00,1.506,10,603
2014-07-29T00:00:00.000+10:00,1.505,10,603
2014-07-30T00:00:00.000+10:00,1.504,10,603
2014-07-31T00:00:00.000+10:00,1.503,10,603
2014-08-01T00:00:00.000+10:00,1.501,10,603
2014-08-02T00:00:00.000+10:00,1.498,10,603
2014-08-03T00:00:00.000+10:00,1.495,10,603
2014-08-04T00:00:00.000+10:00,1.495,10,603
2014-08-05T00:00:00.000+10:00,1.496,10,603
2014-08-06T00:00:00.000+10:00,1.495,10,603
2014-08-07T00:00:00.000+10:00,1.494,10,603
2014-08-08T00:00:00.000+10:00,1.493,10,603
2014-08-09T00:00:00.000+10:00,1.492,10,603
2014-08-10T00:00:00.000+10:00,1.491,10,603
2014-08-11T00:00:00.000+10:00,1.489,10,603
2014-08-12T00:00:00.000+10:00,1.490,10,603
2014-08-13T00:00:00.000+10:00,1.489,10,603
2014-08-14T00:00:00.000+10:00,1.487,10,603
2014-08-15T00:00:00.000+10:00,1.487,10,603
2014-08-16T00:00:00.000+10:00,1.492,10,603
2014-08-17T00:00:00.000+10:00,1.569,10,603
2014-08-18T00:00:00.000+10:00,1.578,10,603
2014-08-19T00:00:00.000+10:00,1.567,10,603
2014-08-20T00:00:00.000+10:00,1.560,10,603
2014-08-21T00:00:00.000+10:00,1.553,10,603
2014-08-22T00:00:00.000+10:00,1.548,10,603
2014-08-23T00:00:00.000+10:00,1.558,10,603
2014-08-24T00:00:00.000+10:00,1.660,10,603
2014-08-25T00:00:00.000+10:00,1.653,10,603
2014-08-26T00:00:00.000+10:00,1.626,10,603
2014-08-27T00:00:00.000+10:00,2.887,10,603
2014-08-28T00:00:00.000+10:00,3.059,10,603
2014-08-29T00:00:00.000+10:00,2.145,10,603
2014-08-30T00:00:00.000+10:00,1.987,10,603
2014-08-31T00:00:00.000+10:00,1.908,10,603
2014-09-01T00:00:00.000+10:00,1.858,10,603
2014-09-02T00:00:00.000+10:00,1.823,10,603
2014-09-03T00:00:00.000+10:00,1.792,10,603
2014-09-04T00:00:00.000+10:00,1.766,10,603
2014-09-05T00:00:00.000+10:00,1.746,10,603
2014-09-06T00:00:00.000+10:00,1.731,10,603
2014-09-07T00:00:00.000+10:00,1.722,10,603
2014-09-08T00:00:00.000+10:00,1.712,10,603
2014-09-09T00:00:00.000+10:00,1.702,10,603
2014-09-10T00:00:00.000+10:00,1.690,10,603
2014-09-11T00:00:00.000+10:00,1.680,10,603
2014-09-12T00:00:00.000+10:00,1.672,10,603
2014-09-13T00:00:00.000+10:00,1.681,10,603
2014-09-14T00:00:00.000+10:00,1.673,10,603
2014-09-15T00:00:00.000+10:00,1.665,10,603
2014-09-16T00:00:00.000+10:00,1.659,10,603
2014-09-17T00:00:00.000+10:00,1.653,10,603
2014-09-18T00:00:00.000+10:00,1.648,10,603
2014-09-19T00:00:00.000+10:00,1.643,10,603
2014-09-20T00:00:00.000+10:00,1.641,10,603
2014-09-21T00:00:00.000+10:00,1.637,10,603
2014-09-22T00:00:00.000+10:00,1.635,10,603
2014-09-23T00:00:00.000+10:00,1.632,10,603
2014-09-24T00:00:00.000+10:00,1.629,10,603
2014-09-25T00:00:00.000+10:00,1.625,10,603
2014-09-26T00:00:00.000+10:00,1.624,10,603
2014-09-27T00:00:00.000+10:00,1.621,10,603
2014-09-28T00:00:00.000+10:00,1.617,10,603
2014-09-29T00:00:00.000+10:00,1.615,10,603
2014-09-30T00:00:00.000+10:00,1.614,10,603
2014-10-01T00:00:00.000+10:00,1.611,10,603
2014-10-02T00:00:00.000+10:00,1.607,10,603
2014-10-03T00:00:00.000+10:00,1.603,10,603
2014-10-04T00:00:00.000+10:00,1.601,10,603
2014-10-05T00:00:00.000+10:00,1.601,10,603
2014-10-06T00:00:00.000+10:00,1.598,10,603
2014-10-07T00:00:00.000+10:00,1.590,10,603
2014-10-08T00:00:00.000+10:00,1.587,10,603
2014-10-09T00:00:00.000+10:00,1.585,10,603
2014-10-10T00:00:00.000+10:00,1.583,10,603
2014-10-11T00:00:00.000+10:00,1.581,10,603
2014-10-12T00:00:00.000+10:00,1.579,10,603
2014-10-13T00:00:00.000+10:00,1.577,10,603
2014-10-14T00:00:00.000+10:00,1.579,10,603
2014-10-15T00:00:00.000+10:00,1.576,10,603
2014-10-16T00:00:00.000+10:00,1.574,10,603
2014-10-17T00:00:00.000+10:00,1.573,10,603
2014-10-18T00:00:00.000+10:00,1.577,10,603
2014-10-19T00:00:00.000+10:00,1.580,10,603
2014-10-20T00:00:00.000+10:00,1.576,10,603
2014-10-21T00:00:00.000+10:00,1.572,10,603
2014-10-22T00:00:00.000+10:00,1.571,10,603
2014-10-23T00:00:00.000+10:00,1.568,10,603
2014-10-24T00:00:00.000+10:00,1.564,10,603
2014-10-25T00:00:00.000+10:00,1.562,10,603
2014-10-26T00:00:00.000+10:00,1.556,10,603
2014-10-27T00:00:00.000+10:00,1.550,10,603
2014-10-28T00:00:00.000+10:00,1.547,10,603
2014-10-29T00:00:00.000+10:00,1.544,10,603
2014-10-30T00:00:00.000+10:00,1.541,10,603
2014-10-31T00:00:00.000+10:00,1.539,10,603
2014-11-01T00:00:00.000+10:00,1.535,10,603
2014-11-02T00:00:00.000+10:00,1.532,10,603
2014-11-03T00:00:00.000+10:00,1.530,10,603
2014-11-04T00:00:00.000+10:00,1.535,10,603
2014-11-05T00:00:00.000+10:00,1.540,10,603
2014-11-06T00:00:00.000+10:00,1.574,10,603
2014-11-07T00:00:00.000+10:00,1.571,10,603
2014-11-08T00:00:00.000+10:00,1.563,10,603
2014-11-09T00:00:00.000+10:00,1.566,10,603
2014-11-10T00:00:00.000+10:00,1.565,10,603
2014-11-11T00:00:00.000+10:00,1.563,10,603
2014-11-12T00:00:00.000+10:00,1.561,10,603
2014-11-13T00:00:00.000+10:00,1.560,10,603
2014-11-14T00:00:00.000+10:00,1.557,10,603
2014-11-15T00:00:00.000+10:00,1.553,10,603
2014-11-16T00:00:00.000+10:00,1.549,10,603
2014-11-17T00:00:00.000+10:00,1.546,10,603
2014-11-18T00:00:00.000+10:00,1.544,10,603
2014-11-19T00:00:00.000+10:00,1.544,10,603
2014-11-20T00:00:00.000+10:00,1.543,10,603
2014-11-21T00:00:00.000+10:00,1.540,10,603
2014-11-22T00:00:00.000+10:00,1.538,10,603
2014-11-23T00:00:00.000+10:00,1.536,10,603
2014-11-24T00:00:00.000+10:00,1.532,10,603
2014-11-25T00:00:00.000+10:00,1.534,10,603
2014-11-26T00:00:00.000+10:00,1.539,10,603
2014-11-27T00:00:00.000+10:00,1.548,10,603
2014-11-28T00:00:00.000+10:00,1.546,10,603
2014-11-29T00:00:00.000+10:00,1.544,10,603
2014-11-30T00:00:00.000+10:00,1.547,10,603
2014-12-01T00:00:00.000+10:00,1.551,10,603
2014-12-02T00:00:00.000+10:00,1.552,10,603
2014-12-03T00:00:00.000+10:00,1.549,10,603
2014-12-04T00:00:00.000+10:00,1.551,10,603
2014-12-05T00:00:00.000+10:00,1.551,10,603
2014-12-06T00:00:00.000+10:00,1.555,10,603
2014-12-07T00:00:00.000+10:00,1.557,10,603
2014-12-08T00:00:00.000+10:00,1.563,10,603
2014-12-09T00:00:00.000+10:00,1.577,10,603
2014-12-10T00:00:00.000+10:00,1.580,10,603
2014-12-11T00:00:00.000+10:00,1.579,10,603
2014-12-12T00:00:00.000+10:00,1.584,10,603
2014-12-13T00:00:00.000+10:00,1.581,10,603
2014-12-14T00:00:00.000+10:00,1.578,10,603
2014-12-15T00:00:00.000+10:00,1.578,10,603
2014-12-16T00:00:00.000+10:00,1.575,10,603
2014-12-17T00:00:00.000+10:00,1.572,10,603
2014-12-18T00:00:00.000+10:00,1.574,10,603
2014-12-19T00:00:00.000+10:00,1.599,10,603
2014-12-20T00:00:00.000+10:00,1.587,10,603
2014-12-21T00:00:00.000+10:00,1.581,10,603
2014-12-22T00:00:00.000+10:00,1.577,10,603
2014-12-23T00:00:00.000+10:00,1.575,10,603
2014-12-24T00:00:00.000+10:00,1.573,10,603
2014-12-25T00:00:00.000+10:00,1.570,10,603
2014-12-26T00:00:00.000+10:00,1.573,10,603
2014-12-27T00:00:00.000+10:00,1.667,10,603
2014-12-28T00:00:00.000+10:00,1.872,10,603
2014-12-29T00:00:00.000+10:00,2.016,10,603
2014-12-30T00:00:00.000+10:00,1.954,10,603
2014-12-31T00:00:00.000+10:00,1.859,10,603
2015-01-01T00:00:00.000+10:00,2.412,10,603
2015-01-02T00:00:00.000+10:00,2.048,10,603
2015-01-03T00:00:00.000+10:00,1.941,10,603
2015-01-04T00:00:00.000+10:00,1.871,10,603
2015-01-05T00:00:00.000+10:00,1.831,10,603
2015-01-06T00:00:00.000+10:00,1.908,10,603
2015-01-07T00:00:00.000+10:00,1.819,10,603
2015-01-08T00:00:00.000+10:00,1.785,10,603
2015-01-09T00:00:00.000+10:00,1.763,10,603
2015-01-10T00:00:00.000+10:00,1.741,10,603
2015-01-11T00:00:00.000+10:00,1.728,10,603
2015-01-12T00:00:00.000+10:00,1.772,10,603
2015-01-13T00:00:00.000+10:00,1.768,10,603
2015-01-14T00:00:00.000+10:00,1.750,10,603
2015-01-15T00:00:00.000+10:00,1.731,10,603
2015-01-16T00:00:00.000+10:00,1.714,10,603
2015-01-17T00:00:00.000+10:00,1.698,10,603
2015-01-18T00:00:00.000+10:00,1.684,10,603
2015-01-19T00:00:00.000+10:00,1.776,10,603
2015-01-20T00:00:00.000+10:00,2.485,10,603
2015-01-21T00:00:00.000+10:00,2.113,10,603
2015-01-22T00:00:00.000+10:00,2.394,10,603
2015-01-23T00:00:00.000+10:00,2.435,10,603
2015-01-24T00:00:00.000+10:00,2.150,10,603
2015-01-25T00:00:00.000+10:00,2.038,10,603
2015-01-26T00:00:00.000+10:00,1.993,10,603
2015-01-27T00:00:00.000+10:00,4.095,10,603
2015-01-28T00:00:00.000+10:00,2.892,10,603
2015-01-29T00:00:00.000+10:00,2.370,10,603
2015-01-30T00:00:00.000+10:00,2.198,10,603
2015-01-31T00:00:00.000+10:00,2.110,10,603
2015-02-01T00:00:00.000+10:00,2.063,10,603
2015-02-02T00:00:00.000+10:00,2.137,10,603
2015-02-03T00:00:00.000+10:00,2.405,10,603
2015-02-04T00:00:00.000+10:00,2.210,10,603
2015-02-05T00:00:00.000+10:00,2.109,10,603
2015-02-06T00:00:00.000+10:00,2.062,10,603
2015-02-07T00:00:00.000+10:00,2.014,10,603
2015-02-08T00:00:00.000+10:00,1.981,10,603
2015-02-09T00:00:00.000+10:00,1.952,10,603
2015-02-10T00:00:00.000+10:00,1.934,10,603
2015-02-11T00:00:00.000+10:00,1.928,10,603
2015-02-12T00:00:00.000+10:00,1.913,10,603
2015-02-13T00:00:00.000+10:00,1.895,10,603
2015-02-14T00:00:00.000+10:00,1.883,10,603
2015-02-15T00:00:00.000+10:00,1.869,10,603
2015-02-16T00:00:00.000+10:00,1.866,10,603
2015-02-17T00:00:00.000+10:00,1.854,10,603
2015-02-18T00:00:00.000+10:00,1.852,10,603
2015-02-19T00:00:00.000+10:00,1.884,10,603
2015-02-20T00:00:00.000+10:00,2.288,10,603
2015-02-21T00:00:00.000+10:00,2.999,10,603
2015-02-22T00:00:00.000+10:00,3.175,10,603
2015-02-23T00:00:00.000+10:00,3.431,10,603
2015-02-24T00:00:00.000+10:00,2.744,10,603
2015-02-25T00:00:00.000+10:00,2.443,10,603
2015-02-26T00:00:00.000+10:00,2.303,10,603
2015-02-27T00:00:00.000+10:00,2.214,10,603
2015-02-28T00:00:00.000+10:00,2.141,10,603
2015-03-01T00:00:00.000+10:00,2.088,10,603
2015-03-02T00:00:00.000+10:00,2.050,10,603
2015-03-03T00:00:00.000+10:00,2.022,10,603
2015-03-04T00:00:00.000+10:00,1.992,10,603
2015-03-05T00:00:00.000+10:00,1.969,10,603
2015-03-06T00:00:00.000+10:00,1.946,10,603
2015-03-07T00:00:00.000+10:00,1.932,10,603
2015-03-08T00:00:00.000+10:00,1.920,10,603
2015-03-09T00:00:00.000+10:00,1.908,10,603
2015-03-10T00:00:00.000+10:00,1.886,10,603
2015-03-11T00:00:00.000+10:00,1.873,10,603
2015-03-12T00:00:00.000+10:00,1.861,10,603
2015-03-13T00:00:00.000+10:00,1.901,10,603
2015-03-14T00:00:00.000+10:00,1.968,10,603
2015-03-15T00:00:00.000+10:00,1.885,10,603
2015-03-16T00:00:00.000+10:00,1.877,10,603
2015-03-17T00:00:00.000+10:00,1.851,10,603
2015-03-18T00:00:00.000+10:00,1.838,10,603
2015-03-19T00:00:00.000+10:00,1.829,10,603
2015-03-20T00:00:00.000+10:00,1.819,10,603
2015-03-21T00:00:00.000+10:00,1.812,10,603
2015-03-22T00:00:00.000+10:00,1.836,10,603
2015-03-23T00:00:00.000+10:00,1.844,10,603
2015-03-24T00:00:00.000+10:00,1.820,10,603
2015-03-25T00:00:00.000+10:00,1.809,10,603
2015-03-26T00:00:00.000+10:00,1.803,10,603
2015-03-27T00:00:00.000+10:00,1.795,10,603
2015-03-28T00:00:00.000+10:00,1.785,10,603
2015-03-29T00:00:00.000+10:00,1.777,10,603
2015-03-30T00:00:00.000+10:00,1.779,10,603
2015-03-31T00:00:00.000+10:00,1.815,10,603
2015-04-01T00:00:00.000+10:00,1.858,10,603
2015-04-02T00:00:00.000+10:00,1.869,10,603
2015-04-03T00:00:00.000+10:00,1.836,10,603
2015-04-04T00:00:00.000+10:00,2.068,10,603
2015-04-05T00:00:00.000+10:00,2.214,10,603
2015-04-06T00:00:00.000+10:00,2.096,10,603
2015-04-07T00:00:00.000+10:00,2.031,10,603
2015-04-08T00:00:00.000+10:00,1.979,10,603
2015-04-09T00:00:00.000+10:00,1.943,10,603
2015-04-10T00:00:00.000+10:00,1.915,10,603
2015-04-11T00:00:00.000+10:00,1.893,10,603
2015-04-12T00:00:00.000+10:00,1.876,10,603
2015-04-13T00:00:00.000+10:00,1.860,10,603
2015-04-14T00:00:00.000+10:00,1.846,10,603
2015-04-15T00:00:00.000+10:00,1.834,10,603
2015-04-16T00:00:00.000+10:00,1.824,10,603
2015-04-17T00:00:00.000+10:00,1.815,10,603
2015-04-18T00:00:00.000+10:00,1.807,10,603
2015-04-19T00:00:00.000+10:00,1.805,10,603
2015-04-20T00:00:00.000+10:00,1.837,10,603
2015-04-21T00:00:00.000+10:00,1.839,10,603
2015-04-22T00:00:00.000+10:00,1.810,10,603
2015-04-23T00:00:00.000+10:00,1.796,10,603
2015-04-24T00:00:00.000+10:00,1.787,10,603
2015-04-25T00:00:00.000+10:00,1.780,10,603
2015-04-26T00:00:00.000+10:00,1.773,10,603
2015-04-27T00:00:00.000+10:00,1.765,10,603
2015-04-28T00:00:00.000+10:00,1.759,10,603
2015-04-29T00:00:00.000+10:00,1.757,10,603
2015-04-30T00:00:00.000+10:00,1.772,10,603
2015-05-01T00:00:00.000+10:00,2.340,10,603
2015-05-02T00:00:00.000+10:00,4.412,10,603
2015-05-03T00:00:00.000+10:00,3.249,10,603
2015-05-04T00:00:00.000+10:00,2.515,10,603
2015-05-05T00:00:00.000+10:00,2.327,10,603
2015-05-06T00:00:00.000+10:00,2.235,10,603
2015-05-07T00:00:00.000+10:00,2.174,10,603
2015-05-08T00:00:00.000+10:00,2.130,10,603
2015-05-09T00:00:00.000+10:00,2.098,10,603
2015-05-10T00:00:00.000+10:00,2.059,10,603
2015-05-11T00:00:00.000+10:00,2.034,10,603
2015-05-12T00:00:00.000+10:00,2.013,10,603
2015-05-13T00:00:00.000+10:00,1.997,10,603
2015-05-14T00:00:00.000+10:00,1.981,10,603
2015-05-15T00:00:00.000+10:00,1.967,10,603
2015-05-16T00:00:00.000+10:00,1.967,10,603
2015-05-17T00:00:00.000+10:00,1.959,10,603
2015-05-18T00:00:00.000+10:00,1.961,10,603
2015-05-19T00:00:00.000+10:00,1.953,10,603
2015-05-20T00:00:00.000+10:00,1.939,10,603
2015-05-21T00:00:00.000+10:00,1.951,10,603
2015-05-22T00:00:00.000+10:00,1.967,10,603
2015-05-23T00:00:00.000+10:00,1.936,10,603
2015-05-24T00:00:00.000+10:00,1.921,10,603
2015-05-25T00:00:00.000+10:00,1.910,10,603
2015-05-26T00:00:00.000+10:00,1.900,10,603
2015-05-27T00:00:00.000+10:00,1.894,10,603
2015-05-28T00:00:00.000+10:00,1.888,10,603
2015-05-29T00:00:00.000+10:00,1.882,10,603
2015-05-30T00:00:00.000+10:00,1.878,10,603
2015-05-31T00:00:00.000+10:00,1.878,10,603
2015-06-01T00:00:00.000+10:00,1.886,10,603
2015-06-02T00:00:00.000+10:00,1.868,10,603
2015-06-03T00:00:00.000+10:00,1.859,10,603
2015-06-04T00:00:00.000+10:00,1.851,10,603
2015-06-05T00:00:00.000+10:00,1.847,10,603
2015-06-06T00:00:00.000+10:00,1.844,10,603
2015-06-07T00:00:00.000+10:00,1.847,10,603
2015-06-08T00:00:00.000+10:00,1.839,10,603
2015-06-09T00:00:00.000+10:00,1.834,10,603
2015-06-10T00:00:00.000+10:00,1.828,10,603
2015-06-11T00:00:00.000+10:00,1.835,140,603
2015-06-12T00:00:00.000+10:00,1.836,90,603
2015-06-13T00:00:00.000+10:00,1.836,90,603
2015-06-14T00:00:00.000+10:00,1.837,90,603
2015-06-15T00:00:00.000+10:00,1.831,90,603
2015-06-16T00:00:00.000+10:00,1.833,90,603
2015-06-17T00:00:00.000+10:00,1.833,90,603
2015-06-18T00:00:00.000+10:00,1.829,90,603
2015-06-19T00:00:00.000+10:00,1.822,90,603
2015-06-20T00:00:00.000+10:00,1.816,90,603
2015-06-21T00:00:00.000+10:00,1.810,90,603
2015-06-22T00:00:00.000+10:00,1.806,90,603
2015-06-23T00:00:00.000+10:00,1.802,90,603
2015-06-24T00:00:00.000+10:00,1.798,90,603
2015-06-25T00:00:00.000+10:00,1.796,90,603
2015-06-26T00:00:00.000+10:00,1.791,90,603
2015-06-27T00:00:00.000+10:00,1.790,90,603
2015-06-28T00:00:00.000+10:00,1.783,90,603
2015-06-29T00:00:00.000+10:00,1.780,90,603
2015-06-30T00:00:00.000+10:00,1.776,90,603
2015-07-01T00:00:00.000+10:00,1.773,90,603
2015-07-02T00:00:00.000+10:00,1.771,90,603
2015-07-03T00:00:00.000+10:00,1.766,90,603
2015-07-04T00:00:00.000+10:00,1.763,90,603
2015-07-05T00:00:00.000+10:00,1.760,90,603
2015-07-06T00:00:00.000+10:00,1.757,90,603
2015-07-07T00:00:00.000+10:00,1.754,90,603
2015-07-08T00:00:00.000+10:00,1.750,90,603
2015-07-09T00:00:00.000+10:00,1.747,90,603
2015-07-10T00:00:00.000+10:00,1.747,90,603
2015-07-11T00:00:00.000+10:00,1.744,90,603
2015-07-12T00:00:00.000+10:00,1.741,90,603
2015-07-13T00:00:00.000+10:00,1.740,90,603
2015-07-14T00:00:00.000+10:00,1.735,90,603
2015-07-15T00:00:00.000+10:00,1.733,90,603
2015-07-16T00:00:00.000+10:00,1.730,90,603
2015-07-17T00:00:00.000+10:00,1.727,90,603
2015-07-18T00:00:00.000+10:00,1.724,90,603
2015-07-19T00:00:00.000+10:00,1.721,90,603
2015-07-20T00:00:00.000+10:00,1.720,90,603
2015-07-21T00:00:00.000+10:00,1.724,90,603
2015-07-22T00:00:00.000+10:00,1.733,90,603
2015-07-23T00:00:00.000+10:00,1.728,90,603
2015-07-24T00:00:00.000+10:00,1.726,90,603
2015-07-25T00:00:00.000+10:00,1.723,90,603
2015-07-26T00:00:00.000+10:00,1.720,90,603
2015-07-27T00:00:00.000+10:00,1.715,90,603
2015-07-28T00:00:00.000+10:00,1.711,90,603
2015-07-29T00:00:00.000+10:00,1.707,90,603
2015-07-30T00:00:00.000+10:00,1.705,90,603
2015-07-31T00:00:00.000+10:00,1.703,90,603
2015-08-01T00:00:00.000+10:00,1.700,90,603
2015-08-02T00:00:00.000+10:00,1.697,90,603
2015-08-03T00:00:00.000+10:00,1.693,90,603
2015-08-04T00:00:00.000+10:00,1.691,90,603
2015-08-05T00:00:00.000+10:00,1.687,90,603
2015-08-06T00:00:00.000+10:00,1.685,90,603
2015-08-07T00:00:00.000+10:00,1.682,90,603
2015-08-08T00:00:00.000+10:00,1.678,90,603
2015-08-09T00:00:00.000+10:00,1.680,90,603
2015-08-10T00:00:00.000+10:00,1.679,90,603
2015-08-11T00:00:00.000+10:00,1.676,90,603
2015-08-12T00:00:00.000+10:00,1.671,90,603
2015-08-13T00:00:00.000+10:00,1.667,90,603
2015-08-14T00:00:00.000+10:00,1.663,90,603
2015-08-15T00:00:00.000+10:00,1.661,90,603
2015-08-16T00:00:00.000+10:00,1.661,90,603
2015-08-17T00:00:00.000+10:00,1.661,90,603
2015-08-18T00:00:00.000+10:00,1.660,90,603
2015-08-19T00:00:00.000+10:00,1.656,90,603
2015-08-20T00:00:00.000+10:00,1.655,90,603
2015-08-21T00:00:00.000+10:00,1.652,90,603
2015-08-22T00:00:00.000+10:00,1.650,90,603
2015-08-23T00:00:00.000+10:00,1.652,90,603
2015-08-24T00:00:00.000+10:00,1.704,90,603
2015-08-25T00:00:00.000+10:00,1.729,90,603
2015-08-26T00:00:00.000+10:00,1.721,140,603
2015-08-27T00:00:00.000+10:00,1.710,10,603
2015-08-28T00:00:00.000+10:00,1.703,10,603
2015-08-29T00:00:00.000+10:00,1.698,10,603
2015-08-30T00:00:00.000+10:00,1.694,140,603
2015-08-31T00:00:00.000+10:00,1.690,10,603
2015-09-01T00:00:00.000+10:00,1.687,10,603
2015-09-02T00:00:00.000+10:00,1.685,10,603
2015-09-03T00:00:00.000+10:00,1.681,110,603
2015-09-04T00:00:00.000+10:00,1.676,110,603
2015-09-05T00:00:00.000+10:00,1.673,110,603
2015-09-06T00:00:00.000+10:00,1.671,110,603
2015-09-07T00:00:00.000+10:00,1.668,110,603
2015-09-08T00:00:00.000+10:00,1.665,110,603
2015-09-09T00:00:00.000+10:00,1.662,110,603
2015-09-10T00:00:00.000+10:00,1.659,110,603
2015-09-11T00:00:00.000+10:00,1.657,110,603
2015-09-12T00:00:00.000+10:00,1.654,110,603
2015-09-13T00:00:00.000+10:00,1.651,110,603
2015-09-14T00:00:00.000+10:00,1.648,110,603
2015-09-15T00:00:00.000+10:00,1.646,140,603
2015-09-16T00:00:00.000+10:00,1.644,10,603
2015-09-17T00:00:00.000+10:00,1.651,10,603
2015-09-18T00:00:00.000+10:00,1.682,10,603
2015-09-19T00:00:00.000+10:00,1.688,10,603
2015-09-20T00:00:00.000+10:00,1.685,10,603
2015-09-21T00:00:00.000+10:00,1.690,10,603
2015-09-22T00:00:00.000+10:00,1.689,10,603
2015-09-23T00:00:00.000+10:00,1.685,10,603
2015-09-24T00:00:00.000+10:00,1.678,10,603
2015-09-25T00:00:00.000+10:00,1.679,10,603
2015-09-26T00:00:00.000+10:00,1.820,10,603
2015-09-27T00:00:00.000+10:00,1.808,10,603
2015-09-28T00:00:00.000+10:00,1.751,10,603
2015-09-29T00:00:00.000+10:00,1.730,10,603
2015-09-30T00:00:00.000+10:00,1.717,10,603
2015-10-01T00:00:00.000+10:00,1.707,10,603
2015-10-02T00:00:00.000+10:00,1.700,10,603
2015-10-03T00:00:00.000+10:00,1.694,10,603
2015-10-04T00:00:00.000+10:00,1.688,10,603
2015-10-05T00:00:00.000+10:00,1.682,10,603
2015-10-06T00:00:00.000+10:00,1.675,10,603
2015-10-07T00:00:00.000+10:00,1.669,10,603
2015-10-08T00:00:00.000+10:00,1.664,10,603
2015-10-09T00:00:00.000+10:00,1.663,10,603
2015-10-10T00:00:00.000+10:00,1.659,10,603
2015-10-11T00:00:00.000+10:00,1.654,10,603
2015-10-12T00:00:00.000+10:00,1.652,10,603
2015-10-13T00:00:00.000+10:00,1.649,10,603
2015-10-14T00:00:00.000+10:00,1.649,10,603
2015-10-15T00:00:00.000+10:00,1.651,10,603
2015-10-16T00:00:00.000+10:00,1.648,10,603
2015-10-17T00:00:00.000+10:00,1.646,10,603
2015-10-18T00:00:00.000+10:00,1.644,10,603
2015-10-19T00:00:00.000+10:00,1.640,10,603
2015-10-20T00:00:00.000+10:00,1.756,110,603
2015-10-21T00:00:00.000+10:00,1.771,110,603
2015-10-22T00:00:00.000+10:00,1.771,110,603
2015-10-23T00:00:00.000+10:00,1.770,110,603
2015-10-24T00:00:00.000+10:00,1.769,110,603
2015-10-25T00:00:00.000+10:00,1.768,110,603
2015-10-26T00:00:00.000+10:00,1.767,110,603
2015-10-27T00:00:00.000+10:00,1.766,110,603
2015-10-28T00:00:00.000+10:00,1.765,110,603
2015-10-29T00:00:00.000+10:00,1.764,110,603
2015-10-30T00:00:00.000+10:00,1.763,110,603
2015-10-31T00:00:00.000+10:00,1.762,110,603
2015-11-01T00:00:00.000+10:00,1.761,110,603
2015-11-02T00:00:00.000+10:00,1.760,110,603
2015-11-03T00:00:00.000+10:00,1.760,110,603
2015-11-04T00:00:00.000+10:00,1.764,140,603
2015-11-05T00:00:00.000+10:00,1.777,10,603
2015-11-06T00:00:00.000+10:00,1.789,10,603
2015-11-07T00:00:00.000+10:00,1.808,10,603
2015-11-08T00:00:00.000+10:00,1.847,10,603
2015-11-09T00:00:00.000+10:00,1.849,10,603
2015-11-10T00:00:00.000+10:00,1.819,10,603
2015-11-11T00:00:00.000+10:00,1.804,10,603
2015-11-12T00:00:00.000+10:00,1.826,10,603
2015-11-13T00:00:00.000+10:00,1.869,10,603
2015-11-14T00:00:00.000+10:00,1.928,10,603
2015-11-15T00:00:00.000+10:00,1.988,10,603
2015-11-16T00:00:00.000+10:00,1.945,10,603
2015-11-17T00:00:00.000+10:00,1.898,10,603
2015-11-18T00:00:00.000+10:00,1.872,10,603
2015-11-19T00:00:00.000+10:00,1.855,10,603
2015-11-20T00:00:00.000+10:00,1.841,10,603
2015-11-21T00:00:00.000+10:00,1.830,10,603
2015-11-22T00:00:00.000+10:00,1.823,10,603
2015-11-23T00:00:00.000+10:00,1.818,10,603
2015-11-24T00:00:00.000+10:00,1.811,10,603
2015-11-25T00:00:00.000+10:00,1.803,10,603
2015-11-26T00:00:00.000+10:00,1.798,10,603
2015-11-27T00:00:00.000+10:00,1.794,10,603
2015-11-28T00:00:00.000+10:00,1.793,10,603
2015-11-29T00:00:00.000+10:00,1.826,10,603
2015-11-30T00:00:00.000+10:00,1.940,10,603
2015-12-01T00:00:00.000+10:00,1.858,10,603
2015-12-02T00:00:00.000+10:00,1.930,10,603
2015-12-03T00:00:00.000+10:00,2.149,10,603
2015-12-04T00:00:00.000+10:00,1.981,10,603
2015-12-05T00:00:00.000+10:00,1.931,10,603
2015-12-06T00:00:00.000+10:00,1.896,10,603
2015-12-07T00:00:00.000+10:00,1.869,10,603
2015-12-08T00:00:00.000+10:00,1.848,10,603
2015-12-09T00:00:00.000+10:00,1.833,10,603
2015-12-10T00:00:00.000+10:00,1.821,10,603
2015-12-11T00:00:00.000+10:00,1.808,10,603
2015-12-12T00:00:00.000+10:00,1.797,10,603
2015-12-13T00:00:00.000+10:00,1.790,10,603
2015-12-14T00:00:00.000+10:00,1.783,10,603
2015-12-15T00:00:00.000+10:00,1.777,10,603
2015-12-16T00:00:00.000+10:00,1.773,10,603
2015-12-17T00:00:00.000+10:00,1.775,10,603
2015-12-18T00:00:00.000+10:00,1.770,10,603
2015-12-19T00:00:00.000+10:00,1.763,10,603
2015-12-20T00:00:00.000+10:00,1.756,10,603
2015-12-21T00:00:00.000+10:00,1.750,10,603
2015-12-22T00:00:00.000+10:00,1.746,10,603
2015-12-23T00:00:00.000+10:00,1.758,10,603
2015-12-24T00:00:00.000+10:00,2.020,10,603
2015-12-25T00:00:00.000+10:00,2.102,10,603
2015-12-26T00:00:00.000+10:00,1.967,10,603
2015-12-27T00:00:00.000+10:00,1.913,10,603
2015-12-28T00:00:00.000+10:00,1.880,10,603
2015-12-29T00:00:00.000+10:00,1.856,10,603
2015-12-30T00:00:00.000+10:00,1.839,10,603
2015-12-31T00:00:00.000+10:00,1.824,10,603
2016-01-01T00:00:00.000+10:00,1.812,10,603
2016-01-02T00:00:00.000+10:00,1.802,10,603
2016-01-03T00:00:00.000+10:00,1.795,10,603
2016-01-04T00:00:00.000+10:00,1.792,10,603
2016-01-05T00:00:00.000+10:00,1.790,10,603
2016-01-06T00:00:00.000+10:00,1.808,10,603
2016-01-07T00:00:00.000+10:00,1.791,10,603
2016-01-08T00:00:00.000+10:00,1.777,10,603
2016-01-09T00:00:00.000+10:00,1.768,10,603
2016-01-10T00:00:00.000+10:00,1.762,10,603
2016-01-11T00:00:00.000+10:00,1.756,10,603
2016-01-12T00:00:00.000+10:00,1.751,10,603
2016-01-13T00:00:00.000+10:00,1.746,10,603
2016-01-14T00:00:00.000+10:00,1.747,10,603
2016-01-15T00:00:00.000+10:00,1.752,10,603
2016-01-16T00:00:00.000+10:00,1.760,10,603
2016-01-17T00:00:00.000+10:00,1.769,10,603
2016-01-18T00:00:00.000+10:00,1.770,10,603
2016-01-19T00:00:00.000+10:00,1.767,10,603
2016-01-20T00:00:00.000+10:00,1.769,10,603
2016-01-21T00:00:00.000+10:00,1.768,10,603
2016-01-22T00:00:00.000+10:00,1.766,10,603
2016-01-23T00:00:00.000+10:00,1.768,10,603
2016-01-24T00:00:00.000+10:00,1.770,10,603
2016-01-25T00:00:00.000+10:00,1.769,10,603
2016-01-26T00:00:00.000+10:00,1.797,10,603
2016-01-27T00:00:00.000+10:00,1.859,10,603
2016-01-28T00:00:00.000+10:00,1.800,10,603
2016-01-29T00:00:00.000+10:00,1.789,10,603
2016-01-30T00:00:00.000+10:00,1.785,110,603
2016-01-31T00:00:00.000+10:00,1.778,110,603
2016-02-01T00:00:00.000+10:00,1.771,110,603
2016-02-02T00:00:00.000+10:00,1.764,110,603
2016-02-03T00:00:00.000+10:00,1.757,110,603
2016-02-04T00:00:00.000+10:00,1.750,110,603
2016-02-05T00:00:00.000+10:00,1.745,110,603
2016-02-06T00:00:00.000+10:00,1.842,10,603
2016-02-07T00:00:00.000+10:00,1.906,10,603
2016-02-08T00:00:00.000+10:00,1.831,10,603
2016-02-09T00:00:00.000+10:00,1.812,10,603
2016-02-10T00:00:00.000+10:00,1.799,10,603
2016-02-11T00:00:00.000+10:00,1.788,10,603
2016-02-12T00:00:00.000+10:00,1.779,10,603
2016-02-13T00:00:00.000+10:00,1.771,10,603
2016-02-14T00:00:00.000+10:00,1.765,10,603
2016-02-15T00:00:00.000+10:00,1.759,10,603
2016-02-16T00:00:00.000+10:00,1.753,10,603
2016-02-17T00:00:00.000+10:00,1.749,10,603
2016-02-18T00:00:00.000+10:00,1.745,10,603
2016-02-19T00:00:00.000+10:00,1.742,10,603
2016-02-20T00:00:00.000+10:00,1.737,10,603
2016-02-21T00:00:00.000+10:00,1.732,10,603
2016-02-22T00:00:00.000+10:00,1.728,10,603
2016-02-23T00:00:00.000+10:00,1.726,10,603
2016-02-24T00:00:00.000+10:00,1.723,10,603
2016-02-25T00:00:00.000+10:00,1.719,10,603
2016-02-26T00:00:00.000+10:00,1.716,10,603
2016-02-27T00:00:00.000+10:00,1.712,10,603
2016-02-28T00:00:00.000+10:00,1.710,10,603
2016-02-29T00:00:00.000+10:00,1.708,10,603
2016-03-01T00:00:00.000+10:00,1.704,10,603
2016-03-02T00:00:00.000+10:00,1.702,10,603
2016-03-03T00:00:00.000+10:00,1.700,110,603
2016-03-04T00:00:00.000+10:00,1.696,110,603
2016-03-05T00:00:00.000+10:00,1.694,110,603
2016-03-06T00:00:00.000+10:00,1.692,110,603
2016-03-07T00:00:00.000+10:00,1.690,110,603
2016-03-08T00:00:00.000+10:00,1.688,110,603
2016-03-09T00:00:00.000+10:00,1.686,110,603
2016-03-10T00:00:00.000+10:00,1.684,110,603
2016-03-11T00:00:00.000+10:00,1.682,110,603
2016-03-12T00:00:00.000+10:00,1.680,110,603
2016-03-13T00:00:00.000+10:00,1.678,110,603
2016-03-14T00:00:00.000+10:00,1.685,140,603
2016-03-15T00:00:00.000+10:00,1.673,10,603
2016-03-16T00:00:00.000+10:00,1.673,10,603
2016-03-17T00:00:00.000+10:00,1.671,10,603
2016-03-18T00:00:00.000+10:00,1.670,10,603
2016-03-19T00:00:00.000+10:00,1.670,10,603
2016-03-20T00:00:00.000+10:00,1.668,10,603
2016-03-21T00:00:00.000+10:00,1.667,10,603
2016-03-22T00:00:00.000+10:00,1.666,10,603
2016-03-23T00:00:00.000+10:00,1.662,10,603
2016-03-24T00:00:00.000+10:00,1.659,10,603
2016-03-25T00:00:00.000+10:00,1.656,10,603
2016-03-26T00:00:00.000+10:00,1.655,10,603
2016-03-27T00:00:00.000+10:00,1.655,10,603
2016-03-28T00:00:00.000+10:00,1.650,10,603
2016-03-29T00:00:00.000+10:00,1.648,10,603
2016-03-30T00:00:00.000+10:00,1.650,10,603
2016-03-31T00:00:00.000+10:00,1.647,10,603
2016-04-01T00:00:00.000+10:00,1.646,10,603
2016-04-02T00:00:00.000+10:00,1.645,10,603
2016-04-03T00:00:00.000+10:00,1.643,10,603
2016-04-04T00:00:00.000+10:00,1.641,10,603
2016-04-05T00:00:00.000+10:00,1.639,10,603
2016-04-06T00:00:00.000+10:00,1.638,10,603
2016-04-07T00:00:00.000+10:00,1.639,10,603
2016-04-08T00:00:00.000+10:00,1.638,10,603
2016-04-09T00:00:00.000+10:00,1.640,10,603
2016-04-10T00:00:00.000+10:00,1.640,10,603
2016-04-11T00:00:00.000+10:00,1.636,10,603
2016-04-12T00:00:00.000+10:00,1.639,10,603
2016-04-13T00:00:00.000+10:00,1.656,10,603
2016-04-14T00:00:00.000+10:00,1.661,10,603
2016-04-15T00:00:00.000+10:00,1.657,10,603
2016-04-16T00:00:00.000+10:00,1.657,10,603
2016-04-17T00:00:00.000+10:00,1.660,10,603
2016-04-18T00:00:00.000+10:00,1.664,10,603
2016-04-19T00:00:00.000+10:00,1.663,10,603
2016-04-20T00:00:00.000+10:00,1.661,10,603
2016-04-21T00:00:00.000+10:00,1.656,10,603
2016-04-22T00:00:00.000+10:00,1.653,10,603
2016-04-23T00:00:00.000+10:00,1.660,10,603
2016-04-24T00:00:00.000+10:00,1.655,10,603
2016-04-25T00:00:00.000+10:00,1.712,10,603
2016-04-26T00:00:00.000+10:00,1.788,10,603
2016-04-27T00:00:00.000+10:00,1.758,10,603
2016-04-28T00:00:00.000+10:00,1.744,10,603
2016-04-29T00:00:00.000+10:00,1.732,10,603
2016-04-30T00:00:00.000+10:00,1.723,10,603
2016-05-01T00:00:00.000+10:00,1.717,10,603
2016-05-02T00:00:00.000+10:00,1.716,10,603
2016-05-03T00:00:00.000+10:00,1.716,10,603
2016-05-04T00:00:00.000+10:00,1.714,10,603
2016-05-05T00:00:00.000+10:00,1.709,10,603
2016-05-06T00:00:00.000+10:00,1.705,10,603
2016-05-07T00:00:00.000+10:00,1.701,10,603
2016-05-08T00:00:00.000+10:00,1.698,10,603
2016-05-09T00:00:00.000+10:00,1.694,10,603
2016-05-10T00:00:00.000+10:00,1.690,10,603
2016-05-11T00:00:00.000+10:00,1.686,10,603
2016-05-12T00:00:00.000+10:00,1.682,10,603
2016-05-13T00:00:00.000+10:00,1.679,10,603
2016-05-14T00:00:00.000+10:00,1.675,10,603
2016-05-15T00:00:00.000+10:00,1.671,10,603
2016-05-16T00:00:00.000+10:00,1.667,10,603
2016-05-17T00:00:00.000+10:00,1.663,10,603
2016-05-18T00:00:00.000+10:00,1.660,10,603
2016-05-19T00:00:00.000+10:00,1.657,10,603
2016-05-20T00:00:00.000+10:00,1.654,10,603
2016-05-21T00:00:00.000+10:00,1.652,10,603
2016-05-22T00:00:00.000+10:00,1.649,10,603
2016-05-23T00:00:00.000+10:00,1.647,10,603
2016-05-24T00:00:00.000+10:00,1.644,10,603
2016-05-25T00:00:00.000+10:00,1.642,10,603
2016-05-26T00:00:00.000+10:00,1.640,10,603
2016-05-27T00:00:00.000+10:00,1.639,10,603
2016-05-28T00:00:00.000+10:00,1.635,10,603
2016-05-29T00:00:00.000+10:00,1.633,10,603
2016-05-30T00:00:00.000+10:00,1.632,10,603
2016-05-31T00:00:00.000+10:00,1.631,10,603
2016-06-01T00:00:00.000+10:00,1.630,10,603
2016-06-02T00:00:00.000+10:00,1.629,10,603
2016-06-03T00:00:00.000+10:00,1.630,10,603
2016-06-04T00:00:00.000+10:00,2.175,10,603
2016-06-05T00:00:00.000+10:00,4.028,10,603
2016-06-06T00:00:00.000+10:00,2.384,10,603
2016-06-07T00:00:00.000+10:00,2.161,10,603
2016-06-08T00:00:00.000+10:00,2.062,10,603
2016-06-09T00:00:00.000+10:00,2.008,10,603
2016-06-10T00:00:00.000+10:00,1.970,10,603
2016-06-11T00:00:00.000+10:00,1.942,10,603
2016-06-12T00:00:00.000+10:00,1.920,10,603
2016-06-13T00:00:00.000+10:00,1.904,10,603
2016-06-14T00:00:00.000+10:00,1.891,10,603
2016-06-15T00:00:00.000+10:00,1.879,10,603
2016-06-16T00:00:00.000+10:00,1.868,10,603
2016-06-17T00:00:00.000+10:00,1.859,10,603
2016-06-18T00:00:00.000+10:00,1.851,10,603
2016-06-19T00:00:00.000+10:00,1.993,10,603
2016-06-20T00:00:00.000+10:00,2.335,10,603
2016-06-21T00:00:00.000+10:00,2.100,10,603
2016-06-22T00:00:00.000+10:00,2.027,10,603
2016-06-23T00:00:00.000+10:00,1.987,10,603
2016-06-24T00:00:00.000+10:00,1.958,10,603
2016-06-25T00:00:00.000+10:00,1.932,10,603
2016-06-26T00:00:00.000+10:00,1.913,10,603
2016-06-27T00:00:00.000+10:00,1.899,10,603
2016-06-28T00:00:00.000+10:00,1.885,10,603
2016-06-29T00:00:00.000+10:00,1.872,10,603
2016-06-30T00:00:00.000+10:00,1.863,10,603
2016-07-01T00:00:00.000+10:00,1.856,10,603
2016-07-02T00:00:00.000+10:00,1.848,10,603
2016-07-03T00:00:00.000+10:00,1.841,10,603
2016-07-04T00:00:00.000+10:00,1.835,10,603
2016-07-05T00:00:00.000+10:00,1.837,10,603
2016-07-06T00:00:00.000+10:00,1.836,10,603
2016-07-07T00:00:00.000+10:00,1.827,10,603
2016-07-08T00:00:00.000+10:00,1.821,10,603
2016-07-09T00:00:00.000+10:00,1.818,10,603
2016-07-10T00:00:00.000+10:00,1.814,10,603
2016-07-11T00:00:00.000+10:00,1.811,10,603
2016-07-12T00:00:00.000+10:00,1.808,10,603
2016-07-13T00:00:00.000+10:00,1.805,10,603
2016-07-14T00:00:00.000+10:00,1.802,10,603
2016-07-15T00:00:00.000+10:00,1.800,10,603
2016-07-16T00:00:00.000+10:00,1.797,10,603
2016-07-17T00:00:00.000+10:00,1.796,10,603
2016-07-18T00:00:00.000+10:00,1.794,10,603
2016-07-19T00:00:00.000+10:00,1.793,10,603
2016-07-20T00:00:00.000+10:00,1.790,10,603
2016-07-21T00:00:00.000+10:00,1.791,10,603
2016-07-22T00:00:00.000+10:00,1.792,10,603
2016-07-23T00:00:00.000+10:00,1.790,10,603
2016-07-24T00:00:00.000+10:00,1.788,10,603
2016-07-25T00:00:00.000+10:00,1.787,10,603
2016-07-26T00:00:00.000+10:00,1.784,10,603
2016-07-27T00:00:00.000+10:00,1.783,10,603
2016-07-28T00:00:00.000+10:00,1.780,10,603
2016-07-29T00:00:00.000+10:00,1.779,10,603
2016-07-30T00:00:00.000+10:00,1.777,10,603
2016-07-31T00:00:00.000+10:00,1.776,10,603
2016-08-01T00:00:00.000+10:00,1.774,10,603
2016-08-02T00:00:00.000+10:00,1.773,10,603
2016-08-03T00:00:00.000+10:00,2.207,10,603
2016-08-04T00:00:00.000+10:00,3.143,10,603
2016-08-05T00:00:00.000+10:00,2.232,10,603
2016-08-06T00:00:00.000+10:00,2.093,10,603
2016-08-07T00:00:00.000+10:00,2.027,10,603
2016-08-08T00:00:00.000+10:00,1.984,10,603
2016-08-09T00:00:00.000+10:00,1.951,10,603
2016-08-10T00:00:00.000+10:00,1.925,10,603
2016-08-11T00:00:00.000+10:00,1.905,10,603
2016-08-12T00:00:00.000+10:00,1.887,10,603
2016-08-13T00:00:00.000+10:00,1.870,10,603
2016-08-14T00:00:00.000+10:00,1.857,10,603
2016-08-15T00:00:00.000+10:00,1.849,10,603
2016-08-16T00:00:00.000+10:00,1.839,10,603
2016-08-17T00:00:00.000+10:00,1.830,10,603
2016-08-18T00:00:00.000+10:00,1.824,10,603
2016-08-19T00:00:00.000+10:00,1.820,10,603
2016-08-20T00:00:00.000+10:00,1.814,10,603
2016-08-21T00:00:00.000+10:00,1.807,10,603
2016-08-22T00:00:00.000+10:00,1.803,10,603
2016-08-23T00:00:00.000+10:00,1.816,10,603
2016-08-24T00:00:00.000+10:00,1.860,10,603
2016-08-25T00:00:00.000+10:00,1.894,10,603
2016-08-26T00:00:00.000+10:00,1.855,10,603
2016-08-27T00:00:00.000+10:00,1.837,10,603
2016-08-28T00:00:00.000+10:00,1.827,10,603
2016-08-29T00:00:00.000+10:00,1.820,10,603
2016-08-30T00:00:00.000+10:00,1.815,10,603
2016-08-31T00:00:00.000+10:00,1.809,10,603
2016-09-01T00:00:00.000+10:00,1.804,10,603
2016-09-02T00:00:00.000+10:00,1.800,10,603
2016-09-03T00:00:00.000+10:00,1.798,10,603
2016-09-04T00:00:00.000+10:00,1.791,10,603
2016-09-05T00:00:00.000+10:00,1.784,10,603
2016-09-06T00:00:00.000+10:00,1.780,10,603
2016-09-07T00:00:00.000+10:00,1.776,10,603
2016-09-08T00:00:00.000+10:00,1.773,10,603
2016-09-09T00:00:00.000+10:00,1.771,10,603
2016-09-10T00:00:00.000+10:00,1.771,10,603
2016-09-11T00:00:00.000+10:00,1.775,10,603
2016-09-12T00:00:00.000+10:00,1.770,10,603
2016-09-13T00:00:00.000+10:00,1.765,10,603
2016-09-14T00:00:00.000+10:00,1.761,10,603
2016-09-15T00:00:00.000+10:00,1.761,10,603
2016-09-16T00:00:00.000+10:00,1.764,10,603
2016-09-17T00:00:00.000+10:00,1.766,10,603
2016-09-18T00:00:00.000+10:00,1.763,10,603
2016-09-19T00:00:00.000+10:00,1.762,10,603
2016-09-20T00:00:00.000+10:00,1.758,10,603
2016-09-21T00:00:00.000+10:00,1.759,10,603
2016-09-22T00:00:00.000+10:00,1.758,10,603
2016-09-23T00:00:00.000+10:00,1.755,10,603
2016-09-24T00:00:00.000+10:00,1.752,10,603
2016-09-25T00:00:00.000+10:00,1.750,10,603
2016-09-26T00:00:00.000+10:00,1.747,10,603
2016-09-27T00:00:00.000+10:00,1.744,10,603
2016-09-28T00:00:00.000+10:00,1.741,10,603
2016-09-29T00:00:00.000+10:00,1.738,10,603
2016-09-30T00:00:00.000+10:00,1.736,10,603
2016-10-01T00:00:00.000+10:00,1.733,10,603
2016-10-02T00:00:00.000+10:00,1.730,10,603
2016-10-03T00:00:00.000+10:00,1.728,10,603
2016-10-04T00:00:00.000+10:00,1.725,10,603
2016-10-05T00:00:00.000+10:00,1.724,10,603
2016-10-06T00:00:00.000+10:00,1.723,10,603
2016-10-07T00:00:00.000+10:00,1.720,10,603
2016-10-08T00:00:00.000+10:00,1.717,10,603
2016-10-09T00:00:00.000+10:00,1.715,10,603
2016-10-10T00:00:00.000+10:00,1.714,10,603
2016-10-11T00:00:00.000+10:00,1.712,10,603
2016-10-12T00:00:00.000+10:00,1.707,10,603
2016-10-13T00:00:00.000+10:00,1.706,10,603
2016-10-14T00:00:00.000+10:00,1.708,10,603
2016-10-15T00:00:00.000+10:00,1.706,10,603
2016-10-16T00:00:00.000+10:00,1.704,10,603
2016-10-17T00:00:00.000+10:00,1.706,10,603
2016-10-18T00:00:00.000+10:00,1.704,10,603
2016-10-19T00:00:00.000+10:00,1.702,10,603
2016-10-20T00:00:00.000+10:00,1.700,10,603
2016-10-21T00:00:00.000+10:00,1.701,10,603
2016-10-22T00:00:00.000+10:00,1.701,10,603
2016-10-23T00:00:00.000+10:00,1.698,10,603
2016-10-24T00:00:00.000+10:00,1.695,10,603
2016-10-25T00:00:00.000+10:00,1.694,10,603
2016-10-26T00:00:00.000+10:00,1.692,10,603
2016-10-27T00:00:00.000+10:00,1.689,10,603
2016-10-28T00:00:00.000+10:00,1.687,10,603
2016-10-29T00:00:00.000+10:00,1.687,10,603
2016-10-30T00:00:00.000+10:00,1.686,10,603
2016-10-31T00:00:00.000+10:00,1.685,10,603
2016-11-01T00:00:00.000+10:00,1.694,10,603
2016-11-02T00:00:00.000+10:00,1.724,10,603
2016-11-03T00:00:00.000+10:00,1.702,10,603
2016-11-04T00:00:00.000+10:00,1.693,110,603
2016-11-05T00:00:00.000+10:00,1.690,110,603
2016-11-06T00:00:00.000+10:00,1.689,110,603
2016-11-07T00:00:00.000+10:00,1.687,110,603
2016-11-08T00:00:00.000+10:00,1.685,110,603
2016-11-09T00:00:00.000+10:00,1.688,110,603
2016-11-10T00:00:00.000+10:00,1.705,110,603
2016-11-11T00:00:00.000+10:00,1.687,110,603
2016-11-12T00:00:00.000+10:00,1.676,110,603
2016-11-13T00:00:00.000+10:00,1.676,110,603
2016-11-14T00:00:00.000+10:00,1.677,110,603
2016-11-15T00:00:00.000+10:00,1.673,110,603
2016-11-16T00:00:00.000+10:00,1.670,10,603
2016-11-17T00:00:00.000+10:00,1.668,10,603
2016-11-18T00:00:00.000+10:00,1.666,10,603
2016-11-19T00:00:00.000+10:00,1.664,10,603
2016-11-20T00:00:00.000+10:00,1.662,10,603
2016-11-21T00:00:00.000+10:00,1.659,10,603
2016-11-22T00:00:00.000+10:00,1.656,10,603
2016-11-23T00:00:00.000+10:00,1.652,140,603
2016-11-24T00:00:00.000+10:00,1.650,10,603
2016-11-25T00:00:00.000+10:00,1.649,10,603
2016-11-26T00:00:00.000+10:00,1.646,10,603
2016-11-27T00:00:00.000+10:00,1.643,10,603
2016-11-28T00:00:00.000+10:00,1.642,110,603
2016-11-29T00:00:00.000+10:00,1.642,110,603
2016-11-30T00:00:00.000+10:00,1.641,110,603
2016-12-01T00:00:00.000+10:00,1.640,110,603
2016-12-02T00:00:00.000+10:00,1.640,110,603
2016-12-03T00:00:00.000+10:00,1.644,110,603
2016-12-04T00:00:00.000+10:00,1.643,110,603
2016-12-05T00:00:00.000+10:00,1.647,110,603
2016-12-06T00:00:00.000+10:00,1.675,110,603
2016-12-07T00:00:00.000+10:00,1.683,110,603
2016-12-08T00:00:00.000+10:00,1.664,110,603
2016-12-09T00:00:00.000+10:00,1.669,110,603
2016-12-10T00:00:00.000+10:00,1.676,110,603
2016-12-11T00:00:00.000+10:00,1.676,110,603
2016-12-12T00:00:00.000+10:00,1.666,110,603
2016-12-13T00:00:00.000+10:00,1.658,110,603
2016-12-14T00:00:00.000+10:00,1.653,110,603
2016-12-15T00:00:00.000+10:00,1.652,110,603
2016-12-16T00:00:00.000+10:00,1.650,110,603
2016-12-17T00:00:00.000+10:00,1.646,110,603
2016-12-18T00:00:00.000+10:00,1.642,110,603
2016-12-19T00:00:00.000+10:00,1.641,110,603
2016-12-20T00:00:00.000+10:00,1.639,110,603
2016-12-21T00:00:00.000+10:00,1.638,110,603
2016-12-22T00:00:00.000+10:00,1.637,110,603
2016-12-23T00:00:00.000+10:00,1.637,110,603
2016-12-24T00:00:00.000+10:00,1.636,110,603
2016-12-25T00:00:00.000+10:00,1.635,110,603
2016-12-26T00:00:00.000+10:00,1.635,110,603
2016-12-27T00:00:00.000+10:00,1.636,110,603
2016-12-28T00:00:00.000+10:00,1.638,110,603
2016-12-29T00:00:00.000+10:00,1.641,110,603
2016-12-30T00:00:00.000+10:00,1.646,110,603
2016-12-31T00:00:00.000+10:00,1.650,110,603
2017-01-01T00:00:00.000+10:00,1.655,110,603
2017-01-02T00:00:00.000+10:00,1.662,110,603
2017-01-03T00:00:00.000+10:00,1.667,110,603
2017-01-04T00:00:00.000+10:00,1.666,110,603
2017-01-05T00:00:00.000+10:00,1.667,110,603
2017-01-06T00:00:00.000+10:00,1.674,110,603
2017-01-07T00:00:00.000+10:00,1.665,110,603
2017-01-08T00:00:00.000+10:00,1.657,110,603
2017-01-09T00:00:00.000+10:00,1.650,110,603
2017-01-10T00:00:00.000+10:00,1.643,110,603
2017-01-11T00:00:00.000+10:00,1.649,140,603
2017-01-12T00:00:00.000+10:00,1.649,10,603
2017-01-13T00:00:00.000+10:00,1.654,10,603
2017-01-14T00:00:00.000+10:00,1.680,10,603
2017-01-15T00:00:00.000+10:00,2.271,10,603
2017-01-16T00:00:00.000+10:00,2.059,10,603
2017-01-17T00:00:00.000+10:00,1.912,10,603
2017-01-18T00:00:00.000+10:00,1.851,10,603
2017-01-19T00:00:00.000+10:00,1.815,10,603
2017-01-20T00:00:00.000+10:00,1.811,10,603
2017-01-21T00:00:00.000+10:00,1.797,10,603
2017-01-22T00:00:00.000+10:00,1.780,10,603
2017-01-23T00:00:00.000+10:00,1.766,10,603
2017-01-24T00:00:00.000+10:00,1.753,10,603
2017-01-25T00:00:00.000+10:00,1.743,10,603
2017-01-26T00:00:00.000+10:00,1.738,10,603
2017-01-27T00:00:00.000+10:00,1.736,10,603
2017-01-28T00:00:00.000+10:00,1.728,10,603
2017-01-29T00:00:00.000+10:00,1.722,10,603
2017-01-30T00:00:00.000+10:00,1.716,10,603
2017-01-31T00:00:00.000+10:00,1.710,10,603
2017-02-01T00:00:00.000+10:00,1.703,10,603
2017-02-02T00:00:00.000+10:00,1.697,10,603
2017-02-03T00:00:00.000+10:00,1.691,10,603
2017-02-04T00:00:00.000+10:00,1.686,10,603
2017-02-05T00:00:00.000+10:00,1.680,10,603
2017-02-06T00:00:00.000+10:00,1.673,10,603
2017-02-07T00:00:00.000+10:00,1.667,10,603
2017-02-08T00:00:00.000+10:00,1.664,10,603
2017-02-09T00:00:00.000+10:00,1.664,10,603
2017-02-10T00:00:00.000+10:00,1.660,10,603
2017-02-11T00:00:00.000+10:00,1.657,10,603
2017-02-12T00:00:00.000+10:00,1.654,10,603
2017-02-13T00:00:00.000+10:00,1.653,10,603
2017-02-14T00:00:00.000+10:00,1.654,10,603
2017-02-15T00:00:00.000+10:00,1.657,10,603
2017-02-16T00:00:00.000+10:00,1.654,10,603
2017-02-17T00:00:00.000+10:00,1.656,10,603
2017-02-18T00:00:00.000+10:00,1.663,10,603
2017-02-19T00:00:00.000+10:00,1.663,10,603
2017-02-20T00:00:00.000+10:00,1.672,10,603
2017-02-21T00:00:00.000+10:00,1.672,10,603
2017-02-22T00:00:00.000+10:00,1.668,10,603
2017-02-23T00:00:00.000+10:00,1.667,10,603
2017-02-24T00:00:00.000+10:00,1.665,10,603
2017-02-25T00:00:00.000+10:00,1.662,10,603
2017-02-26T00:00:00.000+10:00,1.663,10,603
2017-02-27T00:00:00.000+10:00,1.667,10,603
2017-02-28T00:00:00.000+10:00,1.684,10,603
2017-03-01T00:00:00.000+10:00,1.708,10,603
2017-03-02T00:00:00.000+10:00,1.707,10,603
2017-03-03T00:00:00.000+10:00,1.706,10,603
2017-03-04T00:00:00.000+10:00,1.704,10,603
2017-03-05T00:00:00.000+10:00,1.720,10,603
2017-03-06T00:00:00.000+10:00,1.913,10,603
2017-03-07T00:00:00.000+10:00,1.811,10,603
2017-03-08T00:00:00.000+10:00,1.783,10,603
2017-03-09T00:00:00.000+10:00,1.776,10,603
2017-03-10T00:00:00.000+10:00,1.767,10,603
2017-03-11T00:00:00.000+10:00,1.757,10,603
2017-03-12T00:00:00.000+10:00,1.750,10,603
2017-03-13T00:00:00.000+10:00,1.744,10,603
2017-03-14T00:00:00.000+10:00,1.741,10,603
2017-03-15T00:00:00.000+10:00,2.388,10,603
2017-03-16T00:00:00.000+10:00,2.308,10,603
2017-03-17T00:00:00.000+10:00,2.078,10,603
2017-03-18T00:00:00.000+10:00,4.150,10,603
2017-03-19T00:00:00.000+10:00,3.652,10,603
2017-03-20T00:00:00.000+10:00,3.041,10,603
2017-03-21T00:00:00.000+10:00,2.614,10,603
2017-03-22T00:00:00.000+10:00,2.348,10,603
2017-03-23T00:00:00.000+10:00,2.236,10,603
2017-03-24T00:00:00.000+10:00,2.162,10,603
2017-03-25T00:00:00.000+10:00,2.116,10,603
2017-03-26T00:00:00.000+10:00,2.077,10,603
2017-03-27T00:00:00.000+10:00,2.045,10,603
2017-03-28T00:00:00.000+10:00,2.013,10,603
2017-03-29T00:00:00.000+10:00,1.986,10,603
2017-03-30T00:00:00.000+10:00,2.538,10,603
2017-03-31T00:00:00.000+10:00,2.927,10,603
2017-04-01T00:00:00.000+10:00,2.356,10,603
2017-04-02T00:00:00.000+10:00,2.219,10,603
2017-04-03T00:00:00.000+10:00,2.170,10,603
2017-04-04T00:00:00.000+10:00,2.225,10,603
2017-04-05T00:00:00.000+10:00,2.192,10,603
2017-04-06T00:00:00.000+10:00,2.151,10,603
2017-04-07T00:00:00.000+10:00,2.133,10,603
2017-04-08T00:00:00.000+10:00,2.096,10,603
2017-04-09T00:00:00.000+10:00,2.067,10,603
2017-04-10T00:00:00.000+10:00,2.041,10,603
2017-04-11T00:00:00.000+10:00,2.014,10,603
2017-04-12T00:00:00.000+10:00,1.992,10,603
2017-04-13T00:00:00.000+10:00,1.974,10,603
2017-04-14T00:00:00.000+10:00,1.957,10,603
2017-04-15T00:00:00.000+10:00,1.941,10,603
2017-04-16T00:00:00.000+10:00,1.927,10,603
2017-04-17T00:00:00.000+10:00,1.915,10,603
2017-04-18T00:00:00.000+10:00,1.903,10,603
2017-04-19T00:00:00.000+10:00,1.892,10,603
2017-04-20T00:00:00.000+10:00,1.882,10,603
2017-04-21T00:00:00.000+10:00,1.875,10,603
2017-04-22T00:00:00.000+10:00,1.868,10,603
2017-04-23T00:00:00.000+10:00,1.861,10,603
2017-04-24T00:00:00.000+10:00,1.853,10,603
2017-04-25T00:00:00.000+10:00,1.846,10,603
2017-04-26T00:00:00.000+10:00,1.844,10,603
2017-04-27T00:00:00.000+10:00,1.842,10,603
2017-04-28T00:00:00.000+10:00,1.830,10,603
2017-04-29T00:00:00.000+10:00,1.824,10,603
2017-04-30T00:00:00.000+10:00,1.818,10,603
2017-05-01T00:00:00.000+10:00,1.814,10,603
2017-05-02T00:00:00.000+10:00,1.810,10,603
2017-05-03T00:00:00.000+10:00,1.806,10,603
2017-05-04T00:00:00.000+10:00,1.816,10,603
2017-05-05T00:00:00.000+10:00,1.817,10,603
2017-05-06T00:00:00.000+10:00,1.806,10,603
2017-05-07T00:00:00.000+10:00,1.799,10,603
2017-05-08T00:00:00.000+10:00,1.794,10,603
2017-05-09T00:00:00.000+10:00,1.790,10,603
2017-05-10T00:00:00.000+10:00,1.787,10,603
2017-05-11T00:00:00.000+10:00,1.783,10,603
2017-05-12T00:00:00.000+10:00,1.779,10,603
2017-05-13T00:00:00.000+10:00,1.781,10,603
2017-05-14T00:00:00.000+10:00,1.810,10,603
2017-05-15T00:00:00.000+10:00,1.825,10,603
2017-05-16T00:00:00.000+10:00,1.804,10,603
2017-05-17T00:00:00.000+10:00,1.792,10,603
2017-05-18T00:00:00.000+10:00,1.785,10,603
2017-05-19T00:00:00.000+10:00,1.791,10,603
2017-05-20T00:00:00.000+10:00,1.840,10,603
2017-05-21T00:00:00.000+10:00,1.816,10,603
2017-05-22T00:00:00.000+10:00,1.806,10,603
2017-05-23T00:00:00.000+10:00,1.808,10,603
2017-05-24T00:00:00.000+10:00,1.802,10,603
2017-05-25T00:00:00.000+10:00,1.796,10,603
2017-05-26T00:00:00.000+10:00,1.791,10,603
2017-05-27T00:00:00.000+10:00,1.787,10,603
2017-05-28T00:00:00.000+10:00,1.784,10,603
2017-05-29T00:00:00.000+10:00,1.782,10,603
2017-05-30T00:00:00.000+10:00,1.777,10,603
2017-05-31T00:00:00.000+10:00,1.773,10,603
2017-06-01T00:00:00.000+10:00,1.769,10,603
2017-06-02T00:00:00.000+10:00,1.764,10,603
2017-06-03T00:00:00.000+10:00,1.761,10,603
2017-06-04T00:00:00.000+10:00,1.757,10,603
2017-06-05T00:00:00.000+10:00,1.755,10,603
2017-06-06T00:00:00.000+10:00,1.753,10,603
2017-06-07T00:00:00.000+10:00,1.751,10,603
2017-06-08T00:00:00.000+10:00,1.748,10,603
2017-06-09T00:00:00.000+10:00,1.748,10,603
2017-06-10T00:00:00.000+10:00,2.068,10,603
2017-06-11T00:00:00.000+10:00,2.223,10,603
2017-06-12T00:00:00.000+10:00,2.270,10,603
2017-06-13T00:00:00.000+10:00,2.676,10,603
2017-06-14T00:00:00.000+10:00,2.254,10,603
2017-06-15T00:00:00.000+10:00,2.138,10,603
2017-06-16T00:00:00.000+10:00,2.075,10,603
2017-06-17T00:00:00.000+10:00,2.078,10,603
2017-06-18T00:00:00.000+10:00,2.161,10,603
2017-06-19T00:00:00.000+10:00,2.094,10,603
2017-06-20T00:00:00.000+10:00,2.064,10,603
2017-06-21T00:00:00.000+10:00,2.030,10,603
2017-06-22T00:00:00.000+10:00,2.001,10,603
2017-06-23T00:00:00.000+10:00,1.980,10,603
2017-06-24T00:00:00.000+10:00,1.962,10,603
2017-06-25T00:00:00.000+10:00,1.943,10,603
2017-06-26T00:00:00.000+10:00,1.925,10,603
2017-06-27T00:00:00.000+10:00,1.914,10,603
2017-06-28T00:00:00.000+10:00,1.905,10,603
2017-06-29T00:00:00.000+10:00,1.898,10,603
2017-06-30T00:00:00.000+10:00,1.905,10,603
2017-07-01T00:00:00.000+10:00,1.881,10,603
2017-07-02T00:00:00.000+10:00,1.870,10,603
2017-07-03T00:00:00.000+10:00,1.860,10,603
2017-07-04T00:00:00.000+10:00,1.854,10,603
2017-07-05T00:00:00.000+10:00,1.848,10,603
2017-07-06T00:00:00.000+10:00,1.842,10,603
2017-07-07T00:00:00.000+10:00,1.836,10,603
2017-07-08T00:00:00.000+10:00,1.830,10,603
2017-07-09T00:00:00.000+10:00,1.823,10,603
2017-07-10T00:00:00.000+10:00,1.817,10,603
2017-07-11T00:00:00.000+10:00,1.812,10,603
2017-07-12T00:00:00.000+10:00,1.808,10,603
2017-07-13T00:00:00.000+10:00,1.804,10,603
2017-07-14T00:00:00.000+10:00,1.802,10,603
2017-07-15T00:00:00.000+10:00,1.801,10,603
2017-07-16T00:00:00.000+10:00,1.807,10,603
2017-07-17T00:00:00.000+10:00,1.798,10,603
2017-07-18T00:00:00.000+10:00,1.794,10,603
2017-07-19T00:00:00.000+10:00,1.790,10,603
2017-07-20T00:00:00.000+10:00,1.785,10,603
2017-07-21T00:00:00.000+10:00,1.782,10,603
2017-07-22T00:00:00.000+10:00,1.778,10,603
2017-07-23T00:00:00.000+10:00,1.775,10,603
2017-07-24T00:00:00.000+10:00,1.773,10,603
2017-07-25T00:00:00.000+10:00,1.770,10,603
2017-07-26T00:00:00.000+10:00,1.767,10,603
2017-07-27T00:00:00.000+10:00,1.765,10,603
2017-07-28T00:00:00.000+10:00,1.762,10,603
2017-07-29T00:00:00.000+10:00,1.760,10,603
2017-07-30T00:00:00.000+10:00,1.757,10,603
2017-07-31T00:00:00.000+10:00,1.755,10,603
2017-08-01T00:00:00.000+10:00,1.753,10,603
2017-08-02T00:00:00.000+10:00,1.750,10,603
2017-08-03T00:00:00.000+10:00,1.748,10,603
2017-08-04T00:00:00.000+10:00,1.746,10,603
2017-08-05T00:00:00.000+10:00,1.744,10,603
2017-08-06T00:00:00.000+10:00,1.743,10,603
2017-08-07T00:00:00.000+10:00,1.740,10,603
2017-08-08T00:00:00.000+10:00,1.737,10,603
2017-08-09T00:00:00.000+10:00,1.735,10,603
2017-08-10T00:00:00.000+10:00,1.733,10,603
2017-08-11T00:00:00.000+10:00,1.732,10,603
2017-08-12T00:00:00.000+10:00,1.730,10,603
2017-08-13T00:00:00.000+10:00,1.728,10,603
2017-08-14T00:00:00.000+10:00,1.726,10,603
2017-08-15T00:00:00.000+10:00,1.724,10,603
2017-08-16T00:00:00.000+10:00,1.722,10,603
2017-08-17T00:00:00.000+10:00,1.720,10,603
2017-08-18T00:00:00.000+10:00,1.717,10,603
2017-08-19T00:00:00.000+10:00,1.714,10,603
2017-08-20T00:00:00.000+10:00,1.711,10,603
2017-08-21T00:00:00.000+10:00,1.710,10,603
2017-08-22T00:00:00.000+10:00,1.709,10,603
2017-08-23T00:00:00.000+10:00,1.707,10,603
2017-08-24T00:00:00.000+10:00,1.706,10,603
2017-08-25T00:00:00.000+10:00,1.703,10,603
2017-08-26T00:00:00.000+10:00,1.701,10,603
2017-08-27T00:00:00.000+10:00,1.700,10,603
2017-08-28T00:00:00.000+10:00,1.699,10,603
2017-08-29T00:00:00.000+10:00,1.696,10,603
2017-08-30T00:00:00.000+10:00,1.693,10,603
2017-08-31T00:00:00.000+10:00,1.692,10,603
2017-09-01T00:00:00.000+10:00,1.691,10,603
2017-09-02T00:00:00.000+10:00,1.689,10,603
2017-09-03T00:00:00.000+10:00,1.688,10,603
2017-09-04T00:00:00.000+10:00,1.686,10,603
2017-09-05T00:00:00.000+10:00,1.684,10,603
2017-09-06T00:00:00.000+10:00,1.682,10,603
2017-09-07T00:00:00.000+10:00,1.679,10,603
2017-09-08T00:00:00.000+10:00,1.677,10,603
2017-09-09T00:00:00.000+10:00,1.675,10,603
2017-09-10T00:00:00.000+10:00,1.673,10,603
2017-09-11T00:00:00.000+10:00,1.671,10,603
2017-09-12T00:00:00.000+10:00,1.670,10,603
2017-09-13T00:00:00.000+10:00,1.668,10,603
2017-09-14T00:00:00.000+10:00,1.665,10,603
2017-09-15T00:00:00.000+10:00,1.664,10,603
2017-09-16T00:00:00.000+10:00,1.663,10,603
2017-09-17T00:00:00.000+10:00,1.661,10,603
2017-09-18T00:00:00.000+10:00,1.659,10,603
2017-09-19T00:00:00.000+10:00,1.657,10,603
2017-09-20T00:00:00.000+10:00,1.654,10,603
2017-09-21T00:00:00.000+10:00,1.653,110,603
2017-09-22T00:00:00.000+10:00,1.650,110,603
2017-09-23T00:00:00.000+10:00,1.648,110,603
2017-09-24T00:00:00.000+10:00,1.645,110,603
2017-09-25T00:00:00.000+10:00,1.642,110,603
2017-09-26T00:00:00.000+10:00,1.642,10,603
2017-09-27T00:00:00.000+10:00,1.644,10,603
2017-09-28T00:00:00.000+10:00,1.647,10,603
2017-09-29T00:00:00.000+10:00,1.647,10,603
2017-09-30T00:00:00.000+10:00,1.647,10,603
2017-10-01T00:00:00.000+10:00,1.649,10,603
2017-10-02T00:00:00.000+10:00,1.650,10,603
2017-10-03T00:00:00.000+10:00,1.659,10,603
2017-10-04T00:00:00.000+10:00,1.660,10,603
2017-10-05T00:00:00.000+10:00,1.661,10,603
2017-10-06T00:00:00.000+10:00,1.663,10,603
2017-10-07T00:00:00.000+10:00,1.663,10,603
2017-10-08T00:00:00.000+10:00,1.664,10,603
2017-10-09T00:00:00.000+10:00,1.686,10,603
2017-10-10T00:00:00.000+10:00,1.693,10,603
2017-10-11T00:00:00.000+10:00,1.680,10,603
2017-10-12T00:00:00.000+10:00,1.679,10,603
2017-10-13T00:00:00.000+10:00,1.679,10,603
2017-10-14T00:00:00.000+10:00,2.260,10,603
2017-10-15T00:00:00.000+10:00,2.158,140,603
2017-10-16T00:00:00.000+10:00,2.262,10,603
2017-10-17T00:00:00.000+10:00,2.078,10,603
2017-10-18T00:00:00.000+10:00,1.976,10,603
2017-10-19T00:00:00.000+10:00,1.917,10,603
2017-10-20T00:00:00.000+10:00,1.875,10,603
2017-10-21T00:00:00.000+10:00,1.902,10,603
2017-10-22T00:00:00.000+10:00,1.898,10,603
2017-10-23T00:00:00.000+10:00,1.855,10,603
2017-10-24T00:00:00.000+10:00,1.829,10,603
2017-10-25T00:00:00.000+10:00,1.809,10,603
2017-10-26T00:00:00.000+10:00,1.794,10,603
2017-10-27T00:00:00.000+10:00,1.782,10,603
2017-10-28T00:00:00.000+10:00,1.772,110,603
2017-10-29T00:00:00.000+10:00,1.767,110,603
2017-10-30T00:00:00.000+10:00,1.763,110,603
2017-10-31T00:00:00.000+10:00,1.758,110,603
2017-11-01T00:00:00.000+10:00,1.751,110,603
2017-11-02T00:00:00.000+10:00,1.745,110,603
2017-11-03T00:00:00.000+10:00,1.740,110,603
2017-11-04T00:00:00.000+10:00,1.739,110,603
2017-11-05T00:00:00.000+10:00,1.740,110,603
2017-11-06T00:00:00.000+10:00,1.795,110,603
2017-11-07T00:00:00.000+10:00,1.776,110,603
2017-11-08T00:00:00.000+10:00,1.759,110,603
2017-11-09T00:00:00.000+10:00,1.751,110,603
2017-11-10T00:00:00.000+10:00,1.746,110,603
2017-11-11T00:00:00.000+10:00,1.741,110,603
2017-11-12T00:00:00.000+10:00,1.737,110,603
2017-11-13T00:00:00.000+10:00,1.733,110,603
2017-11-14T00:00:00.000+10:00,1.729,110,603
2017-11-15T00:00:00.000+10:00,1.725,110,603
2017-11-16T00:00:00.000+10:00,1.722,140,603
2017-11-17T00:00:00.000+10:00,1.719,10,603
2017-11-18T00:00:00.000+10:00,1.719,10,603
2017-11-19T00:00:00.000+10:00,1.721,10,603
2017-11-20T00:00:00.000+10:00,1.724,10,603
2017-11-21T00:00:00.000+10:00,1.722,10,603
2017-11-22T00:00:00.000+10:00,1.719,10,603
2017-11-23T00:00:00.000+10:00,1.716,10,603
2017-11-24T00:00:00.000+10:00,1.714,10,603
2017-11-25T00:00:00.000+10:00,1.712,10,603
2017-11-26T00:00:00.000+10:00,1.709,10,603
2017-11-27T00:00:00.000+10:00,1.705,10,603
2017-11-28T00:00:00.000+10:00,1.702,10,603
2017-11-29T00:00:00.000+10:00,1.701,10,603
2017-11-30T00:00:00.000+10:00,1.705,10,603
2017-12-01T00:00:00.000+10:00,1.713,10,603
2017-12-02T00:00:00.000+10:00,1.741,10,603
2017-12-03T00:00:00.000+10:00,1.741,110,603
2017-12-04T00:00:00.000+10:00,1.733,110,603
2017-12-05T00:00:00.000+10:00,1.727,110,603
2017-12-06T00:00:00.000+10:00,1.721,110,603
2017-12-07T00:00:00.000+10:00,1.718,10,603
2017-12-08T00:00:00.000+10:00,1.714,10,603
2017-12-09T00:00:00.000+10:00,1.711,10,603
2017-12-10T00:00:00.000+10:00,1.709,10,603
2017-12-11T00:00:00.000+10:00,1.708,10,603
2017-12-12T00:00:00.000+10:00,1.705,10,603
2017-12-13T00:00:00.000+10:00,1.702,10,603
2017-12-14T00:00:00.000+10:00,1.698,10,603
2017-12-15T00:00:00.000+10:00,1.696,10,603
2017-12-16T00:00:00.000+10:00,1.692,10,603
2017-12-17T00:00:00.000+10:00,1.686,10,603
2017-12-18T00:00:00.000+10:00,1.681,10,603
2017-12-19T00:00:00.000+10:00,1.677,10,603
2017-12-20T00:00:00.000+10:00,1.673,10,603
2017-12-21T00:00:00.000+10:00,1.672,10,603
2017-12-22T00:00:00.000+10:00,1.674,10,603
2017-12-23T00:00:00.000+10:00,1.675,10,603
2017-12-24T00:00:00.000+10:00,1.678,10,603
2017-12-25T00:00:00.000+10:00,1.708,10,603
2017-12-26T00:00:00.000+10:00,1.714,10,603
2017-12-27T00:00:00.000+10:00,1.872,10,603
2017-12-28T00:00:00.000+10:00,1.849,10,603
2017-12-29T00:00:00.000+10:00,1.815,10,603
2017-12-30T00:00:00.000+10:00,1.809,10,603
2017-12-31T00:00:00.000+10:00,1.804,10,603
2018-01-01T00:00:00.000+10:00,1.885,10,603
2018-01-02T00:00:00.000+10:00,1.926,10,603
2018-01-03T00:00:00.000+10:00,2.000,10,603
2018-01-04T00:00:00.000+10:00,1.921,10,603
2018-01-05T00:00:00.000+10:00,1.883,10,603
2018-01-06T00:00:00.000+10:00,1.858,10,603
2018-01-07T00:00:00.000+10:00,1.841,10,603
2018-01-08T00:00:00.000+10:00,1.830,10,603
2018-01-09T00:00:00.000+10:00,1.814,110,603
2018-01-10T00:00:00.000+10:00,1.801,110,603
2018-01-11T00:00:00.000+10:00,1.791,110,603
2018-01-12T00:00:00.000+10:00,1.781,110,603
2018-01-13T00:00:00.000+10:00,1.772,110,603
2018-01-14T00:00:00.000+10:00,1.768,110,603
2018-01-15T00:00:00.000+10:00,1.772,110,603
2018-01-16T00:00:00.000+10:00,1.781,110,603
2018-01-17T00:00:00.000+10:00,1.781,140,603
2018-01-18T00:00:00.000+10:00,1.776,110,603
2018-01-19T00:00:00.000+10:00,1.770,110,603
2018-01-20T00:00:00.000+10:00,1.766,110,603
2018-01-21T00:00:00.000+10:00,1.761,110,603
2018-01-22T00:00:00.000+10:00,1.757,110,603
2018-01-23T00:00:00.000+10:00,1.752,110,603
2018-01-24T00:00:00.000+10:00,1.749,110,603
2018-01-25T00:00:00.000+10:00,1.739,140,603
2018-01-26T00:00:00.000+10:00,1.725,10,603
2018-01-27T00:00:00.000+10:00,1.720,10,603
2018-01-28T00:00:00.000+10:00,1.720,10,603
2018-01-29T00:00:00.000+10:00,1.732,10,603
2018-01-30T00:00:00.000+10:00,1.731,10,603
2018-01-31T00:00:00.000+10:00,1.729,10,603
2018-02-01T00:00:00.000+10:00,1.727,10,603
2018-02-02T00:00:00.000+10:00,1.727,10,603
2018-02-03T00:00:00.000+10:00,1.731,10,603
2018-02-04T00:00:00.000+10:00,1.843,10,603
2018-02-05T00:00:00.000+10:00,1.988,10,603
2018-02-06T00:00:00.000+10:00,1.922,10,603
2018-02-07T00:00:00.000+10:00,1.878,10,603
2018-02-08T00:00:00.000+10:00,1.860,10,603
2018-02-09T00:00:00.000+10:00,1.842,10,603
2018-02-10T00:00:00.000+10:00,1.829,10,603
2018-02-11T00:00:00.000+10:00,1.810,10,603
2018-02-12T00:00:00.000+10:00,1.793,10,603
2018-02-13T00:00:00.000+10:00,1.784,10,603
2018-02-14T00:00:00.000+10:00,1.773,10,603
2018-02-15T00:00:00.000+10:00,1.762,10,603
2018-02-16T00:00:00.000+10:00,1.753,10,603
2018-02-17T00:00:00.000+10:00,1.744,10,603
2018-02-18T00:00:00.000+10:00,1.735,10,603
2018-02-19T00:00:00.000+10:00,1.725,10,603
2018-02-20T00:00:00.000+10:00,1.725,10,603
2018-02-21T00:00:00.000+10:00,1.873,10,603
2018-02-22T00:00:00.000+10:00,1.861,10,603
2018-02-23T00:00:00.000+10:00,1.836,10,603
2018-02-24T00:00:00.000+10:00,1.856,10,603
2018-02-25T00:00:00.000+10:00,1.882,10,603
2018-02-26T00:00:00.000+10:00,2.099,10,603
2018-02-27T00:00:00.000+10:00,2.149,10,603
2018-02-28T00:00:00.000+10:00,2.043,10,603
2018-03-01T00:00:00.000+10:00,1.981,10,603
2018-03-02T00:00:00.000+10:00,1.937,10,603
2018-03-03T00:00:00.000+10:00,1.905,10,603
2018-03-04T00:00:00.000+10:00,1.880,10,603
2018-03-05T00:00:00.000+10:00,1.863,10,603
2018-03-06T00:00:00.000+10:00,2.463,10,603
2018-03-07T00:00:00.000+10:00,2.761,10,603
2018-03-08T00:00:00.000+10:00,2.277,10,603
2018-03-09T00:00:00.000+10:00,2.156,10,603
2018-03-10T00:00:00.000+10:00,2.094,10,603
2018-03-11T00:00:00.000+10:00,2.045,10,603
2018-03-12T00:00:00.000+10:00,2.008,10,603
2018-03-13T00:00:00.000+10:00,1.977,10,603
2018-03-14T00:00:00.000+10:00,1.949,10,603
2018-03-15T00:00:00.000+10:00,1.927,10,603
2018-03-16T00:00:00.000+10:00,1.910,10,603
2018-03-17T00:00:00.000+10:00,1.893,10,603
2018-03-18T00:00:00.000+10:00,1.871,10,603
2018-03-19T00:00:00.000+10:00,1.857,10,603
2018-03-20T00:00:00.000+10:00,1.845,10,603
2018-03-21T00:00:00.000+10:00,1.841,10,603
2018-03-22T00:00:00.000+10:00,1.876,10,603
2018-03-23T00:00:00.000+10:00,2.258,10,603
2018-03-24T00:00:00.000+10:00,2.222,10,603
2018-03-25T00:00:00.000+10:00,2.125,10,603
2018-03-26T00:00:00.000+10:00,2.055,10,603
2018-03-27T00:00:00.000+10:00,2.020,10,603
2018-03-28T00:00:00.000+10:00,1.987,10,603
2018-03-29T00:00:00.000+10:00,1.959,10,603
2018-03-30T00:00:00.000+10:00,1.936,10,603
2018-03-31T00:00:00.000+10:00,1.917,10,603
2018-04-01T00:00:00.000+10:00,1.900,10,603
2018-04-02T00:00:00.000+10:00,1.885,10,603
2018-04-03T00:00:00.000+10:00,1.871,10,603
2018-04-04T00:00:00.000+10:00,1.867,10,603
2018-04-05T00:00:00.000+10:00,1.871,10,603
2018-04-06T00:00:00.000+10:00,1.854,10,603
2018-04-07T00:00:00.000+10:00,1.840,10,603
2018-04-08T00:00:00.000+10:00,1.830,10,603
2018-04-09T00:00:00.000+10:00,1.821,10,603
2018-04-10T00:00:00.000+10:00,1.813,10,603
2018-04-11T00:00:00.000+10:00,1.809,10,603
2018-04-12T00:00:00.000+10:00,1.803,10,603
2018-04-13T00:00:00.000+10:00,1.797,10,603
2018-04-14T00:00:00.000+10:00,1.792,10,603
2018-04-15T00:00:00.000+10:00,1.789,10,603
2018-04-16T00:00:00.000+10:00,1.783,10,603
2018-04-17T00:00:00.000+10:00,1.777,10,603
2018-04-18T00:00:00.000+10:00,1.774,10,603
2018-04-19T00:00:00.000+10:00,1.780,10,603
2018-04-20T00:00:00.000+10:00,1.773,10,603
2018-04-21T00:00:00.000+10:00,1.799,10,603
2018-04-22T00:00:00.000+10:00,1.802,10,603
2018-04-23T00:00:00.000+10:00,1.836,10,603
2018-04-24T00:00:00.000+10:00,1.817,10,603
2018-04-25T00:00:00.000+10:00,1.867,10,603
2018-04-26T00:00:00.000+10:00,1.840,10,603
2018-04-27T00:00:00.000+10:00,1.821,10,603
2018-04-28T00:00:00.000+10:00,1.814,10,603
2018-04-29T00:00:00.000+10:00,1.830,10,603
2018-04-30T00:00:00.000+10:00,1.814,10,603
2018-05-01T00:00:00.000+10:00,1.804,10,603
2018-05-02T00:00:00.000+10:00,1.797,10,603
2018-05-03T00:00:00.000+10:00,1.791,10,603
2018-05-04T00:00:00.000+10:00,1.785,10,603
2018-05-05T00:00:00.000+10:00,1.779,10,603
2018-05-06T00:00:00.000+10:00,1.772,10,603
2018-05-07T00:00:00.000+10:00,1.769,10,603
2018-05-08T00:00:00.000+10:00,1.766,10,603
2018-05-09T00:00:00.000+10:00,1.766,10,603
2018-05-10T00:00:00.000+10:00,1.764,10,603
2018-05-11T00:00:00.000+10:00,1.758,10,603
2018-05-12T00:00:00.000+10:00,1.754,10,603
2018-05-13T00:00:00.000+10:00,1.749,10,603
2018-05-14T00:00:00.000+10:00,1.745,10,603
2018-05-15T00:00:00.000+10:00,1.742,10,603
2018-05-16T00:00:00.000+10:00,1.738,10,603
2018-05-17T00:00:00.000+10:00,1.735,10,603
2018-05-18T00:00:00.000+10:00,1.733,10,603
2018-05-19T00:00:00.000+10:00,1.731,10,603
2018-05-20T00:00:00.000+10:00,1.728,10,603
2018-05-21T00:00:00.000+10:00,1.726,10,603
2018-05-22T00:00:00.000+10:00,1.724,10,603
2018-05-23T00:00:00.000+10:00,1.722,10,603
2018-05-24T00:00:00.000+10:00,1.719,10,603
2018-05-25T00:00:00.000+10:00,1.719,10,603
2018-05-26T00:00:00.000+10:00,1.724,10,603
2018-05-27T00:00:00.000+10:00,1.721,10,603
2018-05-28T00:00:00.000+10:00,1.723,10,603
2018-05-29T00:00:00.000+10:00,1.721,10,603
2018-05-30T00:00:00.000+10:00,1.718,10,603
2018-05-31T00:00:00.000+10:00,1.715,10,603
2018-06-01T00:00:00.000+10:00,1.711,10,603
2018-06-02T00:00:00.000+10:00,1.709,10,603
2018-06-03T00:00:00.000+10:00,1.707,10,603
2018-06-04T00:00:00.000+10:00,1.704,10,603
2018-06-05T00:00:00.000+10:00,1.702,10,603
2018-06-06T00:00:00.000+10:00,1.709,10,603
2018-06-07T00:00:00.000+10:00,1.824,10,603
2018-06-08T00:00:00.000+10:00,1.790,10,603
2018-06-09T00:00:00.000+10:00,1.762,10,603
2018-06-10T00:00:00.000+10:00,1.760,10,603
2018-06-11T00:00:00.000+10:00,1.756,10,603
2018-06-12T00:00:00.000+10:00,1.750,10,603
2018-06-13T00:00:00.000+10:00,1.746,10,603
2018-06-14T00:00:00.000+10:00,1.742,10,603
2018-06-15T00:00:00.000+10:00,1.738,10,603
2018-06-16T00:00:00.000+10:00,1.734,10,603
2018-06-17T00:00:00.000+10:00,1.730,10,603
2018-06-18T00:00:00.000+10:00,1.725,10,603
2018-06-19T00:00:00.000+10:00,1.721,10,603
2018-06-20T00:00:00.000+10:00,1.716,10,603
2018-06-21T00:00:00.000+10:00,1.713,10,603
2018-06-22T00:00:00.000+10:00,1.710,10,603
2018-06-23T00:00:00.000+10:00,1.707,10,603
2018-06-24T00:00:00.000+10:00,1.703,10,603
2018-06-25T00:00:00.000+10:00,1.700,10,603
2018-06-26T00:00:00.000+10:00,1.698,10,603
2018-06-27T00:00:00.000+10:00,1.696,10,603
2018-06-28T00:00:00.000+10:00,1.695,10,603
2018-06-29T00:00:00.000+10:00,1.693,10,603
2018-06-30T00:00:00.000+10:00,1.691,10,603
2018-07-01T00:00:00.000+10:00,1.693,10,603
2018-07-02T00:00:00.000+10:00,1.707,10,603
2018-07-03T00:00:00.000+10:00,1.706,10,603
2018-07-04T00:00:00.000+10:00,1.759,10,603
2018-07-05T00:00:00.000+10:00,1.776,10,603
2018-07-06T00:00:00.000+10:00,1.754,10,603
2018-07-07T00:00:00.000+10:00,1.746,10,603
2018-07-08T00:00:00.000+10:00,1.739,10,603
2018-07-09T00:00:00.000+10:00,1.734,10,603
2018-07-10T00:00:00.000+10:00,1.728,10,603
2018-07-11T00:00:00.000+10:00,1.723,10,603
2018-07-12T00:00:00.000+10:00,1.720,10,603
2018-07-13T00:00:00.000+10:00,1.716,10,603
2018-07-14T00:00:00.000+10:00,1.712,10,603
2018-07-15T00:00:00.000+10:00,1.709,10,603
2018-07-16T00:00:00.000+10:00,1.706,10,603
2018-07-17T00:00:00.000+10:00,1.702,10,603
2018-07-18T00:00:00.000+10:00,1.700,10,603
2018-07-19T00:00:00.000+10:00,1.696,10,603
2018-07-20T00:00:00.000+10:00,1.692,10,603
2018-07-21T00:00:00.000+10:00,1.689,10,603
2018-07-22T00:00:00.000+10:00,1.686,10,603
2018-07-23T00:00:00.000+10:00,1.684,10,603
2018-07-24T00:00:00.000+10:00,1.682,10,603
2018-07-25T00:00:00.000+10:00,1.679,10,603
2018-07-26T00:00:00.000+10:00,1.677,10,603
2018-07-27T00:00:00.000+10:00,1.675,10,603
2018-07-28T00:00:00.000+10:00,1.672,10,603
2018-07-29T00:00:00.000+10:00,1.670,10,603
2018-07-30T00:00:00.000+10:00,1.667,10,603
2018-07-31T00:00:00.000+10:00,1.665,10,603
2018-08-01T00:00:00.000+10:00,1.662,10,603
2018-08-02T00:00:00.000+10:00,1.660,10,603
2018-08-03T00:00:00.000+10:00,1.658,10,603
2018-08-04T00:00:00.000+10:00,1.656,10,603
2018-08-05T00:00:00.000+10:00,1.654,10,603
2018-08-06T00:00:00.000+10:00,1.651,10,603
2018-08-07T00:00:00.000+10:00,1.647,10,603
2018-08-08T00:00:00.000+10:00,1.644,10,603
2018-08-09T00:00:00.000+10:00,1.643,10,603
2018-08-10T00:00:00.000+10:00,1.642,10,603
2018-08-11T00:00:00.000+10:00,1.641,10,603
2018-08-12T00:00:00.000+10:00,1.638,10,603
2018-08-13T00:00:00.000+10:00,1.636,10,603
2018-08-14T00:00:00.000+10:00,1.633,10,603
2018-08-15T00:00:00.000+10:00,1.632,10,603
2018-08-16T00:00:00.000+10:00,1.631,10,603
2018-08-17T00:00:00.000+10:00,1.629,10,603
2018-08-18T00:00:00.000+10:00,1.627,10,603
2018-08-19T00:00:00.000+10:00,1.629,10,603
2018-08-20T00:00:00.000+10:00,1.634,10,603
2018-08-21T00:00:00.000+10:00,1.632,10,603
2018-08-22T00:00:00.000+10:00,1.631,10,603
2018-08-23T00:00:00.000+10:00,1.630,10,603
2018-08-24T00:00:00.000+10:00,1.633,10,603
2018-08-25T00:00:00.000+10:00,1.659,10,603
2018-08-26T00:00:00.000+10:00,1.664,10,603
2018-08-27T00:00:00.000+10:00,1.651,10,603
2018-08-28T00:00:00.000+10:00,1.645,10,603
2018-08-29T00:00:00.000+10:00,1.642,10,603
2018-08-30T00:00:00.000+10:00,1.640,10,603
2018-08-31T00:00:00.000+10:00,1.639,10,603
2018-09-01T00:00:00.000+10:00,1.639,10,603
2018-09-02T00:00:00.000+10:00,1.638,10,603
2018-09-03T00:00:00.000+10:00,1.655,10,603
2018-09-04T00:00:00.000+10:00,1.703,10,603
2018-09-05T00:00:00.000+10:00,1.811,10,603
2018-09-06T00:00:00.000+10:00,1.744,10,603
2018-09-07T00:00:00.000+10:00,1.729,10,603
2018-09-08T00:00:00.000+10:00,1.724,10,603
2018-09-09T00:00:00.000+10:00,1.721,10,603
2018-09-10T00:00:00.000+10:00,1.714,10,603
2018-09-11T00:00:00.000+10:00,1.711,10,603
2018-09-12T00:00:00.000+10:00,1.710,10,603
2018-09-13T00:00:00.000+10:00,1.708,10,603
2018-09-14T00:00:00.000+10:00,1.705,10,603
2018-09-15T00:00:00.000+10:00,1.702,10,603
2018-09-16T00:00:00.000+10:00,1.700,10,603
2018-09-17T00:00:00.000+10:00,1.696,10,603
2018-09-18T00:00:00.000+10:00,1.692,10,603
2018-09-19T00:00:00.000+10:00,1.689,10,603
2018-09-20T00:00:00.000+10:00,1.686,10,603
2018-09-21T00:00:00.000+10:00,1.681,10,603
2018-09-22T00:00:00.000+10:00,1.676,10,603
2018-09-23T00:00:00.000+10:00,1.671,10,603
2018-09-24T00:00:00.000+10:00,1.671,10,603
2018-09-25T00:00:00.000+10:00,1.718,10,603
2018-09-26T00:00:00.000+10:00,1.709,10,603
2018-09-27T00:00:00.000+10:00,1.703,10,603
2018-09-28T00:00:00.000+10:00,1.699,10,603
2018-09-29T00:00:00.000+10:00,1.695,10,603
2018-09-30T00:00:00.000+10:00,1.693,10,603
2018-10-01T00:00:00.000+10:00,1.691,10,603
2018-10-02T00:00:00.000+10:00,1.685,10,603
2018-10-03T00:00:00.000+10:00,1.682,10,603
2018-10-04T00:00:00.000+10:00,1.681,10,603
2018-10-05T00:00:00.000+10:00,1.687,10,603
2018-10-06T00:00:00.000+10:00,1.701,10,603
2018-10-07T00:00:00.000+10:00,1.706,10,603
2018-10-08T00:00:00.000+10:00,1.704,10,603
2018-10-09T00:00:00.000+10:00,1.729,10,603
2018-10-10T00:00:00.000+10:00,1.756,10,603
2018-10-11T00:00:00.000+10:00,2.069,10,603
2018-10-12T00:00:00.000+10:00,2.069,10,603
2018-10-13T00:00:00.000+10:00,2.129,10,603
2018-10-14T00:00:00.000+10:00,2.248,10,603
2018-10-15T00:00:00.000+10:00,2.726,10,603
2018-10-16T00:00:00.000+10:00,2.853,10,603
2018-10-17T00:00:00.000+10:00,2.664,10,603
2018-10-18T00:00:00.000+10:00,2.335,10,603
2018-10-19T00:00:00.000+10:00,2.207,10,603
2018-10-20T00:00:00.000+10:00,2.117,10,603
2018-10-21T00:00:00.000+10:00,2.066,10,603
2018-10-22T00:00:00.000+10:00,2.015,10,603
2018-10-23T00:00:00.000+10:00,1.975,10,603
2018-10-24T00:00:00.000+10:00,1.942,10,603
2018-10-25T00:00:00.000+10:00,1.917,10,603
2018-10-26T00:00:00.000+10:00,1.898,10,603
2018-10-27T00:00:00.000+10:00,1.876,10,603
2018-10-28T00:00:00.000+10:00,1.861,10,603
2018-10-29T00:00:00.000+10:00,1.852,10,603
2018-10-30T00:00:00.000+10:00,1.838,10,603
2018-10-31T00:00:00.000+10:00,1.825,10,603
2018-11-01T00:00:00.000+10:00,1.814,10,603
2018-11-02T00:00:00.000+10:00,1.804,10,603
2018-11-03T00:00:00.000+10:00,1.795,10,603
2018-11-04T00:00:00.000+10:00,1.789,10,603
2018-11-05T00:00:00.000+10:00,1.783,10,603
2018-11-06T00:00:00.000+10:00,1.777,10,603
2018-11-07T00:00:00.000+10:00,1.771,10,603
2018-11-08T00:00:00.000+10:00,1.777,10,603
2018-11-09T00:00:00.000+10:00,1.778,10,603
2018-11-10T00:00:00.000+10:00,1.769,10,603
2018-11-11T00:00:00.000+10:00,1.768,10,603
2018-11-12T00:00:00.000+10:00,1.762,10,603
2018-11-13T00:00:00.000+10:00,1.754,10,603
2018-11-14T00:00:00.000+10:00,1.749,10,603
2018-11-15T00:00:00.000+10:00,1.747,10,603
2018-11-16T00:00:00.000+10:00,1.760,10,603
2018-11-17T00:00:00.000+10:00,1.762,10,603
2018-11-18T00:00:00.000+10:00,1.851,10,603
2018-11-19T00:00:00.000+10:00,1.831,10,603
2018-11-20T00:00:00.000+10:00,1.810,10,603
2018-11-21T00:00:00.000+10:00,1.793,10,603
2018-11-22T00:00:00.000+10:00,1.788,10,603
2018-11-23T00:00:00.000+10:00,1.775,10,603
2018-11-24T00:00:00.000+10:00,1.763,10,603
2018-11-25T00:00:00.000+10:00,1.755,10,603
2018-11-26T00:00:00.000+10:00,1.748,10,603
2018-11-27T00:00:00.000+10:00,1.742,10,603
2018-11-28T00:00:00.000+10:00,1.742,10,603
2018-11-29T00:00:00.000+10:00,1.740,10,603
2018-11-30T00:00:00.000+10:00,1.732,10,603
2018-12-01T00:00:00.000+10:00,1.726,10,603
2018-12-02T00:00:00.000+10:00,1.722,10,603
2018-12-03T00:00:00.000+10:00,1.713,10,603
2018-12-04T00:00:00.000+10:00,1.707,10,603
2018-12-05T00:00:00.000+10:00,1.705,10,603
2018-12-06T00:00:00.000+10:00,1.703,10,603
2018-12-07T00:00:00.000+10:00,1.701,10,603
2018-12-08T00:00:00.000+10:00,1.699,10,603
2018-12-09T00:00:00.000+10:00,1.697,10,603
2018-12-10T00:00:00.000+10:00,1.693,10,603
2018-12-11T00:00:00.000+10:00,1.691,10,603
2018-12-12T00:00:00.000+10:00,1.691,10,603
2018-12-13T00:00:00.000+10:00,1.689,10,603
2018-12-14T00:00:00.000+10:00,1.689,10,603
2018-12-15T00:00:00.000+10:00,1.691,10,603
2018-12-16T00:00:00.000+10:00,2.115,10,603
2018-12-17T00:00:00.000+10:00,3.284,10,603
2018-12-18T00:00:00.000+10:00,2.262,10,603
2018-12-19T00:00:00.000+10:00,2.094,10,603
2018-12-20T00:00:00.000+10:00,2.074,10,603
2018-12-21T00:00:00.000+10:00,2.035,10,603
2018-12-22T00:00:00.000+10:00,1.990,10,603
2018-12-23T00:00:00.000+10:00,1.947,10,603
2018-12-24T00:00:00.000+10:00,1.916,10,603
2018-12-25T00:00:00.000+10:00,1.892,10,603
2018-12-26T00:00:00.000+10:00,1.870,140,603
2018-12-27T00:00:00.000+10:00,1.851,10,603
2018-12-28T00:00:00.000+10:00,1.836,10,603
2018-12-29T00:00:00.000+10:00,1.821,10,603
2018-12-30T00:00:00.000+10:00,1.813,10,603
2018-12-31T00:00:00.000+10:00,1.808,10,603
2019-01-01T00:00:00.000+10:00,1.801,10,603
2019-01-02T00:00:00.000+10:00,1.793,10,603
2019-01-03T00:00:00.000+10:00,1.784,110,603
2019-01-04T00:00:00.000+10:00,1.776,110,603
2019-01-05T00:00:00.000+10:00,1.769,110,603
2019-01-06T00:00:00.000+10:00,1.762,110,603
2019-01-07T00:00:00.000+10:00,1.755,110,603
2019-01-08T00:00:00.000+10:00,1.752,110,603
2019-01-09T00:00:00.000+10:00,1.748,110,603
2019-01-10T00:00:00.000+10:00,1.746,110,603
2019-01-11T00:00:00.000+10:00,1.740,110,603
2019-01-12T00:00:00.000+10:00,1.734,110,603
2019-01-13T00:00:00.000+10:00,1.728,110,603
2019-01-14T00:00:00.000+10:00,1.724,110,603
2019-01-15T00:00:00.000+10:00,1.720,110,603
2019-01-16T00:00:00.000+10:00,1.716,110,603
2019-01-17T00:00:00.000+10:00,1.710,110,603
2019-01-18T00:00:00.000+10:00,1.704,110,603
2019-01-19T00:00:00.000+10:00,1.701,110,603
2019-01-20T00:00:00.000+10:00,1.696,110,603
2019-01-21T00:00:00.000+10:00,1.694,110,603
2019-01-22T00:00:00.000+10:00,1.693,110,603
2019-01-23T00:00:00.000+10:00,1.693,110,603
2019-01-24T00:00:00.000+10:00,1.692,110,603
2019-01-25T00:00:00.000+10:00,1.691,110,603
2019-01-26T00:00:00.000+10:00,1.691,110,603
2019-01-27T00:00:00.000+10:00,1.690,110,603
2019-01-28T00:00:00.000+10:00,1.690,110,603
2019-01-29T00:00:00.000+10:00,1.689,110,603
2019-01-30T00:00:00.000+10:00,1.688,110,603
2019-01-31T00:00:00.000+10:00,1.688,140,603
2019-02-01T00:00:00.000+10:00,1.686,10,603
2019-02-02T00:00:00.000+10:00,1.678,10,603
2019-02-03T00:00:00.000+10:00,1.672,10,603
2019-02-04T00:00:00.000+10:00,1.667,10,603
2019-02-05T00:00:00.000+10:00,1.663,10,603
2019-02-06T00:00:00.000+10:00,1.660,10,603
2019-02-07T00:00:00.000+10:00,1.663,10,603
2019-02-08T00:00:00.000+10:00,1.662,10,603
2019-02-09T00:00:00.000+10:00,1.666,10,603
2019-02-10T00:00:00.000+10:00,1.672,10,603
2019-02-11T00:00:00.000+10:00,1.668,10,603
2019-02-12T00:00:00.000+10:00,1.663,10,603
2019-02-13T00:00:00.000+10:00,1.659,10,603
2019-02-14T00:00:00.000+10:00,1.668,10,603
2019-02-15T00:00:00.000+10:00,1.672,10,603
2019-02-16T00:00:00.000+10:00,1.668,10,603
2019-02-17T00:00:00.000+10:00,1.666,10,603
2019-02-18T00:00:00.000+10:00,1.664,10,603
2019-02-19T00:00:00.000+10:00,1.661,10,603
2019-02-20T00:00:00.000+10:00,1.660,10,603
2019-02-21T00:00:00.000+10:00,1.662,10,603
2019-02-22T00:00:00.000+10:00,1.666,10,603
2019-02-23T00:00:00.000+10:00,1.706,10,603
2019-02-24T00:00:00.000+10:00,1.723,10,603
2019-02-25T00:00:00.000+10:00,1.716,10,603
2019-02-26T00:00:00.000+10:00,1.710,10,603
2019-02-27T00:00:00.000+10:00,1.701,10,603
2019-02-28T00:00:00.000+10:00,1.695,10,603
2019-03-01T00:00:00.000+10:00,1.689,10,603
2019-03-02T00:00:00.000+10:00,1.687,10,603
2019-03-03T00:00:00.000+10:00,1.685,10,603
2019-03-04T00:00:00.000+10:00,1.684,10,603
2019-03-05T00:00:00.000+10:00,1.686,10,603
2019-03-06T00:00:00.000+10:00,1.685,10,603
2019-03-07T00:00:00.000+10:00,1.680,10,603
2019-03-08T00:00:00.000+10:00,1.681,10,603
2019-03-09T00:00:00.000+10:00,1.692,140,603
2019-03-10T00:00:00.000+10:00,1.707,110,603
2019-03-11T00:00:00.000+10:00,1.717,140,603
2019-03-12T00:00:00.000+10:00,1.723,10,603
2019-03-13T00:00:00.000+10:00,1.721,10,603
2019-03-14T00:00:00.000+10:00,1.722,10,603
2019-03-15T00:00:00.000+10:00,1.767,10,603
2019-03-16T00:00:00.000+10:00,1.885,10,603
2019-03-17T00:00:00.000+10:00,1.900,10,603
2019-03-18T00:00:00.000+10:00,1.855,10,603
2019-03-19T00:00:00.000+10:00,1.828,10,603
2019-03-20T00:00:00.000+10:00,1.824,10,603
2019-03-21T00:00:00.000+10:00,1.810,10,603
2019-03-22T00:00:00.000+10:00,1.797,10,603
2019-03-23T00:00:00.000+10:00,1.786,10,603
2019-03-24T00:00:00.000+10:00,1.776,10,603
2019-03-25T00:00:00.000+10:00,1.766,10,603
2019-03-26T00:00:00.000+10:00,2.019,10,603
2019-03-27T00:00:00.000+10:00,2.272,10,603
2019-03-28T00:00:00.000+10:00,1.959,10,603
2019-03-29T00:00:00.000+10:00,1.885,10,603
2019-03-30T00:00:00.000+10:00,1.863,10,603
2019-03-31T00:00:00.000+10:00,1.885,10,603
2019-04-01T00:00:00.000+10:00,1.837,10,603
2019-04-02T00:00:00.000+10:00,1.859,10,603
2019-04-03T00:00:00.000+10:00,1.928,10,603
2019-04-04T00:00:00.000+10:00,1.890,10,603
2019-04-05T00:00:00.000+10:00,1.861,10,603
2019-04-06T00:00:00.000+10:00,1.855,10,603
2019-04-07T00:00:00.000+10:00,1.834,10,603
2019-04-08T00:00:00.000+10:00,1.816,10,603
2019-04-09T00:00:00.000+10:00,1.800,10,603
2019-04-10T00:00:00.000+10:00,1.785,10,603
2019-04-11T00:00:00.000+10:00,1.775,10,603
2019-04-12T00:00:00.000+10:00,1.767,10,603
2019-04-13T00:00:00.000+10:00,1.758,10,603
2019-04-14T00:00:00.000+10:00,1.752,10,603
2019-04-15T00:00:00.000+10:00,1.746,10,603
2019-04-16T00:00:00.000+10:00,1.745,10,603
2019-04-17T00:00:00.000+10:00,1.741,10,603
2019-04-18T00:00:00.000+10:00,1.737,10,603
2019-04-19T00:00:00.000+10:00,1.750,10,603
2019-04-20T00:00:00.000+10:00,1.913,10,603
2019-04-21T00:00:00.000+10:00,1.911,10,603
2019-04-22T00:00:00.000+10:00,1.875,10,603
2019-04-23T00:00:00.000+10:00,1.893,10,603
2019-04-24T00:00:00.000+10:00,1.880,10,603
2019-04-25T00:00:00.000+10:00,1.866,10,603
2019-04-26T00:00:00.000+10:00,1.849,10,603
2019-04-27T00:00:00.000+10:00,1.833,10,603
2019-04-28T00:00:00.000+10:00,1.818,10,603
2019-04-29T00:00:00.000+10:00,1.806,10,603
2019-04-30T00:00:00.000+10:00,1.796,10,603
2019-05-01T00:00:00.000+10:00,1.790,10,603
2019-05-02T00:00:00.000+10:00,1.783,10,603
2019-05-03T00:00:00.000+10:00,1.779,10,603
2019-05-04T00:00:00.000+10:00,1.772,10,603
2019-05-05T00:00:00.000+10:00,1.766,10,603
2019-05-06T00:00:00.000+10:00,1.759,10,603
2019-05-07T00:00:00.000+10:00,1.754,10,603
2019-05-08T00:00:00.000+10:00,1.748,10,603
2019-05-09T00:00:00.000+10:00,1.744,10,603
2019-05-10T00:00:00.000+10:00,1.740,10,603
2019-05-11T00:00:00.000+10:00,1.736,10,603
2019-05-12T00:00:00.000+10:00,1.732,10,603
2019-05-13T00:00:00.000+10:00,1.730,10,603
2019-05-14T00:00:00.000+10:00,1.728,10,603
2019-05-15T00:00:00.000+10:00,1.725,10,603
2019-05-16T00:00:00.000+10:00,1.725,10,603
2019-05-17T00:00:00.000+10:00,1.723,10,603
2019-05-18T00:00:00.000+10:00,1.722,10,603
2019-05-19T00:00:00.000+10:00,1.720,10,603
2019-05-20T00:00:00.000+10:00,1.718,10,603
2019-05-21T00:00:00.000+10:00,1.716,10,603
2019-05-22T00:00:00.000+10:00,1.714,10,603
2019-05-23T00:00:00.000+10:00,1.710,10,603
2019-05-24T00:00:00.000+10:00,1.708,10,603
2019-05-25T00:00:00.000+10:00,1.705,10,603
2019-05-26T00:00:00.000+10:00,1.703,10,603
2019-05-27T00:00:00.000+10:00,1.700,10,603
2019-05-28T00:00:00.000+10:00,1.698,10,603
2019-05-29T00:00:00.000+10:00,1.696,10,603
2019-05-30T00:00:00.000+10:00,1.694,10,603
2019-05-31T00:00:00.000+10:00,1.691,10,603
2019-06-01T00:00:00.000+10:00,1.689,10,603
2019-06-02T00:00:00.000+10:00,1.688,10,603
2019-06-03T00:00:00.000+10:00,1.688,10,603
2019-06-04T00:00:00.000+10:00,1.687,10,603
2019-06-05T00:00:00.000+10:00,1.684,10,603
2019-06-06T00:00:00.000+10:00,1.682,10,603
2019-06-07T00:00:00.000+10:00,1.685,10,603
2019-06-08T00:00:00.000+10:00,1.687,10,603
2019-06-09T00:00:00.000+10:00,1.689,10,603
2019-06-10T00:00:00.000+10:00,1.687,10,603
2019-06-11T00:00:00.000+10:00,1.685,10,603
2019-06-12T00:00:00.000+10:00,1.684,10,603
2019-06-13T00:00:00.000+10:00,1.682,10,603
2019-06-14T00:00:00.000+10:00,1.681,10,603
2019-06-15T00:00:00.000+10:00,1.680,10,603
2019-06-16T00:00:00.000+10:00,1.680,10,603
2019-06-17T00:00:00.000+10:00,1.678,10,603
2019-06-18T00:00:00.000+10:00,1.676,10,603
2019-06-19T00:00:00.000+10:00,1.674,10,603
2019-06-20T00:00:00.000+10:00,1.671,10,603
2019-06-21T00:00:00.000+10:00,1.670,10,603
2019-06-22T00:00:00.000+10:00,1.668,10,603
2019-06-23T00:00:00.000+10:00,1.667,10,603
2019-06-24T00:00:00.000+10:00,1.671,10,603
2019-06-25T00:00:00.000+10:00,1.687,10,603
2019-06-26T00:00:00.000+10:00,1.707,10,603
2019-06-27T00:00:00.000+10:00,2.084,10,603
2019-06-28T00:00:00.000+10:00,1.909,10,603
2019-06-29T00:00:00.000+10:00,1.844,10,603
2019-06-30T00:00:00.000+10:00,1.815,10,603
2019-07-01T00:00:00.000+10:00,1.795,10,603
2019-07-02T00:00:00.000+10:00,1.780,10,603
2019-07-03T00:00:00.000+10:00,1.768,10,603
2019-07-04T00:00:00.000+10:00,1.761,10,603
2019-07-05T00:00:00.000+10:00,1.931,10,603
2019-07-06T00:00:00.000+10:00,1.981,10,603
2019-07-07T00:00:00.000+10:00,1.914,10,603
2019-07-08T00:00:00.000+10:00,1.879,10,603
2019-07-09T00:00:00.000+10:00,1.854,10,603
2019-07-10T00:00:00.000+10:00,1.833,10,603
2019-07-11T00:00:00.000+10:00,1.816,10,603
2019-07-12T00:00:00.000+10:00,1.803,10,603
2019-07-13T00:00:00.000+10:00,1.791,10,603
2019-07-14T00:00:00.000+10:00,1.780,10,603
2019-07-15T00:00:00.000+10:00,1.771,10,603
2019-07-16T00:00:00.000+10:00,1.762,10,603
2019-07-17T00:00:00.000+10:00,1.755,10,603
2019-07-18T00:00:00.000+10:00,1.749,10,603
2019-07-19T00:00:00.000+10:00,1.744,10,603
2019-07-20T00:00:00.000+10:00,1.739,10,603
2019-07-21T00:00:00.000+10:00,1.735,10,603
2019-07-22T00:00:00.000+10:00,1.731,10,603
2019-07-23T00:00:00.000+10:00,1.727,10,603
2019-07-24T00:00:00.000+10:00,1.724,10,603
2019-07-25T00:00:00.000+10:00,1.721,10,603
2019-07-26T00:00:00.000+10:00,1.718,10,603
2019-07-27T00:00:00.000+10:00,1.716,10,603
2019-07-28T00:00:00.000+10:00,1.713,10,603
2019-07-29T00:00:00.000+10:00,1.711,10,603
2019-07-30T00:00:00.000+10:00,1.709,10,603
2019-07-31T00:00:00.000+10:00,1.708,10,603
2019-08-01T00:00:00.000+10:00,1.710,10,603
2019-08-02T00:00:00.000+10:00,1.706,10,603
2019-08-03T00:00:00.000+10:00,1.704,10,603
2019-08-04T00:00:00.000+10:00,1.701,10,603
2019-08-05T00:00:00.000+10:00,1.699,10,603
2019-08-06T00:00:00.000+10:00,1.697,10,603
2019-08-07T00:00:00.000+10:00,1.694,10,603
2019-08-08T00:00:00.000+10:00,1.692,10,603
2019-08-09T00:00:00.000+10:00,1.690,10,603
2019-08-10T00:00:00.000+10:00,1.689,10,603
2019-08-11T00:00:00.000+10:00,1.688,10,603
2019-08-12T00:00:00.000+10:00,1.686,10,603
2019-08-13T00:00:00.000+10:00,1.682,10,603
2019-08-14T00:00:00.000+10:00,1.682,10,603
2019-08-15T00:00:00.000+10:00,1.681,10,603
2019-08-16T00:00:00.000+10:00,1.678,10,603
2019-08-17T00:00:00.000+10:00,1.677,10,603
2019-08-18T00:00:00.000+10:00,1.675,10,603
2019-08-19T00:00:00.000+10:00,1.673,10,603
2019-08-20T00:00:00.000+10:00,1.670,10,603
2019-08-21T00:00:00.000+10:00,1.668,10,603
2019-08-22T00:00:00.000+10:00,1.667,10,603
2019-08-23T00:00:00.000+10:00,1.665,10,603
2019-08-24T00:00:00.000+10:00,1.664,10,603
2019-08-25T00:00:00.000+10:00,1.663,10,603
2019-08-26T00:00:00.000+10:00,1.663,10,603
2019-08-27T00:00:00.000+10:00,1.664,10,603
2019-08-28T00:00:00.000+10:00,1.664,10,603
2019-08-29T00:00:00.000+10:00,1.662,10,603
2019-08-30T00:00:00.000+10:00,1.662,10,603
2019-08-31T00:00:00.000+10:00,1.665,10,603
2019-09-01T00:00:00.000+10:00,1.662,10,603
2019-09-02T00:00:00.000+10:00,1.659,10,603
2019-09-03T00:00:00.000+10:00,1.658,10,603
2019-09-04T00:00:00.000+10:00,1.656,10,603
2019-09-05T00:00:00.000+10:00,1.655,10,603
2019-09-06T00:00:00.000+10:00,1.653,10,603
2019-09-07T00:00:00.000+10:00,1.650,10,603
2019-09-08T00:00:00.000+10:00,1.649,10,603
2019-09-09T00:00:00.000+10:00,1.647,10,603
2019-09-10T00:00:00.000+10:00,1.646,10,603
2019-09-11T00:00:00.000+10:00,1.644,10,603
2019-09-12T00:00:00.000+10:00,1.643,10,603
2019-09-13T00:00:00.000+10:00,1.642,10,603
2019-09-14T00:00:00.000+10:00,1.641,10,603
2019-09-15T00:00:00.000+10:00,1.639,10,603
2019-09-16T00:00:00.000+10:00,1.638,10,603
2019-09-17T00:00:00.000+10:00,1.638,10,603
2019-09-18T00:00:00.000+10:00,1.653,10,603
2019-09-19T00:00:00.000+10:00,1.662,10,603
2019-09-20T00:00:00.000+10:00,1.672,10,603
2019-09-21T00:00:00.000+10:00,1.676,10,603
2019-09-22T00:00:00.000+10:00,1.672,10,603
2019-09-23T00:00:00.000+10:00,1.680,10,603
2019-09-24T00:00:00.000+10:00,1.676,10,603
2019-09-25T00:00:00.000+10:00,1.672,10,603
2019-09-26T00:00:00.000+10:00,1.672,10,603
2019-09-27T00:00:00.000+10:00,1.705,10,603
2019-09-28T00:00:00.000+10:00,1.697,10,603
2019-09-29T00:00:00.000+10:00,1.693,10,603
2019-09-30T00:00:00.000+10:00,1.695,10,603
2019-10-01T00:00:00.000+10:00,1.705,10,603
2019-10-02T00:00:00.000+10:00,1.704,10,603
2019-10-03T00:00:00.000+10:00,1.700,10,603
2019-10-04T00:00:00.000+10:00,1.696,10,603
2019-10-05T00:00:00.000+10:00,1.693,10,603
2019-10-06T00:00:00.000+10:00,1.690,10,603
2019-10-07T00:00:00.000+10:00,1.686,10,603
2019-10-08T00:00:00.000+10:00,1.680,10,603
2019-10-09T00:00:00.000+10:00,1.676,10,603
2019-10-10T00:00:00.000+10:00,1.672,10,603
2019-10-11T00:00:00.000+10:00,1.670,10,603
2019-10-12T00:00:00.000+10:00,1.670,10,603
2019-10-13T00:00:00.000+10:00,1.672,10,603
2019-10-14T00:00:00.000+10:00,1.669,10,603
2019-10-15T00:00:00.000+10:00,1.665,140,603
2019-10-16T00:00:00.000+10:00,1.664,110,603
2019-10-17T00:00:00.000+10:00,1.674,110,603
2019-10-18T00:00:00.000+10:00,1.668,110,603
2019-10-19T00:00:00.000+10:00,1.655,110,603
2019-10-20T00:00:00.000+10:00,1.657,110,603
2019-10-21T00:00:00.000+10:00,1.656,110,603
2019-10-22T00:00:00.000+10:00,1.654,110,603
2019-10-23T00:00:00.000+10:00,1.652,110,603
2019-10-24T00:00:00.000+10:00,1.651,110,603
2019-10-25T00:00:00.000+10:00,1.648,110,603
2019-10-26T00:00:00.000+10:00,1.644,110,603
2019-10-27T00:00:00.000+10:00,1.642,110,603
2019-10-28T00:00:00.000+10:00,1.640,110,603
2019-10-29T00:00:00.000+10:00,1.638,110,603
2019-10-30T00:00:00.000+10:00,1.636,110,603
2019-10-31T00:00:00.000+10:00,1.633,110,603
2019-11-01T00:00:00.000+10:00,1.630,110,603
2019-11-02T00:00:00.000+10:00,1.628,110,603
2019-11-03T00:00:00.000+10:00,1.627,110,603
2019-11-04T00:00:00.000+10:00,1.626,110,603
2019-11-05T00:00:00.000+10:00,1.625,110,603
2019-11-06T00:00:00.000+10:00,1.624,110,603
2019-11-07T00:00:00.000+10:00,1.622,110,603
2019-11-08T00:00:00.000+10:00,1.618,110,603
2019-11-09T00:00:00.000+10:00,1.616,110,603
2019-11-10T00:00:00.000+10:00,1.615,110,603
2019-11-11T00:00:00.000+10:00,1.613,110,603
2019-11-12T00:00:00.000+10:00,1.613,10,603
2019-11-13T00:00:00.000+10:00,1.611,10,603
2019-11-14T00:00:00.000+10:00,1.609,140,603
2019-11-15T00:00:00.000+10:00,1.608,10,603
2019-11-16T00:00:00.000+10:00,1.606,10,603
2019-11-17T00:00:00.000+10:00,1.605,10,603
2019-11-18T00:00:00.000+10:00,1.605,10,603
2019-11-19T00:00:00.000+10:00,1.604,10,603
2019-11-20T00:00:00.000+10:00,1.602,10,603
2019-11-21T00:00:00.000+10:00,1.602,10,603
2019-11-22T00:00:00.000+10:00,1.602,10,603
2019-11-23T00:00:00.000+10:00,1.602,10,603
2019-11-24T00:00:00.000+10:00,1.601,10,603
2019-11-25T00:00:00.000+10:00,1.601,10,603
2019-11-26T00:00:00.000+10:00,1.601,10,603
2019-11-27T00:00:00.000+10:00,1.598,10,603
2019-11-28T00:00:00.000+10:00,1.600,10,603
2019-11-29T00:00:00.000+10:00,1.604,10,603
2019-11-30T00:00:00.000+10:00,1.602,10,603
2019-12-01T00:00:00.000+10:00,1.600,10,603
2019-12-02T00:00:00.000+10:00,1.601,10,603
2019-12-03T00:00:00.000+10:00,1.601,110,603
2019-12-04T00:00:00.000+10:00,1.598,110,603
2019-12-05T00:00:00.000+10:00,1.597,110,603
2019-12-06T00:00:00.000+10:00,1.596,110,603
2019-12-07T00:00:00.000+10:00,1.597,10,603
2019-12-08T00:00:00.000+10:00,1.597,10,603
2019-12-09T00:00:00.000+10:00,1.597,10,603
2019-12-10T00:00:00.000+10:00,1.597,10,603
2019-12-11T00:00:00.000+10:00,1.597,10,603
2019-12-12T00:00:00.000+10:00,1.598,10,603
2019-12-13T00:00:00.000+10:00,1.599,10,603
2019-12-14T00:00:00.000+10:00,1.598,10,603
2019-12-15T00:00:00.000+10:00,1.596,10,603
2019-12-16T00:00:00.000+10:00,1.595,10,603
2019-12-17T00:00:00.000+10:00,1.597,10,603
2019-12-18T00:00:00.000+10:00,1.598,10,603
2019-12-19T00:00:00.000+10:00,1.598,10,603
2019-12-20T00:00:00.000+10:00,1.599,10,603
2019-12-21T00:00:00.000+10:00,1.597,10,603
2019-12-22T00:00:00.000+10:00,1.596,10,603
2019-12-23T00:00:00.000+10:00,1.596,10,603
2019-12-24T00:00:00.000+10:00,1.597,10,603
2019-12-25T00:00:00.000+10:00,1.603,10,603
2019-12-26T00:00:00.000+10:00,1.600,10,603
2019-12-27T00:00:00.000+10:00,1.597,110,603
2019-12-28T00:00:00.000+10:00,1.596,140,603
2019-12-29T00:00:00.000+10:00,1.595,110,603
2019-12-30T00:00:00.000+10:00,1.594,110,603
2019-12-31T00:00:00.000+10:00,1.593,110,603
2020-01-01T00:00:00.000+10:00,1.592,110,603
2020-01-02T00:00:00.000+10:00,1.591,110,603
2020-01-03T00:00:00.000+10:00,1.592,110,603
2020-01-04T00:00:00.000+10:00,1.590,110,603
2020-01-05T00:00:00.000+10:00,1.590,110,603
2020-01-06T00:00:00.000+10:00,1.588,110,603
2020-01-07T00:00:00.000+10:00,1.586,140,603
2020-01-08T00:00:00.000+10:00,1.586,110,603
2020-01-09T00:00:00.000+10:00,1.583,110,603
2020-01-10T00:00:00.000+10:00,1.584,10,603
2020-01-11T00:00:00.000+10:00,1.586,10,603
2020-01-12T00:00:00.000+10:00,1.587,10,603
2020-01-13T00:00:00.000+10:00,1.581,10,603
2020-01-14T00:00:00.000+10:00,1.578,10,603
2020-01-15T00:00:00.000+10:00,1.582,10,603
2020-01-16T00:00:00.000+10:00,1.579,10,603
2020-01-17T00:00:00.000+10:00,1.585,10,603
2020-01-18T00:00:00.000+10:00,1.682,10,603
2020-01-19T00:00:00.000+10:00,2.618,10,603
2020-01-20T00:00:00.000+10:00,2.014,10,603
2020-01-21T00:00:00.000+10:00,1.889,10,603
2020-01-22T00:00:00.000+10:00,1.860,10,603
2020-01-23T00:00:00.000+10:00,1.835,10,603
2020-01-24T00:00:00.000+10:00,1.807,10,603
2020-01-25T00:00:00.000+10:00,1.777,10,603
2020-01-26T00:00:00.000+10:00,1.762,10,603
2020-01-27T00:00:00.000+10:00,1.751,10,603
2020-01-28T00:00:00.000+10:00,1.745,10,603
2020-01-29T00:00:00.000+10:00,1.739,10,603
2020-01-30T00:00:00.000+10:00,1.732,10,603
2020-01-31T00:00:00.000+10:00,1.726,10,603
2020-02-01T00:00:00.000+10:00,1.721,10,603
2020-02-02T00:00:00.000+10:00,1.721,10,603
2020-02-03T00:00:00.000+10:00,1.722,10,603
2020-02-04T00:00:00.000+10:00,1.721,10,603
2020-02-05T00:00:00.000+10:00,1.713,10,603
2020-02-06T00:00:00.000+10:00,2.220,10,603
2020-02-07T00:00:00.000+10:00,3.157,10,603
2020-02-08T00:00:00.000+10:00,2.336,10,603
2020-02-09T00:00:00.000+10:00,3.716,10,603
2020-02-10T00:00:00.000+10:00,2.642,10,603
2020-02-11T00:00:00.000+10:00,3.313,10,603
2020-02-12T00:00:00.000+10:00,3.560,10,603
2020-02-13T00:00:00.000+10:00,3.942,10,603
2020-02-14T00:00:00.000+10:00,3.103,10,603
2020-02-15T00:00:00.000+10:00,2.503,10,603
2020-02-16T00:00:00.000+10:00,2.318,10,603
2020-02-17T00:00:00.000+10:00,2.342,10,603
2020-02-18T00:00:00.000+10:00,2.280,10,603
2020-02-19T00:00:00.000+10:00,2.176,10,603
2020-02-20T00:00:00.000+10:00,2.107,10,603
2020-02-21T00:00:00.000+10:00,2.056,10,603
2020-02-22T00:00:00.000+10:00,2.036,10,603
2020-02-23T00:00:00.000+10:00,2.015,10,603
2020-02-24T00:00:00.000+10:00,2.295,10,603
2020-02-25T00:00:00.000+10:00,2.292,10,603
2020-02-26T00:00:00.000+10:00,2.191,10,603
2020-02-27T00:00:00.000+10:00,2.127,10,603
2020-02-28T00:00:00.000+10:00,2.074,10,603
2020-02-29T00:00:00.000+10:00,2.031,10,603
2020-03-01T00:00:00.000+10:00,1.996,10,603
2020-03-02T00:00:00.000+10:00,1.966,10,603
2020-03-03T00:00:00.000+10:00,1.941,10,603
2020-03-04T00:00:00.000+10:00,1.929,10,603
2020-03-05T00:00:00.000+10:00,1.935,10,603
2020-03-06T00:00:00.000+10:00,1.929,10,603
2020-03-07T00:00:00.000+10:00,1.934,10,603
2020-03-08T00:00:00.000+10:00,1.908,10,603
2020-03-09T00:00:00.000+10:00,1.925,10,603
2020-03-10T00:00:00.000+10:00,2.065,10,603
2020-03-11T00:00:00.000+10:00,2.097,10,603
2020-03-12T00:00:00.000+10:00,2.046,10,603
2020-03-13T00:00:00.000+10:00,2.007,10,603
2020-03-14T00:00:00.000+10:00,1.977,10,603
2020-03-15T00:00:00.000+10:00,2.163,10,603
2020-03-16T00:00:00.000+10:00,2.220,10,603
2020-03-17T00:00:00.000+10:00,2.131,10,603
2020-03-18T00:00:00.000+10:00,2.094,10,603
2020-03-19T00:00:00.000+10:00,2.050,10,603
2020-03-20T00:00:00.000+10:00,2.014,10,603
2020-03-21T00:00:00.000+10:00,1.982,10,603
2020-03-22T00:00:00.000+10:00,1.959,10,603
2020-03-23T00:00:00.000+10:00,1.941,10,603
2020-03-24T00:00:00.000+10:00,1.930,10,603
2020-03-25T00:00:00.000+10:00,1.913,10,603
2020-03-26T00:00:00.000+10:00,1.963,10,603
2020-03-27T00:00:00.000+10:00,2.100,10,603
2020-03-28T00:00:00.000+10:00,1.997,10,603
2020-03-29T00:00:00.000+10:00,1.993,10,603
2020-03-30T00:00:00.000+10:00,1.975,10,603
2020-03-31T00:00:00.000+10:00,1.963,10,603
2020-04-01T00:00:00.000+10:00,1.938,10,603
2020-04-02T00:00:00.000+10:00,1.918,10,603
2020-04-03T00:00:00.000+10:00,1.919,10,603
2020-04-04T00:00:00.000+10:00,1.958,10,603
2020-04-05T00:00:00.000+10:00,1.906,10,603
2020-04-06T00:00:00.000+10:00,1.886,10,603
2020-04-07T00:00:00.000+10:00,1.874,10,603
2020-04-08T00:00:00.000+10:00,1.868,10,603
2020-04-09T00:00:00.000+10:00,1.862,10,603
2020-04-10T00:00:00.000+10:00,1.868,10,603
2020-04-11T00:00:00.000+10:00,1.859,10,603
2020-04-12T00:00:00.000+10:00,1.845,10,603
2020-04-13T00:00:00.000+10:00,1.832,10,603
2020-04-14T00:00:00.000+10:00,1.823,10,603
2020-04-15T00:00:00.000+10:00,1.816,10,603
2020-04-16T00:00:00.000+10:00,1.810,10,603
2020-04-17T00:00:00.000+10:00,1.805,10,603
2020-04-18T00:00:00.000+10:00,1.802,10,603
2020-04-19T00:00:00.000+10:00,1.797,10,603
2020-04-20T00:00:00.000+10:00,1.791,10,603
2020-04-21T00:00:00.000+10:00,1.786,10,603
2020-04-22T00:00:00.000+10:00,1.781,10,603
2020-04-23T00:00:00.000+10:00,1.775,10,603
2020-04-24T00:00:00.000+10:00,1.771,10,603
2020-04-25T00:00:00.000+10:00,1.766,10,603
2020-04-26T00:00:00.000+10:00,1.763,10,603
2020-04-27T00:00:00.000+10:00,1.760,10,603
2020-04-28T00:00:00.000+10:00,1.782,10,603
2020-04-29T00:00:00.000+10:00,1.769,10,603
2020-04-30T00:00:00.000+10:00,1.761,10,603
2020-05-01T00:00:00.000+10:00,1.754,10,603
2020-05-02T00:00:00.000+10:00,1.749,10,603
2020-05-03T00:00:00.000+10:00,1.745,10,603
2020-05-04T00:00:00.000+10:00,1.741,10,603
2020-05-05T00:00:00.000+10:00,1.738,10,603
2020-05-06T00:00:00.000+10:00,1.740,10,603
2020-05-07T00:00:00.000+10:00,1.740,10,603
2020-05-08T00:00:00.000+10:00,1.738,10,603
2020-05-09T00:00:00.000+10:00,1.735,10,603
2020-05-10T00:00:00.000+10:00,1.733,10,603
2020-05-11T00:00:00.000+10:00,1.729,10,603
2020-05-12T00:00:00.000+10:00,1.726,10,603
2020-05-13T00:00:00.000+10:00,1.722,10,603
2020-05-14T00:00:00.000+10:00,1.719,10,603
2020-05-15T00:00:00.000+10:00,1.715,10,603
2020-05-16T00:00:00.000+10:00,1.711,10,603
2020-05-17T00:00:00.000+10:00,1.709,10,603
2020-05-18T00:00:00.000+10:00,1.711,10,603
2020-05-19T00:00:00.000+10:00,1.710,10,603
2020-05-20T00:00:00.000+10:00,1.712,10,603
2020-05-21T00:00:00.000+10:00,1.712,110,603
2020-05-22T00:00:00.000+10:00,1.712,10,603
2020-05-23T00:00:00.000+10:00,1.708,10,603
2020-05-24T00:00:00.000+10:00,1.706,10,603
2020-05-25T00:00:00.000+10:00,1.702,10,603
2020-05-26T00:00:00.000+10:00,1.699,10,603
2020-05-27T00:00:00.000+10:00,1.695,10,603
2020-05-28T00:00:00.000+10:00,1.693,10,603
2020-05-29T00:00:00.000+10:00,1.692,10,603
2020-05-30T00:00:00.000+10:00,1.689,10,603
2020-05-31T00:00:00.000+10:00,1.688,10,603
2020-06-01T00:00:00.000+10:00,1.687,10,603
2020-06-02T00:00:00.000+10:00,1.685,10,603
2020-06-03T00:00:00.000+10:00,1.682,10,603
2020-06-04T00:00:00.000+10:00,1.680,10,603
2020-06-05T00:00:00.000+10:00,1.677,10,603
2020-06-06T00:00:00.000+10:00,1.676,10,603
2020-06-07T00:00:00.000+10:00,1.676,10,603
2020-06-08T00:00:00.000+10:00,1.694,10,603
2020-06-09T00:00:00.000+10:00,1.685,10,603
2020-06-10T00:00:00.000+10:00,1.826,10,603
2020-06-11T00:00:00.000+10:00,2.016,10,603
2020-06-12T00:00:00.000+10:00,1.863,10,603
2020-06-13T00:00:00.000+10:00,1.812,10,603
2020-06-14T00:00:00.000+10:00,1.794,10,603
2020-06-15T00:00:00.000+10:00,1.785,10,603
2020-06-16T00:00:00.000+10:00,1.771,10,603
2020-06-17T00:00:00.000+10:00,1.760,10,603
2020-06-18T00:00:00.000+10:00,1.814,10,603
2020-06-19T00:00:00.000+10:00,1.962,10,603
2020-06-20T00:00:00.000+10:00,1.890,10,603
2020-06-21T00:00:00.000+10:00,1.858,10,603
2020-06-22T00:00:00.000+10:00,1.834,10,603
2020-06-23T00:00:00.000+10:00,1.814,10,603
2020-06-24T00:00:00.000+10:00,1.799,10,603
2020-06-25T00:00:00.000+10:00,1.787,10,603
2020-06-26T00:00:00.000+10:00,1.776,10,603
2020-06-27T00:00:00.000+10:00,1.766,10,603
2020-06-28T00:00:00.000+10:00,1.757,10,603
2020-06-29T00:00:00.000+10:00,1.750,10,603
2020-06-30T00:00:00.000+10:00,1.743,10,603
2020-07-01T00:00:00.000+10:00,1.738,10,603
2020-07-02T00:00:00.000+10:00,1.734,10,603
2020-07-03T00:00:00.000+10:00,1.729,10,603
2020-07-04T00:00:00.000+10:00,1.725,10,603
2020-07-05T00:00:00.000+10:00,1.720,10,603
2020-07-06T00:00:00.000+10:00,1.717,10,603
2020-07-07T00:00:00.000+10:00,1.713,10,603
2020-07-08T00:00:00.000+10:00,1.711,10,603
2020-07-09T00:00:00.000+10:00,1.709,10,603
2020-07-10T00:00:00.000+10:00,1.707,10,603
2020-07-11T00:00:00.000+10:00,1.706,10,603
2020-07-12T00:00:00.000+10:00,1.704,10,603
2020-07-13T00:00:00.000+10:00,1.702,10,603
2020-07-14T00:00:00.000+10:00,1.698,10,603
2020-07-15T00:00:00.000+10:00,1.695,10,603
2020-07-16T00:00:00.000+10:00,1.693,10,603
2020-07-17T00:00:00.000+10:00,1.690,10,603
2020-07-18T00:00:00.000+10:00,1.687,10,603
2020-07-19T00:00:00.000+10:00,1.685,10,603
2020-07-20T00:00:00.000+10:00,1.683,10,603
2020-07-21T00:00:00.000+10:00,1.681,10,603
2020-07-22T00:00:00.000+10:00,1.679,10,603
2020-07-23T00:00:00.000+10:00,1.677,10,603
2020-07-24T00:00:00.000+10:00,1.676,10,603
2020-07-25T00:00:00.000+10:00,1.679,10,603
2020-07-26T00:00:00.000+10:00,1.835,10,603
2020-07-27T00:00:00.000+10:00,1.894,10,603
2020-07-28T00:00:00.000+10:00,1.805,10,603
2020-07-29T00:00:00.000+10:00,1.777,10,603
2020-07-30T00:00:00.000+10:00,1.763,10,603
2020-07-31T00:00:00.000+10:00,1.753,10,603
2020-08-01T00:00:00.000+10:00,1.746,10,603
2020-08-02T00:00:00.000+10:00,1.738,10,603
2020-08-03T00:00:00.000+10:00,1.732,10,603
2020-08-04T00:00:00.000+10:00,1.726,10,603
2020-08-05T00:00:00.000+10:00,1.719,10,603
2020-08-06T00:00:00.000+10:00,1.714,10,603
2020-08-07T00:00:00.000+10:00,1.712,10,603
2020-08-08T00:00:00.000+10:00,1.716,10,603
2020-08-09T00:00:00.000+10:00,1.710,10,603
2020-08-10T00:00:00.000+10:00,1.706,10,603
2020-08-11T00:00:00.000+10:00,1.701,10,603
2020-08-12T00:00:00.000+10:00,1.697,10,603
2020-08-13T00:00:00.000+10:00,1.694,10,603
2020-08-14T00:00:00.000+10:00,1.691,10,603
2020-08-15T00:00:00.000+10:00,1.690,10,603
2020-08-16T00:00:00.000+10:00,1.686,10,603
2020-08-17T00:00:00.000+10:00,1.682,10,603
2020-08-18T00:00:00.000+10:00,1.680,10,603
2020-08-19T00:00:00.000+10:00,1.677,10,603
2020-08-20T00:00:00.000+10:00,1.673,10,603
2020-08-21T00:00:00.000+10:00,1.670,10,603
2020-08-22T00:00:00.000+10:00,1.667,10,603
2020-08-23T00:00:00.000+10:00,1.664,10,603
2020-08-24T00:00:00.000+10:00,1.661,10,603
2020-08-25T00:00:00.000+10:00,1.660,10,603
2020-08-26T00:00:00.000+10:00,1.658,10,603
2020-08-27T00:00:00.000+10:00,1.655,10,603
2020-08-28T00:00:00.000+10:00,1.653,10,603
2020-08-29T00:00:00.000+10:00,1.651,10,603
2020-08-30T00:00:00.000+10:00,1.649,10,603
2020-08-31T00:00:00.000+10:00,1.648,10,603
2020-09-01T00:00:00.000+10:00,1.646,10,603
2020-09-02T00:00:00.000+10:00,1.645,10,603
2020-09-03T00:00:00.000+10:00,1.643,10,603
2020-09-04T00:00:00.000+10:00,1.642,10,603
2020-09-05T00:00:00.000+10:00,1.645,10,603
2020-09-06T00:00:00.000+10:00,1.675,10,603
2020-09-07T00:00:00.000+10:00,1.656,10,603
2020-09-08T00:00:00.000+10:00,1.649,10,603
2020-09-09T00:00:00.000+10:00,1.646,10,603
2020-09-10T00:00:00.000+10:00,1.654,10,603
2020-09-11T00:00:00.000+10:00,1.800,10,603
2020-09-12T00:00:00.000+10:00,1.739,10,603
2020-09-13T00:00:00.000+10:00,1.718,10,603
2020-09-14T00:00:00.000+10:00,1.709,10,603
2020-09-15T00:00:00.000+10:00,1.705,10,603
2020-09-16T00:00:00.000+10:00,1.700,10,603
2020-09-17T00:00:00.000+10:00,1.695,10,603
2020-09-18T00:00:00.000+10:00,1.689,10,603
2020-09-19T00:00:00.000+10:00,1.684,10,603
2020-09-20T00:00:00.000+10:00,1.680,10,603
2020-09-21T00:00:00.000+10:00,1.676,10,603
2020-09-22T00:00:00.000+10:00,1.672,10,603
2020-09-23T00:00:00.000+10:00,1.667,10,603
2020-09-24T00:00:00.000+10:00,1.663,10,603
2020-09-25T00:00:00.000+10:00,1.659,10,603
2020-09-26T00:00:00.000+10:00,1.655,10,603
2020-09-27T00:00:00.000+10:00,1.652,10,603
2020-09-28T00:00:00.000+10:00,1.649,10,603
2020-09-29T00:00:00.000+10:00,1.647,110,603
2020-09-30T00:00:00.000+10:00,1.647,140,603
2020-10-01T00:00:00.000+10:00,1.643,110,603
2020-10-02T00:00:00.000+10:00,1.642,110,603
2020-10-03T00:00:00.000+10:00,1.640,110,603
2020-10-04T00:00:00.000+10:00,1.639,110,603
2020-10-05T00:00:00.000+10:00,1.638,110,603
2020-10-06T00:00:00.000+10:00,1.636,110,603
2020-10-07T00:00:00.000+10:00,1.635,110,603
2020-10-08T00:00:00.000+10:00,1.632,110,603
2020-10-09T00:00:00.000+10:00,1.627,10,603
2020-10-10T00:00:00.000+10:00,1.626,140,603
2020-10-11T00:00:00.000+10:00,1.626,110,603
2020-10-12T00:00:00.000+10:00,1.640,110,603
2020-10-13T00:00:00.000+10:00,1.644,10,603
2020-10-14T00:00:00.000+10:00,1.648,10,603
2020-10-15T00:00:00.000+10:00,1.664,10,603
2020-10-16T00:00:00.000+10:00,1.670,10,603
2020-10-17T00:00:00.000+10:00,1.668,110,603
2020-10-18T00:00:00.000+10:00,1.643,110,603
2020-10-19T00:00:00.000+10:00,1.621,110,603
2020-10-20T00:00:00.000+10:00,1.629,10,603
2020-10-21T00:00:00.000+10:00,1.627,10,603
2020-10-22T00:00:00.000+10:00,1.622,10,603
2020-10-23T00:00:00.000+10:00,1.623,10,603
2020-10-24T00:00:00.000+10:00,1.629,10,603
2020-10-25T00:00:00.000+10:00,1.630,10,603
2020-10-26T00:00:00.000+10:00,1.656,10,603
2020-10-27T00:00:00.000+10:00,1.661,10,603
2020-10-28T00:00:00.000+10:00,1.659,10,603
2020-10-29T00:00:00.000+10:00,1.830,10,603
2020-10-30T00:00:00.000+10:00,1.813,10,603
2020-10-31T00:00:00.000+10:00,1.752,10,603
2020-11-01T00:00:00.000+10:00,1.729,10,603
2020-11-02T00:00:00.000+10:00,1.717,10,603
2020-11-03T00:00:00.000+10:00,1.709,10,603
2020-11-04T00:00:00.000+10:00,1.702,10,603
2020-11-05T00:00:00.000+10:00,1.698,10,603
2020-11-06T00:00:00.000+10:00,1.694,10,603
2020-11-07T00:00:00.000+10:00,1.687,10,603
2020-11-08T00:00:00.000+10:00,1.685,10,603
2020-11-09T00:00:00.000+10:00,1.680,10,603
2020-11-10T00:00:00.000+10:00,1.674,10,603
2020-11-11T00:00:00.000+10:00,1.669,10,603
2020-11-12T00:00:00.000+10:00,1.664,10,603
2020-11-13T00:00:00.000+10:00,1.662,10,603
2020-11-14T00:00:00.000+10:00,1.660,10,603
2020-11-15T00:00:00.000+10:00,1.654,10,603
2020-11-16T00:00:00.000+10:00,1.650,10,603
2020-11-17T00:00:00.000+10:00,1.644,10,603
2020-11-18T00:00:00.000+10:00,1.640,10,603
2020-11-19T00:00:00.000+10:00,1.636,10,603
2020-11-20T00:00:00.000+10:00,1.633,10,603
2020-11-21T00:00:00.000+10:00,1.629,10,603
2020-11-22T00:00:00.000+10:00,1.626,10,603
2020-11-23T00:00:00.000+10:00,1.623,10,603
2020-11-24T00:00:00.000+10:00,1.620,10,603
2020-11-25T00:00:00.000+10:00,1.617,10,603
2020-11-26T00:00:00.000+10:00,1.614,10,603
2020-11-27T00:00:00.000+10:00,1.613,10,603
2020-11-28T00:00:00.000+10:00,1.610,10,603
2020-11-29T00:00:00.000+10:00,1.607,10,603
2020-11-30T00:00:00.000+10:00,1.602,10,603
2020-12-01T00:00:00.000+10:00,1.600,10,603
2020-12-02T00:00:00.000+10:00,1.600,10,603
2020-12-03T00:00:00.000+10:00,1.601,10,603
2020-12-04T00:00:00.000+10:00,1.600,10,603
2020-12-05T00:00:00.000+10:00,1.597,10,603
2020-12-06T00:00:00.000+10:00,1.594,10,603
2020-12-07T00:00:00.000+10:00,1.593,10,603
2020-12-08T00:00:00.000+10:00,1.591,10,603
2020-12-09T00:00:00.000+10:00,1.590,10,603
2020-12-10T00:00:00.000+10:00,1.589,10,603
2020-12-11T00:00:00.000+10:00,1.594,10,603
2020-12-12T00:00:00.000+10:00,2.413,10,603
2020-12-13T00:00:00.000+10:00,2.310,10,603
2020-12-14T00:00:00.000+10:00,3.968,10,603
2020-12-15T00:00:00.000+10:00,4.604,10,603
2020-12-16T00:00:00.000+10:00,3.206,10,603
2020-12-17T00:00:00.000+10:00,3.150,10,603
2020-12-18T00:00:00.000+10:00,2.880,10,603
2020-12-19T00:00:00.000+10:00,2.510,10,603
2020-12-20T00:00:00.000+10:00,2.364,10,603
2020-12-21T00:00:00.000+10:00,2.279,10,603
2020-12-22T00:00:00.000+10:00,2.225,10,603
2020-12-23T00:00:00.000+10:00,2.174,10,603
2020-12-24T00:00:00.000+10:00,2.134,10,603
2020-12-25T00:00:00.000+10:00,2.106,10,603
2020-12-26T00:00:00.000+10:00,2.094,10,603
2020-12-27T00:00:00.000+10:00,2.069,10,603
2020-12-28T00:00:00.000+10:00,2.043,10,603
2020-12-29T00:00:00.000+10:00,2.041,10,603
2020-12-30T00:00:00.000+10:00,2.128,10,603
2020-12-31T00:00:00.000+10:00,2.097,10,603
2021-01-01T00:00:00.000+10:00,2.088,10,603
2021-01-02T00:00:00.000+10:00,2.655,10,603
2021-01-03T00:00:00.000+10:00,2.483,10,603
2021-01-04T00:00:00.000+10:00,2.330,10,603
2021-01-05T00:00:00.000+10:00,2.406,10,603
2021-01-06T00:00:00.000+10:00,2.431,10,603
2021-01-07T00:00:00.000+10:00,2.689,10,603
2021-01-08T00:00:00.000+10:00,2.570,10,603
2021-01-09T00:00:00.000+10:00,2.441,10,603
2021-01-10T00:00:00.000+10:00,2.395,10,603
2021-01-11T00:00:00.000+10:00,2.326,10,603
2021-01-12T00:00:00.000+10:00,2.268,10,603
2021-01-13T00:00:00.000+10:00,2.221,10,603
2021-01-14T00:00:00.000+10:00,2.184,10,603
2021-01-15T00:00:00.000+10:00,2.153,10,603
2021-01-16T00:00:00.000+10:00,2.126,10,603
2021-01-17T00:00:00.000+10:00,2.098,10,603
2021-01-18T00:00:00.000+10:00,2.079,10,603
2021-01-19T00:00:00.000+10:00,2.067,10,603
2021-01-20T00:00:00.000+10:00,2.092,10,603
2021-01-21T00:00:00.000+10:00,2.066,10,603
2021-01-22T00:00:00.000+10:00,2.039,10,603
2021-01-23T00:00:00.000+10:00,2.020,10,603
2021-01-24T00:00:00.000+10:00,2.005,10,603
2021-01-25T00:00:00.000+10:00,1.991,10,603
2021-01-26T00:00:00.000+10:00,1.980,10,603
2021-01-27T00:00:00.000+10:00,1.969,10,603
2021-01-28T00:00:00.000+10:00,2.293,10,603
2021-01-29T00:00:00.000+10:00,2.106,10,603
2021-01-30T00:00:00.000+10:00,2.071,10,603
2021-01-31T00:00:00.000+10:00,2.045,10,603
2021-02-01T00:00:00.000+10:00,2.026,10,603
2021-02-02T00:00:00.000+10:00,2.008,10,603
2021-02-03T00:00:00.000+10:00,1.994,10,603
2021-02-04T00:00:00.000+10:00,1.980,10,603
2021-02-05T00:00:00.000+10:00,1.968,10,603
2021-02-06T00:00:00.000+10:00,1.959,10,603
2021-02-07T00:00:00.000+10:00,1.960,10,603
2021-02-08T00:00:00.000+10:00,1.955,10,603
2021-02-09T00:00:00.000+10:00,1.952,10,603
2021-02-10T00:00:00.000+10:00,1.948,10,603
2021-02-11T00:00:00.000+10:00,1.953,10,603
2021-02-12T00:00:00.000+10:00,1.938,10,603
2021-02-13T00:00:00.000+10:00,1.931,10,603
2021-02-14T00:00:00.000+10:00,2.099,10,603
2021-02-15T00:00:00.000+10:00,2.038,10,603
2021-02-16T00:00:00.000+10:00,2.089,10,603
2021-02-17T00:00:00.000+10:00,2.355,10,603
2021-02-18T00:00:00.000+10:00,2.743,10,603
2021-02-19T00:00:00.000+10:00,2.942,10,603
2021-02-20T00:00:00.000+10:00,2.855,10,603
2021-02-21T00:00:00.000+10:00,2.501,10,603
2021-02-22T00:00:00.000+10:00,2.438,10,603
2021-02-23T00:00:00.000+10:00,2.369,10,603
2021-02-24T00:00:00.000+10:00,2.627,10,603
2021-02-25T00:00:00.000+10:00,3.725,10,603
2021-02-26T00:00:00.000+10:00,3.350,10,603
2021-02-27T00:00:00.000+10:00,2.757,10,603
2021-02-28T00:00:00.000+10:00,2.567,10,603
2021-03-01T00:00:00.000+10:00,2.435,10,603
2021-03-02T00:00:00.000+10:00,2.349,10,603
2021-03-03T00:00:00.000+10:00,2.302,10,603
2021-03-04T00:00:00.000+10:00,2.321,10,603
2021-03-05T00:00:00.000+10:00,2.259,10,603
2021-03-06T00:00:00.000+10:00,2.224,10,603
2021-03-07T00:00:00.000+10:00,2.197,10,603
2021-03-08T00:00:00.000+10:00,2.170,10,603
2021-03-09T00:00:00.000+10:00,2.151,10,603
2021-03-10T00:00:00.000+10:00,2.131,10,603
2021-03-11T00:00:00.000+10:00,2.124,10,603
2021-03-12T00:00:00.000+10:00,2.106,10,603
2021-03-13T00:00:00.000+10:00,2.095,10,603
2021-03-14T00:00:00.000+10:00,2.095,10,603
2021-03-15T00:00:00.000+10:00,2.296,10,603
2021-03-16T00:00:00.000+10:00,2.198,10,603
2021-03-17T00:00:00.000+10:00,2.192,10,603
2021-03-18T00:00:00.000+10:00,2.850,10,603
2021-03-19T00:00:00.000+10:00,3.782,10,603
2021-03-20T00:00:00.000+10:00,2.847,10,603
2021-03-21T00:00:00.000+10:00,3.456,10,603
2021-03-22T00:00:00.000+10:00,4.530,10,603
2021-03-23T00:00:00.000+10:00,3.738,10,603
2021-03-24T00:00:00.000+10:00,3.068,10,603
2021-03-25T00:00:00.000+10:00,2.643,10,603
2021-03-26T00:00:00.000+10:00,2.468,10,603
2021-03-27T00:00:00.000+10:00,2.370,10,603
2021-03-28T00:00:00.000+10:00,2.305,10,603
2021-03-29T00:00:00.000+10:00,2.256,10,603
2021-03-30T00:00:00.000+10:00,2.220,10,603
2021-03-31T00:00:00.000+10:00,2.192,10,603
2021-04-01T00:00:00.000+10:00,2.164,10,603
2021-04-02T00:00:00.000+10:00,2.146,10,603
2021-04-03T00:00:00.000+10:00,2.123,10,603
2021-04-04T00:00:00.000+10:00,2.106,10,603
2021-04-05T00:00:00.000+10:00,2.093,10,603
2021-04-06T00:00:00.000+10:00,2.145,10,603
2021-04-07T00:00:00.000+10:00,2.322,10,603
2021-04-08T00:00:00.000+10:00,2.482,10,603
2021-04-09T00:00:00.000+10:00,2.357,10,603
2021-04-10T00:00:00.000+10:00,2.261,10,603
2021-04-11T00:00:00.000+10:00,2.203,10,603
2021-04-12T00:00:00.000+10:00,2.161,10,603
2021-04-13T00:00:00.000+10:00,2.132,10,603
2021-04-14T00:00:00.000+10:00,2.110,10,603
2021-04-15T00:00:00.000+10:00,2.092,10,603
2021-04-16T00:00:00.000+10:00,2.075,10,603
2021-04-17T00:00:00.000+10:00,2.074,10,603
2021-04-18T00:00:00.000+10:00,2.070,10,603
2021-04-19T00:00:00.000+10:00,2.045,10,603
2021-04-20T00:00:00.000+10:00,2.032,10,603
2021-04-21T00:00:00.000+10:00,2.022,10,603
2021-04-22T00:00:00.000+10:00,2.012,10,603
2021-04-23T00:00:00.000+10:00,2.002,10,603
2021-04-24T00:00:00.000+10:00,1.994,10,603
2021-04-25T00:00:00.000+10:00,1.988,10,603
2021-04-26T00:00:00.000+10:00,1.982,10,603
2021-04-27T00:00:00.000+10:00,1.975,10,603
2021-04-28T00:00:00.000+10:00,1.970,10,603
2021-04-29T00:00:00.000+10:00,1.968,10,603
2021-04-30T00:00:00.000+10:00,1.962,10,603
2021-05-01T00:00:00.000+10:00,1.970,10,603
2021-05-02T00:00:00.000+10:00,1.983,10,603
2021-05-03T00:00:00.000+10:00,1.968,10,603
2021-05-04T00:00:00.000+10:00,1.959,10,603
2021-05-05T00:00:00.000+10:00,1.966,10,603
2021-05-06T00:00:00.000+10:00,1.995,10,603
2021-05-07T00:00:00.000+10:00,1.980,10,603
2021-05-08T00:00:00.000+10:00,1.966,10,603
2021-05-09T00:00:00.000+10:00,1.961,10,603
2021-05-10T00:00:00.000+10:00,1.991,10,603
2021-05-11T00:00:00.000+10:00,1.969,10,603
2021-05-12T00:00:00.000+10:00,1.982,10,603
2021-05-13T00:00:00.000+10:00,2.088,10,603
2021-05-14T00:00:00.000+10:00,1.999,10,603
2021-05-15T00:00:00.000+10:00,1.978,10,603
2021-05-16T00:00:00.000+10:00,1.964,10,603
2021-05-17T00:00:00.000+10:00,1.954,10,603
2021-05-18T00:00:00.000+10:00,1.946,10,603
2021-05-19T00:00:00.000+10:00,1.940,10,603
2021-05-20T00:00:00.000+10:00,1.935,10,603
2021-05-21T00:00:00.000+10:00,1.930,10,603
2021-05-22T00:00:00.000+10:00,1.926,10,603
2021-05-23T00:00:00.000+10:00,1.924,10,603
2021-05-24T00:00:00.000+10:00,1.919,10,603
2021-05-25T00:00:00.000+10:00,1.919,10,603
2021-05-26T00:00:00.000+10:00,1.915,10,603
2021-05-27T00:00:00.000+10:00,1.911,10,603
2021-05-28T00:00:00.000+10:00,1.907,10,603
2021-05-29T00:00:00.000+10:00,1.902,10,603
2021-05-30T00:00:00.000+10:00,1.899,10,603
2021-05-31T00:00:00.000+10:00,1.897,10,603
2021-06-01T00:00:00.000+10:00,1.895,10,603
2021-06-02T00:00:00.000+10:00,1.894,10,603
2021-06-03T00:00:00.000+10:00,1.893,10,603
2021-06-04T00:00:00.000+10:00,1.895,10,603
2021-06-05T00:00:00.000+10:00,1.890,10,603
2021-06-06T00:00:00.000+10:00,1.886,10,603
2021-06-07T00:00:00.000+10:00,1.884,10,603
2021-06-08T00:00:00.000+10:00,1.883,10,603
2021-06-09T00:00:00.000+10:00,1.885,10,603
2021-06-10T00:00:00.000+10:00,1.883,10,603
2021-06-11T00:00:00.000+10:00,1.879,10,603
2021-06-12T00:00:00.000+10:00,1.877,10,603
2021-06-13T00:00:00.000+10:00,1.875,10,603
2021-06-14T00:00:00.000+10:00,1.874,10,603
2021-06-15T00:00:00.000+10:00,1.872,10,603
2021-06-16T00:00:00.000+10:00,1.871,10,603
2021-06-17T00:00:00.000+10:00,1.870,10,603
2021-06-18T00:00:00.000+10:00,1.869,10,603
2021-06-19T00:00:00.000+10:00,1.866,10,603
2021-06-20T00:00:00.000+10:00,1.864,10,603
2021-06-21T00:00:00.000+10:00,1.862,10,603
2021-06-22T00:00:00.000+10:00,1.866,10,603
2021-06-23T00:00:00.000+10:00,1.865,10,603
2021-06-24T00:00:00.000+10:00,1.862,10,603
2021-06-25T00:00:00.000+10:00,1.861,10,603
2021-06-26T00:00:00.000+10:00,1.862,10,603
2021-06-27T00:00:00.000+10:00,1.859,10,603
2021-06-28T00:00:00.000+10:00,1.857,10,603
2021-06-29T00:00:00.000+10:00,1.864,10,603
2021-06-30T00:00:00.000+10:00,1.883,10,603
2021-07-01T00:00:00.000+10:00,1.885,10,603
2021-07-02T00:00:00.000+10:00,1.916,10,603
2021-07-03T00:00:00.000+10:00,1.904,10,603
2021-07-04T00:00:00.000+10:00,1.889,10,603
2021-07-05T00:00:00.000+10:00,1.880,10,603
2021-07-06T00:00:00.000+10:00,1.874,10,603
2021-07-07T00:00:00.000+10:00,1.870,10,603
2021-07-08T00:00:00.000+10:00,1.867,10,603
2021-07-09T00:00:00.000+10:00,1.867,10,603
2021-07-10T00:00:00.000+10:00,1.867,10,603
2021-07-11T00:00:00.000+10:00,1.861,10,603
2021-07-12T00:00:00.000+10:00,1.857,10,603
2021-07-13T00:00:00.000+10:00,1.856,10,603
2021-07-14T00:00:00.000+10:00,1.855,10,603
2021-07-15T00:00:00.000+10:00,1.853,10,603
2021-07-16T00:00:00.000+10:00,1.853,10,603
2021-07-17T00:00:00.000+10:00,1.851,10,603
2021-07-18T00:00:00.000+10:00,1.849,10,603
2021-07-19T00:00:00.000+10:00,1.847,10,603
2021-07-20T00:00:00.000+10:00,1.846,10,603
2021-07-21T00:00:00.000+10:00,1.845,10,603
2021-07-22T00:00:00.000+10:00,1.843,10,603
2021-07-23T00:00:00.000+10:00,1.842,10,603
2021-07-24T00:00:00.000+10:00,1.841,10,603
2021-07-25T00:00:00.000+10:00,1.840,10,603
2021-07-26T00:00:00.000+10:00,1.838,10,603
2021-07-27T00:00:00.000+10:00,1.837,10,603
2021-07-28T00:00:00.000+10:00,1.836,10,603
2021-07-29T00:00:00.000+10:00,1.836,10,603
2021-07-30T00:00:00.000+10:00,1.834,10,603
2021-07-31T00:00:00.000+10:00,1.833,10,603
2021-08-01T00:00:00.000+10:00,1.832,10,603
2021-08-02T00:00:00.000+10:00,1.831,10,603
2021-08-03T00:00:00.000+10:00,1.845,10,603
2021-08-04T00:00:00.000+10:00,1.851,10,603
2021-08-05T00:00:00.000+10:00,1.844,10,603
2021-08-06T00:00:00.000+10:00,1.839,10,603
2021-08-07T00:00:00.000+10:00,1.836,10,603
2021-08-08T00:00:00.000+10:00,1.835,10,603
2021-08-09T00:00:00.000+10:00,1.839,10,603
2021-08-10T00:00:00.000+10:00,1.837,10,603
2021-08-11T00:00:00.000+10:00,1.835,10,603
2021-08-12T00:00:00.000+10:00,1.834,10,603
2021-08-13T00:00:00.000+10:00,1.836,10,603
2021-08-14T00:00:00.000+10:00,1.835,10,603
2021-08-15T00:00:00.000+10:00,1.833,10,603
2021-08-16T00:00:00.000+10:00,1.831,10,603
2021-08-17T00:00:00.000+10:00,1.829,10,603
2021-08-18T00:00:00.000+10:00,1.828,10,603
2021-08-19T00:00:00.000+10:00,1.826,10,603
2021-08-20T00:00:00.000+10:00,1.825,10,603
2021-08-21T00:00:00.000+10:00,1.824,10,603
2021-08-22T00:00:00.000+10:00,1.823,10,603
2021-08-23T00:00:00.000+10:00,1.822,10,603
2021-08-24T00:00:00.000+10:00,1.821,10,603
2021-08-25T00:00:00.000+10:00,1.820,10,603
2021-08-26T00:00:00.000+10:00,1.819,10,603
2021-08-27T00:00:00.000+10:00,1.818,10,603
2021-08-28T00:00:00.000+10:00,1.816,10,603
2021-08-29T00:00:00.000+10:00,1.815,10,603
2021-08-30T00:00:00.000+10:00,1.814,10,603
2021-08-31T00:00:00.000+10:00,1.813,10,603
2021-09-01T00:00:00.000+10:00,1.812,10,603
2021-09-02T00:00:00.000+10:00,1.811,10,603
2021-09-03T00:00:00.000+10:00,1.812,10,603
2021-09-04T00:00:00.000+10:00,1.815,10,603
2021-09-05T00:00:00.000+10:00,1.816,10,603
2021-09-06T00:00:00.000+10:00,1.816,10,603
2021-09-07T00:00:00.000+10:00,1.814,10,603
2021-09-08T00:00:00.000+10:00,1.813,10,603
2021-09-09T00:00:00.000+10:00,1.812,10,603
2021-09-10T00:00:00.000+10:00,1.811,10,603
2021-09-11T00:00:00.000+10:00,1.809,10,603
2021-09-12T00:00:00.000+10:00,1.808,10,603
2021-09-13T00:00:00.000+10:00,1.805,10,603
2021-09-14T00:00:00.000+10:00,1.804,10,603
2021-09-15T00:00:00.000+10:00,1.802,10,603
2021-09-16T00:00:00.000+10:00,1.801,10,603
2021-09-17T00:00:00.000+10:00,1.800,10,603
2021-09-18T00:00:00.000+10:00,1.799,10,603
2021-09-19T00:00:00.000+10:00,1.798,10,603
2021-09-20T00:00:00.000+10:00,1.796,10,603
2021-09-21T00:00:00.000+10:00,1.794,10,603
2021-09-22T00:00:00.000+10:00,1.792,10,603
2021-09-23T00:00:00.000+10:00,1.791,10,603
2021-09-24T00:00:00.000+10:00,1.791,10,603
2021-09-25T00:00:00.000+10:00,1.790,10,603
2021-09-26T00:00:00.000+10:00,1.790,10,603
2021-09-27T00:00:00.000+10:00,1.789,10,603
2021-09-28T00:00:00.000+10:00,1.790,10,603
2021-09-29T00:00:00.000+10:00,1.789,10,603
2021-09-30T00:00:00.000+10:00,1.791,10,603
2021-10-01T00:00:00.000+10:00,1.793,10,603
2021-10-02T00:00:00.000+10:00,1.793,10,603
2021-10-03T00:00:00.000+10:00,1.790,10,603
2021-10-04T00:00:00.000+10:00,1.788,10,603
2021-10-05T00:00:00.000+10:00,1.787,10,603
2021-10-06T00:00:00.000+10:00,1.785,10,603
2021-10-07T00:00:00.000+10:00,1.784,10,603
2021-10-08T00:00:00.000+10:00,1.783,10,603
2021-10-09T00:00:00.000+10:00,1.781,10,603
2021-10-10T00:00:00.000+10:00,1.780,10,603
2021-10-11T00:00:00.000+10:00,1.783,10,603
2021-10-12T00:00:00.000+10:00,1.827,10,603
2021-10-13T00:00:00.000+10:00,2.030,10,603
2021-10-14T00:00:00.000+10:00,2.001,10,603
2021-10-15T00:00:00.000+10:00,1.932,10,603
2021-10-16T00:00:00.000+10:00,1.908,10,603
2021-10-17T00:00:00.000+10:00,1.891,10,603
2021-10-18T00:00:00.000+10:00,1.880,10,603
2021-10-19T00:00:00.000+10:00,1.878,10,603
2021-10-20T00:00:00.000+10:00,1.909,10,603
2021-10-21T00:00:00.000+10:00,2.027,10,603
2021-10-22T00:00:00.000+10:00,1.935,10,603
2021-10-23T00:00:00.000+10:00,1.908,10,603
2021-10-24T00:00:00.000+10:00,1.988,10,603
2021-10-25T00:00:00.000+10:00,1.926,10,603
2021-10-26T00:00:00.000+10:00,1.902,10,603
2021-10-27T00:00:00.000+10:00,1.888,10,603
2021-10-28T00:00:00.000+10:00,1.920,10,603
2021-10-29T00:00:00.000+10:00,1.914,10,603
2021-10-30T00:00:00.000+10:00,1.910,10,603
2021-10-31T00:00:00.000+10:00,2.080,10,603
2021-11-01T00:00:00.000+10:00,2.004,10,603
2021-11-02T00:00:00.000+10:00,1.957,10,603
2021-11-03T00:00:00.000+10:00,1.932,10,603
2021-11-04T00:00:00.000+10:00,1.915,10,603
2021-11-05T00:00:00.000+10:00,1.902,10,603
2021-11-06T00:00:00.000+10:00,1.895,10,603
2021-11-07T00:00:00.000+10:00,1.940,10,603
2021-11-08T00:00:00.000+10:00,2.037,10,603
2021-11-09T00:00:00.000+10:00,1.963,10,603
2021-11-10T00:00:00.000+10:00,1.929,10,603
2021-11-11T00:00:00.000+10:00,1.963,10,603
2021-11-12T00:00:00.000+10:00,2.022,10,603
2021-11-13T00:00:00.000+10:00,1.958,10,603
2021-11-14T00:00:00.000+10:00,1.934,10,603
2021-11-15T00:00:00.000+10:00,1.920,10,603
2021-11-16T00:00:00.000+10:00,1.907,10,603
2021-11-17T00:00:00.000+10:00,1.897,10,603
2021-11-18T00:00:00.000+10:00,1.890,10,603
2021-11-19T00:00:00.000+10:00,1.883,10,603
2021-11-20T00:00:00.000+10:00,1.877,10,603
2021-11-21T00:00:00.000+10:00,1.883,10,603
2021-11-22T00:00:00.000+10:00,1.963,10,603
2021-11-23T00:00:00.000+10:00,2.100,10,603
2021-11-24T00:00:00.000+10:00,2.261,10,603
2021-11-25T00:00:00.000+10:00,2.190,10,603
2021-11-26T00:00:00.000+10:00,2.144,10,603
2021-11-27T00:00:00.000+10:00,2.183,10,603
2021-11-28T00:00:00.000+10:00,2.114,10,603
2021-11-29T00:00:00.000+10:00,2.069,10,603
2021-11-30T00:00:00.000+10:00,2.039,10,603
2021-12-01T00:00:00.000+10:00,2.115,10,603
2021-12-02T00:00:00.000+10:00,2.109,10,603
2021-12-03T00:00:00.000+10:00,2.080,10,603
2021-12-04T00:00:00.000+10:00,2.057,10,603
2021-12-05T00:00:00.000+10:00,2.056,10,603
2021-12-06T00:00:00.000+10:00,2.143,10,603
2021-12-07T00:00:00.000+10:00,2.128,10,603
2021-12-08T00:00:00.000+10:00,2.142,10,603
2021-12-09T00:00:00.000+10:00,2.132,10,603
2021-12-10T00:00:00.000+10:00,2.172,10,603
2021-12-11T00:00:00.000+10:00,2.101,10,603
2021-12-12T00:00:00.000+10:00,2.068,10,603
2021-12-13T00:00:00.000+10:00,2.043,10,603
2021-12-14T00:00:00.000+10:00,2.016,10,603
2021-12-15T00:00:00.000+10:00,1.994,10,603
2021-12-16T00:00:00.000+10:00,1.977,10,603
2021-12-17T00:00:00.000+10:00,2.165,10,603
2021-12-18T00:00:00.000+10:00,2.118,10,603
2021-12-19T00:00:00.000+10:00,2.065,10,603
2021-12-20T00:00:00.000+10:00,2.036,10,603
2021-12-21T00:00:00.000+10:00,2.012,10,603
2021-12-22T00:00:00.000+10:00,1.995,10,603
2021-12-23T00:00:00.000+10:00,2.001,10,603
2021-12-24T00:00:00.000+10:00,2.023,10,603
2021-12-25T00:00:00.000+10:00,1.989,10,603
2021-12-26T00:00:00.000+10:00,1.999,10,603
2021-12-27T00:00:00.000+10:00,2.014,10,603
2021-12-28T00:00:00.000+10:00,2.276,10,603
2021-12-29T00:00:00.000+10:00,2.143,10,603
2021-12-30T00:00:00.000+10:00,2.100,10,603
2021-12-31T00:00:00.000+10:00,2.071,10,603
2022-01-01T00:00:00.000+10:00,2.052,10,603
2022-01-02T00:00:00.000+10:00,2.046,10,603
2022-01-03T00:00:00.000+10:00,2.029,10,603
2022-01-04T00:00:00.000+10:00,2.184,10,603
2022-01-05T00:00:00.000+10:00,2.316,10,603
2022-01-06T00:00:00.000+10:00,2.709,10,603
2022-01-07T00:00:00.000+10:00,2.855,10,603
2022-01-08T00:00:00.000+10:00,2.460,10,603
2022-01-09T00:00:00.000+10:00,2.331,10,603
2022-01-10T00:00:00.000+10:00,2.266,10,603
2022-01-11T00:00:00.000+10:00,2.201,10,603
2022-01-12T00:00:00.000+10:00,2.157,10,603
2022-01-13T00:00:00.000+10:00,2.122,10,603
2022-01-14T00:00:00.000+10:00,2.093,10,603
2022-01-15T00:00:00.000+10:00,2.069,10,603
2022-01-16T00:00:00.000+10:00,2.057,10,603
2022-01-17T00:00:00.000+10:00,2.032,10,603
2022-01-18T00:00:00.000+10:00,2.017,10,603
2022-01-19T00:00:00.000+10:00,2.161,10,603
2022-01-20T00:00:00.000+10:00,3.650,10,603
2022-01-21T00:00:00.000+10:00,2.874,10,603
2022-01-22T00:00:00.000+10:00,2.639,10,603
2022-01-23T00:00:00.000+10:00,2.437,10,603
2022-01-24T00:00:00.000+10:00,2.330,10,603
2022-01-25T00:00:00.000+10:00,2.258,10,603
2022-01-26T00:00:00.000+10:00,2.212,10,603
2022-01-27T00:00:00.000+10:00,2.179,10,603
2022-01-28T00:00:00.000+10:00,2.147,10,603
2022-01-29T00:00:00.000+10:00,2.125,10,603
2022-01-30T00:00:00.000+10:00,2.107,10,603
2022-01-31T00:00:00.000+10:00,2.086,10,603
2022-02-01T00:00:00.000+10:00,2.067,10,603
2022-02-02T00:00:00.000+10:00,2.115,10,603
2022-02-03T00:00:00.000+10:00,2.385,10,603
2022-02-04T00:00:00.000+10:00,2.341,10,603
2022-02-05T00:00:00.000+10:00,2.275,10,603
2022-02-06T00:00:00.000+10:00,2.234,10,603
2022-02-07T00:00:00.000+10:00,2.237,10,603
2022-02-08T00:00:00.000+10:00,2.201,10,603
2022-02-09T00:00:00.000+10:00,2.168,10,603
2022-02-10T00:00:00.000+10:00,2.137,10,603
2022-02-11T00:00:00.000+10:00,2.126,10,603
2022-02-12T00:00:00.000+10:00,2.107,10,603
2022-02-13T00:00:00.000+10:00,2.083,10,603
2022-02-14T00:00:00.000+10:00,2.068,10,603
2022-02-15T00:00:00.000+10:00,2.060,10,603
2022-02-16T00:00:00.000+10:00,2.042,10,603
2022-02-17T00:00:00.000+10:00,2.029,10,603
2022-02-18T00:00:00.000+10:00,2.017,10,603
2022-02-19T00:00:00.000+10:00,2.150,10,603
2022-02-20T00:00:00.000+10:00,2.148,10,603
2022-02-21T00:00:00.000+10:00,2.085,10,603
2022-02-22T00:00:00.000+10:00,2.281,10,603
2022-02-23T00:00:00.000+10:00,2.732,10,603
2022-02-24T00:00:00.000+10:00,4.635,10,603
2022-02-25T00:00:00.000+10:00,3.719,10,603
2022-02-26T00:00:00.000+10:00,3.607,10,603
2022-02-27T00:00:00.000+10:00,4.165,10,603
2022-02-28T00:00:00.000+10:00,5.038,10,603
2022-03-01T00:00:00.000+10:00,3.770,10,603
2022-03-02T00:00:00.000+10:00,3.021,10,603
2022-03-03T00:00:00.000+10:00,2.676,10,603
2022-03-04T00:00:00.000+10:00,2.513,10,603
2022-03-05T00:00:00.000+10:00,2.410,10,603
2022-03-06T00:00:00.000+10:00,2.588,10,603
2022-03-07T00:00:00.000+10:00,2.862,10,603
2022-03-08T00:00:00.000+10:00,2.528,10,603
2022-03-09T00:00:00.000+10:00,2.419,10,603
2022-03-10T00:00:00.000+10:00,2.339,10,603
2022-03-11T00:00:00.000+10:00,2.288,10,603
2022-03-12T00:00:00.000+10:00,2.245,10,603
2022-03-13T00:00:00.000+10:00,2.218,10,603
2022-03-14T00:00:00.000+10:00,2.192,10,603
2022-03-15T00:00:00.000+10:00,2.180,10,603
2022-03-16T00:00:00.000+10:00,2.181,10,603
2022-03-17T00:00:00.000+10:00,2.171,10,603
2022-03-18T00:00:00.000+10:00,2.216,10,603
2022-03-19T00:00:00.000+10:00,2.182,10,603
2022-03-20T00:00:00.000+10:00,2.183,10,603
2022-03-21T00:00:00.000+10:00,2.146,10,603
2022-03-22T00:00:00.000+10:00,2.126,10,603
2022-03-23T00:00:00.000+10:00,2.108,10,603
2022-03-24T00:00:00.000+10:00,2.152,10,603
2022-03-25T00:00:00.000+10:00,2.224,10,603
2022-03-26T00:00:00.000+10:00,2.376,10,603
2022-03-27T00:00:00.000+10:00,2.345,10,603
2022-03-28T00:00:00.000+10:00,2.318,10,603
2022-03-29T00:00:00.000+10:00,3.745,10,603
2022-03-30T00:00:00.000+10:00,5.301,10,603
2022-03-31T00:00:00.000+10:00,3.891,10,603
2022-04-01T00:00:00.000+10:00,2.860,10,603
2022-04-02T00:00:00.000+10:00,2.535,10,603
2022-04-03T00:00:00.000+10:00,2.405,10,603
2022-04-04T00:00:00.000+10:00,2.376,10,603
2022-04-05T00:00:00.000+10:00,2.310,10,603
2022-04-06T00:00:00.000+10:00,2.256,10,603
2022-04-07T00:00:00.000+10:00,2.328,10,603
2022-04-08T00:00:00.000+10:00,2.430,10,603
2022-04-09T00:00:00.000+10:00,2.333,10,603
2022-04-10T00:00:00.000+10:00,2.281,10,603
2022-04-11T00:00:00.000+10:00,2.240,10,603
2022-04-12T00:00:00.000+10:00,2.208,10,603
2022-04-13T00:00:00.000+10:00,2.193,10,603
2022-04-14T00:00:00.000+10:00,2.204,10,603
2022-04-15T00:00:00.000+10:00,2.272,10,603
2022-04-16T00:00:00.000+10:00,2.190,10,603
2022-04-17T00:00:00.000+10:00,2.166,10,603
2022-04-18T00:00:00.000+10:00,2.146,10,603
2022-04-19T00:00:00.000+10:00,2.125,10,603
2022-04-20T00:00:00.000+10:00,2.109,10,603
2022-04-21T00:00:00.000+10:00,2.093,10,603
2022-04-22T00:00:00.000+10:00,2.111,10,603
2022-04-23T00:00:00.000+10:00,2.219,10,603
2022-04-24T00:00:00.000+10:00,2.154,10,603
2022-04-25T00:00:00.000+10:00,2.123,10,603
2022-04-26T00:00:00.000+10:00,2.114,10,603
2022-04-27T00:00:00.000+10:00,2.097,10,603
2022-04-28T00:00:00.000+10:00,2.085,10,603
2022-04-29T00:00:00.000+10:00,2.073,10,603
2022-04-30T00:00:00.000+10:00,2.063,10,603
2022-05-01T00:00:00.000+10:00,2.057,10,603
2022-05-02T00:00:00.000+10:00,2.044,10,603
2022-05-03T00:00:00.000+10:00,2.036,10,603
2022-05-04T00:00:00.000+10:00,2.028,10,603
2022-05-05T00:00:00.000+10:00,2.022,10,603
2022-05-06T00:00:00.000+10:00,2.020,10,603
2022-05-07T00:00:00.000+10:00,2.014,10,603
2022-05-08T00:00:00.000+10:00,2.004,10,603
2022-05-09T00:00:00.000+10:00,1.997,10,603
2022-05-10T00:00:00.000+10:00,1.993,10,603
2022-05-11T00:00:00.000+10:00,2.027,10,603
2022-05-12T00:00:00.000+10:00,2.108,10,603
2022-05-13T00:00:00.000+10:00,2.723,10,603
2022-05-14T00:00:00.000+10:00,2.448,10,603
2022-05-15T00:00:00.000+10:00,2.267,10,603
2022-05-16T00:00:00.000+10:00,2.220,10,603
2022-05-17T00:00:00.000+10:00,2.165,10,603
2022-05-18T00:00:00.000+10:00,2.128,10,603
2022-05-19T00:00:00.000+10:00,2.100,10,603
2022-05-20T00:00:00.000+10:00,2.081,10,603
2022-05-21T00:00:00.000+10:00,2.094,10,603
2022-05-22T00:00:00.000+10:00,2.192,10,603
2022-05-23T00:00:00.000+10:00,2.131,10,603
2022-05-24T00:00:00.000+10:00,2.105,10,603
2022-05-25T00:00:00.000+10:00,2.086,10,603
2022-05-26T00:00:00.000+10:00,2.072,10,603
2022-05-27T00:00:00.000+10:00,2.058,10,603
2022-05-28T00:00:00.000+10:00,2.047,10,603
2022-05-29T00:00:00.000+10:00,2.037,10,603
2022-05-30T00:00:00.000+10:00,2.026,10,603
2022-05-31T00:00:00.000+10:00,2.015,10,603
2022-06-01T00:00:00.000+10:00,2.007,10,603
2022-06-02T00:00:00.000+10:00,1.999,10,603
2022-06-03T00:00:00.000+10:00,1.993,10,603
2022-06-04T00:00:00.000+10:00,1.988,10,603
2022-06-05T00:00:00.000+10:00,1.981,10,603
2022-06-06T00:00:00.000+10:00,1.976,10,603
2022-06-07T00:00:00.000+10:00,1.970,10,603
2022-06-08T00:00:00.000+10:00,1.965,10,603
2022-06-09T00:00:00.000+10:00,1.960,10,603
2022-06-10T00:00:00.000+10:00,1.956,10,603
2022-06-11T00:00:00.000+10:00,1.951,10,603
2022-06-12T00:00:00.000+10:00,1.947,10,603
2022-06-13T00:00:00.000+10:00,1.943,10,603
2022-06-14T00:00:00.000+10:00,1.939,10,603
2022-06-15T00:00:00.000+10:00,1.937,10,603
2022-06-16T00:00:00.000+10:00,1.933,10,603
2022-06-17T00:00:00.000+10:00,1.930,10,603
2022-06-18T00:00:00.000+10:00,1.927,10,603
2022-06-19T00:00:00.000+10:00,1.924,10,603
2022-06-20T00:00:00.000+10:00,1.924,10,603
2022-06-21T00:00:00.000+10:00,1.921,10,603
2022-06-22T00:00:00.000+10:00,1.918,10,603
2022-06-23T00:00:00.000+10:00,1.914,10,603
2022-06-24T00:00:00.000+10:00,1.912,10,603
2022-06-25T00:00:00.000+10:00,1.909,10,603
2022-06-26T00:00:00.000+10:00,1.907,10,603
2022-06-27T00:00:00.000+10:00,1.905,10,603
2022-06-28T00:00:00.000+10:00,1.901,10,603
2022-06-29T00:00:00.000+10:00,1.899,10,603
2022-06-30T00:00:00.000+10:00,1.898,10,603
2022-07-01T00:00:00.000+10:00,1.897,10,603
2022-07-02T00:00:00.000+10:00,1.911,10,603
2022-07-03T00:00:00.000+10:00,1.912,10,603
2022-07-04T00:00:00.000+10:00,1.899,10,603
2022-07-05T00:00:00.000+10:00,1.984,10,603
2022-07-06T00:00:00.000+10:00,3.168,10,603
2022-07-07T00:00:00.000+10:00,2.383,10,603
2022-07-08T00:00:00.000+10:00,2.180,10,603
2022-07-09T00:00:00.000+10:00,2.105,10,603
2022-07-10T00:00:00.000+10:00,2.064,10,603
2022-07-11T00:00:00.000+10:00,2.039,10,603
2022-07-12T00:00:00.000+10:00,2.021,10,603
2022-07-13T00:00:00.000+10:00,2.008,10,603
2022-07-14T00:00:00.000+10:00,1.994,10,603
2022-07-15T00:00:00.000+10:00,1.982,10,603
2022-07-16T00:00:00.000+10:00,1.974,10,603
2022-07-17T00:00:00.000+10:00,1.967,10,603
2022-07-18T00:00:00.000+10:00,1.961,10,603
2022-07-19T00:00:00.000+10:00,1.954,10,603
2022-07-20T00:00:00.000+10:00,1.958,10,603
2022-07-21T00:00:00.000+10:00,1.972,10,603
2022-07-22T00:00:00.000+10:00,2.115,10,603
2022-07-23T00:00:00.000+10:00,2.183,10,603
2022-07-24T00:00:00.000+10:00,2.081,10,603
2022-07-25T00:00:00.000+10:00,2.041,10,603
2022-07-26T00:00:00.000+10:00,2.021,10,603
2022-07-27T00:00:00.000+10:00,2.003,10,603
2022-07-28T00:00:00.000+10:00,1.989,10,603
2022-07-29T00:00:00.000+10:00,1.978,10,603
2022-07-30T00:00:00.000+10:00,1.969,10,603
2022-07-31T00:00:00.000+10:00,1.961,10,603
2022-08-01T00:00:00.000+10:00,1.955,10,603
2022-08-02T00:00:00.000+10:00,1.950,10,603
2022-08-03T00:00:00.000+10:00,1.944,10,603
2022-08-04T00:00:00.000+10:00,1.940,10,603
2022-08-05T00:00:00.000+10:00,1.939,10,603
2022-08-06T00:00:00.000+10:00,1.934,10,603
2022-08-07T00:00:00.000+10:00,1.928,10,603
2022-08-08T00:00:00.000+10:00,1.923,10,603
2022-08-09T00:00:00.000+10:00,1.919,10,603
2022-08-10T00:00:00.000+10:00,1.915,10,603
2022-08-11T00:00:00.000+10:00,1.912,10,603
2022-08-12T00:00:00.000+10:00,1.910,10,603
2022-08-13T00:00:00.000+10:00,1.914,10,603
2022-08-14T00:00:00.000+10:00,1.910,10,603
2022-08-15T00:00:00.000+10:00,1.904,10,603
2022-08-16T00:00:00.000+10:00,1.901,10,603
2022-08-17T00:00:00.000+10:00,1.899,140,603
2022-08-18T00:00:00.000+10:00,1.896,10,603
2022-08-19T00:00:00.000+10:00,1.893,10,603
2022-08-20T00:00:00.000+10:00,1.890,10,603
2022-08-21T00:00:00.000+10:00,1.887,10,603
2022-08-22T00:00:00.000+10:00,1.885,10,603
2022-08-23T00:00:00.000+10:00,1.884,10,603
2022-08-24T00:00:00.000+10:00,1.882,10,603
2022-08-25T00:00:00.000+10:00,1.878,10,603
2022-08-26T00:00:00.000+10:00,1.877,10,603
2022-08-27T00:00:00.000+10:00,1.875,10,603
2022-08-28T00:00:00.000+10:00,1.874,10,603
2022-08-29T00:00:00.000+10:00,1.874,10,603
2022-08-30T00:00:00.000+10:00,1.874,10,603
2022-08-31T00:00:00.000+10:00,1.872,10,603
2022-09-01T00:00:00.000+10:00,1.870,10,603
2022-09-02T00:00:00.000+10:00,1.869,10,603
2022-09-03T00:00:00.000+10:00,1.951,10,603
2022-09-04T00:00:00.000+10:00,2.187,10,603
2022-09-05T00:00:00.000+10:00,1.985,10,603
2022-09-06T00:00:00.000+10:00,1.941,10,603
2022-09-07T00:00:00.000+10:00,1.921,10,603
2022-09-08T00:00:00.000+10:00,1.908,10,603
2022-09-09T00:00:00.000+10:00,1.900,10,603
2022-09-10T00:00:00.000+10:00,1.893,10,603
2022-09-11T00:00:00.000+10:00,1.886,10,603
2022-09-12T00:00:00.000+10:00,1.881,10,603
2022-09-13T00:00:00.000+10:00,1.877,10,603
2022-09-14T00:00:00.000+10:00,1.872,10,603
2022-09-15T00:00:00.000+10:00,1.871,10,603
2022-09-16T00:00:00.000+10:00,1.874,10,603
2022-09-17T00:00:00.000+10:00,1.869,10,603
2022-09-18T00:00:00.000+10:00,1.863,10,603
2022-09-19T00:00:00.000+10:00,1.859,110,603
2022-09-20T00:00:00.000+10:00,1.855,10,603
2022-09-21T00:00:00.000+10:00,1.855,10,603
2022-09-22T00:00:00.000+10:00,3.377,10,603
2022-09-23T00:00:00.000+10:00,3.799,10,603
2022-09-24T00:00:00.000+10:00,3.039,10,603
2022-09-25T00:00:00.000+10:00,2.448,10,603
2022-09-26T00:00:00.000+10:00,2.279,10,603
2022-09-27T00:00:00.000+10:00,2.197,10,603
2022-09-28T00:00:00.000+10:00,2.163,10,603
2022-09-29T00:00:00.000+10:00,2.115,10,603
2022-09-30T00:00:00.000+10:00,2.084,10,603
2022-10-01T00:00:00.000+10:00,2.189,10,603
2022-10-02T00:00:00.000+10:00,2.146,10,603
2022-10-03T00:00:00.000+10:00,2.098,10,603
2022-10-04T00:00:00.000+10:00,2.074,10,603
2022-10-05T00:00:00.000+10:00,2.059,10,603
2022-10-06T00:00:00.000+10:00,2.054,10,603
2022-10-07T00:00:00.000+10:00,2.035,10,603
2022-10-08T00:00:00.000+10:00,2.023,10,603
2022-10-09T00:00:00.000+10:00,2.019,10,603
2022-10-10T00:00:00.000+10:00,2.006,10,603
2022-10-11T00:00:00.000+10:00,2.008,10,603
2022-10-12T00:00:00.000+10:00,1.997,10,603
2022-10-13T00:00:00.000+10:00,1.988,10,603
2022-10-14T00:00:00.000+10:00,1.982,10,603
2022-10-15T00:00:00.000+10:00,1.975,10,603
2022-10-16T00:00:00.000+10:00,1.973,10,603
2022-10-17T00:00:00.000+10:00,1.973,10,603
2022-10-18T00:00:00.000+10:00,1.971,10,603
2022-10-19T00:00:00.000+10:00,1.977,10,603
2022-10-20T00:00:00.000+10:00,1.984,10,603
2022-10-21T00:00:00.000+10:00,2.779,10,603
2022-10-22T00:00:00.000+10:00,2.716,10,603
2022-10-23T00:00:00.000+10:00,2.725,10,603
2022-10-24T00:00:00.000+10:00,3.029,10,603
2022-10-25T00:00:00.000+10:00,2.536,10,603
2022-10-26T00:00:00.000+10:00,2.354,10,603
2022-10-27T00:00:00.000+10:00,2.251,10,603
2022-10-28T00:00:00.000+10:00,2.186,10,603
2022-10-29T00:00:00.000+10:00,2.139,10,603
2022-10-30T00:00:00.000+10:00,2.104,10,603
2022-10-31T00:00:00.000+10:00,2.078,10,603
2022-11-01T00:00:00.000+10:00,2.066,10,603
2022-11-02T00:00:00.000+10:00,2.043,10,603
2022-11-03T00:00:00.000+10:00,2.024,10,603
2022-11-04T00:00:00.000+10:00,2.011,10,603
2022-11-05T00:00:00.000+10:00,1.999,10,603
2022-11-06T00:00:00.000+10:00,1.990,10,603
2022-11-07T00:00:00.000+10:00,1.981,10,603
2022-11-08T00:00:00.000+10:00,1.974,10,603
2022-11-09T00:00:00.000+10:00,1.969,10,603
2022-11-10T00:00:00.000+10:00,1.958,10,603
2022-11-11T00:00:00.000+10:00,1.951,10,603
2022-11-12T00:00:00.000+10:00,1.948,10,603
2022-11-13T00:00:00.000+10:00,1.942,10,603
2022-11-14T00:00:00.000+10:00,1.931,10,603
2022-11-15T00:00:00.000+10:00,1.923,10,603
2022-11-16T00:00:00.000+10:00,1.917,10,603
2022-11-17T00:00:00.000+10:00,1.912,10,603
2022-11-18T00:00:00.000+10:00,1.906,10,603
2022-11-19T00:00:00.000+10:00,1.902,10,603
2022-11-20T00:00:00.000+10:00,1.894,10,603
2022-11-21T00:00:00.000+10:00,1.886,10,603
2022-11-22T00:00:00.000+10:00,1.880,10,603
2022-11-23T00:00:00.000+10:00,1.877,10,603
2022-11-24T00:00:00.000+10:00,1.876,10,603
2022-11-25T00:00:00.000+10:00,1.879,10,603
2022-11-26T00:00:00.000+10:00,1.874,10,603
2022-11-27T00:00:00.000+10:00,1.871,10,603
2022-11-28T00:00:00.000+10:00,1.876,10,603
2022-11-29T00:00:00.000+10:00,1.873,10,603
2022-11-30T00:00:00.000+10:00,1.865,10,603
2022-12-01T00:00:00.000+10:00,1.871,10,603
2022-12-02T00:00:00.000+10:00,2.010,10,603
2022-12-03T00:00:00.000+10:00,1.967,10,603
2022-12-04T00:00:00.000+10:00,1.917,10,603
2022-12-05T00:00:00.000+10:00,1.891,10,603
2022-12-06T00:00:00.000+10:00,1.876,10,603
2022-12-07T00:00:00.000+10:00,1.865,10,603
2022-12-08T00:00:00.000+10:00,1.855,10,603
2022-12-09T00:00:00.000+10:00,1.850,10,603
2022-12-10T00:00:00.000+10:00,1.846,10,603
2022-12-11T00:00:00.000+10:00,1.842,10,603
2022-12-12T00:00:00.000+10:00,1.834,10,603
2022-12-13T00:00:00.000+10:00,1.838,10,603
2022-12-14T00:00:00.000+10:00,1.827,10,603
2022-12-15T00:00:00.000+10:00,1.819,10,603
2022-12-16T00:00:00.000+10:00,1.815,10,603
2022-12-17T00:00:00.000+10:00,1.815,10,603
2022-12-18T00:00:00.000+10:00,1.809,10,603
2022-12-19T00:00:00.000+10:00,1.805,10,603
2022-12-20T00:00:00.000+10:00,1.802,10,603
2022-12-21T00:00:00.000+10:00,1.800,10,603
2022-12-22T00:00:00.000+10:00,1.798,10,603
2022-12-23T00:00:00.000+10:00,1.802,10,603
2022-12-24T00:00:00.000+10:00,1.817,10,603
2022-12-25T00:00:00.000+10:00,1.807,10,603
2022-12-26T00:00:00.000+10:00,1.798,10,603
2022-12-27T00:00:00.000+10:00,1.793,10,603
2022-12-28T00:00:00.000+10:00,1.791,10,603
2022-12-29T00:00:00.000+10:00,1.789,10,603
2022-12-30T00:00:00.000+10:00,1.792,10,603
2022-12-31T00:00:00.000+10:00,1.808,10,603
2023-01-01T00:00:00.000+10:00,1.799,10,603
2023-01-02T00:00:00.000+10:00,1.804,10,603
2023-01-03T00:00:00.000+10:00,1.792,10,603
2023-01-04T00:00:00.000+10:00,1.788,10,603
2023-01-05T00:00:00.000+10:00,1.870,10,603
2023-01-06T00:00:00.000+10:00,1.842,10,603
2023-01-07T00:00:00.000+10:00,1.822,10,603
2023-01-08T00:00:00.000+10:00,1.821,10,603
2023-01-09T00:00:00.000+10:00,1.811,10,603
2023-01-10T00:00:00.000+10:00,1.800,10,603
2023-01-11T00:00:00.000+10:00,1.793,10,603
2023-01-12T00:00:00.000+10:00,1.787,10,603
2023-01-13T00:00:00.000+10:00,1.779,10,603
2023-01-14T00:00:00.000+10:00,1.774,10,603
2023-01-15T00:00:00.000+10:00,1.772,10,603
2023-01-16T00:00:00.000+10:00,1.769,10,603
2023-01-17T00:00:00.000+10:00,1.770,10,603
2023-01-18T00:00:00.000+10:00,1.768,10,603
2023-01-19T00:00:00.000+10:00,1.771,10,603
2023-01-20T00:00:00.000+10:00,1.837,10,603
2023-01-21T00:00:00.000+10:00,1.824,10,603
2023-01-22T00:00:00.000+10:00,1.810,10,603
2023-01-23T00:00:00.000+10:00,1.878,10,603
2023-01-24T00:00:00.000+10:00,1.943,10,603
2023-01-25T00:00:00.000+10:00,2.159,10,603
2023-01-26T00:00:00.000+10:00,1.955,10,603
2023-01-27T00:00:00.000+10:00,1.903,10,603
2023-01-28T00:00:00.000+10:00,1.872,10,603
2023-01-29T00:00:00.000+10:00,1.857,10,603
2023-01-30T00:00:00.000+10:00,1.858,10,603
2023-01-31T00:00:00.000+10:00,1.952,10,603
2023-02-01T00:00:00.000+10:00,1.954,10,603
2023-02-02T00:00:00.000+10:00,1.896,140,603
2023-02-03T00:00:00.000+10:00,1.874,10,603
2023-02-04T00:00:00.000+10:00,1.859,10,603
2023-02-05T00:00:00.000+10:00,1.846,90,603
2023-02-06T00:00:00.000+10:00,1.835,90,603
2023-02-07T00:00:00.000+10:00,1.824,90,603
2023-02-08T00:00:00.000+10:00,1.814,90,603
2023-02-09T00:00:00.000+10:00,1.811,90,603
2023-02-10T00:00:00.000+10:00,1.809,90,603
2023-02-11T00:00:00.000+10:00,1.795,90,603
2023-02-12T00:00:00.000+10:00,1.784,90,603
2023-02-13T00:00:00.000+10:00,1.776,90,603
2023-02-14T00:00:00.000+10:00,1.789,90,603
2023-02-15T00:00:00.000+10:00,1.817,140,603
2023-02-16T00:00:00.000+10:00,1.800,10,603
2023-02-17T00:00:00.000+10:00,1.785,10,603
2023-02-18T00:00:00.000+10:00,1.776,10,603
2023-02-19T00:00:00.000+10:00,1.767,90,603
2023-02-20T00:00:00.000+10:00,1.756,90,603
2023-02-21T00:00:00.000+10:00,1.750,90,603
2023-02-22T00:00:00.000+10:00,1.746,90,603
2023-02-23T00:00:00.000+10:00,2.187,10,603
2023-02-24T00:00:00.000+10:00,2.070,10,603
2023-02-25T00:00:00.000+10:00,1.960,10,603
2023-02-26T00:00:00.000+10:00,1.916,10,603
2023-02-27T00:00:00.000+10:00,1.885,10,603
2023-02-28T00:00:00.000+10:00,1.863,10,603
2023-03-01T00:00:00.000+10:00,1.846,10,603
2023-03-02T00:00:00.000+10:00,1.834,10,603
2023-03-03T00:00:00.000+10:00,1.831,10,603
2023-03-04T00:00:00.000+10:00,1.816,10,603
2023-03-05T00:00:00.000+10:00,1.805,10,603
2023-03-06T00:00:00.000+10:00,1.796,10,603
2023-03-07T00:00:00.000+10:00,1.788,10,603
2023-03-08T00:00:00.000+10:00,1.782,10,603
2023-03-09T00:00:00.000+10:00,1.777,10,603
2023-03-10T00:00:00.000+10:00,1.773,10,603
2023-03-11T00:00:00.000+10:00,1.770,10,603
2023-03-12T00:00:00.000+10:00,1.794,10,603
2023-03-13T00:00:00.000+10:00,2.023,10,603
2023-03-14T00:00:00.000+10:00,2.508,10,603
2023-03-15T00:00:00.000+10:00,2.069,10,603
2023-03-16T00:00:00.000+10:00,1.999,10,603
2023-03-17T00:00:00.000+10:00,1.950,10,603
2023-03-18T00:00:00.000+10:00,1.917,10,603
2023-03-19T00:00:00.000+10:00,1.893,10,603
2023-03-20T00:00:00.000+10:00,1.873,10,603
2023-03-21T00:00:00.000+10:00,1.913,10,603
2023-03-22T00:00:00.000+10:00,1.999,140,603
2023-03-23T00:00:00.000+10:00,1.931,140,603
2023-03-24T00:00:00.000+10:00,1.910,140,603
2023-03-25T00:00:00.000+10:00,1.891,140,603
2023-03-26T00:00:00.000+10:00,1.889,140,603
2023-03-27T00:00:00.000+10:00,1.879,140,603
2023-03-28T00:00:00.000+10:00,1.956,140,603
2023-03-29T00:00:00.000+10:00,2.031,140,603
2023-03-30T00:00:00.000+10:00,2.016,140,603
2023-03-31T00:00:00.000+10:00,1.962,140,603
2023-04-01T00:00:00.000+10:00,1.933,140,603
2023-04-02T00:00:00.000+10:00,1.917,140,603
2023-04-03T00:00:00.000+10:00,1.945,140,603
2023-04-04T00:00:00.000+10:00,1.935,140,603
2023-04-05T00:00:00.000+10:00,1.908,140,603
2023-04-06T00:00:00.000+10:00,1.897,140,603
2023-04-07T00:00:00.000+10:00,1.892,140,603
2023-04-08T00:00:00.000+10:00,1.908,140,603
2023-04-09T00:00:00.000+10:00,1.881,140,603
2023-04-10T00:00:00.000+10:00,1.868,140,603
2023-04-11T00:00:00.000+10:00,1.859,140,603
2023-04-12T00:00:00.000+10:00,1.851,140,603
2023-04-13T00:00:00.000+10:00,1.844,140,603
2023-04-14T00:00:00.000+10:00,1.837,140,603
2023-04-15T00:00:00.000+10:00,1.831,140,603
2023-04-16T00:00:00.000+10:00,1.826,140,603
2023-04-17T00:00:00.000+10:00,1.821,140,603
2023-04-18T00:00:00.000+10:00,1.815,140,603
2023-04-19T00:00:00.000+10:00,1.812,140,603
2023-04-20T00:00:00.000+10:00,1.807,140,603
2023-04-21T00:00:00.000+10:00,1.808,140,603
2023-04-22T00:00:00.000+10:00,1.803,140,603
2023-04-23T00:00:00.000+10:00,1.836,140,603
2023-04-24T00:00:00.000+10:00,2.044,140,603
2023-04-25T00:00:00.000+10:00,1.938,140,603
2023-04-26T00:00:00.000+10:00,1.903,140,603
2023-04-27T00:00:00.000+10:00,1.894,140,603
2023-04-28T00:00:00.000+10:00,1.896,140,603
2023-04-29T00:00:00.000+10:00,1.880,140,603
2023-04-30T00:00:00.000+10:00,1.870,140,603
2023-05-01T00:00:00.000+10:00,1.859,140,603
2023-05-02T00:00:00.000+10:00,1.850,140,603
2023-05-03T00:00:00.000+10:00,1.843,140,603
2023-05-04T00:00:00.000+10:00,1.835,140,603
2023-05-05T00:00:00.000+10:00,1.828,140,603
2023-05-06T00:00:00.000+10:00,1.823,140,603
2023-05-07T00:00:00.000+10:00,1.818,140,603
2023-05-08T00:00:00.000+10:00,,-1,603
2023-05-09T00:00:00.000+10:00,,-1,603
2023-05-10T00:00:00.000+10:00,1.801,140,603
2023-05-11T00:00:00.000+10:00,1.798,140,603
2023-05-12T00:00:00.000+10:00,1.795,140,603
2023-05-13T00:00:00.000+10:00,1.792,140,603
2023-05-14T00:00:00.000+10:00,1.790,140,603
2023-05-15T00:00:00.000+10:00,1.795,140,603
2023-05-16T00:00:00.000+10:00,1.837,140,603
2023-05-17T00:00:00.000+10:00,1.836,140,603
2023-05-18T00:00:00.000+10:00,1.809,140,603
2023-05-19T00:00:00.000+10:00,1.797,140,603
2023-05-20T00:00:00.000+10:00,1.790,140,603
2023-05-21T00:00:00.000+10:00,1.786,140,603
2023-05-22T00:00:00.000+10:00,1.782,140,603
2023-05-23T00:00:00.000+10:00,1.779,140,603
2023-05-24T00:00:00.000+10:00,1.776,140,603
2023-05-25T00:00:00.000+10:00,1.774,140,603
2023-05-26T00:00:00.000+10:00,1.771,140,603
2023-05-27T00:00:00.000+10:00,1.768,140,603
2023-05-28T00:00:00.000+10:00,1.765,140,603
2023-05-29T00:00:00.000+10:00,1.763,140,603
2023-05-30T00:00:00.000+10:00,1.761,140,603
2023-05-31T00:00:00.000+10:00,1.759,140,603
2023-06-01T00:00:00.000+10:00,1.757,140,603
2023-06-02T00:00:00.000+10:00,1.755,140,603
2023-06-03T00:00:00.000+10:00,1.753,140,603
2023-06-04T00:00:00.000+10:00,1.758,140,603
2023-06-05T00:00:00.000+10:00,1.817,140,603
2023-06-06T00:00:00.000+10:00,1.788,140,603
2023-06-07T00:00:00.000+10:00,1.772,140,603
2023-06-08T00:00:00.000+10:00,1.764,140,603
2023-06-09T00:00:00.000+10:00,1.759,140,603
2023-06-10T00:00:00.000+10:00,1.756,140,603
2023-06-11T00:00:00.000+10:00,1.753,140,603
2023-06-12T00:00:00.000+10:00,1.751,140,603
2023-06-13T00:00:00.000+10:00,1.749,140,603
2023-06-14T00:00:00.000+10:00,1.748,140,603
2023-06-15T00:00:00.000+10:00,1.745,140,603
2023-06-16T00:00:00.000+10:00,1.743,140,603
2023-06-17T00:00:00.000+10:00,1.741,140,603
2023-06-18T00:00:00.000+10:00,1.739,140,603
2023-06-19T00:00:00.000+10:00,1.738,140,603
2023-06-20T00:00:00.000+10:00,1.736,140,603
2023-06-21T00:00:00.000+10:00,1.734,140,603
2023-06-22T00:00:00.000+10:00,1.734,140,603
2023-06-23T00:00:00.000+10:00,1.734,140,603
2023-06-24T00:00:00.000+10:00,1.732,140,603
2023-06-25T00:00:00.000+10:00,1.731,140,603
2023-06-26T00:00:00.000+10:00,1.729,140,603
2023-06-27T00:00:00.000+10:00,1.727,140,603
2023-06-28T00:00:00.000+10:00,1.726,140,603
2023-06-29T00:00:00.000+10:00,1.725,140,603
2023-06-30T00:00:00.000+10:00,1.723,140,603
2023-07-01T00:00:00.000+10:00,1.721,140,603
2023-07-02T00:00:00.000+10:00,1.720,140,603
2023-07-03T00:00:00.000+10:00,1.719,140,603
2023-07-04T00:00:00.000+10:00,1.720,140,603
2023-07-05T00:00:00.000+10:00,1.722,140,603
2023-07-06T00:00:00.000+10:00,1.720,140,603
2023-07-07T00:00:00.000+10:00,1.718,140,603
2023-07-08T00:00:00.000+10:00,1.716,140,603
2023-07-09T00:00:00.000+10:00,1.714,140,603
2023-07-10T00:00:00.000+10:00,1.713,140,603
2023-07-11T00:00:00.000+10:00,1.712,140,603
2023-07-12T00:00:00.000+10:00,1.710,140,603
2023-07-13T00:00:00.000+10:00,1.709,140,603
2023-07-14T00:00:00.000+10:00,1.708,140,603
2023-07-15T00:00:00.000+10:00,1.706,140,603
2023-07-16T00:00:00.000+10:00,1.705,140,603
2023-07-17T00:00:00.000+10:00,1.706,140,603
2023-07-18T00:00:00.000+10:00,1.709,140,603
2023-07-19T00:00:00.000+10:00,1.709,140,603
2023-07-20T00:00:00.000+10:00,1.706,140,603
2023-07-21T00:00:00.000+10:00,1.705,140,603
2023-07-22T00:00:00.000+10:00,1.704,140,603
2023-07-23T00:00:00.000+10:00,1.702,140,603
2023-07-24T00:00:00.000+10:00,1.701,140,603
2023-07-25T00:00:00.000+10:00,1.701,140,603
2023-07-26T00:00:00.000+10:00,1.700,140,603
2023-07-27T00:00:00.000+10:00,1.698,140,603
2023-07-28T00:00:00.000+10:00,1.697,140,603
2023-07-29T00:00:00.000+10:00,1.696,140,603
2023-07-30T00:00:00.000+10:00,1.695,140,603
2023-07-31T00:00:00.000+10:00,1.694,140,603
2023-08-01T00:00:00.000+10:00,1.693,140,603
2023-08-02T00:00:00.000+10:00,1.691,140,603
2023-08-03T00:00:00.000+10:00,1.690,140,603
2023-08-04T00:00:00.000+10:00,1.689,140,603
2023-08-05T00:00:00.000+10:00,1.688,140,603
2023-08-06T00:00:00.000+10:00,1.686,140,603
2023-08-07T00:00:00.000+10:00,1.685,140,603
2023-08-08T00:00:00.000+10:00,1.685,140,603
2023-08-09T00:00:00.000+10:00,1.685,140,603
2023-08-10T00:00:00.000+10:00,1.683,140,603
2023-08-11T00:00:00.000+10:00,1.682,140,603
2023-08-12T00:00:00.000+10:00,1.681,140,603
2023-08-13T00:00:00.000+10:00,,-1,603