#Station Long Name,ORARA RIVER AT BAWDEN BRIDGE
#Station Number,204041
#Station Location Latitude,-29.721692
#Station Location Longitude,152.809934
#Parameter Type Name,Water Course Level
#Timeseries Name,DMQaQc.Merged.DailyMean.24HR
#Unit Name,meter
#DATA_OWNER_NAME,"NSW - Department of Planning, Industry and Environment – Water"
#Rows,23056
#Timestamp,Value,Quality Code,Interpolation Type
1960-06-29T00:00:00.000+10:00,,-1,603
1960-06-30T00:00:00.000+10:00,0.973,90,603
1960-07-01T00:00:00.000+10:00,0.952,90,603
1960-07-02T00:00:00.000+10:00,0.956,90,603
1960-07-03T00:00:00.000+10:00,0.977,90,603
1960-07-04T00:00:00.000+10:00,0.969,90,603
1960-07-05T00:00:00.000+10:00,0.961,90,603
1960-07-06T00:00:00.000+10:00,0.986,90,603
1960-07-07T00:00:00.000+10:00,0.952,90,603
1960-07-08T00:00:00.000+10:00,0.926,90,603
1960-07-09T00:00:00.000+10:00,0.922,90,603
1960-07-10T00:00:00.000+10:00,0.948,90,603
1960-07-11T00:00:00.000+10:00,0.954,90,603
1960-07-12T00:00:00.000+10:00,0.940,90,603
1960-07-13T00:00:00.000+10:00,0.931,90,603
1960-07-14T00:00:00.000+10:00,0.939,90,603
1960-07-15T00:00:00.000+10:00,0.917,90,603
1960-07-16T00:00:00.000+10:00,0.900,90,603
1960-07-17T00:00:00.000+10:00,0.876,90,603
1960-07-18T00:00:00.000+10:00,0.864,90,603
1960-07-19T00:00:00.000+10:00,0.845,90,603
1960-07-20T00:00:00.000+10:00,0.829,90,603
1960-07-21T00:00:00.000+10:00,0.826,90,603
1960-07-22T00:00:00.000+10:00,0.816,90,603
1960-07-23T00:00:00.000+10:00,0.791,90,603
1960-07-24T00:00:00.000+10:00,0.782,90,603
1960-07-25T00:00:00.000+10:00,0.774,90,603
1960-07-26T00:00:00.000+10:00,0.769,90,603
1960-07-27T00:00:00.000+10:00,0.764,90,603
1960-07-28T00:00:00.000+10:00,0.771,90,603
1960-07-29T00:00:00.000+10:00,0.784,90,603
1960-07-30T00:00:00.000+10:00,0.787,90,603
1960-07-31T00:00:00.000+10:00,0.780,90,603
1960-08-01T00:00:00.000+10:00,0.751,90,603
1960-08-02T00:00:00.000+10:00,0.744,90,603
1960-08-03T00:00:00.000+10:00,0.749,90,603
1960-08-04T00:00:00.000+10:00,0.743,90,603
1960-08-05T00:00:00.000+10:00,,-1,603
1960-08-06T00:00:00.000+10:00,,-1,603
1960-08-07T00:00:00.000+10:00,,-1,603
1960-08-08T00:00:00.000+10:00,,-1,603
1960-08-09T00:00:00.000+10:00,,-1,603
1960-08-10T00:00:00.000+10:00,,-1,603
1960-08-11T00:00:00.000+10:00,,-1,603
1960-08-12T00:00:00.000+10:00,,-1,603
1960-08-13T00:00:00.000+10:00,,-1,603
1960-08-14T00:00:00.000+10:00,,-1,603
1960-08-15T00:00:00.000+10:00,,-1,603
1960-08-16T00:00:00.000+10:00,,-1,603
1960-08-17T00:00:00.000+10:00,,-1,603
1960-08-18T00:00:00.000+10:00,,-1,603
1960-08-19T00:00:00.000+10:00,,-1,603
1960-08-20T00:00:00.000+10:00,,-1,603
1960-08-21T00:00:00.000+10:00,,-1,603
1960-08-22T00:00:00.000+10:00,,-1,603
1960-08-23T00:00:00.000+10:00,,-1,603
1960-08-24T00:00:00.000+10:00,0.708,90,603
1960-08-25T00:00:00.000+10:00,0.678,90,603
1960-08-26T00:00:00.000+10:00,0.705,90,603
1960-08-27T00:00:00.000+10:00,0.687,90,603
1960-08-28T00:00:00.000+10:00,0.692,90,603
1960-08-29T00:00:00.000+10:00,0.688,90,603
1960-08-30T00:00:00.000+10:00,0.681,90,603
1960-08-31T00:00:00.000+10:00,0.679,90,603
1960-09-01T00:00:00.000+10:00,0.681,90,603
1960-09-02T00:00:00.000+10:00,0.675,90,603
1960-09-03T00:00:00.000+10:00,0.667,90,603
1960-09-04T00:00:00.000+10:00,0.667,90,603
1960-09-05T00:00:00.000+10:00,0.657,90,603
1960-09-06T00:00:00.000+10:00,0.662,90,603
1960-09-07T00:00:00.000+10:00,0.658,90,603
1960-09-08T00:00:00.000+10:00,0.651,90,603
1960-09-09T00:00:00.000+10:00,0.640,90,603
1960-09-10T00:00:00.000+10:00,0.638,90,603
1960-09-11T00:00:00.000+10:00,0.629,90,603
1960-09-12T00:00:00.000+10:00,0.623,90,603
1960-09-13T00:00:00.000+10:00,0.634,90,603
1960-09-14T00:00:00.000+10:00,0.618,90,603
1960-09-15T00:00:00.000+10:00,0.626,90,603
1960-09-16T00:00:00.000+10:00,0.621,90,603
1960-09-17T00:00:00.000+10:00,0.622,90,603
1960-09-18T00:00:00.000+10:00,0.649,90,603
1960-09-19T00:00:00.000+10:00,0.643,90,603
1960-09-20T00:00:00.000+10:00,0.616,90,603
1960-09-21T00:00:00.000+10:00,0.594,90,603
1960-09-22T00:00:00.000+10:00,0.586,90,603
1960-09-23T00:00:00.000+10:00,0.590,90,603
1960-09-24T00:00:00.000+10:00,0.580,90,603
1960-09-25T00:00:00.000+10:00,0.599,90,603
1960-09-26T00:00:00.000+10:00,0.618,90,603
1960-09-27T00:00:00.000+10:00,0.654,90,603
1960-09-28T00:00:00.000+10:00,0.620,90,603
1960-09-29T00:00:00.000+10:00,0.578,90,603
1960-09-30T00:00:00.000+10:00,0.552,90,603
1960-10-01T00:00:00.000+10:00,0.528,90,603
1960-10-02T00:00:00.000+10:00,0.514,90,603
1960-10-03T00:00:00.000+10:00,0.515,90,603
1960-10-04T00:00:00.000+10:00,0.502,90,603
1960-10-05T00:00:00.000+10:00,0.485,90,603
1960-10-06T00:00:00.000+10:00,0.469,90,603
1960-10-07T00:00:00.000+10:00,0.471,90,603
1960-10-08T00:00:00.000+10:00,0.462,90,603
1960-10-09T00:00:00.000+10:00,0.451,90,603
1960-10-10T00:00:00.000+10:00,0.438,90,603
1960-10-11T00:00:00.000+10:00,0.423,90,603
1960-10-12T00:00:00.000+10:00,0.415,90,603
1960-10-13T00:00:00.000+10:00,0.413,90,603
1960-10-14T00:00:00.000+10:00,0.401,90,603
1960-10-15T00:00:00.000+10:00,0.469,90,603
1960-10-16T00:00:00.000+10:00,0.477,90,603
1960-10-17T00:00:00.000+10:00,0.446,90,603
1960-10-18T00:00:00.000+10:00,0.457,90,603
1960-10-19T00:00:00.000+10:00,0.471,90,603
1960-10-20T00:00:00.000+10:00,0.450,90,603
1960-10-21T00:00:00.000+10:00,0.430,90,603
1960-10-22T00:00:00.000+10:00,0.503,90,603
1960-10-23T00:00:00.000+10:00,0.606,90,603
1960-10-24T00:00:00.000+10:00,0.590,90,603
1960-10-25T00:00:00.000+10:00,0.660,90,603
1960-10-26T00:00:00.000+10:00,0.658,90,603
1960-10-27T00:00:00.000+10:00,0.654,90,603
1960-10-28T00:00:00.000+10:00,0.626,90,603
1960-10-29T00:00:00.000+10:00,0.596,90,603
1960-10-30T00:00:00.000+10:00,0.536,90,603
1960-10-31T00:00:00.000+10:00,0.486,90,603
1960-11-01T00:00:00.000+10:00,0.467,90,603
1960-11-02T00:00:00.000+10:00,0.497,90,603
1960-11-03T00:00:00.000+10:00,0.509,90,603
1960-11-04T00:00:00.000+10:00,0.510,90,603
1960-11-05T00:00:00.000+10:00,0.540,90,603
1960-11-06T00:00:00.000+10:00,0.573,90,603
1960-11-07T00:00:00.000+10:00,0.591,90,603
1960-11-08T00:00:00.000+10:00,0.573,90,603
1960-11-09T00:00:00.000+10:00,0.536,90,603
1960-11-10T00:00:00.000+10:00,0.530,90,603
1960-11-11T00:00:00.000+10:00,0.530,90,603
1960-11-12T00:00:00.000+10:00,0.527,90,603
1960-11-13T00:00:00.000+10:00,0.527,90,603
1960-11-14T00:00:00.000+10:00,0.521,90,603
1960-11-15T00:00:00.000+10:00,0.518,90,603
1960-11-16T00:00:00.000+10:00,0.508,90,603
1960-11-17T00:00:00.000+10:00,0.512,90,603
1960-11-18T00:00:00.000+10:00,0.514,90,603
1960-11-19T00:00:00.000+10:00,0.517,90,603
1960-11-20T00:00:00.000+10:00,0.528,90,603
1960-11-21T00:00:00.000+10:00,0.543,90,603
1960-11-22T00:00:00.000+10:00,0.568,90,603
1960-11-23T00:00:00.000+10:00,0.583,90,603
1960-11-24T00:00:00.000+10:00,0.554,90,603
1960-11-25T00:00:00.000+10:00,0.544,90,603
1960-11-26T00:00:00.000+10:00,0.567,90,603
1960-11-27T00:00:00.000+10:00,0.594,90,603
1960-11-28T00:00:00.000+10:00,0.562,90,603
1960-11-29T00:00:00.000+10:00,0.533,90,603
1960-11-30T00:00:00.000+10:00,0.525,90,603
1960-12-01T00:00:00.000+10:00,0.513,90,603
1960-12-02T00:00:00.000+10:00,0.506,90,603
1960-12-03T00:00:00.000+10:00,0.501,90,603
1960-12-04T00:00:00.000+10:00,0.501,90,603
1960-12-05T00:00:00.000+10:00,0.495,90,603
1960-12-06T00:00:00.000+10:00,0.494,90,603
1960-12-07T00:00:00.000+10:00,0.557,90,603
1960-12-08T00:00:00.000+10:00,0.534,90,603
1960-12-09T00:00:00.000+10:00,0.506,90,603
1960-12-10T00:00:00.000+10:00,0.492,90,603
1960-12-11T00:00:00.000+10:00,0.510,90,603
1960-12-12T00:00:00.000+10:00,0.524,90,603
1960-12-13T00:00:00.000+10:00,0.486,90,603
1960-12-14T00:00:00.000+10:00,0.485,90,603
1960-12-15T00:00:00.000+10:00,0.492,90,603
1960-12-16T00:00:00.000+10:00,0.610,90,603
1960-12-17T00:00:00.000+10:00,0.630,90,603
1960-12-18T00:00:00.000+10:00,0.738,90,603
1960-12-19T00:00:00.000+10:00,0.636,90,603
1960-12-20T00:00:00.000+10:00,0.588,90,603
1960-12-21T00:00:00.000+10:00,0.555,90,603
1960-12-22T00:00:00.000+10:00,0.546,90,603
1960-12-23T00:00:00.000+10:00,0.532,90,603
1960-12-24T00:00:00.000+10:00,0.529,90,603
1960-12-25T00:00:00.000+10:00,0.537,90,603
1960-12-26T00:00:00.000+10:00,0.537,90,603
1960-12-27T00:00:00.000+10:00,0.484,90,603
1960-12-28T00:00:00.000+10:00,0.492,90,603
1960-12-29T00:00:00.000+10:00,0.481,90,603
1960-12-30T00:00:00.000+10:00,0.469,90,603
1960-12-31T00:00:00.000+10:00,0.466,90,603
1961-01-01T00:00:00.000+10:00,0.459,90,603
1961-01-02T00:00:00.000+10:00,0.463,90,603
1961-01-03T00:00:00.000+10:00,0.446,90,603
1961-01-04T00:00:00.000+10:00,0.481,90,603
1961-01-05T00:00:00.000+10:00,0.493,90,603
1961-01-06T00:00:00.000+10:00,0.482,90,603
1961-01-07T00:00:00.000+10:00,0.480,90,603
1961-01-08T00:00:00.000+10:00,0.469,90,603
1961-01-09T00:00:00.000+10:00,0.488,90,603
1961-01-10T00:00:00.000+10:00,0.474,90,603
1961-01-11T00:00:00.000+10:00,0.476,90,603
1961-01-12T00:00:00.000+10:00,0.498,90,603
1961-01-13T00:00:00.000+10:00,0.500,90,603
1961-01-14T00:00:00.000+10:00,0.520,90,603
1961-01-15T00:00:00.000+10:00,0.519,90,603
1961-01-16T00:00:00.000+10:00,0.565,90,603
1961-01-17T00:00:00.000+10:00,0.581,90,603
1961-01-18T00:00:00.000+10:00,0.567,90,603
1961-01-19T00:00:00.000+10:00,0.647,90,603
1961-01-20T00:00:00.000+10:00,0.886,90,603
1961-01-21T00:00:00.000+10:00,0.803,90,603
1961-01-22T00:00:00.000+10:00,0.702,90,603
1961-01-23T00:00:00.000+10:00,0.836,90,603
1961-01-24T00:00:00.000+10:00,0.907,90,603
1961-01-25T00:00:00.000+10:00,0.868,90,603
1961-01-26T00:00:00.000+10:00,0.756,90,603
1961-01-27T00:00:00.000+10:00,0.698,90,603
1961-01-28T00:00:00.000+10:00,0.659,90,603
1961-01-29T00:00:00.000+10:00,0.632,90,603
1961-01-30T00:00:00.000+10:00,0.618,90,603
1961-01-31T00:00:00.000+10:00,0.601,90,603
1961-02-01T00:00:00.000+10:00,0.578,90,603
1961-02-02T00:00:00.000+10:00,0.574,90,603
1961-02-03T00:00:00.000+10:00,0.560,90,603
1961-02-04T00:00:00.000+10:00,0.557,90,603
1961-02-05T00:00:00.000+10:00,0.549,90,603
1961-02-06T00:00:00.000+10:00,0.570,90,603
1961-02-07T00:00:00.000+10:00,0.638,90,603
1961-02-08T00:00:00.000+10:00,0.589,90,603
1961-02-09T00:00:00.000+10:00,0.567,90,603
1961-02-10T00:00:00.000+10:00,0.561,90,603
1961-02-11T00:00:00.000+10:00,0.598,90,603
1961-02-12T00:00:00.000+10:00,0.826,90,603
1961-02-13T00:00:00.000+10:00,0.878,90,603
1961-02-14T00:00:00.000+10:00,0.871,90,603
1961-02-15T00:00:00.000+10:00,0.865,90,603
1961-02-16T00:00:00.000+10:00,0.843,90,603
1961-02-17T00:00:00.000+10:00,0.820,90,603
1961-02-18T00:00:00.000+10:00,0.849,90,603
1961-02-19T00:00:00.000+10:00,1.202,90,603
1961-02-20T00:00:00.000+10:00,5.385,90,603
1961-02-21T00:00:00.000+10:00,4.717,90,603
1961-02-22T00:00:00.000+10:00,4.783,90,603
1961-02-23T00:00:00.000+10:00,2.728,90,603
1961-02-24T00:00:00.000+10:00,1.932,90,603
1961-02-25T00:00:00.000+10:00,1.627,90,603
1961-02-26T00:00:00.000+10:00,1.472,90,603
1961-02-27T00:00:00.000+10:00,1.468,90,603
1961-02-28T00:00:00.000+10:00,1.549,90,603
1961-03-01T00:00:00.000+10:00,1.678,90,603
1961-03-02T00:00:00.000+10:00,1.575,90,603
1961-03-03T00:00:00.000+10:00,1.426,90,603
1961-03-04T00:00:00.000+10:00,1.314,90,603
1961-03-05T00:00:00.000+10:00,1.261,90,603
1961-03-06T00:00:00.000+10:00,1.275,90,603
1961-03-07T00:00:00.000+10:00,1.234,90,603
1961-03-08T00:00:00.000+10:00,1.156,90,603
1961-03-09T00:00:00.000+10:00,1.118,90,603
1961-03-10T00:00:00.000+10:00,1.054,90,603
1961-03-11T00:00:00.000+10:00,1.027,90,603
1961-03-12T00:00:00.000+10:00,0.988,90,603
1961-03-13T00:00:00.000+10:00,0.967,90,603
1961-03-14T00:00:00.000+10:00,1.006,90,603
1961-03-15T00:00:00.000+10:00,1.057,90,603
1961-03-16T00:00:00.000+10:00,1.061,90,603
1961-03-17T00:00:00.000+10:00,1.061,90,603
1961-03-18T00:00:00.000+10:00,1.064,90,603
1961-03-19T00:00:00.000+10:00,1.013,90,603
1961-03-20T00:00:00.000+10:00,1.016,90,603
1961-03-21T00:00:00.000+10:00,1.079,90,603
1961-03-22T00:00:00.000+10:00,1.082,90,603
1961-03-23T00:00:00.000+10:00,1.092,90,603
1961-03-24T00:00:00.000+10:00,1.099,90,603
1961-03-25T00:00:00.000+10:00,1.096,90,603
1961-03-26T00:00:00.000+10:00,1.104,90,603
1961-03-27T00:00:00.000+10:00,1.086,90,603
1961-03-28T00:00:00.000+10:00,1.108,90,603
1961-03-29T00:00:00.000+10:00,1.123,90,603
1961-03-30T00:00:00.000+10:00,1.147,90,603
1961-03-31T00:00:00.000+10:00,1.251,90,603
1961-04-01T00:00:00.000+10:00,1.236,90,603
1961-04-02T00:00:00.000+10:00,1.239,90,603
1961-04-03T00:00:00.000+10:00,1.252,90,603
1961-04-04T00:00:00.000+10:00,1.251,90,603
1961-04-05T00:00:00.000+10:00,1.180,90,603
1961-04-06T00:00:00.000+10:00,1.142,90,603
1961-04-07T00:00:00.000+10:00,1.128,90,603
1961-04-08T00:00:00.000+10:00,1.113,90,603
1961-04-09T00:00:00.000+10:00,1.088,90,603
1961-04-10T00:00:00.000+10:00,1.080,90,603
1961-04-11T00:00:00.000+10:00,1.067,90,603
1961-04-12T00:00:00.000+10:00,1.055,90,603
1961-04-13T00:00:00.000+10:00,1.040,90,603
1961-04-14T00:00:00.000+10:00,1.040,90,603
1961-04-15T00:00:00.000+10:00,1.018,90,603
1961-04-16T00:00:00.000+10:00,0.995,90,603
1961-04-17T00:00:00.000+10:00,0.958,90,603
1961-04-18T00:00:00.000+10:00,0.924,90,603
1961-04-19T00:00:00.000+10:00,0.901,90,603
1961-04-20T00:00:00.000+10:00,0.876,90,603
1961-04-21T00:00:00.000+10:00,0.901,90,603
1961-04-22T00:00:00.000+10:00,0.964,90,603
1961-04-23T00:00:00.000+10:00,1.006,90,603
1961-04-24T00:00:00.000+10:00,1.017,90,603
1961-04-25T00:00:00.000+10:00,1.009,90,603
1961-04-26T00:00:00.000+10:00,0.979,90,603
1961-04-27T00:00:00.000+10:00,0.973,90,603
1961-04-28T00:00:00.000+10:00,0.968,90,603
1961-04-29T00:00:00.000+10:00,0.940,90,603
1961-04-30T00:00:00.000+10:00,0.914,90,603
1961-05-01T00:00:00.000+10:00,0.923,90,603
1961-05-02T00:00:00.000+10:00,0.973,90,603
1961-05-03T00:00:00.000+10:00,0.991,90,603
1961-05-04T00:00:00.000+10:00,0.965,90,603
1961-05-05T00:00:00.000+10:00,0.936,90,603
1961-05-06T00:00:00.000+10:00,0.927,90,603
1961-05-07T00:00:00.000+10:00,0.892,90,603
1961-05-08T00:00:00.000+10:00,0.871,90,603
1961-05-09T00:00:00.000+10:00,0.861,90,603
1961-05-10T00:00:00.000+10:00,0.843,90,603
1961-05-11T00:00:00.000+10:00,0.834,90,603
1961-05-12T00:00:00.000+10:00,0.825,90,603
1961-05-13T00:00:00.000+10:00,0.804,90,603
1961-05-14T00:00:00.000+10:00,0.803,90,603
1961-05-15T00:00:00.000+10:00,0.795,90,603
1961-05-16T00:00:00.000+10:00,0.774,90,603
1961-05-17T00:00:00.000+10:00,0.786,90,603
1961-05-18T00:00:00.000+10:00,0.770,90,603
1961-05-19T00:00:00.000+10:00,0.758,90,603
1961-05-20T00:00:00.000+10:00,0.754,90,603
1961-05-21T00:00:00.000+10:00,0.749,90,603
1961-05-22T00:00:00.000+10:00,0.737,90,603
1961-05-23T00:00:00.000+10:00,0.730,90,603
1961-05-24T00:00:00.000+10:00,0.727,90,603
1961-05-25T00:00:00.000+10:00,0.717,90,603
1961-05-26T00:00:00.000+10:00,0.706,90,603
1961-05-27T00:00:00.000+10:00,0.697,90,603
1961-05-28T00:00:00.000+10:00,0.708,90,603
1961-05-29T00:00:00.000+10:00,0.771,90,603
1961-05-30T00:00:00.000+10:00,0.950,90,603
1961-05-31T00:00:00.000+10:00,1.256,90,603
1961-06-01T00:00:00.000+10:00,1.406,90,603
1961-06-02T00:00:00.000+10:00,1.353,90,603
1961-06-03T00:00:00.000+10:00,1.284,90,603
1961-06-04T00:00:00.000+10:00,1.269,90,603
1961-06-05T00:00:00.000+10:00,1.270,90,603
1961-06-06T00:00:00.000+10:00,1.262,90,603
1961-06-07T00:00:00.000+10:00,1.732,90,603
1961-06-08T00:00:00.000+10:00,2.943,90,603
1961-06-09T00:00:00.000+10:00,2.286,90,603
1961-06-10T00:00:00.000+10:00,1.839,90,603
1961-06-11T00:00:00.000+10:00,1.620,90,603
1961-06-12T00:00:00.000+10:00,1.469,90,603
1961-06-13T00:00:00.000+10:00,1.380,90,603
1961-06-14T00:00:00.000+10:00,1.324,90,603
1961-06-15T00:00:00.000+10:00,1.485,90,603
1961-06-16T00:00:00.000+10:00,1.562,90,603
1961-06-17T00:00:00.000+10:00,1.464,90,603
1961-06-18T00:00:00.000+10:00,1.396,90,603
1961-06-19T00:00:00.000+10:00,1.344,90,603
1961-06-20T00:00:00.000+10:00,1.283,90,603
1961-06-21T00:00:00.000+10:00,1.241,90,603
1961-06-22T00:00:00.000+10:00,1.210,90,603
1961-06-23T00:00:00.000+10:00,1.189,90,603
1961-06-24T00:00:00.000+10:00,1.149,90,603
1961-06-25T00:00:00.000+10:00,1.133,90,603
1961-06-26T00:00:00.000+10:00,1.118,90,603
1961-06-27T00:00:00.000+10:00,1.100,90,603
1961-06-28T00:00:00.000+10:00,1.068,90,603
1961-06-29T00:00:00.000+10:00,1.085,90,603
1961-06-30T00:00:00.000+10:00,1.089,90,603
1961-07-01T00:00:00.000+10:00,1.084,90,603
1961-07-02T00:00:00.000+10:00,1.086,90,603
1961-07-03T00:00:00.000+10:00,1.082,90,603
1961-07-04T00:00:00.000+10:00,1.076,90,603
1961-07-05T00:00:00.000+10:00,1.066,90,603
1961-07-06T00:00:00.000+10:00,1.046,90,603
1961-07-07T00:00:00.000+10:00,1.018,90,603
1961-07-08T00:00:00.000+10:00,0.996,90,603
1961-07-09T00:00:00.000+10:00,0.970,90,603
1961-07-10T00:00:00.000+10:00,0.953,90,603
1961-07-11T00:00:00.000+10:00,0.935,90,603
1961-07-12T00:00:00.000+10:00,0.919,90,603
1961-07-13T00:00:00.000+10:00,0.907,90,603
1961-07-14T00:00:00.000+10:00,0.895,90,603
1961-07-15T00:00:00.000+10:00,0.883,90,603
1961-07-16T00:00:00.000+10:00,0.866,90,603
1961-07-17T00:00:00.000+10:00,0.862,90,603
1961-07-18T00:00:00.000+10:00,0.843,90,603
1961-07-19T00:00:00.000+10:00,0.830,90,603
1961-07-20T00:00:00.000+10:00,0.814,90,603
1961-07-21T00:00:00.000+10:00,0.807,90,603
1961-07-22T00:00:00.000+10:00,0.799,90,603
1961-07-23T00:00:00.000+10:00,0.812,90,603
1961-07-24T00:00:00.000+10:00,0.853,90,603
1961-07-25T00:00:00.000+10:00,0.949,90,603
1961-07-26T00:00:00.000+10:00,1.026,90,603
1961-07-27T00:00:00.000+10:00,1.023,90,603
1961-07-28T00:00:00.000+10:00,1.034,90,603
1961-07-29T00:00:00.000+10:00,0.990,90,603
1961-07-30T00:00:00.000+10:00,0.920,90,603
1961-07-31T00:00:00.000+10:00,0.875,90,603
1961-08-01T00:00:00.000+10:00,0.850,90,603
1961-08-02T00:00:00.000+10:00,0.827,90,603
1961-08-03T00:00:00.000+10:00,0.834,90,603
1961-08-04T00:00:00.000+10:00,0.841,90,603
1961-08-05T00:00:00.000+10:00,0.823,90,603
1961-08-06T00:00:00.000+10:00,0.805,90,603
1961-08-07T00:00:00.000+10:00,0.792,90,603
1961-08-08T00:00:00.000+10:00,0.779,90,603
1961-08-09T00:00:00.000+10:00,0.784,90,603
1961-08-10T00:00:00.000+10:00,0.793,90,603
1961-08-11T00:00:00.000+10:00,0.811,90,603
1961-08-12T00:00:00.000+10:00,0.876,90,603
1961-08-13T00:00:00.000+10:00,1.001,90,603
1961-08-14T00:00:00.000+10:00,1.055,90,603
1961-08-15T00:00:00.000+10:00,1.095,90,603
1961-08-16T00:00:00.000+10:00,1.088,90,603
1961-08-17T00:00:00.000+10:00,1.076,90,603
1961-08-18T00:00:00.000+10:00,1.063,90,603
1961-08-19T00:00:00.000+10:00,1.040,90,603
1961-08-20T00:00:00.000+10:00,1.026,90,603
1961-08-21T00:00:00.000+10:00,0.976,90,603
1961-08-22T00:00:00.000+10:00,0.932,90,603
1961-08-23T00:00:00.000+10:00,0.896,90,603
1961-08-24T00:00:00.000+10:00,0.875,90,603
1961-08-25T00:00:00.000+10:00,0.860,90,603
1961-08-26T00:00:00.000+10:00,0.837,90,603
1961-08-27T00:00:00.000+10:00,0.826,90,603
1961-08-28T00:00:00.000+10:00,0.820,90,603
1961-08-29T00:00:00.000+10:00,0.820,90,603
1961-08-30T00:00:00.000+10:00,0.809,90,603
1961-08-31T00:00:00.000+10:00,0.798,90,603
1961-09-01T00:00:00.000+10:00,0.791,90,603
1961-09-02T00:00:00.000+10:00,0.768,90,603
1961-09-03T00:00:00.000+10:00,0.753,90,603
1961-09-04T00:00:00.000+10:00,0.757,90,603
1961-09-05T00:00:00.000+10:00,0.753,90,603
1961-09-06T00:00:00.000+10:00,0.751,90,603
1961-09-07T00:00:00.000+10:00,0.738,90,603
1961-09-08T00:00:00.000+10:00,0.797,90,603
1961-09-09T00:00:00.000+10:00,1.380,90,603
1961-09-10T00:00:00.000+10:00,2.768,90,603
1961-09-11T00:00:00.000+10:00,2.230,90,603
1961-09-12T00:00:00.000+10:00,1.772,90,603
1961-09-13T00:00:00.000+10:00,1.569,90,603
1961-09-14T00:00:00.000+10:00,1.425,90,603
1961-09-15T00:00:00.000+10:00,1.346,90,603
1961-09-16T00:00:00.000+10:00,1.274,90,603
1961-09-17T00:00:00.000+10:00,1.231,90,603
1961-09-18T00:00:00.000+10:00,1.192,90,603
1961-09-19T00:00:00.000+10:00,1.165,90,603
1961-09-20T00:00:00.000+10:00,1.120,90,603
1961-09-21T00:00:00.000+10:00,1.133,90,603
1961-09-22T00:00:00.000+10:00,1.144,90,603
1961-09-23T00:00:00.000+10:00,1.142,90,603
1961-09-24T00:00:00.000+10:00,1.125,90,603
1961-09-25T00:00:00.000+10:00,1.103,90,603
1961-09-26T00:00:00.000+10:00,1.087,90,603
1961-09-27T00:00:00.000+10:00,1.069,90,603
1961-09-28T00:00:00.000+10:00,1.051,90,603
1961-09-29T00:00:00.000+10:00,1.042,90,603
1961-09-30T00:00:00.000+10:00,1.013,90,603
1961-10-01T00:00:00.000+10:00,0.994,90,603
1961-10-02T00:00:00.000+10:00,0.972,90,603
1961-10-03T00:00:00.000+10:00,0.954,90,603
1961-10-04T00:00:00.000+10:00,0.938,90,603
1961-10-05T00:00:00.000+10:00,0.927,90,603
1961-10-06T00:00:00.000+10:00,0.936,90,603
1961-10-07T00:00:00.000+10:00,1.013,90,603
1961-10-08T00:00:00.000+10:00,1.048,90,603
1961-10-09T00:00:00.000+10:00,1.074,90,603
1961-10-10T00:00:00.000+10:00,1.087,90,603
1961-10-11T00:00:00.000+10:00,1.114,90,603
1961-10-12T00:00:00.000+10:00,1.109,90,603
1961-10-13T00:00:00.000+10:00,1.085,90,603
1961-10-14T00:00:00.000+10:00,1.063,90,603
1961-10-15T00:00:00.000+10:00,1.042,90,603
1961-10-16T00:00:00.000+10:00,1.076,90,603
1961-10-17T00:00:00.000+10:00,1.655,90,603
1961-10-18T00:00:00.000+10:00,1.585,90,603
1961-10-19T00:00:00.000+10:00,1.764,90,603
1961-10-20T00:00:00.000+10:00,1.638,90,603
1961-10-21T00:00:00.000+10:00,1.490,90,603
1961-10-22T00:00:00.000+10:00,1.358,90,603
1961-10-23T00:00:00.000+10:00,1.299,90,603
1961-10-24T00:00:00.000+10:00,1.298,90,603
1961-10-25T00:00:00.000+10:00,1.548,90,603
1961-10-26T00:00:00.000+10:00,1.804,90,603
1961-10-27T00:00:00.000+10:00,1.570,90,603
1961-10-28T00:00:00.000+10:00,1.397,90,603
1961-10-29T00:00:00.000+10:00,1.295,90,603
1961-10-30T00:00:00.000+10:00,1.241,90,603
1961-10-31T00:00:00.000+10:00,1.206,90,603
1961-11-01T00:00:00.000+10:00,1.175,90,603
1961-11-02T00:00:00.000+10:00,1.141,90,603
1961-11-03T00:00:00.000+10:00,1.105,90,603
1961-11-04T00:00:00.000+10:00,1.089,90,603
1961-11-05T00:00:00.000+10:00,1.072,90,603
1961-11-06T00:00:00.000+10:00,1.064,90,603
1961-11-07T00:00:00.000+10:00,1.053,90,603
1961-11-08T00:00:00.000+10:00,1.040,90,603
1961-11-09T00:00:00.000+10:00,1.019,90,603
1961-11-10T00:00:00.000+10:00,1.013,90,603
1961-11-11T00:00:00.000+10:00,1.071,90,603
1961-11-12T00:00:00.000+10:00,1.130,90,603
1961-11-13T00:00:00.000+10:00,1.075,90,603
1961-11-14T00:00:00.000+10:00,1.056,90,603
1961-11-15T00:00:00.000+10:00,1.034,90,603
1961-11-16T00:00:00.000+10:00,0.995,90,603
1961-11-17T00:00:00.000+10:00,0.986,90,603
1961-11-18T00:00:00.000+10:00,1.486,90,603
1961-11-19T00:00:00.000+10:00,1.546,90,603
1961-11-20T00:00:00.000+10:00,1.541,90,603
1961-11-21T00:00:00.000+10:00,1.538,90,603
1961-11-22T00:00:00.000+10:00,1.534,90,603
1961-11-23T00:00:00.000+10:00,1.921,90,603
1961-11-24T00:00:00.000+10:00,1.729,90,603
1961-11-25T00:00:00.000+10:00,1.670,90,603
1961-11-26T00:00:00.000+10:00,1.663,90,603
1961-11-27T00:00:00.000+10:00,1.496,90,603
1961-11-28T00:00:00.000+10:00,1.375,90,603
1961-11-29T00:00:00.000+10:00,1.272,90,603
1961-11-30T00:00:00.000+10:00,1.237,90,603
1961-12-01T00:00:00.000+10:00,1.258,90,603
1961-12-02T00:00:00.000+10:00,1.301,90,603
1961-12-03T00:00:00.000+10:00,1.345,90,603
1961-12-04T00:00:00.000+10:00,1.494,90,603
1961-12-05T00:00:00.000+10:00,1.472,90,603
1961-12-06T00:00:00.000+10:00,1.386,90,603
1961-12-07T00:00:00.000+10:00,1.301,90,603
1961-12-08T00:00:00.000+10:00,1.250,90,603
1961-12-09T00:00:00.000+10:00,1.178,90,603
1961-12-10T00:00:00.000+10:00,1.146,90,603
1961-12-11T00:00:00.000+10:00,1.123,90,603
1961-12-12T00:00:00.000+10:00,1.165,90,603
1961-12-13T00:00:00.000+10:00,1.333,90,603
1961-12-14T00:00:00.000+10:00,1.461,90,603
1961-12-15T00:00:00.000+10:00,2.518,90,603
1961-12-16T00:00:00.000+10:00,5.555,90,603
1961-12-17T00:00:00.000+10:00,6.406,90,603
1961-12-18T00:00:00.000+10:00,5.906,90,603
1961-12-19T00:00:00.000+10:00,4.635,90,603
1961-12-20T00:00:00.000+10:00,4.620,90,603
1961-12-21T00:00:00.000+10:00,3.576,90,603
1961-12-22T00:00:00.000+10:00,2.672,90,603
1961-12-23T00:00:00.000+10:00,2.191,90,603
1961-12-24T00:00:00.000+10:00,1.940,90,603
1961-12-25T00:00:00.000+10:00,1.796,90,603
1961-12-26T00:00:00.000+10:00,1.671,90,603
1961-12-27T00:00:00.000+10:00,1.573,90,603
1961-12-28T00:00:00.000+10:00,1.484,90,603
1961-12-29T00:00:00.000+10:00,1.432,90,603
1961-12-30T00:00:00.000+10:00,1.382,90,603
1961-12-31T00:00:00.000+10:00,1.352,90,603
1962-01-01T00:00:00.000+10:00,1.776,90,603
1962-01-02T00:00:00.000+10:00,1.519,90,603
1962-01-03T00:00:00.000+10:00,1.373,90,603
1962-01-04T00:00:00.000+10:00,1.446,90,603
1962-01-05T00:00:00.000+10:00,1.430,90,603
1962-01-06T00:00:00.000+10:00,1.363,90,603
1962-01-07T00:00:00.000+10:00,1.513,90,603
1962-01-08T00:00:00.000+10:00,2.538,90,603
1962-01-09T00:00:00.000+10:00,5.498,90,603
1962-01-10T00:00:00.000+10:00,7.054,90,603
1962-01-11T00:00:00.000+10:00,7.766,90,603
1962-01-12T00:00:00.000+10:00,7.029,90,603
1962-01-13T00:00:00.000+10:00,5.883,90,603
1962-01-14T00:00:00.000+10:00,4.758,90,603
1962-01-15T00:00:00.000+10:00,3.717,90,603
1962-01-16T00:00:00.000+10:00,3.042,90,603
1962-01-17T00:00:00.000+10:00,2.713,90,603
1962-01-18T00:00:00.000+10:00,2.653,90,603
1962-01-19T00:00:00.000+10:00,2.517,90,603
1962-01-20T00:00:00.000+10:00,2.247,90,603
1962-01-21T00:00:00.000+10:00,2.007,90,603
1962-01-22T00:00:00.000+10:00,1.837,90,603
1962-01-23T00:00:00.000+10:00,1.718,90,603
1962-01-24T00:00:00.000+10:00,1.645,90,603
1962-01-25T00:00:00.000+10:00,1.645,90,603
1962-01-26T00:00:00.000+10:00,1.648,90,603
1962-01-27T00:00:00.000+10:00,1.634,90,603
1962-01-28T00:00:00.000+10:00,1.584,90,603
1962-01-29T00:00:00.000+10:00,1.529,90,603
1962-01-30T00:00:00.000+10:00,1.566,90,603
1962-01-31T00:00:00.000+10:00,1.520,90,603
1962-02-01T00:00:00.000+10:00,1.476,90,603
1962-02-02T00:00:00.000+10:00,1.476,90,603
1962-02-03T00:00:00.000+10:00,1.563,90,603
1962-02-04T00:00:00.000+10:00,1.549,90,603
1962-02-05T00:00:00.000+10:00,1.472,90,603
1962-02-06T00:00:00.000+10:00,1.523,90,603
1962-02-07T00:00:00.000+10:00,1.976,90,603
1962-02-08T00:00:00.000+10:00,2.052,90,603
1962-02-09T00:00:00.000+10:00,1.736,90,603
1962-02-10T00:00:00.000+10:00,1.643,90,603
1962-02-11T00:00:00.000+10:00,1.546,90,603
1962-02-12T00:00:00.000+10:00,1.479,90,603
1962-02-13T00:00:00.000+10:00,1.512,90,603
1962-02-14T00:00:00.000+10:00,1.475,90,603
1962-02-15T00:00:00.000+10:00,1.403,90,603
1962-02-16T00:00:00.000+10:00,1.348,90,603
1962-02-17T00:00:00.000+10:00,1.304,90,603
1962-02-18T00:00:00.000+10:00,1.325,90,603
1962-02-19T00:00:00.000+10:00,1.287,90,603
1962-02-20T00:00:00.000+10:00,1.341,90,603
1962-02-21T00:00:00.000+10:00,1.319,90,603
1962-02-22T00:00:00.000+10:00,1.280,90,603
1962-02-23T00:00:00.000+10:00,1.285,90,603
1962-02-24T00:00:00.000+10:00,1.257,90,603
1962-02-25T00:00:00.000+10:00,1.219,90,603
1962-02-26T00:00:00.000+10:00,1.192,90,603
1962-02-27T00:00:00.000+10:00,1.166,90,603
1962-02-28T00:00:00.000+10:00,1.154,90,603
1962-03-01T00:00:00.000+10:00,1.138,90,603
1962-03-02T00:00:00.000+10:00,1.129,90,603
1962-03-03T00:00:00.000+10:00,1.126,90,603
1962-03-04T00:00:00.000+10:00,1.115,90,603
1962-03-05T00:00:00.000+10:00,1.107,90,603
1962-03-06T00:00:00.000+10:00,1.106,90,603
1962-03-07T00:00:00.000+10:00,1.114,90,603
1962-03-08T00:00:00.000+10:00,1.153,90,603
1962-03-09T00:00:00.000+10:00,1.223,90,603
1962-03-10T00:00:00.000+10:00,1.308,90,603
1962-03-11T00:00:00.000+10:00,1.324,90,603
1962-03-12T00:00:00.000+10:00,1.410,90,603
1962-03-13T00:00:00.000+10:00,2.405,90,603
1962-03-14T00:00:00.000+10:00,4.404,90,603
1962-03-15T00:00:00.000+10:00,4.210,90,603
1962-03-16T00:00:00.000+10:00,3.169,90,603
1962-03-17T00:00:00.000+10:00,2.732,90,603
1962-03-18T00:00:00.000+10:00,2.330,90,603
1962-03-19T00:00:00.000+10:00,2.052,90,603
1962-03-20T00:00:00.000+10:00,1.851,90,603
1962-03-21T00:00:00.000+10:00,1.714,90,603
1962-03-22T00:00:00.000+10:00,1.614,90,603
1962-03-23T00:00:00.000+10:00,1.541,90,603
1962-03-24T00:00:00.000+10:00,1.488,90,603
1962-03-25T00:00:00.000+10:00,1.452,90,603
1962-03-26T00:00:00.000+10:00,1.452,90,603
1962-03-27T00:00:00.000+10:00,1.508,90,603
1962-03-28T00:00:00.000+10:00,1.537,90,603
1962-03-29T00:00:00.000+10:00,1.491,90,603
1962-03-30T00:00:00.000+10:00,1.468,90,603
1962-03-31T00:00:00.000+10:00,1.407,90,603
1962-04-01T00:00:00.000+10:00,1.372,90,603
1962-04-02T00:00:00.000+10:00,1.353,90,603
1962-04-03T00:00:00.000+10:00,1.351,90,603
1962-04-04T00:00:00.000+10:00,1.502,90,603
1962-04-05T00:00:00.000+10:00,1.759,90,603
1962-04-06T00:00:00.000+10:00,2.098,90,603
1962-04-07T00:00:00.000+10:00,7.095,90,603
1962-04-08T00:00:00.000+10:00,16.619,90,603
1962-04-09T00:00:00.000+10:00,19.330,90,603
1962-04-10T00:00:00.000+10:00,14.404,90,603
1962-04-11T00:00:00.000+10:00,9.623,110,603
1962-04-12T00:00:00.000+10:00,5.657,110,603
1962-04-13T00:00:00.000+10:00,3.434,90,603
1962-04-14T00:00:00.000+10:00,2.815,90,603
1962-04-15T00:00:00.000+10:00,2.580,90,603
1962-04-16T00:00:00.000+10:00,2.390,90,603
1962-04-17T00:00:00.000+10:00,2.204,90,603
1962-04-18T00:00:00.000+10:00,2.065,90,603
1962-04-19T00:00:00.000+10:00,1.967,90,603
1962-04-20T00:00:00.000+10:00,1.888,90,603
1962-04-21T00:00:00.000+10:00,1.819,90,603
1962-04-22T00:00:00.000+10:00,1.755,90,603
1962-04-23T00:00:00.000+10:00,1.718,90,603
1962-04-24T00:00:00.000+10:00,1.684,90,603
1962-04-25T00:00:00.000+10:00,1.662,90,603
1962-04-26T00:00:00.000+10:00,1.620,90,603
1962-04-27T00:00:00.000+10:00,1.579,90,603
1962-04-28T00:00:00.000+10:00,1.537,90,603
1962-04-29T00:00:00.000+10:00,1.508,90,603
1962-04-30T00:00:00.000+10:00,1.480,90,603
1962-05-01T00:00:00.000+10:00,1.453,90,603
1962-05-02T00:00:00.000+10:00,1.427,90,603
1962-05-03T00:00:00.000+10:00,1.405,90,603
1962-05-04T00:00:00.000+10:00,1.386,90,603
1962-05-05T00:00:00.000+10:00,1.368,90,603
1962-05-06T00:00:00.000+10:00,1.354,90,603
1962-05-07T00:00:00.000+10:00,1.348,90,603
1962-05-08T00:00:00.000+10:00,1.331,90,603
1962-05-09T00:00:00.000+10:00,1.316,90,603
1962-05-10T00:00:00.000+10:00,1.303,90,603
1962-05-11T00:00:00.000+10:00,1.335,90,603
1962-05-12T00:00:00.000+10:00,1.664,90,603
1962-05-13T00:00:00.000+10:00,3.331,90,603
1962-05-14T00:00:00.000+10:00,4.138,90,603
1962-05-15T00:00:00.000+10:00,3.297,90,603
1962-05-16T00:00:00.000+10:00,2.471,90,603
1962-05-17T00:00:00.000+10:00,2.105,90,603
1962-05-18T00:00:00.000+10:00,1.888,90,603
1962-05-19T00:00:00.000+10:00,1.743,90,603
1962-05-20T00:00:00.000+10:00,1.642,90,603
1962-05-21T00:00:00.000+10:00,1.586,90,603
1962-05-22T00:00:00.000+10:00,1.542,90,603
1962-05-23T00:00:00.000+10:00,1.517,90,603
1962-05-24T00:00:00.000+10:00,1.501,90,603
1962-05-25T00:00:00.000+10:00,1.485,90,603
1962-05-26T00:00:00.000+10:00,1.445,90,603
1962-05-27T00:00:00.000+10:00,1.409,90,603
1962-05-28T00:00:00.000+10:00,1.393,90,603
1962-05-29T00:00:00.000+10:00,1.372,90,603
1962-05-30T00:00:00.000+10:00,1.359,90,603
1962-05-31T00:00:00.000+10:00,1.347,90,603
1962-06-01T00:00:00.000+10:00,1.322,90,603
1962-06-02T00:00:00.000+10:00,1.307,90,603
1962-06-03T00:00:00.000+10:00,1.295,90,603
1962-06-04T00:00:00.000+10:00,1.282,90,603
1962-06-05T00:00:00.000+10:00,1.271,90,603
1962-06-06T00:00:00.000+10:00,1.259,90,603
1962-06-07T00:00:00.000+10:00,1.244,90,603
1962-06-08T00:00:00.000+10:00,1.236,90,603
1962-06-09T00:00:00.000+10:00,1.225,90,603
1962-06-10T00:00:00.000+10:00,1.216,90,603
1962-06-11T00:00:00.000+10:00,1.211,90,603
1962-06-12T00:00:00.000+10:00,1.198,90,603
1962-06-13T00:00:00.000+10:00,1.193,90,603
1962-06-14T00:00:00.000+10:00,1.191,90,603
1962-06-15T00:00:00.000+10:00,1.183,90,603
1962-06-16T00:00:00.000+10:00,1.182,90,603
1962-06-17T00:00:00.000+10:00,1.168,90,603
1962-06-18T00:00:00.000+10:00,1.162,90,603
1962-06-19T00:00:00.000+10:00,1.152,90,603
1962-06-20T00:00:00.000+10:00,1.142,90,603
1962-06-21T00:00:00.000+10:00,1.029,90,603
1962-06-22T00:00:00.000+10:00,1.133,90,603
1962-06-23T00:00:00.000+10:00,1.123,90,603
1962-06-24T00:00:00.000+10:00,1.120,90,603
1962-06-25T00:00:00.000+10:00,1.110,90,603
1962-06-26T00:00:00.000+10:00,1.113,90,603
1962-06-27T00:00:00.000+10:00,1.107,90,603
1962-06-28T00:00:00.000+10:00,1.094,90,603
1962-06-29T00:00:00.000+10:00,1.088,90,603
1962-06-30T00:00:00.000+10:00,1.070,90,603
1962-07-01T00:00:00.000+10:00,1.081,90,603
1962-07-02T00:00:00.000+10:00,1.080,90,603
1962-07-03T00:00:00.000+10:00,1.069,90,603
1962-07-04T00:00:00.000+10:00,1.041,90,603
1962-07-05T00:00:00.000+10:00,1.015,90,603
1962-07-06T00:00:00.000+10:00,0.988,90,603
1962-07-07T00:00:00.000+10:00,0.972,90,603
1962-07-08T00:00:00.000+10:00,0.967,90,603
1962-07-09T00:00:00.000+10:00,1.374,90,603
1962-07-10T00:00:00.000+10:00,5.018,90,603
1962-07-11T00:00:00.000+10:00,12.255,90,603
1962-07-12T00:00:00.000+10:00,15.814,90,603
1962-07-13T00:00:00.000+10:00,12.785,90,603
1962-07-14T00:00:00.000+10:00,8.422,90,603
1962-07-15T00:00:00.000+10:00,4.469,90,603
1962-07-16T00:00:00.000+10:00,2.868,90,603
1962-07-17T00:00:00.000+10:00,2.448,90,603
1962-07-18T00:00:00.000+10:00,2.210,90,603
1962-07-19T00:00:00.000+10:00,2.048,90,603
1962-07-20T00:00:00.000+10:00,1.928,90,603
1962-07-21T00:00:00.000+10:00,1.825,90,603
1962-07-22T00:00:00.000+10:00,1.759,90,603
1962-07-23T00:00:00.000+10:00,1.696,90,603
1962-07-24T00:00:00.000+10:00,1.638,90,603
1962-07-25T00:00:00.000+10:00,1.596,90,603
1962-07-26T00:00:00.000+10:00,1.583,90,603
1962-07-27T00:00:00.000+10:00,1.542,90,603
1962-07-28T00:00:00.000+10:00,1.490,90,603
1962-07-29T00:00:00.000+10:00,1.449,90,603
1962-07-30T00:00:00.000+10:00,1.416,90,603
1962-07-31T00:00:00.000+10:00,1.386,90,603
1962-08-01T00:00:00.000+10:00,1.372,90,603
1962-08-02T00:00:00.000+10:00,1.348,90,603
1962-08-03T00:00:00.000+10:00,1.327,90,603
1962-08-04T00:00:00.000+10:00,1.305,90,603
1962-08-05T00:00:00.000+10:00,1.293,90,603
1962-08-06T00:00:00.000+10:00,1.294,90,603
1962-08-07T00:00:00.000+10:00,1.328,90,603
1962-08-08T00:00:00.000+10:00,1.384,90,603
1962-08-09T00:00:00.000+10:00,1.402,90,603
1962-08-10T00:00:00.000+10:00,1.371,90,603
1962-08-11T00:00:00.000+10:00,1.324,90,603
1962-08-12T00:00:00.000+10:00,1.333,90,603
1962-08-13T00:00:00.000+10:00,1.868,90,603
1962-08-14T00:00:00.000+10:00,4.501,90,603
1962-08-15T00:00:00.000+10:00,4.648,90,603
1962-08-16T00:00:00.000+10:00,4.196,90,603
1962-08-17T00:00:00.000+10:00,3.148,90,603
1962-08-18T00:00:00.000+10:00,2.375,90,603
1962-08-19T00:00:00.000+10:00,2.059,90,603
1962-08-20T00:00:00.000+10:00,2.003,90,603
1962-08-21T00:00:00.000+10:00,1.823,90,603
1962-08-22T00:00:00.000+10:00,1.702,90,603
1962-08-23T00:00:00.000+10:00,1.598,90,603
1962-08-24T00:00:00.000+10:00,1.519,90,603
1962-08-25T00:00:00.000+10:00,1.461,90,603
1962-08-26T00:00:00.000+10:00,1.417,90,603
1962-08-27T00:00:00.000+10:00,1.377,90,603
1962-08-28T00:00:00.000+10:00,1.345,90,603
1962-08-29T00:00:00.000+10:00,1.325,90,603
1962-08-30T00:00:00.000+10:00,1.297,90,603
1962-08-31T00:00:00.000+10:00,1.267,90,603
1962-09-01T00:00:00.000+10:00,1.247,90,603
1962-09-02T00:00:00.000+10:00,1.229,90,603
1962-09-03T00:00:00.000+10:00,1.217,90,603
1962-09-04T00:00:00.000+10:00,1.206,90,603
1962-09-05T00:00:00.000+10:00,1.204,90,603
1962-09-06T00:00:00.000+10:00,1.184,90,603
1962-09-07T00:00:00.000+10:00,1.165,90,603
1962-09-08T00:00:00.000+10:00,1.165,90,603
1962-09-09T00:00:00.000+10:00,1.154,90,603
1962-09-10T00:00:00.000+10:00,1.149,90,603
1962-09-11T00:00:00.000+10:00,1.145,90,603
1962-09-12T00:00:00.000+10:00,1.147,90,603
1962-09-13T00:00:00.000+10:00,1.133,90,603
1962-09-14T00:00:00.000+10:00,1.136,90,603
1962-09-15T00:00:00.000+10:00,1.158,90,603
1962-09-16T00:00:00.000+10:00,1.405,90,603
1962-09-17T00:00:00.000+10:00,1.232,90,603
1962-09-18T00:00:00.000+10:00,1.203,90,603
1962-09-19T00:00:00.000+10:00,1.193,90,603
1962-09-20T00:00:00.000+10:00,1.166,90,603
1962-09-21T00:00:00.000+10:00,1.183,90,603
1962-09-22T00:00:00.000+10:00,1.230,90,603
1962-09-23T00:00:00.000+10:00,1.200,90,603
1962-09-24T00:00:00.000+10:00,1.181,90,603
1962-09-25T00:00:00.000+10:00,1.170,90,603
1962-09-26T00:00:00.000+10:00,1.159,90,603
1962-09-27T00:00:00.000+10:00,1.130,90,603
1962-09-28T00:00:00.000+10:00,1.104,90,603
1962-09-29T00:00:00.000+10:00,1.076,90,603
1962-09-30T00:00:00.000+10:00,1.069,90,603
1962-10-01T00:00:00.000+10:00,1.059,90,603
1962-10-02T00:00:00.000+10:00,1.042,90,603
1962-10-03T00:00:00.000+10:00,1.032,90,603
1962-10-04T00:00:00.000+10:00,1.031,90,603
1962-10-05T00:00:00.000+10:00,1.031,90,603
1962-10-06T00:00:00.000+10:00,1.028,90,603
1962-10-07T00:00:00.000+10:00,1.020,90,603
1962-10-08T00:00:00.000+10:00,1.013,90,603
1962-10-09T00:00:00.000+10:00,1.007,90,603
1962-10-10T00:00:00.000+10:00,1.004,90,603
1962-10-11T00:00:00.000+10:00,1.000,90,603
1962-10-12T00:00:00.000+10:00,0.996,90,603
1962-10-13T00:00:00.000+10:00,0.991,90,603
1962-10-14T00:00:00.000+10:00,0.985,90,603
1962-10-15T00:00:00.000+10:00,0.980,90,603
1962-10-16T00:00:00.000+10:00,0.974,90,603
1962-10-17T00:00:00.000+10:00,0.969,90,603
1962-10-18T00:00:00.000+10:00,0.965,90,603
1962-10-19T00:00:00.000+10:00,1.048,90,603
1962-10-20T00:00:00.000+10:00,0.963,90,603
1962-10-21T00:00:00.000+10:00,0.961,90,603
1962-10-22T00:00:00.000+10:00,0.960,90,603
1962-10-23T00:00:00.000+10:00,0.960,90,603
1962-10-24T00:00:00.000+10:00,0.958,90,603
1962-10-25T00:00:00.000+10:00,0.953,90,603
1962-10-26T00:00:00.000+10:00,0.950,90,603
1962-10-27T00:00:00.000+10:00,0.944,90,603
1962-10-28T00:00:00.000+10:00,0.942,90,603
1962-10-29T00:00:00.000+10:00,0.938,90,603
1962-10-30T00:00:00.000+10:00,0.935,90,603
1962-10-31T00:00:00.000+10:00,0.930,90,603
1962-11-01T00:00:00.000+10:00,,-1,603
1962-11-02T00:00:00.000+10:00,,-1,603
1962-11-03T00:00:00.000+10:00,,-1,603
1962-11-04T00:00:00.000+10:00,,-1,603
1962-11-05T00:00:00.000+10:00,,-1,603
1962-11-06T00:00:00.000+10:00,,-1,603
1962-11-07T00:00:00.000+10:00,,-1,603
1962-11-08T00:00:00.000+10:00,,-1,603
1962-11-09T00:00:00.000+10:00,,-1,603
1962-11-10T00:00:00.000+10:00,,-1,603
1962-11-11T00:00:00.000+10:00,,-1,603
1962-11-12T00:00:00.000+10:00,,-1,603
1962-11-13T00:00:00.000+10:00,,-1,603
1962-11-14T00:00:00.000+10:00,,-1,603
1962-11-15T00:00:00.000+10:00,,-1,603
1962-11-16T00:00:00.000+10:00,,-1,603
1962-11-17T00:00:00.000+10:00,,-1,603
1962-11-18T00:00:00.000+10:00,,-1,603
1962-11-19T00:00:00.000+10:00,,-1,603
1962-11-20T00:00:00.000+10:00,,-1,603
1962-11-21T00:00:00.000+10:00,,-1,603
1962-11-22T00:00:00.000+10:00,,-1,603
1962-11-23T00:00:00.000+10:00,,-1,603
1962-11-24T00:00:00.000+10:00,,-1,603
1962-11-25T00:00:00.000+10:00,,-1,603
1962-11-26T00:00:00.000+10:00,,-1,603
1962-11-27T00:00:00.000+10:00,,-1,603
1962-11-28T00:00:00.000+10:00,,-1,603
1962-11-29T00:00:00.000+10:00,,-1,603
1962-11-30T00:00:00.000+10:00,,-1,603
1962-12-01T00:00:00.000+10:00,,-1,603
1962-12-02T00:00:00.000+10:00,,-1,603
1962-12-03T00:00:00.000+10:00,,-1,603
1962-12-04T00:00:00.000+10:00,,-1,603
1962-12-05T00:00:00.000+10:00,,-1,603
1962-12-06T00:00:00.000+10:00,,-1,603
1962-12-07T00:00:00.000+10:00,,-1,603
1962-12-08T00:00:00.000+10:00,,-1,603
1962-12-09T00:00:00.000+10:00,,-1,603
1962-12-10T00:00:00.000+10:00,,-1,603
1962-12-11T00:00:00.000+10:00,,-1,603
1962-12-12T00:00:00.000+10:00,,-1,603
1962-12-13T00:00:00.000+10:00,,-1,603
1962-12-14T00:00:00.000+10:00,,-1,603
1962-12-15T00:00:00.000+10:00,,-1,603
1962-12-16T00:00:00.000+10:00,,-1,603
1962-12-17T00:00:00.000+10:00,,-1,603
1962-12-18T00:00:00.000+10:00,,-1,603
1962-12-19T00:00:00.000+10:00,,-1,603
1962-12-20T00:00:00.000+10:00,,-1,603
1962-12-21T00:00:00.000+10:00,,-1,603
1962-12-22T00:00:00.000+10:00,,-1,603
1962-12-23T00:00:00.000+10:00,,-1,603
1962-12-24T00:00:00.000+10:00,,-1,603
1962-12-25T00:00:00.000+10:00,1.613,90,603
1962-12-26T00:00:00.000+10:00,1.880,90,603
1962-12-27T00:00:00.000+10:00,2.813,90,603
1962-12-28T00:00:00.000+10:00,5.320,90,603
1962-12-29T00:00:00.000+10:00,5.254,90,603
1962-12-30T00:00:00.000+10:00,5.272,90,603
1962-12-31T00:00:00.000+10:00,5.850,90,603
1963-01-01T00:00:00.000+10:00,,-1,603
1963-01-02T00:00:00.000+10:00,,-1,603
1963-01-03T00:00:00.000+10:00,,-1,603
1963-01-04T00:00:00.000+10:00,,-1,603
1963-01-05T00:00:00.000+10:00,,-1,603
1963-01-06T00:00:00.000+10:00,,-1,603
1963-01-07T00:00:00.000+10:00,,-1,603
1963-01-08T00:00:00.000+10:00,,-1,603
1963-01-09T00:00:00.000+10:00,,-1,603
1963-01-10T00:00:00.000+10:00,,-1,603
1963-01-11T00:00:00.000+10:00,,-1,603
1963-01-12T00:00:00.000+10:00,,-1,603
1963-01-13T00:00:00.000+10:00,,-1,603
1963-01-14T00:00:00.000+10:00,,-1,603
1963-01-15T00:00:00.000+10:00,,-1,603
1963-01-16T00:00:00.000+10:00,,-1,603
1963-01-17T00:00:00.000+10:00,,-1,603
1963-01-18T00:00:00.000+10:00,,-1,603
1963-01-19T00:00:00.000+10:00,,-1,603
1963-01-20T00:00:00.000+10:00,,-1,603
1963-01-21T00:00:00.000+10:00,,-1,603
1963-01-22T00:00:00.000+10:00,,-1,603
1963-01-23T00:00:00.000+10:00,,-1,603
1963-01-24T00:00:00.000+10:00,,-1,603
1963-01-25T00:00:00.000+10:00,,-1,603
1963-01-26T00:00:00.000+10:00,,-1,603
1963-01-27T00:00:00.000+10:00,,-1,603
1963-01-28T00:00:00.000+10:00,,-1,603
1963-01-29T00:00:00.000+10:00,,-1,603
1963-01-30T00:00:00.000+10:00,,-1,603
1963-01-31T00:00:00.000+10:00,,-1,603
1963-02-01T00:00:00.000+10:00,,-1,603
1963-02-02T00:00:00.000+10:00,,-1,603
1963-02-03T00:00:00.000+10:00,,-1,603
1963-02-04T00:00:00.000+10:00,,-1,603
1963-02-05T00:00:00.000+10:00,,-1,603
1963-02-06T00:00:00.000+10:00,,-1,603
1963-02-07T00:00:00.000+10:00,,-1,603
1963-02-08T00:00:00.000+10:00,,-1,603
1963-02-09T00:00:00.000+10:00,,-1,603
1963-02-10T00:00:00.000+10:00,,-1,603
1963-02-11T00:00:00.000+10:00,,-1,603
1963-02-12T00:00:00.000+10:00,,-1,603
1963-02-13T00:00:00.000+10:00,,-1,603
1963-02-14T00:00:00.000+10:00,,-1,603
1963-02-15T00:00:00.000+10:00,,-1,603
1963-02-16T00:00:00.000+10:00,,-1,603
1963-02-17T00:00:00.000+10:00,,-1,603
1963-02-18T00:00:00.000+10:00,,-1,603
1963-02-19T00:00:00.000+10:00,,-1,603
1963-02-20T00:00:00.000+10:00,,-1,603
1963-02-21T00:00:00.000+10:00,,-1,603
1963-02-22T00:00:00.000+10:00,,-1,603
1963-02-23T00:00:00.000+10:00,,-1,603
1963-02-24T00:00:00.000+10:00,,-1,603
1963-02-25T00:00:00.000+10:00,,-1,603
1963-02-26T00:00:00.000+10:00,,-1,603
1963-02-27T00:00:00.000+10:00,,-1,603
1963-02-28T00:00:00.000+10:00,,-1,603
1963-03-01T00:00:00.000+10:00,,-1,603
1963-03-02T00:00:00.000+10:00,,-1,603
1963-03-03T00:00:00.000+10:00,,-1,603
1963-03-04T00:00:00.000+10:00,,-1,603
1963-03-05T00:00:00.000+10:00,,-1,603
1963-03-06T00:00:00.000+10:00,,-1,603
1963-03-07T00:00:00.000+10:00,,-1,603
1963-03-08T00:00:00.000+10:00,,-1,603
1963-03-09T00:00:00.000+10:00,,-1,603
1963-03-10T00:00:00.000+10:00,,-1,603
1963-03-11T00:00:00.000+10:00,,-1,603
1963-03-12T00:00:00.000+10:00,,-1,603
1963-03-13T00:00:00.000+10:00,,-1,603
1963-03-14T00:00:00.000+10:00,,-1,603
1963-03-15T00:00:00.000+10:00,,-1,603
1963-03-16T00:00:00.000+10:00,3.007,90,603
1963-03-17T00:00:00.000+10:00,2.444,90,603
1963-03-18T00:00:00.000+10:00,2.744,90,603
1963-03-19T00:00:00.000+10:00,3.271,90,603
1963-03-20T00:00:00.000+10:00,2.850,90,603
1963-03-21T00:00:00.000+10:00,2.715,90,603
1963-03-22T00:00:00.000+10:00,2.562,90,603
1963-03-23T00:00:00.000+10:00,2.586,90,603
1963-03-24T00:00:00.000+10:00,2.358,90,603
1963-03-25T00:00:00.000+10:00,2.143,90,603
1963-03-26T00:00:00.000+10:00,1.973,90,603
1963-03-27T00:00:00.000+10:00,1.852,90,603
1963-03-28T00:00:00.000+10:00,2.289,90,603
1963-03-29T00:00:00.000+10:00,3.439,90,603
1963-03-30T00:00:00.000+10:00,3.760,90,603
1963-03-31T00:00:00.000+10:00,3.295,90,603
1963-04-01T00:00:00.000+10:00,2.596,90,603
1963-04-02T00:00:00.000+10:00,2.200,90,603
1963-04-03T00:00:00.000+10:00,1.992,90,603
1963-04-04T00:00:00.000+10:00,1.860,90,603
1963-04-05T00:00:00.000+10:00,1.885,90,603
1963-04-06T00:00:00.000+10:00,1.859,90,603
1963-04-07T00:00:00.000+10:00,1.724,90,603
1963-04-08T00:00:00.000+10:00,1.627,90,603
1963-04-09T00:00:00.000+10:00,1.557,90,603
1963-04-10T00:00:00.000+10:00,1.502,90,603
1963-04-11T00:00:00.000+10:00,1.490,90,603
1963-04-12T00:00:00.000+10:00,1.469,90,603
1963-04-13T00:00:00.000+10:00,1.465,90,603
1963-04-14T00:00:00.000+10:00,1.430,90,603
1963-04-15T00:00:00.000+10:00,1.392,90,603
1963-04-16T00:00:00.000+10:00,1.354,90,603
1963-04-17T00:00:00.000+10:00,1.325,90,603
1963-04-18T00:00:00.000+10:00,1.293,90,603
1963-04-19T00:00:00.000+10:00,1.288,90,603
1963-04-20T00:00:00.000+10:00,1.281,90,603
1963-04-21T00:00:00.000+10:00,1.286,90,603
1963-04-22T00:00:00.000+10:00,1.292,90,603
1963-04-23T00:00:00.000+10:00,1.274,90,603
1963-04-24T00:00:00.000+10:00,1.301,90,603
1963-04-25T00:00:00.000+10:00,1.718,90,603
1963-04-26T00:00:00.000+10:00,2.718,90,603
1963-04-27T00:00:00.000+10:00,5.646,90,603
1963-04-28T00:00:00.000+10:00,15.160,90,603
1963-04-29T00:00:00.000+10:00,17.916,90,603
1963-04-30T00:00:00.000+10:00,13.381,90,603
1963-05-01T00:00:00.000+10:00,9.064,90,603
1963-05-02T00:00:00.000+10:00,5.636,90,603
1963-05-03T00:00:00.000+10:00,3.577,90,603
1963-05-04T00:00:00.000+10:00,2.922,90,603
1963-05-05T00:00:00.000+10:00,2.622,90,603
1963-05-06T00:00:00.000+10:00,3.180,90,603
1963-05-07T00:00:00.000+10:00,8.419,90,603
1963-05-08T00:00:00.000+10:00,17.397,90,603
1963-05-09T00:00:00.000+10:00,20.198,90,603
1963-05-10T00:00:00.000+10:00,15.812,90,603
1963-05-11T00:00:00.000+10:00,12.388,90,603
1963-05-12T00:00:00.000+10:00,10.331,90,603
1963-05-13T00:00:00.000+10:00,7.586,90,603
1963-05-14T00:00:00.000+10:00,5.156,90,603
1963-05-15T00:00:00.000+10:00,5.916,90,603
1963-05-16T00:00:00.000+10:00,6.174,90,603
1963-05-17T00:00:00.000+10:00,4.884,90,603
1963-05-18T00:00:00.000+10:00,3.653,90,603
1963-05-19T00:00:00.000+10:00,3.119,90,603
1963-05-20T00:00:00.000+10:00,3.481,90,603
1963-05-21T00:00:00.000+10:00,3.653,90,603
1963-05-22T00:00:00.000+10:00,3.041,90,603
1963-05-23T00:00:00.000+10:00,2.611,90,603
1963-05-24T00:00:00.000+10:00,2.386,90,603
1963-05-25T00:00:00.000+10:00,2.236,90,603
1963-05-26T00:00:00.000+10:00,2.133,90,603
1963-05-27T00:00:00.000+10:00,2.053,90,603
1963-05-28T00:00:00.000+10:00,1.976,90,603
1963-05-29T00:00:00.000+10:00,1.918,90,603
1963-05-30T00:00:00.000+10:00,1.873,90,603
1963-05-31T00:00:00.000+10:00,1.839,90,603
1963-06-01T00:00:00.000+10:00,1.795,90,603
1963-06-02T00:00:00.000+10:00,1.752,90,603
1963-06-03T00:00:00.000+10:00,1.716,90,603
1963-06-04T00:00:00.000+10:00,1.684,90,603
1963-06-05T00:00:00.000+10:00,1.651,90,603
1963-06-06T00:00:00.000+10:00,1.613,90,603
1963-06-07T00:00:00.000+10:00,1.584,90,603
1963-06-08T00:00:00.000+10:00,1.562,90,603
1963-06-09T00:00:00.000+10:00,1.533,90,603
1963-06-10T00:00:00.000+10:00,1.511,90,603
1963-06-11T00:00:00.000+10:00,1.487,90,603
1963-06-12T00:00:00.000+10:00,1.468,90,603
1963-06-13T00:00:00.000+10:00,1.445,90,603
1963-06-14T00:00:00.000+10:00,1.452,90,603
1963-06-15T00:00:00.000+10:00,1.482,90,603
1963-06-16T00:00:00.000+10:00,1.556,90,603
1963-06-17T00:00:00.000+10:00,1.591,90,603
1963-06-18T00:00:00.000+10:00,1.533,90,603
1963-06-19T00:00:00.000+10:00,1.475,90,603
1963-06-20T00:00:00.000+10:00,1.437,90,603
1963-06-21T00:00:00.000+10:00,1.414,90,603
1963-06-22T00:00:00.000+10:00,1.390,90,603
1963-06-23T00:00:00.000+10:00,1.377,90,603
1963-06-24T00:00:00.000+10:00,1.378,90,603
1963-06-25T00:00:00.000+10:00,1.367,90,603
1963-06-26T00:00:00.000+10:00,1.351,90,603
1963-06-27T00:00:00.000+10:00,1.520,90,603
1963-06-28T00:00:00.000+10:00,2.139,90,603
1963-06-29T00:00:00.000+10:00,2.854,90,603
1963-06-30T00:00:00.000+10:00,2.266,90,603
1963-07-01T00:00:00.000+10:00,1.951,90,603
1963-07-02T00:00:00.000+10:00,1.772,90,603
1963-07-03T00:00:00.000+10:00,1.650,90,603
1963-07-04T00:00:00.000+10:00,1.563,90,603
1963-07-05T00:00:00.000+10:00,1.500,90,603
1963-07-06T00:00:00.000+10:00,1.457,90,603
1963-07-07T00:00:00.000+10:00,1.423,90,603
1963-07-08T00:00:00.000+10:00,1.396,90,603
1963-07-09T00:00:00.000+10:00,1.363,90,603
1963-07-10T00:00:00.000+10:00,1.343,90,603
1963-07-11T00:00:00.000+10:00,1.320,90,603
1963-07-12T00:00:00.000+10:00,1.302,90,603
1963-07-13T00:00:00.000+10:00,1.291,90,603
1963-07-14T00:00:00.000+10:00,1.280,90,603
1963-07-15T00:00:00.000+10:00,1.269,90,603
1963-07-16T00:00:00.000+10:00,1.258,90,603
1963-07-17T00:00:00.000+10:00,1.252,90,603
1963-07-18T00:00:00.000+10:00,1.250,90,603
1963-07-19T00:00:00.000+10:00,1.247,90,603
1963-07-20T00:00:00.000+10:00,1.250,90,603
1963-07-21T00:00:00.000+10:00,1.247,90,603
1963-07-22T00:00:00.000+10:00,1.244,90,603
1963-07-23T00:00:00.000+10:00,1.246,90,603
1963-07-24T00:00:00.000+10:00,1.238,90,603
1963-07-25T00:00:00.000+10:00,1.226,90,603
1963-07-26T00:00:00.000+10:00,1.219,90,603
1963-07-27T00:00:00.000+10:00,1.214,90,603
1963-07-28T00:00:00.000+10:00,1.208,90,603
1963-07-29T00:00:00.000+10:00,1.201,90,603
1963-07-30T00:00:00.000+10:00,1.196,90,603
1963-07-31T00:00:00.000+10:00,1.190,90,603
1963-08-01T00:00:00.000+10:00,1.188,90,603
1963-08-02T00:00:00.000+10:00,1.179,90,603
1963-08-03T00:00:00.000+10:00,1.166,90,603
1963-08-04T00:00:00.000+10:00,1.160,90,603
1963-08-05T00:00:00.000+10:00,1.156,90,603
1963-08-06T00:00:00.000+10:00,1.150,90,603
1963-08-07T00:00:00.000+10:00,1.141,90,603
1963-08-08T00:00:00.000+10:00,1.133,90,603
1963-08-09T00:00:00.000+10:00,1.131,90,603
1963-08-10T00:00:00.000+10:00,1.128,90,603
1963-08-11T00:00:00.000+10:00,1.124,90,603
1963-08-12T00:00:00.000+10:00,1.115,90,603
1963-08-13T00:00:00.000+10:00,1.114,90,603
1963-08-14T00:00:00.000+10:00,1.114,90,603
1963-08-15T00:00:00.000+10:00,1.111,90,603
1963-08-16T00:00:00.000+10:00,1.108,90,603
1963-08-17T00:00:00.000+10:00,1.104,90,603
1963-08-18T00:00:00.000+10:00,1.105,90,603
1963-08-19T00:00:00.000+10:00,1.104,90,603
1963-08-20T00:00:00.000+10:00,1.101,90,603
1963-08-21T00:00:00.000+10:00,1.095,90,603
1963-08-22T00:00:00.000+10:00,1.094,90,603
1963-08-23T00:00:00.000+10:00,1.092,90,603
1963-08-24T00:00:00.000+10:00,1.092,90,603
1963-08-25T00:00:00.000+10:00,1.086,90,603
1963-08-26T00:00:00.000+10:00,1.080,90,603
1963-08-27T00:00:00.000+10:00,1.079,90,603
1963-08-28T00:00:00.000+10:00,1.079,90,603
1963-08-29T00:00:00.000+10:00,1.074,90,603
1963-08-30T00:00:00.000+10:00,1.065,90,603
1963-08-31T00:00:00.000+10:00,1.063,90,603
1963-09-01T00:00:00.000+10:00,1.057,90,603
1963-09-02T00:00:00.000+10:00,1.052,90,603
1963-09-03T00:00:00.000+10:00,1.045,90,603
1963-09-04T00:00:00.000+10:00,1.038,90,603
1963-09-05T00:00:00.000+10:00,1.034,90,603
1963-09-06T00:00:00.000+10:00,1.027,90,603
1963-09-07T00:00:00.000+10:00,1.027,90,603
1963-09-08T00:00:00.000+10:00,1.025,90,603
1963-09-09T00:00:00.000+10:00,1.022,90,603
1963-09-10T00:00:00.000+10:00,,-1,603
1963-09-11T00:00:00.000+10:00,,-1,603
1963-09-12T00:00:00.000+10:00,,-1,603
1963-09-13T00:00:00.000+10:00,,-1,603
1963-09-14T00:00:00.000+10:00,,-1,603
1963-09-15T00:00:00.000+10:00,,-1,603
1963-09-16T00:00:00.000+10:00,,-1,603
1963-09-17T00:00:00.000+10:00,,-1,603
1963-09-18T00:00:00.000+10:00,,-1,603
1963-09-19T00:00:00.000+10:00,,-1,603
1963-09-20T00:00:00.000+10:00,,-1,603
1963-09-21T00:00:00.000+10:00,,-1,603
1963-09-22T00:00:00.000+10:00,,-1,603
1963-09-23T00:00:00.000+10:00,,-1,603
1963-09-24T00:00:00.000+10:00,,-1,603
1963-09-25T00:00:00.000+10:00,,-1,603
1963-09-26T00:00:00.000+10:00,,-1,603
1963-09-27T00:00:00.000+10:00,,-1,603
1963-09-28T00:00:00.000+10:00,,-1,603
1963-09-29T00:00:00.000+10:00,,-1,603
1963-09-30T00:00:00.000+10:00,,-1,603
1963-10-01T00:00:00.000+10:00,,-1,603
1963-10-02T00:00:00.000+10:00,,-1,603
1963-10-03T00:00:00.000+10:00,,-1,603
1963-10-04T00:00:00.000+10:00,,-1,603
1963-10-05T00:00:00.000+10:00,,-1,603
1963-10-06T00:00:00.000+10:00,,-1,603
1963-10-07T00:00:00.000+10:00,,-1,603
1963-10-08T00:00:00.000+10:00,,-1,603
1963-10-09T00:00:00.000+10:00,,-1,603
1963-10-10T00:00:00.000+10:00,,-1,603
1963-10-11T00:00:00.000+10:00,,-1,603
1963-10-12T00:00:00.000+10:00,,-1,603
1963-10-13T00:00:00.000+10:00,,-1,603
1963-10-14T00:00:00.000+10:00,,-1,603
1963-10-15T00:00:00.000+10:00,,-1,603
1963-10-16T00:00:00.000+10:00,,-1,603
1963-10-17T00:00:00.000+10:00,,-1,603
1963-10-18T00:00:00.000+10:00,,-1,603
1963-10-19T00:00:00.000+10:00,,-1,603
1963-10-20T00:00:00.000+10:00,,-1,603
1963-10-21T00:00:00.000+10:00,,-1,603
1963-10-22T00:00:00.000+10:00,,-1,603
1963-10-23T00:00:00.000+10:00,,-1,603
1963-10-24T00:00:00.000+10:00,,-1,603
1963-10-25T00:00:00.000+10:00,,-1,603
1963-10-26T00:00:00.000+10:00,,-1,603
1963-10-27T00:00:00.000+10:00,,-1,603
1963-10-28T00:00:00.000+10:00,,-1,603
1963-10-29T00:00:00.000+10:00,,-1,603
1963-10-30T00:00:00.000+10:00,1.063,90,603
1963-10-31T00:00:00.000+10:00,1.090,90,603
1963-11-01T00:00:00.000+10:00,1.922,90,603
1963-11-02T00:00:00.000+10:00,1.259,90,603
1963-11-03T00:00:00.000+10:00,,-1,603
1963-11-04T00:00:00.000+10:00,,-1,603
1963-11-05T00:00:00.000+10:00,,-1,603
1963-11-06T00:00:00.000+10:00,,-1,603
1963-11-07T00:00:00.000+10:00,,-1,603
1963-11-08T00:00:00.000+10:00,,-1,603
1963-11-09T00:00:00.000+10:00,,-1,603
1963-11-10T00:00:00.000+10:00,,-1,603
1963-11-11T00:00:00.000+10:00,,-1,603
1963-11-12T00:00:00.000+10:00,,-1,603
1963-11-13T00:00:00.000+10:00,,-1,603
1963-11-14T00:00:00.000+10:00,,-1,603
1963-11-15T00:00:00.000+10:00,,-1,603
1963-11-16T00:00:00.000+10:00,,-1,603
1963-11-17T00:00:00.000+10:00,,-1,603
1963-11-18T00:00:00.000+10:00,,-1,603
1963-11-19T00:00:00.000+10:00,,-1,603
1963-11-20T00:00:00.000+10:00,,-1,603
1963-11-21T00:00:00.000+10:00,,-1,603
1963-11-22T00:00:00.000+10:00,,-1,603
1963-11-23T00:00:00.000+10:00,,-1,603
1963-11-24T00:00:00.000+10:00,,-1,603
1963-11-25T00:00:00.000+10:00,,-1,603
1963-11-26T00:00:00.000+10:00,1.184,90,603
1963-11-27T00:00:00.000+10:00,1.211,90,603
1963-11-28T00:00:00.000+10:00,1.217,90,603
1963-11-29T00:00:00.000+10:00,1.206,90,603
1963-11-30T00:00:00.000+10:00,1.177,90,603
1963-12-01T00:00:00.000+10:00,1.165,90,603
1963-12-02T00:00:00.000+10:00,1.150,90,603
1963-12-03T00:00:00.000+10:00,1.134,90,603
1963-12-04T00:00:00.000+10:00,1.128,90,603
1963-12-05T00:00:00.000+10:00,1.117,90,603
1963-12-06T00:00:00.000+10:00,1.106,90,603
1963-12-07T00:00:00.000+10:00,1.106,90,603
1963-12-08T00:00:00.000+10:00,1.222,90,603
1963-12-09T00:00:00.000+10:00,2.275,90,603
1963-12-10T00:00:00.000+10:00,2.541,90,603
1963-12-11T00:00:00.000+10:00,2.159,90,603
1963-12-12T00:00:00.000+10:00,2.063,90,603
1963-12-13T00:00:00.000+10:00,1.883,90,603
1963-12-14T00:00:00.000+10:00,2.129,90,603
1963-12-15T00:00:00.000+10:00,2.241,90,603
1963-12-16T00:00:00.000+10:00,2.285,90,603
1963-12-17T00:00:00.000+10:00,2.036,90,603
1963-12-18T00:00:00.000+10:00,2.210,90,603
1963-12-19T00:00:00.000+10:00,2.185,90,603
1963-12-20T00:00:00.000+10:00,2.173,90,603
1963-12-21T00:00:00.000+10:00,1.886,90,603
1963-12-22T00:00:00.000+10:00,1.668,90,603
1963-12-23T00:00:00.000+10:00,1.527,90,603
1963-12-24T00:00:00.000+10:00,1.424,90,603
1963-12-25T00:00:00.000+10:00,1.347,90,603
1963-12-26T00:00:00.000+10:00,1.289,90,603
1963-12-27T00:00:00.000+10:00,1.239,90,603
1963-12-28T00:00:00.000+10:00,1.200,90,603
1963-12-29T00:00:00.000+10:00,1.166,90,603
1963-12-30T00:00:00.000+10:00,1.145,90,603
1963-12-31T00:00:00.000+10:00,1.127,90,603
1964-01-01T00:00:00.000+10:00,1.100,90,603
1964-01-02T00:00:00.000+10:00,1.096,90,603
1964-01-03T00:00:00.000+10:00,1.021,90,603
1964-01-04T00:00:00.000+10:00,1.052,90,603
1964-01-05T00:00:00.000+10:00,1.318,90,603
1964-01-06T00:00:00.000+10:00,1.182,90,603
1964-01-07T00:00:00.000+10:00,1.112,90,603
1964-01-08T00:00:00.000+10:00,1.047,90,603
1964-01-09T00:00:00.000+10:00,1.064,90,603
1964-01-10T00:00:00.000+10:00,1.046,90,603
1964-01-11T00:00:00.000+10:00,1.030,90,603
1964-01-12T00:00:00.000+10:00,1.029,90,603
1964-01-13T00:00:00.000+10:00,1.053,90,603
1964-01-14T00:00:00.000+10:00,1.089,90,603
1964-01-15T00:00:00.000+10:00,1.145,90,603
1964-01-16T00:00:00.000+10:00,1.155,90,603
1964-01-17T00:00:00.000+10:00,1.180,90,603
1964-01-18T00:00:00.000+10:00,1.162,90,603
1964-01-19T00:00:00.000+10:00,1.121,90,603
1964-01-20T00:00:00.000+10:00,1.092,90,603
1964-01-21T00:00:00.000+10:00,1.076,90,603
1964-01-22T00:00:00.000+10:00,1.062,90,603
1964-01-23T00:00:00.000+10:00,1.051,90,603
1964-01-24T00:00:00.000+10:00,1.042,90,603
1964-01-25T00:00:00.000+10:00,1.034,90,603
1964-01-26T00:00:00.000+10:00,1.033,90,603
1964-01-27T00:00:00.000+10:00,1.066,90,603
1964-01-28T00:00:00.000+10:00,1.065,90,603
1964-01-29T00:00:00.000+10:00,1.049,90,603
1964-01-30T00:00:00.000+10:00,1.067,90,603
1964-01-31T00:00:00.000+10:00,1.078,90,603
1964-02-01T00:00:00.000+10:00,1.080,90,603
1964-02-02T00:00:00.000+10:00,1.077,90,603
1964-02-03T00:00:00.000+10:00,1.075,90,603
1964-02-04T00:00:00.000+10:00,1.073,90,603
1964-02-05T00:00:00.000+10:00,1.070,90,603
1964-02-06T00:00:00.000+10:00,1.049,90,603
1964-02-07T00:00:00.000+10:00,1.063,90,603
1964-02-08T00:00:00.000+10:00,1.064,90,603
1964-02-09T00:00:00.000+10:00,1.103,90,603
1964-02-10T00:00:00.000+10:00,1.134,90,603
1964-02-11T00:00:00.000+10:00,1.134,90,603
1964-02-12T00:00:00.000+10:00,1.203,90,603
1964-02-13T00:00:00.000+10:00,1.119,90,603
1964-02-14T00:00:00.000+10:00,1.084,90,603
1964-02-15T00:00:00.000+10:00,1.069,90,603
1964-02-16T00:00:00.000+10:00,1.074,90,603
1964-02-17T00:00:00.000+10:00,1.087,90,603
1964-02-18T00:00:00.000+10:00,1.074,90,603
1964-02-19T00:00:00.000+10:00,1.070,90,603
1964-02-20T00:00:00.000+10:00,1.184,90,603
1964-02-21T00:00:00.000+10:00,2.097,90,603
1964-02-22T00:00:00.000+10:00,3.547,90,603
1964-02-23T00:00:00.000+10:00,4.363,90,603
1964-02-24T00:00:00.000+10:00,4.137,90,603
1964-02-25T00:00:00.000+10:00,2.793,90,603
1964-02-26T00:00:00.000+10:00,2.288,90,603
1964-02-27T00:00:00.000+10:00,1.945,90,603
1964-02-28T00:00:00.000+10:00,2.016,90,603
1964-02-29T00:00:00.000+10:00,1.710,90,603
1964-03-01T00:00:00.000+10:00,1.593,90,603
1964-03-02T00:00:00.000+10:00,1.518,90,603
1964-03-03T00:00:00.000+10:00,1.445,90,603
1964-03-04T00:00:00.000+10:00,1.410,90,603
1964-03-05T00:00:00.000+10:00,1.369,90,603
1964-03-06T00:00:00.000+10:00,1.366,90,603
1964-03-07T00:00:00.000+10:00,1.698,90,603
1964-03-08T00:00:00.000+10:00,1.863,90,603
1964-03-09T00:00:00.000+10:00,9.024,90,603
1964-03-10T00:00:00.000+10:00,13.708,90,603
1964-03-11T00:00:00.000+10:00,14.943,90,603
1964-03-12T00:00:00.000+10:00,9.969,90,603
1964-03-13T00:00:00.000+10:00,5.365,90,603
1964-03-14T00:00:00.000+10:00,3.024,90,603
1964-03-15T00:00:00.000+10:00,2.549,90,603
1964-03-16T00:00:00.000+10:00,2.492,90,603
1964-03-17T00:00:00.000+10:00,2.991,90,603
1964-03-18T00:00:00.000+10:00,2.594,90,603
1964-03-19T00:00:00.000+10:00,2.275,90,603
1964-03-20T00:00:00.000+10:00,2.067,90,603
1964-03-21T00:00:00.000+10:00,1.918,90,603
1964-03-22T00:00:00.000+10:00,1.826,90,603
1964-03-23T00:00:00.000+10:00,1.757,90,603
1964-03-24T00:00:00.000+10:00,1.680,90,603
1964-03-25T00:00:00.000+10:00,1.632,90,603
1964-03-26T00:00:00.000+10:00,1.583,90,603
1964-03-27T00:00:00.000+10:00,1.556,90,603
1964-03-28T00:00:00.000+10:00,1.649,90,603
1964-03-29T00:00:00.000+10:00,1.858,90,603
1964-03-30T00:00:00.000+10:00,1.935,90,603
1964-03-31T00:00:00.000+10:00,1.866,90,603
1964-04-01T00:00:00.000+10:00,1.782,90,603
1964-04-02T00:00:00.000+10:00,1.755,90,603
1964-04-03T00:00:00.000+10:00,1.761,90,603
1964-04-04T00:00:00.000+10:00,1.783,90,603
1964-04-05T00:00:00.000+10:00,1.739,90,603
1964-04-06T00:00:00.000+10:00,1.801,90,603
1964-04-07T00:00:00.000+10:00,2.352,90,603
1964-04-08T00:00:00.000+10:00,2.220,90,603
1964-04-09T00:00:00.000+10:00,1.963,90,603
1964-04-10T00:00:00.000+10:00,1.803,90,603
1964-04-11T00:00:00.000+10:00,1.696,90,603
1964-04-12T00:00:00.000+10:00,1.609,90,603
1964-04-13T00:00:00.000+10:00,1.546,90,603
1964-04-14T00:00:00.000+10:00,1.497,90,603
1964-04-15T00:00:00.000+10:00,1.461,90,603
1964-04-16T00:00:00.000+10:00,1.437,90,603
1964-04-17T00:00:00.000+10:00,1.420,90,603
1964-04-18T00:00:00.000+10:00,1.415,90,603
1964-04-19T00:00:00.000+10:00,1.448,90,603
1964-04-20T00:00:00.000+10:00,1.442,90,603
1964-04-21T00:00:00.000+10:00,1.689,90,603
1964-04-22T00:00:00.000+10:00,3.040,90,603
1964-04-23T00:00:00.000+10:00,7.324,90,603
1964-04-24T00:00:00.000+10:00,7.849,90,603
1964-04-25T00:00:00.000+10:00,6.883,90,603
1964-04-26T00:00:00.000+10:00,4.131,90,603
1964-04-27T00:00:00.000+10:00,2.803,90,603
1964-04-28T00:00:00.000+10:00,2.399,90,603
1964-04-29T00:00:00.000+10:00,2.179,90,603
1964-04-30T00:00:00.000+10:00,2.033,90,603
1964-05-01T00:00:00.000+10:00,1.921,90,603
1964-05-02T00:00:00.000+10:00,1.838,90,603
1964-05-03T00:00:00.000+10:00,1.770,90,603
1964-05-04T00:00:00.000+10:00,1.735,90,603
1964-05-05T00:00:00.000+10:00,1.729,90,603
1964-05-06T00:00:00.000+10:00,1.695,90,603
1964-05-07T00:00:00.000+10:00,1.636,90,603
1964-05-08T00:00:00.000+10:00,1.591,90,603
1964-05-09T00:00:00.000+10:00,1.549,90,603
1964-05-10T00:00:00.000+10:00,1.513,90,603
1964-05-11T00:00:00.000+10:00,1.488,90,603
1964-05-12T00:00:00.000+10:00,1.738,90,603
1964-05-13T00:00:00.000+10:00,2.018,90,603
1964-05-14T00:00:00.000+10:00,1.792,90,603
1964-05-15T00:00:00.000+10:00,1.667,90,603
1964-05-16T00:00:00.000+10:00,1.582,90,603
1964-05-17T00:00:00.000+10:00,1.509,90,603
1964-05-18T00:00:00.000+10:00,1.463,90,603
1964-05-19T00:00:00.000+10:00,1.423,90,603
1964-05-20T00:00:00.000+10:00,1.394,90,603
1964-05-21T00:00:00.000+10:00,1.377,90,603
1964-05-22T00:00:00.000+10:00,1.357,90,603
1964-05-23T00:00:00.000+10:00,1.328,90,603
1964-05-24T00:00:00.000+10:00,1.305,90,603
1964-05-25T00:00:00.000+10:00,1.295,90,603
1964-05-26T00:00:00.000+10:00,1.265,90,603
1964-05-27T00:00:00.000+10:00,1.245,90,603
1964-05-28T00:00:00.000+10:00,1.240,90,603
1964-05-29T00:00:00.000+10:00,1.229,90,603
1964-05-30T00:00:00.000+10:00,1.220,90,603
1964-05-31T00:00:00.000+10:00,1.251,90,603
1964-06-01T00:00:00.000+10:00,1.276,90,603
1964-06-02T00:00:00.000+10:00,1.260,90,603
1964-06-03T00:00:00.000+10:00,1.233,90,603
1964-06-04T00:00:00.000+10:00,1.215,90,603
1964-06-05T00:00:00.000+10:00,1.190,90,603
1964-06-06T00:00:00.000+10:00,1.179,90,603
1964-06-07T00:00:00.000+10:00,1.171,90,603
1964-06-08T00:00:00.000+10:00,1.159,90,603
1964-06-09T00:00:00.000+10:00,1.149,90,603
1964-06-10T00:00:00.000+10:00,1.138,90,603
1964-06-11T00:00:00.000+10:00,1.137,90,603
1964-06-12T00:00:00.000+10:00,1.137,90,603
1964-06-13T00:00:00.000+10:00,1.129,110,603
1964-06-14T00:00:00.000+10:00,1.126,110,603
1964-06-15T00:00:00.000+10:00,1.121,110,603
1964-06-16T00:00:00.000+10:00,1.118,110,603
1964-06-17T00:00:00.000+10:00,1.113,110,603
1964-06-18T00:00:00.000+10:00,1.109,110,603
1964-06-19T00:00:00.000+10:00,1.104,110,603
1964-06-20T00:00:00.000+10:00,1.113,110,603
1964-06-21T00:00:00.000+10:00,1.108,110,603
1964-06-22T00:00:00.000+10:00,1.107,110,603
1964-06-23T00:00:00.000+10:00,1.100,110,603
1964-06-24T00:00:00.000+10:00,1.100,110,603
1964-06-25T00:00:00.000+10:00,1.098,110,603
1964-06-26T00:00:00.000+10:00,1.098,110,603
1964-06-27T00:00:00.000+10:00,1.097,110,603
1964-06-28T00:00:00.000+10:00,1.095,110,603
1964-06-29T00:00:00.000+10:00,1.093,110,603
1964-06-30T00:00:00.000+10:00,1.093,110,603
1964-07-01T00:00:00.000+10:00,1.095,110,603
1964-07-02T00:00:00.000+10:00,1.094,110,603
1964-07-03T00:00:00.000+10:00,1.094,110,603
1964-07-04T00:00:00.000+10:00,1.089,110,603
1964-07-05T00:00:00.000+10:00,1.086,110,603
1964-07-06T00:00:00.000+10:00,1.089,110,603
1964-07-07T00:00:00.000+10:00,,-1,603
1964-07-08T00:00:00.000+10:00,,-1,603
1964-07-09T00:00:00.000+10:00,1.054,110,603
1964-07-10T00:00:00.000+10:00,1.043,110,603
1964-07-11T00:00:00.000+10:00,1.044,110,603
1964-07-12T00:00:00.000+10:00,1.042,110,603
1964-07-13T00:00:00.000+10:00,1.055,110,603
1964-07-14T00:00:00.000+10:00,1.042,110,603
1964-07-15T00:00:00.000+10:00,1.004,110,603
1964-07-16T00:00:00.000+10:00,0.990,110,603
1964-07-17T00:00:00.000+10:00,1.012,110,603
1964-07-18T00:00:00.000+10:00,0.996,110,603
1964-07-19T00:00:00.000+10:00,0.970,110,603
1964-07-20T00:00:00.000+10:00,0.962,110,603
1964-07-21T00:00:00.000+10:00,0.931,110,603
1964-07-22T00:00:00.000+10:00,0.934,110,603
1964-07-23T00:00:00.000+10:00,0.928,110,603
1964-07-24T00:00:00.000+10:00,0.918,110,603
1964-07-25T00:00:00.000+10:00,0.911,110,603
1964-07-26T00:00:00.000+10:00,0.908,110,603
1964-07-27T00:00:00.000+10:00,0.918,110,603
1964-07-28T00:00:00.000+10:00,0.906,110,603
1964-07-29T00:00:00.000+10:00,0.911,110,603
1964-07-30T00:00:00.000+10:00,0.905,110,603
1964-07-31T00:00:00.000+10:00,0.903,110,603
1964-08-01T00:00:00.000+10:00,0.905,110,603
1964-08-02T00:00:00.000+10:00,0.900,110,603
1964-08-03T00:00:00.000+10:00,0.894,110,603
1964-08-04T00:00:00.000+10:00,0.895,110,603
1964-08-05T00:00:00.000+10:00,0.891,110,603
1964-08-06T00:00:00.000+10:00,0.887,110,603
1964-08-07T00:00:00.000+10:00,0.886,110,603
1964-08-08T00:00:00.000+10:00,0.883,110,603
1964-08-09T00:00:00.000+10:00,0.877,110,603
1964-08-10T00:00:00.000+10:00,0.878,110,603
1964-08-11T00:00:00.000+10:00,0.875,110,603
1964-08-12T00:00:00.000+10:00,0.872,110,603
1964-08-13T00:00:00.000+10:00,0.870,110,603
1964-08-14T00:00:00.000+10:00,0.871,110,603
1964-08-15T00:00:00.000+10:00,0.870,110,603
1964-08-16T00:00:00.000+10:00,0.868,110,603
1964-08-17T00:00:00.000+10:00,0.866,110,603
1964-08-18T00:00:00.000+10:00,0.866,110,603
1964-08-19T00:00:00.000+10:00,0.860,110,603
1964-08-20T00:00:00.000+10:00,0.857,110,603
1964-08-21T00:00:00.000+10:00,0.856,110,603
1964-08-22T00:00:00.000+10:00,0.857,110,603
1964-08-23T00:00:00.000+10:00,0.856,110,603
1964-08-24T00:00:00.000+10:00,0.856,110,603
1964-08-25T00:00:00.000+10:00,0.881,110,603
1964-08-26T00:00:00.000+10:00,1.047,110,603
1964-08-27T00:00:00.000+10:00,1.074,110,603
1964-08-28T00:00:00.000+10:00,1.000,110,603
1964-08-29T00:00:00.000+10:00,0.874,110,603
1964-08-30T00:00:00.000+10:00,0.864,110,603
1964-08-31T00:00:00.000+10:00,0.851,110,603
1964-09-01T00:00:00.000+10:00,0.846,110,603
1964-09-02T00:00:00.000+10:00,0.842,110,603
1964-09-03T00:00:00.000+10:00,0.838,110,603
1964-09-04T00:00:00.000+10:00,0.840,110,603
1964-09-05T00:00:00.000+10:00,0.840,110,603
1964-09-06T00:00:00.000+10:00,0.840,110,603
1964-09-07T00:00:00.000+10:00,0.837,110,603
1964-09-08T00:00:00.000+10:00,0.836,110,603
1964-09-09T00:00:00.000+10:00,0.836,110,603
1964-09-10T00:00:00.000+10:00,0.842,110,603
1964-09-11T00:00:00.000+10:00,0.842,110,603
1964-09-12T00:00:00.000+10:00,0.845,110,603
1964-09-13T00:00:00.000+10:00,0.846,110,603
1964-09-14T00:00:00.000+10:00,0.846,110,603
1964-09-15T00:00:00.000+10:00,0.847,110,603
1964-09-16T00:00:00.000+10:00,0.816,110,603
1964-09-17T00:00:00.000+10:00,0.763,110,603
1964-09-18T00:00:00.000+10:00,0.735,110,603
1964-09-19T00:00:00.000+10:00,0.735,110,603
1964-09-20T00:00:00.000+10:00,0.716,110,603
1964-09-21T00:00:00.000+10:00,0.716,110,603
1964-09-22T00:00:00.000+10:00,0.716,110,603
1964-09-23T00:00:00.000+10:00,0.727,110,603
1964-09-24T00:00:00.000+10:00,0.741,110,603
1964-09-25T00:00:00.000+10:00,0.770,110,603
1964-09-26T00:00:00.000+10:00,0.727,110,603
1964-09-27T00:00:00.000+10:00,0.737,110,603
1964-09-28T00:00:00.000+10:00,0.727,110,603
1964-09-29T00:00:00.000+10:00,0.749,110,603
1964-09-30T00:00:00.000+10:00,0.761,110,603
1964-10-01T00:00:00.000+10:00,0.803,110,603
1964-10-02T00:00:00.000+10:00,0.820,110,603
1964-10-03T00:00:00.000+10:00,0.809,110,603
1964-10-04T00:00:00.000+10:00,0.765,110,603
1964-10-05T00:00:00.000+10:00,0.751,110,603
1964-10-06T00:00:00.000+10:00,0.766,110,603
1964-10-07T00:00:00.000+10:00,0.779,110,603
1964-10-08T00:00:00.000+10:00,0.730,110,603
1964-10-09T00:00:00.000+10:00,0.729,110,603
1964-10-10T00:00:00.000+10:00,0.728,110,603
1964-10-11T00:00:00.000+10:00,0.738,110,603
1964-10-12T00:00:00.000+10:00,0.724,110,603
1964-10-13T00:00:00.000+10:00,0.713,110,603
1964-10-14T00:00:00.000+10:00,0.714,110,603
1964-10-15T00:00:00.000+10:00,0.717,110,603
1964-10-16T00:00:00.000+10:00,0.713,110,603
1964-10-17T00:00:00.000+10:00,0.709,110,603
1964-10-18T00:00:00.000+10:00,0.706,110,603
1964-10-19T00:00:00.000+10:00,0.709,110,603
1964-10-20T00:00:00.000+10:00,0.710,110,603
1964-10-21T00:00:00.000+10:00,0.705,110,603
1964-10-22T00:00:00.000+10:00,0.706,110,603
1964-10-23T00:00:00.000+10:00,0.705,110,603
1964-10-24T00:00:00.000+10:00,0.709,110,603
1964-10-25T00:00:00.000+10:00,0.708,110,603
1964-10-26T00:00:00.000+10:00,0.711,110,603
1964-10-27T00:00:00.000+10:00,0.717,110,603
1964-10-28T00:00:00.000+10:00,0.717,110,603
1964-10-29T00:00:00.000+10:00,0.713,110,603
1964-10-30T00:00:00.000+10:00,0.720,110,603
1964-10-31T00:00:00.000+10:00,0.747,110,603
1964-11-01T00:00:00.000+10:00,0.755,110,603
1964-11-02T00:00:00.000+10:00,0.810,110,603
1964-11-03T00:00:00.000+10:00,0.843,110,603
1964-11-04T00:00:00.000+10:00,0.804,110,603
1964-11-05T00:00:00.000+10:00,0.714,110,603
1964-11-06T00:00:00.000+10:00,0.710,110,603
1964-11-07T00:00:00.000+10:00,0.702,110,603
1964-11-08T00:00:00.000+10:00,0.704,110,603
1964-11-09T00:00:00.000+10:00,0.704,110,603
1964-11-10T00:00:00.000+10:00,0.705,110,603
1964-11-11T00:00:00.000+10:00,0.698,110,603
1964-11-12T00:00:00.000+10:00,0.696,110,603
1964-11-13T00:00:00.000+10:00,0.707,110,603
1964-11-14T00:00:00.000+10:00,0.701,110,603
1964-11-15T00:00:00.000+10:00,0.728,110,603
1964-11-16T00:00:00.000+10:00,0.818,110,603
1964-11-17T00:00:00.000+10:00,0.756,110,603
1964-11-18T00:00:00.000+10:00,0.707,110,603
1964-11-19T00:00:00.000+10:00,0.691,110,603
1964-11-20T00:00:00.000+10:00,0.689,110,603
1964-11-21T00:00:00.000+10:00,0.683,110,603
1964-11-22T00:00:00.000+10:00,0.690,110,603
1964-11-23T00:00:00.000+10:00,1.028,110,603
1964-11-24T00:00:00.000+10:00,1.027,110,603
1964-11-25T00:00:00.000+10:00,1.130,110,603
1964-11-26T00:00:00.000+10:00,1.031,110,603
1964-11-27T00:00:00.000+10:00,0.951,110,603
1964-11-28T00:00:00.000+10:00,0.846,110,603
1964-11-29T00:00:00.000+10:00,0.794,110,603
1964-11-30T00:00:00.000+10:00,0.744,110,603
1964-12-01T00:00:00.000+10:00,0.725,110,603
1964-12-02T00:00:00.000+10:00,0.732,110,603
1964-12-03T00:00:00.000+10:00,0.731,110,603
1964-12-04T00:00:00.000+10:00,0.735,110,603
1964-12-05T00:00:00.000+10:00,0.733,110,603
1964-12-06T00:00:00.000+10:00,0.726,110,603
1964-12-07T00:00:00.000+10:00,0.733,110,603
1964-12-08T00:00:00.000+10:00,0.716,110,603
1964-12-09T00:00:00.000+10:00,0.726,110,603
1964-12-10T00:00:00.000+10:00,0.715,110,603
1964-12-11T00:00:00.000+10:00,0.702,110,603
1964-12-12T00:00:00.000+10:00,0.702,110,603
1964-12-13T00:00:00.000+10:00,0.700,110,603
1964-12-14T00:00:00.000+10:00,0.698,110,603
1964-12-15T00:00:00.000+10:00,0.701,110,603
1964-12-16T00:00:00.000+10:00,0.701,110,603
1964-12-17T00:00:00.000+10:00,0.700,110,603
1964-12-18T00:00:00.000+10:00,0.700,110,603
1964-12-19T00:00:00.000+10:00,0.697,110,603
1964-12-20T00:00:00.000+10:00,0.698,110,603
1964-12-21T00:00:00.000+10:00,0.700,110,603
1964-12-22T00:00:00.000+10:00,0.703,110,603
1964-12-23T00:00:00.000+10:00,0.700,110,603
1964-12-24T00:00:00.000+10:00,0.697,110,603
1964-12-25T00:00:00.000+10:00,0.697,110,603
1964-12-26T00:00:00.000+10:00,0.721,110,603
1964-12-27T00:00:00.000+10:00,0.862,110,603
1964-12-28T00:00:00.000+10:00,0.733,110,603
1964-12-29T00:00:00.000+10:00,0.721,110,603
1964-12-30T00:00:00.000+10:00,0.696,110,603
1964-12-31T00:00:00.000+10:00,0.701,110,603
1965-01-01T00:00:00.000+10:00,0.695,110,603
1965-01-02T00:00:00.000+10:00,0.691,110,603
1965-01-03T00:00:00.000+10:00,0.822,110,603
1965-01-04T00:00:00.000+10:00,0.702,110,603
1965-01-05T00:00:00.000+10:00,0.697,110,603
1965-01-06T00:00:00.000+10:00,0.694,110,603
1965-01-07T00:00:00.000+10:00,0.692,110,603
1965-01-08T00:00:00.000+10:00,0.688,110,603
1965-01-09T00:00:00.000+10:00,0.689,110,603
1965-01-10T00:00:00.000+10:00,0.717,110,603
1965-01-11T00:00:00.000+10:00,0.724,110,603
1965-01-12T00:00:00.000+10:00,0.663,110,603
1965-01-13T00:00:00.000+10:00,0.634,110,603
1965-01-14T00:00:00.000+10:00,0.613,110,603
1965-01-15T00:00:00.000+10:00,0.602,110,603
1965-01-16T00:00:00.000+10:00,0.590,110,603
1965-01-17T00:00:00.000+10:00,0.572,110,603
1965-01-18T00:00:00.000+10:00,0.563,110,603
1965-01-19T00:00:00.000+10:00,0.566,110,603
1965-01-20T00:00:00.000+10:00,,-1,603
1965-01-21T00:00:00.000+10:00,,-1,603
1965-01-22T00:00:00.000+10:00,0.517,90,603
1965-01-23T00:00:00.000+10:00,0.613,90,603
1965-01-24T00:00:00.000+10:00,0.677,90,603
1965-01-25T00:00:00.000+10:00,0.796,90,603
1965-01-26T00:00:00.000+10:00,0.814,90,603
1965-01-27T00:00:00.000+10:00,0.788,90,603
1965-01-28T00:00:00.000+10:00,0.897,90,603
1965-01-29T00:00:00.000+10:00,0.927,90,603
1965-01-30T00:00:00.000+10:00,0.982,90,603
1965-01-31T00:00:00.000+10:00,0.961,90,603
1965-02-01T00:00:00.000+10:00,0.856,90,603
1965-02-02T00:00:00.000+10:00,0.780,90,603
1965-02-03T00:00:00.000+10:00,0.729,90,603
1965-02-04T00:00:00.000+10:00,0.741,90,603
1965-02-05T00:00:00.000+10:00,0.746,90,603
1965-02-06T00:00:00.000+10:00,0.718,90,603
1965-02-07T00:00:00.000+10:00,0.676,90,603
1965-02-08T00:00:00.000+10:00,0.699,90,603
1965-02-09T00:00:00.000+10:00,0.695,90,603
1965-02-10T00:00:00.000+10:00,0.904,90,603
1965-02-11T00:00:00.000+10:00,0.991,90,603
1965-02-12T00:00:00.000+10:00,0.839,90,603
1965-02-13T00:00:00.000+10:00,0.864,90,603
1965-02-14T00:00:00.000+10:00,0.824,90,603
1965-02-15T00:00:00.000+10:00,0.778,90,603
1965-02-16T00:00:00.000+10:00,0.769,90,603
1965-02-17T00:00:00.000+10:00,0.755,90,603
1965-02-18T00:00:00.000+10:00,0.755,90,603
1965-02-19T00:00:00.000+10:00,0.698,90,603
1965-02-20T00:00:00.000+10:00,0.673,90,603
1965-02-21T00:00:00.000+10:00,0.653,90,603
1965-02-22T00:00:00.000+10:00,0.623,90,603
1965-02-23T00:00:00.000+10:00,0.614,90,603
1965-02-24T00:00:00.000+10:00,0.601,90,603
1965-02-25T00:00:00.000+10:00,0.598,90,603
1965-02-26T00:00:00.000+10:00,0.583,90,603
1965-02-27T00:00:00.000+10:00,0.594,90,603
1965-02-28T00:00:00.000+10:00,0.609,90,603
1965-03-01T00:00:00.000+10:00,0.652,90,603
1965-03-02T00:00:00.000+10:00,0.828,90,603
1965-03-03T00:00:00.000+10:00,0.943,90,603
1965-03-04T00:00:00.000+10:00,0.838,90,603
1965-03-05T00:00:00.000+10:00,0.755,90,603
1965-03-06T00:00:00.000+10:00,0.717,90,603
1965-03-07T00:00:00.000+10:00,0.669,90,603
1965-03-08T00:00:00.000+10:00,0.642,90,603
1965-03-09T00:00:00.000+10:00,0.610,90,603
1965-03-10T00:00:00.000+10:00,0.609,90,603
1965-03-11T00:00:00.000+10:00,0.602,90,603
1965-03-12T00:00:00.000+10:00,0.588,90,603
1965-03-13T00:00:00.000+10:00,0.590,90,603
1965-03-14T00:00:00.000+10:00,0.574,90,603
1965-03-15T00:00:00.000+10:00,0.581,90,603
1965-03-16T00:00:00.000+10:00,0.561,90,603
1965-03-17T00:00:00.000+10:00,0.556,90,603
1965-03-18T00:00:00.000+10:00,0.548,90,603
1965-03-19T00:00:00.000+10:00,0.542,90,603
1965-03-20T00:00:00.000+10:00,0.544,90,603
1965-03-21T00:00:00.000+10:00,0.541,90,603
1965-03-22T00:00:00.000+10:00,0.547,90,603
1965-03-23T00:00:00.000+10:00,0.536,90,603
1965-03-24T00:00:00.000+10:00,0.530,90,603
1965-03-25T00:00:00.000+10:00,0.510,90,603
1965-03-26T00:00:00.000+10:00,0.508,90,603
1965-03-27T00:00:00.000+10:00,0.505,90,603
1965-03-28T00:00:00.000+10:00,0.503,90,603
1965-03-29T00:00:00.000+10:00,0.491,90,603
1965-03-30T00:00:00.000+10:00,0.493,90,603
1965-03-31T00:00:00.000+10:00,0.477,90,603
1965-04-01T00:00:00.000+10:00,0.477,90,603
1965-04-02T00:00:00.000+10:00,0.455,90,603
1965-04-03T00:00:00.000+10:00,0.481,90,603
1965-04-04T00:00:00.000+10:00,0.479,90,603
1965-04-05T00:00:00.000+10:00,0.464,90,603
1965-04-06T00:00:00.000+10:00,0.478,90,603
1965-04-07T00:00:00.000+10:00,0.472,90,603
1965-04-08T00:00:00.000+10:00,0.472,90,603
1965-04-09T00:00:00.000+10:00,0.474,90,603
1965-04-10T00:00:00.000+10:00,0.470,90,603
1965-04-11T00:00:00.000+10:00,0.648,90,603
1965-04-12T00:00:00.000+10:00,0.778,90,603
1965-04-13T00:00:00.000+10:00,0.689,90,603
1965-04-14T00:00:00.000+10:00,0.631,90,603
1965-04-15T00:00:00.000+10:00,0.601,90,603
1965-04-16T00:00:00.000+10:00,0.606,90,603
1965-04-17T00:00:00.000+10:00,0.606,90,603
1965-04-18T00:00:00.000+10:00,0.570,90,603
1965-04-19T00:00:00.000+10:00,0.556,90,603
1965-04-20T00:00:00.000+10:00,0.529,90,603
1965-04-21T00:00:00.000+10:00,0.535,90,603
1965-04-22T00:00:00.000+10:00,0.527,90,603
1965-04-23T00:00:00.000+10:00,0.507,90,603
1965-04-24T00:00:00.000+10:00,0.497,90,603
1965-04-25T00:00:00.000+10:00,0.494,90,603
1965-04-26T00:00:00.000+10:00,0.505,90,603
1965-04-27T00:00:00.000+10:00,0.495,90,603
1965-04-28T00:00:00.000+10:00,0.494,90,603
1965-04-29T00:00:00.000+10:00,0.508,90,603
1965-04-30T00:00:00.000+10:00,0.528,90,603
1965-05-01T00:00:00.000+10:00,0.576,90,603
1965-05-02T00:00:00.000+10:00,0.568,90,603
1965-05-03T00:00:00.000+10:00,0.580,90,603
1965-05-04T00:00:00.000+10:00,0.601,90,603
1965-05-05T00:00:00.000+10:00,0.569,90,603
1965-05-06T00:00:00.000+10:00,0.557,90,603
1965-05-07T00:00:00.000+10:00,0.553,90,603
1965-05-08T00:00:00.000+10:00,0.557,90,603
1965-05-09T00:00:00.000+10:00,0.575,90,603
1965-05-10T00:00:00.000+10:00,0.601,90,603
1965-05-11T00:00:00.000+10:00,0.604,90,603
1965-05-12T00:00:00.000+10:00,0.620,90,603
1965-05-13T00:00:00.000+10:00,0.628,90,603
1965-05-14T00:00:00.000+10:00,0.653,90,603
1965-05-15T00:00:00.000+10:00,0.645,90,603
1965-05-16T00:00:00.000+10:00,0.592,90,603
1965-05-17T00:00:00.000+10:00,0.559,90,603
1965-05-18T00:00:00.000+10:00,0.568,90,603
1965-05-19T00:00:00.000+10:00,0.606,90,603
1965-05-20T00:00:00.000+10:00,0.559,90,603
1965-05-21T00:00:00.000+10:00,0.564,90,603
1965-05-22T00:00:00.000+10:00,0.520,90,603
1965-05-23T00:00:00.000+10:00,0.521,90,603
1965-05-24T00:00:00.000+10:00,0.535,90,603
1965-05-25T00:00:00.000+10:00,0.530,90,603
1965-05-26T00:00:00.000+10:00,0.525,90,603
1965-05-27T00:00:00.000+10:00,0.531,90,603
1965-05-28T00:00:00.000+10:00,0.531,90,603
1965-05-29T00:00:00.000+10:00,0.534,90,603
1965-05-30T00:00:00.000+10:00,0.523,90,603
1965-05-31T00:00:00.000+10:00,0.515,90,603
1965-06-01T00:00:00.000+10:00,0.483,90,603
1965-06-02T00:00:00.000+10:00,0.484,90,603
1965-06-03T00:00:00.000+10:00,0.466,90,603
1965-06-04T00:00:00.000+10:00,0.463,90,603
1965-06-05T00:00:00.000+10:00,0.467,90,603
1965-06-06T00:00:00.000+10:00,0.470,90,603
1965-06-07T00:00:00.000+10:00,0.470,90,603
1965-06-08T00:00:00.000+10:00,0.473,90,603
1965-06-09T00:00:00.000+10:00,0.477,90,603
1965-06-10T00:00:00.000+10:00,0.478,90,603
1965-06-11T00:00:00.000+10:00,0.473,90,603
1965-06-12T00:00:00.000+10:00,0.480,90,603
1965-06-13T00:00:00.000+10:00,0.475,90,603
1965-06-14T00:00:00.000+10:00,0.491,90,603
1965-06-15T00:00:00.000+10:00,0.493,90,603
1965-06-16T00:00:00.000+10:00,0.500,90,603
1965-06-17T00:00:00.000+10:00,0.497,90,603
1965-06-18T00:00:00.000+10:00,0.485,90,603
1965-06-19T00:00:00.000+10:00,0.472,90,603
1965-06-20T00:00:00.000+10:00,0.485,90,603
1965-06-21T00:00:00.000+10:00,0.511,90,603
1965-06-22T00:00:00.000+10:00,0.524,90,603
1965-06-23T00:00:00.000+10:00,0.514,90,603
1965-06-24T00:00:00.000+10:00,0.536,90,603
1965-06-25T00:00:00.000+10:00,0.549,90,603
1965-06-26T00:00:00.000+10:00,0.547,90,603
1965-06-27T00:00:00.000+10:00,0.526,90,603
1965-06-28T00:00:00.000+10:00,0.782,90,603
1965-06-29T00:00:00.000+10:00,0.922,90,603
1965-06-30T00:00:00.000+10:00,1.019,90,603
1965-07-01T00:00:00.000+10:00,1.121,90,603
1965-07-02T00:00:00.000+10:00,1.099,90,603
1965-07-03T00:00:00.000+10:00,0.991,90,603
1965-07-04T00:00:00.000+10:00,0.906,90,603
1965-07-05T00:00:00.000+10:00,0.828,90,603
1965-07-06T00:00:00.000+10:00,0.784,90,603
1965-07-07T00:00:00.000+10:00,0.724,90,603
1965-07-08T00:00:00.000+10:00,0.694,90,603
1965-07-09T00:00:00.000+10:00,0.646,90,603
1965-07-10T00:00:00.000+10:00,0.634,90,603
1965-07-11T00:00:00.000+10:00,0.615,90,603
1965-07-12T00:00:00.000+10:00,0.599,90,603
1965-07-13T00:00:00.000+10:00,0.581,90,603
1965-07-14T00:00:00.000+10:00,0.565,90,603
1965-07-15T00:00:00.000+10:00,0.558,90,603
1965-07-16T00:00:00.000+10:00,0.551,90,603
1965-07-17T00:00:00.000+10:00,0.534,90,603
1965-07-18T00:00:00.000+10:00,0.541,90,603
1965-07-19T00:00:00.000+10:00,0.570,90,603
1965-07-20T00:00:00.000+10:00,0.761,90,603
1965-07-21T00:00:00.000+10:00,5.417,90,603
1965-07-22T00:00:00.000+10:00,6.419,90,603
1965-07-23T00:00:00.000+10:00,4.336,90,603
1965-07-24T00:00:00.000+10:00,2.322,90,603
1965-07-25T00:00:00.000+10:00,1.783,90,603
1965-07-26T00:00:00.000+10:00,1.553,90,603
1965-07-27T00:00:00.000+10:00,1.412,90,603
1965-07-28T00:00:00.000+10:00,1.335,90,603
1965-07-29T00:00:00.000+10:00,1.280,90,603
1965-07-30T00:00:00.000+10:00,1.231,90,603
1965-07-31T00:00:00.000+10:00,1.205,90,603
1965-08-01T00:00:00.000+10:00,1.182,90,603
1965-08-02T00:00:00.000+10:00,1.165,90,603
1965-08-03T00:00:00.000+10:00,1.166,90,603
1965-08-04T00:00:00.000+10:00,1.182,90,603
1965-08-05T00:00:00.000+10:00,1.214,90,603
1965-08-06T00:00:00.000+10:00,1.188,90,603
1965-08-07T00:00:00.000+10:00,1.202,90,603
1965-08-08T00:00:00.000+10:00,1.165,90,603
1965-08-09T00:00:00.000+10:00,1.157,90,603
1965-08-10T00:00:00.000+10:00,1.139,90,603
1965-08-11T00:00:00.000+10:00,1.094,90,603
1965-08-12T00:00:00.000+10:00,1.115,90,603
1965-08-13T00:00:00.000+10:00,1.106,90,603
1965-08-14T00:00:00.000+10:00,1.084,90,603
1965-08-15T00:00:00.000+10:00,1.069,90,603
1965-08-16T00:00:00.000+10:00,1.054,90,603
1965-08-17T00:00:00.000+10:00,1.016,90,603
1965-08-18T00:00:00.000+10:00,0.999,90,603
1965-08-19T00:00:00.000+10:00,0.968,90,603
1965-08-20T00:00:00.000+10:00,0.957,90,603
1965-08-21T00:00:00.000+10:00,0.927,90,603
1965-08-22T00:00:00.000+10:00,0.935,90,603
1965-08-23T00:00:00.000+10:00,0.913,90,603
1965-08-24T00:00:00.000+10:00,0.917,90,603
1965-08-25T00:00:00.000+10:00,0.898,90,603
1965-08-26T00:00:00.000+10:00,0.875,90,603
1965-08-27T00:00:00.000+10:00,0.868,90,603
1965-08-28T00:00:00.000+10:00,0.910,90,603
1965-08-29T00:00:00.000+10:00,0.951,90,603
1965-08-30T00:00:00.000+10:00,1.065,90,603
1965-08-31T00:00:00.000+10:00,1.059,90,603
1965-09-01T00:00:00.000+10:00,0.997,110,603
1965-09-02T00:00:00.000+10:00,0.998,110,603
1965-09-03T00:00:00.000+10:00,0.993,110,603
1965-09-04T00:00:00.000+10:00,0.988,110,603
1965-09-05T00:00:00.000+10:00,0.986,110,603
1965-09-06T00:00:00.000+10:00,0.985,110,603
1965-09-07T00:00:00.000+10:00,0.987,110,603
1965-09-08T00:00:00.000+10:00,0.990,110,603
1965-09-09T00:00:00.000+10:00,1.005,110,603
1965-09-10T00:00:00.000+10:00,0.979,110,603
1965-09-11T00:00:00.000+10:00,0.919,90,603
1965-09-12T00:00:00.000+10:00,0.886,90,603
1965-09-13T00:00:00.000+10:00,0.878,90,603
1965-09-14T00:00:00.000+10:00,0.871,90,603
1965-09-15T00:00:00.000+10:00,0.873,90,603
1965-09-16T00:00:00.000+10:00,0.906,90,603
1965-09-17T00:00:00.000+10:00,0.864,90,603
1965-09-18T00:00:00.000+10:00,0.823,90,603
1965-09-19T00:00:00.000+10:00,0.799,90,603
1965-09-20T00:00:00.000+10:00,0.773,90,603
1965-09-21T00:00:00.000+10:00,0.772,90,603
1965-09-22T00:00:00.000+10:00,0.767,90,603
1965-09-23T00:00:00.000+10:00,0.772,90,603
1965-09-24T00:00:00.000+10:00,0.769,90,603
1965-09-25T00:00:00.000+10:00,0.757,90,603
1965-09-26T00:00:00.000+10:00,0.747,90,603
1965-09-27T00:00:00.000+10:00,0.729,90,603
1965-09-28T00:00:00.000+10:00,0.720,90,603
1965-09-29T00:00:00.000+10:00,0.713,90,603
1965-09-30T00:00:00.000+10:00,0.696,90,603
1965-10-01T00:00:00.000+10:00,0.688,90,603
1965-10-02T00:00:00.000+10:00,0.681,90,603
1965-10-03T00:00:00.000+10:00,0.678,90,603
1965-10-04T00:00:00.000+10:00,0.683,90,603
1965-10-05T00:00:00.000+10:00,0.711,90,603
1965-10-06T00:00:00.000+10:00,0.739,90,603
1965-10-07T00:00:00.000+10:00,0.726,90,603
1965-10-08T00:00:00.000+10:00,0.699,90,603
1965-10-09T00:00:00.000+10:00,0.694,90,603
1965-10-10T00:00:00.000+10:00,0.695,90,603
1965-10-11T00:00:00.000+10:00,0.682,90,603
1965-10-12T00:00:00.000+10:00,0.666,90,603
1965-10-13T00:00:00.000+10:00,0.673,90,603
1965-10-14T00:00:00.000+10:00,0.710,90,603
1965-10-15T00:00:00.000+10:00,0.688,90,603
1965-10-16T00:00:00.000+10:00,0.681,90,603
1965-10-17T00:00:00.000+10:00,0.667,90,603
1965-10-18T00:00:00.000+10:00,0.660,90,603
1965-10-19T00:00:00.000+10:00,0.671,90,603
1965-10-20T00:00:00.000+10:00,0.698,90,603
1965-10-21T00:00:00.000+10:00,0.733,90,603
1965-10-22T00:00:00.000+10:00,0.713,90,603
1965-10-23T00:00:00.000+10:00,0.673,90,603
1965-10-24T00:00:00.000+10:00,0.664,90,603
1965-10-25T00:00:00.000+10:00,0.670,90,603
1965-10-26T00:00:00.000+10:00,0.653,110,603
1965-10-27T00:00:00.000+10:00,0.639,110,603
1965-10-28T00:00:00.000+10:00,0.634,110,603
1965-10-29T00:00:00.000+10:00,0.706,110,603
1965-10-30T00:00:00.000+10:00,0.932,110,603
1965-10-31T00:00:00.000+10:00,0.805,110,603
1965-11-01T00:00:00.000+10:00,0.718,110,603
1965-11-02T00:00:00.000+10:00,0.660,110,603
1965-11-03T00:00:00.000+10:00,0.664,110,603
1965-11-04T00:00:00.000+10:00,0.675,110,603
1965-11-05T00:00:00.000+10:00,0.650,110,603
1965-11-06T00:00:00.000+10:00,0.637,110,603
1965-11-07T00:00:00.000+10:00,0.615,110,603
1965-11-08T00:00:00.000+10:00,0.613,110,603
1965-11-09T00:00:00.000+10:00,0.590,110,603
1965-11-10T00:00:00.000+10:00,0.567,110,603
1965-11-11T00:00:00.000+10:00,,-1,603
1965-11-12T00:00:00.000+10:00,,-1,603
1965-11-13T00:00:00.000+10:00,,-1,603
1965-11-14T00:00:00.000+10:00,,-1,603
1965-11-15T00:00:00.000+10:00,,-1,603
1965-11-16T00:00:00.000+10:00,,-1,603
1965-11-17T00:00:00.000+10:00,,-1,603
1965-11-18T00:00:00.000+10:00,,-1,603
1965-11-19T00:00:00.000+10:00,,-1,603
1965-11-20T00:00:00.000+10:00,,-1,603
1965-11-21T00:00:00.000+10:00,,-1,603
1965-11-22T00:00:00.000+10:00,,-1,603
1965-11-23T00:00:00.000+10:00,,-1,603
1965-11-24T00:00:00.000+10:00,,-1,603
1965-11-25T00:00:00.000+10:00,,-1,603
1965-11-26T00:00:00.000+10:00,,-1,603
1965-11-27T00:00:00.000+10:00,,-1,603
1965-11-28T00:00:00.000+10:00,,-1,603
1965-11-29T00:00:00.000+10:00,,-1,603
1965-11-30T00:00:00.000+10:00,,-1,603
1965-12-01T00:00:00.000+10:00,1.152,90,603
1965-12-02T00:00:00.000+10:00,2.465,90,603
1965-12-03T00:00:00.000+10:00,3.049,90,603
1965-12-04T00:00:00.000+10:00,2.322,90,603
1965-12-05T00:00:00.000+10:00,2.295,90,603
1965-12-06T00:00:00.000+10:00,2.163,90,603
1965-12-07T00:00:00.000+10:00,1.746,90,603
1965-12-08T00:00:00.000+10:00,2.622,90,603
1965-12-09T00:00:00.000+10:00,3.535,90,603
1965-12-10T00:00:00.000+10:00,3.170,90,603
1965-12-11T00:00:00.000+10:00,2.391,90,603
1965-12-12T00:00:00.000+10:00,1.917,90,603
1965-12-13T00:00:00.000+10:00,1.687,90,603
1965-12-14T00:00:00.000+10:00,1.534,90,603
1965-12-15T00:00:00.000+10:00,2.254,90,603
1965-12-16T00:00:00.000+10:00,2.578,90,603
1965-12-17T00:00:00.000+10:00,2.746,90,603
1965-12-18T00:00:00.000+10:00,2.532,90,603
1965-12-19T00:00:00.000+10:00,2.233,90,603
1965-12-20T00:00:00.000+10:00,1.884,90,603
1965-12-21T00:00:00.000+10:00,1.717,90,603
1965-12-22T00:00:00.000+10:00,1.573,90,603
1965-12-23T00:00:00.000+10:00,1.472,90,603
1965-12-24T00:00:00.000+10:00,1.399,90,603
1965-12-25T00:00:00.000+10:00,1.334,90,603
1965-12-26T00:00:00.000+10:00,1.276,90,603
1965-12-27T00:00:00.000+10:00,1.236,90,603
1965-12-28T00:00:00.000+10:00,1.203,90,603
1965-12-29T00:00:00.000+10:00,1.182,90,603
1965-12-30T00:00:00.000+10:00,1.166,90,603
1965-12-31T00:00:00.000+10:00,1.138,90,603
1966-01-01T00:00:00.000+10:00,1.121,90,603
1966-01-02T00:00:00.000+10:00,1.094,90,603
1966-01-03T00:00:00.000+10:00,1.067,90,603
1966-01-04T00:00:00.000+10:00,1.059,90,603
1966-01-05T00:00:00.000+10:00,1.051,90,603
1966-01-06T00:00:00.000+10:00,1.048,90,603
1966-01-07T00:00:00.000+10:00,1.037,90,603
1966-01-08T00:00:00.000+10:00,1.033,90,603
1966-01-09T00:00:00.000+10:00,1.019,90,603
1966-01-10T00:00:00.000+10:00,1.017,90,603
1966-01-11T00:00:00.000+10:00,1.014,90,603
1966-01-12T00:00:00.000+10:00,1.002,90,603
1966-01-13T00:00:00.000+10:00,1.003,90,603
1966-01-14T00:00:00.000+10:00,0.951,90,603
1966-01-15T00:00:00.000+10:00,0.986,90,603
1966-01-16T00:00:00.000+10:00,0.984,90,603
1966-01-17T00:00:00.000+10:00,0.977,90,603
1966-01-18T00:00:00.000+10:00,0.935,90,603
1966-01-19T00:00:00.000+10:00,0.945,110,603
1966-01-20T00:00:00.000+10:00,0.955,110,603
1966-01-21T00:00:00.000+10:00,0.971,110,603
1966-01-22T00:00:00.000+10:00,0.972,110,603
1966-01-23T00:00:00.000+10:00,0.971,110,603
1966-01-24T00:00:00.000+10:00,0.965,110,603
1966-01-25T00:00:00.000+10:00,0.943,110,603
1966-01-26T00:00:00.000+10:00,0.953,110,603
1966-01-27T00:00:00.000+10:00,0.947,110,603
1966-01-28T00:00:00.000+10:00,0.945,110,603
1966-01-29T00:00:00.000+10:00,0.938,110,603
1966-01-30T00:00:00.000+10:00,0.938,110,603
1966-01-31T00:00:00.000+10:00,0.940,110,603
1966-02-01T00:00:00.000+10:00,0.950,110,603
1966-02-02T00:00:00.000+10:00,0.942,110,603
1966-02-03T00:00:00.000+10:00,0.948,110,603
1966-02-04T00:00:00.000+10:00,0.943,110,603
1966-02-05T00:00:00.000+10:00,0.946,110,603
1966-02-06T00:00:00.000+10:00,0.947,110,603
1966-02-07T00:00:00.000+10:00,0.944,110,603
1966-02-08T00:00:00.000+10:00,0.944,110,603
1966-02-09T00:00:00.000+10:00,0.939,110,603
1966-02-10T00:00:00.000+10:00,0.940,110,603
1966-02-11T00:00:00.000+10:00,0.940,110,603
1966-02-12T00:00:00.000+10:00,0.939,110,603
1966-02-13T00:00:00.000+10:00,0.939,110,603
1966-02-14T00:00:00.000+10:00,0.939,110,603
1966-02-15T00:00:00.000+10:00,0.943,110,603
1966-02-16T00:00:00.000+10:00,0.939,110,603
1966-02-17T00:00:00.000+10:00,0.974,110,603
1966-02-18T00:00:00.000+10:00,0.959,110,603
1966-02-19T00:00:00.000+10:00,0.961,110,603
1966-02-20T00:00:00.000+10:00,0.944,110,603
1966-02-21T00:00:00.000+10:00,0.944,110,603
1966-02-22T00:00:00.000+10:00,0.945,110,603
1966-02-23T00:00:00.000+10:00,0.953,110,603
1966-02-24T00:00:00.000+10:00,0.940,110,603
1966-02-25T00:00:00.000+10:00,0.938,110,603
1966-02-26T00:00:00.000+10:00,0.936,110,603
1966-02-27T00:00:00.000+10:00,0.929,110,603
1966-02-28T00:00:00.000+10:00,0.927,110,603
1966-03-01T00:00:00.000+10:00,0.926,110,603
1966-03-02T00:00:00.000+10:00,0.926,110,603
1966-03-03T00:00:00.000+10:00,0.929,110,603
1966-03-04T00:00:00.000+10:00,0.933,110,603
1966-03-05T00:00:00.000+10:00,0.930,110,603
1966-03-06T00:00:00.000+10:00,0.929,110,603
1966-03-07T00:00:00.000+10:00,0.931,110,603
1966-03-08T00:00:00.000+10:00,0.923,110,603
1966-03-09T00:00:00.000+10:00,0.924,110,603
1966-03-10T00:00:00.000+10:00,0.926,110,603
1966-03-11T00:00:00.000+10:00,0.926,110,603
1966-03-12T00:00:00.000+10:00,0.924,110,603
1966-03-13T00:00:00.000+10:00,0.921,110,603
1966-03-14T00:00:00.000+10:00,0.919,110,603
1966-03-15T00:00:00.000+10:00,0.921,110,603
1966-03-16T00:00:00.000+10:00,0.933,110,603
1966-03-17T00:00:00.000+10:00,0.956,110,603
1966-03-18T00:00:00.000+10:00,0.966,110,603
1966-03-19T00:00:00.000+10:00,0.973,110,603
1966-03-20T00:00:00.000+10:00,0.993,110,603
1966-03-21T00:00:00.000+10:00,1.053,110,603
1966-03-22T00:00:00.000+10:00,1.068,110,603
1966-03-23T00:00:00.000+10:00,,-1,603
1966-03-24T00:00:00.000+10:00,0.981,90,603
1966-03-25T00:00:00.000+10:00,0.949,110,603
1966-03-26T00:00:00.000+10:00,0.910,110,603
1966-03-27T00:00:00.000+10:00,0.907,110,603
1966-03-28T00:00:00.000+10:00,0.906,110,603
1966-03-29T00:00:00.000+10:00,0.905,110,603
1966-03-30T00:00:00.000+10:00,0.904,110,603
1966-03-31T00:00:00.000+10:00,0.900,110,603
1966-04-01T00:00:00.000+10:00,0.897,110,603
1966-04-02T00:00:00.000+10:00,0.915,110,603
1966-04-03T00:00:00.000+10:00,0.909,110,603
1966-04-04T00:00:00.000+10:00,0.896,110,603
1966-04-05T00:00:00.000+10:00,0.895,110,603
1966-04-06T00:00:00.000+10:00,0.893,110,603
1966-04-07T00:00:00.000+10:00,0.986,110,603
1966-04-08T00:00:00.000+10:00,0.983,90,603
1966-04-09T00:00:00.000+10:00,1.252,90,603
1966-04-10T00:00:00.000+10:00,0.916,110,603
1966-04-11T00:00:00.000+10:00,0.909,110,603
1966-04-12T00:00:00.000+10:00,0.904,110,603
1966-04-13T00:00:00.000+10:00,0.898,110,603
1966-04-14T00:00:00.000+10:00,0.897,110,603
1966-04-15T00:00:00.000+10:00,0.896,110,603
1966-04-16T00:00:00.000+10:00,0.895,110,603
1966-04-17T00:00:00.000+10:00,0.899,110,603
1966-04-18T00:00:00.000+10:00,0.896,110,603
1966-04-19T00:00:00.000+10:00,0.900,110,603
1966-04-20T00:00:00.000+10:00,0.900,110,603
1966-04-21T00:00:00.000+10:00,0.898,110,603
1966-04-22T00:00:00.000+10:00,0.896,110,603
1966-04-23T00:00:00.000+10:00,0.899,110,603
1966-04-24T00:00:00.000+10:00,0.904,110,603
1966-04-25T00:00:00.000+10:00,0.907,110,603
1966-04-26T00:00:00.000+10:00,0.908,110,603
1966-04-27T00:00:00.000+10:00,1.098,110,603
1966-04-28T00:00:00.000+10:00,1.327,90,603
1966-04-29T00:00:00.000+10:00,1.187,90,603
1966-04-30T00:00:00.000+10:00,1.095,90,603
1966-05-01T00:00:00.000+10:00,0.978,90,603
1966-05-02T00:00:00.000+10:00,,-1,603
1966-05-03T00:00:00.000+10:00,,-1,603
1966-05-04T00:00:00.000+10:00,,-1,603
1966-05-05T00:00:00.000+10:00,,-1,603
1966-05-06T00:00:00.000+10:00,,-1,603
1966-05-07T00:00:00.000+10:00,,-1,603
1966-05-08T00:00:00.000+10:00,,-1,603
1966-05-09T00:00:00.000+10:00,,-1,603
1966-05-10T00:00:00.000+10:00,,-1,603
1966-05-11T00:00:00.000+10:00,,-1,603
1966-05-12T00:00:00.000+10:00,,-1,603
1966-05-13T00:00:00.000+10:00,,-1,603
1966-05-14T00:00:00.000+10:00,,-1,603
1966-05-15T00:00:00.000+10:00,,-1,603
1966-05-16T00:00:00.000+10:00,,-1,603
1966-05-17T00:00:00.000+10:00,,-1,603
1966-05-18T00:00:00.000+10:00,,-1,603
1966-05-19T00:00:00.000+10:00,,-1,603
1966-05-20T00:00:00.000+10:00,,-1,603
1966-05-21T00:00:00.000+10:00,,-1,603
1966-05-22T00:00:00.000+10:00,,-1,603
1966-05-23T00:00:00.000+10:00,,-1,603
1966-05-24T00:00:00.000+10:00,,-1,603
1966-05-25T00:00:00.000+10:00,,-1,603
1966-05-26T00:00:00.000+10:00,,-1,603
1966-05-27T00:00:00.000+10:00,,-1,603
1966-05-28T00:00:00.000+10:00,,-1,603
1966-05-29T00:00:00.000+10:00,,-1,603
1966-05-30T00:00:00.000+10:00,,-1,603
1966-05-31T00:00:00.000+10:00,,-1,603
1966-06-01T00:00:00.000+10:00,,-1,603
1966-06-02T00:00:00.000+10:00,,-1,603
1966-06-03T00:00:00.000+10:00,,-1,603
1966-06-04T00:00:00.000+10:00,,-1,603
1966-06-05T00:00:00.000+10:00,,-1,603
1966-06-06T00:00:00.000+10:00,,-1,603
1966-06-07T00:00:00.000+10:00,,-1,603
1966-06-08T00:00:00.000+10:00,,-1,603
1966-06-09T00:00:00.000+10:00,,-1,603
1966-06-10T00:00:00.000+10:00,,-1,603
1966-06-11T00:00:00.000+10:00,,-1,603
1966-06-12T00:00:00.000+10:00,,-1,603
1966-06-13T00:00:00.000+10:00,1.176,90,603
1966-06-14T00:00:00.000+10:00,1.310,90,603
1966-06-15T00:00:00.000+10:00,1.131,90,603
1966-06-16T00:00:00.000+10:00,,-1,603
1966-06-17T00:00:00.000+10:00,,-1,603
1966-06-18T00:00:00.000+10:00,,-1,603
1966-06-19T00:00:00.000+10:00,,-1,603
1966-06-20T00:00:00.000+10:00,,-1,603
1966-06-21T00:00:00.000+10:00,,-1,603
1966-06-22T00:00:00.000+10:00,,-1,603
1966-06-23T00:00:00.000+10:00,,-1,603
1966-06-24T00:00:00.000+10:00,,-1,603
1966-06-25T00:00:00.000+10:00,,-1,603
1966-06-26T00:00:00.000+10:00,,-1,603
1966-06-27T00:00:00.000+10:00,,-1,603
1966-06-28T00:00:00.000+10:00,,-1,603
1966-06-29T00:00:00.000+10:00,,-1,603
1966-06-30T00:00:00.000+10:00,,-1,603
1966-07-01T00:00:00.000+10:00,,-1,603
1966-07-02T00:00:00.000+10:00,,-1,603
1966-07-03T00:00:00.000+10:00,,-1,603
1966-07-04T00:00:00.000+10:00,,-1,603
1966-07-05T00:00:00.000+10:00,,-1,603
1966-07-06T00:00:00.000+10:00,,-1,603
1966-07-07T00:00:00.000+10:00,,-1,603
1966-07-08T00:00:00.000+10:00,,-1,603
1966-07-09T00:00:00.000+10:00,,-1,603
1966-07-10T00:00:00.000+10:00,,-1,603
1966-07-11T00:00:00.000+10:00,,-1,603
1966-07-12T00:00:00.000+10:00,,-1,603
1966-07-13T00:00:00.000+10:00,,-1,603
1966-07-14T00:00:00.000+10:00,,-1,603
1966-07-15T00:00:00.000+10:00,,-1,603
1966-07-16T00:00:00.000+10:00,,-1,603
1966-07-17T00:00:00.000+10:00,,-1,603
1966-07-18T00:00:00.000+10:00,,-1,603
1966-07-19T00:00:00.000+10:00,,-1,603
1966-07-20T00:00:00.000+10:00,,-1,603
1966-07-21T00:00:00.000+10:00,,-1,603
1966-07-22T00:00:00.000+10:00,,-1,603
1966-07-23T00:00:00.000+10:00,,-1,603
1966-07-24T00:00:00.000+10:00,,-1,603
1966-07-25T00:00:00.000+10:00,,-1,603
1966-07-26T00:00:00.000+10:00,,-1,603
1966-07-27T00:00:00.000+10:00,,-1,603
1966-07-28T00:00:00.000+10:00,0.551,90,603
1966-07-29T00:00:00.000+10:00,0.566,90,603
1966-07-30T00:00:00.000+10:00,0.543,90,603
1966-07-31T00:00:00.000+10:00,0.560,90,603
1966-08-01T00:00:00.000+10:00,0.544,90,603
1966-08-02T00:00:00.000+10:00,0.545,90,603
1966-08-03T00:00:00.000+10:00,0.541,90,603
1966-08-04T00:00:00.000+10:00,0.547,90,603
1966-08-05T00:00:00.000+10:00,0.546,90,603
1966-08-06T00:00:00.000+10:00,0.545,90,603
1966-08-07T00:00:00.000+10:00,0.540,90,603
1966-08-08T00:00:00.000+10:00,0.544,90,603
1966-08-09T00:00:00.000+10:00,0.537,90,603
1966-08-10T00:00:00.000+10:00,0.548,90,603
1966-08-11T00:00:00.000+10:00,0.593,90,603
1966-08-12T00:00:00.000+10:00,0.594,90,603
1966-08-13T00:00:00.000+10:00,0.674,90,603
1966-08-14T00:00:00.000+10:00,0.768,90,603
1966-08-15T00:00:00.000+10:00,0.663,90,603
1966-08-16T00:00:00.000+10:00,0.632,90,603
1966-08-17T00:00:00.000+10:00,0.594,90,603
1966-08-18T00:00:00.000+10:00,0.586,90,603
1966-08-19T00:00:00.000+10:00,0.626,90,603
1966-08-20T00:00:00.000+10:00,0.896,90,603
1966-08-21T00:00:00.000+10:00,1.018,90,603
1966-08-22T00:00:00.000+10:00,1.048,90,603
1966-08-23T00:00:00.000+10:00,1.040,90,603
1966-08-24T00:00:00.000+10:00,0.928,90,603
1966-08-25T00:00:00.000+10:00,0.821,90,603
1966-08-26T00:00:00.000+10:00,0.746,90,603
1966-08-27T00:00:00.000+10:00,0.724,90,603
1966-08-28T00:00:00.000+10:00,0.715,90,603
1966-08-29T00:00:00.000+10:00,0.694,90,603
1966-08-30T00:00:00.000+10:00,0.676,90,603
1966-08-31T00:00:00.000+10:00,0.782,90,603
1966-09-01T00:00:00.000+10:00,0.976,90,603
1966-09-02T00:00:00.000+10:00,1.006,90,603
1966-09-03T00:00:00.000+10:00,1.077,90,603
1966-09-04T00:00:00.000+10:00,1.017,90,603
1966-09-05T00:00:00.000+10:00,0.900,90,603
1966-09-06T00:00:00.000+10:00,0.832,90,603
1966-09-07T00:00:00.000+10:00,0.800,90,603
1966-09-08T00:00:00.000+10:00,0.772,90,603
1966-09-09T00:00:00.000+10:00,0.740,90,603
1966-09-10T00:00:00.000+10:00,0.741,90,603
1966-09-11T00:00:00.000+10:00,0.754,90,603
1966-09-12T00:00:00.000+10:00,0.747,90,603
1966-09-13T00:00:00.000+10:00,0.716,90,603
1966-09-14T00:00:00.000+10:00,0.703,90,603
1966-09-15T00:00:00.000+10:00,0.696,90,603
1966-09-16T00:00:00.000+10:00,0.705,90,603
1966-09-17T00:00:00.000+10:00,0.720,90,603
1966-09-18T00:00:00.000+10:00,0.694,90,603
1966-09-19T00:00:00.000+10:00,0.715,90,603
1966-09-20T00:00:00.000+10:00,0.714,90,603
1966-09-21T00:00:00.000+10:00,0.687,90,603
1966-09-22T00:00:00.000+10:00,0.647,90,603
1966-09-23T00:00:00.000+10:00,0.640,90,603
1966-09-24T00:00:00.000+10:00,0.632,90,603
1966-09-25T00:00:00.000+10:00,0.624,90,603
1966-09-26T00:00:00.000+10:00,0.634,90,603
1966-09-27T00:00:00.000+10:00,0.618,90,603
1966-09-28T00:00:00.000+10:00,0.623,90,603
1966-09-29T00:00:00.000+10:00,0.676,90,603
1966-09-30T00:00:00.000+10:00,0.674,90,603
1966-10-01T00:00:00.000+10:00,0.679,90,603
1966-10-02T00:00:00.000+10:00,0.724,90,603
1966-10-03T00:00:00.000+10:00,0.708,90,603
1966-10-04T00:00:00.000+10:00,0.777,90,603
1966-10-05T00:00:00.000+10:00,0.742,90,603
1966-10-06T00:00:00.000+10:00,0.683,90,603
1966-10-07T00:00:00.000+10:00,0.654,90,603
1966-10-08T00:00:00.000+10:00,0.643,90,603
1966-10-09T00:00:00.000+10:00,0.637,90,603
1966-10-10T00:00:00.000+10:00,0.614,90,603
1966-10-11T00:00:00.000+10:00,0.621,90,603
1966-10-12T00:00:00.000+10:00,0.607,90,603
1966-10-13T00:00:00.000+10:00,0.621,90,603
1966-10-14T00:00:00.000+10:00,0.989,90,603
1966-10-15T00:00:00.000+10:00,1.645,90,603
1966-10-16T00:00:00.000+10:00,1.464,90,603
1966-10-17T00:00:00.000+10:00,1.305,90,603
1966-10-18T00:00:00.000+10:00,1.203,90,603
1966-10-19T00:00:00.000+10:00,1.142,90,603
1966-10-20T00:00:00.000+10:00,1.091,90,603
1966-10-21T00:00:00.000+10:00,0.991,90,603
1966-10-22T00:00:00.000+10:00,0.899,90,603
1966-10-23T00:00:00.000+10:00,0.849,90,603
1966-10-24T00:00:00.000+10:00,0.820,90,603
1966-10-25T00:00:00.000+10:00,0.837,90,603
1966-10-26T00:00:00.000+10:00,0.823,90,603
1966-10-27T00:00:00.000+10:00,0.803,90,603
1966-10-28T00:00:00.000+10:00,0.817,90,603
1966-10-29T00:00:00.000+10:00,0.969,90,603
1966-10-30T00:00:00.000+10:00,1.010,90,603
1966-10-31T00:00:00.000+10:00,1.002,90,603
1966-11-01T00:00:00.000+10:00,0.989,90,603
1966-11-02T00:00:00.000+10:00,0.995,90,603
1966-11-03T00:00:00.000+10:00,1.029,90,603
1966-11-04T00:00:00.000+10:00,0.988,90,603
1966-11-05T00:00:00.000+10:00,0.926,90,603
1966-11-06T00:00:00.000+10:00,0.860,90,603
1966-11-07T00:00:00.000+10:00,0.865,90,603
1966-11-08T00:00:00.000+10:00,4.265,90,603
1966-11-09T00:00:00.000+10:00,3.743,90,603
1966-11-10T00:00:00.000+10:00,3.820,90,603
1966-11-11T00:00:00.000+10:00,2.818,90,603
1966-11-12T00:00:00.000+10:00,2.073,90,603
1966-11-13T00:00:00.000+10:00,1.730,90,603
1966-11-14T00:00:00.000+10:00,1.519,90,603
1966-11-15T00:00:00.000+10:00,1.383,90,603
1966-11-16T00:00:00.000+10:00,1.275,90,603
1966-11-17T00:00:00.000+10:00,1.239,90,603
1966-11-18T00:00:00.000+10:00,1.201,90,603
1966-11-19T00:00:00.000+10:00,1.171,90,603
1966-11-20T00:00:00.000+10:00,1.145,90,603
1966-11-21T00:00:00.000+10:00,1.126,90,603
1966-11-22T00:00:00.000+10:00,1.081,90,603
1966-11-23T00:00:00.000+10:00,1.038,90,603
1966-11-24T00:00:00.000+10:00,1.009,90,603
1966-11-25T00:00:00.000+10:00,1.267,90,603
1966-11-26T00:00:00.000+10:00,1.140,90,603
1966-11-27T00:00:00.000+10:00,1.117,90,603
1966-11-28T00:00:00.000+10:00,1.067,90,603
1966-11-29T00:00:00.000+10:00,1.023,90,603
1966-11-30T00:00:00.000+10:00,0.965,90,603
1966-12-01T00:00:00.000+10:00,0.902,90,603
1966-12-02T00:00:00.000+10:00,0.864,90,603
1966-12-03T00:00:00.000+10:00,0.827,90,603
1966-12-04T00:00:00.000+10:00,0.804,90,603
1966-12-05T00:00:00.000+10:00,0.830,90,603
1966-12-06T00:00:00.000+10:00,0.884,90,603
1966-12-07T00:00:00.000+10:00,0.941,90,603
1966-12-08T00:00:00.000+10:00,0.934,90,603
1966-12-09T00:00:00.000+10:00,1.016,90,603
1966-12-10T00:00:00.000+10:00,1.007,90,603
1966-12-11T00:00:00.000+10:00,0.915,90,603
1966-12-12T00:00:00.000+10:00,0.881,90,603
1966-12-13T00:00:00.000+10:00,0.830,90,603
1966-12-14T00:00:00.000+10:00,0.796,90,603
1966-12-15T00:00:00.000+10:00,0.782,90,603
1966-12-16T00:00:00.000+10:00,0.880,90,603
1966-12-17T00:00:00.000+10:00,0.900,90,603
1966-12-18T00:00:00.000+10:00,0.830,90,603
1966-12-19T00:00:00.000+10:00,0.874,90,603
1966-12-20T00:00:00.000+10:00,0.768,90,603
1966-12-21T00:00:00.000+10:00,0.759,90,603
1966-12-22T00:00:00.000+10:00,0.740,90,603
1966-12-23T00:00:00.000+10:00,0.705,90,603
1966-12-24T00:00:00.000+10:00,0.697,90,603
1966-12-25T00:00:00.000+10:00,0.688,90,603
1966-12-26T00:00:00.000+10:00,0.686,90,603
1966-12-27T00:00:00.000+10:00,0.661,90,603
1966-12-28T00:00:00.000+10:00,0.658,90,603
1966-12-29T00:00:00.000+10:00,0.659,90,603
1966-12-30T00:00:00.000+10:00,0.665,90,603
1966-12-31T00:00:00.000+10:00,0.695,90,603
1967-01-01T00:00:00.000+10:00,0.926,90,603
1967-01-02T00:00:00.000+10:00,0.973,90,603
1967-01-03T00:00:00.000+10:00,0.995,90,603
1967-01-04T00:00:00.000+10:00,1.135,90,603
1967-01-05T00:00:00.000+10:00,2.656,90,603
1967-01-06T00:00:00.000+10:00,2.422,90,603
1967-01-07T00:00:00.000+10:00,3.595,90,603
1967-01-08T00:00:00.000+10:00,2.834,90,603
1967-01-09T00:00:00.000+10:00,1.951,90,603
1967-01-10T00:00:00.000+10:00,1.623,90,603
1967-01-11T00:00:00.000+10:00,1.437,90,603
1967-01-12T00:00:00.000+10:00,1.308,90,603
1967-01-13T00:00:00.000+10:00,1.280,90,603
1967-01-14T00:00:00.000+10:00,1.223,90,603
1967-01-15T00:00:00.000+10:00,1.195,90,603
1967-01-16T00:00:00.000+10:00,1.161,90,603
1967-01-17T00:00:00.000+10:00,1.162,90,603
1967-01-18T00:00:00.000+10:00,1.100,90,603
1967-01-19T00:00:00.000+10:00,1.115,90,603
1967-01-20T00:00:00.000+10:00,1.096,90,603
1967-01-21T00:00:00.000+10:00,1.085,90,603
1967-01-22T00:00:00.000+10:00,1.061,90,603
1967-01-23T00:00:00.000+10:00,1.049,90,603
1967-01-24T00:00:00.000+10:00,1.036,90,603
1967-01-25T00:00:00.000+10:00,1.017,90,603
1967-01-26T00:00:00.000+10:00,1.025,90,603
1967-01-27T00:00:00.000+10:00,1.036,90,603
1967-01-28T00:00:00.000+10:00,1.036,90,603
1967-01-29T00:00:00.000+10:00,1.528,90,603
1967-01-30T00:00:00.000+10:00,8.526,90,603
1967-01-31T00:00:00.000+10:00,13.219,90,603
1967-02-01T00:00:00.000+10:00,13.280,90,603
1967-02-02T00:00:00.000+10:00,8.468,90,603
1967-02-03T00:00:00.000+10:00,4.043,90,603
1967-02-04T00:00:00.000+10:00,2.503,90,603
1967-02-05T00:00:00.000+10:00,2.163,90,603
1967-02-06T00:00:00.000+10:00,1.957,90,603
1967-02-07T00:00:00.000+10:00,1.807,90,603
1967-02-08T00:00:00.000+10:00,1.692,90,603
1967-02-09T00:00:00.000+10:00,1.601,90,603
1967-02-10T00:00:00.000+10:00,1.554,90,603
1967-02-11T00:00:00.000+10:00,1.502,90,603
1967-02-12T00:00:00.000+10:00,1.455,90,603
1967-02-13T00:00:00.000+10:00,1.416,90,603
1967-02-14T00:00:00.000+10:00,1.374,90,603
1967-02-15T00:00:00.000+10:00,1.440,90,603
1967-02-16T00:00:00.000+10:00,1.460,90,603
1967-02-17T00:00:00.000+10:00,1.374,90,603
1967-02-18T00:00:00.000+10:00,1.347,90,603
1967-02-19T00:00:00.000+10:00,1.353,90,603
1967-02-20T00:00:00.000+10:00,1.325,90,603
1967-02-21T00:00:00.000+10:00,1.315,90,603
1967-02-22T00:00:00.000+10:00,1.313,90,603
1967-02-23T00:00:00.000+10:00,1.454,90,603
1967-02-24T00:00:00.000+10:00,2.118,90,603
1967-02-25T00:00:00.000+10:00,1.909,90,603
1967-02-26T00:00:00.000+10:00,1.713,90,603
1967-02-27T00:00:00.000+10:00,1.559,90,603
1967-02-28T00:00:00.000+10:00,1.456,90,603
1967-03-01T00:00:00.000+10:00,1.386,90,603
1967-03-02T00:00:00.000+10:00,1.382,90,603
1967-03-03T00:00:00.000+10:00,1.759,90,603
1967-03-04T00:00:00.000+10:00,2.321,90,603
1967-03-05T00:00:00.000+10:00,2.586,90,603
1967-03-06T00:00:00.000+10:00,2.246,90,603
1967-03-07T00:00:00.000+10:00,1.939,90,603
1967-03-08T00:00:00.000+10:00,1.994,90,603
1967-03-09T00:00:00.000+10:00,2.683,90,603
1967-03-10T00:00:00.000+10:00,2.736,90,603
1967-03-11T00:00:00.000+10:00,2.378,90,603
1967-03-12T00:00:00.000+10:00,2.016,90,603
1967-03-13T00:00:00.000+10:00,1.827,90,603
1967-03-14T00:00:00.000+10:00,1.797,90,603
1967-03-15T00:00:00.000+10:00,2.483,90,603
1967-03-16T00:00:00.000+10:00,3.727,90,603
1967-03-17T00:00:00.000+10:00,4.283,90,603
1967-03-18T00:00:00.000+10:00,5.836,90,603
1967-03-19T00:00:00.000+10:00,8.523,90,603
1967-03-20T00:00:00.000+10:00,6.164,90,603
1967-03-21T00:00:00.000+10:00,3.563,90,603
1967-03-22T00:00:00.000+10:00,2.718,90,603
1967-03-23T00:00:00.000+10:00,2.360,90,603
1967-03-24T00:00:00.000+10:00,2.130,90,603
1967-03-25T00:00:00.000+10:00,1.969,90,603
1967-03-26T00:00:00.000+10:00,1.848,90,603
1967-03-27T00:00:00.000+10:00,1.775,90,603
1967-03-28T00:00:00.000+10:00,1.718,90,603
1967-03-29T00:00:00.000+10:00,1.659,90,603
1967-03-30T00:00:00.000+10:00,1.616,90,603
1967-03-31T00:00:00.000+10:00,1.580,90,603
1967-04-01T00:00:00.000+10:00,1.564,90,603
1967-04-02T00:00:00.000+10:00,1.634,90,603
1967-04-03T00:00:00.000+10:00,2.218,90,603
1967-04-04T00:00:00.000+10:00,2.754,90,603
1967-04-05T00:00:00.000+10:00,2.485,90,603
1967-04-06T00:00:00.000+10:00,2.296,90,603
1967-04-07T00:00:00.000+10:00,2.067,90,603
1967-04-08T00:00:00.000+10:00,1.876,90,603
1967-04-09T00:00:00.000+10:00,1.916,90,603
1967-04-10T00:00:00.000+10:00,2.019,90,603
1967-04-11T00:00:00.000+10:00,1.892,90,603
1967-04-12T00:00:00.000+10:00,2.117,90,603
1967-04-13T00:00:00.000+10:00,2.176,90,603
1967-04-14T00:00:00.000+10:00,2.184,90,603
1967-04-15T00:00:00.000+10:00,2.095,90,603
1967-04-16T00:00:00.000+10:00,1.999,90,603
1967-04-17T00:00:00.000+10:00,1.876,90,603
1967-04-18T00:00:00.000+10:00,1.751,90,603
1967-04-19T00:00:00.000+10:00,1.668,90,603
1967-04-20T00:00:00.000+10:00,1.606,90,603
1967-04-21T00:00:00.000+10:00,1.546,90,603
1967-04-22T00:00:00.000+10:00,1.502,90,603
1967-04-23T00:00:00.000+10:00,1.468,90,603
1967-04-24T00:00:00.000+10:00,1.482,90,603
1967-04-25T00:00:00.000+10:00,1.636,90,603
1967-04-26T00:00:00.000+10:00,1.701,90,603
1967-04-27T00:00:00.000+10:00,1.597,90,603
1967-04-28T00:00:00.000+10:00,1.492,90,603
1967-04-29T00:00:00.000+10:00,1.420,90,603
1967-04-30T00:00:00.000+10:00,1.382,90,603
1967-05-01T00:00:00.000+10:00,1.353,90,603
1967-05-02T00:00:00.000+10:00,1.324,90,603
1967-05-03T00:00:00.000+10:00,1.307,90,603
1967-05-04T00:00:00.000+10:00,1.314,90,603
1967-05-05T00:00:00.000+10:00,1.315,90,603
1967-05-06T00:00:00.000+10:00,1.316,90,603
1967-05-07T00:00:00.000+10:00,1.362,90,603
1967-05-08T00:00:00.000+10:00,1.369,90,603
1967-05-09T00:00:00.000+10:00,1.355,90,603
1967-05-10T00:00:00.000+10:00,1.338,90,603
1967-05-11T00:00:00.000+10:00,1.311,90,603
1967-05-12T00:00:00.000+10:00,1.265,90,603
1967-05-13T00:00:00.000+10:00,1.233,90,603
1967-05-14T00:00:00.000+10:00,1.214,90,603
1967-05-15T00:00:00.000+10:00,1.181,90,603
1967-05-16T00:00:00.000+10:00,1.196,90,603
1967-05-17T00:00:00.000+10:00,1.220,90,603
1967-05-18T00:00:00.000+10:00,1.290,90,603
1967-05-19T00:00:00.000+10:00,1.272,90,603
1967-05-20T00:00:00.000+10:00,1.244,90,603
1967-05-21T00:00:00.000+10:00,1.219,90,603
1967-05-22T00:00:00.000+10:00,1.209,90,603
1967-05-23T00:00:00.000+10:00,1.192,90,603
1967-05-24T00:00:00.000+10:00,1.182,90,603
1967-05-25T00:00:00.000+10:00,1.173,90,603
1967-05-26T00:00:00.000+10:00,1.168,90,603
1967-05-27T00:00:00.000+10:00,1.162,90,603
1967-05-28T00:00:00.000+10:00,1.158,90,603
1967-05-29T00:00:00.000+10:00,1.151,90,603
1967-05-30T00:00:00.000+10:00,1.142,90,603
1967-05-31T00:00:00.000+10:00,1.133,90,603
1967-06-01T00:00:00.000+10:00,1.120,90,603
1967-06-02T00:00:00.000+10:00,1.115,90,603
1967-06-03T00:00:00.000+10:00,1.110,90,603
1967-06-04T00:00:00.000+10:00,1.113,90,603
1967-06-05T00:00:00.000+10:00,1.108,90,603
1967-06-06T00:00:00.000+10:00,1.108,90,603
1967-06-07T00:00:00.000+10:00,1.124,90,603
1967-06-08T00:00:00.000+10:00,1.200,90,603
1967-06-09T00:00:00.000+10:00,1.584,90,603
1967-06-10T00:00:00.000+10:00,2.205,90,603
1967-06-11T00:00:00.000+10:00,3.979,90,603
1967-06-12T00:00:00.000+10:00,8.370,90,603
1967-06-13T00:00:00.000+10:00,18.124,90,603
1967-06-14T00:00:00.000+10:00,22.026,90,603
1967-06-15T00:00:00.000+10:00,18.938,90,603
1967-06-16T00:00:00.000+10:00,13.276,90,603
1967-06-17T00:00:00.000+10:00,8.560,90,603
1967-06-18T00:00:00.000+10:00,4.943,90,603
1967-06-19T00:00:00.000+10:00,3.408,90,603
1967-06-20T00:00:00.000+10:00,2.871,90,603
1967-06-21T00:00:00.000+10:00,3.230,90,603
1967-06-22T00:00:00.000+10:00,5.758,90,603
1967-06-23T00:00:00.000+10:00,8.478,90,603
1967-06-24T00:00:00.000+10:00,9.371,90,603
1967-06-25T00:00:00.000+10:00,7.937,90,603
1967-06-26T00:00:00.000+10:00,5.079,90,603
1967-06-27T00:00:00.000+10:00,3.940,90,603
1967-06-28T00:00:00.000+10:00,5.311,90,603
1967-06-29T00:00:00.000+10:00,7.848,90,603
1967-06-30T00:00:00.000+10:00,8.926,90,603
1967-07-01T00:00:00.000+10:00,6.805,90,603
1967-07-02T00:00:00.000+10:00,4.341,90,603
1967-07-03T00:00:00.000+10:00,3.287,90,603
1967-07-04T00:00:00.000+10:00,2.850,90,603
1967-07-05T00:00:00.000+10:00,2.554,90,603
1967-07-06T00:00:00.000+10:00,2.343,90,603
1967-07-07T00:00:00.000+10:00,2.211,90,603
1967-07-08T00:00:00.000+10:00,2.090,90,603
1967-07-09T00:00:00.000+10:00,1.999,90,603
1967-07-10T00:00:00.000+10:00,1.931,90,603
1967-07-11T00:00:00.000+10:00,1.880,90,603
1967-07-12T00:00:00.000+10:00,1.821,90,603
1967-07-13T00:00:00.000+10:00,1.773,90,603
1967-07-14T00:00:00.000+10:00,1.723,90,603
1967-07-15T00:00:00.000+10:00,1.678,90,603
1967-07-16T00:00:00.000+10:00,1.635,90,603
1967-07-17T00:00:00.000+10:00,1.599,90,603
1967-07-18T00:00:00.000+10:00,1.573,90,603
1967-07-19T00:00:00.000+10:00,1.545,90,603
1967-07-20T00:00:00.000+10:00,1.516,90,603
1967-07-21T00:00:00.000+10:00,1.490,90,603
1967-07-22T00:00:00.000+10:00,1.453,90,603
1967-07-23T00:00:00.000+10:00,1.440,90,603
1967-07-24T00:00:00.000+10:00,1.409,90,603
1967-07-25T00:00:00.000+10:00,1.400,90,603
1967-07-26T00:00:00.000+10:00,1.484,90,603
1967-07-27T00:00:00.000+10:00,1.785,90,603
1967-07-28T00:00:00.000+10:00,1.824,90,603
1967-07-29T00:00:00.000+10:00,1.773,90,603
1967-07-30T00:00:00.000+10:00,1.638,90,603
1967-07-31T00:00:00.000+10:00,1.534,90,603
1967-08-01T00:00:00.000+10:00,1.453,90,603
1967-08-02T00:00:00.000+10:00,1.403,90,603
1967-08-03T00:00:00.000+10:00,1.369,90,603
1967-08-04T00:00:00.000+10:00,1.343,90,603
1967-08-05T00:00:00.000+10:00,1.339,90,603
1967-08-06T00:00:00.000+10:00,2.721,90,603
1967-08-07T00:00:00.000+10:00,2.616,90,603
1967-08-08T00:00:00.000+10:00,2.855,90,603
1967-08-09T00:00:00.000+10:00,2.205,90,603
1967-08-10T00:00:00.000+10:00,1.861,90,603
1967-08-11T00:00:00.000+10:00,1.689,90,603
1967-08-12T00:00:00.000+10:00,1.583,90,603
1967-08-13T00:00:00.000+10:00,1.511,90,603
1967-08-14T00:00:00.000+10:00,1.456,90,603
1967-08-15T00:00:00.000+10:00,1.425,90,603
1967-08-16T00:00:00.000+10:00,1.399,90,603
1967-08-17T00:00:00.000+10:00,1.375,90,603
1967-08-18T00:00:00.000+10:00,1.354,90,603
1967-08-19T00:00:00.000+10:00,1.351,90,603
1967-08-20T00:00:00.000+10:00,1.342,90,603
1967-08-21T00:00:00.000+10:00,1.344,90,603
1967-08-22T00:00:00.000+10:00,1.373,90,603
1967-08-23T00:00:00.000+10:00,1.347,90,603
1967-08-24T00:00:00.000+10:00,1.319,90,603
1967-08-25T00:00:00.000+10:00,1.355,90,603
1967-08-26T00:00:00.000+10:00,1.488,90,603
1967-08-27T00:00:00.000+10:00,1.444,90,603
1967-08-28T00:00:00.000+10:00,1.364,90,603
1967-08-29T00:00:00.000+10:00,1.323,90,603
1967-08-30T00:00:00.000+10:00,1.287,90,603
1967-08-31T00:00:00.000+10:00,1.273,90,603
1967-09-01T00:00:00.000+10:00,1.260,90,603
1967-09-02T00:00:00.000+10:00,1.246,90,603
1967-09-03T00:00:00.000+10:00,1.234,90,603
1967-09-04T00:00:00.000+10:00,1.228,90,603
1967-09-05T00:00:00.000+10:00,1.241,90,603
1967-09-06T00:00:00.000+10:00,1.237,90,603
1967-09-07T00:00:00.000+10:00,1.234,90,603
1967-09-08T00:00:00.000+10:00,1.227,90,603
1967-09-09T00:00:00.000+10:00,1.219,90,603
1967-09-10T00:00:00.000+10:00,1.211,90,603
1967-09-11T00:00:00.000+10:00,1.200,90,603
1967-09-12T00:00:00.000+10:00,1.186,90,603
1967-09-13T00:00:00.000+10:00,1.176,90,603
1967-09-14T00:00:00.000+10:00,1.172,90,603
1967-09-15T00:00:00.000+10:00,1.164,90,603
1967-09-16T00:00:00.000+10:00,1.150,90,603
1967-09-17T00:00:00.000+10:00,1.147,90,603
1967-09-18T00:00:00.000+10:00,1.146,90,603
1967-09-19T00:00:00.000+10:00,1.132,90,603
1967-09-20T00:00:00.000+10:00,1.130,90,603
1967-09-21T00:00:00.000+10:00,1.115,90,603
1967-09-22T00:00:00.000+10:00,1.116,90,603
1967-09-23T00:00:00.000+10:00,1.098,90,603
1967-09-24T00:00:00.000+10:00,1.102,90,603
1967-09-25T00:00:00.000+10:00,1.094,90,603
1967-09-26T00:00:00.000+10:00,1.100,90,603
1967-09-27T00:00:00.000+10:00,1.095,90,603
1967-09-28T00:00:00.000+10:00,1.089,90,603
1967-09-29T00:00:00.000+10:00,1.090,90,603
1967-09-30T00:00:00.000+10:00,1.099,90,603
1967-10-01T00:00:00.000+10:00,1.097,90,603
1967-10-02T00:00:00.000+10:00,1.096,90,603
1967-10-03T00:00:00.000+10:00,1.084,90,603
1967-10-04T00:00:00.000+10:00,1.069,90,603
1967-10-05T00:00:00.000+10:00,1.068,90,603
1967-10-06T00:00:00.000+10:00,1.064,90,603
1967-10-07T00:00:00.000+10:00,1.063,90,603
1967-10-08T00:00:00.000+10:00,1.161,90,603
1967-10-09T00:00:00.000+10:00,1.102,90,603
1967-10-10T00:00:00.000+10:00,1.096,90,603
1967-10-11T00:00:00.000+10:00,1.096,90,603
1967-10-12T00:00:00.000+10:00,1.091,90,603
1967-10-13T00:00:00.000+10:00,1.063,90,603
1967-10-14T00:00:00.000+10:00,1.053,90,603
1967-10-15T00:00:00.000+10:00,1.106,90,603
1967-10-16T00:00:00.000+10:00,1.112,90,603
1967-10-17T00:00:00.000+10:00,1.119,90,603
1967-10-18T00:00:00.000+10:00,1.114,90,603
1967-10-19T00:00:00.000+10:00,1.176,90,603
1967-10-20T00:00:00.000+10:00,1.281,90,603
1967-10-21T00:00:00.000+10:00,1.380,90,603
1967-10-22T00:00:00.000+10:00,1.595,90,603
1967-10-23T00:00:00.000+10:00,1.561,90,603
1967-10-24T00:00:00.000+10:00,2.292,90,603
1967-10-25T00:00:00.000+10:00,2.157,90,603
1967-10-26T00:00:00.000+10:00,1.987,90,603
1967-10-27T00:00:00.000+10:00,1.799,90,603
1967-10-28T00:00:00.000+10:00,1.626,90,603
1967-10-29T00:00:00.000+10:00,1.496,90,603
1967-10-30T00:00:00.000+10:00,1.406,90,603
1967-10-31T00:00:00.000+10:00,1.338,90,603
1967-11-01T00:00:00.000+10:00,1.270,90,603
1967-11-02T00:00:00.000+10:00,1.253,90,603
1967-11-03T00:00:00.000+10:00,1.227,90,603
1967-11-04T00:00:00.000+10:00,1.197,90,603
1967-11-05T00:00:00.000+10:00,1.184,90,603
1967-11-06T00:00:00.000+10:00,1.163,90,603
1967-11-07T00:00:00.000+10:00,1.151,90,603
1967-11-08T00:00:00.000+10:00,1.149,90,603
1967-11-09T00:00:00.000+10:00,1.175,90,603
1967-11-10T00:00:00.000+10:00,1.184,90,603
1967-11-11T00:00:00.000+10:00,1.193,90,603
1967-11-12T00:00:00.000+10:00,1.171,90,603
1967-11-13T00:00:00.000+10:00,1.142,90,603
1967-11-14T00:00:00.000+10:00,1.125,90,603
1967-11-15T00:00:00.000+10:00,1.114,90,603
1967-11-16T00:00:00.000+10:00,1.098,90,603
1967-11-17T00:00:00.000+10:00,1.084,90,603
1967-11-18T00:00:00.000+10:00,1.073,90,603
1967-11-19T00:00:00.000+10:00,1.070,90,603
1967-11-20T00:00:00.000+10:00,1.060,90,603
1967-11-21T00:00:00.000+10:00,1.057,90,603
1967-11-22T00:00:00.000+10:00,1.048,90,603
1967-11-23T00:00:00.000+10:00,1.046,90,603
1967-11-24T00:00:00.000+10:00,1.040,90,603
1967-11-25T00:00:00.000+10:00,1.037,90,603
1967-11-26T00:00:00.000+10:00,1.048,90,603
1967-11-27T00:00:00.000+10:00,1.035,90,603
1967-11-28T00:00:00.000+10:00,1.029,90,603
1967-11-29T00:00:00.000+10:00,1.030,90,603
1967-11-30T00:00:00.000+10:00,1.016,90,603
1967-12-01T00:00:00.000+10:00,0.999,90,603
1967-12-02T00:00:00.000+10:00,0.984,90,603
1967-12-03T00:00:00.000+10:00,0.994,90,603
1967-12-04T00:00:00.000+10:00,1.077,90,603
1967-12-05T00:00:00.000+10:00,1.047,90,603
1967-12-06T00:00:00.000+10:00,1.037,90,603
1967-12-07T00:00:00.000+10:00,1.039,90,603
1967-12-08T00:00:00.000+10:00,1.062,90,603
1967-12-09T00:00:00.000+10:00,1.114,90,603
1967-12-10T00:00:00.000+10:00,1.102,90,603
1967-12-11T00:00:00.000+10:00,1.055,90,603
1967-12-12T00:00:00.000+10:00,1.024,90,603
1967-12-13T00:00:00.000+10:00,0.999,90,603
1967-12-14T00:00:00.000+10:00,1.016,90,603
1967-12-15T00:00:00.000+10:00,0.907,90,603
1967-12-16T00:00:00.000+10:00,0.921,90,603
1967-12-17T00:00:00.000+10:00,0.895,90,603
1967-12-18T00:00:00.000+10:00,0.888,90,603
1967-12-19T00:00:00.000+10:00,0.866,90,603
1967-12-20T00:00:00.000+10:00,0.874,90,603
1967-12-21T00:00:00.000+10:00,0.894,90,603
1967-12-22T00:00:00.000+10:00,0.930,90,603
1967-12-23T00:00:00.000+10:00,0.945,90,603
1967-12-24T00:00:00.000+10:00,0.891,90,603
1967-12-25T00:00:00.000+10:00,0.856,90,603
1967-12-26T00:00:00.000+10:00,0.834,90,603
1967-12-27T00:00:00.000+10:00,0.827,90,603
1967-12-28T00:00:00.000+10:00,0.799,90,603
1967-12-29T00:00:00.000+10:00,0.789,90,603
1967-12-30T00:00:00.000+10:00,0.824,90,603
1967-12-31T00:00:00.000+10:00,0.847,90,603
1968-01-01T00:00:00.000+10:00,0.907,90,603
1968-01-02T00:00:00.000+10:00,0.860,90,603
1968-01-03T00:00:00.000+10:00,0.816,90,603
1968-01-04T00:00:00.000+10:00,0.827,90,603
1968-01-05T00:00:00.000+10:00,0.955,90,603
1968-01-06T00:00:00.000+10:00,1.731,90,603
1968-01-07T00:00:00.000+10:00,1.972,90,603
1968-01-08T00:00:00.000+10:00,1.995,90,603
1968-01-09T00:00:00.000+10:00,1.541,90,603
1968-01-10T00:00:00.000+10:00,2.109,90,603
1968-01-11T00:00:00.000+10:00,3.763,90,603
1968-01-12T00:00:00.000+10:00,7.161,90,603
1968-01-13T00:00:00.000+10:00,11.400,90,603
1968-01-14T00:00:00.000+10:00,10.154,90,603
1968-01-15T00:00:00.000+10:00,6.431,90,603
1968-01-16T00:00:00.000+10:00,3.823,90,603
1968-01-17T00:00:00.000+10:00,2.882,90,603
1968-01-18T00:00:00.000+10:00,2.494,90,603
1968-01-19T00:00:00.000+10:00,2.161,90,603
1968-01-20T00:00:00.000+10:00,1.966,90,603
1968-01-21T00:00:00.000+10:00,1.781,90,603
1968-01-22T00:00:00.000+10:00,1.639,90,603
1968-01-23T00:00:00.000+10:00,1.527,90,603
1968-01-24T00:00:00.000+10:00,1.446,90,603
1968-01-25T00:00:00.000+10:00,1.415,90,603
1968-01-26T00:00:00.000+10:00,1.403,90,603
1968-01-27T00:00:00.000+10:00,1.374,90,603
1968-01-28T00:00:00.000+10:00,1.346,90,603
1968-01-29T00:00:00.000+10:00,1.319,90,603
1968-01-30T00:00:00.000+10:00,1.311,90,603
1968-01-31T00:00:00.000+10:00,1.297,90,603
1968-02-01T00:00:00.000+10:00,1.294,90,603
1968-02-02T00:00:00.000+10:00,1.281,90,603
1968-02-03T00:00:00.000+10:00,1.275,90,603
1968-02-04T00:00:00.000+10:00,1.267,90,603
1968-02-05T00:00:00.000+10:00,1.253,90,603
1968-02-06T00:00:00.000+10:00,1.244,90,603
1968-02-07T00:00:00.000+10:00,1.237,90,603
1968-02-08T00:00:00.000+10:00,1.227,90,603
1968-02-09T00:00:00.000+10:00,1.216,90,603
1968-02-10T00:00:00.000+10:00,1.212,90,603
1968-02-11T00:00:00.000+10:00,1.339,90,603
1968-02-12T00:00:00.000+10:00,1.679,90,603
1968-02-13T00:00:00.000+10:00,1.821,90,603
1968-02-14T00:00:00.000+10:00,1.756,90,603
1968-02-15T00:00:00.000+10:00,1.919,90,603
1968-02-16T00:00:00.000+10:00,1.850,90,603
1968-02-17T00:00:00.000+10:00,2.030,90,603
1968-02-18T00:00:00.000+10:00,1.878,90,603
1968-02-19T00:00:00.000+10:00,1.623,90,603
1968-02-20T00:00:00.000+10:00,1.473,90,603
1968-02-21T00:00:00.000+10:00,1.388,90,603
1968-02-22T00:00:00.000+10:00,1.384,90,603
1968-02-23T00:00:00.000+10:00,1.374,90,603
1968-02-24T00:00:00.000+10:00,1.358,90,603
1968-02-25T00:00:00.000+10:00,1.339,90,603
1968-02-26T00:00:00.000+10:00,1.324,90,603
1968-02-27T00:00:00.000+10:00,1.305,90,603
1968-02-28T00:00:00.000+10:00,1.283,90,603
1968-02-29T00:00:00.000+10:00,1.263,90,603
1968-03-01T00:00:00.000+10:00,1.251,90,603
1968-03-02T00:00:00.000+10:00,1.241,90,603
1968-03-03T00:00:00.000+10:00,1.228,90,603
1968-03-04T00:00:00.000+10:00,1.215,90,603
1968-03-05T00:00:00.000+10:00,1.652,90,603
1968-03-06T00:00:00.000+10:00,1.381,90,603
1968-03-07T00:00:00.000+10:00,1.349,90,603
1968-03-08T00:00:00.000+10:00,1.317,90,603
1968-03-09T00:00:00.000+10:00,1.290,90,603
1968-03-10T00:00:00.000+10:00,1.263,90,603
1968-03-11T00:00:00.000+10:00,1.230,90,603
1968-03-12T00:00:00.000+10:00,1.197,90,603
1968-03-13T00:00:00.000+10:00,1.171,90,603
1968-03-14T00:00:00.000+10:00,1.160,90,603
1968-03-15T00:00:00.000+10:00,1.147,90,603
1968-03-16T00:00:00.000+10:00,1.135,90,603
1968-03-17T00:00:00.000+10:00,1.125,90,603
1968-03-18T00:00:00.000+10:00,1.115,90,603
1968-03-19T00:00:00.000+10:00,1.106,90,603
1968-03-20T00:00:00.000+10:00,1.103,90,603
1968-03-21T00:00:00.000+10:00,1.101,90,603
1968-03-22T00:00:00.000+10:00,1.098,90,603
1968-03-23T00:00:00.000+10:00,1.096,90,603
1968-03-24T00:00:00.000+10:00,1.094,90,603
1968-03-25T00:00:00.000+10:00,1.089,90,603
1968-03-26T00:00:00.000+10:00,1.088,90,603
1968-03-27T00:00:00.000+10:00,1.085,90,603
1968-03-28T00:00:00.000+10:00,1.071,90,603
1968-03-29T00:00:00.000+10:00,1.064,90,603
1968-03-30T00:00:00.000+10:00,1.055,90,603
1968-03-31T00:00:00.000+10:00,1.055,90,603
1968-04-01T00:00:00.000+10:00,,-1,603
1968-04-02T00:00:00.000+10:00,,-1,603
1968-04-03T00:00:00.000+10:00,,-1,603
1968-04-04T00:00:00.000+10:00,,-1,603
1968-04-05T00:00:00.000+10:00,,-1,603
1968-04-06T00:00:00.000+10:00,,-1,603
1968-04-07T00:00:00.000+10:00,,-1,603
1968-04-08T00:00:00.000+10:00,,-1,603
1968-04-09T00:00:00.000+10:00,,-1,603
1968-04-10T00:00:00.000+10:00,,-1,603
1968-04-11T00:00:00.000+10:00,1.017,90,603
1968-04-12T00:00:00.000+10:00,1.017,90,603
1968-04-13T00:00:00.000+10:00,1.019,90,603
1968-04-14T00:00:00.000+10:00,1.012,90,603
1968-04-15T00:00:00.000+10:00,1.001,90,603
1968-04-16T00:00:00.000+10:00,0.994,90,603
1968-04-17T00:00:00.000+10:00,0.989,90,603
1968-04-18T00:00:00.000+10:00,0.985,90,603
1968-04-19T00:00:00.000+10:00,0.974,90,603
1968-04-20T00:00:00.000+10:00,0.966,90,603
1968-04-21T00:00:00.000+10:00,0.946,90,603
1968-04-22T00:00:00.000+10:00,0.937,90,603
1968-04-23T00:00:00.000+10:00,0.930,90,603
1968-04-24T00:00:00.000+10:00,0.926,90,603
1968-04-25T00:00:00.000+10:00,0.926,90,603
1968-04-26T00:00:00.000+10:00,0.925,90,603
1968-04-27T00:00:00.000+10:00,0.928,90,603
1968-04-28T00:00:00.000+10:00,0.934,90,603
1968-04-29T00:00:00.000+10:00,0.935,90,603
1968-04-30T00:00:00.000+10:00,0.906,90,603
1968-05-01T00:00:00.000+10:00,0.928,90,603
1968-05-02T00:00:00.000+10:00,0.926,90,603
1968-05-03T00:00:00.000+10:00,0.928,90,603
1968-05-04T00:00:00.000+10:00,0.889,90,603
1968-05-05T00:00:00.000+10:00,0.846,90,603
1968-05-06T00:00:00.000+10:00,0.848,90,603
1968-05-07T00:00:00.000+10:00,0.854,90,603
1968-05-08T00:00:00.000+10:00,0.838,90,603
1968-05-09T00:00:00.000+10:00,0.862,90,603
1968-05-10T00:00:00.000+10:00,0.923,90,603
1968-05-11T00:00:00.000+10:00,0.930,90,603
1968-05-12T00:00:00.000+10:00,0.930,90,603
1968-05-13T00:00:00.000+10:00,0.918,90,603
1968-05-14T00:00:00.000+10:00,0.925,90,603
1968-05-15T00:00:00.000+10:00,0.965,90,603
1968-05-16T00:00:00.000+10:00,0.993,90,603
1968-05-17T00:00:00.000+10:00,0.942,90,603
1968-05-18T00:00:00.000+10:00,0.901,90,603
1968-05-19T00:00:00.000+10:00,0.872,90,603
1968-05-20T00:00:00.000+10:00,0.840,90,603
1968-05-21T00:00:00.000+10:00,0.817,90,603
1968-05-22T00:00:00.000+10:00,0.796,90,603
1968-05-23T00:00:00.000+10:00,0.765,90,603
1968-05-24T00:00:00.000+10:00,0.780,90,603
1968-05-25T00:00:00.000+10:00,0.751,90,603
1968-05-26T00:00:00.000+10:00,0.752,90,603
1968-05-27T00:00:00.000+10:00,0.761,90,603
1968-05-28T00:00:00.000+10:00,0.718,90,603
1968-05-29T00:00:00.000+10:00,0.732,90,603
1968-05-30T00:00:00.000+10:00,0.734,90,603
1968-05-31T00:00:00.000+10:00,0.719,90,603
1968-06-01T00:00:00.000+10:00,0.711,90,603
1968-06-02T00:00:00.000+10:00,0.699,90,603
1968-06-03T00:00:00.000+10:00,0.714,90,603
1968-06-04T00:00:00.000+10:00,0.714,90,603
1968-06-05T00:00:00.000+10:00,0.684,90,603
1968-06-06T00:00:00.000+10:00,0.723,90,603
1968-06-07T00:00:00.000+10:00,0.693,90,603
1968-06-08T00:00:00.000+10:00,0.659,90,603
1968-06-09T00:00:00.000+10:00,0.629,90,603
1968-06-10T00:00:00.000+10:00,0.657,90,603
1968-06-11T00:00:00.000+10:00,0.699,90,603
1968-06-12T00:00:00.000+10:00,0.690,90,603
1968-06-13T00:00:00.000+10:00,0.691,90,603
1968-06-14T00:00:00.000+10:00,0.683,90,603
1968-06-15T00:00:00.000+10:00,0.679,90,603
1968-06-16T00:00:00.000+10:00,0.688,90,603
1968-06-17T00:00:00.000+10:00,0.686,90,603
1968-06-18T00:00:00.000+10:00,0.688,90,603
1968-06-19T00:00:00.000+10:00,0.685,90,603
1968-06-20T00:00:00.000+10:00,0.688,90,603
1968-06-21T00:00:00.000+10:00,0.684,90,603
1968-06-22T00:00:00.000+10:00,0.654,90,603
1968-06-23T00:00:00.000+10:00,0.634,90,603
1968-06-24T00:00:00.000+10:00,0.635,90,603
1968-06-25T00:00:00.000+10:00,0.657,90,603
1968-06-26T00:00:00.000+10:00,0.623,90,603
1968-06-27T00:00:00.000+10:00,0.619,90,603
1968-06-28T00:00:00.000+10:00,0.614,90,603
1968-06-29T00:00:00.000+10:00,0.582,90,603
1968-06-30T00:00:00.000+10:00,0.569,90,603
1968-07-01T00:00:00.000+10:00,0.625,90,603
1968-07-02T00:00:00.000+10:00,0.604,90,603
1968-07-03T00:00:00.000+10:00,0.595,90,603
1968-07-04T00:00:00.000+10:00,0.643,90,603
1968-07-05T00:00:00.000+10:00,0.617,90,603
1968-07-06T00:00:00.000+10:00,0.615,90,603
1968-07-07T00:00:00.000+10:00,0.593,90,603
1968-07-08T00:00:00.000+10:00,0.637,90,603
1968-07-09T00:00:00.000+10:00,0.600,90,603
1968-07-10T00:00:00.000+10:00,0.602,90,603
1968-07-11T00:00:00.000+10:00,0.602,90,603
1968-07-12T00:00:00.000+10:00,0.595,90,603
1968-07-13T00:00:00.000+10:00,0.580,90,603
1968-07-14T00:00:00.000+10:00,0.566,90,603
1968-07-15T00:00:00.000+10:00,0.599,90,603
1968-07-16T00:00:00.000+10:00,0.602,90,603
1968-07-17T00:00:00.000+10:00,0.598,90,603
1968-07-18T00:00:00.000+10:00,0.627,90,603
1968-07-19T00:00:00.000+10:00,0.687,90,603
1968-07-20T00:00:00.000+10:00,0.697,90,603
1968-07-21T00:00:00.000+10:00,0.806,90,603
1968-07-22T00:00:00.000+10:00,0.786,90,603
1968-07-23T00:00:00.000+10:00,0.735,90,603
1968-07-24T00:00:00.000+10:00,0.652,90,603
1968-07-25T00:00:00.000+10:00,0.627,90,603
1968-07-26T00:00:00.000+10:00,0.588,90,603
1968-07-27T00:00:00.000+10:00,0.593,90,603
1968-07-28T00:00:00.000+10:00,0.576,90,603
1968-07-29T00:00:00.000+10:00,0.594,90,603
1968-07-30T00:00:00.000+10:00,0.589,90,603
1968-07-31T00:00:00.000+10:00,0.606,90,603
1968-08-01T00:00:00.000+10:00,0.609,90,603
1968-08-02T00:00:00.000+10:00,0.604,90,603
1968-08-03T00:00:00.000+10:00,0.600,90,603
1968-08-04T00:00:00.000+10:00,0.607,90,603
1968-08-05T00:00:00.000+10:00,0.601,90,603
1968-08-06T00:00:00.000+10:00,0.606,90,603
1968-08-07T00:00:00.000+10:00,0.602,90,603
1968-08-08T00:00:00.000+10:00,0.592,90,603
1968-08-09T00:00:00.000+10:00,0.602,90,603
1968-08-10T00:00:00.000+10:00,0.604,90,603
1968-08-11T00:00:00.000+10:00,0.606,90,603
1968-08-12T00:00:00.000+10:00,0.610,90,603
1968-08-13T00:00:00.000+10:00,0.694,90,603
1968-08-14T00:00:00.000+10:00,2.656,90,603
1968-08-15T00:00:00.000+10:00,3.431,90,603
1968-08-16T00:00:00.000+10:00,3.687,90,603
1968-08-17T00:00:00.000+10:00,2.327,90,603
1968-08-18T00:00:00.000+10:00,1.848,90,603
1968-08-19T00:00:00.000+10:00,2.006,90,603
1968-08-20T00:00:00.000+10:00,1.755,90,603
1968-08-21T00:00:00.000+10:00,1.564,90,603
1968-08-22T00:00:00.000+10:00,1.430,90,603
1968-08-23T00:00:00.000+10:00,1.335,90,603
1968-08-24T00:00:00.000+10:00,1.280,90,603
1968-08-25T00:00:00.000+10:00,1.240,90,603
1968-08-26T00:00:00.000+10:00,1.205,90,603
1968-08-27T00:00:00.000+10:00,1.170,90,603
1968-08-28T00:00:00.000+10:00,1.153,90,603
1968-08-29T00:00:00.000+10:00,1.153,90,603
1968-08-30T00:00:00.000+10:00,1.118,90,603
1968-08-31T00:00:00.000+10:00,1.103,90,603
1968-09-01T00:00:00.000+10:00,1.080,90,603
1968-09-02T00:00:00.000+10:00,1.042,90,603
1968-09-03T00:00:00.000+10:00,1.013,90,603
1968-09-04T00:00:00.000+10:00,0.989,90,603
1968-09-05T00:00:00.000+10:00,0.976,90,603
1968-09-06T00:00:00.000+10:00,0.961,90,603
1968-09-07T00:00:00.000+10:00,0.942,90,603
1968-09-08T00:00:00.000+10:00,0.932,90,603
1968-09-09T00:00:00.000+10:00,0.936,90,603
1968-09-10T00:00:00.000+10:00,0.953,90,603
1968-09-11T00:00:00.000+10:00,0.918,90,603
1968-09-12T00:00:00.000+10:00,0.899,90,603
1968-09-13T00:00:00.000+10:00,0.895,90,603
1968-09-14T00:00:00.000+10:00,0.935,90,603
1968-09-15T00:00:00.000+10:00,0.976,90,603
1968-09-16T00:00:00.000+10:00,1.009,90,603
1968-09-17T00:00:00.000+10:00,0.957,90,603
1968-09-18T00:00:00.000+10:00,0.913,90,603
1968-09-19T00:00:00.000+10:00,0.878,90,603
1968-09-20T00:00:00.000+10:00,0.857,90,603
1968-09-21T00:00:00.000+10:00,0.849,90,603
1968-09-22T00:00:00.000+10:00,0.839,90,603
1968-09-23T00:00:00.000+10:00,0.814,90,603
1968-09-24T00:00:00.000+10:00,0.810,90,603
1968-09-25T00:00:00.000+10:00,0.792,90,603
1968-09-26T00:00:00.000+10:00,0.782,90,603
1968-09-27T00:00:00.000+10:00,0.752,90,603
1968-09-28T00:00:00.000+10:00,0.758,90,603
1968-09-29T00:00:00.000+10:00,0.738,90,603
1968-09-30T00:00:00.000+10:00,0.747,90,603
1968-10-01T00:00:00.000+10:00,0.736,90,603
1968-10-02T00:00:00.000+10:00,0.739,90,603
1968-10-03T00:00:00.000+10:00,0.736,90,603
1968-10-04T00:00:00.000+10:00,0.711,90,603
1968-10-05T00:00:00.000+10:00,0.706,90,603
1968-10-06T00:00:00.000+10:00,0.704,90,603
1968-10-07T00:00:00.000+10:00,0.732,90,603
1968-10-08T00:00:00.000+10:00,0.770,90,603
1968-10-09T00:00:00.000+10:00,0.865,90,603
1968-10-10T00:00:00.000+10:00,0.787,90,603
1968-10-11T00:00:00.000+10:00,0.773,90,603
1968-10-12T00:00:00.000+10:00,0.733,90,603
1968-10-13T00:00:00.000+10:00,0.719,90,603
1968-10-14T00:00:00.000+10:00,0.700,90,603
1968-10-15T00:00:00.000+10:00,0.701,90,603
1968-10-16T00:00:00.000+10:00,0.656,90,603
1968-10-17T00:00:00.000+10:00,0.664,90,603
1968-10-18T00:00:00.000+10:00,0.661,90,603
1968-10-19T00:00:00.000+10:00,0.660,90,603
1968-10-20T00:00:00.000+10:00,0.658,90,603
1968-10-21T00:00:00.000+10:00,0.653,90,603
1968-10-22T00:00:00.000+10:00,0.653,90,603
1968-10-23T00:00:00.000+10:00,0.642,90,603
1968-10-24T00:00:00.000+10:00,0.636,90,603
1968-10-25T00:00:00.000+10:00,0.643,90,603
1968-10-26T00:00:00.000+10:00,0.642,90,603
1968-10-27T00:00:00.000+10:00,0.700,90,603
1968-10-28T00:00:00.000+10:00,0.761,90,603
1968-10-29T00:00:00.000+10:00,0.738,90,603
1968-10-30T00:00:00.000+10:00,0.651,90,603
1968-10-31T00:00:00.000+10:00,0.639,90,603
1968-11-01T00:00:00.000+10:00,0.612,90,603
1968-11-02T00:00:00.000+10:00,0.614,90,603
1968-11-03T00:00:00.000+10:00,0.608,90,603
1968-11-04T00:00:00.000+10:00,0.622,90,603
1968-11-05T00:00:00.000+10:00,0.626,90,603
1968-11-06T00:00:00.000+10:00,0.628,90,603
1968-11-07T00:00:00.000+10:00,0.676,90,603
1968-11-08T00:00:00.000+10:00,0.793,90,603
1968-11-09T00:00:00.000+10:00,0.786,90,603
1968-11-10T00:00:00.000+10:00,0.688,90,603
1968-11-11T00:00:00.000+10:00,0.654,90,603
1968-11-12T00:00:00.000+10:00,0.708,90,603
1968-11-13T00:00:00.000+10:00,0.737,90,603
1968-11-14T00:00:00.000+10:00,0.741,90,603
1968-11-15T00:00:00.000+10:00,0.682,90,603
1968-11-16T00:00:00.000+10:00,0.626,90,603
1968-11-17T00:00:00.000+10:00,0.599,90,603
1968-11-18T00:00:00.000+10:00,0.590,90,603
1968-11-19T00:00:00.000+10:00,0.578,90,603
1968-11-20T00:00:00.000+10:00,0.571,90,603
1968-11-21T00:00:00.000+10:00,0.559,90,603
1968-11-22T00:00:00.000+10:00,0.552,90,603
1968-11-23T00:00:00.000+10:00,0.544,90,603
1968-11-24T00:00:00.000+10:00,0.536,90,603
1968-11-25T00:00:00.000+10:00,0.538,90,603
1968-11-26T00:00:00.000+10:00,0.537,90,603
1968-11-27T00:00:00.000+10:00,0.534,90,603
1968-11-28T00:00:00.000+10:00,0.535,90,603
1968-11-29T00:00:00.000+10:00,0.537,90,603
1968-11-30T00:00:00.000+10:00,0.544,90,603
1968-12-01T00:00:00.000+10:00,0.540,90,603
1968-12-02T00:00:00.000+10:00,0.551,90,603
1968-12-03T00:00:00.000+10:00,0.553,90,603
1968-12-04T00:00:00.000+10:00,0.570,90,603
1968-12-05T00:00:00.000+10:00,0.700,90,603
1968-12-06T00:00:00.000+10:00,0.932,90,603
1968-12-07T00:00:00.000+10:00,0.975,90,603
1968-12-08T00:00:00.000+10:00,0.998,90,603
1968-12-09T00:00:00.000+10:00,0.852,90,603
1968-12-10T00:00:00.000+10:00,0.751,90,603
1968-12-11T00:00:00.000+10:00,0.668,90,603
1968-12-12T00:00:00.000+10:00,0.665,90,603
1968-12-13T00:00:00.000+10:00,0.657,90,603
1968-12-14T00:00:00.000+10:00,0.666,90,603
1968-12-15T00:00:00.000+10:00,0.641,90,603
1968-12-16T00:00:00.000+10:00,0.599,90,603
1968-12-17T00:00:00.000+10:00,0.607,90,603
1968-12-18T00:00:00.000+10:00,0.604,90,603
1968-12-19T00:00:00.000+10:00,0.589,90,603
1968-12-20T00:00:00.000+10:00,0.626,90,603
1968-12-21T00:00:00.000+10:00,0.621,90,603
1968-12-22T00:00:00.000+10:00,0.586,90,603
1968-12-23T00:00:00.000+10:00,0.562,90,603
1968-12-24T00:00:00.000+10:00,0.629,90,603
1968-12-25T00:00:00.000+10:00,0.633,90,603
1968-12-26T00:00:00.000+10:00,0.613,90,603
1968-12-27T00:00:00.000+10:00,0.596,90,603
1968-12-28T00:00:00.000+10:00,0.575,90,603
1968-12-29T00:00:00.000+10:00,0.555,90,603
1968-12-30T00:00:00.000+10:00,0.542,90,603
1968-12-31T00:00:00.000+10:00,0.540,90,603
1969-01-01T00:00:00.000+10:00,0.595,90,603
1969-01-02T00:00:00.000+10:00,0.577,90,603
1969-01-03T00:00:00.000+10:00,0.614,90,603
1969-01-04T00:00:00.000+10:00,0.917,90,603
1969-01-05T00:00:00.000+10:00,0.962,90,603
1969-01-06T00:00:00.000+10:00,1.201,90,603
1969-01-07T00:00:00.000+10:00,1.262,90,603
1969-01-08T00:00:00.000+10:00,1.146,90,603
1969-01-09T00:00:00.000+10:00,1.052,90,603
1969-01-10T00:00:00.000+10:00,1.056,90,603
1969-01-11T00:00:00.000+10:00,0.875,90,603
1969-01-12T00:00:00.000+10:00,0.815,90,603
1969-01-13T00:00:00.000+10:00,0.824,90,603
1969-01-14T00:00:00.000+10:00,0.827,90,603
1969-01-15T00:00:00.000+10:00,0.777,90,603
1969-01-16T00:00:00.000+10:00,0.738,90,603
1969-01-17T00:00:00.000+10:00,0.662,90,603
1969-01-18T00:00:00.000+10:00,0.620,90,603
1969-01-19T00:00:00.000+10:00,0.624,90,603
1969-01-20T00:00:00.000+10:00,0.884,90,603
1969-01-21T00:00:00.000+10:00,0.825,90,603
1969-01-22T00:00:00.000+10:00,0.743,90,603
1969-01-23T00:00:00.000+10:00,0.668,90,603
1969-01-24T00:00:00.000+10:00,0.654,90,603
1969-01-25T00:00:00.000+10:00,0.609,90,603
1969-01-26T00:00:00.000+10:00,0.579,90,603
1969-01-27T00:00:00.000+10:00,0.559,90,603
1969-01-28T00:00:00.000+10:00,0.555,90,603
1969-01-29T00:00:00.000+10:00,0.554,90,603
1969-01-30T00:00:00.000+10:00,0.538,90,603
1969-01-31T00:00:00.000+10:00,0.530,90,603
1969-02-01T00:00:00.000+10:00,0.524,90,603
1969-02-02T00:00:00.000+10:00,0.529,90,603
1969-02-03T00:00:00.000+10:00,0.529,90,603
1969-02-04T00:00:00.000+10:00,0.513,90,603
1969-02-05T00:00:00.000+10:00,0.508,90,603
1969-02-06T00:00:00.000+10:00,0.509,90,603
1969-02-07T00:00:00.000+10:00,0.522,90,603
1969-02-08T00:00:00.000+10:00,0.529,90,603
1969-02-09T00:00:00.000+10:00,0.533,90,603
1969-02-10T00:00:00.000+10:00,0.542,90,603
1969-02-11T00:00:00.000+10:00,0.871,90,603
1969-02-12T00:00:00.000+10:00,1.839,90,603
1969-02-13T00:00:00.000+10:00,1.998,90,603
1969-02-14T00:00:00.000+10:00,1.906,90,603
1969-02-15T00:00:00.000+10:00,1.782,90,603
1969-02-16T00:00:00.000+10:00,1.499,90,603
1969-02-17T00:00:00.000+10:00,1.306,90,603
1969-02-18T00:00:00.000+10:00,1.203,90,603
1969-02-19T00:00:00.000+10:00,1.123,90,603
1969-02-20T00:00:00.000+10:00,1.115,90,603
1969-02-21T00:00:00.000+10:00,1.121,90,603
1969-02-22T00:00:00.000+10:00,1.114,90,603
1969-02-23T00:00:00.000+10:00,1.110,90,603
1969-02-24T00:00:00.000+10:00,1.096,90,603
1969-02-25T00:00:00.000+10:00,1.071,90,603
1969-02-26T00:00:00.000+10:00,1.034,90,603
1969-02-27T00:00:00.000+10:00,1.015,90,603
1969-02-28T00:00:00.000+10:00,1.004,90,603
1969-03-01T00:00:00.000+10:00,1.040,90,603
1969-03-02T00:00:00.000+10:00,1.045,90,603
1969-03-03T00:00:00.000+10:00,1.032,90,603
1969-03-04T00:00:00.000+10:00,1.000,90,603
1969-03-05T00:00:00.000+10:00,0.977,90,603
1969-03-06T00:00:00.000+10:00,0.994,90,603
1969-03-07T00:00:00.000+10:00,0.961,90,603
1969-03-08T00:00:00.000+10:00,0.984,90,603
1969-03-09T00:00:00.000+10:00,0.939,90,603
1969-03-10T00:00:00.000+10:00,0.874,90,603
1969-03-11T00:00:00.000+10:00,0.836,90,603
1969-03-12T00:00:00.000+10:00,0.818,90,603
1969-03-13T00:00:00.000+10:00,0.789,90,603
1969-03-14T00:00:00.000+10:00,0.774,90,603
1969-03-15T00:00:00.000+10:00,0.764,90,603
1969-03-16T00:00:00.000+10:00,0.733,90,603
1969-03-17T00:00:00.000+10:00,0.732,90,603
1969-03-18T00:00:00.000+10:00,0.735,90,603
1969-03-19T00:00:00.000+10:00,0.731,90,603
1969-03-20T00:00:00.000+10:00,0.739,90,603
1969-03-21T00:00:00.000+10:00,0.752,90,603
1969-03-22T00:00:00.000+10:00,0.789,90,603
1969-03-23T00:00:00.000+10:00,0.771,90,603
1969-03-24T00:00:00.000+10:00,0.831,90,603
1969-03-25T00:00:00.000+10:00,0.969,90,603
1969-03-26T00:00:00.000+10:00,0.905,90,603
1969-03-27T00:00:00.000+10:00,0.846,90,603
1969-03-28T00:00:00.000+10:00,0.820,90,603
1969-03-29T00:00:00.000+10:00,0.790,90,603
1969-03-30T00:00:00.000+10:00,0.784,90,603
1969-03-31T00:00:00.000+10:00,0.761,90,603
1969-04-01T00:00:00.000+10:00,0.741,90,603
1969-04-02T00:00:00.000+10:00,0.792,90,603
1969-04-03T00:00:00.000+10:00,0.776,90,603
1969-04-04T00:00:00.000+10:00,0.705,90,603
1969-04-05T00:00:00.000+10:00,0.681,90,603
1969-04-06T00:00:00.000+10:00,0.665,90,603
1969-04-07T00:00:00.000+10:00,0.664,90,603
1969-04-08T00:00:00.000+10:00,0.664,90,603
1969-04-09T00:00:00.000+10:00,0.650,90,603
1969-04-10T00:00:00.000+10:00,0.638,90,603
1969-04-11T00:00:00.000+10:00,0.617,90,603
1969-04-12T00:00:00.000+10:00,0.613,90,603
1969-04-13T00:00:00.000+10:00,0.607,90,603
1969-04-14T00:00:00.000+10:00,0.598,90,603
1969-04-15T00:00:00.000+10:00,0.604,90,603
1969-04-16T00:00:00.000+10:00,0.712,90,603
1969-04-17T00:00:00.000+10:00,0.926,90,603
1969-04-18T00:00:00.000+10:00,0.966,90,603
1969-04-19T00:00:00.000+10:00,0.953,90,603
1969-04-20T00:00:00.000+10:00,0.793,90,603
1969-04-21T00:00:00.000+10:00,0.767,90,603
1969-04-22T00:00:00.000+10:00,0.701,90,603
1969-04-23T00:00:00.000+10:00,0.670,90,603
1969-04-24T00:00:00.000+10:00,0.664,90,603
1969-04-25T00:00:00.000+10:00,0.636,90,603
1969-04-26T00:00:00.000+10:00,0.627,90,603
1969-04-27T00:00:00.000+10:00,0.618,90,603
1969-04-28T00:00:00.000+10:00,0.625,90,603
1969-04-29T00:00:00.000+10:00,0.620,90,603
1969-04-30T00:00:00.000+10:00,0.611,90,603
1969-05-01T00:00:00.000+10:00,0.605,90,603
1969-05-02T00:00:00.000+10:00,0.626,90,603
1969-05-03T00:00:00.000+10:00,0.678,90,603
1969-05-04T00:00:00.000+10:00,0.708,90,603
1969-05-05T00:00:00.000+10:00,0.699,90,603
1969-05-06T00:00:00.000+10:00,0.680,90,603
1969-05-07T00:00:00.000+10:00,0.681,90,603
1969-05-08T00:00:00.000+10:00,0.652,90,603
1969-05-09T00:00:00.000+10:00,0.633,90,603
1969-05-10T00:00:00.000+10:00,0.623,90,603
1969-05-11T00:00:00.000+10:00,0.689,90,603
1969-05-12T00:00:00.000+10:00,0.704,90,603
1969-05-13T00:00:00.000+10:00,1.014,90,603
1969-05-14T00:00:00.000+10:00,1.087,90,603
1969-05-15T00:00:00.000+10:00,2.643,90,603
1969-05-16T00:00:00.000+10:00,2.069,90,603
1969-05-17T00:00:00.000+10:00,1.668,90,603
1969-05-18T00:00:00.000+10:00,1.469,90,603
1969-05-19T00:00:00.000+10:00,1.312,90,603
1969-05-20T00:00:00.000+10:00,1.230,90,603
1969-05-21T00:00:00.000+10:00,1.179,90,603
1969-05-22T00:00:00.000+10:00,1.144,90,603
1969-05-23T00:00:00.000+10:00,1.107,90,603
1969-05-24T00:00:00.000+10:00,1.070,90,603
1969-05-25T00:00:00.000+10:00,1.026,90,603
1969-05-26T00:00:00.000+10:00,0.984,90,603
1969-05-27T00:00:00.000+10:00,0.954,90,603
1969-05-28T00:00:00.000+10:00,0.989,90,603
1969-05-29T00:00:00.000+10:00,1.030,90,603
1969-05-30T00:00:00.000+10:00,1.056,90,603
1969-05-31T00:00:00.000+10:00,1.076,90,603
1969-06-01T00:00:00.000+10:00,1.019,90,603
1969-06-02T00:00:00.000+10:00,0.952,90,603
1969-06-03T00:00:00.000+10:00,0.900,90,603
1969-06-04T00:00:00.000+10:00,0.874,90,603
1969-06-05T00:00:00.000+10:00,0.872,90,603
1969-06-06T00:00:00.000+10:00,0.997,90,603
1969-06-07T00:00:00.000+10:00,1.778,90,603
1969-06-08T00:00:00.000+10:00,1.562,90,603
1969-06-09T00:00:00.000+10:00,1.385,90,603
1969-06-10T00:00:00.000+10:00,1.293,90,603
1969-06-11T00:00:00.000+10:00,1.228,90,603
1969-06-12T00:00:00.000+10:00,1.157,90,603
1969-06-13T00:00:00.000+10:00,1.117,90,603
1969-06-14T00:00:00.000+10:00,1.117,90,603
1969-06-15T00:00:00.000+10:00,1.097,90,603
1969-06-16T00:00:00.000+10:00,1.043,90,603
1969-06-17T00:00:00.000+10:00,1.000,90,603
1969-06-18T00:00:00.000+10:00,0.978,90,603
1969-06-19T00:00:00.000+10:00,0.982,90,603
1969-06-20T00:00:00.000+10:00,0.984,90,603
1969-06-21T00:00:00.000+10:00,0.968,90,603
1969-06-22T00:00:00.000+10:00,0.969,90,603
1969-06-23T00:00:00.000+10:00,1.032,90,603
1969-06-24T00:00:00.000+10:00,1.119,90,603
1969-06-25T00:00:00.000+10:00,1.239,90,603
1969-06-26T00:00:00.000+10:00,1.196,90,603
1969-06-27T00:00:00.000+10:00,1.159,90,603
1969-06-28T00:00:00.000+10:00,1.130,90,603
1969-06-29T00:00:00.000+10:00,1.115,90,603
1969-06-30T00:00:00.000+10:00,1.099,90,603
1969-07-01T00:00:00.000+10:00,1.087,90,603
1969-07-02T00:00:00.000+10:00,1.078,90,603
1969-07-03T00:00:00.000+10:00,1.045,90,603
1969-07-04T00:00:00.000+10:00,1.025,90,603
1969-07-05T00:00:00.000+10:00,1.011,90,603
1969-07-06T00:00:00.000+10:00,0.985,90,603
1969-07-07T00:00:00.000+10:00,0.957,90,603
1969-07-08T00:00:00.000+10:00,0.934,90,603
1969-07-09T00:00:00.000+10:00,0.928,90,603
1969-07-10T00:00:00.000+10:00,0.911,90,603
1969-07-11T00:00:00.000+10:00,0.910,90,603
1969-07-12T00:00:00.000+10:00,0.890,90,603
1969-07-13T00:00:00.000+10:00,0.887,90,603
1969-07-14T00:00:00.000+10:00,0.887,90,603
1969-07-15T00:00:00.000+10:00,0.893,90,603
1969-07-16T00:00:00.000+10:00,0.899,90,603
1969-07-17T00:00:00.000+10:00,0.879,90,603
1969-07-18T00:00:00.000+10:00,0.872,90,603
1969-07-19T00:00:00.000+10:00,0.872,90,603
1969-07-20T00:00:00.000+10:00,0.872,90,603
1969-07-21T00:00:00.000+10:00,0.882,90,603
1969-07-22T00:00:00.000+10:00,0.879,90,603
1969-07-23T00:00:00.000+10:00,0.861,90,603
1969-07-24T00:00:00.000+10:00,0.858,90,603
1969-07-25T00:00:00.000+10:00,0.874,90,603
1969-07-26T00:00:00.000+10:00,0.815,90,603
1969-07-27T00:00:00.000+10:00,0.798,90,603
1969-07-28T00:00:00.000+10:00,0.791,90,603
1969-07-29T00:00:00.000+10:00,0.786,90,603
1969-07-30T00:00:00.000+10:00,0.786,90,603
1969-07-31T00:00:00.000+10:00,0.785,90,603
1969-08-01T00:00:00.000+10:00,0.756,90,603
1969-08-02T00:00:00.000+10:00,0.759,90,603
1969-08-03T00:00:00.000+10:00,0.755,90,603
1969-08-04T00:00:00.000+10:00,0.746,90,603
1969-08-05T00:00:00.000+10:00,0.731,90,603
1969-08-06T00:00:00.000+10:00,0.728,90,603
1969-08-07T00:00:00.000+10:00,0.728,90,603
1969-08-08T00:00:00.000+10:00,0.721,90,603
1969-08-09T00:00:00.000+10:00,0.714,90,603
1969-08-10T00:00:00.000+10:00,0.715,90,603
1969-08-11T00:00:00.000+10:00,0.701,90,603
1969-08-12T00:00:00.000+10:00,0.702,90,603
1969-08-13T00:00:00.000+10:00,0.696,90,603
1969-08-14T00:00:00.000+10:00,0.695,90,603
1969-08-15T00:00:00.000+10:00,0.681,90,603
1969-08-16T00:00:00.000+10:00,0.685,90,603
1969-08-17T00:00:00.000+10:00,0.685,90,603
1969-08-18T00:00:00.000+10:00,0.703,90,603
1969-08-19T00:00:00.000+10:00,0.766,90,603
1969-08-20T00:00:00.000+10:00,0.733,90,603
1969-08-21T00:00:00.000+10:00,0.725,90,603
1969-08-22T00:00:00.000+10:00,0.729,90,603
1969-08-23T00:00:00.000+10:00,0.729,90,603
1969-08-24T00:00:00.000+10:00,0.745,90,603
1969-08-25T00:00:00.000+10:00,1.700,90,603
1969-08-26T00:00:00.000+10:00,2.586,90,603
1969-08-27T00:00:00.000+10:00,6.048,90,603
1969-08-28T00:00:00.000+10:00,6.773,90,603
1969-08-29T00:00:00.000+10:00,6.257,90,603
1969-08-30T00:00:00.000+10:00,4.512,90,603
1969-08-31T00:00:00.000+10:00,3.047,90,603
1969-09-01T00:00:00.000+10:00,2.346,90,603
1969-09-02T00:00:00.000+10:00,2.010,90,603
1969-09-03T00:00:00.000+10:00,1.818,90,603
1969-09-04T00:00:00.000+10:00,1.689,90,603
1969-09-05T00:00:00.000+10:00,1.606,90,603
1969-09-06T00:00:00.000+10:00,1.561,90,603
1969-09-07T00:00:00.000+10:00,1.552,90,603
1969-09-08T00:00:00.000+10:00,1.544,90,603
1969-09-09T00:00:00.000+10:00,1.508,90,603
1969-09-10T00:00:00.000+10:00,1.467,90,603
1969-09-11T00:00:00.000+10:00,1.405,90,603
1969-09-12T00:00:00.000+10:00,1.363,90,603
1969-09-13T00:00:00.000+10:00,1.338,90,603
1969-09-14T00:00:00.000+10:00,1.319,90,603
1969-09-15T00:00:00.000+10:00,1.287,90,603
1969-09-16T00:00:00.000+10:00,1.276,90,603
1969-09-17T00:00:00.000+10:00,1.250,90,603
1969-09-18T00:00:00.000+10:00,1.219,90,603
1969-09-19T00:00:00.000+10:00,1.210,90,603
1969-09-20T00:00:00.000+10:00,1.212,90,603
1969-09-21T00:00:00.000+10:00,1.208,90,603
1969-09-22T00:00:00.000+10:00,1.205,90,603
1969-09-23T00:00:00.000+10:00,1.203,90,603
1969-09-24T00:00:00.000+10:00,1.200,90,603
1969-09-25T00:00:00.000+10:00,1.192,90,603
1969-09-26T00:00:00.000+10:00,1.196,90,603
1969-09-27T00:00:00.000+10:00,1.188,90,603
1969-09-28T00:00:00.000+10:00,1.183,90,603
1969-09-29T00:00:00.000+10:00,1.179,90,603
1969-09-30T00:00:00.000+10:00,1.165,90,603
1969-10-01T00:00:00.000+10:00,1.156,90,603
1969-10-02T00:00:00.000+10:00,1.149,90,603
1969-10-03T00:00:00.000+10:00,1.150,90,603
1969-10-04T00:00:00.000+10:00,1.150,90,603
1969-10-05T00:00:00.000+10:00,1.147,90,603
1969-10-06T00:00:00.000+10:00,1.143,90,603
1969-10-07T00:00:00.000+10:00,1.146,90,603
1969-10-08T00:00:00.000+10:00,1.141,90,603
1969-10-09T00:00:00.000+10:00,1.134,90,603
1969-10-10T00:00:00.000+10:00,1.128,90,603
1969-10-11T00:00:00.000+10:00,1.130,90,603
1969-10-12T00:00:00.000+10:00,1.131,90,603
1969-10-13T00:00:00.000+10:00,1.143,90,603
1969-10-14T00:00:00.000+10:00,1.208,90,603
1969-10-15T00:00:00.000+10:00,1.346,90,603
1969-10-16T00:00:00.000+10:00,1.476,90,603
1969-10-17T00:00:00.000+10:00,1.526,90,603
1969-10-18T00:00:00.000+10:00,1.497,90,603
1969-10-19T00:00:00.000+10:00,1.456,90,603
1969-10-20T00:00:00.000+10:00,1.422,90,603
1969-10-21T00:00:00.000+10:00,1.381,90,603
1969-10-22T00:00:00.000+10:00,1.348,90,603
1969-10-23T00:00:00.000+10:00,1.314,90,603
1969-10-24T00:00:00.000+10:00,1.286,90,603
1969-10-25T00:00:00.000+10:00,1.269,90,603
1969-10-26T00:00:00.000+10:00,1.250,90,603
1969-10-27T00:00:00.000+10:00,1.235,90,603
1969-10-28T00:00:00.000+10:00,1.219,90,603
1969-10-29T00:00:00.000+10:00,1.200,90,603
1969-10-30T00:00:00.000+10:00,1.356,90,603
1969-10-31T00:00:00.000+10:00,1.236,90,603
1969-11-01T00:00:00.000+10:00,1.181,90,603
1969-11-02T00:00:00.000+10:00,1.173,90,603
1969-11-03T00:00:00.000+10:00,1.157,90,603
1969-11-04T00:00:00.000+10:00,1.306,90,603
1969-11-05T00:00:00.000+10:00,1.187,90,603
1969-11-06T00:00:00.000+10:00,1.166,90,603
1969-11-07T00:00:00.000+10:00,1.183,90,603
1969-11-08T00:00:00.000+10:00,1.501,90,603
1969-11-09T00:00:00.000+10:00,1.225,90,603
1969-11-10T00:00:00.000+10:00,1.178,90,603
1969-11-11T00:00:00.000+10:00,1.152,90,603
1969-11-12T00:00:00.000+10:00,1.132,90,603
1969-11-13T00:00:00.000+10:00,1.132,90,603
1969-11-14T00:00:00.000+10:00,1.117,90,603
1969-11-15T00:00:00.000+10:00,1.304,90,603
1969-11-16T00:00:00.000+10:00,1.554,90,603
1969-11-17T00:00:00.000+10:00,1.575,90,603
1969-11-18T00:00:00.000+10:00,1.632,90,603
1969-11-19T00:00:00.000+10:00,1.670,90,603
1969-11-20T00:00:00.000+10:00,1.616,90,603
1969-11-21T00:00:00.000+10:00,1.525,90,603
1969-11-22T00:00:00.000+10:00,1.433,90,603
1969-11-23T00:00:00.000+10:00,1.381,90,603
1969-11-24T00:00:00.000+10:00,1.327,90,603
1969-11-25T00:00:00.000+10:00,1.313,90,603
1969-11-26T00:00:00.000+10:00,1.301,90,603
1969-11-27T00:00:00.000+10:00,1.246,90,603
1969-11-28T00:00:00.000+10:00,1.244,90,603
1969-11-29T00:00:00.000+10:00,1.215,90,603
1969-11-30T00:00:00.000+10:00,1.199,90,603
1969-12-01T00:00:00.000+10:00,1.191,90,603
1969-12-02T00:00:00.000+10:00,1.162,90,603
1969-12-03T00:00:00.000+10:00,1.149,90,603
1969-12-04T00:00:00.000+10:00,1.145,90,603
1969-12-05T00:00:00.000+10:00,1.121,90,603
1969-12-06T00:00:00.000+10:00,1.122,90,603
1969-12-07T00:00:00.000+10:00,1.129,90,603
1969-12-08T00:00:00.000+10:00,1.123,90,603
1969-12-09T00:00:00.000+10:00,1.120,90,603
1969-12-10T00:00:00.000+10:00,1.122,90,603
1969-12-11T00:00:00.000+10:00,1.145,90,603
1969-12-12T00:00:00.000+10:00,1.154,90,603
1969-12-13T00:00:00.000+10:00,1.126,90,603
1969-12-14T00:00:00.000+10:00,1.114,90,603
1969-12-15T00:00:00.000+10:00,1.095,90,603
1969-12-16T00:00:00.000+10:00,1.066,90,603
1969-12-17T00:00:00.000+10:00,1.037,90,603
1969-12-18T00:00:00.000+10:00,1.010,90,603
1969-12-19T00:00:00.000+10:00,0.987,90,603
1969-12-20T00:00:00.000+10:00,0.984,90,603
1969-12-21T00:00:00.000+10:00,0.963,90,603
1969-12-22T00:00:00.000+10:00,0.958,90,603
1969-12-23T00:00:00.000+10:00,1.034,90,603
1969-12-24T00:00:00.000+10:00,1.096,90,603
1969-12-25T00:00:00.000+10:00,1.098,90,603
1969-12-26T00:00:00.000+10:00,1.108,90,603
1969-12-27T00:00:00.000+10:00,1.111,90,603
1969-12-28T00:00:00.000+10:00,1.099,90,603
1969-12-29T00:00:00.000+10:00,1.090,90,603
1969-12-30T00:00:00.000+10:00,1.085,90,603
1969-12-31T00:00:00.000+10:00,1.074,90,603
1970-01-01T00:00:00.000+10:00,1.079,90,603
1970-01-02T00:00:00.000+10:00,1.105,90,603
1970-01-03T00:00:00.000+10:00,1.104,90,603
1970-01-04T00:00:00.000+10:00,1.118,90,603
1970-01-05T00:00:00.000+10:00,1.130,90,603
1970-01-06T00:00:00.000+10:00,1.132,90,603
1970-01-07T00:00:00.000+10:00,1.317,90,603
1970-01-08T00:00:00.000+10:00,1.201,90,603
1970-01-09T00:00:00.000+10:00,1.137,90,603
1970-01-10T00:00:00.000+10:00,1.105,90,603
1970-01-11T00:00:00.000+10:00,1.093,90,603
1970-01-12T00:00:00.000+10:00,1.105,90,603
1970-01-13T00:00:00.000+10:00,1.100,90,603
1970-01-14T00:00:00.000+10:00,1.095,90,603
1970-01-15T00:00:00.000+10:00,1.080,90,603
1970-01-16T00:00:00.000+10:00,1.080,90,603
1970-01-17T00:00:00.000+10:00,1.082,90,603
1970-01-18T00:00:00.000+10:00,1.115,90,603
1970-01-19T00:00:00.000+10:00,1.163,90,603
1970-01-20T00:00:00.000+10:00,,-1,603
1970-01-21T00:00:00.000+10:00,,-1,603
1970-01-22T00:00:00.000+10:00,,-1,603
1970-01-23T00:00:00.000+10:00,,-1,603
1970-01-24T00:00:00.000+10:00,,-1,603
1970-01-25T00:00:00.000+10:00,,-1,603
1970-01-26T00:00:00.000+10:00,,-1,603
1970-01-27T00:00:00.000+10:00,,-1,603
1970-01-28T00:00:00.000+10:00,,-1,603
1970-01-29T00:00:00.000+10:00,,-1,603
1970-01-30T00:00:00.000+10:00,,-1,603
1970-01-31T00:00:00.000+10:00,,-1,603
1970-02-01T00:00:00.000+10:00,,-1,603
1970-02-02T00:00:00.000+10:00,,-1,603
1970-02-03T00:00:00.000+10:00,,-1,603
1970-02-04T00:00:00.000+10:00,,-1,603
1970-02-05T00:00:00.000+10:00,1.309,90,603
1970-02-06T00:00:00.000+10:00,1.299,90,603
1970-02-07T00:00:00.000+10:00,1.258,90,603
1970-02-08T00:00:00.000+10:00,1.212,90,603
1970-02-09T00:00:00.000+10:00,1.172,90,603
1970-02-10T00:00:00.000+10:00,1.139,90,603
1970-02-11T00:00:00.000+10:00,1.114,90,603
1970-02-12T00:00:00.000+10:00,1.093,90,603
1970-02-13T00:00:00.000+10:00,1.075,90,603
1970-02-14T00:00:00.000+10:00,1.058,90,603
1970-02-15T00:00:00.000+10:00,1.042,90,603
1970-02-16T00:00:00.000+10:00,1.030,90,603
1970-02-17T00:00:00.000+10:00,1.058,90,603
1970-02-18T00:00:00.000+10:00,1.076,90,603
1970-02-19T00:00:00.000+10:00,1.051,90,603
1970-02-20T00:00:00.000+10:00,1.032,90,603
1970-02-21T00:00:00.000+10:00,1.019,90,603
1970-02-22T00:00:00.000+10:00,1.001,90,603
1970-02-23T00:00:00.000+10:00,0.993,90,603
1970-02-24T00:00:00.000+10:00,0.987,90,603
1970-02-25T00:00:00.000+10:00,0.978,90,603
1970-02-26T00:00:00.000+10:00,0.973,90,603
1970-02-27T00:00:00.000+10:00,1.011,90,603
1970-02-28T00:00:00.000+10:00,1.020,90,603
1970-03-01T00:00:00.000+10:00,1.004,90,603
1970-03-02T00:00:00.000+10:00,0.989,90,603
1970-03-03T00:00:00.000+10:00,0.978,90,603
1970-03-04T00:00:00.000+10:00,0.974,90,603
1970-03-05T00:00:00.000+10:00,0.965,90,603
1970-03-06T00:00:00.000+10:00,0.969,90,603
1970-03-07T00:00:00.000+10:00,1.009,90,603
1970-03-08T00:00:00.000+10:00,1.001,90,603
1970-03-09T00:00:00.000+10:00,0.995,90,603
1970-03-10T00:00:00.000+10:00,0.974,90,603
1970-03-11T00:00:00.000+10:00,0.967,90,603
1970-03-12T00:00:00.000+10:00,0.955,90,603
1970-03-13T00:00:00.000+10:00,0.942,90,603
1970-03-14T00:00:00.000+10:00,0.946,90,603
1970-03-15T00:00:00.000+10:00,0.949,90,603
1970-03-16T00:00:00.000+10:00,0.948,90,603
1970-03-17T00:00:00.000+10:00,0.943,90,603
1970-03-18T00:00:00.000+10:00,0.939,90,603
1970-03-19T00:00:00.000+10:00,0.934,90,603
1970-03-20T00:00:00.000+10:00,0.939,90,603
1970-03-21T00:00:00.000+10:00,0.942,90,603
1970-03-22T00:00:00.000+10:00,0.937,90,603
1970-03-23T00:00:00.000+10:00,0.929,90,603
1970-03-24T00:00:00.000+10:00,0.926,90,603
1970-03-25T00:00:00.000+10:00,0.928,90,603
1970-03-26T00:00:00.000+10:00,0.914,90,603
1970-03-27T00:00:00.000+10:00,0.887,90,603
1970-03-28T00:00:00.000+10:00,0.875,90,603
1970-03-29T00:00:00.000+10:00,0.860,90,603
1970-03-30T00:00:00.000+10:00,0.854,90,603
1970-03-31T00:00:00.000+10:00,0.904,90,603
1970-04-01T00:00:00.000+10:00,0.927,90,603
1970-04-02T00:00:00.000+10:00,1.285,90,603
1970-04-03T00:00:00.000+10:00,1.334,90,603
1970-04-04T00:00:00.000+10:00,1.235,90,603
1970-04-05T00:00:00.000+10:00,1.164,90,603
1970-04-06T00:00:00.000+10:00,1.120,90,603
1970-04-07T00:00:00.000+10:00,1.098,90,603
1970-04-08T00:00:00.000+10:00,1.069,90,603
1970-04-09T00:00:00.000+10:00,1.042,90,603
1970-04-10T00:00:00.000+10:00,1.019,90,603
1970-04-11T00:00:00.000+10:00,1.006,90,603
1970-04-12T00:00:00.000+10:00,1.003,90,603
1970-04-13T00:00:00.000+10:00,0.997,90,603
1970-04-14T00:00:00.000+10:00,0.982,90,603
1970-04-15T00:00:00.000+10:00,0.955,90,603
1970-04-16T00:00:00.000+10:00,0.947,90,603
1970-04-17T00:00:00.000+10:00,0.948,90,603
1970-04-18T00:00:00.000+10:00,0.935,90,603
1970-04-19T00:00:00.000+10:00,0.943,90,603
1970-04-20T00:00:00.000+10:00,0.951,90,603
1970-04-21T00:00:00.000+10:00,0.923,90,603
1970-04-22T00:00:00.000+10:00,0.906,90,603
1970-04-23T00:00:00.000+10:00,0.901,90,603
1970-04-24T00:00:00.000+10:00,0.917,90,603
1970-04-25T00:00:00.000+10:00,0.933,90,603
1970-04-26T00:00:00.000+10:00,0.980,90,603
1970-04-27T00:00:00.000+10:00,0.981,90,603
1970-04-28T00:00:00.000+10:00,0.969,90,603
1970-04-29T00:00:00.000+10:00,0.914,90,603
1970-04-30T00:00:00.000+10:00,0.882,90,603
1970-05-01T00:00:00.000+10:00,0.862,90,603
1970-05-02T00:00:00.000+10:00,0.858,90,603
1970-05-03T00:00:00.000+10:00,0.830,90,603
1970-05-04T00:00:00.000+10:00,0.874,90,603
1970-05-05T00:00:00.000+10:00,0.847,90,603
1970-05-06T00:00:00.000+10:00,0.842,90,603
1970-05-07T00:00:00.000+10:00,0.830,90,603
1970-05-08T00:00:00.000+10:00,0.818,90,603
1970-05-09T00:00:00.000+10:00,0.811,90,603
1970-05-10T00:00:00.000+10:00,0.806,90,603
1970-05-11T00:00:00.000+10:00,0.812,90,603
1970-05-12T00:00:00.000+10:00,0.808,90,603
1970-05-13T00:00:00.000+10:00,0.809,90,603
1970-05-14T00:00:00.000+10:00,0.808,90,603
1970-05-15T00:00:00.000+10:00,0.807,90,603
1970-05-16T00:00:00.000+10:00,0.807,90,603
1970-05-17T00:00:00.000+10:00,0.817,90,603
1970-05-18T00:00:00.000+10:00,0.816,90,603
1970-05-19T00:00:00.000+10:00,0.812,90,603
1970-05-20T00:00:00.000+10:00,0.802,90,603
1970-05-21T00:00:00.000+10:00,0.795,90,603
1970-05-22T00:00:00.000+10:00,0.786,90,603
1970-05-23T00:00:00.000+10:00,0.792,90,603
1970-05-24T00:00:00.000+10:00,0.796,90,603
1970-05-25T00:00:00.000+10:00,0.789,90,603
1970-05-26T00:00:00.000+10:00,0.787,90,603
1970-05-27T00:00:00.000+10:00,0.793,90,603
1970-05-28T00:00:00.000+10:00,0.754,90,603
1970-05-29T00:00:00.000+10:00,0.751,90,603
1970-05-30T00:00:00.000+10:00,0.752,90,603
1970-05-31T00:00:00.000+10:00,0.780,90,603
1970-06-01T00:00:00.000+10:00,0.755,90,603
1970-06-02T00:00:00.000+10:00,0.731,90,603
1970-06-03T00:00:00.000+10:00,0.718,90,603
1970-06-04T00:00:00.000+10:00,0.726,90,603
1970-06-05T00:00:00.000+10:00,0.706,90,603
1970-06-06T00:00:00.000+10:00,0.702,90,603
1970-06-07T00:00:00.000+10:00,0.695,90,603
1970-06-08T00:00:00.000+10:00,0.698,110,603
1970-06-09T00:00:00.000+10:00,0.692,110,603
1970-06-10T00:00:00.000+10:00,0.672,110,603
1970-06-11T00:00:00.000+10:00,0.673,110,603
1970-06-12T00:00:00.000+10:00,0.666,110,603
1970-06-13T00:00:00.000+10:00,0.668,110,603
1970-06-14T00:00:00.000+10:00,0.664,110,603
1970-06-15T00:00:00.000+10:00,0.667,110,603
1970-06-16T00:00:00.000+10:00,0.653,110,603
1970-06-17T00:00:00.000+10:00,0.647,110,603
1970-06-18T00:00:00.000+10:00,0.642,110,603
1970-06-19T00:00:00.000+10:00,0.629,110,603
1970-06-20T00:00:00.000+10:00,0.631,110,603
1970-06-21T00:00:00.000+10:00,0.626,110,603
1970-06-22T00:00:00.000+10:00,0.630,110,603
1970-06-23T00:00:00.000+10:00,0.630,110,603
1970-06-24T00:00:00.000+10:00,0.638,110,603
1970-06-25T00:00:00.000+10:00,0.711,110,603
1970-06-26T00:00:00.000+10:00,0.748,110,603
1970-06-27T00:00:00.000+10:00,0.670,110,603
1970-06-28T00:00:00.000+10:00,0.654,110,603
1970-06-29T00:00:00.000+10:00,0.651,110,603
1970-06-30T00:00:00.000+10:00,0.627,110,603
1970-07-01T00:00:00.000+10:00,0.622,110,603
1970-07-02T00:00:00.000+10:00,0.615,110,603
1970-07-03T00:00:00.000+10:00,0.607,110,603
1970-07-04T00:00:00.000+10:00,0.609,110,603
1970-07-05T00:00:00.000+10:00,0.598,110,603
1970-07-06T00:00:00.000+10:00,0.584,110,603
1970-07-07T00:00:00.000+10:00,0.569,110,603
1970-07-08T00:00:00.000+10:00,0.595,110,603
1970-07-09T00:00:00.000+10:00,0.604,110,603
1970-07-10T00:00:00.000+10:00,0.594,110,603
1970-07-11T00:00:00.000+10:00,0.587,110,603
1970-07-12T00:00:00.000+10:00,0.597,110,603
1970-07-13T00:00:00.000+10:00,0.589,110,603
1970-07-14T00:00:00.000+10:00,0.585,110,603
1970-07-15T00:00:00.000+10:00,0.589,110,603
1970-07-16T00:00:00.000+10:00,0.579,110,603
1970-07-17T00:00:00.000+10:00,0.578,110,603
1970-07-18T00:00:00.000+10:00,0.578,110,603
1970-07-19T00:00:00.000+10:00,0.578,110,603
1970-07-20T00:00:00.000+10:00,0.564,110,603
1970-07-21T00:00:00.000+10:00,0.570,110,603
1970-07-22T00:00:00.000+10:00,0.578,110,603
1970-07-23T00:00:00.000+10:00,0.573,110,603
1970-07-24T00:00:00.000+10:00,0.561,110,603
1970-07-25T00:00:00.000+10:00,0.534,110,603
1970-07-26T00:00:00.000+10:00,0.532,110,603
1970-07-27T00:00:00.000+10:00,0.524,110,603
1970-07-28T00:00:00.000+10:00,0.530,110,603
1970-07-29T00:00:00.000+10:00,0.530,110,603
1970-07-30T00:00:00.000+10:00,0.529,110,603
1970-07-31T00:00:00.000+10:00,0.531,110,603
1970-08-01T00:00:00.000+10:00,0.530,110,603
1970-08-02T00:00:00.000+10:00,0.525,110,603
1970-08-03T00:00:00.000+10:00,0.534,110,603
1970-08-04T00:00:00.000+10:00,0.524,110,603
1970-08-05T00:00:00.000+10:00,0.522,110,603
1970-08-06T00:00:00.000+10:00,0.507,110,603
1970-08-07T00:00:00.000+10:00,0.504,110,603
1970-08-08T00:00:00.000+10:00,0.503,110,603
1970-08-09T00:00:00.000+10:00,0.498,110,603
1970-08-10T00:00:00.000+10:00,0.495,110,603
1970-08-11T00:00:00.000+10:00,0.496,110,603
1970-08-12T00:00:00.000+10:00,0.497,110,603
1970-08-13T00:00:00.000+10:00,0.517,110,603
1970-08-14T00:00:00.000+10:00,0.518,110,603
1970-08-15T00:00:00.000+10:00,0.497,110,603
1970-08-16T00:00:00.000+10:00,0.504,110,603
1970-08-17T00:00:00.000+10:00,0.492,110,603
1970-08-18T00:00:00.000+10:00,0.496,110,603
1970-08-19T00:00:00.000+10:00,0.492,110,603
1970-08-20T00:00:00.000+10:00,0.483,110,603
1970-08-21T00:00:00.000+10:00,0.483,110,603
1970-08-22T00:00:00.000+10:00,0.487,110,603
1970-08-23T00:00:00.000+10:00,0.467,110,603
1970-08-24T00:00:00.000+10:00,0.465,110,603
1970-08-25T00:00:00.000+10:00,0.473,110,603
1970-08-26T00:00:00.000+10:00,0.473,110,603
1970-08-27T00:00:00.000+10:00,0.486,110,603
1970-08-28T00:00:00.000+10:00,0.520,110,603
1970-08-29T00:00:00.000+10:00,0.529,110,603
1970-08-30T00:00:00.000+10:00,0.524,110,603
1970-08-31T00:00:00.000+10:00,0.495,110,603
1970-09-01T00:00:00.000+10:00,0.496,110,603
1970-09-02T00:00:00.000+10:00,0.480,110,603
1970-09-03T00:00:00.000+10:00,0.480,110,603
1970-09-04T00:00:00.000+10:00,0.472,110,603
1970-09-05T00:00:00.000+10:00,0.468,110,603
1970-09-06T00:00:00.000+10:00,0.476,110,603
1970-09-07T00:00:00.000+10:00,0.524,110,603
1970-09-08T00:00:00.000+10:00,0.491,110,603
1970-09-09T00:00:00.000+10:00,0.494,110,603
1970-09-10T00:00:00.000+10:00,0.496,110,603
1970-09-11T00:00:00.000+10:00,0.476,110,603
1970-09-12T00:00:00.000+10:00,0.475,110,603
1970-09-13T00:00:00.000+10:00,0.475,110,603
1970-09-14T00:00:00.000+10:00,0.489,110,603
1970-09-15T00:00:00.000+10:00,0.520,110,603
1970-09-16T00:00:00.000+10:00,0.520,110,603
1970-09-17T00:00:00.000+10:00,0.538,110,603
1970-09-18T00:00:00.000+10:00,0.583,110,603
1970-09-19T00:00:00.000+10:00,0.573,110,603
1970-09-20T00:00:00.000+10:00,0.544,110,603
1970-09-21T00:00:00.000+10:00,0.530,110,603
1970-09-22T00:00:00.000+10:00,0.511,110,603
1970-09-23T00:00:00.000+10:00,0.528,110,603
1970-09-24T00:00:00.000+10:00,0.565,110,603
1970-09-25T00:00:00.000+10:00,0.602,110,603
1970-09-26T00:00:00.000+10:00,0.742,110,603
1970-09-27T00:00:00.000+10:00,0.672,110,603
1970-09-28T00:00:00.000+10:00,0.666,110,603
1970-09-29T00:00:00.000+10:00,0.705,110,603
1970-09-30T00:00:00.000+10:00,0.832,110,603
1970-10-01T00:00:00.000+10:00,0.812,110,603
1970-10-02T00:00:00.000+10:00,0.752,110,603
1970-10-03T00:00:00.000+10:00,0.671,110,603
1970-10-04T00:00:00.000+10:00,0.607,110,603
1970-10-05T00:00:00.000+10:00,0.586,110,603
1970-10-06T00:00:00.000+10:00,0.570,110,603
1970-10-07T00:00:00.000+10:00,0.541,110,603
1970-10-08T00:00:00.000+10:00,0.525,110,603
1970-10-09T00:00:00.000+10:00,0.513,110,603
1970-10-10T00:00:00.000+10:00,0.498,110,603
1970-10-11T00:00:00.000+10:00,0.477,110,603
1970-10-12T00:00:00.000+10:00,0.523,110,603
1970-10-13T00:00:00.000+10:00,0.508,110,603
1970-10-14T00:00:00.000+10:00,0.510,110,603
1970-10-15T00:00:00.000+10:00,0.554,110,603
1970-10-16T00:00:00.000+10:00,0.540,110,603
1970-10-17T00:00:00.000+10:00,0.524,110,603
1970-10-18T00:00:00.000+10:00,0.497,110,603
1970-10-19T00:00:00.000+10:00,0.496,110,603
1970-10-20T00:00:00.000+10:00,0.475,110,603
1970-10-21T00:00:00.000+10:00,0.552,110,603
1970-10-22T00:00:00.000+10:00,0.523,110,603
1970-10-23T00:00:00.000+10:00,0.701,110,603
1970-10-24T00:00:00.000+10:00,0.701,110,603
1970-10-25T00:00:00.000+10:00,0.677,110,603
1970-10-26T00:00:00.000+10:00,0.697,110,603
1970-10-27T00:00:00.000+10:00,0.708,110,603
1970-10-28T00:00:00.000+10:00,0.715,110,603
1970-10-29T00:00:00.000+10:00,0.695,110,603
1970-10-30T00:00:00.000+10:00,0.655,110,603
1970-10-31T00:00:00.000+10:00,0.598,110,603
1970-11-01T00:00:00.000+10:00,0.522,110,603
1970-11-02T00:00:00.000+10:00,0.600,110,603
1970-11-03T00:00:00.000+10:00,0.512,110,603
1970-11-04T00:00:00.000+10:00,0.510,110,603
1970-11-05T00:00:00.000+10:00,0.502,110,603
1970-11-06T00:00:00.000+10:00,0.503,110,603
1970-11-07T00:00:00.000+10:00,0.515,110,603
1970-11-08T00:00:00.000+10:00,0.656,110,603
1970-11-09T00:00:00.000+10:00,1.078,110,603
1970-11-10T00:00:00.000+10:00,1.235,110,603
1970-11-11T00:00:00.000+10:00,1.118,110,603
1970-11-12T00:00:00.000+10:00,1.102,110,603
1970-11-13T00:00:00.000+10:00,1.075,110,603
1970-11-14T00:00:00.000+10:00,0.978,110,603
1970-11-15T00:00:00.000+10:00,0.840,110,603
1970-11-16T00:00:00.000+10:00,0.875,110,603
1970-11-17T00:00:00.000+10:00,0.894,110,603
1970-11-18T00:00:00.000+10:00,0.845,110,603
1970-11-19T00:00:00.000+10:00,0.736,110,603
1970-11-20T00:00:00.000+10:00,0.723,110,603
1970-11-21T00:00:00.000+10:00,0.678,110,603
1970-11-22T00:00:00.000+10:00,0.658,110,603
1970-11-23T00:00:00.000+10:00,0.658,110,603
1970-11-24T00:00:00.000+10:00,0.774,110,603
1970-11-25T00:00:00.000+10:00,0.867,110,603
1970-11-26T00:00:00.000+10:00,0.853,110,603
1970-11-27T00:00:00.000+10:00,0.847,110,603
1970-11-28T00:00:00.000+10:00,0.870,110,603
1970-11-29T00:00:00.000+10:00,0.938,110,603
1970-11-30T00:00:00.000+10:00,0.859,110,603
1970-12-01T00:00:00.000+10:00,0.774,110,603
1970-12-02T00:00:00.000+10:00,0.733,110,603
1970-12-03T00:00:00.000+10:00,0.714,90,603
1970-12-04T00:00:00.000+10:00,0.710,90,603
1970-12-05T00:00:00.000+10:00,0.690,90,603
1970-12-06T00:00:00.000+10:00,0.663,90,603
1970-12-07T00:00:00.000+10:00,0.733,90,603
1970-12-08T00:00:00.000+10:00,1.637,90,603
1970-12-09T00:00:00.000+10:00,5.240,90,603
1970-12-10T00:00:00.000+10:00,6.736,90,603
1970-12-11T00:00:00.000+10:00,8.521,90,603
1970-12-12T00:00:00.000+10:00,7.559,90,603
1970-12-13T00:00:00.000+10:00,3.760,90,603
1970-12-14T00:00:00.000+10:00,2.236,90,603
1970-12-15T00:00:00.000+10:00,1.879,90,603
1970-12-16T00:00:00.000+10:00,1.688,90,603
1970-12-17T00:00:00.000+10:00,1.572,90,603
1970-12-18T00:00:00.000+10:00,1.509,90,603
1970-12-19T00:00:00.000+10:00,1.572,90,603
1970-12-20T00:00:00.000+10:00,1.585,90,603
1970-12-21T00:00:00.000+10:00,1.450,90,603
1970-12-22T00:00:00.000+10:00,1.639,90,603
1970-12-23T00:00:00.000+10:00,2.087,90,603
1970-12-24T00:00:00.000+10:00,2.132,90,603
1970-12-25T00:00:00.000+10:00,1.805,90,603
1970-12-26T00:00:00.000+10:00,1.591,90,603
1970-12-27T00:00:00.000+10:00,1.632,90,603
1970-12-28T00:00:00.000+10:00,1.667,90,603
1970-12-29T00:00:00.000+10:00,1.854,90,603
1970-12-30T00:00:00.000+10:00,2.066,90,603
1970-12-31T00:00:00.000+10:00,1.933,90,603
1971-01-01T00:00:00.000+10:00,1.867,90,603
1971-01-02T00:00:00.000+10:00,1.692,90,603
1971-01-03T00:00:00.000+10:00,1.531,90,603
1971-01-04T00:00:00.000+10:00,1.498,90,603
1971-01-05T00:00:00.000+10:00,1.466,90,603
1971-01-06T00:00:00.000+10:00,1.430,90,603
1971-01-07T00:00:00.000+10:00,1.405,90,603
1971-01-08T00:00:00.000+10:00,1.360,90,603
1971-01-09T00:00:00.000+10:00,1.318,90,603
1971-01-10T00:00:00.000+10:00,1.284,90,603
1971-01-11T00:00:00.000+10:00,1.256,90,603
1971-01-12T00:00:00.000+10:00,1.671,90,603
1971-01-13T00:00:00.000+10:00,2.204,90,603
1971-01-14T00:00:00.000+10:00,1.800,90,603
1971-01-15T00:00:00.000+10:00,1.620,90,603
1971-01-16T00:00:00.000+10:00,1.584,90,603
1971-01-17T00:00:00.000+10:00,1.445,90,603
1971-01-18T00:00:00.000+10:00,1.420,90,603
1971-01-19T00:00:00.000+10:00,1.875,90,603
1971-01-20T00:00:00.000+10:00,2.545,90,603
1971-01-21T00:00:00.000+10:00,2.624,90,603
1971-01-22T00:00:00.000+10:00,2.954,90,603
1971-01-23T00:00:00.000+10:00,2.786,90,603
1971-01-24T00:00:00.000+10:00,2.930,90,603
1971-01-25T00:00:00.000+10:00,3.237,90,603
1971-01-26T00:00:00.000+10:00,3.891,90,603
1971-01-27T00:00:00.000+10:00,4.199,90,603
1971-01-28T00:00:00.000+10:00,3.866,90,603
1971-01-29T00:00:00.000+10:00,3.070,90,603
1971-01-30T00:00:00.000+10:00,2.688,90,603
1971-01-31T00:00:00.000+10:00,2.451,90,603
1971-02-01T00:00:00.000+10:00,2.973,90,603
1971-02-02T00:00:00.000+10:00,3.344,90,603
1971-02-03T00:00:00.000+10:00,3.418,90,603
1971-02-04T00:00:00.000+10:00,3.956,90,603
1971-02-05T00:00:00.000+10:00,7.060,90,603
1971-02-06T00:00:00.000+10:00,7.542,90,603
1971-02-07T00:00:00.000+10:00,6.451,90,603
1971-02-08T00:00:00.000+10:00,4.413,90,603
1971-02-09T00:00:00.000+10:00,3.520,90,603
1971-02-10T00:00:00.000+10:00,3.253,90,603
1971-02-11T00:00:00.000+10:00,3.361,90,603
1971-02-12T00:00:00.000+10:00,2.915,90,603
1971-02-13T00:00:00.000+10:00,2.335,90,603
1971-02-14T00:00:00.000+10:00,1.988,90,603
1971-02-15T00:00:00.000+10:00,1.786,90,603
1971-02-16T00:00:00.000+10:00,1.681,90,603
1971-02-17T00:00:00.000+10:00,1.661,90,603
1971-02-18T00:00:00.000+10:00,4.323,90,603
1971-02-19T00:00:00.000+10:00,7.993,90,603
1971-02-20T00:00:00.000+10:00,6.727,90,603
1971-02-21T00:00:00.000+10:00,5.150,90,603
1971-02-22T00:00:00.000+10:00,3.845,90,603
1971-02-23T00:00:00.000+10:00,2.936,90,603
1971-02-24T00:00:00.000+10:00,2.531,90,603
1971-02-25T00:00:00.000+10:00,2.239,90,603
1971-02-26T00:00:00.000+10:00,2.252,90,603
1971-02-27T00:00:00.000+10:00,2.304,90,603
1971-02-28T00:00:00.000+10:00,2.190,90,603
1971-03-01T00:00:00.000+10:00,2.067,90,603
1971-03-02T00:00:00.000+10:00,1.931,90,603
1971-03-03T00:00:00.000+10:00,1.825,90,603
1971-03-04T00:00:00.000+10:00,1.742,90,603
1971-03-05T00:00:00.000+10:00,1.969,90,603
1971-03-06T00:00:00.000+10:00,3.639,90,603
1971-03-07T00:00:00.000+10:00,4.225,90,603
1971-03-08T00:00:00.000+10:00,3.790,90,603
1971-03-09T00:00:00.000+10:00,3.502,90,603
1971-03-10T00:00:00.000+10:00,3.169,90,603
1971-03-11T00:00:00.000+10:00,2.688,90,603
1971-03-12T00:00:00.000+10:00,2.316,90,603
1971-03-13T00:00:00.000+10:00,2.100,90,603
1971-03-14T00:00:00.000+10:00,1.929,90,603
1971-03-15T00:00:00.000+10:00,1.796,90,603
1971-03-16T00:00:00.000+10:00,1.689,90,603
1971-03-17T00:00:00.000+10:00,1.615,90,603
1971-03-18T00:00:00.000+10:00,1.568,90,603
1971-03-19T00:00:00.000+10:00,1.525,90,603
1971-03-20T00:00:00.000+10:00,1.549,90,603
1971-03-21T00:00:00.000+10:00,1.512,90,603
1971-03-22T00:00:00.000+10:00,1.502,90,603
1971-03-23T00:00:00.000+10:00,1.492,90,603
1971-03-24T00:00:00.000+10:00,1.482,90,603
1971-03-25T00:00:00.000+10:00,1.471,90,603
1971-03-26T00:00:00.000+10:00,1.460,90,603
1971-03-27T00:00:00.000+10:00,1.452,90,603
1971-03-28T00:00:00.000+10:00,1.499,90,603
1971-03-29T00:00:00.000+10:00,2.498,90,603
1971-03-30T00:00:00.000+10:00,4.811,90,603
1971-03-31T00:00:00.000+10:00,6.010,90,603
1971-04-01T00:00:00.000+10:00,5.032,90,603
1971-04-02T00:00:00.000+10:00,3.578,90,603
1971-04-03T00:00:00.000+10:00,3.504,90,603
1971-04-04T00:00:00.000+10:00,3.816,90,603
1971-04-05T00:00:00.000+10:00,3.675,90,603
1971-04-06T00:00:00.000+10:00,3.144,90,603
1971-04-07T00:00:00.000+10:00,2.565,90,603
1971-04-08T00:00:00.000+10:00,2.250,90,603
1971-04-09T00:00:00.000+10:00,2.070,90,603
1971-04-10T00:00:00.000+10:00,1.934,90,603
1971-04-11T00:00:00.000+10:00,1.828,90,603
1971-04-12T00:00:00.000+10:00,1.744,90,603
1971-04-13T00:00:00.000+10:00,1.686,110,603
1971-04-14T00:00:00.000+10:00,1.657,110,603
1971-04-15T00:00:00.000+10:00,1.634,110,603
1971-04-16T00:00:00.000+10:00,1.617,110,603
1971-04-17T00:00:00.000+10:00,1.609,110,603
1971-04-18T00:00:00.000+10:00,1.590,110,603
1971-04-19T00:00:00.000+10:00,1.569,110,603
1971-04-20T00:00:00.000+10:00,1.556,110,603
1971-04-21T00:00:00.000+10:00,1.546,110,603
1971-04-22T00:00:00.000+10:00,1.525,110,603
1971-04-23T00:00:00.000+10:00,1.507,110,603
1971-04-24T00:00:00.000+10:00,1.491,110,603
1971-04-25T00:00:00.000+10:00,1.481,110,603
1971-04-26T00:00:00.000+10:00,1.470,110,603
1971-04-27T00:00:00.000+10:00,1.458,110,603
1971-04-28T00:00:00.000+10:00,1.443,110,603
1971-04-29T00:00:00.000+10:00,1.425,110,603
1971-04-30T00:00:00.000+10:00,1.409,110,603
1971-05-01T00:00:00.000+10:00,1.395,110,603
1971-05-02T00:00:00.000+10:00,1.382,110,603
1971-05-03T00:00:00.000+10:00,1.368,110,603
1971-05-04T00:00:00.000+10:00,1.351,110,603
1971-05-05T00:00:00.000+10:00,1.331,110,603
1971-05-06T00:00:00.000+10:00,1.319,110,603
1971-05-07T00:00:00.000+10:00,1.296,110,603
1971-05-08T00:00:00.000+10:00,1.279,110,603
1971-05-09T00:00:00.000+10:00,1.268,110,603
1971-05-10T00:00:00.000+10:00,1.252,110,603
1971-05-11T00:00:00.000+10:00,1.235,110,603
1971-05-12T00:00:00.000+10:00,1.221,110,603
1971-05-13T00:00:00.000+10:00,1.208,110,603
1971-05-14T00:00:00.000+10:00,1.196,110,603
1971-05-15T00:00:00.000+10:00,1.184,110,603
1971-05-16T00:00:00.000+10:00,1.173,110,603
1971-05-17T00:00:00.000+10:00,1.168,110,603
1971-05-18T00:00:00.000+10:00,1.170,110,603
1971-05-19T00:00:00.000+10:00,1.166,110,603
1971-05-20T00:00:00.000+10:00,1.162,110,603
1971-05-21T00:00:00.000+10:00,1.158,110,603
1971-05-22T00:00:00.000+10:00,1.153,110,603
1971-05-23T00:00:00.000+10:00,1.145,110,603
1971-05-24T00:00:00.000+10:00,1.134,110,603
1971-05-25T00:00:00.000+10:00,1.122,110,603
1971-05-26T00:00:00.000+10:00,1.117,110,603
1971-05-27T00:00:00.000+10:00,,-1,603
1971-05-28T00:00:00.000+10:00,1.099,90,603
1971-05-29T00:00:00.000+10:00,1.098,90,603
1971-05-30T00:00:00.000+10:00,1.101,90,603
1971-05-31T00:00:00.000+10:00,1.093,90,603
1971-06-01T00:00:00.000+10:00,1.089,90,603
1971-06-02T00:00:00.000+10:00,1.089,90,603
1971-06-03T00:00:00.000+10:00,1.080,90,603
1971-06-04T00:00:00.000+10:00,1.071,90,603
1971-06-05T00:00:00.000+10:00,1.069,90,603
1971-06-06T00:00:00.000+10:00,1.057,90,603
1971-06-07T00:00:00.000+10:00,1.044,90,603
1971-06-08T00:00:00.000+10:00,1.036,90,603
1971-06-09T00:00:00.000+10:00,1.034,90,603
1971-06-10T00:00:00.000+10:00,1.028,90,603
1971-06-11T00:00:00.000+10:00,1.021,90,603
1971-06-12T00:00:00.000+10:00,1.015,90,603
1971-06-13T00:00:00.000+10:00,1.026,90,603
1971-06-14T00:00:00.000+10:00,1.043,90,603
1971-06-15T00:00:00.000+10:00,1.047,90,603
1971-06-16T00:00:00.000+10:00,1.057,90,603
1971-06-17T00:00:00.000+10:00,1.111,90,603
1971-06-18T00:00:00.000+10:00,1.381,90,603
1971-06-19T00:00:00.000+10:00,2.583,90,603
1971-06-20T00:00:00.000+10:00,2.344,90,603
1971-06-21T00:00:00.000+10:00,1.846,90,603
1971-06-22T00:00:00.000+10:00,1.612,90,603
1971-06-23T00:00:00.000+10:00,1.465,90,603
1971-06-24T00:00:00.000+10:00,1.379,90,603
1971-06-25T00:00:00.000+10:00,1.311,90,603
1971-06-26T00:00:00.000+10:00,1.276,90,603
1971-06-27T00:00:00.000+10:00,1.244,90,603
1971-06-28T00:00:00.000+10:00,1.217,90,603
1971-06-29T00:00:00.000+10:00,1.189,90,603
1971-06-30T00:00:00.000+10:00,1.171,90,603
1971-07-01T00:00:00.000+10:00,1.162,90,603
1971-07-02T00:00:00.000+10:00,1.148,90,603
1971-07-03T00:00:00.000+10:00,1.134,90,603
1971-07-04T00:00:00.000+10:00,1.120,90,603
1971-07-05T00:00:00.000+10:00,1.117,90,603
1971-07-06T00:00:00.000+10:00,1.108,90,603
1971-07-07T00:00:00.000+10:00,1.111,90,603
1971-07-08T00:00:00.000+10:00,1.108,90,603
1971-07-09T00:00:00.000+10:00,1.100,90,603
1971-07-10T00:00:00.000+10:00,1.092,90,603
1971-07-11T00:00:00.000+10:00,1.086,90,603
1971-07-12T00:00:00.000+10:00,1.084,90,603
1971-07-13T00:00:00.000+10:00,1.074,90,603
1971-07-14T00:00:00.000+10:00,1.072,90,603
1971-07-15T00:00:00.000+10:00,1.080,90,603
1971-07-16T00:00:00.000+10:00,1.066,90,603
1971-07-17T00:00:00.000+10:00,1.072,90,603
1971-07-18T00:00:00.000+10:00,1.079,90,603
1971-07-19T00:00:00.000+10:00,1.080,90,603
1971-07-20T00:00:00.000+10:00,1.077,90,603
1971-07-21T00:00:00.000+10:00,1.068,90,603
1971-07-22T00:00:00.000+10:00,1.067,90,603
1971-07-23T00:00:00.000+10:00,1.065,90,603
1971-07-24T00:00:00.000+10:00,1.063,90,603
1971-07-25T00:00:00.000+10:00,1.046,90,603
1971-07-26T00:00:00.000+10:00,1.048,90,603
1971-07-27T00:00:00.000+10:00,1.072,90,603
1971-07-28T00:00:00.000+10:00,1.033,90,603
1971-07-29T00:00:00.000+10:00,1.026,90,603
1971-07-30T00:00:00.000+10:00,0.989,90,603
1971-07-31T00:00:00.000+10:00,0.978,90,603
1971-08-01T00:00:00.000+10:00,0.984,90,603
1971-08-02T00:00:00.000+10:00,0.981,90,603
1971-08-03T00:00:00.000+10:00,0.996,90,603
1971-08-04T00:00:00.000+10:00,0.937,90,603
1971-08-05T00:00:00.000+10:00,0.932,90,603
1971-08-06T00:00:00.000+10:00,0.962,140,603
1971-08-07T00:00:00.000+10:00,0.929,140,603
1971-08-08T00:00:00.000+10:00,0.929,140,603
1971-08-09T00:00:00.000+10:00,0.955,140,603
1971-08-10T00:00:00.000+10:00,0.956,140,603
1971-08-11T00:00:00.000+10:00,0.966,140,603
1971-08-12T00:00:00.000+10:00,0.966,140,603
1971-08-13T00:00:00.000+10:00,0.921,140,603
1971-08-14T00:00:00.000+10:00,0.924,140,603
1971-08-15T00:00:00.000+10:00,0.888,140,603
1971-08-16T00:00:00.000+10:00,0.906,140,603
1971-08-17T00:00:00.000+10:00,0.892,140,603
1971-08-18T00:00:00.000+10:00,0.865,140,603
1971-08-19T00:00:00.000+10:00,0.801,140,603
1971-08-20T00:00:00.000+10:00,0.968,140,603
1971-08-21T00:00:00.000+10:00,1.055,140,603
1971-08-22T00:00:00.000+10:00,0.901,140,603
1971-08-23T00:00:00.000+10:00,0.958,140,603
1971-08-24T00:00:00.000+10:00,0.976,140,603
1971-08-25T00:00:00.000+10:00,0.930,140,603
1971-08-26T00:00:00.000+10:00,0.871,140,603
1971-08-27T00:00:00.000+10:00,0.885,140,603
1971-08-28T00:00:00.000+10:00,0.824,140,603
1971-08-29T00:00:00.000+10:00,0.804,140,603
1971-08-30T00:00:00.000+10:00,0.795,140,603
1971-08-31T00:00:00.000+10:00,0.762,140,603
1971-09-01T00:00:00.000+10:00,0.765,140,603
1971-09-02T00:00:00.000+10:00,0.778,140,603
1971-09-03T00:00:00.000+10:00,0.789,140,603
1971-09-04T00:00:00.000+10:00,1.361,140,603
1971-09-05T00:00:00.000+10:00,1.082,140,603
1971-09-06T00:00:00.000+10:00,1.085,140,603
1971-09-07T00:00:00.000+10:00,1.118,140,603
1971-09-08T00:00:00.000+10:00,1.049,140,603
1971-09-09T00:00:00.000+10:00,0.922,140,603
1971-09-10T00:00:00.000+10:00,0.860,140,603
1971-09-11T00:00:00.000+10:00,0.831,140,603
1971-09-12T00:00:00.000+10:00,0.784,140,603
1971-09-13T00:00:00.000+10:00,0.882,140,603
1971-09-14T00:00:00.000+10:00,0.830,140,603
1971-09-15T00:00:00.000+10:00,1.118,140,603
1971-09-16T00:00:00.000+10:00,1.002,140,603
1971-09-17T00:00:00.000+10:00,1.004,140,603
1971-09-18T00:00:00.000+10:00,0.989,140,603
1971-09-19T00:00:00.000+10:00,0.875,140,603
1971-09-20T00:00:00.000+10:00,0.850,140,603
1971-09-21T00:00:00.000+10:00,0.793,140,603
1971-09-22T00:00:00.000+10:00,0.791,140,603
1971-09-23T00:00:00.000+10:00,0.800,140,603
1971-09-24T00:00:00.000+10:00,0.765,140,603
1971-09-25T00:00:00.000+10:00,0.803,140,603
1971-09-26T00:00:00.000+10:00,0.776,140,603
1971-09-27T00:00:00.000+10:00,0.765,140,603
1971-09-28T00:00:00.000+10:00,0.718,140,603
1971-09-29T00:00:00.000+10:00,0.710,140,603
1971-09-30T00:00:00.000+10:00,0.729,140,603
1971-10-01T00:00:00.000+10:00,0.698,140,603
1971-10-02T00:00:00.000+10:00,0.684,140,603
1971-10-03T00:00:00.000+10:00,0.724,140,603
1971-10-04T00:00:00.000+10:00,0.713,140,603
1971-10-05T00:00:00.000+10:00,0.652,140,603
1971-10-06T00:00:00.000+10:00,0.651,140,603
1971-10-07T00:00:00.000+10:00,0.700,140,603
1971-10-08T00:00:00.000+10:00,0.641,140,603
1971-10-09T00:00:00.000+10:00,0.692,140,603
1971-10-10T00:00:00.000+10:00,0.725,140,603
1971-10-11T00:00:00.000+10:00,0.684,140,603
1971-10-12T00:00:00.000+10:00,0.691,140,603
1971-10-13T00:00:00.000+10:00,0.741,140,603
1971-10-14T00:00:00.000+10:00,0.720,140,603
1971-10-15T00:00:00.000+10:00,0.710,140,603
1971-10-16T00:00:00.000+10:00,0.694,140,603
1971-10-17T00:00:00.000+10:00,0.661,140,603
1971-10-18T00:00:00.000+10:00,0.731,140,603
1971-10-19T00:00:00.000+10:00,0.709,140,603
1971-10-20T00:00:00.000+10:00,0.716,140,603
1971-10-21T00:00:00.000+10:00,0.675,140,603
1971-10-22T00:00:00.000+10:00,0.643,140,603
1971-10-23T00:00:00.000+10:00,0.619,140,603
1971-10-24T00:00:00.000+10:00,0.616,140,603
1971-10-25T00:00:00.000+10:00,0.609,140,603
1971-10-26T00:00:00.000+10:00,0.602,140,603
1971-10-27T00:00:00.000+10:00,0.598,140,603
1971-10-28T00:00:00.000+10:00,0.603,140,603
1971-10-29T00:00:00.000+10:00,0.579,140,603
1971-10-30T00:00:00.000+10:00,0.579,140,603
1971-10-31T00:00:00.000+10:00,0.553,140,603
1971-11-01T00:00:00.000+10:00,0.617,140,603
1971-11-02T00:00:00.000+10:00,0.564,140,603
1971-11-03T00:00:00.000+10:00,0.566,140,603
1971-11-04T00:00:00.000+10:00,0.571,140,603
1971-11-05T00:00:00.000+10:00,0.571,140,603
1971-11-06T00:00:00.000+10:00,0.574,140,603
1971-11-07T00:00:00.000+10:00,0.594,140,603
1971-11-08T00:00:00.000+10:00,0.573,140,603
1971-11-09T00:00:00.000+10:00,0.555,140,603
1971-11-10T00:00:00.000+10:00,0.541,140,603
1971-11-11T00:00:00.000+10:00,0.533,140,603
1971-11-12T00:00:00.000+10:00,0.530,140,603
1971-11-13T00:00:00.000+10:00,0.527,140,603
1971-11-14T00:00:00.000+10:00,0.532,140,603
1971-11-15T00:00:00.000+10:00,0.527,140,603
1971-11-16T00:00:00.000+10:00,0.523,140,603
1971-11-17T00:00:00.000+10:00,0.522,140,603
1971-11-18T00:00:00.000+10:00,0.549,140,603
1971-11-19T00:00:00.000+10:00,0.525,140,603
1971-11-20T00:00:00.000+10:00,0.520,140,603
1971-11-21T00:00:00.000+10:00,0.512,140,603
1971-11-22T00:00:00.000+10:00,0.514,140,603
1971-11-23T00:00:00.000+10:00,0.508,140,603
1971-11-24T00:00:00.000+10:00,0.508,140,603
1971-11-25T00:00:00.000+10:00,0.513,140,603
1971-11-26T00:00:00.000+10:00,0.510,140,603
1971-11-27T00:00:00.000+10:00,0.515,140,603
1971-11-28T00:00:00.000+10:00,0.520,140,603
1971-11-29T00:00:00.000+10:00,0.548,140,603
1971-11-30T00:00:00.000+10:00,0.785,140,603
1971-12-01T00:00:00.000+10:00,0.952,140,603
1971-12-02T00:00:00.000+10:00,0.982,140,603
1971-12-03T00:00:00.000+10:00,1.026,140,603
1971-12-04T00:00:00.000+10:00,0.959,140,603
1971-12-05T00:00:00.000+10:00,0.815,140,603
1971-12-06T00:00:00.000+10:00,0.702,140,603
1971-12-07T00:00:00.000+10:00,0.695,140,603
1971-12-08T00:00:00.000+10:00,0.668,140,603
1971-12-09T00:00:00.000+10:00,0.616,140,603
1971-12-10T00:00:00.000+10:00,0.592,140,603
1971-12-11T00:00:00.000+10:00,0.631,140,603
1971-12-12T00:00:00.000+10:00,0.660,140,603
1971-12-13T00:00:00.000+10:00,0.614,140,603
1971-12-14T00:00:00.000+10:00,0.592,140,603
1971-12-15T00:00:00.000+10:00,0.617,140,603
1971-12-16T00:00:00.000+10:00,0.635,140,603
1971-12-17T00:00:00.000+10:00,0.868,140,603
1971-12-18T00:00:00.000+10:00,0.934,140,603
1971-12-19T00:00:00.000+10:00,0.936,140,603
1971-12-20T00:00:00.000+10:00,0.941,140,603
1971-12-21T00:00:00.000+10:00,0.932,140,603
1971-12-22T00:00:00.000+10:00,0.899,140,603
1971-12-23T00:00:00.000+10:00,0.853,140,603
1971-12-24T00:00:00.000+10:00,0.814,140,603
1971-12-25T00:00:00.000+10:00,0.769,140,603
1971-12-26T00:00:00.000+10:00,0.740,140,603
1971-12-27T00:00:00.000+10:00,0.717,140,603
1971-12-28T00:00:00.000+10:00,0.693,140,603
1971-12-29T00:00:00.000+10:00,0.696,140,603
1971-12-30T00:00:00.000+10:00,0.736,140,603
1971-12-31T00:00:00.000+10:00,0.685,140,603
1972-01-01T00:00:00.000+10:00,0.673,140,603
1972-01-02T00:00:00.000+10:00,0.646,140,603
1972-01-03T00:00:00.000+10:00,0.628,140,603
1972-01-04T00:00:00.000+10:00,0.607,140,603
1972-01-05T00:00:00.000+10:00,0.584,140,603
1972-01-06T00:00:00.000+10:00,0.796,140,603
1972-01-07T00:00:00.000+10:00,0.734,140,603
1972-01-08T00:00:00.000+10:00,0.742,140,603
1972-01-09T00:00:00.000+10:00,0.881,140,603
1972-01-10T00:00:00.000+10:00,0.917,140,603
1972-01-11T00:00:00.000+10:00,0.848,140,603
1972-01-12T00:00:00.000+10:00,0.795,140,603
1972-01-13T00:00:00.000+10:00,0.742,140,603
1972-01-14T00:00:00.000+10:00,0.793,140,603
1972-01-15T00:00:00.000+10:00,1.201,140,603
1972-01-16T00:00:00.000+10:00,1.213,140,603
1972-01-17T00:00:00.000+10:00,1.210,140,603
1972-01-18T00:00:00.000+10:00,1.174,140,603
1972-01-19T00:00:00.000+10:00,1.475,140,603
1972-01-20T00:00:00.000+10:00,1.534,140,603
1972-01-21T00:00:00.000+10:00,1.196,140,603
1972-01-22T00:00:00.000+10:00,1.131,140,603
1972-01-23T00:00:00.000+10:00,1.206,140,603
1972-01-24T00:00:00.000+10:00,1.424,140,603
1972-01-25T00:00:00.000+10:00,1.713,140,603
1972-01-26T00:00:00.000+10:00,1.998,140,603
1972-01-27T00:00:00.000+10:00,1.987,140,603
1972-01-28T00:00:00.000+10:00,1.812,140,603
1972-01-29T00:00:00.000+10:00,1.809,140,603
1972-01-30T00:00:00.000+10:00,1.690,140,603
1972-01-31T00:00:00.000+10:00,1.506,140,603
1972-02-01T00:00:00.000+10:00,1.479,140,603
1972-02-02T00:00:00.000+10:00,1.435,140,603
1972-02-03T00:00:00.000+10:00,1.409,140,603
1972-02-04T00:00:00.000+10:00,1.356,140,603
1972-02-05T00:00:00.000+10:00,1.302,140,603
1972-02-06T00:00:00.000+10:00,1.264,140,603
1972-02-07T00:00:00.000+10:00,1.223,140,603
1972-02-08T00:00:00.000+10:00,1.190,140,603
1972-02-09T00:00:00.000+10:00,1.172,140,603
1972-02-10T00:00:00.000+10:00,1.153,140,603
1972-02-11T00:00:00.000+10:00,1.141,140,603
1972-02-12T00:00:00.000+10:00,1.512,140,603
1972-02-13T00:00:00.000+10:00,2.166,140,603
1972-02-14T00:00:00.000+10:00,2.431,140,603
1972-02-15T00:00:00.000+10:00,2.622,140,603
1972-02-16T00:00:00.000+10:00,2.766,140,603
1972-02-17T00:00:00.000+10:00,2.233,140,603
1972-02-18T00:00:00.000+10:00,3.785,140,603
1972-02-19T00:00:00.000+10:00,3.053,140,603
1972-02-20T00:00:00.000+10:00,2.362,140,603
1972-02-21T00:00:00.000+10:00,1.990,140,603
1972-02-22T00:00:00.000+10:00,1.763,140,603
1972-02-23T00:00:00.000+10:00,1.596,140,603
1972-02-24T00:00:00.000+10:00,1.521,140,603
1972-02-25T00:00:00.000+10:00,1.514,140,603
1972-02-26T00:00:00.000+10:00,1.504,140,603
1972-02-27T00:00:00.000+10:00,1.493,140,603
1972-02-28T00:00:00.000+10:00,1.492,140,603
1972-02-29T00:00:00.000+10:00,1.993,140,603
1972-03-01T00:00:00.000+10:00,2.647,140,603
1972-03-02T00:00:00.000+10:00,2.562,140,603
1972-03-03T00:00:00.000+10:00,2.127,140,603
1972-03-04T00:00:00.000+10:00,1.833,140,603
1972-03-05T00:00:00.000+10:00,1.653,140,603
1972-03-06T00:00:00.000+10:00,1.558,140,603
1972-03-07T00:00:00.000+10:00,1.653,140,603
1972-03-08T00:00:00.000+10:00,2.077,140,603
1972-03-09T00:00:00.000+10:00,3.343,140,603
1972-03-10T00:00:00.000+10:00,4.077,140,603
1972-03-11T00:00:00.000+10:00,3.436,140,603
1972-03-12T00:00:00.000+10:00,2.494,140,603
1972-03-13T00:00:00.000+10:00,2.086,140,603
1972-03-14T00:00:00.000+10:00,1.861,140,603
1972-03-15T00:00:00.000+10:00,1.744,140,603
1972-03-16T00:00:00.000+10:00,1.646,140,603
1972-03-17T00:00:00.000+10:00,1.546,140,603
1972-03-18T00:00:00.000+10:00,1.526,140,603
1972-03-19T00:00:00.000+10:00,1.524,140,603
1972-03-20T00:00:00.000+10:00,1.660,140,603
1972-03-21T00:00:00.000+10:00,1.985,140,603
1972-03-22T00:00:00.000+10:00,2.283,140,603
1972-03-23T00:00:00.000+10:00,3.030,140,603
1972-03-24T00:00:00.000+10:00,2.532,140,603
1972-03-25T00:00:00.000+10:00,2.082,140,603
1972-03-26T00:00:00.000+10:00,1.823,140,603
1972-03-27T00:00:00.000+10:00,1.669,140,603
1972-03-28T00:00:00.000+10:00,1.571,140,603
1972-03-29T00:00:00.000+10:00,1.522,140,603
1972-03-30T00:00:00.000+10:00,1.521,140,603
1972-03-31T00:00:00.000+10:00,1.518,140,603
1972-04-01T00:00:00.000+10:00,1.511,140,603
1972-04-02T00:00:00.000+10:00,1.507,140,603
1972-04-03T00:00:00.000+10:00,2.414,140,603
1972-04-04T00:00:00.000+10:00,3.232,140,603
1972-04-05T00:00:00.000+10:00,3.811,140,603
1972-04-06T00:00:00.000+10:00,3.205,140,603
1972-04-07T00:00:00.000+10:00,2.303,140,603
1972-04-08T00:00:00.000+10:00,1.948,140,603
1972-04-09T00:00:00.000+10:00,1.767,140,603
1972-04-10T00:00:00.000+10:00,1.643,140,603
1972-04-11T00:00:00.000+10:00,1.554,140,603
1972-04-12T00:00:00.000+10:00,1.516,140,603
1972-04-13T00:00:00.000+10:00,1.512,140,603
1972-04-14T00:00:00.000+10:00,1.508,140,603
1972-04-15T00:00:00.000+10:00,1.502,140,603
1972-04-16T00:00:00.000+10:00,1.495,140,603
1972-04-17T00:00:00.000+10:00,1.476,140,603
1972-04-18T00:00:00.000+10:00,1.446,140,603
1972-04-19T00:00:00.000+10:00,1.423,140,603
1972-04-20T00:00:00.000+10:00,1.403,140,603
1972-04-21T00:00:00.000+10:00,1.386,140,603
1972-04-22T00:00:00.000+10:00,1.368,140,603
1972-04-23T00:00:00.000+10:00,1.354,140,603
1972-04-24T00:00:00.000+10:00,1.339,140,603
1972-04-25T00:00:00.000+10:00,1.321,140,603
1972-04-26T00:00:00.000+10:00,1.311,140,603
1972-04-27T00:00:00.000+10:00,1.297,140,603
1972-04-28T00:00:00.000+10:00,1.285,140,603
1972-04-29T00:00:00.000+10:00,1.276,140,603
1972-04-30T00:00:00.000+10:00,1.263,140,603
1972-05-01T00:00:00.000+10:00,1.253,140,603
1972-05-02T00:00:00.000+10:00,1.244,140,603
1972-05-03T00:00:00.000+10:00,1.234,140,603
1972-05-04T00:00:00.000+10:00,1.224,140,603
1972-05-05T00:00:00.000+10:00,1.213,140,603
1972-05-06T00:00:00.000+10:00,1.211,140,603
1972-05-07T00:00:00.000+10:00,1.205,140,603
1972-05-08T00:00:00.000+10:00,1.201,140,603
1972-05-09T00:00:00.000+10:00,1.198,140,603
1972-05-10T00:00:00.000+10:00,1.197,140,603
1972-05-11T00:00:00.000+10:00,1.196,140,603
1972-05-12T00:00:00.000+10:00,1.193,140,603
1972-05-13T00:00:00.000+10:00,1.190,140,603
1972-05-14T00:00:00.000+10:00,1.189,140,603
1972-05-15T00:00:00.000+10:00,1.189,140,603
1972-05-16T00:00:00.000+10:00,1.187,140,603
1972-05-17T00:00:00.000+10:00,1.191,140,603
1972-05-18T00:00:00.000+10:00,1.185,140,603
1972-05-19T00:00:00.000+10:00,1.179,140,603
1972-05-20T00:00:00.000+10:00,1.179,140,603
1972-05-21T00:00:00.000+10:00,1.179,140,603
1972-05-22T00:00:00.000+10:00,1.175,140,603
1972-05-23T00:00:00.000+10:00,1.176,140,603
1972-05-24T00:00:00.000+10:00,1.174,140,603
1972-05-25T00:00:00.000+10:00,1.172,140,603
1972-05-26T00:00:00.000+10:00,1.171,140,603
1972-05-27T00:00:00.000+10:00,1.170,140,603
1972-05-28T00:00:00.000+10:00,1.166,140,603
1972-05-29T00:00:00.000+10:00,1.166,140,603
1972-05-30T00:00:00.000+10:00,1.168,140,603
1972-05-31T00:00:00.000+10:00,1.168,140,603
1972-06-01T00:00:00.000+10:00,1.165,140,603
1972-06-02T00:00:00.000+10:00,1.167,140,603
1972-06-03T00:00:00.000+10:00,1.168,140,603
1972-06-04T00:00:00.000+10:00,1.170,140,603
1972-06-05T00:00:00.000+10:00,1.171,140,603
1972-06-06T00:00:00.000+10:00,1.173,140,603
1972-06-07T00:00:00.000+10:00,1.177,140,603
1972-06-08T00:00:00.000+10:00,1.175,140,603
1972-06-09T00:00:00.000+10:00,1.166,140,603
1972-06-10T00:00:00.000+10:00,1.164,140,603
1972-06-11T00:00:00.000+10:00,1.158,140,603
1972-06-12T00:00:00.000+10:00,1.146,140,603
1972-06-13T00:00:00.000+10:00,1.138,140,603
1972-06-14T00:00:00.000+10:00,1.131,140,603
1972-06-15T00:00:00.000+10:00,1.120,140,603
1972-06-16T00:00:00.000+10:00,1.113,140,603
1972-06-17T00:00:00.000+10:00,1.108,140,603
1972-06-18T00:00:00.000+10:00,1.103,140,603
1972-06-19T00:00:00.000+10:00,1.102,140,603
1972-06-20T00:00:00.000+10:00,1.102,140,603
1972-06-21T00:00:00.000+10:00,1.102,140,603
1972-06-22T00:00:00.000+10:00,1.101,140,603
1972-06-23T00:00:00.000+10:00,1.097,140,603
1972-06-24T00:00:00.000+10:00,1.086,140,603
1972-06-25T00:00:00.000+10:00,1.080,140,603
1972-06-26T00:00:00.000+10:00,1.073,140,603
1972-06-27T00:00:00.000+10:00,1.065,140,603
1972-06-28T00:00:00.000+10:00,1.065,140,603
1972-06-29T00:00:00.000+10:00,1.064,140,603
1972-06-30T00:00:00.000+10:00,1.056,140,603
1972-07-01T00:00:00.000+10:00,1.043,140,603
1972-07-02T00:00:00.000+10:00,1.041,140,603
1972-07-03T00:00:00.000+10:00,1.038,140,603
1972-07-04T00:00:00.000+10:00,1.034,140,603
1972-07-05T00:00:00.000+10:00,1.029,140,603
1972-07-06T00:00:00.000+10:00,1.025,140,603
1972-07-07T00:00:00.000+10:00,1.020,140,603
1972-07-08T00:00:00.000+10:00,1.013,140,603
1972-07-09T00:00:00.000+10:00,1.003,140,603
1972-07-10T00:00:00.000+10:00,0.991,140,603
1972-07-11T00:00:00.000+10:00,0.987,140,603
1972-07-12T00:00:00.000+10:00,0.976,140,603
1972-07-13T00:00:00.000+10:00,0.966,140,603
1972-07-14T00:00:00.000+10:00,0.961,140,603
1972-07-15T00:00:00.000+10:00,0.957,140,603
1972-07-16T00:00:00.000+10:00,0.951,140,603
1972-07-17T00:00:00.000+10:00,0.947,140,603
1972-07-18T00:00:00.000+10:00,0.929,140,603
1972-07-19T00:00:00.000+10:00,0.913,140,603
1972-07-20T00:00:00.000+10:00,0.901,140,603
1972-07-21T00:00:00.000+10:00,0.891,140,603
1972-07-22T00:00:00.000+10:00,0.880,140,603
1972-07-23T00:00:00.000+10:00,0.867,140,603
1972-07-24T00:00:00.000+10:00,0.852,140,603
1972-07-25T00:00:00.000+10:00,0.845,140,603
1972-07-26T00:00:00.000+10:00,0.863,140,603
1972-07-27T00:00:00.000+10:00,0.842,140,603
1972-07-28T00:00:00.000+10:00,0.827,140,603
1972-07-29T00:00:00.000+10:00,0.819,140,603
1972-07-30T00:00:00.000+10:00,0.814,140,603
1972-07-31T00:00:00.000+10:00,0.810,140,603
1972-08-01T00:00:00.000+10:00,0.824,140,603
1972-08-02T00:00:00.000+10:00,0.835,140,603
1972-08-03T00:00:00.000+10:00,0.844,140,603
1972-08-04T00:00:00.000+10:00,0.857,140,603
1972-08-05T00:00:00.000+10:00,0.868,140,603
1972-08-06T00:00:00.000+10:00,0.859,140,603
1972-08-07T00:00:00.000+10:00,0.850,140,603
1972-08-08T00:00:00.000+10:00,0.839,140,603
1972-08-09T00:00:00.000+10:00,0.829,140,603
1972-08-10T00:00:00.000+10:00,0.822,140,603
1972-08-11T00:00:00.000+10:00,0.811,140,603
1972-08-12T00:00:00.000+10:00,0.799,140,603
1972-08-13T00:00:00.000+10:00,0.783,140,603
1972-08-14T00:00:00.000+10:00,0.777,140,603
1972-08-15T00:00:00.000+10:00,0.777,140,603
1972-08-16T00:00:00.000+10:00,0.778,140,603
1972-08-17T00:00:00.000+10:00,0.779,140,603
1972-08-18T00:00:00.000+10:00,0.768,140,603
1972-08-19T00:00:00.000+10:00,0.755,140,603
1972-08-20T00:00:00.000+10:00,0.766,140,603
1972-08-21T00:00:00.000+10:00,0.807,140,603
1972-08-22T00:00:00.000+10:00,0.771,140,603
1972-08-23T00:00:00.000+10:00,0.738,140,603
1972-08-24T00:00:00.000+10:00,0.723,140,603
1972-08-25T00:00:00.000+10:00,0.710,140,603
1972-08-26T00:00:00.000+10:00,0.703,140,603
1972-08-27T00:00:00.000+10:00,0.701,140,603
1972-08-28T00:00:00.000+10:00,0.697,140,603
1972-08-29T00:00:00.000+10:00,0.697,140,603
1972-08-30T00:00:00.000+10:00,0.687,140,603
1972-08-31T00:00:00.000+10:00,0.680,140,603
1972-09-01T00:00:00.000+10:00,0.675,140,603
1972-09-02T00:00:00.000+10:00,0.667,140,603
1972-09-03T00:00:00.000+10:00,0.662,140,603
1972-09-04T00:00:00.000+10:00,0.663,140,603
1972-09-05T00:00:00.000+10:00,0.650,140,603
1972-09-06T00:00:00.000+10:00,0.653,140,603
1972-09-07T00:00:00.000+10:00,0.648,140,603
1972-09-08T00:00:00.000+10:00,0.643,140,603
1972-09-09T00:00:00.000+10:00,0.654,140,603
1972-09-10T00:00:00.000+10:00,0.650,140,603
1972-09-11T00:00:00.000+10:00,0.647,140,603
1972-09-12T00:00:00.000+10:00,0.658,140,603
1972-09-13T00:00:00.000+10:00,0.646,140,603
1972-09-14T00:00:00.000+10:00,0.625,140,603
1972-09-15T00:00:00.000+10:00,0.633,140,603
1972-09-16T00:00:00.000+10:00,0.614,140,603
1972-09-17T00:00:00.000+10:00,0.602,140,603
1972-09-18T00:00:00.000+10:00,0.594,140,603
1972-09-19T00:00:00.000+10:00,0.589,140,603
1972-09-20T00:00:00.000+10:00,0.588,140,603
1972-09-21T00:00:00.000+10:00,0.596,140,603
1972-09-22T00:00:00.000+10:00,0.586,140,603
1972-09-23T00:00:00.000+10:00,0.581,140,603
1972-09-24T00:00:00.000+10:00,0.591,140,603
1972-09-25T00:00:00.000+10:00,0.589,140,603
1972-09-26T00:00:00.000+10:00,0.588,140,603
1972-09-27T00:00:00.000+10:00,0.584,140,603
1972-09-28T00:00:00.000+10:00,0.578,140,603
1972-09-29T00:00:00.000+10:00,0.604,140,603
1972-09-30T00:00:00.000+10:00,0.612,140,603
1972-10-01T00:00:00.000+10:00,0.641,140,603
1972-10-02T00:00:00.000+10:00,0.800,140,603
1972-10-03T00:00:00.000+10:00,0.947,140,603
1972-10-04T00:00:00.000+10:00,0.915,140,603
1972-10-05T00:00:00.000+10:00,0.805,140,603
1972-10-06T00:00:00.000+10:00,0.740,140,603
1972-10-07T00:00:00.000+10:00,0.714,140,603
1972-10-08T00:00:00.000+10:00,0.679,140,603
1972-10-09T00:00:00.000+10:00,0.654,140,603
1972-10-10T00:00:00.000+10:00,0.650,140,603
1972-10-11T00:00:00.000+10:00,0.619,140,603
1972-10-12T00:00:00.000+10:00,0.593,140,603
1972-10-13T00:00:00.000+10:00,0.580,140,603
1972-10-14T00:00:00.000+10:00,0.575,140,603
1972-10-15T00:00:00.000+10:00,0.573,140,603
1972-10-16T00:00:00.000+10:00,0.561,140,603
1972-10-17T00:00:00.000+10:00,0.671,140,603
1972-10-18T00:00:00.000+10:00,0.939,140,603
1972-10-19T00:00:00.000+10:00,2.157,140,603
1972-10-20T00:00:00.000+10:00,3.147,140,603
1972-10-21T00:00:00.000+10:00,3.785,140,603
1972-10-22T00:00:00.000+10:00,2.838,140,603
1972-10-23T00:00:00.000+10:00,1.982,140,603
1972-10-24T00:00:00.000+10:00,1.792,140,603
1972-10-25T00:00:00.000+10:00,2.115,140,603
1972-10-26T00:00:00.000+10:00,1.604,140,603
1972-10-27T00:00:00.000+10:00,1.810,140,603
1972-10-28T00:00:00.000+10:00,7.177,140,603
1972-10-29T00:00:00.000+10:00,14.289,140,603
1972-10-30T00:00:00.000+10:00,17.116,140,603
1972-10-31T00:00:00.000+10:00,12.551,140,603
1972-11-01T00:00:00.000+10:00,7.400,140,603
1972-11-02T00:00:00.000+10:00,3.717,140,603
1972-11-03T00:00:00.000+10:00,2.680,140,603
1972-11-04T00:00:00.000+10:00,2.306,140,603
1972-11-05T00:00:00.000+10:00,2.398,140,603
1972-11-06T00:00:00.000+10:00,2.972,140,603
1972-11-07T00:00:00.000+10:00,3.487,140,603
1972-11-08T00:00:00.000+10:00,3.137,140,603
1972-11-09T00:00:00.000+10:00,2.557,140,603
1972-11-10T00:00:00.000+10:00,2.154,140,603
1972-11-11T00:00:00.000+10:00,3.888,140,603
1972-11-12T00:00:00.000+10:00,6.433,140,603
1972-11-13T00:00:00.000+10:00,3.871,140,603
1972-11-14T00:00:00.000+10:00,2.790,140,603
1972-11-15T00:00:00.000+10:00,2.608,140,603
1972-11-16T00:00:00.000+10:00,2.722,140,603
1972-11-17T00:00:00.000+10:00,2.315,140,603
1972-11-18T00:00:00.000+10:00,2.052,140,603
1972-11-19T00:00:00.000+10:00,1.875,140,603
1972-11-20T00:00:00.000+10:00,1.734,140,603
1972-11-21T00:00:00.000+10:00,1.641,140,603
1972-11-22T00:00:00.000+10:00,1.606,140,603
1972-11-23T00:00:00.000+10:00,1.581,140,603
1972-11-24T00:00:00.000+10:00,1.570,140,603
1972-11-25T00:00:00.000+10:00,1.560,140,603
1972-11-26T00:00:00.000+10:00,1.676,140,603
1972-11-27T00:00:00.000+10:00,1.704,140,603
1972-11-28T00:00:00.000+10:00,1.555,140,603
1972-11-29T00:00:00.000+10:00,1.539,140,603
1972-11-30T00:00:00.000+10:00,1.529,140,603
1972-12-01T00:00:00.000+10:00,1.509,140,603
1972-12-02T00:00:00.000+10:00,1.485,140,603
1972-12-03T00:00:00.000+10:00,1.458,140,603
1972-12-04T00:00:00.000+10:00,1.436,140,603
1972-12-05T00:00:00.000+10:00,1.421,140,603
1972-12-06T00:00:00.000+10:00,1.405,140,603
1972-12-07T00:00:00.000+10:00,1.389,140,603
1972-12-08T00:00:00.000+10:00,1.375,140,603
1972-12-09T00:00:00.000+10:00,1.366,140,603
1972-12-10T00:00:00.000+10:00,1.346,140,603
1972-12-11T00:00:00.000+10:00,1.323,140,603
1972-12-12T00:00:00.000+10:00,1.309,140,603
1972-12-13T00:00:00.000+10:00,1.294,140,603
1972-12-14T00:00:00.000+10:00,1.277,140,603
1972-12-15T00:00:00.000+10:00,1.260,140,603
1972-12-16T00:00:00.000+10:00,1.241,140,603
1972-12-17T00:00:00.000+10:00,1.226,140,603
1972-12-18T00:00:00.000+10:00,1.209,140,603
1972-12-19T00:00:00.000+10:00,1.189,140,603
1972-12-20T00:00:00.000+10:00,1.178,140,603
1972-12-21T00:00:00.000+10:00,1.168,140,603
1972-12-22T00:00:00.000+10:00,1.154,140,603
1972-12-23T00:00:00.000+10:00,1.142,140,603
1972-12-24T00:00:00.000+10:00,1.132,140,603
1972-12-25T00:00:00.000+10:00,1.116,140,603
1972-12-26T00:00:00.000+10:00,1.108,140,603
1972-12-27T00:00:00.000+10:00,1.110,140,603
1972-12-28T00:00:00.000+10:00,1.108,140,603
1972-12-29T00:00:00.000+10:00,1.179,140,603
1972-12-30T00:00:00.000+10:00,1.164,140,603
1972-12-31T00:00:00.000+10:00,1.177,140,603
1973-01-01T00:00:00.000+10:00,1.131,140,603
1973-01-02T00:00:00.000+10:00,1.112,140,603
1973-01-03T00:00:00.000+10:00,1.097,140,603
1973-01-04T00:00:00.000+10:00,1.114,140,603
1973-01-05T00:00:00.000+10:00,1.134,140,603
1973-01-06T00:00:00.000+10:00,1.154,140,603
1973-01-07T00:00:00.000+10:00,1.151,140,603
1973-01-08T00:00:00.000+10:00,1.172,140,603
1973-01-09T00:00:00.000+10:00,1.200,140,603
1973-01-10T00:00:00.000+10:00,2.397,140,603
1973-01-11T00:00:00.000+10:00,1.528,140,603
1973-01-12T00:00:00.000+10:00,1.327,140,603
1973-01-13T00:00:00.000+10:00,1.255,140,603
1973-01-14T00:00:00.000+10:00,1.222,140,603
1973-01-15T00:00:00.000+10:00,1.184,140,603
1973-01-16T00:00:00.000+10:00,1.167,140,603
1973-01-17T00:00:00.000+10:00,1.144,140,603
1973-01-18T00:00:00.000+10:00,1.125,140,603
1973-01-19T00:00:00.000+10:00,1.110,140,603
1973-01-20T00:00:00.000+10:00,1.103,140,603
1973-01-21T00:00:00.000+10:00,1.115,140,603
1973-01-22T00:00:00.000+10:00,1.111,140,603
1973-01-23T00:00:00.000+10:00,1.109,140,603
1973-01-24T00:00:00.000+10:00,1.112,140,603
1973-01-25T00:00:00.000+10:00,1.100,140,603
1973-01-26T00:00:00.000+10:00,1.104,140,603
1973-01-27T00:00:00.000+10:00,1.101,140,603
1973-01-28T00:00:00.000+10:00,1.098,140,603
1973-01-29T00:00:00.000+10:00,1.157,140,603
1973-01-30T00:00:00.000+10:00,1.294,140,603
1973-01-31T00:00:00.000+10:00,1.181,140,603
1973-02-01T00:00:00.000+10:00,1.180,140,603
1973-02-02T00:00:00.000+10:00,1.154,140,603
1973-02-03T00:00:00.000+10:00,1.117,140,603
1973-02-04T00:00:00.000+10:00,1.108,140,603
1973-02-05T00:00:00.000+10:00,1.092,140,603
1973-02-06T00:00:00.000+10:00,1.076,140,603
1973-02-07T00:00:00.000+10:00,1.060,140,603
1973-02-08T00:00:00.000+10:00,1.055,140,603
1973-02-09T00:00:00.000+10:00,1.048,140,603
1973-02-10T00:00:00.000+10:00,1.040,140,603
1973-02-11T00:00:00.000+10:00,1.044,140,603
1973-02-12T00:00:00.000+10:00,1.085,140,603
1973-02-13T00:00:00.000+10:00,1.189,140,603
1973-02-14T00:00:00.000+10:00,2.016,140,603
1973-02-15T00:00:00.000+10:00,2.413,140,603
1973-02-16T00:00:00.000+10:00,2.118,140,603
1973-02-17T00:00:00.000+10:00,2.845,140,603
1973-02-18T00:00:00.000+10:00,4.696,140,603
1973-02-19T00:00:00.000+10:00,5.673,140,603
1973-02-20T00:00:00.000+10:00,4.999,140,603
1973-02-21T00:00:00.000+10:00,3.085,140,603
1973-02-22T00:00:00.000+10:00,2.306,140,603
1973-02-23T00:00:00.000+10:00,2.144,140,603
1973-02-24T00:00:00.000+10:00,1.874,140,603
1973-02-25T00:00:00.000+10:00,1.712,140,603
1973-02-26T00:00:00.000+10:00,1.600,140,603
1973-02-27T00:00:00.000+10:00,1.553,140,603
1973-02-28T00:00:00.000+10:00,1.568,140,603
1973-03-01T00:00:00.000+10:00,1.649,140,603
1973-03-02T00:00:00.000+10:00,1.858,140,603
1973-03-03T00:00:00.000+10:00,1.786,140,603
1973-03-04T00:00:00.000+10:00,1.613,140,603
1973-03-05T00:00:00.000+10:00,1.498,140,603
1973-03-06T00:00:00.000+10:00,1.427,140,603
1973-03-07T00:00:00.000+10:00,1.372,140,603
1973-03-08T00:00:00.000+10:00,1.330,140,603
1973-03-09T00:00:00.000+10:00,1.313,140,603
1973-03-10T00:00:00.000+10:00,1.414,140,603
1973-03-11T00:00:00.000+10:00,1.342,140,603
1973-03-12T00:00:00.000+10:00,1.350,140,603
1973-03-13T00:00:00.000+10:00,1.308,140,603
1973-03-14T00:00:00.000+10:00,1.386,140,603
1973-03-15T00:00:00.000+10:00,1.448,140,603
1973-03-16T00:00:00.000+10:00,1.488,140,603
1973-03-17T00:00:00.000+10:00,1.382,140,603
1973-03-18T00:00:00.000+10:00,1.311,140,603
1973-03-19T00:00:00.000+10:00,1.266,140,603
1973-03-20T00:00:00.000+10:00,1.235,140,603
1973-03-21T00:00:00.000+10:00,1.214,140,603
1973-03-22T00:00:00.000+10:00,1.199,140,603
1973-03-23T00:00:00.000+10:00,1.202,140,603
1973-03-24T00:00:00.000+10:00,1.211,140,603
1973-03-25T00:00:00.000+10:00,1.233,140,603
1973-03-26T00:00:00.000+10:00,1.259,140,603
1973-03-27T00:00:00.000+10:00,1.303,140,603
1973-03-28T00:00:00.000+10:00,1.290,140,603
1973-03-29T00:00:00.000+10:00,1.271,140,603
1973-03-30T00:00:00.000+10:00,1.251,140,603
1973-03-31T00:00:00.000+10:00,1.233,140,603
1973-04-01T00:00:00.000+10:00,1.203,140,603
1973-04-02T00:00:00.000+10:00,1.185,140,603
1973-04-03T00:00:00.000+10:00,1.175,140,603
1973-04-04T00:00:00.000+10:00,1.161,140,603
1973-04-05T00:00:00.000+10:00,1.150,140,603
1973-04-06T00:00:00.000+10:00,1.131,140,603
1973-04-07T00:00:00.000+10:00,1.132,140,603
1973-04-08T00:00:00.000+10:00,1.121,140,603
1973-04-09T00:00:00.000+10:00,1.117,140,603
1973-04-10T00:00:00.000+10:00,1.127,140,603
1973-04-11T00:00:00.000+10:00,1.119,140,603
1973-04-12T00:00:00.000+10:00,1.116,140,603
1973-04-13T00:00:00.000+10:00,1.118,140,603
1973-04-14T00:00:00.000+10:00,1.128,140,603
1973-04-15T00:00:00.000+10:00,1.133,140,603
1973-04-16T00:00:00.000+10:00,1.131,140,603
1973-04-17T00:00:00.000+10:00,1.057,140,603
1973-04-18T00:00:00.000+10:00,1.041,140,603
1973-04-19T00:00:00.000+10:00,1.079,140,603
1973-04-20T00:00:00.000+10:00,1.084,140,603
1973-04-21T00:00:00.000+10:00,1.085,140,603
1973-04-22T00:00:00.000+10:00,1.077,140,603
1973-04-23T00:00:00.000+10:00,1.072,140,603
1973-04-24T00:00:00.000+10:00,1.053,140,603
1973-04-25T00:00:00.000+10:00,1.057,140,603
1973-04-26T00:00:00.000+10:00,1.065,140,603
1973-04-27T00:00:00.000+10:00,1.071,140,603
1973-04-28T00:00:00.000+10:00,1.076,140,603
1973-04-29T00:00:00.000+10:00,1.074,140,603
1973-04-30T00:00:00.000+10:00,1.063,140,603
1973-05-01T00:00:00.000+10:00,1.043,140,603
1973-05-02T00:00:00.000+10:00,1.095,140,603
1973-05-03T00:00:00.000+10:00,1.111,140,603
1973-05-04T00:00:00.000+10:00,1.112,140,603
1973-05-05T00:00:00.000+10:00,1.148,140,603
1973-05-06T00:00:00.000+10:00,1.134,140,603
1973-05-07T00:00:00.000+10:00,1.097,140,603
1973-05-08T00:00:00.000+10:00,1.070,140,603
1973-05-09T00:00:00.000+10:00,1.041,140,603
1973-05-10T00:00:00.000+10:00,1.022,140,603
1973-05-11T00:00:00.000+10:00,1.004,140,603
1973-05-12T00:00:00.000+10:00,0.996,140,603
1973-05-13T00:00:00.000+10:00,0.967,140,603
1973-05-14T00:00:00.000+10:00,0.957,140,603
1973-05-15T00:00:00.000+10:00,0.940,140,603
1973-05-16T00:00:00.000+10:00,0.941,140,603
1973-05-17T00:00:00.000+10:00,0.925,140,603
1973-05-18T00:00:00.000+10:00,0.917,140,603
1973-05-19T00:00:00.000+10:00,0.894,140,603
1973-05-20T00:00:00.000+10:00,0.894,140,603
1973-05-21T00:00:00.000+10:00,0.882,140,603
1973-05-22T00:00:00.000+10:00,0.881,140,603
1973-05-23T00:00:00.000+10:00,0.875,140,603
1973-05-24T00:00:00.000+10:00,0.872,140,603
1973-05-25T00:00:00.000+10:00,0.867,140,603
1973-05-26T00:00:00.000+10:00,0.869,140,603
1973-05-27T00:00:00.000+10:00,0.858,140,603
1973-05-28T00:00:00.000+10:00,0.943,140,603
1973-05-29T00:00:00.000+10:00,0.922,140,603
1973-05-30T00:00:00.000+10:00,0.884,140,603
1973-05-31T00:00:00.000+10:00,0.866,140,603
1973-06-01T00:00:00.000+10:00,0.847,140,603
1973-06-02T00:00:00.000+10:00,0.834,140,603
1973-06-03T00:00:00.000+10:00,0.856,140,603
1973-06-04T00:00:00.000+10:00,0.848,140,603
1973-06-05T00:00:00.000+10:00,0.845,140,603
1973-06-06T00:00:00.000+10:00,0.844,140,603
1973-06-07T00:00:00.000+10:00,0.818,140,603
1973-06-08T00:00:00.000+10:00,0.821,140,603
1973-06-09T00:00:00.000+10:00,0.820,140,603
1973-06-10T00:00:00.000+10:00,0.807,140,603
1973-06-11T00:00:00.000+10:00,0.806,140,603
1973-06-12T00:00:00.000+10:00,0.808,140,603
1973-06-13T00:00:00.000+10:00,0.801,140,603
1973-06-14T00:00:00.000+10:00,0.781,140,603
1973-06-15T00:00:00.000+10:00,0.778,140,603
1973-06-16T00:00:00.000+10:00,0.763,140,603
1973-06-17T00:00:00.000+10:00,0.765,140,603
1973-06-18T00:00:00.000+10:00,0.748,140,603
1973-06-19T00:00:00.000+10:00,0.751,140,603
1973-06-20T00:00:00.000+10:00,0.751,140,603
1973-06-21T00:00:00.000+10:00,0.758,140,603
1973-06-22T00:00:00.000+10:00,0.743,140,603
1973-06-23T00:00:00.000+10:00,0.758,140,603
1973-06-24T00:00:00.000+10:00,0.751,140,603
1973-06-25T00:00:00.000+10:00,0.740,140,603
1973-06-26T00:00:00.000+10:00,0.731,140,603
1973-06-27T00:00:00.000+10:00,0.732,140,603
1973-06-28T00:00:00.000+10:00,0.719,140,603
1973-06-29T00:00:00.000+10:00,0.719,140,603
1973-06-30T00:00:00.000+10:00,0.717,140,603
1973-07-01T00:00:00.000+10:00,0.720,140,603
1973-07-02T00:00:00.000+10:00,0.736,140,603
1973-07-03T00:00:00.000+10:00,0.771,140,603
1973-07-04T00:00:00.000+10:00,0.796,140,603
1973-07-05T00:00:00.000+10:00,0.794,140,603
1973-07-06T00:00:00.000+10:00,0.982,140,603
1973-07-07T00:00:00.000+10:00,4.681,140,603
1973-07-08T00:00:00.000+10:00,7.268,140,603
1973-07-09T00:00:00.000+10:00,7.186,140,603
1973-07-10T00:00:00.000+10:00,6.223,140,603
1973-07-11T00:00:00.000+10:00,5.193,140,603
1973-07-12T00:00:00.000+10:00,3.879,140,603
1973-07-13T00:00:00.000+10:00,2.990,140,603
1973-07-14T00:00:00.000+10:00,2.421,140,603
1973-07-15T00:00:00.000+10:00,2.105,140,603
1973-07-16T00:00:00.000+10:00,1.909,140,603
1973-07-17T00:00:00.000+10:00,1.780,140,603
1973-07-18T00:00:00.000+10:00,1.727,140,603
1973-07-19T00:00:00.000+10:00,1.656,140,603
1973-07-20T00:00:00.000+10:00,1.579,140,603
1973-07-21T00:00:00.000+10:00,1.506,140,603
1973-07-22T00:00:00.000+10:00,1.448,140,603
1973-07-23T00:00:00.000+10:00,1.398,140,603
1973-07-24T00:00:00.000+10:00,1.356,140,603
1973-07-25T00:00:00.000+10:00,1.321,140,603
1973-07-26T00:00:00.000+10:00,1.292,140,603
1973-07-27T00:00:00.000+10:00,1.274,140,603
1973-07-28T00:00:00.000+10:00,1.269,140,603
1973-07-29T00:00:00.000+10:00,1.248,140,603
1973-07-30T00:00:00.000+10:00,1.227,140,603
1973-07-31T00:00:00.000+10:00,1.194,140,603
1973-08-01T00:00:00.000+10:00,1.182,140,603
1973-08-02T00:00:00.000+10:00,1.162,140,603
1973-08-03T00:00:00.000+10:00,1.150,140,603
1973-08-04T00:00:00.000+10:00,1.136,140,603
1973-08-05T00:00:00.000+10:00,1.135,140,603
1973-08-06T00:00:00.000+10:00,1.119,140,603
1973-08-07T00:00:00.000+10:00,1.109,140,603
1973-08-08T00:00:00.000+10:00,1.111,140,603
1973-08-09T00:00:00.000+10:00,1.110,140,603
1973-08-10T00:00:00.000+10:00,1.116,140,603
1973-08-11T00:00:00.000+10:00,1.125,140,603
1973-08-12T00:00:00.000+10:00,1.154,140,603
1973-08-13T00:00:00.000+10:00,1.157,140,603
1973-08-14T00:00:00.000+10:00,1.137,140,603
1973-08-15T00:00:00.000+10:00,1.125,140,603
1973-08-16T00:00:00.000+10:00,1.117,140,603
1973-08-17T00:00:00.000+10:00,1.132,140,603
1973-08-18T00:00:00.000+10:00,1.127,140,603
1973-08-19T00:00:00.000+10:00,1.125,140,603
1973-08-20T00:00:00.000+10:00,1.120,140,603
1973-08-21T00:00:00.000+10:00,1.116,140,603
1973-08-22T00:00:00.000+10:00,1.113,140,603
1973-08-23T00:00:00.000+10:00,1.108,140,603
1973-08-24T00:00:00.000+10:00,1.102,140,603
1973-08-25T00:00:00.000+10:00,1.096,140,603
1973-08-26T00:00:00.000+10:00,1.094,140,603
1973-08-27T00:00:00.000+10:00,1.092,140,603
1973-08-28T00:00:00.000+10:00,1.090,140,603
1973-08-29T00:00:00.000+10:00,1.081,140,603
1973-08-30T00:00:00.000+10:00,1.073,140,603
1973-08-31T00:00:00.000+10:00,1.075,140,603
1973-09-01T00:00:00.000+10:00,1.069,140,603
1973-09-02T00:00:00.000+10:00,1.053,140,603
1973-09-03T00:00:00.000+10:00,1.047,140,603
1973-09-04T00:00:00.000+10:00,1.037,140,603
1973-09-05T00:00:00.000+10:00,1.023,140,603
1973-09-06T00:00:00.000+10:00,0.997,140,603
1973-09-07T00:00:00.000+10:00,0.976,140,603
1973-09-08T00:00:00.000+10:00,0.968,140,603
1973-09-09T00:00:00.000+10:00,0.963,140,603
1973-09-10T00:00:00.000+10:00,0.955,140,603
1973-09-11T00:00:00.000+10:00,0.960,140,603
1973-09-12T00:00:00.000+10:00,0.984,140,603
1973-09-13T00:00:00.000+10:00,1.001,140,603
1973-09-14T00:00:00.000+10:00,0.993,140,603
1973-09-15T00:00:00.000+10:00,0.970,140,603
1973-09-16T00:00:00.000+10:00,0.962,140,603
1973-09-17T00:00:00.000+10:00,1.006,140,603
1973-09-18T00:00:00.000+10:00,0.965,140,603
1973-09-19T00:00:00.000+10:00,0.942,140,603
1973-09-20T00:00:00.000+10:00,0.918,140,603
1973-09-21T00:00:00.000+10:00,0.920,140,603
1973-09-22T00:00:00.000+10:00,0.930,140,603
1973-09-23T00:00:00.000+10:00,0.893,140,603
1973-09-24T00:00:00.000+10:00,0.927,140,603
1973-09-25T00:00:00.000+10:00,0.983,140,603
1973-09-26T00:00:00.000+10:00,1.182,140,603
1973-09-27T00:00:00.000+10:00,1.124,140,603
1973-09-28T00:00:00.000+10:00,1.043,140,603
1973-09-29T00:00:00.000+10:00,0.985,140,603
1973-09-30T00:00:00.000+10:00,0.921,140,603
1973-10-01T00:00:00.000+10:00,0.903,140,603
1973-10-02T00:00:00.000+10:00,0.881,140,603
1973-10-03T00:00:00.000+10:00,0.877,140,603
1973-10-04T00:00:00.000+10:00,1.018,140,603
1973-10-05T00:00:00.000+10:00,1.144,140,603
1973-10-06T00:00:00.000+10:00,1.314,140,603
1973-10-07T00:00:00.000+10:00,1.115,140,603
1973-10-08T00:00:00.000+10:00,1.113,140,603
1973-10-09T00:00:00.000+10:00,1.122,140,603
1973-10-10T00:00:00.000+10:00,1.350,140,603
1973-10-11T00:00:00.000+10:00,1.625,140,603
1973-10-12T00:00:00.000+10:00,1.376,140,603
1973-10-13T00:00:00.000+10:00,1.379,140,603
1973-10-14T00:00:00.000+10:00,1.331,140,603
1973-10-15T00:00:00.000+10:00,1.363,140,603
1973-10-16T00:00:00.000+10:00,1.319,140,603
1973-10-17T00:00:00.000+10:00,1.259,140,603
1973-10-18T00:00:00.000+10:00,1.210,140,603
1973-10-19T00:00:00.000+10:00,1.169,140,603
1973-10-20T00:00:00.000+10:00,1.143,140,603
1973-10-21T00:00:00.000+10:00,1.114,140,603
1973-10-22T00:00:00.000+10:00,1.076,140,603
1973-10-23T00:00:00.000+10:00,1.043,140,603
1973-10-24T00:00:00.000+10:00,1.020,140,603
1973-10-25T00:00:00.000+10:00,1.016,140,603
1973-10-26T00:00:00.000+10:00,1.001,140,603
1973-10-27T00:00:00.000+10:00,0.989,140,603
1973-10-28T00:00:00.000+10:00,0.973,140,603
1973-10-29T00:00:00.000+10:00,1.010,140,603
1973-10-30T00:00:00.000+10:00,1.005,140,603
1973-10-31T00:00:00.000+10:00,0.983,140,603
1973-11-01T00:00:00.000+10:00,0.956,140,603
1973-11-02T00:00:00.000+10:00,0.927,140,603
1973-11-03T00:00:00.000+10:00,0.949,140,603
1973-11-04T00:00:00.000+10:00,1.011,140,603
1973-11-05T00:00:00.000+10:00,1.067,140,603
1973-11-06T00:00:00.000+10:00,1.063,140,603
1973-11-07T00:00:00.000+10:00,1.042,140,603
1973-11-08T00:00:00.000+10:00,0.977,140,603
1973-11-09T00:00:00.000+10:00,0.907,140,603
1973-11-10T00:00:00.000+10:00,0.921,140,603
1973-11-11T00:00:00.000+10:00,0.895,140,603
1973-11-12T00:00:00.000+10:00,0.899,140,603
1973-11-13T00:00:00.000+10:00,0.912,140,603
1973-11-14T00:00:00.000+10:00,0.920,140,603
1973-11-15T00:00:00.000+10:00,0.897,140,603
1973-11-16T00:00:00.000+10:00,0.841,140,603
1973-11-17T00:00:00.000+10:00,0.808,140,603
1973-11-18T00:00:00.000+10:00,0.808,140,603
1973-11-19T00:00:00.000+10:00,0.797,140,603
1973-11-20T00:00:00.000+10:00,0.783,140,603
1973-11-21T00:00:00.000+10:00,0.770,140,603
1973-11-22T00:00:00.000+10:00,0.784,140,603
1973-11-23T00:00:00.000+10:00,0.826,140,603
1973-11-24T00:00:00.000+10:00,0.874,140,603
1973-11-25T00:00:00.000+10:00,0.971,140,603
1973-11-26T00:00:00.000+10:00,0.866,140,603
1973-11-27T00:00:00.000+10:00,0.888,140,603
1973-11-28T00:00:00.000+10:00,0.980,140,603
1973-11-29T00:00:00.000+10:00,1.072,140,603
1973-11-30T00:00:00.000+10:00,1.040,140,603
1973-12-01T00:00:00.000+10:00,1.069,140,603
1973-12-02T00:00:00.000+10:00,1.014,140,603
1973-12-03T00:00:00.000+10:00,0.953,140,603
1973-12-04T00:00:00.000+10:00,0.893,140,603
1973-12-05T00:00:00.000+10:00,0.863,140,603
1973-12-06T00:00:00.000+10:00,0.955,140,603
1973-12-07T00:00:00.000+10:00,0.983,140,603
1973-12-08T00:00:00.000+10:00,0.945,140,603
1973-12-09T00:00:00.000+10:00,1.046,140,603
1973-12-10T00:00:00.000+10:00,1.045,140,603
1973-12-11T00:00:00.000+10:00,1.094,140,603
1973-12-12T00:00:00.000+10:00,1.143,140,603
1973-12-13T00:00:00.000+10:00,1.152,140,603
1973-12-14T00:00:00.000+10:00,1.141,140,603
1973-12-15T00:00:00.000+10:00,1.121,140,603
1973-12-16T00:00:00.000+10:00,1.103,140,603
1973-12-17T00:00:00.000+10:00,1.094,140,603
1973-12-18T00:00:00.000+10:00,1.090,140,603
1973-12-19T00:00:00.000+10:00,1.147,140,603
1973-12-20T00:00:00.000+10:00,1.172,140,603
1973-12-21T00:00:00.000+10:00,1.812,140,603
1973-12-22T00:00:00.000+10:00,2.047,140,603
1973-12-23T00:00:00.000+10:00,2.189,140,603
1973-12-24T00:00:00.000+10:00,1.780,140,603
1973-12-25T00:00:00.000+10:00,1.687,140,603
1973-12-26T00:00:00.000+10:00,1.635,140,603
1973-12-27T00:00:00.000+10:00,1.596,140,603
1973-12-28T00:00:00.000+10:00,1.740,140,603
1973-12-29T00:00:00.000+10:00,1.463,140,603
1973-12-30T00:00:00.000+10:00,1.352,140,603
1973-12-31T00:00:00.000+10:00,1.343,140,603
1974-01-01T00:00:00.000+10:00,1.448,140,603
1974-01-02T00:00:00.000+10:00,1.298,140,603
1974-01-03T00:00:00.000+10:00,1.275,140,603
1974-01-04T00:00:00.000+10:00,1.278,140,603
1974-01-05T00:00:00.000+10:00,1.259,140,603
1974-01-06T00:00:00.000+10:00,1.257,140,603
1974-01-07T00:00:00.000+10:00,1.281,140,603
1974-01-08T00:00:00.000+10:00,3.006,140,603
1974-01-09T00:00:00.000+10:00,5.744,140,603
1974-01-10T00:00:00.000+10:00,8.565,140,603
1974-01-11T00:00:00.000+10:00,11.670,140,603
1974-01-12T00:00:00.000+10:00,11.667,140,603
1974-01-13T00:00:00.000+10:00,11.304,140,603
1974-01-14T00:00:00.000+10:00,9.722,140,603
1974-01-15T00:00:00.000+10:00,8.273,140,603
1974-01-16T00:00:00.000+10:00,7.413,140,603
1974-01-17T00:00:00.000+10:00,6.177,140,603
1974-01-18T00:00:00.000+10:00,4.271,140,603
1974-01-19T00:00:00.000+10:00,3.209,140,603
1974-01-20T00:00:00.000+10:00,2.679,140,603
1974-01-21T00:00:00.000+10:00,2.391,140,603
1974-01-22T00:00:00.000+10:00,2.185,140,603
1974-01-23T00:00:00.000+10:00,2.020,140,603
1974-01-24T00:00:00.000+10:00,1.899,140,603
1974-01-25T00:00:00.000+10:00,1.946,140,603
1974-01-26T00:00:00.000+10:00,8.036,140,603
1974-01-27T00:00:00.000+10:00,14.857,140,603
1974-01-28T00:00:00.000+10:00,15.745,140,603
1974-01-29T00:00:00.000+10:00,12.131,140,603
1974-01-30T00:00:00.000+10:00,7.998,140,603
1974-01-31T00:00:00.000+10:00,4.835,140,603
1974-02-01T00:00:00.000+10:00,3.757,140,603
1974-02-02T00:00:00.000+10:00,3.539,140,603
1974-02-03T00:00:00.000+10:00,2.884,140,603
1974-02-04T00:00:00.000+10:00,2.524,140,603
1974-02-05T00:00:00.000+10:00,2.320,140,603
1974-02-06T00:00:00.000+10:00,2.202,140,603
1974-02-07T00:00:00.000+10:00,2.104,140,603
1974-02-08T00:00:00.000+10:00,2.021,140,603
1974-02-09T00:00:00.000+10:00,1.947,140,603
1974-02-10T00:00:00.000+10:00,1.841,140,603
1974-02-11T00:00:00.000+10:00,1.774,140,603
1974-02-12T00:00:00.000+10:00,1.737,140,603
1974-02-13T00:00:00.000+10:00,1.678,140,603
1974-02-14T00:00:00.000+10:00,1.623,140,603
1974-02-15T00:00:00.000+10:00,1.586,140,603
1974-02-16T00:00:00.000+10:00,1.568,140,603
1974-02-17T00:00:00.000+10:00,1.822,140,603
1974-02-18T00:00:00.000+10:00,1.805,140,603
1974-02-19T00:00:00.000+10:00,1.678,140,603
1974-02-20T00:00:00.000+10:00,1.600,140,603
1974-02-21T00:00:00.000+10:00,1.547,140,603
1974-02-22T00:00:00.000+10:00,1.531,140,603
1974-02-23T00:00:00.000+10:00,1.538,140,603
1974-02-24T00:00:00.000+10:00,1.485,140,603
1974-02-25T00:00:00.000+10:00,1.438,140,603
1974-02-26T00:00:00.000+10:00,1.399,140,603
1974-02-27T00:00:00.000+10:00,1.364,140,603
1974-02-28T00:00:00.000+10:00,1.345,140,603
1974-03-01T00:00:00.000+10:00,1.325,140,603
1974-03-02T00:00:00.000+10:00,1.316,140,603
1974-03-03T00:00:00.000+10:00,1.324,140,603
1974-03-04T00:00:00.000+10:00,1.341,140,603
1974-03-05T00:00:00.000+10:00,1.389,140,603
1974-03-06T00:00:00.000+10:00,1.412,140,603
1974-03-07T00:00:00.000+10:00,1.372,140,603
1974-03-08T00:00:00.000+10:00,1.333,140,603
1974-03-09T00:00:00.000+10:00,1.308,140,603
1974-03-10T00:00:00.000+10:00,7.868,140,603
1974-03-11T00:00:00.000+10:00,20.831,140,603
1974-03-12T00:00:00.000+10:00,22.295,140,603
1974-03-13T00:00:00.000+10:00,20.977,140,603
1974-03-14T00:00:00.000+10:00,17.993,140,603
1974-03-15T00:00:00.000+10:00,13.526,140,603
1974-03-16T00:00:00.000+10:00,9.348,140,603
1974-03-17T00:00:00.000+10:00,5.520,140,603
1974-03-18T00:00:00.000+10:00,3.602,140,603
1974-03-19T00:00:00.000+10:00,3.027,140,603
1974-03-20T00:00:00.000+10:00,2.705,140,603
1974-03-21T00:00:00.000+10:00,2.502,140,603
1974-03-22T00:00:00.000+10:00,2.403,140,603
1974-03-23T00:00:00.000+10:00,2.371,140,603
1974-03-24T00:00:00.000+10:00,2.465,140,603
1974-03-25T00:00:00.000+10:00,2.529,140,603
1974-03-26T00:00:00.000+10:00,2.310,140,603
1974-03-27T00:00:00.000+10:00,2.131,140,603
1974-03-28T00:00:00.000+10:00,1.992,140,603
1974-03-29T00:00:00.000+10:00,1.897,140,603
1974-03-30T00:00:00.000+10:00,1.831,140,603
1974-03-31T00:00:00.000+10:00,1.763,140,603
1974-04-01T00:00:00.000+10:00,1.706,140,603
1974-04-02T00:00:00.000+10:00,1.682,140,603
1974-04-03T00:00:00.000+10:00,1.635,140,603
1974-04-04T00:00:00.000+10:00,1.617,140,603
1974-04-05T00:00:00.000+10:00,1.606,140,603
1974-04-06T00:00:00.000+10:00,1.588,140,603
1974-04-07T00:00:00.000+10:00,1.556,140,603
1974-04-08T00:00:00.000+10:00,1.595,140,603
1974-04-09T00:00:00.000+10:00,1.571,140,603
1974-04-10T00:00:00.000+10:00,1.542,140,603
1974-04-11T00:00:00.000+10:00,1.524,140,603
1974-04-12T00:00:00.000+10:00,1.507,140,603
1974-04-13T00:00:00.000+10:00,1.494,140,603
1974-04-14T00:00:00.000+10:00,1.475,140,603
1974-04-15T00:00:00.000+10:00,1.459,140,603
1974-04-16T00:00:00.000+10:00,1.486,140,603
1974-04-17T00:00:00.000+10:00,1.605,140,603
1974-04-18T00:00:00.000+10:00,1.525,140,603
1974-04-19T00:00:00.000+10:00,1.484,140,603
1974-04-20T00:00:00.000+10:00,1.458,140,603
1974-04-21T00:00:00.000+10:00,1.540,140,603
1974-04-22T00:00:00.000+10:00,3.368,140,603
1974-04-23T00:00:00.000+10:00,11.103,140,603
1974-04-24T00:00:00.000+10:00,12.894,140,603
1974-04-25T00:00:00.000+10:00,9.217,140,603
1974-04-26T00:00:00.000+10:00,5.829,140,603
1974-04-27T00:00:00.000+10:00,5.409,140,603
1974-04-28T00:00:00.000+10:00,5.209,140,603
1974-04-29T00:00:00.000+10:00,4.639,140,603
1974-04-30T00:00:00.000+10:00,3.714,140,603
1974-05-01T00:00:00.000+10:00,2.998,140,603
1974-05-02T00:00:00.000+10:00,2.608,140,603
1974-05-03T00:00:00.000+10:00,2.369,140,603
1974-05-04T00:00:00.000+10:00,2.204,140,603
1974-05-05T00:00:00.000+10:00,2.128,140,603
1974-05-06T00:00:00.000+10:00,2.153,140,603
1974-05-07T00:00:00.000+10:00,2.115,140,603
1974-05-08T00:00:00.000+10:00,2.028,140,603
1974-05-09T00:00:00.000+10:00,2.018,140,603
1974-05-10T00:00:00.000+10:00,1.969,140,603
1974-05-11T00:00:00.000+10:00,1.923,140,603
1974-05-12T00:00:00.000+10:00,1.874,140,603
1974-05-13T00:00:00.000+10:00,1.785,140,603
1974-05-14T00:00:00.000+10:00,1.716,140,603
1974-05-15T00:00:00.000+10:00,1.666,140,603
1974-05-16T00:00:00.000+10:00,1.629,140,603
1974-05-17T00:00:00.000+10:00,1.594,140,603
1974-05-18T00:00:00.000+10:00,1.621,140,603
1974-05-19T00:00:00.000+10:00,1.600,140,603
1974-05-20T00:00:00.000+10:00,1.589,140,603
1974-05-21T00:00:00.000+10:00,1.548,140,603
1974-05-22T00:00:00.000+10:00,1.525,140,603
1974-05-23T00:00:00.000+10:00,1.500,140,603
1974-05-24T00:00:00.000+10:00,1.479,140,603
1974-05-25T00:00:00.000+10:00,1.468,140,603
1974-05-26T00:00:00.000+10:00,1.452,140,603
1974-05-27T00:00:00.000+10:00,1.427,140,603
1974-05-28T00:00:00.000+10:00,1.406,140,603
1974-05-29T00:00:00.000+10:00,1.395,140,603
1974-05-30T00:00:00.000+10:00,1.385,140,603
1974-05-31T00:00:00.000+10:00,1.376,140,603
1974-06-01T00:00:00.000+10:00,1.657,140,603
1974-06-02T00:00:00.000+10:00,3.096,140,603
1974-06-03T00:00:00.000+10:00,5.180,140,603
1974-06-04T00:00:00.000+10:00,7.614,140,603
1974-06-05T00:00:00.000+10:00,9.156,140,603
1974-06-06T00:00:00.000+10:00,7.819,140,603
1974-06-07T00:00:00.000+10:00,4.571,140,603
1974-06-08T00:00:00.000+10:00,3.257,140,603
1974-06-09T00:00:00.000+10:00,2.768,140,603
1974-06-10T00:00:00.000+10:00,2.481,140,603
1974-06-11T00:00:00.000+10:00,2.294,140,603
1974-06-12T00:00:00.000+10:00,2.151,140,603
1974-06-13T00:00:00.000+10:00,2.037,140,603
1974-06-14T00:00:00.000+10:00,1.945,140,603
1974-06-15T00:00:00.000+10:00,1.870,140,603
1974-06-16T00:00:00.000+10:00,1.806,140,603
1974-06-17T00:00:00.000+10:00,1.754,140,603
1974-06-18T00:00:00.000+10:00,1.715,140,603
1974-06-19T00:00:00.000+10:00,1.687,140,603
1974-06-20T00:00:00.000+10:00,1.645,140,603
1974-06-21T00:00:00.000+10:00,1.611,140,603
1974-06-22T00:00:00.000+10:00,1.579,140,603
1974-06-23T00:00:00.000+10:00,1.566,140,603
1974-06-24T00:00:00.000+10:00,1.554,140,603
1974-06-25T00:00:00.000+10:00,1.536,140,603
1974-06-26T00:00:00.000+10:00,1.521,140,603
1974-06-27T00:00:00.000+10:00,1.503,140,603
1974-06-28T00:00:00.000+10:00,1.488,140,603
1974-06-29T00:00:00.000+10:00,1.474,140,603
1974-06-30T00:00:00.000+10:00,1.461,140,603
1974-07-01T00:00:00.000+10:00,1.447,140,603
1974-07-02T00:00:00.000+10:00,1.438,140,603
1974-07-03T00:00:00.000+10:00,1.421,140,603
1974-07-04T00:00:00.000+10:00,1.398,140,603
1974-07-05T00:00:00.000+10:00,1.381,140,603
1974-07-06T00:00:00.000+10:00,1.366,140,603
1974-07-07T00:00:00.000+10:00,1.352,140,603
1974-07-08T00:00:00.000+10:00,1.335,140,603
1974-07-09T00:00:00.000+10:00,1.322,140,603
1974-07-10T00:00:00.000+10:00,1.307,140,603
1974-07-11T00:00:00.000+10:00,1.293,140,603
1974-07-12T00:00:00.000+10:00,1.281,140,603
1974-07-13T00:00:00.000+10:00,1.271,140,603
1974-07-14T00:00:00.000+10:00,1.263,140,603
1974-07-15T00:00:00.000+10:00,1.248,140,603
1974-07-16T00:00:00.000+10:00,1.239,140,603
1974-07-17T00:00:00.000+10:00,1.232,140,603
1974-07-18T00:00:00.000+10:00,1.222,140,603
1974-07-19T00:00:00.000+10:00,1.213,140,603
1974-07-20T00:00:00.000+10:00,1.199,140,603
1974-07-21T00:00:00.000+10:00,1.187,140,603
1974-07-22T00:00:00.000+10:00,1.178,140,603
1974-07-23T00:00:00.000+10:00,1.164,140,603
1974-07-24T00:00:00.000+10:00,1.153,140,603
1974-07-25T00:00:00.000+10:00,1.139,140,603
1974-07-26T00:00:00.000+10:00,1.133,140,603
1974-07-27T00:00:00.000+10:00,1.123,140,603
1974-07-28T00:00:00.000+10:00,1.120,140,603
1974-07-29T00:00:00.000+10:00,1.113,140,603
1974-07-30T00:00:00.000+10:00,1.104,140,603
1974-07-31T00:00:00.000+10:00,1.098,140,603
1974-08-01T00:00:00.000+10:00,1.092,140,603
1974-08-02T00:00:00.000+10:00,1.092,140,603
1974-08-03T00:00:00.000+10:00,1.104,140,603
1974-08-04T00:00:00.000+10:00,1.107,140,603
1974-08-05T00:00:00.000+10:00,1.113,140,603
1974-08-06T00:00:00.000+10:00,1.110,140,603
1974-08-07T00:00:00.000+10:00,1.101,140,603
1974-08-08T00:00:00.000+10:00,1.093,140,603
1974-08-09T00:00:00.000+10:00,1.082,140,603
1974-08-10T00:00:00.000+10:00,1.081,140,603
1974-08-11T00:00:00.000+10:00,1.075,140,603
1974-08-12T00:00:00.000+10:00,1.069,140,603
1974-08-13T00:00:00.000+10:00,1.061,140,603
1974-08-14T00:00:00.000+10:00,1.054,140,603
1974-08-15T00:00:00.000+10:00,1.045,140,603
1974-08-16T00:00:00.000+10:00,1.040,140,603
1974-08-17T00:00:00.000+10:00,1.040,140,603
1974-08-18T00:00:00.000+10:00,1.042,140,603
1974-08-19T00:00:00.000+10:00,1.039,140,603
1974-08-20T00:00:00.000+10:00,1.039,140,603
1974-08-21T00:00:00.000+10:00,1.033,140,603
1974-08-22T00:00:00.000+10:00,1.025,140,603
1974-08-23T00:00:00.000+10:00,1.003,140,603
1974-08-24T00:00:00.000+10:00,0.998,140,603
1974-08-25T00:00:00.000+10:00,0.996,140,603
1974-08-26T00:00:00.000+10:00,0.999,140,603
1974-08-27T00:00:00.000+10:00,1.029,140,603
1974-08-28T00:00:00.000+10:00,1.073,140,603
1974-08-29T00:00:00.000+10:00,1.096,140,603
1974-08-30T00:00:00.000+10:00,1.112,140,603
1974-08-31T00:00:00.000+10:00,1.113,140,603
1974-09-01T00:00:00.000+10:00,1.105,140,603
1974-09-02T00:00:00.000+10:00,1.100,140,603
1974-09-03T00:00:00.000+10:00,1.086,140,603
1974-09-04T00:00:00.000+10:00,1.074,140,603
1974-09-05T00:00:00.000+10:00,1.056,140,603
1974-09-06T00:00:00.000+10:00,1.043,140,603
1974-09-07T00:00:00.000+10:00,1.032,140,603
1974-09-08T00:00:00.000+10:00,1.021,140,603
1974-09-09T00:00:00.000+10:00,1.007,140,603
1974-09-10T00:00:00.000+10:00,0.992,140,603
1974-09-11T00:00:00.000+10:00,0.987,140,603
1974-09-12T00:00:00.000+10:00,0.980,140,603
1974-09-13T00:00:00.000+10:00,0.979,140,603
1974-09-14T00:00:00.000+10:00,0.977,140,603
1974-09-15T00:00:00.000+10:00,0.974,140,603
1974-09-16T00:00:00.000+10:00,0.964,140,603
1974-09-17T00:00:00.000+10:00,0.952,140,603
1974-09-18T00:00:00.000+10:00,0.941,140,603
1974-09-19T00:00:00.000+10:00,0.930,140,603
1974-09-20T00:00:00.000+10:00,0.919,140,603
1974-09-21T00:00:00.000+10:00,0.921,140,603
1974-09-22T00:00:00.000+10:00,0.926,140,603
1974-09-23T00:00:00.000+10:00,0.930,140,603
1974-09-24T00:00:00.000+10:00,0.925,140,603
1974-09-25T00:00:00.000+10:00,0.917,140,603
1974-09-26T00:00:00.000+10:00,0.907,140,603
1974-09-27T00:00:00.000+10:00,0.898,140,603
1974-09-28T00:00:00.000+10:00,0.881,140,603
1974-09-29T00:00:00.000+10:00,0.867,140,603
1974-09-30T00:00:00.000+10:00,0.860,140,603
1974-10-01T00:00:00.000+10:00,0.858,140,603
1974-10-02T00:00:00.000+10:00,0.856,140,603
1974-10-03T00:00:00.000+10:00,0.852,140,603
1974-10-04T00:00:00.000+10:00,0.846,140,603
1974-10-05T00:00:00.000+10:00,0.849,140,603
1974-10-06T00:00:00.000+10:00,0.855,140,603
1974-10-07T00:00:00.000+10:00,0.872,140,603
1974-10-08T00:00:00.000+10:00,0.889,140,603
1974-10-09T00:00:00.000+10:00,0.905,140,603
1974-10-10T00:00:00.000+10:00,0.917,140,603
1974-10-11T00:00:00.000+10:00,0.917,140,603
1974-10-12T00:00:00.000+10:00,0.903,140,603
1974-10-13T00:00:00.000+10:00,0.886,140,603
1974-10-14T00:00:00.000+10:00,0.868,140,603
1974-10-15T00:00:00.000+10:00,0.856,140,603
1974-10-16T00:00:00.000+10:00,0.838,140,603
1974-10-17T00:00:00.000+10:00,0.823,140,603
1974-10-18T00:00:00.000+10:00,0.813,140,603
1974-10-19T00:00:00.000+10:00,0.802,140,603
1974-10-20T00:00:00.000+10:00,0.793,140,603
1974-10-21T00:00:00.000+10:00,0.787,140,603
1974-10-22T00:00:00.000+10:00,0.778,140,603
1974-10-23T00:00:00.000+10:00,0.767,140,603
1974-10-24T00:00:00.000+10:00,0.760,140,603
1974-10-25T00:00:00.000+10:00,0.750,140,603
1974-10-26T00:00:00.000+10:00,0.739,140,603
1974-10-27T00:00:00.000+10:00,0.733,140,603
1974-10-28T00:00:00.000+10:00,0.721,140,603
1974-10-29T00:00:00.000+10:00,0.710,140,603
1974-10-30T00:00:00.000+10:00,0.703,140,603
1974-10-31T00:00:00.000+10:00,0.705,140,603
1974-11-01T00:00:00.000+10:00,0.723,140,603
1974-11-02T00:00:00.000+10:00,0.794,140,603
1974-11-03T00:00:00.000+10:00,0.881,140,603
1974-11-04T00:00:00.000+10:00,0.928,140,603
1974-11-05T00:00:00.000+10:00,0.956,140,603
1974-11-06T00:00:00.000+10:00,0.969,140,603
1974-11-07T00:00:00.000+10:00,0.962,140,603
1974-11-08T00:00:00.000+10:00,0.950,140,603
1974-11-09T00:00:00.000+10:00,0.927,140,603
1974-11-10T00:00:00.000+10:00,0.909,140,603
1974-11-11T00:00:00.000+10:00,0.884,140,603
1974-11-12T00:00:00.000+10:00,0.866,140,603
1974-11-13T00:00:00.000+10:00,0.851,140,603
1974-11-14T00:00:00.000+10:00,0.822,140,603
1974-11-15T00:00:00.000+10:00,0.801,140,603
1974-11-16T00:00:00.000+10:00,0.782,140,603
1974-11-17T00:00:00.000+10:00,0.775,140,603
1974-11-18T00:00:00.000+10:00,0.777,140,603
1974-11-19T00:00:00.000+10:00,0.805,140,603
1974-11-20T00:00:00.000+10:00,0.874,140,603
1974-11-21T00:00:00.000+10:00,0.963,140,603
1974-11-22T00:00:00.000+10:00,1.032,140,603
1974-11-23T00:00:00.000+10:00,1.082,140,603
1974-11-24T00:00:00.000+10:00,1.106,140,603
1974-11-25T00:00:00.000+10:00,1.101,140,603
1974-11-26T00:00:00.000+10:00,1.101,140,603
1974-11-27T00:00:00.000+10:00,1.093,140,603
1974-11-28T00:00:00.000+10:00,1.101,140,603
1974-11-29T00:00:00.000+10:00,1.108,140,603
1974-11-30T00:00:00.000+10:00,1.118,140,603
1974-12-01T00:00:00.000+10:00,1.115,140,603
1974-12-02T00:00:00.000+10:00,1.096,140,603
1974-12-03T00:00:00.000+10:00,1.079,140,603
1974-12-04T00:00:00.000+10:00,1.060,140,603
1974-12-05T00:00:00.000+10:00,1.041,140,603
1974-12-06T00:00:00.000+10:00,1.024,140,603
1974-12-07T00:00:00.000+10:00,1.000,140,603
1974-12-08T00:00:00.000+10:00,0.984,140,603
1974-12-09T00:00:00.000+10:00,0.982,140,603
1974-12-10T00:00:00.000+10:00,1.001,140,603
1974-12-11T00:00:00.000+10:00,1.015,140,603
1974-12-12T00:00:00.000+10:00,1.075,140,603
1974-12-13T00:00:00.000+10:00,1.140,140,603
1974-12-14T00:00:00.000+10:00,1.148,140,603
1974-12-15T00:00:00.000+10:00,1.128,140,603
1974-12-16T00:00:00.000+10:00,1.097,140,603
1974-12-17T00:00:00.000+10:00,1.064,140,603
1974-12-18T00:00:00.000+10:00,1.034,140,603
1974-12-19T00:00:00.000+10:00,1.005,140,603
1974-12-20T00:00:00.000+10:00,0.975,140,603
1974-12-21T00:00:00.000+10:00,0.943,140,603
1974-12-22T00:00:00.000+10:00,0.917,140,603
1974-12-23T00:00:00.000+10:00,0.895,140,603
1974-12-24T00:00:00.000+10:00,0.874,140,603
1974-12-25T00:00:00.000+10:00,0.851,140,603
1974-12-26T00:00:00.000+10:00,,-1,603
1974-12-27T00:00:00.000+10:00,,-1,603
1974-12-28T00:00:00.000+10:00,,-1,603
1974-12-29T00:00:00.000+10:00,,-1,603
1974-12-30T00:00:00.000+10:00,,-1,603
1974-12-31T00:00:00.000+10:00,,-1,603
1975-01-01T00:00:00.000+10:00,,-1,603
1975-01-02T00:00:00.000+10:00,,-1,603
1975-01-03T00:00:00.000+10:00,,-1,603
1975-01-04T00:00:00.000+10:00,,-1,603
1975-01-05T00:00:00.000+10:00,,-1,603
1975-01-06T00:00:00.000+10:00,,-1,603
1975-01-07T00:00:00.000+10:00,,-1,603
1975-01-08T00:00:00.000+10:00,,-1,603
1975-01-09T00:00:00.000+10:00,,-1,603
1975-01-10T00:00:00.000+10:00,,-1,603
1975-01-11T00:00:00.000+10:00,,-1,603
1975-01-12T00:00:00.000+10:00,,-1,603
1975-01-13T00:00:00.000+10:00,,-1,603
1975-01-14T00:00:00.000+10:00,,-1,603
1975-01-15T00:00:00.000+10:00,,-1,603
1975-01-16T00:00:00.000+10:00,,-1,603
1975-01-17T00:00:00.000+10:00,,-1,603
1975-01-18T00:00:00.000+10:00,0.775,140,603
1975-01-19T00:00:00.000+10:00,0.756,140,603
1975-01-20T00:00:00.000+10:00,0.746,140,603
1975-01-21T00:00:00.000+10:00,0.727,140,603
1975-01-22T00:00:00.000+10:00,0.717,140,603
1975-01-23T00:00:00.000+10:00,0.708,140,603
1975-01-24T00:00:00.000+10:00,0.679,140,603
1975-01-25T00:00:00.000+10:00,0.660,140,603
1975-01-26T00:00:00.000+10:00,0.622,140,603
1975-01-27T00:00:00.000+10:00,0.618,140,603
1975-01-28T00:00:00.000+10:00,0.592,140,603
1975-01-29T00:00:00.000+10:00,0.584,140,603
1975-01-30T00:00:00.000+10:00,0.572,140,603
1975-01-31T00:00:00.000+10:00,0.565,140,603
1975-02-01T00:00:00.000+10:00,0.565,140,603
1975-02-02T00:00:00.000+10:00,0.535,140,603
1975-02-03T00:00:00.000+10:00,0.571,140,603
1975-02-04T00:00:00.000+10:00,0.588,140,603
1975-02-05T00:00:00.000+10:00,0.555,140,603
1975-02-06T00:00:00.000+10:00,0.544,140,603
1975-02-07T00:00:00.000+10:00,0.538,140,603
1975-02-08T00:00:00.000+10:00,0.532,140,603
1975-02-09T00:00:00.000+10:00,0.534,140,603
1975-02-10T00:00:00.000+10:00,0.531,140,603
1975-02-11T00:00:00.000+10:00,0.529,140,603
1975-02-12T00:00:00.000+10:00,0.522,140,603
1975-02-13T00:00:00.000+10:00,0.517,140,603
1975-02-14T00:00:00.000+10:00,0.560,140,603
1975-02-15T00:00:00.000+10:00,0.574,140,603
1975-02-16T00:00:00.000+10:00,0.636,140,603
1975-02-17T00:00:00.000+10:00,0.815,140,603
1975-02-18T00:00:00.000+10:00,0.730,140,603
1975-02-19T00:00:00.000+10:00,0.651,140,603
1975-02-20T00:00:00.000+10:00,0.620,140,603
1975-02-21T00:00:00.000+10:00,0.605,140,603
1975-02-22T00:00:00.000+10:00,0.583,140,603
1975-02-23T00:00:00.000+10:00,0.563,140,603
1975-02-24T00:00:00.000+10:00,0.717,140,603
1975-02-25T00:00:00.000+10:00,0.931,140,603
1975-02-26T00:00:00.000+10:00,1.002,140,603
1975-02-27T00:00:00.000+10:00,0.981,140,603
1975-02-28T00:00:00.000+10:00,1.000,140,603
1975-03-01T00:00:00.000+10:00,0.998,140,603
1975-03-02T00:00:00.000+10:00,1.635,140,603
1975-03-03T00:00:00.000+10:00,2.719,140,603
1975-03-04T00:00:00.000+10:00,4.225,140,603
1975-03-05T00:00:00.000+10:00,4.085,140,603
1975-03-06T00:00:00.000+10:00,2.579,140,603
1975-03-07T00:00:00.000+10:00,1.922,140,603
1975-03-08T00:00:00.000+10:00,1.659,140,603
1975-03-09T00:00:00.000+10:00,1.510,140,603
1975-03-10T00:00:00.000+10:00,1.405,140,603
1975-03-11T00:00:00.000+10:00,1.333,140,603
1975-03-12T00:00:00.000+10:00,1.366,140,603
1975-03-13T00:00:00.000+10:00,1.365,140,603
1975-03-14T00:00:00.000+10:00,1.309,140,603
1975-03-15T00:00:00.000+10:00,1.277,140,603
1975-03-16T00:00:00.000+10:00,1.243,140,603
1975-03-17T00:00:00.000+10:00,1.313,140,603
1975-03-18T00:00:00.000+10:00,1.260,140,603
1975-03-19T00:00:00.000+10:00,1.234,140,603
1975-03-20T00:00:00.000+10:00,1.202,140,603
1975-03-21T00:00:00.000+10:00,1.183,140,603
1975-03-22T00:00:00.000+10:00,1.151,140,603
1975-03-23T00:00:00.000+10:00,1.136,140,603
1975-03-24T00:00:00.000+10:00,1.113,140,603
1975-03-25T00:00:00.000+10:00,1.074,140,603
1975-03-26T00:00:00.000+10:00,1.071,140,603
1975-03-27T00:00:00.000+10:00,1.057,140,603
1975-03-28T00:00:00.000+10:00,1.068,140,603
1975-03-29T00:00:00.000+10:00,1.096,140,603
1975-03-30T00:00:00.000+10:00,1.085,140,603
1975-03-31T00:00:00.000+10:00,1.074,140,603
1975-04-01T00:00:00.000+10:00,1.042,140,603
1975-04-02T00:00:00.000+10:00,1.013,140,603
1975-04-03T00:00:00.000+10:00,1.027,140,603
1975-04-04T00:00:00.000+10:00,0.999,140,603
1975-04-05T00:00:00.000+10:00,0.941,140,603
1975-04-06T00:00:00.000+10:00,0.917,140,603
1975-04-07T00:00:00.000+10:00,0.900,140,603
1975-04-08T00:00:00.000+10:00,0.890,140,603
1975-04-09T00:00:00.000+10:00,0.876,140,603
1975-04-10T00:00:00.000+10:00,0.884,140,603
1975-04-11T00:00:00.000+10:00,0.828,140,603
1975-04-12T00:00:00.000+10:00,0.847,140,603
1975-04-13T00:00:00.000+10:00,0.841,140,603
1975-04-14T00:00:00.000+10:00,0.873,140,603
1975-04-15T00:00:00.000+10:00,0.943,140,603
1975-04-16T00:00:00.000+10:00,1.011,140,603
1975-04-17T00:00:00.000+10:00,1.010,140,603
1975-04-18T00:00:00.000+10:00,1.011,140,603
1975-04-19T00:00:00.000+10:00,1.017,140,603
1975-04-20T00:00:00.000+10:00,1.022,140,603
1975-04-21T00:00:00.000+10:00,0.983,140,603
1975-04-22T00:00:00.000+10:00,0.952,140,603
1975-04-23T00:00:00.000+10:00,0.924,140,603
1975-04-24T00:00:00.000+10:00,0.975,140,603
1975-04-25T00:00:00.000+10:00,0.953,140,603
1975-04-26T00:00:00.000+10:00,0.875,140,603
1975-04-27T00:00:00.000+10:00,0.871,140,603
1975-04-28T00:00:00.000+10:00,0.864,140,603
1975-04-29T00:00:00.000+10:00,0.894,140,603
1975-04-30T00:00:00.000+10:00,0.870,140,603
1975-05-01T00:00:00.000+10:00,0.848,140,603
1975-05-02T00:00:00.000+10:00,0.824,140,603
1975-05-03T00:00:00.000+10:00,0.819,140,603
1975-05-04T00:00:00.000+10:00,0.938,140,603
1975-05-05T00:00:00.000+10:00,1.013,140,603
1975-05-06T00:00:00.000+10:00,1.081,140,603
1975-05-07T00:00:00.000+10:00,1.068,140,603
1975-05-08T00:00:00.000+10:00,1.044,140,603
1975-05-09T00:00:00.000+10:00,1.037,140,603
1975-05-10T00:00:00.000+10:00,1.027,140,603
1975-05-11T00:00:00.000+10:00,1.010,140,603
1975-05-12T00:00:00.000+10:00,0.981,140,603
1975-05-13T00:00:00.000+10:00,0.951,140,603
1975-05-14T00:00:00.000+10:00,0.923,140,603
1975-05-15T00:00:00.000+10:00,0.901,140,603
1975-05-16T00:00:00.000+10:00,0.880,140,603
1975-05-17T00:00:00.000+10:00,0.870,140,603
1975-05-18T00:00:00.000+10:00,0.860,140,603
1975-05-19T00:00:00.000+10:00,0.830,140,603
1975-05-20T00:00:00.000+10:00,0.815,140,603
1975-05-21T00:00:00.000+10:00,0.810,140,603
1975-05-22T00:00:00.000+10:00,0.806,140,603
1975-05-23T00:00:00.000+10:00,0.788,140,603
1975-05-24T00:00:00.000+10:00,0.777,140,603
1975-05-25T00:00:00.000+10:00,0.779,140,603
1975-05-26T00:00:00.000+10:00,0.769,140,603
1975-05-27T00:00:00.000+10:00,0.754,140,603
1975-05-28T00:00:00.000+10:00,0.742,140,603
1975-05-29T00:00:00.000+10:00,0.737,140,603
1975-05-30T00:00:00.000+10:00,0.717,140,603
1975-05-31T00:00:00.000+10:00,0.714,140,603
1975-06-01T00:00:00.000+10:00,0.719,140,603
1975-06-02T00:00:00.000+10:00,0.717,140,603
1975-06-03T00:00:00.000+10:00,0.706,140,603
1975-06-04T00:00:00.000+10:00,0.701,140,603
1975-06-05T00:00:00.000+10:00,0.706,140,603
1975-06-06T00:00:00.000+10:00,0.698,140,603
1975-06-07T00:00:00.000+10:00,0.698,140,603
1975-06-08T00:00:00.000+10:00,0.688,140,603
1975-06-09T00:00:00.000+10:00,0.670,140,603
1975-06-10T00:00:00.000+10:00,0.680,140,603
1975-06-11T00:00:00.000+10:00,0.688,140,603
1975-06-12T00:00:00.000+10:00,0.716,140,603
1975-06-13T00:00:00.000+10:00,0.722,140,603
1975-06-14T00:00:00.000+10:00,0.710,140,603
1975-06-15T00:00:00.000+10:00,0.693,140,603
1975-06-16T00:00:00.000+10:00,0.706,140,603
1975-06-17T00:00:00.000+10:00,0.695,140,603
1975-06-18T00:00:00.000+10:00,0.679,140,603
1975-06-19T00:00:00.000+10:00,0.682,140,603
1975-06-20T00:00:00.000+10:00,0.689,140,603
1975-06-21T00:00:00.000+10:00,0.751,140,603
1975-06-22T00:00:00.000+10:00,0.926,140,603
1975-06-23T00:00:00.000+10:00,1.002,140,603
1975-06-24T00:00:00.000+10:00,1.042,140,603
1975-06-25T00:00:00.000+10:00,0.983,140,603
1975-06-26T00:00:00.000+10:00,0.893,140,603
1975-06-27T00:00:00.000+10:00,0.822,140,603
1975-06-28T00:00:00.000+10:00,0.797,140,603
1975-06-29T00:00:00.000+10:00,0.763,140,603
1975-06-30T00:00:00.000+10:00,0.755,140,603
1975-07-01T00:00:00.000+10:00,0.735,140,603
1975-07-02T00:00:00.000+10:00,0.726,140,603
1975-07-03T00:00:00.000+10:00,0.750,140,603
1975-07-04T00:00:00.000+10:00,0.750,140,603
1975-07-05T00:00:00.000+10:00,0.829,140,603
1975-07-06T00:00:00.000+10:00,0.902,140,603
1975-07-07T00:00:00.000+10:00,1.071,140,603
1975-07-08T00:00:00.000+10:00,1.115,140,603
1975-07-09T00:00:00.000+10:00,1.006,140,603
1975-07-10T00:00:00.000+10:00,0.928,140,603
1975-07-11T00:00:00.000+10:00,0.883,140,603
1975-07-12T00:00:00.000+10:00,0.850,140,603
1975-07-13T00:00:00.000+10:00,0.830,140,603
1975-07-14T00:00:00.000+10:00,0.808,140,603
1975-07-15T00:00:00.000+10:00,0.799,140,603
1975-07-16T00:00:00.000+10:00,0.785,140,603
1975-07-17T00:00:00.000+10:00,0.763,140,603
1975-07-18T00:00:00.000+10:00,0.768,140,603
1975-07-19T00:00:00.000+10:00,0.716,140,603
1975-07-20T00:00:00.000+10:00,0.730,140,603
1975-07-21T00:00:00.000+10:00,0.718,140,603
1975-07-22T00:00:00.000+10:00,0.722,140,603
1975-07-23T00:00:00.000+10:00,0.717,140,603
1975-07-24T00:00:00.000+10:00,0.704,140,603
1975-07-25T00:00:00.000+10:00,0.691,140,603
1975-07-26T00:00:00.000+10:00,0.688,140,603
1975-07-27T00:00:00.000+10:00,0.684,140,603
1975-07-28T00:00:00.000+10:00,0.682,140,603
1975-07-29T00:00:00.000+10:00,0.678,140,603
1975-07-30T00:00:00.000+10:00,0.663,140,603
1975-07-31T00:00:00.000+10:00,0.663,140,603
1975-08-01T00:00:00.000+10:00,0.661,140,603
1975-08-02T00:00:00.000+10:00,0.665,140,603
1975-08-03T00:00:00.000+10:00,0.667,140,603
1975-08-04T00:00:00.000+10:00,0.693,140,603
1975-08-05T00:00:00.000+10:00,0.720,140,603
1975-08-06T00:00:00.000+10:00,0.739,140,603
1975-08-07T00:00:00.000+10:00,0.710,140,603
1975-08-08T00:00:00.000+10:00,0.697,140,603
1975-08-09T00:00:00.000+10:00,0.679,140,603
1975-08-10T00:00:00.000+10:00,0.653,140,603
1975-08-11T00:00:00.000+10:00,0.651,140,603
1975-08-12T00:00:00.000+10:00,0.661,140,603
1975-08-13T00:00:00.000+10:00,0.665,140,603
1975-08-14T00:00:00.000+10:00,0.646,140,603
1975-08-15T00:00:00.000+10:00,0.641,140,603
1975-08-16T00:00:00.000+10:00,0.641,140,603
1975-08-17T00:00:00.000+10:00,0.629,140,603
1975-08-18T00:00:00.000+10:00,0.633,140,603
1975-08-19T00:00:00.000+10:00,0.616,140,603
1975-08-20T00:00:00.000+10:00,0.620,140,603
1975-08-21T00:00:00.000+10:00,0.611,140,603
1975-08-22T00:00:00.000+10:00,0.592,140,603
1975-08-23T00:00:00.000+10:00,0.584,140,603
1975-08-24T00:00:00.000+10:00,0.584,140,603
1975-08-25T00:00:00.000+10:00,0.552,140,603
1975-08-26T00:00:00.000+10:00,0.538,140,603
1975-08-27T00:00:00.000+10:00,0.523,140,603
1975-08-28T00:00:00.000+10:00,0.524,140,603
1975-08-29T00:00:00.000+10:00,0.520,140,603
1975-08-30T00:00:00.000+10:00,0.528,140,603
1975-08-31T00:00:00.000+10:00,0.514,140,603
1975-09-01T00:00:00.000+10:00,0.524,140,603
1975-09-02T00:00:00.000+10:00,0.492,140,603
1975-09-03T00:00:00.000+10:00,0.501,140,603
1975-09-04T00:00:00.000+10:00,0.500,140,603
1975-09-05T00:00:00.000+10:00,0.510,140,603
1975-09-06T00:00:00.000+10:00,0.508,140,603
1975-09-07T00:00:00.000+10:00,0.489,140,603
1975-09-08T00:00:00.000+10:00,0.480,140,603
1975-09-09T00:00:00.000+10:00,0.476,140,603
1975-09-10T00:00:00.000+10:00,0.507,140,603
1975-09-11T00:00:00.000+10:00,0.536,140,603
1975-09-12T00:00:00.000+10:00,0.539,140,603
1975-09-13T00:00:00.000+10:00,0.536,140,603
1975-09-14T00:00:00.000+10:00,0.543,140,603
1975-09-15T00:00:00.000+10:00,0.555,140,603
1975-09-16T00:00:00.000+10:00,0.543,140,603
1975-09-17T00:00:00.000+10:00,0.546,140,603
1975-09-18T00:00:00.000+10:00,0.546,140,603
1975-09-19T00:00:00.000+10:00,0.536,140,603
1975-09-20T00:00:00.000+10:00,0.529,140,603
1975-09-21T00:00:00.000+10:00,0.529,140,603
1975-09-22T00:00:00.000+10:00,0.524,140,603
1975-09-23T00:00:00.000+10:00,0.536,140,603
1975-09-24T00:00:00.000+10:00,0.541,140,603
1975-09-25T00:00:00.000+10:00,0.569,140,603
1975-09-26T00:00:00.000+10:00,0.763,140,603
1975-09-27T00:00:00.000+10:00,0.945,140,603
1975-09-28T00:00:00.000+10:00,1.020,140,603
1975-09-29T00:00:00.000+10:00,1.209,140,603
1975-09-30T00:00:00.000+10:00,1.167,140,603
1975-10-01T00:00:00.000+10:00,1.063,140,603
1975-10-02T00:00:00.000+10:00,0.968,140,603
1975-10-03T00:00:00.000+10:00,0.911,140,603
1975-10-04T00:00:00.000+10:00,0.860,140,603
1975-10-05T00:00:00.000+10:00,0.813,140,603
1975-10-06T00:00:00.000+10:00,0.767,140,603
1975-10-07T00:00:00.000+10:00,0.740,140,603
1975-10-08T00:00:00.000+10:00,0.713,140,603
1975-10-09T00:00:00.000+10:00,0.688,140,603
1975-10-10T00:00:00.000+10:00,0.666,140,603
1975-10-11T00:00:00.000+10:00,0.662,140,603
1975-10-12T00:00:00.000+10:00,0.646,140,603
1975-10-13T00:00:00.000+10:00,0.630,140,603
1975-10-14T00:00:00.000+10:00,0.615,140,603
1975-10-15T00:00:00.000+10:00,0.629,140,603
1975-10-16T00:00:00.000+10:00,0.608,140,603
1975-10-17T00:00:00.000+10:00,0.596,140,603
1975-10-18T00:00:00.000+10:00,0.593,140,603
1975-10-19T00:00:00.000+10:00,0.605,140,603
1975-10-20T00:00:00.000+10:00,0.649,140,603
1975-10-21T00:00:00.000+10:00,0.757,140,603
1975-10-22T00:00:00.000+10:00,0.962,140,603
1975-10-23T00:00:00.000+10:00,1.006,140,603
1975-10-24T00:00:00.000+10:00,1.431,140,603
1975-10-25T00:00:00.000+10:00,1.991,140,603
1975-10-26T00:00:00.000+10:00,1.984,140,603
1975-10-27T00:00:00.000+10:00,1.620,140,603
1975-10-28T00:00:00.000+10:00,1.406,140,603
1975-10-29T00:00:00.000+10:00,1.283,140,603
1975-10-30T00:00:00.000+10:00,1.208,140,603
1975-10-31T00:00:00.000+10:00,1.131,140,603
1975-11-01T00:00:00.000+10:00,1.053,140,603
1975-11-02T00:00:00.000+10:00,1.008,140,603
1975-11-03T00:00:00.000+10:00,0.970,140,603
1975-11-04T00:00:00.000+10:00,0.955,140,603
1975-11-05T00:00:00.000+10:00,0.943,140,603
1975-11-06T00:00:00.000+10:00,0.930,140,603
1975-11-07T00:00:00.000+10:00,0.902,140,603
1975-11-08T00:00:00.000+10:00,0.870,140,603
1975-11-09T00:00:00.000+10:00,0.954,140,603
1975-11-10T00:00:00.000+10:00,2.171,140,603
1975-11-11T00:00:00.000+10:00,1.897,140,603
1975-11-12T00:00:00.000+10:00,3.195,140,603
1975-11-13T00:00:00.000+10:00,3.716,140,603
1975-11-14T00:00:00.000+10:00,7.386,140,603
1975-11-15T00:00:00.000+10:00,12.337,140,603
1975-11-16T00:00:00.000+10:00,12.074,140,603
1975-11-17T00:00:00.000+10:00,8.825,140,603
1975-11-18T00:00:00.000+10:00,4.932,140,603
1975-11-19T00:00:00.000+10:00,3.166,140,603
1975-11-20T00:00:00.000+10:00,2.617,140,603
1975-11-21T00:00:00.000+10:00,2.256,140,603
1975-11-22T00:00:00.000+10:00,2.032,140,603
1975-11-23T00:00:00.000+10:00,1.865,140,603
1975-11-24T00:00:00.000+10:00,1.753,140,603
1975-11-25T00:00:00.000+10:00,1.685,140,603
1975-11-26T00:00:00.000+10:00,1.674,140,603
1975-11-27T00:00:00.000+10:00,1.563,140,603
1975-11-28T00:00:00.000+10:00,1.494,140,603
1975-11-29T00:00:00.000+10:00,1.453,140,603
1975-11-30T00:00:00.000+10:00,1.407,140,603
1975-12-01T00:00:00.000+10:00,1.352,140,603
1975-12-02T00:00:00.000+10:00,1.315,140,603
1975-12-03T00:00:00.000+10:00,1.275,140,603
1975-12-04T00:00:00.000+10:00,1.252,140,603
1975-12-05T00:00:00.000+10:00,1.236,140,603
1975-12-06T00:00:00.000+10:00,3.097,140,603
1975-12-07T00:00:00.000+10:00,3.635,140,603
1975-12-08T00:00:00.000+10:00,2.422,140,603
1975-12-09T00:00:00.000+10:00,1.978,140,603
1975-12-10T00:00:00.000+10:00,1.726,140,603
1975-12-11T00:00:00.000+10:00,1.558,140,603
1975-12-12T00:00:00.000+10:00,1.449,140,603
1975-12-13T00:00:00.000+10:00,1.373,140,603
1975-12-14T00:00:00.000+10:00,1.317,140,603
1975-12-15T00:00:00.000+10:00,1.270,140,603
1975-12-16T00:00:00.000+10:00,1.247,140,603
1975-12-17T00:00:00.000+10:00,1.221,140,603
1975-12-18T00:00:00.000+10:00,1.197,140,603
1975-12-19T00:00:00.000+10:00,1.212,140,603
1975-12-20T00:00:00.000+10:00,1.333,140,603
1975-12-21T00:00:00.000+10:00,1.750,140,603
1975-12-22T00:00:00.000+10:00,3.098,140,603
1975-12-23T00:00:00.000+10:00,4.263,140,603
1975-12-24T00:00:00.000+10:00,5.999,140,603
1975-12-25T00:00:00.000+10:00,5.338,140,603
1975-12-26T00:00:00.000+10:00,3.477,140,603
1975-12-27T00:00:00.000+10:00,2.524,140,603
1975-12-28T00:00:00.000+10:00,2.245,140,603
1975-12-29T00:00:00.000+10:00,2.448,140,603
1975-12-30T00:00:00.000+10:00,2.769,140,603
1975-12-31T00:00:00.000+10:00,2.644,140,603
1976-01-01T00:00:00.000+10:00,2.562,140,603
1976-01-02T00:00:00.000+10:00,2.224,140,603
1976-01-03T00:00:00.000+10:00,1.993,140,603
1976-01-04T00:00:00.000+10:00,1.828,140,603
1976-01-05T00:00:00.000+10:00,1.698,140,603
1976-01-06T00:00:00.000+10:00,1.601,140,603
1976-01-07T00:00:00.000+10:00,1.529,140,603
1976-01-08T00:00:00.000+10:00,1.469,140,603
1976-01-09T00:00:00.000+10:00,1.426,140,603
1976-01-10T00:00:00.000+10:00,1.455,140,603
1976-01-11T00:00:00.000+10:00,1.426,140,603
1976-01-12T00:00:00.000+10:00,1.426,140,603
1976-01-13T00:00:00.000+10:00,1.676,140,603
1976-01-14T00:00:00.000+10:00,2.314,140,603
1976-01-15T00:00:00.000+10:00,2.451,140,603
1976-01-16T00:00:00.000+10:00,2.425,140,603
1976-01-17T00:00:00.000+10:00,2.215,140,603
1976-01-18T00:00:00.000+10:00,2.107,140,603
1976-01-19T00:00:00.000+10:00,1.889,140,603
1976-01-20T00:00:00.000+10:00,2.043,140,603
1976-01-21T00:00:00.000+10:00,6.220,140,603
1976-01-22T00:00:00.000+10:00,8.500,140,603
1976-01-23T00:00:00.000+10:00,7.842,140,603
1976-01-24T00:00:00.000+10:00,5.140,140,603
1976-01-25T00:00:00.000+10:00,3.324,140,603
1976-01-26T00:00:00.000+10:00,2.765,140,603
1976-01-27T00:00:00.000+10:00,2.392,140,603
1976-01-28T00:00:00.000+10:00,2.121,140,603
1976-01-29T00:00:00.000+10:00,1.940,140,603
1976-01-30T00:00:00.000+10:00,1.823,140,603
1976-01-31T00:00:00.000+10:00,1.728,140,603
1976-02-01T00:00:00.000+10:00,1.655,140,603
1976-02-02T00:00:00.000+10:00,1.598,140,603
1976-02-03T00:00:00.000+10:00,1.602,140,603
1976-02-04T00:00:00.000+10:00,1.614,140,603
1976-02-05T00:00:00.000+10:00,1.610,140,603
1976-02-06T00:00:00.000+10:00,1.649,140,603
1976-02-07T00:00:00.000+10:00,1.577,140,603
1976-02-08T00:00:00.000+10:00,1.537,140,603
1976-02-09T00:00:00.000+10:00,1.523,140,603
1976-02-10T00:00:00.000+10:00,1.734,140,603
1976-02-11T00:00:00.000+10:00,10.262,140,603
1976-02-12T00:00:00.000+10:00,14.838,140,603
1976-02-13T00:00:00.000+10:00,10.112,140,603
1976-02-14T00:00:00.000+10:00,8.596,140,603
1976-02-15T00:00:00.000+10:00,6.994,140,603
1976-02-16T00:00:00.000+10:00,4.422,140,603
1976-02-17T00:00:00.000+10:00,3.164,140,603
1976-02-18T00:00:00.000+10:00,2.670,140,603
1976-02-19T00:00:00.000+10:00,2.362,140,603
1976-02-20T00:00:00.000+10:00,2.165,140,603
1976-02-21T00:00:00.000+10:00,2.023,140,603
1976-02-22T00:00:00.000+10:00,4.597,140,603
1976-02-23T00:00:00.000+10:00,9.528,140,603
1976-02-24T00:00:00.000+10:00,8.852,140,603
1976-02-25T00:00:00.000+10:00,6.514,140,603
1976-02-26T00:00:00.000+10:00,5.095,140,603
1976-02-27T00:00:00.000+10:00,5.513,140,603
1976-02-28T00:00:00.000+10:00,9.058,140,603
1976-02-29T00:00:00.000+10:00,11.520,140,603
1976-03-01T00:00:00.000+10:00,12.291,140,603
1976-03-02T00:00:00.000+10:00,10.384,140,603
1976-03-03T00:00:00.000+10:00,7.901,140,603
1976-03-04T00:00:00.000+10:00,6.495,140,603
1976-03-05T00:00:00.000+10:00,5.813,140,603
1976-03-06T00:00:00.000+10:00,5.170,140,603
1976-03-07T00:00:00.000+10:00,3.990,140,603
1976-03-08T00:00:00.000+10:00,3.390,140,603
1976-03-09T00:00:00.000+10:00,3.012,140,603
1976-03-10T00:00:00.000+10:00,2.645,140,603
1976-03-11T00:00:00.000+10:00,2.396,140,603
1976-03-12T00:00:00.000+10:00,2.244,140,603
1976-03-13T00:00:00.000+10:00,2.238,140,603
1976-03-14T00:00:00.000+10:00,3.768,140,603
1976-03-15T00:00:00.000+10:00,6.428,140,603
1976-03-16T00:00:00.000+10:00,8.238,140,603
1976-03-17T00:00:00.000+10:00,8.344,140,603
1976-03-18T00:00:00.000+10:00,5.851,140,603
1976-03-19T00:00:00.000+10:00,3.610,140,603
1976-03-20T00:00:00.000+10:00,2.901,140,603
1976-03-21T00:00:00.000+10:00,2.589,140,603
1976-03-22T00:00:00.000+10:00,2.371,140,603
1976-03-23T00:00:00.000+10:00,2.204,140,603
1976-03-24T00:00:00.000+10:00,2.072,140,603
1976-03-25T00:00:00.000+10:00,2.076,140,603
1976-03-26T00:00:00.000+10:00,2.150,140,603
1976-03-27T00:00:00.000+10:00,2.352,140,603
1976-03-28T00:00:00.000+10:00,2.284,140,603
1976-03-29T00:00:00.000+10:00,2.091,140,603
1976-03-30T00:00:00.000+10:00,1.946,140,603
1976-03-31T00:00:00.000+10:00,1.840,140,603
1976-04-01T00:00:00.000+10:00,1.767,140,603
1976-04-02T00:00:00.000+10:00,1.718,140,603
1976-04-03T00:00:00.000+10:00,1.668,140,603
1976-04-04T00:00:00.000+10:00,1.634,140,603
1976-04-05T00:00:00.000+10:00,1.598,140,603
1976-04-06T00:00:00.000+10:00,1.557,140,603
1976-04-07T00:00:00.000+10:00,1.533,140,603
1976-04-08T00:00:00.000+10:00,1.500,140,603
1976-04-09T00:00:00.000+10:00,1.476,140,603
1976-04-10T00:00:00.000+10:00,1.447,140,603
1976-04-11T00:00:00.000+10:00,1.432,140,603
1976-04-12T00:00:00.000+10:00,1.441,140,603
1976-04-13T00:00:00.000+10:00,1.444,140,603
1976-04-14T00:00:00.000+10:00,1.437,140,603
1976-04-15T00:00:00.000+10:00,1.439,140,603
1976-04-16T00:00:00.000+10:00,1.687,140,603
1976-04-17T00:00:00.000+10:00,2.121,140,603
1976-04-18T00:00:00.000+10:00,2.126,140,603
1976-04-19T00:00:00.000+10:00,1.909,140,603
1976-04-20T00:00:00.000+10:00,1.732,140,603
1976-04-21T00:00:00.000+10:00,1.626,140,603
1976-04-22T00:00:00.000+10:00,1.561,140,603
1976-04-23T00:00:00.000+10:00,1.507,140,603
1976-04-24T00:00:00.000+10:00,1.463,140,603
1976-04-25T00:00:00.000+10:00,1.429,140,603
1976-04-26T00:00:00.000+10:00,1.401,140,603
1976-04-27T00:00:00.000+10:00,1.377,140,603
1976-04-28T00:00:00.000+10:00,1.356,140,603
1976-04-29T00:00:00.000+10:00,1.342,140,603
1976-04-30T00:00:00.000+10:00,1.318,140,603
1976-05-01T00:00:00.000+10:00,1.304,140,603
1976-05-02T00:00:00.000+10:00,1.284,140,603
1976-05-03T00:00:00.000+10:00,1.275,140,603
1976-05-04T00:00:00.000+10:00,1.261,140,603
1976-05-05T00:00:00.000+10:00,1.257,140,603
1976-05-06T00:00:00.000+10:00,1.248,140,603
1976-05-07T00:00:00.000+10:00,1.241,140,603
1976-05-08T00:00:00.000+10:00,1.269,140,603
1976-05-09T00:00:00.000+10:00,1.283,140,603
1976-05-10T00:00:00.000+10:00,1.253,140,603
1976-05-11T00:00:00.000+10:00,1.390,140,603
1976-05-12T00:00:00.000+10:00,1.388,140,603
1976-05-13T00:00:00.000+10:00,1.405,140,603
1976-05-14T00:00:00.000+10:00,1.543,140,603
1976-05-15T00:00:00.000+10:00,1.466,140,603
1976-05-16T00:00:00.000+10:00,1.436,140,603
1976-05-17T00:00:00.000+10:00,1.390,140,603
1976-05-18T00:00:00.000+10:00,1.336,140,603
1976-05-19T00:00:00.000+10:00,1.234,140,603
1976-05-20T00:00:00.000+10:00,1.120,140,603
1976-05-21T00:00:00.000+10:00,1.066,140,603
1976-05-22T00:00:00.000+10:00,1.051,140,603
1976-05-23T00:00:00.000+10:00,1.224,140,603
1976-05-24T00:00:00.000+10:00,1.696,140,603
1976-05-25T00:00:00.000+10:00,1.698,140,603
1976-05-26T00:00:00.000+10:00,1.638,140,603
1976-05-27T00:00:00.000+10:00,1.537,140,603
1976-05-28T00:00:00.000+10:00,1.451,140,603
1976-05-29T00:00:00.000+10:00,1.393,140,603
1976-05-30T00:00:00.000+10:00,1.355,140,603
1976-05-31T00:00:00.000+10:00,1.328,140,603
1976-06-01T00:00:00.000+10:00,1.308,140,603
1976-06-02T00:00:00.000+10:00,1.291,140,603
1976-06-03T00:00:00.000+10:00,1.269,140,603
1976-06-04T00:00:00.000+10:00,1.240,140,603
1976-06-05T00:00:00.000+10:00,1.238,140,603
1976-06-06T00:00:00.000+10:00,1.223,140,603
1976-06-07T00:00:00.000+10:00,1.211,140,603
1976-06-08T00:00:00.000+10:00,1.196,140,603
1976-06-09T00:00:00.000+10:00,1.183,140,603
1976-06-10T00:00:00.000+10:00,1.168,140,603
1976-06-11T00:00:00.000+10:00,1.163,140,603
1976-06-12T00:00:00.000+10:00,1.151,140,603
1976-06-13T00:00:00.000+10:00,1.167,140,603
1976-06-14T00:00:00.000+10:00,1.184,140,603
1976-06-15T00:00:00.000+10:00,1.271,140,603
1976-06-16T00:00:00.000+10:00,1.269,140,603
1976-06-17T00:00:00.000+10:00,1.250,140,603
1976-06-18T00:00:00.000+10:00,1.221,140,603
1976-06-19T00:00:00.000+10:00,1.196,140,603
1976-06-20T00:00:00.000+10:00,2.514,140,603
1976-06-21T00:00:00.000+10:00,6.136,140,603
1976-06-22T00:00:00.000+10:00,10.063,140,603
1976-06-23T00:00:00.000+10:00,13.005,140,603
1976-06-24T00:00:00.000+10:00,11.885,140,603
1976-06-25T00:00:00.000+10:00,7.576,140,603
1976-06-26T00:00:00.000+10:00,4.060,140,603
1976-06-27T00:00:00.000+10:00,3.065,140,603
1976-06-28T00:00:00.000+10:00,2.705,140,603
1976-06-29T00:00:00.000+10:00,2.459,140,603
1976-06-30T00:00:00.000+10:00,2.263,140,603
1976-07-01T00:00:00.000+10:00,2.110,140,603
1976-07-02T00:00:00.000+10:00,2.003,140,603
1976-07-03T00:00:00.000+10:00,1.916,140,603
1976-07-04T00:00:00.000+10:00,1.846,140,603
1976-07-05T00:00:00.000+10:00,1.784,140,603
1976-07-06T00:00:00.000+10:00,1.727,140,603
1976-07-07T00:00:00.000+10:00,1.676,140,603
1976-07-08T00:00:00.000+10:00,1.635,140,603
1976-07-09T00:00:00.000+10:00,1.592,140,603
1976-07-10T00:00:00.000+10:00,1.568,140,603
1976-07-11T00:00:00.000+10:00,1.542,140,603
1976-07-12T00:00:00.000+10:00,1.529,140,603
1976-07-13T00:00:00.000+10:00,1.549,140,603
1976-07-14T00:00:00.000+10:00,1.520,140,603
1976-07-15T00:00:00.000+10:00,1.510,140,603
1976-07-16T00:00:00.000+10:00,1.485,140,603
1976-07-17T00:00:00.000+10:00,1.462,140,603
1976-07-18T00:00:00.000+10:00,1.437,140,603
1976-07-19T00:00:00.000+10:00,1.412,140,603
1976-07-20T00:00:00.000+10:00,1.391,140,603
1976-07-21T00:00:00.000+10:00,1.374,140,603
1976-07-22T00:00:00.000+10:00,1.356,140,603
1976-07-23T00:00:00.000+10:00,1.347,140,603
1976-07-24T00:00:00.000+10:00,1.340,140,603
1976-07-25T00:00:00.000+10:00,1.334,140,603
1976-07-26T00:00:00.000+10:00,1.635,140,603
1976-07-27T00:00:00.000+10:00,1.755,140,603
1976-07-28T00:00:00.000+10:00,1.594,140,603
1976-07-29T00:00:00.000+10:00,1.514,140,603
1976-07-30T00:00:00.000+10:00,1.440,140,603
1976-07-31T00:00:00.000+10:00,1.390,140,603
1976-08-01T00:00:00.000+10:00,1.358,140,603
1976-08-02T00:00:00.000+10:00,1.338,140,603
1976-08-03T00:00:00.000+10:00,1.322,140,603
1976-08-04T00:00:00.000+10:00,1.304,140,603
1976-08-05T00:00:00.000+10:00,1.249,140,603
1976-08-06T00:00:00.000+10:00,1.238,140,603
1976-08-07T00:00:00.000+10:00,1.221,140,603
1976-08-08T00:00:00.000+10:00,1.221,140,603
1976-08-09T00:00:00.000+10:00,1.214,140,603
1976-08-10T00:00:00.000+10:00,1.210,140,603
1976-08-11T00:00:00.000+10:00,1.202,140,603
1976-08-12T00:00:00.000+10:00,1.191,140,603
1976-08-13T00:00:00.000+10:00,1.182,140,603
1976-08-14T00:00:00.000+10:00,1.174,140,603
1976-08-15T00:00:00.000+10:00,1.167,140,603
1976-08-16T00:00:00.000+10:00,1.163,140,603
1976-08-17T00:00:00.000+10:00,1.161,140,603
1976-08-18T00:00:00.000+10:00,1.161,140,603
1976-08-19T00:00:00.000+10:00,1.150,140,603
1976-08-20T00:00:00.000+10:00,1.155,140,603
1976-08-21T00:00:00.000+10:00,1.136,140,603
1976-08-22T00:00:00.000+10:00,1.134,140,603
1976-08-23T00:00:00.000+10:00,1.129,140,603
1976-08-24T00:00:00.000+10:00,1.129,140,603
1976-08-25T00:00:00.000+10:00,1.117,140,603
1976-08-26T00:00:00.000+10:00,1.115,140,603
1976-08-27T00:00:00.000+10:00,1.131,140,603
1976-08-28T00:00:00.000+10:00,1.136,140,603
1976-08-29T00:00:00.000+10:00,1.141,140,603
1976-08-30T00:00:00.000+10:00,1.119,140,603
1976-08-31T00:00:00.000+10:00,1.190,140,603
1976-09-01T00:00:00.000+10:00,1.272,140,603
1976-09-02T00:00:00.000+10:00,1.134,140,603
1976-09-03T00:00:00.000+10:00,1.120,140,603
1976-09-04T00:00:00.000+10:00,1.102,140,603
1976-09-05T00:00:00.000+10:00,1.097,140,603
1976-09-06T00:00:00.000+10:00,1.086,140,603
1976-09-07T00:00:00.000+10:00,1.063,140,603
1976-09-08T00:00:00.000+10:00,1.039,140,603
1976-09-09T00:00:00.000+10:00,1.039,140,603
1976-09-10T00:00:00.000+10:00,1.023,140,603
1976-09-11T00:00:00.000+10:00,1.016,140,603
1976-09-12T00:00:00.000+10:00,0.993,140,603
1976-09-13T00:00:00.000+10:00,0.977,140,603
1976-09-14T00:00:00.000+10:00,0.977,140,603
1976-09-15T00:00:00.000+10:00,0.999,140,603
1976-09-16T00:00:00.000+10:00,0.909,140,603
1976-09-17T00:00:00.000+10:00,1.063,140,603
1976-09-18T00:00:00.000+10:00,1.331,140,603
1976-09-19T00:00:00.000+10:00,1.076,140,603
1976-09-20T00:00:00.000+10:00,1.079,140,603
1976-09-21T00:00:00.000+10:00,1.066,140,603
1976-09-22T00:00:00.000+10:00,1.014,140,603
1976-09-23T00:00:00.000+10:00,1.017,140,603
1976-09-24T00:00:00.000+10:00,1.055,140,603
1976-09-25T00:00:00.000+10:00,1.044,140,603
1976-09-26T00:00:00.000+10:00,0.992,140,603
1976-09-27T00:00:00.000+10:00,1.047,140,603
1976-09-28T00:00:00.000+10:00,1.075,140,603
1976-09-29T00:00:00.000+10:00,1.094,140,603
1976-09-30T00:00:00.000+10:00,1.087,140,603
1976-10-01T00:00:00.000+10:00,1.010,140,603
1976-10-02T00:00:00.000+10:00,0.959,140,603
1976-10-03T00:00:00.000+10:00,0.967,140,603
1976-10-04T00:00:00.000+10:00,0.975,140,603
1976-10-05T00:00:00.000+10:00,1.041,140,603
1976-10-06T00:00:00.000+10:00,1.037,140,603
1976-10-07T00:00:00.000+10:00,0.905,140,603
1976-10-08T00:00:00.000+10:00,0.896,140,603
1976-10-09T00:00:00.000+10:00,0.872,140,603
1976-10-10T00:00:00.000+10:00,0.847,140,603
1976-10-11T00:00:00.000+10:00,0.838,140,603
1976-10-12T00:00:00.000+10:00,0.828,140,603
1976-10-13T00:00:00.000+10:00,0.833,140,603
1976-10-14T00:00:00.000+10:00,0.833,140,603
1976-10-15T00:00:00.000+10:00,0.836,140,603
1976-10-16T00:00:00.000+10:00,0.827,140,603
1976-10-17T00:00:00.000+10:00,0.823,140,603
1976-10-18T00:00:00.000+10:00,0.812,140,603
1976-10-19T00:00:00.000+10:00,0.789,140,603
1976-10-20T00:00:00.000+10:00,0.772,140,603
1976-10-21T00:00:00.000+10:00,0.777,140,603
1976-10-22T00:00:00.000+10:00,0.784,140,603
1976-10-23T00:00:00.000+10:00,0.791,140,603
1976-10-24T00:00:00.000+10:00,0.799,140,603
1976-10-25T00:00:00.000+10:00,0.805,140,603
1976-10-26T00:00:00.000+10:00,0.856,140,603
1976-10-27T00:00:00.000+10:00,0.931,140,603
1976-10-28T00:00:00.000+10:00,0.835,140,603
1976-10-29T00:00:00.000+10:00,0.931,140,603
1976-10-30T00:00:00.000+10:00,0.894,140,603
1976-10-31T00:00:00.000+10:00,0.978,140,603
1976-11-01T00:00:00.000+10:00,1.100,140,603
1976-11-02T00:00:00.000+10:00,1.176,140,603
1976-11-03T00:00:00.000+10:00,1.175,140,603
1976-11-04T00:00:00.000+10:00,1.273,140,603
1976-11-05T00:00:00.000+10:00,1.235,140,603
1976-11-06T00:00:00.000+10:00,1.089,140,603
1976-11-07T00:00:00.000+10:00,1.008,140,603
1976-11-08T00:00:00.000+10:00,0.946,140,603
1976-11-09T00:00:00.000+10:00,0.926,140,603
1976-11-10T00:00:00.000+10:00,0.970,140,603
1976-11-11T00:00:00.000+10:00,1.102,140,603
1976-11-12T00:00:00.000+10:00,1.151,140,603
1976-11-13T00:00:00.000+10:00,1.130,140,603
1976-11-14T00:00:00.000+10:00,1.137,140,603
1976-11-15T00:00:00.000+10:00,1.131,140,603
1976-11-16T00:00:00.000+10:00,1.186,140,603
1976-11-17T00:00:00.000+10:00,1.288,140,603
1976-11-18T00:00:00.000+10:00,1.225,140,603
1976-11-19T00:00:00.000+10:00,1.087,140,603
1976-11-20T00:00:00.000+10:00,1.010,140,603
1976-11-21T00:00:00.000+10:00,1.074,140,603
1976-11-22T00:00:00.000+10:00,1.057,140,603
1976-11-23T00:00:00.000+10:00,1.273,140,603
1976-11-24T00:00:00.000+10:00,1.318,140,603
1976-11-25T00:00:00.000+10:00,1.135,140,603
1976-11-26T00:00:00.000+10:00,1.064,140,603
1976-11-27T00:00:00.000+10:00,0.996,140,603
1976-11-28T00:00:00.000+10:00,1.042,140,603
1976-11-29T00:00:00.000+10:00,1.053,140,603
1976-11-30T00:00:00.000+10:00,1.090,140,603
1976-12-01T00:00:00.000+10:00,1.071,140,603
1976-12-02T00:00:00.000+10:00,0.967,140,603
1976-12-03T00:00:00.000+10:00,0.906,140,603
1976-12-04T00:00:00.000+10:00,0.862,140,603
1976-12-05T00:00:00.000+10:00,0.816,140,603
1976-12-06T00:00:00.000+10:00,0.797,140,603
1976-12-07T00:00:00.000+10:00,0.809,140,603
1976-12-08T00:00:00.000+10:00,0.772,140,603
1976-12-09T00:00:00.000+10:00,0.756,140,603
1976-12-10T00:00:00.000+10:00,0.754,140,603
1976-12-11T00:00:00.000+10:00,0.754,140,603
1976-12-12T00:00:00.000+10:00,0.754,140,603
1976-12-13T00:00:00.000+10:00,0.771,140,603
1976-12-14T00:00:00.000+10:00,0.762,140,603
1976-12-15T00:00:00.000+10:00,0.759,140,603
1976-12-16T00:00:00.000+10:00,0.767,140,603
1976-12-17T00:00:00.000+10:00,0.697,140,603
1976-12-18T00:00:00.000+10:00,0.694,140,603
1976-12-19T00:00:00.000+10:00,0.669,140,603
1976-12-20T00:00:00.000+10:00,0.655,140,603
1976-12-21T00:00:00.000+10:00,0.641,140,603
1976-12-22T00:00:00.000+10:00,0.648,140,603
1976-12-23T00:00:00.000+10:00,0.635,140,603
1976-12-24T00:00:00.000+10:00,0.669,140,603
1976-12-25T00:00:00.000+10:00,0.682,140,603
1976-12-26T00:00:00.000+10:00,0.701,140,603
1976-12-27T00:00:00.000+10:00,0.844,140,603
1976-12-28T00:00:00.000+10:00,0.823,140,603
1976-12-29T00:00:00.000+10:00,0.974,140,603
1976-12-30T00:00:00.000+10:00,0.930,140,603
1976-12-31T00:00:00.000+10:00,0.786,140,603
1977-01-01T00:00:00.000+10:00,0.703,140,603
1977-01-02T00:00:00.000+10:00,0.646,140,603
1977-01-03T00:00:00.000+10:00,0.662,140,603
1977-01-04T00:00:00.000+10:00,0.664,140,603
1977-01-05T00:00:00.000+10:00,0.857,140,603
1977-01-06T00:00:00.000+10:00,0.864,140,603
1977-01-07T00:00:00.000+10:00,0.915,140,603
1977-01-08T00:00:00.000+10:00,0.874,140,603
1977-01-09T00:00:00.000+10:00,0.842,140,603
1977-01-10T00:00:00.000+10:00,0.766,140,603
1977-01-11T00:00:00.000+10:00,0.759,140,603
1977-01-12T00:00:00.000+10:00,0.939,140,603
1977-01-13T00:00:00.000+10:00,1.135,140,603
1977-01-14T00:00:00.000+10:00,1.285,140,603
1977-01-15T00:00:00.000+10:00,1.219,140,603
1977-01-16T00:00:00.000+10:00,1.153,140,603
1977-01-17T00:00:00.000+10:00,1.443,140,603
1977-01-18T00:00:00.000+10:00,1.281,140,603
1977-01-19T00:00:00.000+10:00,1.170,140,603
1977-01-20T00:00:00.000+10:00,1.026,140,603
1977-01-21T00:00:00.000+10:00,0.939,140,603
1977-01-22T00:00:00.000+10:00,0.866,140,603
1977-01-23T00:00:00.000+10:00,0.901,140,603
1977-01-24T00:00:00.000+10:00,1.035,140,603
1977-01-25T00:00:00.000+10:00,0.985,140,603
1977-01-26T00:00:00.000+10:00,0.967,140,603
1977-01-27T00:00:00.000+10:00,0.861,140,603
1977-01-28T00:00:00.000+10:00,0.785,140,603
1977-01-29T00:00:00.000+10:00,0.765,140,603
1977-01-30T00:00:00.000+10:00,0.731,140,603
1977-01-31T00:00:00.000+10:00,0.735,140,603
1977-02-01T00:00:00.000+10:00,0.743,140,603
1977-02-02T00:00:00.000+10:00,0.745,140,603
1977-02-03T00:00:00.000+10:00,0.691,140,603
1977-02-04T00:00:00.000+10:00,0.713,140,603
1977-02-05T00:00:00.000+10:00,0.749,140,603
1977-02-06T00:00:00.000+10:00,0.901,140,603
1977-02-07T00:00:00.000+10:00,0.987,140,603
1977-02-08T00:00:00.000+10:00,1.043,140,603
1977-02-09T00:00:00.000+10:00,1.052,140,603
1977-02-10T00:00:00.000+10:00,1.061,140,603
1977-02-11T00:00:00.000+10:00,1.032,140,603
1977-02-12T00:00:00.000+10:00,1.023,140,603
1977-02-13T00:00:00.000+10:00,0.975,140,603
1977-02-14T00:00:00.000+10:00,0.904,140,603
1977-02-15T00:00:00.000+10:00,0.861,140,603
1977-02-16T00:00:00.000+10:00,0.829,140,603
1977-02-17T00:00:00.000+10:00,0.807,140,603
1977-02-18T00:00:00.000+10:00,0.779,140,603
1977-02-19T00:00:00.000+10:00,0.757,140,603
1977-02-20T00:00:00.000+10:00,0.732,140,603
1977-02-21T00:00:00.000+10:00,0.764,140,603
1977-02-22T00:00:00.000+10:00,4.415,140,603
1977-02-23T00:00:00.000+10:00,5.055,140,603
1977-02-24T00:00:00.000+10:00,4.397,140,603
1977-02-25T00:00:00.000+10:00,4.126,140,603
1977-02-26T00:00:00.000+10:00,4.388,140,603
1977-02-27T00:00:00.000+10:00,5.341,140,603
1977-02-28T00:00:00.000+10:00,4.185,140,603
1977-03-01T00:00:00.000+10:00,3.591,140,603
1977-03-02T00:00:00.000+10:00,3.258,140,603
1977-03-03T00:00:00.000+10:00,5.105,140,603
1977-03-04T00:00:00.000+10:00,8.341,140,603
1977-03-05T00:00:00.000+10:00,11.036,140,603
1977-03-06T00:00:00.000+10:00,9.939,140,603
1977-03-07T00:00:00.000+10:00,7.566,140,603
1977-03-08T00:00:00.000+10:00,6.165,140,603
1977-03-09T00:00:00.000+10:00,5.401,140,603
1977-03-10T00:00:00.000+10:00,4.662,140,603
1977-03-11T00:00:00.000+10:00,4.394,140,603
1977-03-12T00:00:00.000+10:00,3.909,140,603
1977-03-13T00:00:00.000+10:00,3.361,140,603
1977-03-14T00:00:00.000+10:00,2.794,140,603
1977-03-15T00:00:00.000+10:00,2.463,140,603
1977-03-16T00:00:00.000+10:00,2.272,140,603
1977-03-17T00:00:00.000+10:00,2.109,140,603
1977-03-18T00:00:00.000+10:00,1.966,140,603
1977-03-19T00:00:00.000+10:00,1.870,140,603
1977-03-20T00:00:00.000+10:00,1.786,140,603
1977-03-21T00:00:00.000+10:00,1.743,140,603
1977-03-22T00:00:00.000+10:00,1.802,140,603
1977-03-23T00:00:00.000+10:00,1.684,140,603
1977-03-24T00:00:00.000+10:00,1.615,140,603
1977-03-25T00:00:00.000+10:00,1.563,140,603
1977-03-26T00:00:00.000+10:00,1.521,140,603
1977-03-27T00:00:00.000+10:00,1.492,140,603
1977-03-28T00:00:00.000+10:00,1.498,140,603
1977-03-29T00:00:00.000+10:00,1.468,140,603
1977-03-30T00:00:00.000+10:00,1.435,140,603
1977-03-31T00:00:00.000+10:00,1.408,140,603
1977-04-01T00:00:00.000+10:00,1.395,140,603
1977-04-02T00:00:00.000+10:00,1.388,140,603
1977-04-03T00:00:00.000+10:00,1.384,140,603
1977-04-04T00:00:00.000+10:00,1.379,140,603
1977-04-05T00:00:00.000+10:00,1.424,140,603
1977-04-06T00:00:00.000+10:00,1.386,140,603
1977-04-07T00:00:00.000+10:00,1.373,140,603
1977-04-08T00:00:00.000+10:00,1.375,140,603
1977-04-09T00:00:00.000+10:00,1.384,140,603
1977-04-10T00:00:00.000+10:00,1.374,140,603
1977-04-11T00:00:00.000+10:00,1.363,140,603
1977-04-12T00:00:00.000+10:00,1.338,140,603
1977-04-13T00:00:00.000+10:00,1.306,140,603
1977-04-14T00:00:00.000+10:00,1.287,140,603
1977-04-15T00:00:00.000+10:00,1.277,140,603
1977-04-16T00:00:00.000+10:00,1.270,140,603
1977-04-17T00:00:00.000+10:00,1.265,140,603
1977-04-18T00:00:00.000+10:00,1.260,140,603
1977-04-19T00:00:00.000+10:00,1.253,140,603
1977-04-20T00:00:00.000+10:00,1.243,140,603
1977-04-21T00:00:00.000+10:00,1.232,140,603
1977-04-22T00:00:00.000+10:00,1.220,140,603
1977-04-23T00:00:00.000+10:00,1.208,140,603
1977-04-24T00:00:00.000+10:00,1.196,140,603
1977-04-25T00:00:00.000+10:00,1.186,140,603
1977-04-26T00:00:00.000+10:00,1.180,140,603
1977-04-27T00:00:00.000+10:00,1.176,140,603
1977-04-28T00:00:00.000+10:00,1.172,140,603
1977-04-29T00:00:00.000+10:00,1.167,140,603
1977-04-30T00:00:00.000+10:00,1.161,140,603
1977-05-01T00:00:00.000+10:00,1.156,140,603
1977-05-02T00:00:00.000+10:00,1.148,140,603
1977-05-03T00:00:00.000+10:00,1.125,140,603
1977-05-04T00:00:00.000+10:00,1.119,140,603
1977-05-05T00:00:00.000+10:00,1.113,140,603
1977-05-06T00:00:00.000+10:00,1.107,140,603
1977-05-07T00:00:00.000+10:00,1.108,140,603
1977-05-08T00:00:00.000+10:00,1.106,140,603
1977-05-09T00:00:00.000+10:00,1.105,140,603
1977-05-10T00:00:00.000+10:00,1.103,140,603
1977-05-11T00:00:00.000+10:00,1.123,140,603
1977-05-12T00:00:00.000+10:00,1.138,140,603
1977-05-13T00:00:00.000+10:00,1.133,140,603
1977-05-14T00:00:00.000+10:00,1.127,140,603
1977-05-15T00:00:00.000+10:00,1.148,140,603
1977-05-16T00:00:00.000+10:00,1.288,140,603
1977-05-17T00:00:00.000+10:00,2.617,140,603
1977-05-18T00:00:00.000+10:00,7.066,140,603
1977-05-19T00:00:00.000+10:00,13.164,140,603
1977-05-20T00:00:00.000+10:00,15.700,140,603
1977-05-21T00:00:00.000+10:00,11.505,140,603
1977-05-22T00:00:00.000+10:00,6.860,140,603
1977-05-23T00:00:00.000+10:00,3.720,140,603
1977-05-24T00:00:00.000+10:00,2.897,140,603
1977-05-25T00:00:00.000+10:00,2.553,140,603
1977-05-26T00:00:00.000+10:00,2.332,140,603
1977-05-27T00:00:00.000+10:00,2.185,140,603
1977-05-28T00:00:00.000+10:00,2.080,140,603
1977-05-29T00:00:00.000+10:00,2.049,140,603
1977-05-30T00:00:00.000+10:00,2.004,140,603
1977-05-31T00:00:00.000+10:00,1.921,140,603
1977-06-01T00:00:00.000+10:00,1.834,140,603
1977-06-02T00:00:00.000+10:00,1.761,140,603
1977-06-03T00:00:00.000+10:00,1.698,140,603
1977-06-04T00:00:00.000+10:00,1.658,140,603
1977-06-05T00:00:00.000+10:00,1.623,140,603
1977-06-06T00:00:00.000+10:00,1.590,140,603
1977-06-07T00:00:00.000+10:00,1.555,140,603
1977-06-08T00:00:00.000+10:00,1.522,140,603
1977-06-09T00:00:00.000+10:00,1.503,140,603
1977-06-10T00:00:00.000+10:00,1.486,140,603
1977-06-11T00:00:00.000+10:00,1.470,140,603
1977-06-12T00:00:00.000+10:00,1.455,140,603
1977-06-13T00:00:00.000+10:00,1.437,140,603
1977-06-14T00:00:00.000+10:00,1.418,140,603
1977-06-15T00:00:00.000+10:00,1.400,140,603
1977-06-16T00:00:00.000+10:00,1.384,140,603
1977-06-17T00:00:00.000+10:00,1.367,140,603
1977-06-18T00:00:00.000+10:00,1.357,140,603
1977-06-19T00:00:00.000+10:00,1.345,140,603
1977-06-20T00:00:00.000+10:00,1.332,140,603
1977-06-21T00:00:00.000+10:00,1.314,140,603
1977-06-22T00:00:00.000+10:00,1.300,140,603
1977-06-23T00:00:00.000+10:00,1.290,140,603
1977-06-24T00:00:00.000+10:00,1.288,140,603
1977-06-25T00:00:00.000+10:00,1.298,140,603
1977-06-26T00:00:00.000+10:00,1.298,140,603
1977-06-27T00:00:00.000+10:00,1.295,140,603
1977-06-28T00:00:00.000+10:00,1.286,140,603
1977-06-29T00:00:00.000+10:00,1.270,140,603
1977-06-30T00:00:00.000+10:00,1.253,140,603
1977-07-01T00:00:00.000+10:00,1.241,140,603
1977-07-02T00:00:00.000+10:00,1.232,140,603
1977-07-03T00:00:00.000+10:00,1.226,140,603
1977-07-04T00:00:00.000+10:00,1.217,140,603
1977-07-05T00:00:00.000+10:00,1.211,140,603
1977-07-06T00:00:00.000+10:00,1.213,140,603
1977-07-07T00:00:00.000+10:00,1.212,140,603
1977-07-08T00:00:00.000+10:00,1.214,140,603
1977-07-09T00:00:00.000+10:00,1.220,140,603
1977-07-10T00:00:00.000+10:00,1.234,140,603
1977-07-11T00:00:00.000+10:00,1.252,140,603
1977-07-12T00:00:00.000+10:00,1.248,140,603
1977-07-13T00:00:00.000+10:00,1.237,140,603
1977-07-14T00:00:00.000+10:00,1.220,140,603
1977-07-15T00:00:00.000+10:00,1.208,140,603
1977-07-16T00:00:00.000+10:00,1.201,140,603
1977-07-17T00:00:00.000+10:00,1.194,140,603
1977-07-18T00:00:00.000+10:00,1.191,140,603
1977-07-19T00:00:00.000+10:00,1.185,140,603
1977-07-20T00:00:00.000+10:00,1.155,140,603
1977-07-21T00:00:00.000+10:00,1.168,140,603
1977-07-22T00:00:00.000+10:00,1.165,140,603
1977-07-23T00:00:00.000+10:00,1.165,140,603
1977-07-24T00:00:00.000+10:00,1.164,140,603
1977-07-25T00:00:00.000+10:00,1.162,140,603
1977-07-26T00:00:00.000+10:00,1.158,140,603
1977-07-27T00:00:00.000+10:00,1.155,140,603
1977-07-28T00:00:00.000+10:00,1.148,140,603
1977-07-29T00:00:00.000+10:00,1.145,140,603
1977-07-30T00:00:00.000+10:00,1.140,140,603
1977-07-31T00:00:00.000+10:00,1.132,140,603
1977-08-01T00:00:00.000+10:00,1.119,140,603
1977-08-02T00:00:00.000+10:00,1.112,140,603
1977-08-03T00:00:00.000+10:00,1.109,140,603
1977-08-04T00:00:00.000+10:00,1.102,140,603
1977-08-05T00:00:00.000+10:00,1.091,140,603
1977-08-06T00:00:00.000+10:00,1.089,140,603
1977-08-07T00:00:00.000+10:00,1.086,140,603
1977-08-08T00:00:00.000+10:00,1.082,140,603
1977-08-09T00:00:00.000+10:00,1.069,140,603
1977-08-10T00:00:00.000+10:00,1.056,140,603
1977-08-11T00:00:00.000+10:00,1.049,140,603
1977-08-12T00:00:00.000+10:00,1.041,140,603
1977-08-13T00:00:00.000+10:00,1.048,140,603
1977-08-14T00:00:00.000+10:00,1.045,140,603
1977-08-15T00:00:00.000+10:00,1.068,140,603
1977-08-16T00:00:00.000+10:00,1.100,140,603
1977-08-17T00:00:00.000+10:00,1.064,140,603
1977-08-18T00:00:00.000+10:00,1.030,140,603
1977-08-19T00:00:00.000+10:00,1.015,140,603
1977-08-20T00:00:00.000+10:00,1.008,140,603
1977-08-21T00:00:00.000+10:00,1.009,140,603
1977-08-22T00:00:00.000+10:00,1.002,140,603
1977-08-23T00:00:00.000+10:00,0.952,140,603
1977-08-24T00:00:00.000+10:00,0.912,140,603
1977-08-25T00:00:00.000+10:00,0.904,140,603
1977-08-26T00:00:00.000+10:00,0.904,140,603
1977-08-27T00:00:00.000+10:00,0.919,140,603
1977-08-28T00:00:00.000+10:00,0.911,140,603
1977-08-29T00:00:00.000+10:00,0.906,140,603
1977-08-30T00:00:00.000+10:00,0.904,140,603
1977-08-31T00:00:00.000+10:00,0.885,140,603
1977-09-01T00:00:00.000+10:00,0.894,140,603
1977-09-02T00:00:00.000+10:00,0.896,140,603
1977-09-03T00:00:00.000+10:00,0.884,140,603
1977-09-04T00:00:00.000+10:00,0.875,140,603
1977-09-05T00:00:00.000+10:00,0.858,140,603
1977-09-06T00:00:00.000+10:00,0.881,140,603
1977-09-07T00:00:00.000+10:00,0.867,140,603
1977-09-08T00:00:00.000+10:00,0.843,140,603
1977-09-09T00:00:00.000+10:00,0.869,140,603
1977-09-10T00:00:00.000+10:00,0.912,140,603
1977-09-11T00:00:00.000+10:00,0.889,140,603
1977-09-12T00:00:00.000+10:00,0.835,140,603
1977-09-13T00:00:00.000+10:00,0.815,140,603
1977-09-14T00:00:00.000+10:00,0.796,140,603
1977-09-15T00:00:00.000+10:00,0.783,140,603
1977-09-16T00:00:00.000+10:00,0.790,140,603
1977-09-17T00:00:00.000+10:00,0.804,140,603
1977-09-18T00:00:00.000+10:00,0.812,140,603
1977-09-19T00:00:00.000+10:00,0.820,140,603
1977-09-20T00:00:00.000+10:00,0.817,140,603
1977-09-21T00:00:00.000+10:00,0.795,140,603
1977-09-22T00:00:00.000+10:00,0.787,140,603
1977-09-23T00:00:00.000+10:00,0.772,140,603
1977-09-24T00:00:00.000+10:00,0.773,140,603
1977-09-25T00:00:00.000+10:00,0.757,140,603
1977-09-26T00:00:00.000+10:00,0.755,140,603
1977-09-27T00:00:00.000+10:00,0.747,140,603
1977-09-28T00:00:00.000+10:00,0.785,140,603
1977-09-29T00:00:00.000+10:00,0.778,140,603
1977-09-30T00:00:00.000+10:00,0.757,140,603
1977-10-01T00:00:00.000+10:00,0.736,140,603
1977-10-02T00:00:00.000+10:00,0.735,140,603
1977-10-03T00:00:00.000+10:00,0.733,140,603
1977-10-04T00:00:00.000+10:00,0.672,140,603
1977-10-05T00:00:00.000+10:00,0.700,140,603
1977-10-06T00:00:00.000+10:00,0.680,140,603
1977-10-07T00:00:00.000+10:00,0.672,140,603
1977-10-08T00:00:00.000+10:00,0.684,140,603
1977-10-09T00:00:00.000+10:00,0.696,140,603
1977-10-10T00:00:00.000+10:00,0.681,140,603
1977-10-11T00:00:00.000+10:00,0.667,140,603
1977-10-12T00:00:00.000+10:00,0.648,140,603
1977-10-13T00:00:00.000+10:00,0.648,140,603
1977-10-14T00:00:00.000+10:00,0.670,140,603
1977-10-15T00:00:00.000+10:00,0.658,140,603
1977-10-16T00:00:00.000+10:00,0.631,140,603
1977-10-17T00:00:00.000+10:00,0.646,140,603
1977-10-18T00:00:00.000+10:00,0.689,140,603
1977-10-19T00:00:00.000+10:00,0.728,140,603
1977-10-20T00:00:00.000+10:00,0.689,140,603
1977-10-21T00:00:00.000+10:00,0.670,140,603
1977-10-22T00:00:00.000+10:00,0.652,140,603
1977-10-23T00:00:00.000+10:00,0.633,140,603
1977-10-24T00:00:00.000+10:00,0.635,140,603
1977-10-25T00:00:00.000+10:00,0.654,140,603
1977-10-26T00:00:00.000+10:00,0.678,140,603
1977-10-27T00:00:00.000+10:00,0.694,140,603
1977-10-28T00:00:00.000+10:00,0.762,140,603
1977-10-29T00:00:00.000+10:00,0.745,140,603
1977-10-30T00:00:00.000+10:00,0.695,140,603
1977-10-31T00:00:00.000+10:00,0.641,140,603
1977-11-01T00:00:00.000+10:00,0.649,140,603
1977-11-02T00:00:00.000+10:00,0.622,140,603
1977-11-03T00:00:00.000+10:00,0.596,140,603
1977-11-04T00:00:00.000+10:00,0.645,140,603
1977-11-05T00:00:00.000+10:00,0.634,140,603
1977-11-06T00:00:00.000+10:00,0.649,140,603
1977-11-07T00:00:00.000+10:00,0.716,140,603
1977-11-08T00:00:00.000+10:00,0.754,140,603
1977-11-09T00:00:00.000+10:00,0.721,140,603
1977-11-10T00:00:00.000+10:00,0.792,140,603
1977-11-11T00:00:00.000+10:00,0.776,140,603
1977-11-12T00:00:00.000+10:00,0.698,140,603
1977-11-13T00:00:00.000+10:00,0.648,140,603
1977-11-14T00:00:00.000+10:00,0.637,140,603
1977-11-15T00:00:00.000+10:00,0.598,140,603
1977-11-16T00:00:00.000+10:00,0.574,140,603
1977-11-17T00:00:00.000+10:00,0.601,140,603
1977-11-18T00:00:00.000+10:00,0.632,140,603
1977-11-19T00:00:00.000+10:00,0.613,140,603
1977-11-20T00:00:00.000+10:00,0.615,140,603
1977-11-21T00:00:00.000+10:00,0.821,140,603
1977-11-22T00:00:00.000+10:00,0.904,140,603
1977-11-23T00:00:00.000+10:00,0.798,140,603
1977-11-24T00:00:00.000+10:00,0.714,140,603
1977-11-25T00:00:00.000+10:00,0.698,140,603
1977-11-26T00:00:00.000+10:00,0.681,140,603
1977-11-27T00:00:00.000+10:00,0.643,140,603
1977-11-28T00:00:00.000+10:00,,-1,603
1977-11-29T00:00:00.000+10:00,,-1,603
1977-11-30T00:00:00.000+10:00,,-1,603
1977-12-01T00:00:00.000+10:00,,-1,603
1977-12-02T00:00:00.000+10:00,,-1,603
1977-12-03T00:00:00.000+10:00,,-1,603
1977-12-04T00:00:00.000+10:00,,-1,603
1977-12-05T00:00:00.000+10:00,,-1,603
1977-12-06T00:00:00.000+10:00,,-1,603
1977-12-07T00:00:00.000+10:00,,-1,603
1977-12-08T00:00:00.000+10:00,,-1,603
1977-12-09T00:00:00.000+10:00,0.901,140,603
1977-12-10T00:00:00.000+10:00,0.837,140,603
1977-12-11T00:00:00.000+10:00,0.770,140,603
1977-12-12T00:00:00.000+10:00,0.720,140,603
1977-12-13T00:00:00.000+10:00,0.686,140,603
1977-12-14T00:00:00.000+10:00,0.643,140,603
1977-12-15T00:00:00.000+10:00,0.621,140,603
1977-12-16T00:00:00.000+10:00,0.611,140,603
1977-12-17T00:00:00.000+10:00,0.608,140,603
1977-12-18T00:00:00.000+10:00,0.587,140,603
1977-12-19T00:00:00.000+10:00,0.612,140,603
1977-12-20T00:00:00.000+10:00,0.640,140,603
1977-12-21T00:00:00.000+10:00,0.594,140,603
1977-12-22T00:00:00.000+10:00,0.590,140,603
1977-12-23T00:00:00.000+10:00,0.619,140,603
1977-12-24T00:00:00.000+10:00,0.680,140,603
1977-12-25T00:00:00.000+10:00,0.712,140,603
1977-12-26T00:00:00.000+10:00,0.682,140,603
1977-12-27T00:00:00.000+10:00,0.642,140,603
1977-12-28T00:00:00.000+10:00,0.635,140,603
1977-12-29T00:00:00.000+10:00,0.602,140,603
1977-12-30T00:00:00.000+10:00,0.573,140,603
1977-12-31T00:00:00.000+10:00,0.599,140,603
1978-01-01T00:00:00.000+10:00,0.548,140,603
1978-01-02T00:00:00.000+10:00,0.569,140,603
1978-01-03T00:00:00.000+10:00,0.541,140,603
1978-01-04T00:00:00.000+10:00,0.585,140,603
1978-01-05T00:00:00.000+10:00,0.574,140,603
1978-01-06T00:00:00.000+10:00,0.696,140,603
1978-01-07T00:00:00.000+10:00,0.928,140,603
1978-01-08T00:00:00.000+10:00,0.873,140,603
1978-01-09T00:00:00.000+10:00,0.775,140,603
1978-01-10T00:00:00.000+10:00,0.725,140,603
1978-01-11T00:00:00.000+10:00,0.672,140,603
1978-01-12T00:00:00.000+10:00,0.672,140,603
1978-01-13T00:00:00.000+10:00,0.751,140,603
1978-01-14T00:00:00.000+10:00,0.709,140,603
1978-01-15T00:00:00.000+10:00,0.687,140,603
1978-01-16T00:00:00.000+10:00,0.845,140,603
1978-01-17T00:00:00.000+10:00,0.978,140,603
1978-01-18T00:00:00.000+10:00,0.935,140,603
1978-01-19T00:00:00.000+10:00,0.941,140,603
1978-01-20T00:00:00.000+10:00,0.931,140,603
1978-01-21T00:00:00.000+10:00,0.930,140,603
1978-01-22T00:00:00.000+10:00,0.926,140,603
1978-01-23T00:00:00.000+10:00,0.921,140,603
1978-01-24T00:00:00.000+10:00,0.918,140,603
1978-01-25T00:00:00.000+10:00,0.918,140,603
1978-01-26T00:00:00.000+10:00,0.922,140,603
1978-01-27T00:00:00.000+10:00,0.918,140,603
1978-01-28T00:00:00.000+10:00,0.956,140,603
1978-01-29T00:00:00.000+10:00,1.190,140,603
1978-01-30T00:00:00.000+10:00,1.093,140,603
1978-01-31T00:00:00.000+10:00,1.100,140,603
1978-02-01T00:00:00.000+10:00,1.198,140,603
1978-02-02T00:00:00.000+10:00,1.198,140,603
1978-02-03T00:00:00.000+10:00,1.153,140,603
1978-02-04T00:00:00.000+10:00,1.174,140,603
1978-02-05T00:00:00.000+10:00,1.143,140,603
1978-02-06T00:00:00.000+10:00,1.113,140,603
1978-02-07T00:00:00.000+10:00,1.084,140,603
1978-02-08T00:00:00.000+10:00,1.062,140,603
1978-02-09T00:00:00.000+10:00,1.071,140,603
1978-02-10T00:00:00.000+10:00,1.062,140,603
1978-02-11T00:00:00.000+10:00,1.079,140,603
1978-02-12T00:00:00.000+10:00,1.111,140,603
1978-02-13T00:00:00.000+10:00,1.062,140,603
1978-02-14T00:00:00.000+10:00,1.051,140,603
1978-02-15T00:00:00.000+10:00,1.039,140,603
1978-02-16T00:00:00.000+10:00,1.032,140,603
1978-02-17T00:00:00.000+10:00,1.029,140,603
1978-02-18T00:00:00.000+10:00,1.023,140,603
1978-02-19T00:00:00.000+10:00,1.017,140,603
1978-02-20T00:00:00.000+10:00,1.012,140,603
1978-02-21T00:00:00.000+10:00,0.991,140,603
1978-02-22T00:00:00.000+10:00,0.988,140,603
1978-02-23T00:00:00.000+10:00,0.967,140,603
1978-02-24T00:00:00.000+10:00,0.957,140,603
1978-02-25T00:00:00.000+10:00,0.990,140,603
1978-02-26T00:00:00.000+10:00,0.999,140,603
1978-02-27T00:00:00.000+10:00,0.992,140,603
1978-02-28T00:00:00.000+10:00,0.963,140,603
1978-03-01T00:00:00.000+10:00,1.016,140,603
1978-03-02T00:00:00.000+10:00,0.991,140,603
1978-03-03T00:00:00.000+10:00,0.992,140,603
1978-03-04T00:00:00.000+10:00,0.995,140,603
1978-03-05T00:00:00.000+10:00,1.004,140,603
1978-03-06T00:00:00.000+10:00,0.966,140,603
1978-03-07T00:00:00.000+10:00,0.987,140,603
1978-03-08T00:00:00.000+10:00,0.971,140,603
1978-03-09T00:00:00.000+10:00,0.889,140,603
1978-03-10T00:00:00.000+10:00,0.889,140,603
1978-03-11T00:00:00.000+10:00,0.946,140,603
1978-03-12T00:00:00.000+10:00,0.931,140,603
1978-03-13T00:00:00.000+10:00,0.968,140,603
1978-03-14T00:00:00.000+10:00,0.995,140,603
1978-03-15T00:00:00.000+10:00,0.999,140,603
1978-03-16T00:00:00.000+10:00,0.956,140,603
1978-03-17T00:00:00.000+10:00,1.004,140,603
1978-03-18T00:00:00.000+10:00,1.145,140,603
1978-03-19T00:00:00.000+10:00,1.591,140,603
1978-03-20T00:00:00.000+10:00,3.667,140,603
1978-03-21T00:00:00.000+10:00,3.601,140,603
1978-03-22T00:00:00.000+10:00,2.985,140,603
1978-03-23T00:00:00.000+10:00,2.315,140,603
1978-03-24T00:00:00.000+10:00,2.006,140,603
1978-03-25T00:00:00.000+10:00,1.955,140,603
1978-03-26T00:00:00.000+10:00,1.909,140,603
1978-03-27T00:00:00.000+10:00,1.651,140,603
1978-03-28T00:00:00.000+10:00,1.516,140,603
1978-03-29T00:00:00.000+10:00,1.432,140,603
1978-03-30T00:00:00.000+10:00,1.369,140,603
1978-03-31T00:00:00.000+10:00,1.331,140,603
1978-04-01T00:00:00.000+10:00,1.920,140,603
1978-04-02T00:00:00.000+10:00,2.558,140,603
1978-04-03T00:00:00.000+10:00,2.611,140,603
1978-04-04T00:00:00.000+10:00,2.257,140,603
1978-04-05T00:00:00.000+10:00,1.968,140,603
1978-04-06T00:00:00.000+10:00,1.747,140,603
1978-04-07T00:00:00.000+10:00,1.595,140,603
1978-04-08T00:00:00.000+10:00,1.497,140,603
1978-04-09T00:00:00.000+10:00,1.434,140,603
1978-04-10T00:00:00.000+10:00,1.398,140,603
1978-04-11T00:00:00.000+10:00,1.361,140,603
1978-04-12T00:00:00.000+10:00,1.875,140,603
1978-04-13T00:00:00.000+10:00,1.640,140,603
1978-04-14T00:00:00.000+10:00,1.544,140,603
1978-04-15T00:00:00.000+10:00,1.549,140,603
1978-04-16T00:00:00.000+10:00,1.482,140,603
1978-04-17T00:00:00.000+10:00,1.441,140,603
1978-04-18T00:00:00.000+10:00,1.365,140,603
1978-04-19T00:00:00.000+10:00,1.312,140,603
1978-04-20T00:00:00.000+10:00,1.278,140,603
1978-04-21T00:00:00.000+10:00,1.250,140,603
1978-04-22T00:00:00.000+10:00,1.221,140,603
1978-04-23T00:00:00.000+10:00,1.201,140,603
1978-04-24T00:00:00.000+10:00,1.182,140,603
1978-04-25T00:00:00.000+10:00,1.165,140,603
1978-04-26T00:00:00.000+10:00,1.162,140,603
1978-04-27T00:00:00.000+10:00,1.144,140,603
1978-04-28T00:00:00.000+10:00,1.133,140,603
1978-04-29T00:00:00.000+10:00,1.127,140,603
1978-04-30T00:00:00.000+10:00,1.116,140,603
1978-05-01T00:00:00.000+10:00,1.108,140,603
1978-05-02T00:00:00.000+10:00,1.100,140,603
1978-05-03T00:00:00.000+10:00,1.094,140,603
1978-05-04T00:00:00.000+10:00,1.097,140,603
1978-05-05T00:00:00.000+10:00,1.103,140,603
1978-05-06T00:00:00.000+10:00,1.098,140,603
1978-05-07T00:00:00.000+10:00,1.102,140,603
1978-05-08T00:00:00.000+10:00,1.104,140,603
1978-05-09T00:00:00.000+10:00,1.093,140,603
1978-05-10T00:00:00.000+10:00,1.100,140,603
1978-05-11T00:00:00.000+10:00,1.115,140,603
1978-05-12T00:00:00.000+10:00,1.095,140,603
1978-05-13T00:00:00.000+10:00,1.085,140,603
1978-05-14T00:00:00.000+10:00,1.088,140,603
1978-05-15T00:00:00.000+10:00,1.074,140,603
1978-05-16T00:00:00.000+10:00,1.063,140,603
1978-05-17T00:00:00.000+10:00,1.062,140,603
1978-05-18T00:00:00.000+10:00,1.064,140,603
1978-05-19T00:00:00.000+10:00,1.082,140,603
1978-05-20T00:00:00.000+10:00,1.085,140,603
1978-05-21T00:00:00.000+10:00,1.077,140,603
1978-05-22T00:00:00.000+10:00,1.071,140,603
1978-05-23T00:00:00.000+10:00,1.059,140,603
1978-05-24T00:00:00.000+10:00,1.052,140,603
1978-05-25T00:00:00.000+10:00,1.043,140,603
1978-05-26T00:00:00.000+10:00,1.031,140,603
1978-05-27T00:00:00.000+10:00,0.981,140,603
1978-05-28T00:00:00.000+10:00,0.983,140,603
1978-05-29T00:00:00.000+10:00,0.967,140,603
1978-05-30T00:00:00.000+10:00,0.992,140,603
1978-05-31T00:00:00.000+10:00,0.912,140,603
1978-06-01T00:00:00.000+10:00,0.963,140,603
1978-06-02T00:00:00.000+10:00,0.976,140,603
1978-06-03T00:00:00.000+10:00,0.993,140,603
1978-06-04T00:00:00.000+10:00,1.035,140,603
1978-06-05T00:00:00.000+10:00,1.015,140,603
1978-06-06T00:00:00.000+10:00,0.937,140,603
1978-06-07T00:00:00.000+10:00,0.944,140,603
1978-06-08T00:00:00.000+10:00,0.964,140,603
1978-06-09T00:00:00.000+10:00,0.953,140,603
1978-06-10T00:00:00.000+10:00,0.913,140,603
1978-06-11T00:00:00.000+10:00,0.887,140,603
1978-06-12T00:00:00.000+10:00,0.890,140,603
1978-06-13T00:00:00.000+10:00,0.887,140,603
1978-06-14T00:00:00.000+10:00,0.896,140,603
1978-06-15T00:00:00.000+10:00,0.892,140,603
1978-06-16T00:00:00.000+10:00,0.878,140,603
1978-06-17T00:00:00.000+10:00,0.848,140,603
1978-06-18T00:00:00.000+10:00,0.852,140,603
1978-06-19T00:00:00.000+10:00,0.862,140,603
1978-06-20T00:00:00.000+10:00,0.845,140,603
1978-06-21T00:00:00.000+10:00,0.835,140,603
1978-06-22T00:00:00.000+10:00,0.880,140,603
1978-06-23T00:00:00.000+10:00,0.887,140,603
1978-06-24T00:00:00.000+10:00,0.849,140,603
1978-06-25T00:00:00.000+10:00,0.815,140,603
1978-06-26T00:00:00.000+10:00,0.802,140,603
1978-06-27T00:00:00.000+10:00,0.803,140,603
1978-06-28T00:00:00.000+10:00,0.795,140,603
1978-06-29T00:00:00.000+10:00,0.797,140,603
1978-06-30T00:00:00.000+10:00,0.793,140,603
1978-07-01T00:00:00.000+10:00,0.835,140,603
1978-07-02T00:00:00.000+10:00,0.871,140,603
1978-07-03T00:00:00.000+10:00,0.855,140,603
1978-07-04T00:00:00.000+10:00,0.841,140,603
1978-07-05T00:00:00.000+10:00,0.830,140,603
1978-07-06T00:00:00.000+10:00,0.811,140,603
1978-07-07T00:00:00.000+10:00,0.783,140,603
1978-07-08T00:00:00.000+10:00,0.763,140,603
1978-07-09T00:00:00.000+10:00,0.749,140,603
1978-07-10T00:00:00.000+10:00,0.743,140,603
1978-07-11T00:00:00.000+10:00,0.761,140,603
1978-07-12T00:00:00.000+10:00,0.760,140,603
1978-07-13T00:00:00.000+10:00,0.765,140,603
1978-07-14T00:00:00.000+10:00,0.776,140,603
1978-07-15T00:00:00.000+10:00,0.755,140,603
1978-07-16T00:00:00.000+10:00,0.730,140,603
1978-07-17T00:00:00.000+10:00,0.729,140,603
1978-07-18T00:00:00.000+10:00,0.735,140,603
1978-07-19T00:00:00.000+10:00,0.732,140,603
1978-07-20T00:00:00.000+10:00,0.734,140,603
1978-07-21T00:00:00.000+10:00,0.731,140,603
1978-07-22T00:00:00.000+10:00,0.721,140,603
1978-07-23T00:00:00.000+10:00,0.715,140,603
1978-07-24T00:00:00.000+10:00,0.701,140,603
1978-07-25T00:00:00.000+10:00,0.708,140,603
1978-07-26T00:00:00.000+10:00,0.697,140,603
1978-07-27T00:00:00.000+10:00,0.682,140,603
1978-07-28T00:00:00.000+10:00,0.681,140,603
1978-07-29T00:00:00.000+10:00,0.669,140,603
1978-07-30T00:00:00.000+10:00,0.682,140,603
1978-07-31T00:00:00.000+10:00,0.680,140,603
1978-08-01T00:00:00.000+10:00,0.668,140,603
1978-08-02T00:00:00.000+10:00,0.665,140,603
1978-08-03T00:00:00.000+10:00,0.663,140,603
1978-08-04T00:00:00.000+10:00,0.666,140,603
1978-08-05T00:00:00.000+10:00,0.660,140,603
1978-08-06T00:00:00.000+10:00,0.681,140,603
1978-08-07T00:00:00.000+10:00,0.694,140,603
1978-08-08T00:00:00.000+10:00,0.716,140,603
1978-08-09T00:00:00.000+10:00,0.762,140,603
1978-08-10T00:00:00.000+10:00,0.754,140,603
1978-08-11T00:00:00.000+10:00,0.742,140,603
1978-08-12T00:00:00.000+10:00,0.736,140,603
1978-08-13T00:00:00.000+10:00,0.707,140,603
1978-08-14T00:00:00.000+10:00,0.677,140,603
1978-08-15T00:00:00.000+10:00,0.680,140,603
1978-08-16T00:00:00.000+10:00,0.651,140,603
1978-08-17T00:00:00.000+10:00,0.646,140,603
1978-08-18T00:00:00.000+10:00,0.645,140,603
1978-08-19T00:00:00.000+10:00,0.643,140,603
1978-08-20T00:00:00.000+10:00,0.642,140,603
1978-08-21T00:00:00.000+10:00,0.626,140,603
1978-08-22T00:00:00.000+10:00,0.637,140,603
1978-08-23T00:00:00.000+10:00,0.624,140,603
1978-08-24T00:00:00.000+10:00,0.632,140,603
1978-08-25T00:00:00.000+10:00,0.612,140,603
1978-08-26T00:00:00.000+10:00,0.599,140,603
1978-08-27T00:00:00.000+10:00,0.590,140,603
1978-08-28T00:00:00.000+10:00,0.596,140,603
1978-08-29T00:00:00.000+10:00,0.592,140,603
1978-08-30T00:00:00.000+10:00,0.605,140,603
1978-08-31T00:00:00.000+10:00,0.603,140,603
1978-09-01T00:00:00.000+10:00,0.627,140,603
1978-09-02T00:00:00.000+10:00,0.659,140,603
1978-09-03T00:00:00.000+10:00,0.647,140,603
1978-09-04T00:00:00.000+10:00,0.636,140,603
1978-09-05T00:00:00.000+10:00,0.684,140,603
1978-09-06T00:00:00.000+10:00,0.697,140,603
1978-09-07T00:00:00.000+10:00,0.769,140,603
1978-09-08T00:00:00.000+10:00,0.830,140,603
1978-09-09T00:00:00.000+10:00,0.770,140,603
1978-09-10T00:00:00.000+10:00,0.751,140,603
1978-09-11T00:00:00.000+10:00,0.733,140,603
1978-09-12T00:00:00.000+10:00,0.718,140,603
1978-09-13T00:00:00.000+10:00,0.664,140,603
1978-09-14T00:00:00.000+10:00,0.625,140,603
1978-09-15T00:00:00.000+10:00,0.620,140,603
1978-09-16T00:00:00.000+10:00,0.615,140,603
1978-09-17T00:00:00.000+10:00,0.586,140,603
1978-09-18T00:00:00.000+10:00,0.553,140,603
1978-09-19T00:00:00.000+10:00,0.603,140,603
1978-09-20T00:00:00.000+10:00,0.571,140,603
1978-09-21T00:00:00.000+10:00,0.577,140,603
1978-09-22T00:00:00.000+10:00,0.585,140,603
1978-09-23T00:00:00.000+10:00,0.606,140,603
1978-09-24T00:00:00.000+10:00,0.582,140,603
1978-09-25T00:00:00.000+10:00,0.590,140,603
1978-09-26T00:00:00.000+10:00,0.609,140,603
1978-09-27T00:00:00.000+10:00,0.638,140,603
1978-09-28T00:00:00.000+10:00,0.620,140,603
1978-09-29T00:00:00.000+10:00,0.644,140,603
1978-09-30T00:00:00.000+10:00,0.626,140,603
1978-10-01T00:00:00.000+10:00,0.579,140,603
1978-10-02T00:00:00.000+10:00,0.646,140,603
1978-10-03T00:00:00.000+10:00,0.637,140,603
1978-10-04T00:00:00.000+10:00,0.627,140,603
1978-10-05T00:00:00.000+10:00,0.612,140,603
1978-10-06T00:00:00.000+10:00,0.601,140,603
1978-10-07T00:00:00.000+10:00,0.603,140,603
1978-10-08T00:00:00.000+10:00,0.617,140,603
1978-10-09T00:00:00.000+10:00,0.629,140,603
1978-10-10T00:00:00.000+10:00,0.819,140,603
1978-10-11T00:00:00.000+10:00,0.904,140,603
1978-10-12T00:00:00.000+10:00,1.009,140,603
1978-10-13T00:00:00.000+10:00,0.982,140,603
1978-10-14T00:00:00.000+10:00,0.857,140,603
1978-10-15T00:00:00.000+10:00,0.796,140,603
1978-10-16T00:00:00.000+10:00,0.794,140,603
1978-10-17T00:00:00.000+10:00,0.798,140,603
1978-10-18T00:00:00.000+10:00,0.919,140,603
1978-10-19T00:00:00.000+10:00,0.945,140,603
1978-10-20T00:00:00.000+10:00,0.867,140,603
1978-10-21T00:00:00.000+10:00,0.756,140,603
1978-10-22T00:00:00.000+10:00,0.775,140,603
1978-10-23T00:00:00.000+10:00,0.732,140,603
1978-10-24T00:00:00.000+10:00,0.709,140,603
1978-10-25T00:00:00.000+10:00,0.701,140,603
1978-10-26T00:00:00.000+10:00,0.650,140,603
1978-10-27T00:00:00.000+10:00,0.679,140,603
1978-10-28T00:00:00.000+10:00,0.646,140,603
1978-10-29T00:00:00.000+10:00,0.616,140,603
1978-10-30T00:00:00.000+10:00,0.627,140,603
1978-10-31T00:00:00.000+10:00,0.610,140,603
1978-11-01T00:00:00.000+10:00,0.590,140,603
1978-11-02T00:00:00.000+10:00,0.598,140,603
1978-11-03T00:00:00.000+10:00,0.599,140,603
1978-11-04T00:00:00.000+10:00,0.628,140,603
1978-11-05T00:00:00.000+10:00,0.811,140,603
1978-11-06T00:00:00.000+10:00,0.822,140,603
1978-11-07T00:00:00.000+10:00,0.745,140,603
1978-11-08T00:00:00.000+10:00,0.755,140,603
1978-11-09T00:00:00.000+10:00,0.915,140,603
1978-11-10T00:00:00.000+10:00,1.032,140,603
1978-11-11T00:00:00.000+10:00,0.973,140,603
1978-11-12T00:00:00.000+10:00,0.888,140,603
1978-11-13T00:00:00.000+10:00,0.879,140,603
1978-11-14T00:00:00.000+10:00,0.885,140,603
1978-11-15T00:00:00.000+10:00,0.810,140,603
1978-11-16T00:00:00.000+10:00,0.781,140,603
1978-11-17T00:00:00.000+10:00,0.759,140,603
1978-11-18T00:00:00.000+10:00,0.716,140,603
1978-11-19T00:00:00.000+10:00,0.675,140,603
1978-11-20T00:00:00.000+10:00,0.649,140,603
1978-11-21T00:00:00.000+10:00,0.660,140,603
1978-11-22T00:00:00.000+10:00,0.646,140,603
1978-11-23T00:00:00.000+10:00,0.635,140,603
1978-11-24T00:00:00.000+10:00,0.633,140,603
1978-11-25T00:00:00.000+10:00,0.612,140,603
1978-11-26T00:00:00.000+10:00,0.597,140,603
1978-11-27T00:00:00.000+10:00,0.735,140,603
1978-11-28T00:00:00.000+10:00,0.741,140,603
1978-11-29T00:00:00.000+10:00,0.667,140,603
1978-11-30T00:00:00.000+10:00,0.631,140,603
1978-12-01T00:00:00.000+10:00,0.623,140,603
1978-12-02T00:00:00.000+10:00,0.608,140,603
1978-12-03T00:00:00.000+10:00,0.584,140,603
1978-12-04T00:00:00.000+10:00,0.593,140,603
1978-12-05T00:00:00.000+10:00,0.648,140,603
1978-12-06T00:00:00.000+10:00,0.663,140,603
1978-12-07T00:00:00.000+10:00,0.645,140,603
1978-12-08T00:00:00.000+10:00,0.636,140,603
1978-12-09T00:00:00.000+10:00,0.629,140,603
1978-12-10T00:00:00.000+10:00,0.854,140,603
1978-12-11T00:00:00.000+10:00,0.865,140,603
1978-12-12T00:00:00.000+10:00,0.681,140,603
1978-12-13T00:00:00.000+10:00,0.835,140,603
1978-12-14T00:00:00.000+10:00,0.807,140,603
1978-12-15T00:00:00.000+10:00,0.767,140,603
1978-12-16T00:00:00.000+10:00,0.747,140,603
1978-12-17T00:00:00.000+10:00,0.711,140,603
1978-12-18T00:00:00.000+10:00,0.702,140,603
1978-12-19T00:00:00.000+10:00,0.698,140,603
1978-12-20T00:00:00.000+10:00,0.630,140,603
1978-12-21T00:00:00.000+10:00,0.613,140,603
1978-12-22T00:00:00.000+10:00,0.589,140,603
1978-12-23T00:00:00.000+10:00,0.585,140,603
1978-12-24T00:00:00.000+10:00,0.613,140,603
1978-12-25T00:00:00.000+10:00,0.671,140,603
1978-12-26T00:00:00.000+10:00,0.753,140,603
1978-12-27T00:00:00.000+10:00,0.797,140,603
1978-12-28T00:00:00.000+10:00,1.422,140,603
1978-12-29T00:00:00.000+10:00,2.510,140,603
1978-12-30T00:00:00.000+10:00,2.946,140,603
1978-12-31T00:00:00.000+10:00,2.193,140,603
1979-01-01T00:00:00.000+10:00,1.803,140,603
1979-01-02T00:00:00.000+10:00,1.583,140,603
1979-01-03T00:00:00.000+10:00,1.442,140,603
1979-01-04T00:00:00.000+10:00,1.348,140,603
1979-01-05T00:00:00.000+10:00,1.302,140,603
1979-01-06T00:00:00.000+10:00,1.254,140,603
1979-01-07T00:00:00.000+10:00,1.217,140,603
1979-01-08T00:00:00.000+10:00,1.182,140,603
1979-01-09T00:00:00.000+10:00,1.088,140,603
1979-01-10T00:00:00.000+10:00,1.023,140,603
1979-01-11T00:00:00.000+10:00,0.967,140,603
1979-01-12T00:00:00.000+10:00,0.925,140,603
1979-01-13T00:00:00.000+10:00,0.883,140,603
1979-01-14T00:00:00.000+10:00,0.859,140,603
1979-01-15T00:00:00.000+10:00,0.842,140,603
1979-01-16T00:00:00.000+10:00,0.937,140,603
1979-01-17T00:00:00.000+10:00,0.903,140,603
1979-01-18T00:00:00.000+10:00,0.865,140,603
1979-01-19T00:00:00.000+10:00,0.894,140,603
1979-01-20T00:00:00.000+10:00,0.878,140,603
1979-01-21T00:00:00.000+10:00,1.044,140,603
1979-01-22T00:00:00.000+10:00,1.197,140,603
1979-01-23T00:00:00.000+10:00,,-1,603
1979-01-24T00:00:00.000+10:00,,-1,603
1979-01-25T00:00:00.000+10:00,,-1,603
1979-01-26T00:00:00.000+10:00,,-1,603
1979-01-27T00:00:00.000+10:00,,-1,603
1979-01-28T00:00:00.000+10:00,,-1,603
1979-01-29T00:00:00.000+10:00,,-1,603
1979-01-30T00:00:00.000+10:00,,-1,603
1979-01-31T00:00:00.000+10:00,,-1,603
1979-02-01T00:00:00.000+10:00,,-1,603
1979-02-02T00:00:00.000+10:00,,-1,603
1979-02-03T00:00:00.000+10:00,,-1,603
1979-02-04T00:00:00.000+10:00,,-1,603
1979-02-05T00:00:00.000+10:00,,-1,603
1979-02-06T00:00:00.000+10:00,,-1,603
1979-02-07T00:00:00.000+10:00,,-1,603
1979-02-08T00:00:00.000+10:00,1.561,140,603
1979-02-09T00:00:00.000+10:00,1.941,140,603
1979-02-10T00:00:00.000+10:00,2.988,140,603
1979-02-11T00:00:00.000+10:00,2.517,140,603
1979-02-12T00:00:00.000+10:00,2.220,140,603
1979-02-13T00:00:00.000+10:00,1.950,140,603
1979-02-14T00:00:00.000+10:00,1.778,140,603
1979-02-15T00:00:00.000+10:00,1.652,140,603
1979-02-16T00:00:00.000+10:00,1.568,140,603
1979-02-17T00:00:00.000+10:00,1.517,140,603
1979-02-18T00:00:00.000+10:00,1.469,140,603
1979-02-19T00:00:00.000+10:00,1.415,140,603
1979-02-20T00:00:00.000+10:00,1.410,140,603
1979-02-21T00:00:00.000+10:00,1.398,140,603
1979-02-22T00:00:00.000+10:00,1.429,140,603
1979-02-23T00:00:00.000+10:00,1.424,140,603
1979-02-24T00:00:00.000+10:00,1.390,140,603
1979-02-25T00:00:00.000+10:00,1.355,140,603
1979-02-26T00:00:00.000+10:00,1.324,140,603
1979-02-27T00:00:00.000+10:00,1.291,140,603
1979-02-28T00:00:00.000+10:00,1.265,140,603
1979-03-01T00:00:00.000+10:00,1.277,140,603
1979-03-02T00:00:00.000+10:00,1.277,140,603
1979-03-03T00:00:00.000+10:00,1.627,140,603
1979-03-04T00:00:00.000+10:00,4.662,140,603
1979-03-05T00:00:00.000+10:00,5.788,140,603
1979-03-06T00:00:00.000+10:00,4.516,140,603
1979-03-07T00:00:00.000+10:00,2.660,140,603
1979-03-08T00:00:00.000+10:00,2.154,140,603
1979-03-09T00:00:00.000+10:00,1.911,140,603
1979-03-10T00:00:00.000+10:00,1.753,140,603
1979-03-11T00:00:00.000+10:00,1.650,140,603
1979-03-12T00:00:00.000+10:00,1.554,140,603
1979-03-13T00:00:00.000+10:00,1.502,140,603
1979-03-14T00:00:00.000+10:00,1.415,140,603
1979-03-15T00:00:00.000+10:00,1.371,140,603
1979-03-16T00:00:00.000+10:00,1.474,140,603
1979-03-17T00:00:00.000+10:00,1.595,140,603
1979-03-18T00:00:00.000+10:00,1.500,140,603
1979-03-19T00:00:00.000+10:00,1.562,140,603
1979-03-20T00:00:00.000+10:00,1.509,140,603
1979-03-21T00:00:00.000+10:00,1.419,140,603
1979-03-22T00:00:00.000+10:00,1.352,140,603
1979-03-23T00:00:00.000+10:00,1.322,140,603
1979-03-24T00:00:00.000+10:00,1.317,140,603
1979-03-25T00:00:00.000+10:00,1.282,140,603
1979-03-26T00:00:00.000+10:00,1.245,140,603
1979-03-27T00:00:00.000+10:00,1.207,140,603
1979-03-28T00:00:00.000+10:00,1.185,140,603
1979-03-29T00:00:00.000+10:00,1.171,140,603
1979-03-30T00:00:00.000+10:00,1.171,140,603
1979-03-31T00:00:00.000+10:00,1.163,140,603
1979-04-01T00:00:00.000+10:00,1.158,140,603
1979-04-02T00:00:00.000+10:00,1.155,140,603
1979-04-03T00:00:00.000+10:00,1.148,140,603
1979-04-04T00:00:00.000+10:00,1.141,140,603
1979-04-05T00:00:00.000+10:00,1.123,140,603
1979-04-06T00:00:00.000+10:00,1.138,140,603
1979-04-07T00:00:00.000+10:00,1.131,140,603
1979-04-08T00:00:00.000+10:00,1.122,140,603
1979-04-09T00:00:00.000+10:00,1.116,140,603
1979-04-10T00:00:00.000+10:00,1.104,140,603
1979-04-11T00:00:00.000+10:00,1.119,140,603
1979-04-12T00:00:00.000+10:00,1.104,140,603
1979-04-13T00:00:00.000+10:00,1.091,140,603
1979-04-14T00:00:00.000+10:00,1.077,140,603
1979-04-15T00:00:00.000+10:00,1.054,140,603
1979-04-16T00:00:00.000+10:00,1.118,140,603
1979-04-17T00:00:00.000+10:00,1.126,140,603
1979-04-18T00:00:00.000+10:00,1.127,140,603
1979-04-19T00:00:00.000+10:00,1.186,140,603
1979-04-20T00:00:00.000+10:00,1.190,140,603
1979-04-21T00:00:00.000+10:00,1.155,140,603
1979-04-22T00:00:00.000+10:00,1.074,140,603
1979-04-23T00:00:00.000+10:00,1.030,140,603
1979-04-24T00:00:00.000+10:00,1.007,140,603
1979-04-25T00:00:00.000+10:00,0.979,140,603
1979-04-26T00:00:00.000+10:00,0.985,140,603
1979-04-27T00:00:00.000+10:00,0.997,140,603
1979-04-28T00:00:00.000+10:00,1.002,140,603
1979-04-29T00:00:00.000+10:00,0.978,140,603
1979-04-30T00:00:00.000+10:00,1.010,140,603
1979-05-01T00:00:00.000+10:00,1.096,140,603
1979-05-02T00:00:00.000+10:00,1.094,140,603
1979-05-03T00:00:00.000+10:00,1.031,140,603
1979-05-04T00:00:00.000+10:00,1.007,140,603
1979-05-05T00:00:00.000+10:00,1.003,140,603
1979-05-06T00:00:00.000+10:00,1.266,140,603
1979-05-07T00:00:00.000+10:00,1.377,140,603
1979-05-08T00:00:00.000+10:00,2.122,140,603
1979-05-09T00:00:00.000+10:00,2.113,140,603
1979-05-10T00:00:00.000+10:00,1.753,140,603
1979-05-11T00:00:00.000+10:00,1.556,140,603
1979-05-12T00:00:00.000+10:00,1.422,140,603
1979-05-13T00:00:00.000+10:00,1.351,140,603
1979-05-14T00:00:00.000+10:00,1.303,140,603
1979-05-15T00:00:00.000+10:00,1.247,140,603
1979-05-16T00:00:00.000+10:00,1.211,140,603
1979-05-17T00:00:00.000+10:00,1.191,140,603
1979-05-18T00:00:00.000+10:00,1.179,140,603
1979-05-19T00:00:00.000+10:00,1.173,140,603
1979-05-20T00:00:00.000+10:00,1.151,140,603
1979-05-21T00:00:00.000+10:00,1.118,140,603
1979-05-22T00:00:00.000+10:00,1.085,140,603
1979-05-23T00:00:00.000+10:00,1.068,140,603
1979-05-24T00:00:00.000+10:00,1.070,140,603
1979-05-25T00:00:00.000+10:00,1.055,140,603
1979-05-26T00:00:00.000+10:00,1.037,140,603
1979-05-27T00:00:00.000+10:00,1.014,140,603
1979-05-28T00:00:00.000+10:00,1.002,140,603
1979-05-29T00:00:00.000+10:00,0.995,140,603
1979-05-30T00:00:00.000+10:00,0.949,140,603
1979-05-31T00:00:00.000+10:00,0.947,140,603
1979-06-01T00:00:00.000+10:00,0.940,140,603
1979-06-02T00:00:00.000+10:00,0.910,140,603
1979-06-03T00:00:00.000+10:00,0.873,140,603
1979-06-04T00:00:00.000+10:00,0.881,140,603
1979-06-05T00:00:00.000+10:00,0.890,140,603
1979-06-06T00:00:00.000+10:00,0.869,140,603
1979-06-07T00:00:00.000+10:00,0.861,140,603
1979-06-08T00:00:00.000+10:00,0.847,140,603
1979-06-09T00:00:00.000+10:00,0.846,140,603
1979-06-10T00:00:00.000+10:00,0.880,140,603
1979-06-11T00:00:00.000+10:00,0.841,140,603
1979-06-12T00:00:00.000+10:00,0.802,140,603
1979-06-13T00:00:00.000+10:00,0.820,140,603
1979-06-14T00:00:00.000+10:00,0.799,140,603
1979-06-15T00:00:00.000+10:00,0.799,140,603
1979-06-16T00:00:00.000+10:00,0.782,140,603
1979-06-17T00:00:00.000+10:00,0.764,140,603
1979-06-18T00:00:00.000+10:00,0.767,140,603
1979-06-19T00:00:00.000+10:00,0.787,140,603
1979-06-20T00:00:00.000+10:00,0.879,140,603
1979-06-21T00:00:00.000+10:00,1.820,140,603
1979-06-22T00:00:00.000+10:00,2.780,140,603
1979-06-23T00:00:00.000+10:00,3.474,140,603
1979-06-24T00:00:00.000+10:00,2.839,140,603
1979-06-25T00:00:00.000+10:00,2.097,140,603
1979-06-26T00:00:00.000+10:00,1.833,140,603
1979-06-27T00:00:00.000+10:00,1.683,140,603
1979-06-28T00:00:00.000+10:00,1.572,140,603
1979-06-29T00:00:00.000+10:00,1.504,140,603
1979-06-30T00:00:00.000+10:00,1.444,140,603
1979-07-01T00:00:00.000+10:00,1.384,140,603
1979-07-02T00:00:00.000+10:00,1.341,140,603
1979-07-03T00:00:00.000+10:00,1.291,140,603
1979-07-04T00:00:00.000+10:00,1.240,140,603
1979-07-05T00:00:00.000+10:00,1.198,140,603
1979-07-06T00:00:00.000+10:00,1.171,140,603
1979-07-07T00:00:00.000+10:00,1.134,140,603
1979-07-08T00:00:00.000+10:00,1.114,140,603
1979-07-09T00:00:00.000+10:00,1.083,140,603
1979-07-10T00:00:00.000+10:00,1.030,140,603
1979-07-11T00:00:00.000+10:00,0.971,140,603
1979-07-12T00:00:00.000+10:00,0.987,140,603
1979-07-13T00:00:00.000+10:00,0.957,140,603
1979-07-14T00:00:00.000+10:00,0.939,140,603
1979-07-15T00:00:00.000+10:00,0.959,140,603
1979-07-16T00:00:00.000+10:00,0.951,140,603
1979-07-17T00:00:00.000+10:00,0.928,140,603
1979-07-18T00:00:00.000+10:00,0.956,140,603
1979-07-19T00:00:00.000+10:00,0.952,140,603
1979-07-20T00:00:00.000+10:00,0.926,140,603
1979-07-21T00:00:00.000+10:00,0.898,140,603
1979-07-22T00:00:00.000+10:00,0.919,140,603
1979-07-23T00:00:00.000+10:00,0.902,140,603
1979-07-24T00:00:00.000+10:00,0.861,140,603
1979-07-25T00:00:00.000+10:00,0.852,140,603
1979-07-26T00:00:00.000+10:00,0.892,140,603
1979-07-27T00:00:00.000+10:00,0.814,140,603
1979-07-28T00:00:00.000+10:00,0.803,140,603
1979-07-29T00:00:00.000+10:00,0.891,140,603
1979-07-30T00:00:00.000+10:00,0.931,140,603
1979-07-31T00:00:00.000+10:00,0.876,140,603
1979-08-01T00:00:00.000+10:00,1.063,140,603
1979-08-02T00:00:00.000+10:00,1.142,140,603
1979-08-03T00:00:00.000+10:00,1.083,140,603
1979-08-04T00:00:00.000+10:00,0.992,140,603
1979-08-05T00:00:00.000+10:00,0.945,140,603
1979-08-06T00:00:00.000+10:00,0.913,140,603
1979-08-07T00:00:00.000+10:00,0.895,140,603
1979-08-08T00:00:00.000+10:00,0.882,140,603
1979-08-09T00:00:00.000+10:00,0.873,140,603
1979-08-10T00:00:00.000+10:00,0.855,140,603
1979-08-11T00:00:00.000+10:00,0.839,140,603
1979-08-12T00:00:00.000+10:00,0.823,140,603
1979-08-13T00:00:00.000+10:00,0.803,140,603
1979-08-14T00:00:00.000+10:00,0.788,140,603
1979-08-15T00:00:00.000+10:00,0.779,140,603
1979-08-16T00:00:00.000+10:00,0.776,140,603
1979-08-17T00:00:00.000+10:00,0.765,140,603
1979-08-18T00:00:00.000+10:00,0.764,140,603
1979-08-19T00:00:00.000+10:00,0.774,140,603
1979-08-20T00:00:00.000+10:00,0.770,140,603
1979-08-21T00:00:00.000+10:00,0.770,140,603
1979-08-22T00:00:00.000+10:00,0.758,140,603
1979-08-23T00:00:00.000+10:00,0.759,140,603
1979-08-24T00:00:00.000+10:00,0.745,140,603
1979-08-25T00:00:00.000+10:00,0.731,140,603
1979-08-26T00:00:00.000+10:00,0.718,140,603
1979-08-27T00:00:00.000+10:00,0.717,140,603
1979-08-28T00:00:00.000+10:00,0.716,140,603
1979-08-29T00:00:00.000+10:00,0.715,140,603
1979-08-30T00:00:00.000+10:00,0.705,140,603
1979-08-31T00:00:00.000+10:00,0.709,140,603
1979-09-01T00:00:00.000+10:00,0.711,140,603
1979-09-02T00:00:00.000+10:00,0.693,140,603
1979-09-03T00:00:00.000+10:00,0.687,140,603
1979-09-04T00:00:00.000+10:00,0.703,140,603
1979-09-05T00:00:00.000+10:00,0.646,140,603
1979-09-06T00:00:00.000+10:00,0.677,140,603
1979-09-07T00:00:00.000+10:00,0.666,140,603
1979-09-08T00:00:00.000+10:00,0.671,140,603
1979-09-09T00:00:00.000+10:00,0.637,140,603
1979-09-10T00:00:00.000+10:00,0.657,140,603
1979-09-11T00:00:00.000+10:00,0.671,140,603
1979-09-12T00:00:00.000+10:00,0.645,140,603
1979-09-13T00:00:00.000+10:00,0.605,140,603
1979-09-14T00:00:00.000+10:00,0.620,140,603
1979-09-15T00:00:00.000+10:00,0.629,140,603
1979-09-16T00:00:00.000+10:00,0.595,140,603
1979-09-17T00:00:00.000+10:00,0.636,140,603
1979-09-18T00:00:00.000+10:00,0.625,140,603
1979-09-19T00:00:00.000+10:00,0.616,140,603
1979-09-20T00:00:00.000+10:00,0.608,140,603
1979-09-21T00:00:00.000+10:00,0.590,140,603
1979-09-22T00:00:00.000+10:00,0.597,140,603
1979-09-23T00:00:00.000+10:00,0.605,140,603
1979-09-24T00:00:00.000+10:00,0.580,140,603
1979-09-25T00:00:00.000+10:00,0.580,140,603
1979-09-26T00:00:00.000+10:00,0.577,140,603
1979-09-27T00:00:00.000+10:00,0.575,140,603
1979-09-28T00:00:00.000+10:00,0.582,140,603
1979-09-29T00:00:00.000+10:00,0.623,140,603
1979-09-30T00:00:00.000+10:00,0.654,140,603
1979-10-01T00:00:00.000+10:00,0.632,140,603
1979-10-02T00:00:00.000+10:00,0.602,140,603
1979-10-03T00:00:00.000+10:00,0.571,140,603
1979-10-04T00:00:00.000+10:00,0.582,140,603
1979-10-05T00:00:00.000+10:00,0.604,140,603
1979-10-06T00:00:00.000+10:00,0.610,140,603
1979-10-07T00:00:00.000+10:00,0.630,140,603
1979-10-08T00:00:00.000+10:00,0.653,140,603
1979-10-09T00:00:00.000+10:00,0.726,140,603
1979-10-10T00:00:00.000+10:00,0.677,140,603
1979-10-11T00:00:00.000+10:00,0.625,140,603
1979-10-12T00:00:00.000+10:00,0.603,140,603
1979-10-13T00:00:00.000+10:00,0.568,140,603
1979-10-14T00:00:00.000+10:00,0.539,140,603
1979-10-15T00:00:00.000+10:00,0.544,140,603
1979-10-16T00:00:00.000+10:00,0.531,140,603
1979-10-17T00:00:00.000+10:00,0.552,140,603
1979-10-18T00:00:00.000+10:00,0.529,140,603
1979-10-19T00:00:00.000+10:00,0.543,140,603
1979-10-20T00:00:00.000+10:00,0.593,140,603
1979-10-21T00:00:00.000+10:00,0.615,140,603
1979-10-22T00:00:00.000+10:00,0.596,140,603
1979-10-23T00:00:00.000+10:00,0.597,140,603
1979-10-24T00:00:00.000+10:00,0.616,140,603
1979-10-25T00:00:00.000+10:00,0.614,140,603
1979-10-26T00:00:00.000+10:00,0.594,140,603
1979-10-27T00:00:00.000+10:00,0.570,140,603
1979-10-28T00:00:00.000+10:00,0.670,140,603
1979-10-29T00:00:00.000+10:00,0.694,140,603
1979-10-30T00:00:00.000+10:00,0.648,140,603
1979-10-31T00:00:00.000+10:00,0.633,140,603
1979-11-01T00:00:00.000+10:00,0.601,140,603
1979-11-02T00:00:00.000+10:00,0.589,140,603
1979-11-03T00:00:00.000+10:00,0.579,140,603
1979-11-04T00:00:00.000+10:00,0.566,140,603
1979-11-05T00:00:00.000+10:00,0.612,140,603
1979-11-06T00:00:00.000+10:00,0.672,140,603
1979-11-07T00:00:00.000+10:00,0.632,140,603
1979-11-08T00:00:00.000+10:00,0.615,140,603
1979-11-09T00:00:00.000+10:00,0.580,140,603
1979-11-10T00:00:00.000+10:00,0.621,140,603
1979-11-11T00:00:00.000+10:00,0.687,140,603
1979-11-12T00:00:00.000+10:00,0.771,140,603
1979-11-13T00:00:00.000+10:00,0.740,140,603
1979-11-14T00:00:00.000+10:00,0.703,140,603
1979-11-15T00:00:00.000+10:00,0.688,140,603
1979-11-16T00:00:00.000+10:00,0.683,140,603
1979-11-17T00:00:00.000+10:00,0.653,140,603
1979-11-18T00:00:00.000+10:00,0.636,140,603
1979-11-19T00:00:00.000+10:00,0.600,140,603
1979-11-20T00:00:00.000+10:00,0.615,140,603
1979-11-21T00:00:00.000+10:00,0.651,140,603
1979-11-22T00:00:00.000+10:00,0.645,140,603
1979-11-23T00:00:00.000+10:00,0.603,140,603
1979-11-24T00:00:00.000+10:00,0.706,140,603
1979-11-25T00:00:00.000+10:00,0.712,140,603
1979-11-26T00:00:00.000+10:00,0.645,140,603
1979-11-27T00:00:00.000+10:00,0.591,140,603
1979-11-28T00:00:00.000+10:00,0.589,140,603
1979-11-29T00:00:00.000+10:00,0.608,140,603
1979-11-30T00:00:00.000+10:00,0.573,140,603
1979-12-01T00:00:00.000+10:00,0.541,140,603
1979-12-02T00:00:00.000+10:00,0.513,140,603
1979-12-03T00:00:00.000+10:00,0.586,140,603
1979-12-04T00:00:00.000+10:00,0.571,140,603
1979-12-05T00:00:00.000+10:00,0.529,140,603
1979-12-06T00:00:00.000+10:00,0.504,140,603
1979-12-07T00:00:00.000+10:00,0.478,140,603
1979-12-08T00:00:00.000+10:00,0.448,140,603
1979-12-09T00:00:00.000+10:00,0.451,140,603
1979-12-10T00:00:00.000+10:00,0.473,140,603
1979-12-11T00:00:00.000+10:00,0.455,140,603
1979-12-12T00:00:00.000+10:00,0.453,140,603
1979-12-13T00:00:00.000+10:00,0.450,140,603
1979-12-14T00:00:00.000+10:00,0.452,140,603
1979-12-15T00:00:00.000+10:00,0.427,140,603
1979-12-16T00:00:00.000+10:00,0.422,140,603
1979-12-17T00:00:00.000+10:00,0.419,140,603
1979-12-18T00:00:00.000+10:00,0.435,140,603
1979-12-19T00:00:00.000+10:00,0.422,140,603
1979-12-20T00:00:00.000+10:00,0.416,140,603
1979-12-21T00:00:00.000+10:00,0.485,140,603
1979-12-22T00:00:00.000+10:00,0.514,140,603
1979-12-23T00:00:00.000+10:00,0.470,140,603
1979-12-24T00:00:00.000+10:00,0.452,140,603
1979-12-25T00:00:00.000+10:00,0.432,140,603
1979-12-26T00:00:00.000+10:00,0.486,140,603
1979-12-27T00:00:00.000+10:00,0.477,140,603
1979-12-28T00:00:00.000+10:00,0.441,140,603
1979-12-29T00:00:00.000+10:00,0.427,140,603
1979-12-30T00:00:00.000+10:00,0.422,140,603
1979-12-31T00:00:00.000+10:00,0.408,140,603
1980-01-01T00:00:00.000+10:00,0.404,140,603
1980-01-02T00:00:00.000+10:00,0.410,140,603
1980-01-03T00:00:00.000+10:00,0.420,140,603
1980-01-04T00:00:00.000+10:00,0.436,140,603
1980-01-05T00:00:00.000+10:00,0.500,140,603
1980-01-06T00:00:00.000+10:00,0.623,140,603
1980-01-07T00:00:00.000+10:00,0.846,140,603
1980-01-08T00:00:00.000+10:00,0.799,140,603
1980-01-09T00:00:00.000+10:00,0.676,140,603
1980-01-10T00:00:00.000+10:00,0.604,140,603
1980-01-11T00:00:00.000+10:00,0.699,140,603
1980-01-12T00:00:00.000+10:00,0.566,140,603
1980-01-13T00:00:00.000+10:00,0.477,140,603
1980-01-14T00:00:00.000+10:00,0.514,140,603
1980-01-15T00:00:00.000+10:00,0.523,140,603
1980-01-16T00:00:00.000+10:00,0.481,140,603
1980-01-17T00:00:00.000+10:00,0.466,140,603
1980-01-18T00:00:00.000+10:00,0.446,140,603
1980-01-19T00:00:00.000+10:00,0.430,140,603
1980-01-20T00:00:00.000+10:00,0.429,140,603
1980-01-21T00:00:00.000+10:00,0.431,140,603
1980-01-22T00:00:00.000+10:00,0.421,140,603
1980-01-23T00:00:00.000+10:00,0.419,140,603
1980-01-24T00:00:00.000+10:00,0.418,140,603
1980-01-25T00:00:00.000+10:00,0.429,140,603
1980-01-26T00:00:00.000+10:00,0.431,140,603
1980-01-27T00:00:00.000+10:00,0.439,140,603
1980-01-28T00:00:00.000+10:00,0.506,140,603
1980-01-29T00:00:00.000+10:00,0.498,140,603
1980-01-30T00:00:00.000+10:00,0.469,140,603
1980-01-31T00:00:00.000+10:00,0.537,140,603
1980-02-01T00:00:00.000+10:00,0.646,140,603
1980-02-02T00:00:00.000+10:00,0.827,140,603
1980-02-03T00:00:00.000+10:00,0.764,140,603
1980-02-04T00:00:00.000+10:00,0.773,140,603
1980-02-05T00:00:00.000+10:00,0.844,140,603
1980-02-06T00:00:00.000+10:00,0.886,140,603
1980-02-07T00:00:00.000+10:00,0.872,140,603
1980-02-08T00:00:00.000+10:00,0.818,140,603
1980-02-09T00:00:00.000+10:00,0.759,140,603
1980-02-10T00:00:00.000+10:00,0.671,140,603
1980-02-11T00:00:00.000+10:00,0.672,140,603
1980-02-12T00:00:00.000+10:00,0.668,140,603
1980-02-13T00:00:00.000+10:00,0.733,140,603
1980-02-14T00:00:00.000+10:00,0.775,140,603
1980-02-15T00:00:00.000+10:00,0.714,140,603
1980-02-16T00:00:00.000+10:00,0.692,140,603
1980-02-17T00:00:00.000+10:00,0.711,140,603
1980-02-18T00:00:00.000+10:00,0.691,140,603
1980-02-19T00:00:00.000+10:00,0.681,140,603
1980-02-20T00:00:00.000+10:00,0.659,140,603
1980-02-21T00:00:00.000+10:00,0.635,140,603
1980-02-22T00:00:00.000+10:00,0.706,140,603
1980-02-23T00:00:00.000+10:00,0.701,140,603
1980-02-24T00:00:00.000+10:00,0.649,140,603
1980-02-25T00:00:00.000+10:00,0.667,140,603
1980-02-26T00:00:00.000+10:00,0.640,140,603
1980-02-27T00:00:00.000+10:00,0.677,140,603
1980-02-28T00:00:00.000+10:00,0.660,140,603
1980-02-29T00:00:00.000+10:00,0.649,140,603
1980-03-01T00:00:00.000+10:00,0.686,140,603
1980-03-02T00:00:00.000+10:00,0.703,140,603
1980-03-03T00:00:00.000+10:00,0.650,140,603
1980-03-04T00:00:00.000+10:00,0.647,140,603
1980-03-05T00:00:00.000+10:00,0.619,140,603
1980-03-06T00:00:00.000+10:00,0.603,140,603
1980-03-07T00:00:00.000+10:00,0.588,140,603
1980-03-08T00:00:00.000+10:00,0.566,140,603
1980-03-09T00:00:00.000+10:00,0.565,140,603
1980-03-10T00:00:00.000+10:00,0.686,140,603
1980-03-11T00:00:00.000+10:00,0.636,140,603
1980-03-12T00:00:00.000+10:00,0.849,140,603
1980-03-13T00:00:00.000+10:00,0.902,140,603
1980-03-14T00:00:00.000+10:00,0.896,140,603
1980-03-15T00:00:00.000+10:00,0.900,140,603
1980-03-16T00:00:00.000+10:00,0.901,140,603
1980-03-17T00:00:00.000+10:00,0.895,140,603
1980-03-18T00:00:00.000+10:00,0.837,140,603
1980-03-19T00:00:00.000+10:00,0.793,140,603
1980-03-20T00:00:00.000+10:00,0.767,140,603
1980-03-21T00:00:00.000+10:00,0.751,140,603
1980-03-22T00:00:00.000+10:00,0.715,140,603
1980-03-23T00:00:00.000+10:00,0.699,140,603
1980-03-24T00:00:00.000+10:00,0.660,140,603
1980-03-25T00:00:00.000+10:00,0.671,140,603
1980-03-26T00:00:00.000+10:00,0.632,140,603
1980-03-27T00:00:00.000+10:00,0.617,140,603
1980-03-28T00:00:00.000+10:00,0.604,140,603
1980-03-29T00:00:00.000+10:00,0.580,140,603
1980-03-30T00:00:00.000+10:00,0.580,140,603
1980-03-31T00:00:00.000+10:00,0.565,140,603
1980-04-01T00:00:00.000+10:00,0.563,140,603
1980-04-02T00:00:00.000+10:00,0.549,140,603
1980-04-03T00:00:00.000+10:00,0.543,140,603
1980-04-04T00:00:00.000+10:00,0.532,140,603
1980-04-05T00:00:00.000+10:00,0.527,140,603
1980-04-06T00:00:00.000+10:00,0.528,140,603
1980-04-07T00:00:00.000+10:00,0.519,140,603
1980-04-08T00:00:00.000+10:00,0.516,140,603
1980-04-09T00:00:00.000+10:00,0.506,140,603
1980-04-10T00:00:00.000+10:00,0.507,140,603
1980-04-11T00:00:00.000+10:00,0.509,140,603
1980-04-12T00:00:00.000+10:00,0.491,140,603
1980-04-13T00:00:00.000+10:00,0.496,140,603
1980-04-14T00:00:00.000+10:00,0.504,140,603
1980-04-15T00:00:00.000+10:00,0.511,140,603
1980-04-16T00:00:00.000+10:00,0.533,140,603
1980-04-17T00:00:00.000+10:00,0.552,140,603
1980-04-18T00:00:00.000+10:00,0.584,140,603
1980-04-19T00:00:00.000+10:00,0.628,140,603
1980-04-20T00:00:00.000+10:00,0.636,140,603
1980-04-21T00:00:00.000+10:00,0.600,140,603
1980-04-22T00:00:00.000+10:00,0.572,140,603
1980-04-23T00:00:00.000+10:00,0.576,140,603
1980-04-24T00:00:00.000+10:00,0.568,140,603
1980-04-25T00:00:00.000+10:00,0.565,140,603
1980-04-26T00:00:00.000+10:00,0.550,140,603
1980-04-27T00:00:00.000+10:00,0.539,140,603
1980-04-28T00:00:00.000+10:00,0.534,140,603
1980-04-29T00:00:00.000+10:00,0.519,140,603
1980-04-30T00:00:00.000+10:00,0.513,140,603
1980-05-01T00:00:00.000+10:00,0.507,140,603
1980-05-02T00:00:00.000+10:00,0.500,140,603
1980-05-03T00:00:00.000+10:00,0.515,140,603
1980-05-04T00:00:00.000+10:00,0.555,140,603
1980-05-05T00:00:00.000+10:00,0.566,140,603
1980-05-06T00:00:00.000+10:00,0.657,140,603
1980-05-07T00:00:00.000+10:00,1.122,140,603
1980-05-08T00:00:00.000+10:00,4.219,140,603
1980-05-09T00:00:00.000+10:00,11.402,140,603
1980-05-10T00:00:00.000+10:00,16.824,140,603
1980-05-11T00:00:00.000+10:00,15.154,140,603
1980-05-12T00:00:00.000+10:00,10.349,140,603
1980-05-13T00:00:00.000+10:00,5.429,140,603
1980-05-14T00:00:00.000+10:00,2.876,140,603
1980-05-15T00:00:00.000+10:00,2.370,140,603
1980-05-16T00:00:00.000+10:00,2.124,140,603
1980-05-17T00:00:00.000+10:00,1.960,140,603
1980-05-18T00:00:00.000+10:00,1.836,140,603
1980-05-19T00:00:00.000+10:00,1.731,140,603
1980-05-20T00:00:00.000+10:00,1.654,140,603
1980-05-21T00:00:00.000+10:00,1.579,140,603
1980-05-22T00:00:00.000+10:00,1.522,140,603
1980-05-23T00:00:00.000+10:00,1.496,140,603
1980-05-24T00:00:00.000+10:00,1.463,140,603
1980-05-25T00:00:00.000+10:00,1.412,140,603
1980-05-26T00:00:00.000+10:00,1.377,140,603
1980-05-27T00:00:00.000+10:00,1.356,140,603
1980-05-28T00:00:00.000+10:00,1.373,140,603
1980-05-29T00:00:00.000+10:00,1.497,140,603
1980-05-30T00:00:00.000+10:00,1.421,140,603
1980-05-31T00:00:00.000+10:00,1.370,140,603
1980-06-01T00:00:00.000+10:00,1.339,140,603
1980-06-02T00:00:00.000+10:00,1.314,140,603
1980-06-03T00:00:00.000+10:00,1.269,140,603
1980-06-04T00:00:00.000+10:00,1.233,140,603
1980-06-05T00:00:00.000+10:00,1.210,140,603
1980-06-06T00:00:00.000+10:00,1.195,140,603
1980-06-07T00:00:00.000+10:00,1.191,140,603
1980-06-08T00:00:00.000+10:00,1.189,140,603
1980-06-09T00:00:00.000+10:00,1.187,140,603
1980-06-10T00:00:00.000+10:00,1.179,140,603
1980-06-11T00:00:00.000+10:00,1.162,140,603
1980-06-12T00:00:00.000+10:00,1.138,140,603
1980-06-13T00:00:00.000+10:00,1.099,140,603
1980-06-14T00:00:00.000+10:00,1.071,140,603
1980-06-15T00:00:00.000+10:00,1.082,140,603
1980-06-16T00:00:00.000+10:00,1.149,140,603
1980-06-17T00:00:00.000+10:00,1.191,140,603
1980-06-18T00:00:00.000+10:00,1.198,140,603
1980-06-19T00:00:00.000+10:00,1.208,140,603
1980-06-20T00:00:00.000+10:00,1.194,140,603
1980-06-21T00:00:00.000+10:00,1.169,140,603
1980-06-22T00:00:00.000+10:00,1.152,140,603
1980-06-23T00:00:00.000+10:00,1.133,140,603
1980-06-24T00:00:00.000+10:00,1.080,140,603
1980-06-25T00:00:00.000+10:00,1.055,140,603
1980-06-26T00:00:00.000+10:00,1.038,140,603
1980-06-27T00:00:00.000+10:00,1.023,140,603
1980-06-28T00:00:00.000+10:00,1.014,140,603
1980-06-29T00:00:00.000+10:00,0.997,140,603
1980-06-30T00:00:00.000+10:00,0.971,140,603
1980-07-01T00:00:00.000+10:00,0.958,140,603
1980-07-02T00:00:00.000+10:00,0.940,140,603
1980-07-03T00:00:00.000+10:00,0.930,140,603
1980-07-04T00:00:00.000+10:00,0.913,140,603
1980-07-05T00:00:00.000+10:00,0.901,140,603
1980-07-06T00:00:00.000+10:00,0.888,140,603
1980-07-07T00:00:00.000+10:00,0.876,140,603
1980-07-08T00:00:00.000+10:00,0.870,140,603
1980-07-09T00:00:00.000+10:00,0.865,140,603
1980-07-10T00:00:00.000+10:00,0.860,140,603
1980-07-11T00:00:00.000+10:00,,-1,603
1980-07-12T00:00:00.000+10:00,,-1,603
1980-07-13T00:00:00.000+10:00,,-1,603
1980-07-14T00:00:00.000+10:00,,-1,603
1980-07-15T00:00:00.000+10:00,,-1,603
1980-07-16T00:00:00.000+10:00,,-1,603
1980-07-17T00:00:00.000+10:00,,-1,603
1980-07-18T00:00:00.000+10:00,,-1,603
1980-07-19T00:00:00.000+10:00,,-1,603
1980-07-20T00:00:00.000+10:00,,-1,603
1980-07-21T00:00:00.000+10:00,,-1,603
1980-07-22T00:00:00.000+10:00,,-1,603
1980-07-23T00:00:00.000+10:00,,-1,603
1980-07-24T00:00:00.000+10:00,,-1,603
1980-07-25T00:00:00.000+10:00,,-1,603
1980-07-26T00:00:00.000+10:00,,-1,603
1980-07-27T00:00:00.000+10:00,,-1,603
1980-07-28T00:00:00.000+10:00,,-1,603
1980-07-29T00:00:00.000+10:00,,-1,603
1980-07-30T00:00:00.000+10:00,,-1,603
1980-07-31T00:00:00.000+10:00,,-1,603
1980-08-01T00:00:00.000+10:00,,-1,603
1980-08-02T00:00:00.000+10:00,,-1,603
1980-08-03T00:00:00.000+10:00,,-1,603
1980-08-04T00:00:00.000+10:00,,-1,603
1980-08-05T00:00:00.000+10:00,,-1,603
1980-08-06T00:00:00.000+10:00,,-1,603
1980-08-07T00:00:00.000+10:00,,-1,603
1980-08-08T00:00:00.000+10:00,,-1,603
1980-08-09T00:00:00.000+10:00,,-1,603
1980-08-10T00:00:00.000+10:00,,-1,603
1980-08-11T00:00:00.000+10:00,,-1,603
1980-08-12T00:00:00.000+10:00,,-1,603
1980-08-13T00:00:00.000+10:00,,-1,603
1980-08-14T00:00:00.000+10:00,,-1,603
1980-08-15T00:00:00.000+10:00,,-1,603
1980-08-16T00:00:00.000+10:00,,-1,603
1980-08-17T00:00:00.000+10:00,,-1,603
1980-08-18T00:00:00.000+10:00,,-1,603
1980-08-19T00:00:00.000+10:00,,-1,603
1980-08-20T00:00:00.000+10:00,,-1,603
1980-08-21T00:00:00.000+10:00,0.649,140,603
1980-08-22T00:00:00.000+10:00,0.659,140,603
1980-08-23T00:00:00.000+10:00,0.654,140,603
1980-08-24T00:00:00.000+10:00,0.657,140,603
1980-08-25T00:00:00.000+10:00,0.638,140,603
1980-08-26T00:00:00.000+10:00,0.631,140,603
1980-08-27T00:00:00.000+10:00,0.641,140,603
1980-08-28T00:00:00.000+10:00,0.617,140,603
1980-08-29T00:00:00.000+10:00,0.624,140,603
1980-08-30T00:00:00.000+10:00,0.630,140,603
1980-08-31T00:00:00.000+10:00,0.628,140,603
1980-09-01T00:00:00.000+10:00,0.595,140,603
1980-09-02T00:00:00.000+10:00,0.566,140,603
1980-09-03T00:00:00.000+10:00,0.600,140,603
1980-09-04T00:00:00.000+10:00,0.582,140,603
1980-09-05T00:00:00.000+10:00,0.571,140,603
1980-09-06T00:00:00.000+10:00,0.561,140,603
1980-09-07T00:00:00.000+10:00,0.559,140,603
1980-09-08T00:00:00.000+10:00,0.556,140,603
1980-09-09T00:00:00.000+10:00,0.554,140,603
1980-09-10T00:00:00.000+10:00,0.540,140,603
1980-09-11T00:00:00.000+10:00,0.532,140,603
1980-09-12T00:00:00.000+10:00,0.534,140,603
1980-09-13T00:00:00.000+10:00,0.526,140,603
1980-09-14T00:00:00.000+10:00,0.519,140,603
1980-09-15T00:00:00.000+10:00,0.496,140,603
1980-09-16T00:00:00.000+10:00,0.533,140,603
1980-09-17T00:00:00.000+10:00,0.515,140,603
1980-09-18T00:00:00.000+10:00,0.511,140,603
1980-09-19T00:00:00.000+10:00,0.503,140,603
1980-09-20T00:00:00.000+10:00,0.494,140,603
1980-09-21T00:00:00.000+10:00,0.493,140,603
1980-09-22T00:00:00.000+10:00,0.486,140,603
1980-09-23T00:00:00.000+10:00,0.479,140,603
1980-09-24T00:00:00.000+10:00,0.472,140,603
1980-09-25T00:00:00.000+10:00,0.461,140,603
1980-09-26T00:00:00.000+10:00,0.479,140,603
1980-09-27T00:00:00.000+10:00,0.469,140,603
1980-09-28T00:00:00.000+10:00,0.455,140,603
1980-09-29T00:00:00.000+10:00,0.447,140,603
1980-09-30T00:00:00.000+10:00,0.448,140,603
1980-10-01T00:00:00.000+10:00,0.445,140,603
1980-10-02T00:00:00.000+10:00,0.439,140,603
1980-10-03T00:00:00.000+10:00,0.432,140,603
1980-10-04T00:00:00.000+10:00,0.421,140,603
1980-10-05T00:00:00.000+10:00,0.426,140,603
1980-10-06T00:00:00.000+10:00,0.432,140,603
1980-10-07T00:00:00.000+10:00,0.423,140,603
1980-10-08T00:00:00.000+10:00,0.421,140,603
1980-10-09T00:00:00.000+10:00,0.426,140,603
1980-10-10T00:00:00.000+10:00,0.436,140,603
1980-10-11T00:00:00.000+10:00,0.439,140,603
1980-10-12T00:00:00.000+10:00,0.439,140,603
1980-10-13T00:00:00.000+10:00,0.434,140,603
1980-10-14T00:00:00.000+10:00,0.431,140,603
1980-10-15T00:00:00.000+10:00,0.426,140,603
1980-10-16T00:00:00.000+10:00,0.426,140,603
1980-10-17T00:00:00.000+10:00,0.435,140,603
1980-10-18T00:00:00.000+10:00,0.428,140,603
1980-10-19T00:00:00.000+10:00,0.430,140,603
1980-10-20T00:00:00.000+10:00,0.441,140,603
1980-10-21T00:00:00.000+10:00,0.425,140,603
1980-10-22T00:00:00.000+10:00,0.502,140,603
1980-10-23T00:00:00.000+10:00,0.549,140,603
1980-10-24T00:00:00.000+10:00,0.562,140,603
1980-10-25T00:00:00.000+10:00,0.557,140,603
1980-10-26T00:00:00.000+10:00,0.530,140,603
1980-10-27T00:00:00.000+10:00,0.506,140,603
1980-10-28T00:00:00.000+10:00,0.495,140,603
1980-10-29T00:00:00.000+10:00,0.465,140,603
1980-10-30T00:00:00.000+10:00,0.455,140,603
1980-10-31T00:00:00.000+10:00,0.464,140,603
1980-11-01T00:00:00.000+10:00,0.457,140,603
1980-11-02T00:00:00.000+10:00,0.436,140,603
1980-11-03T00:00:00.000+10:00,0.430,140,603
1980-11-04T00:00:00.000+10:00,0.430,140,603
1980-11-05T00:00:00.000+10:00,0.413,140,603
1980-11-06T00:00:00.000+10:00,0.428,140,603
1980-11-07T00:00:00.000+10:00,0.418,140,603
1980-11-08T00:00:00.000+10:00,0.420,140,603
1980-11-09T00:00:00.000+10:00,0.416,140,603
1980-11-10T00:00:00.000+10:00,0.425,140,603
1980-11-11T00:00:00.000+10:00,0.457,140,603
1980-11-12T00:00:00.000+10:00,0.468,140,603
1980-11-13T00:00:00.000+10:00,0.464,140,603
1980-11-14T00:00:00.000+10:00,0.446,140,603
1980-11-15T00:00:00.000+10:00,0.423,140,603
1980-11-16T00:00:00.000+10:00,0.411,140,603
1980-11-17T00:00:00.000+10:00,0.412,140,603
1980-11-18T00:00:00.000+10:00,0.412,140,603
1980-11-19T00:00:00.000+10:00,0.385,140,603
1980-11-20T00:00:00.000+10:00,0.423,140,603
1980-11-21T00:00:00.000+10:00,0.443,140,603
1980-11-22T00:00:00.000+10:00,0.431,140,603
1980-11-23T00:00:00.000+10:00,0.452,140,603
1980-11-24T00:00:00.000+10:00,0.429,140,603
1980-11-25T00:00:00.000+10:00,0.389,140,603
1980-11-26T00:00:00.000+10:00,0.373,140,603
1980-11-27T00:00:00.000+10:00,0.354,140,603
1980-11-28T00:00:00.000+10:00,0.363,140,603
1980-11-29T00:00:00.000+10:00,0.372,140,603
1980-11-30T00:00:00.000+10:00,0.348,140,603
1980-12-01T00:00:00.000+10:00,0.333,140,603
1980-12-02T00:00:00.000+10:00,0.340,140,603
1980-12-03T00:00:00.000+10:00,0.347,140,603
1980-12-04T00:00:00.000+10:00,0.360,140,603
1980-12-05T00:00:00.000+10:00,0.392,140,603
1980-12-06T00:00:00.000+10:00,0.514,140,603
1980-12-07T00:00:00.000+10:00,0.506,140,603
1980-12-08T00:00:00.000+10:00,0.709,140,603
1980-12-09T00:00:00.000+10:00,0.766,140,603
1980-12-10T00:00:00.000+10:00,0.882,140,603
1980-12-11T00:00:00.000+10:00,0.771,140,603
1980-12-12T00:00:00.000+10:00,0.691,140,603
1980-12-13T00:00:00.000+10:00,0.652,140,603
1980-12-14T00:00:00.000+10:00,0.639,140,603
1980-12-15T00:00:00.000+10:00,0.967,140,603
1980-12-16T00:00:00.000+10:00,1.758,140,603
1980-12-17T00:00:00.000+10:00,0.807,140,603
1980-12-18T00:00:00.000+10:00,0.683,140,603
1980-12-19T00:00:00.000+10:00,0.661,140,603
1980-12-20T00:00:00.000+10:00,0.611,140,603
1980-12-21T00:00:00.000+10:00,0.589,140,603
1980-12-22T00:00:00.000+10:00,0.552,140,603
1980-12-23T00:00:00.000+10:00,0.523,140,603
1980-12-24T00:00:00.000+10:00,0.495,140,603
1980-12-25T00:00:00.000+10:00,0.480,140,603
1980-12-26T00:00:00.000+10:00,0.467,140,603
1980-12-27T00:00:00.000+10:00,0.469,140,603
1980-12-28T00:00:00.000+10:00,0.454,140,603
1980-12-29T00:00:00.000+10:00,0.486,140,603
1980-12-30T00:00:00.000+10:00,0.629,140,603
1980-12-31T00:00:00.000+10:00,0.589,140,603
1981-01-01T00:00:00.000+10:00,0.631,140,603
1981-01-02T00:00:00.000+10:00,0.623,140,603
1981-01-03T00:00:00.000+10:00,0.685,140,603
1981-01-04T00:00:00.000+10:00,0.679,140,603
1981-01-05T00:00:00.000+10:00,0.648,140,603
1981-01-06T00:00:00.000+10:00,0.577,140,603
1981-01-07T00:00:00.000+10:00,0.554,140,603
1981-01-08T00:00:00.000+10:00,0.524,140,603
1981-01-09T00:00:00.000+10:00,0.508,140,603
1981-01-10T00:00:00.000+10:00,0.495,140,603
1981-01-11T00:00:00.000+10:00,0.489,140,603
1981-01-12T00:00:00.000+10:00,0.485,140,603
1981-01-13T00:00:00.000+10:00,0.482,140,603
1981-01-14T00:00:00.000+10:00,0.491,140,603
1981-01-15T00:00:00.000+10:00,0.497,140,603
1981-01-16T00:00:00.000+10:00,0.498,140,603
1981-01-17T00:00:00.000+10:00,0.480,140,603
1981-01-18T00:00:00.000+10:00,0.479,140,603
1981-01-19T00:00:00.000+10:00,0.531,140,603
1981-01-20T00:00:00.000+10:00,0.447,140,603
1981-01-21T00:00:00.000+10:00,0.438,140,603
1981-01-22T00:00:00.000+10:00,0.451,140,603
1981-01-23T00:00:00.000+10:00,0.481,140,603
1981-01-24T00:00:00.000+10:00,0.486,140,603
1981-01-25T00:00:00.000+10:00,0.502,140,603
1981-01-26T00:00:00.000+10:00,0.490,140,603
1981-01-27T00:00:00.000+10:00,0.431,140,603
1981-01-28T00:00:00.000+10:00,0.372,140,603
1981-01-29T00:00:00.000+10:00,0.357,140,603
1981-01-30T00:00:00.000+10:00,0.357,140,603
1981-01-31T00:00:00.000+10:00,0.375,140,603
1981-02-01T00:00:00.000+10:00,0.364,140,603
1981-02-02T00:00:00.000+10:00,0.367,140,603
1981-02-03T00:00:00.000+10:00,0.390,140,603
1981-02-04T00:00:00.000+10:00,0.414,140,603
1981-02-05T00:00:00.000+10:00,0.554,140,603
1981-02-06T00:00:00.000+10:00,0.799,140,603
1981-02-07T00:00:00.000+10:00,2.486,140,603
1981-02-08T00:00:00.000+10:00,1.583,140,603
1981-02-09T00:00:00.000+10:00,1.655,140,603
1981-02-10T00:00:00.000+10:00,1.376,140,603
1981-02-11T00:00:00.000+10:00,1.202,140,603
1981-02-12T00:00:00.000+10:00,1.089,140,603
1981-02-13T00:00:00.000+10:00,1.017,140,603
1981-02-14T00:00:00.000+10:00,0.970,140,603
1981-02-15T00:00:00.000+10:00,1.723,140,603
1981-02-16T00:00:00.000+10:00,2.109,140,603
1981-02-17T00:00:00.000+10:00,2.246,140,603
1981-02-18T00:00:00.000+10:00,1.895,140,603
1981-02-19T00:00:00.000+10:00,1.591,140,603
1981-02-20T00:00:00.000+10:00,1.386,140,603
1981-02-21T00:00:00.000+10:00,1.758,140,603
1981-02-22T00:00:00.000+10:00,2.365,140,603
1981-02-23T00:00:00.000+10:00,2.432,140,603
1981-02-24T00:00:00.000+10:00,2.067,140,603
1981-02-25T00:00:00.000+10:00,1.811,140,603
1981-02-26T00:00:00.000+10:00,1.536,140,603
1981-02-27T00:00:00.000+10:00,1.356,140,603
1981-02-28T00:00:00.000+10:00,1.225,140,603
1981-03-01T00:00:00.000+10:00,1.166,140,603
1981-03-02T00:00:00.000+10:00,1.116,140,603
1981-03-03T00:00:00.000+10:00,1.125,140,603
1981-03-04T00:00:00.000+10:00,1.151,140,603
1981-03-05T00:00:00.000+10:00,1.098,140,603
1981-03-06T00:00:00.000+10:00,1.069,140,603
1981-03-07T00:00:00.000+10:00,1.036,140,603
1981-03-08T00:00:00.000+10:00,1.010,140,603
1981-03-09T00:00:00.000+10:00,0.994,140,603
1981-03-10T00:00:00.000+10:00,0.983,140,603
1981-03-11T00:00:00.000+10:00,0.969,140,603
1981-03-12T00:00:00.000+10:00,0.944,140,603
1981-03-13T00:00:00.000+10:00,0.933,140,603
1981-03-14T00:00:00.000+10:00,0.927,140,603
1981-03-15T00:00:00.000+10:00,0.899,140,603
1981-03-16T00:00:00.000+10:00,0.886,140,603
1981-03-17T00:00:00.000+10:00,0.876,140,603
1981-03-18T00:00:00.000+10:00,0.870,140,603
1981-03-19T00:00:00.000+10:00,0.863,140,603
1981-03-20T00:00:00.000+10:00,0.847,140,603
1981-03-21T00:00:00.000+10:00,0.836,140,603
1981-03-22T00:00:00.000+10:00,0.847,140,603
1981-03-23T00:00:00.000+10:00,0.800,140,603
1981-03-24T00:00:00.000+10:00,0.764,140,603
1981-03-25T00:00:00.000+10:00,0.759,140,603
1981-03-26T00:00:00.000+10:00,0.762,140,603
1981-03-27T00:00:00.000+10:00,0.783,140,603
1981-03-28T00:00:00.000+10:00,0.822,140,603
1981-03-29T00:00:00.000+10:00,0.828,140,603
1981-03-30T00:00:00.000+10:00,0.828,140,603
1981-03-31T00:00:00.000+10:00,0.787,140,603
1981-04-01T00:00:00.000+10:00,0.798,140,603
1981-04-02T00:00:00.000+10:00,0.853,140,603
1981-04-03T00:00:00.000+10:00,1.693,140,603
1981-04-04T00:00:00.000+10:00,3.635,140,603
1981-04-05T00:00:00.000+10:00,6.243,140,603
1981-04-06T00:00:00.000+10:00,6.513,140,603
1981-04-07T00:00:00.000+10:00,7.238,140,603
1981-04-08T00:00:00.000+10:00,7.521,140,603
1981-04-09T00:00:00.000+10:00,7.416,140,603
1981-04-10T00:00:00.000+10:00,5.400,140,603
1981-04-11T00:00:00.000+10:00,3.362,140,603
1981-04-12T00:00:00.000+10:00,2.680,140,603
1981-04-13T00:00:00.000+10:00,2.309,140,603
1981-04-14T00:00:00.000+10:00,2.067,140,603
1981-04-15T00:00:00.000+10:00,1.888,140,603
1981-04-16T00:00:00.000+10:00,1.749,140,603
1981-04-17T00:00:00.000+10:00,1.646,140,603
1981-04-18T00:00:00.000+10:00,1.556,140,603
1981-04-19T00:00:00.000+10:00,1.473,140,603
1981-04-20T00:00:00.000+10:00,1.412,140,603
1981-04-21T00:00:00.000+10:00,1.369,140,603
1981-04-22T00:00:00.000+10:00,1.334,140,603
1981-04-23T00:00:00.000+10:00,1.293,140,603
1981-04-24T00:00:00.000+10:00,1.235,140,603
1981-04-25T00:00:00.000+10:00,1.200,140,603
1981-04-26T00:00:00.000+10:00,1.202,140,603
1981-04-27T00:00:00.000+10:00,1.198,140,603
1981-04-28T00:00:00.000+10:00,1.163,140,603
1981-04-29T00:00:00.000+10:00,1.144,140,603
1981-04-30T00:00:00.000+10:00,1.125,140,603
1981-05-01T00:00:00.000+10:00,1.101,140,603
1981-05-02T00:00:00.000+10:00,1.071,140,603
1981-05-03T00:00:00.000+10:00,1.053,140,603
1981-05-04T00:00:00.000+10:00,1.044,140,603
1981-05-05T00:00:00.000+10:00,1.058,140,603
1981-05-06T00:00:00.000+10:00,1.064,140,603
1981-05-07T00:00:00.000+10:00,1.076,140,603
1981-05-08T00:00:00.000+10:00,1.044,140,603
1981-05-09T00:00:00.000+10:00,1.021,140,603
1981-05-10T00:00:00.000+10:00,1.006,140,603
1981-05-11T00:00:00.000+10:00,1.001,140,603
1981-05-12T00:00:00.000+10:00,0.992,140,603
1981-05-13T00:00:00.000+10:00,0.985,140,603
1981-05-14T00:00:00.000+10:00,0.953,140,603
1981-05-15T00:00:00.000+10:00,0.970,140,603
1981-05-16T00:00:00.000+10:00,0.964,140,603
1981-05-17T00:00:00.000+10:00,0.960,140,603
1981-05-18T00:00:00.000+10:00,0.965,140,603
1981-05-19T00:00:00.000+10:00,0.965,140,603
1981-05-20T00:00:00.000+10:00,0.955,140,603
1981-05-21T00:00:00.000+10:00,0.928,140,603
1981-05-22T00:00:00.000+10:00,0.933,140,603
1981-05-23T00:00:00.000+10:00,2.109,140,603
1981-05-24T00:00:00.000+10:00,6.009,140,603
1981-05-25T00:00:00.000+10:00,7.005,140,603
1981-05-26T00:00:00.000+10:00,5.682,140,603
1981-05-27T00:00:00.000+10:00,2.905,140,603
1981-05-28T00:00:00.000+10:00,2.226,140,603
1981-05-29T00:00:00.000+10:00,1.950,140,603
1981-05-30T00:00:00.000+10:00,1.831,140,603
1981-05-31T00:00:00.000+10:00,1.742,140,603
1981-06-01T00:00:00.000+10:00,1.685,140,603
1981-06-02T00:00:00.000+10:00,1.584,140,603
1981-06-03T00:00:00.000+10:00,1.565,140,603
1981-06-04T00:00:00.000+10:00,1.527,140,603
1981-06-05T00:00:00.000+10:00,1.476,140,603
1981-06-06T00:00:00.000+10:00,1.413,140,603
1981-06-07T00:00:00.000+10:00,1.370,140,603
1981-06-08T00:00:00.000+10:00,1.335,140,603
1981-06-09T00:00:00.000+10:00,1.312,140,603
1981-06-10T00:00:00.000+10:00,1.275,140,603
1981-06-11T00:00:00.000+10:00,1.260,140,603
1981-06-12T00:00:00.000+10:00,1.220,140,603
1981-06-13T00:00:00.000+10:00,1.206,140,603
1981-06-14T00:00:00.000+10:00,1.191,140,603
1981-06-15T00:00:00.000+10:00,1.177,140,603
1981-06-16T00:00:00.000+10:00,1.165,140,603
1981-06-17T00:00:00.000+10:00,1.152,140,603
1981-06-18T00:00:00.000+10:00,1.140,140,603
1981-06-19T00:00:00.000+10:00,1.135,140,603
1981-06-20T00:00:00.000+10:00,1.122,140,603
1981-06-21T00:00:00.000+10:00,1.111,140,603
1981-06-22T00:00:00.000+10:00,1.108,140,603
1981-06-23T00:00:00.000+10:00,1.105,140,603
1981-06-24T00:00:00.000+10:00,1.104,140,603
1981-06-25T00:00:00.000+10:00,1.096,140,603
1981-06-26T00:00:00.000+10:00,1.092,140,603
1981-06-27T00:00:00.000+10:00,1.077,140,603
1981-06-28T00:00:00.000+10:00,1.065,140,603
1981-06-29T00:00:00.000+10:00,1.051,140,603
1981-06-30T00:00:00.000+10:00,1.030,140,603
1981-07-01T00:00:00.000+10:00,1.023,140,603
1981-07-02T00:00:00.000+10:00,1.015,140,603
1981-07-03T00:00:00.000+10:00,1.003,140,603
1981-07-04T00:00:00.000+10:00,0.984,140,603
1981-07-05T00:00:00.000+10:00,0.966,140,603
1981-07-06T00:00:00.000+10:00,0.928,140,603
1981-07-07T00:00:00.000+10:00,0.915,140,603
1981-07-08T00:00:00.000+10:00,0.899,140,603
1981-07-09T00:00:00.000+10:00,0.899,140,603
1981-07-10T00:00:00.000+10:00,0.910,140,603
1981-07-11T00:00:00.000+10:00,0.881,140,603
1981-07-12T00:00:00.000+10:00,0.875,140,603
1981-07-13T00:00:00.000+10:00,0.866,140,603
1981-07-14T00:00:00.000+10:00,0.866,140,603
1981-07-15T00:00:00.000+10:00,0.858,140,603
1981-07-16T00:00:00.000+10:00,0.846,140,603
1981-07-17T00:00:00.000+10:00,0.839,140,603
1981-07-18T00:00:00.000+10:00,0.843,140,603
1981-07-19T00:00:00.000+10:00,0.842,140,603
1981-07-20T00:00:00.000+10:00,0.850,140,603
1981-07-21T00:00:00.000+10:00,0.866,140,603
1981-07-22T00:00:00.000+10:00,0.973,140,603
1981-07-23T00:00:00.000+10:00,0.924,140,603
1981-07-24T00:00:00.000+10:00,0.922,140,603
1981-07-25T00:00:00.000+10:00,0.994,140,603
1981-07-26T00:00:00.000+10:00,0.991,140,603
1981-07-27T00:00:00.000+10:00,0.954,140,603
1981-07-28T00:00:00.000+10:00,0.919,140,603
1981-07-29T00:00:00.000+10:00,0.869,140,603
1981-07-30T00:00:00.000+10:00,0.852,140,603
1981-07-31T00:00:00.000+10:00,0.829,140,603
1981-08-01T00:00:00.000+10:00,0.816,140,603
1981-08-02T00:00:00.000+10:00,0.794,140,603
1981-08-03T00:00:00.000+10:00,0.801,140,603
1981-08-04T00:00:00.000+10:00,0.796,140,603
1981-08-05T00:00:00.000+10:00,0.765,140,603
1981-08-06T00:00:00.000+10:00,0.762,140,603
1981-08-07T00:00:00.000+10:00,0.737,140,603
1981-08-08T00:00:00.000+10:00,0.729,140,603
1981-08-09T00:00:00.000+10:00,0.715,140,603
1981-08-10T00:00:00.000+10:00,0.696,140,603
1981-08-11T00:00:00.000+10:00,0.726,140,603
1981-08-12T00:00:00.000+10:00,0.707,140,603
1981-08-13T00:00:00.000+10:00,0.698,140,603
1981-08-14T00:00:00.000+10:00,0.690,140,603
1981-08-15T00:00:00.000+10:00,0.681,140,603
1981-08-16T00:00:00.000+10:00,0.668,140,603
1981-08-17T00:00:00.000+10:00,0.671,140,603
1981-08-18T00:00:00.000+10:00,0.670,140,603
1981-08-19T00:00:00.000+10:00,0.663,140,603
1981-08-20T00:00:00.000+10:00,0.657,140,603
1981-08-21T00:00:00.000+10:00,0.599,140,603
1981-08-22T00:00:00.000+10:00,0.563,140,603
1981-08-23T00:00:00.000+10:00,0.596,140,603
1981-08-24T00:00:00.000+10:00,0.577,140,603
1981-08-25T00:00:00.000+10:00,0.568,140,603
1981-08-26T00:00:00.000+10:00,0.600,140,603
1981-08-27T00:00:00.000+10:00,0.593,140,603
1981-08-28T00:00:00.000+10:00,0.616,140,603
1981-08-29T00:00:00.000+10:00,0.643,140,603
1981-08-30T00:00:00.000+10:00,0.637,140,603
1981-08-31T00:00:00.000+10:00,0.616,140,603
1981-09-01T00:00:00.000+10:00,0.594,140,603
1981-09-02T00:00:00.000+10:00,0.589,140,603
1981-09-03T00:00:00.000+10:00,0.572,140,603
1981-09-04T00:00:00.000+10:00,0.566,140,603
1981-09-05T00:00:00.000+10:00,0.558,140,603
1981-09-06T00:00:00.000+10:00,0.546,140,603
1981-09-07T00:00:00.000+10:00,0.547,140,603
1981-09-08T00:00:00.000+10:00,0.550,140,603
1981-09-09T00:00:00.000+10:00,0.547,140,603
1981-09-10T00:00:00.000+10:00,0.548,140,603
1981-09-11T00:00:00.000+10:00,0.551,140,603
1981-09-12T00:00:00.000+10:00,0.533,140,603
1981-09-13T00:00:00.000+10:00,0.542,140,603
1981-09-14T00:00:00.000+10:00,0.549,140,603
1981-09-15T00:00:00.000+10:00,0.559,140,603
1981-09-16T00:00:00.000+10:00,0.542,140,603
1981-09-17T00:00:00.000+10:00,0.549,140,603
1981-09-18T00:00:00.000+10:00,0.533,140,603
1981-09-19T00:00:00.000+10:00,0.512,140,603
1981-09-20T00:00:00.000+10:00,0.515,140,603
1981-09-21T00:00:00.000+10:00,0.514,140,603
1981-09-22T00:00:00.000+10:00,0.510,140,603
1981-09-23T00:00:00.000+10:00,0.506,140,603
1981-09-24T00:00:00.000+10:00,0.508,140,603
1981-09-25T00:00:00.000+10:00,0.502,140,603
1981-09-26T00:00:00.000+10:00,0.506,140,603
1981-09-27T00:00:00.000+10:00,0.465,140,603
1981-09-28T00:00:00.000+10:00,0.470,140,603
1981-09-29T00:00:00.000+10:00,0.465,140,603
1981-09-30T00:00:00.000+10:00,0.477,140,603
1981-10-01T00:00:00.000+10:00,0.520,140,603
1981-10-02T00:00:00.000+10:00,0.518,140,603
1981-10-03T00:00:00.000+10:00,0.480,140,603
1981-10-04T00:00:00.000+10:00,0.483,140,603
1981-10-05T00:00:00.000+10:00,0.462,140,603
1981-10-06T00:00:00.000+10:00,0.473,140,603
1981-10-07T00:00:00.000+10:00,0.475,140,603
1981-10-08T00:00:00.000+10:00,0.471,140,603
1981-10-09T00:00:00.000+10:00,0.522,140,603
1981-10-10T00:00:00.000+10:00,0.462,140,603
1981-10-11T00:00:00.000+10:00,0.447,140,603
1981-10-12T00:00:00.000+10:00,0.451,140,603
1981-10-13T00:00:00.000+10:00,0.477,140,603
1981-10-14T00:00:00.000+10:00,0.445,140,603
1981-10-15T00:00:00.000+10:00,0.658,140,603
1981-10-16T00:00:00.000+10:00,0.612,140,603
1981-10-17T00:00:00.000+10:00,0.571,140,603
1981-10-18T00:00:00.000+10:00,0.571,140,603
1981-10-19T00:00:00.000+10:00,0.711,140,603
1981-10-20T00:00:00.000+10:00,0.681,140,603
1981-10-21T00:00:00.000+10:00,0.744,140,603
1981-10-22T00:00:00.000+10:00,0.760,140,603
1981-10-23T00:00:00.000+10:00,0.755,140,603
1981-10-24T00:00:00.000+10:00,0.677,140,603
1981-10-25T00:00:00.000+10:00,0.668,140,603
1981-10-26T00:00:00.000+10:00,0.667,140,603
1981-10-27T00:00:00.000+10:00,0.616,140,603
1981-10-28T00:00:00.000+10:00,0.598,140,603
1981-10-29T00:00:00.000+10:00,0.561,140,603
1981-10-30T00:00:00.000+10:00,0.546,140,603
1981-10-31T00:00:00.000+10:00,0.531,140,603
1981-11-01T00:00:00.000+10:00,0.561,140,603
1981-11-02T00:00:00.000+10:00,0.772,140,603
1981-11-03T00:00:00.000+10:00,3.637,140,603
1981-11-04T00:00:00.000+10:00,2.823,140,603
1981-11-05T00:00:00.000+10:00,2.080,140,603
1981-11-06T00:00:00.000+10:00,1.665,140,603
1981-11-07T00:00:00.000+10:00,1.420,140,603
1981-11-08T00:00:00.000+10:00,1.265,140,603
1981-11-09T00:00:00.000+10:00,1.165,140,603
1981-11-10T00:00:00.000+10:00,1.125,140,603
1981-11-11T00:00:00.000+10:00,1.074,140,603
1981-11-12T00:00:00.000+10:00,1.034,140,603
1981-11-13T00:00:00.000+10:00,1.010,140,603
1981-11-14T00:00:00.000+10:00,1.003,140,603
1981-11-15T00:00:00.000+10:00,0.979,140,603
1981-11-16T00:00:00.000+10:00,0.962,140,603
1981-11-17T00:00:00.000+10:00,0.907,140,603
1981-11-18T00:00:00.000+10:00,0.897,140,603
1981-11-19T00:00:00.000+10:00,0.888,140,603
1981-11-20T00:00:00.000+10:00,0.873,140,603
1981-11-21T00:00:00.000+10:00,0.900,140,603
1981-11-22T00:00:00.000+10:00,0.888,140,603
1981-11-23T00:00:00.000+10:00,0.918,140,603
1981-11-24T00:00:00.000+10:00,0.877,140,603
1981-11-25T00:00:00.000+10:00,0.847,140,603
1981-11-26T00:00:00.000+10:00,0.859,140,603
1981-11-27T00:00:00.000+10:00,0.850,140,603
1981-11-28T00:00:00.000+10:00,0.911,140,603
1981-11-29T00:00:00.000+10:00,0.875,140,603
1981-11-30T00:00:00.000+10:00,0.806,140,603
1981-12-01T00:00:00.000+10:00,0.800,140,603
1981-12-02T00:00:00.000+10:00,0.952,140,603
1981-12-03T00:00:00.000+10:00,0.976,140,603
1981-12-04T00:00:00.000+10:00,1.100,140,603
1981-12-05T00:00:00.000+10:00,1.014,140,603
1981-12-06T00:00:00.000+10:00,1.018,140,603
1981-12-07T00:00:00.000+10:00,0.989,140,603
1981-12-08T00:00:00.000+10:00,0.867,140,603
1981-12-09T00:00:00.000+10:00,0.793,140,603
1981-12-10T00:00:00.000+10:00,0.737,140,603
1981-12-11T00:00:00.000+10:00,0.706,140,603
1981-12-12T00:00:00.000+10:00,0.694,140,603
1981-12-13T00:00:00.000+10:00,0.667,140,603
1981-12-14T00:00:00.000+10:00,0.674,140,603
1981-12-15T00:00:00.000+10:00,0.712,140,603
1981-12-16T00:00:00.000+10:00,0.750,140,603
1981-12-17T00:00:00.000+10:00,0.859,140,603
1981-12-18T00:00:00.000+10:00,0.869,140,603
1981-12-19T00:00:00.000+10:00,0.868,140,603
1981-12-20T00:00:00.000+10:00,0.865,140,603
1981-12-21T00:00:00.000+10:00,0.883,140,603
1981-12-22T00:00:00.000+10:00,0.892,140,603
1981-12-23T00:00:00.000+10:00,0.909,140,603
1981-12-24T00:00:00.000+10:00,0.899,140,603
1981-12-25T00:00:00.000+10:00,1.048,140,603
1981-12-26T00:00:00.000+10:00,1.412,140,603
1981-12-27T00:00:00.000+10:00,1.132,140,603
1981-12-28T00:00:00.000+10:00,1.010,140,603
1981-12-29T00:00:00.000+10:00,1.095,140,603
1981-12-30T00:00:00.000+10:00,1.093,140,603
1981-12-31T00:00:00.000+10:00,1.031,140,603
1982-01-01T00:00:00.000+10:00,1.016,140,603
1982-01-02T00:00:00.000+10:00,1.005,140,603
1982-01-03T00:00:00.000+10:00,0.996,140,603
1982-01-04T00:00:00.000+10:00,0.972,140,603
1982-01-05T00:00:00.000+10:00,0.952,140,603
1982-01-06T00:00:00.000+10:00,0.943,140,603
1982-01-07T00:00:00.000+10:00,0.929,140,603
1982-01-08T00:00:00.000+10:00,0.926,140,603
1982-01-09T00:00:00.000+10:00,0.885,140,603
1982-01-10T00:00:00.000+10:00,0.896,140,603
1982-01-11T00:00:00.000+10:00,0.866,140,603
1982-01-12T00:00:00.000+10:00,0.844,140,603
1982-01-13T00:00:00.000+10:00,0.804,140,603
1982-01-14T00:00:00.000+10:00,0.780,140,603
1982-01-15T00:00:00.000+10:00,0.767,140,603
1982-01-16T00:00:00.000+10:00,0.794,140,603
1982-01-17T00:00:00.000+10:00,1.054,140,603
1982-01-18T00:00:00.000+10:00,1.314,140,603
1982-01-19T00:00:00.000+10:00,5.870,140,603
1982-01-20T00:00:00.000+10:00,6.961,140,603
1982-01-21T00:00:00.000+10:00,7.793,140,603
1982-01-22T00:00:00.000+10:00,7.576,140,603
1982-01-23T00:00:00.000+10:00,4.955,140,603
1982-01-24T00:00:00.000+10:00,2.821,140,603
1982-01-25T00:00:00.000+10:00,2.243,140,603
1982-01-26T00:00:00.000+10:00,1.971,140,603
1982-01-27T00:00:00.000+10:00,1.848,140,603
1982-01-28T00:00:00.000+10:00,1.723,140,603
1982-01-29T00:00:00.000+10:00,1.625,140,603
1982-01-30T00:00:00.000+10:00,1.565,140,603
1982-01-31T00:00:00.000+10:00,1.514,140,603
1982-02-01T00:00:00.000+10:00,1.456,140,603
1982-02-02T00:00:00.000+10:00,1.424,140,603
1982-02-03T00:00:00.000+10:00,1.378,140,603
1982-02-04T00:00:00.000+10:00,1.355,140,603
1982-02-05T00:00:00.000+10:00,1.370,140,603
1982-02-06T00:00:00.000+10:00,1.348,140,603
1982-02-07T00:00:00.000+10:00,1.326,140,603
1982-02-08T00:00:00.000+10:00,1.315,140,603
1982-02-09T00:00:00.000+10:00,1.296,140,603
1982-02-10T00:00:00.000+10:00,1.257,140,603
1982-02-11T00:00:00.000+10:00,1.236,140,603
1982-02-12T00:00:00.000+10:00,1.212,140,603
1982-02-13T00:00:00.000+10:00,1.196,140,603
1982-02-14T00:00:00.000+10:00,1.186,140,603
1982-02-15T00:00:00.000+10:00,1.181,140,603
1982-02-16T00:00:00.000+10:00,1.162,140,603
1982-02-17T00:00:00.000+10:00,1.148,140,603
1982-02-18T00:00:00.000+10:00,1.156,140,603
1982-02-19T00:00:00.000+10:00,1.129,140,603
1982-02-20T00:00:00.000+10:00,1.133,140,603
1982-02-21T00:00:00.000+10:00,1.118,140,603
1982-02-22T00:00:00.000+10:00,1.122,140,603
1982-02-23T00:00:00.000+10:00,1.090,140,603
1982-02-24T00:00:00.000+10:00,1.175,140,603
1982-02-25T00:00:00.000+10:00,1.425,140,603
1982-02-26T00:00:00.000+10:00,1.348,140,603
1982-02-27T00:00:00.000+10:00,1.276,140,603
1982-02-28T00:00:00.000+10:00,1.332,140,603
1982-03-01T00:00:00.000+10:00,1.270,140,603
1982-03-02T00:00:00.000+10:00,1.228,140,603
1982-03-03T00:00:00.000+10:00,1.247,140,603
1982-03-04T00:00:00.000+10:00,1.901,140,603
1982-03-05T00:00:00.000+10:00,4.302,140,603
1982-03-06T00:00:00.000+10:00,5.519,140,603
1982-03-07T00:00:00.000+10:00,4.971,140,603
1982-03-08T00:00:00.000+10:00,2.903,140,603
1982-03-09T00:00:00.000+10:00,2.192,140,603
1982-03-10T00:00:00.000+10:00,2.843,140,603
1982-03-11T00:00:00.000+10:00,3.045,140,603
1982-03-12T00:00:00.000+10:00,2.839,140,603
1982-03-13T00:00:00.000+10:00,2.091,140,603
1982-03-14T00:00:00.000+10:00,2.004,140,603
1982-03-15T00:00:00.000+10:00,2.822,140,603
1982-03-16T00:00:00.000+10:00,3.574,140,603
1982-03-17T00:00:00.000+10:00,3.850,140,603
1982-03-18T00:00:00.000+10:00,3.041,140,603
1982-03-19T00:00:00.000+10:00,2.446,140,603
1982-03-20T00:00:00.000+10:00,2.166,140,603
1982-03-21T00:00:00.000+10:00,1.978,140,603
1982-03-22T00:00:00.000+10:00,1.891,140,603
1982-03-23T00:00:00.000+10:00,1.780,140,603
1982-03-24T00:00:00.000+10:00,1.691,140,603
1982-03-25T00:00:00.000+10:00,1.611,140,603
1982-03-26T00:00:00.000+10:00,1.551,140,603
1982-03-27T00:00:00.000+10:00,1.504,140,603
1982-03-28T00:00:00.000+10:00,1.536,140,603
1982-03-29T00:00:00.000+10:00,1.447,140,603
1982-03-30T00:00:00.000+10:00,1.401,140,603
1982-03-31T00:00:00.000+10:00,1.370,140,603
1982-04-01T00:00:00.000+10:00,1.355,140,603
1982-04-02T00:00:00.000+10:00,1.340,140,603
1982-04-03T00:00:00.000+10:00,1.331,140,603
1982-04-04T00:00:00.000+10:00,1.714,140,603
1982-04-05T00:00:00.000+10:00,2.395,140,603
1982-04-06T00:00:00.000+10:00,1.421,140,603
1982-04-07T00:00:00.000+10:00,1.333,140,603
1982-04-08T00:00:00.000+10:00,1.307,140,603
1982-04-09T00:00:00.000+10:00,1.281,140,603
1982-04-10T00:00:00.000+10:00,1.247,140,603
1982-04-11T00:00:00.000+10:00,1.225,140,603
1982-04-12T00:00:00.000+10:00,1.210,140,603
1982-04-13T00:00:00.000+10:00,1.211,140,603
1982-04-14T00:00:00.000+10:00,1.210,140,603
1982-04-15T00:00:00.000+10:00,1.218,140,603
1982-04-16T00:00:00.000+10:00,1.270,140,603
1982-04-17T00:00:00.000+10:00,1.395,140,603
1982-04-18T00:00:00.000+10:00,1.920,140,603
1982-04-19T00:00:00.000+10:00,1.427,140,603
1982-04-20T00:00:00.000+10:00,1.598,140,603
1982-04-21T00:00:00.000+10:00,1.556,140,603
1982-04-22T00:00:00.000+10:00,1.348,140,603
1982-04-23T00:00:00.000+10:00,1.271,140,603
1982-04-24T00:00:00.000+10:00,1.195,140,603
1982-04-25T00:00:00.000+10:00,1.197,140,603
1982-04-26T00:00:00.000+10:00,1.183,140,603
1982-04-27T00:00:00.000+10:00,1.185,140,603
1982-04-28T00:00:00.000+10:00,1.173,140,603
1982-04-29T00:00:00.000+10:00,1.154,140,603
1982-04-30T00:00:00.000+10:00,1.148,140,603
1982-05-01T00:00:00.000+10:00,1.136,140,603
1982-05-02T00:00:00.000+10:00,1.128,140,603
1982-05-03T00:00:00.000+10:00,1.116,140,603
1982-05-04T00:00:00.000+10:00,1.114,140,603
1982-05-05T00:00:00.000+10:00,1.110,140,603
1982-05-06T00:00:00.000+10:00,1.109,140,603
1982-05-07T00:00:00.000+10:00,1.094,140,603
1982-05-08T00:00:00.000+10:00,1.079,140,603
1982-05-09T00:00:00.000+10:00,1.076,140,603
1982-05-10T00:00:00.000+10:00,1.070,140,603
1982-05-11T00:00:00.000+10:00,1.061,140,603
1982-05-12T00:00:00.000+10:00,1.047,140,603
1982-05-13T00:00:00.000+10:00,1.048,140,603
1982-05-14T00:00:00.000+10:00,1.045,140,603
1982-05-15T00:00:00.000+10:00,1.041,140,603
1982-05-16T00:00:00.000+10:00,1.041,140,603
1982-05-17T00:00:00.000+10:00,1.040,140,603
1982-05-18T00:00:00.000+10:00,1.038,140,603
1982-05-19T00:00:00.000+10:00,1.026,140,603
1982-05-20T00:00:00.000+10:00,1.025,140,603
1982-05-21T00:00:00.000+10:00,1.024,140,603
1982-05-22T00:00:00.000+10:00,1.017,140,603
1982-05-23T00:00:00.000+10:00,1.000,140,603
1982-05-24T00:00:00.000+10:00,0.991,140,603
1982-05-25T00:00:00.000+10:00,0.970,140,603
1982-05-26T00:00:00.000+10:00,0.959,140,603
1982-05-27T00:00:00.000+10:00,0.958,140,603
1982-05-28T00:00:00.000+10:00,0.951,140,603
1982-05-29T00:00:00.000+10:00,0.973,140,603
1982-05-30T00:00:00.000+10:00,1.044,140,603
1982-05-31T00:00:00.000+10:00,1.042,140,603
1982-06-01T00:00:00.000+10:00,1.038,140,603
1982-06-02T00:00:00.000+10:00,1.031,140,603
1982-06-03T00:00:00.000+10:00,1.001,140,603
1982-06-04T00:00:00.000+10:00,0.966,140,603
1982-06-05T00:00:00.000+10:00,0.914,140,603
1982-06-06T00:00:00.000+10:00,0.919,140,603
1982-06-07T00:00:00.000+10:00,0.917,140,603
1982-06-08T00:00:00.000+10:00,0.901,140,603
1982-06-09T00:00:00.000+10:00,0.885,140,603
1982-06-10T00:00:00.000+10:00,0.875,140,603
1982-06-11T00:00:00.000+10:00,0.874,140,603
1982-06-12T00:00:00.000+10:00,0.866,140,603
1982-06-13T00:00:00.000+10:00,0.863,140,603
1982-06-14T00:00:00.000+10:00,0.873,140,603
1982-06-15T00:00:00.000+10:00,0.947,140,603
1982-06-16T00:00:00.000+10:00,0.915,140,603
1982-06-17T00:00:00.000+10:00,0.875,140,603
1982-06-18T00:00:00.000+10:00,0.855,140,603
1982-06-19T00:00:00.000+10:00,0.850,140,603
1982-06-20T00:00:00.000+10:00,0.833,140,603
1982-06-21T00:00:00.000+10:00,0.828,140,603
1982-06-22T00:00:00.000+10:00,0.822,140,603
1982-06-23T00:00:00.000+10:00,0.807,140,603
1982-06-24T00:00:00.000+10:00,0.793,140,603
1982-06-25T00:00:00.000+10:00,0.776,140,603
1982-06-26T00:00:00.000+10:00,0.780,140,603
1982-06-27T00:00:00.000+10:00,0.765,140,603
1982-06-28T00:00:00.000+10:00,0.772,140,603
1982-06-29T00:00:00.000+10:00,0.788,140,603
1982-06-30T00:00:00.000+10:00,0.750,140,603
1982-07-01T00:00:00.000+10:00,0.765,140,603
1982-07-02T00:00:00.000+10:00,0.746,140,603
1982-07-03T00:00:00.000+10:00,0.741,140,603
1982-07-04T00:00:00.000+10:00,0.737,140,603
1982-07-05T00:00:00.000+10:00,0.728,140,603
1982-07-06T00:00:00.000+10:00,0.748,140,603
1982-07-07T00:00:00.000+10:00,0.719,140,603
1982-07-08T00:00:00.000+10:00,0.720,140,603
1982-07-09T00:00:00.000+10:00,0.711,140,603
1982-07-10T00:00:00.000+10:00,0.707,140,603
1982-07-11T00:00:00.000+10:00,0.705,140,603
1982-07-12T00:00:00.000+10:00,0.697,140,603
1982-07-13T00:00:00.000+10:00,0.699,140,603
1982-07-14T00:00:00.000+10:00,0.704,140,603
1982-07-15T00:00:00.000+10:00,0.710,140,603
1982-07-16T00:00:00.000+10:00,0.699,140,603
1982-07-17T00:00:00.000+10:00,0.755,140,603
1982-07-18T00:00:00.000+10:00,0.865,140,603
1982-07-19T00:00:00.000+10:00,0.828,140,603
1982-07-20T00:00:00.000+10:00,0.793,140,603
1982-07-21T00:00:00.000+10:00,0.739,140,603
1982-07-22T00:00:00.000+10:00,0.756,140,603
1982-07-23T00:00:00.000+10:00,0.739,140,603
1982-07-24T00:00:00.000+10:00,0.723,140,603
1982-07-25T00:00:00.000+10:00,0.734,140,603
1982-07-26T00:00:00.000+10:00,0.734,140,603
1982-07-27T00:00:00.000+10:00,0.740,140,603
1982-07-28T00:00:00.000+10:00,0.740,140,603
1982-07-29T00:00:00.000+10:00,0.726,140,603
1982-07-30T00:00:00.000+10:00,0.711,140,603
1982-07-31T00:00:00.000+10:00,0.698,140,603
1982-08-01T00:00:00.000+10:00,0.690,140,603
1982-08-02T00:00:00.000+10:00,0.693,140,603
1982-08-03T00:00:00.000+10:00,0.678,140,603
1982-08-04T00:00:00.000+10:00,0.680,140,603
1982-08-05T00:00:00.000+10:00,0.674,140,603
1982-08-06T00:00:00.000+10:00,0.680,140,603
1982-08-07T00:00:00.000+10:00,0.641,140,603
1982-08-08T00:00:00.000+10:00,0.665,140,603
1982-08-09T00:00:00.000+10:00,0.680,140,603
1982-08-10T00:00:00.000+10:00,0.715,140,603
1982-08-11T00:00:00.000+10:00,0.676,140,603
1982-08-12T00:00:00.000+10:00,0.685,140,603
1982-08-13T00:00:00.000+10:00,0.693,140,603
1982-08-14T00:00:00.000+10:00,0.690,140,603
1982-08-15T00:00:00.000+10:00,0.648,140,603
1982-08-16T00:00:00.000+10:00,0.674,140,603
1982-08-17T00:00:00.000+10:00,0.696,140,603
1982-08-18T00:00:00.000+10:00,0.682,140,603
1982-08-19T00:00:00.000+10:00,0.682,140,603
1982-08-20T00:00:00.000+10:00,0.683,140,603
1982-08-21T00:00:00.000+10:00,0.764,140,603
1982-08-22T00:00:00.000+10:00,0.789,140,603
1982-08-23T00:00:00.000+10:00,0.798,140,603
1982-08-24T00:00:00.000+10:00,0.735,140,603
1982-08-25T00:00:00.000+10:00,0.711,140,603
1982-08-26T00:00:00.000+10:00,0.698,140,603
1982-08-27T00:00:00.000+10:00,0.690,140,603
1982-08-28T00:00:00.000+10:00,0.672,140,603
1982-08-29T00:00:00.000+10:00,0.658,140,603
1982-08-30T00:00:00.000+10:00,0.677,140,603
1982-08-31T00:00:00.000+10:00,0.664,140,603
1982-09-01T00:00:00.000+10:00,0.653,140,603
1982-09-02T00:00:00.000+10:00,0.644,140,603
1982-09-03T00:00:00.000+10:00,0.639,140,603
1982-09-04T00:00:00.000+10:00,0.638,140,603
1982-09-05T00:00:00.000+10:00,0.639,140,603
1982-09-06T00:00:00.000+10:00,0.617,140,603
1982-09-07T00:00:00.000+10:00,0.624,140,603
1982-09-08T00:00:00.000+10:00,0.613,140,603
1982-09-09T00:00:00.000+10:00,0.610,140,603
1982-09-10T00:00:00.000+10:00,0.596,140,603
1982-09-11T00:00:00.000+10:00,0.582,140,603
1982-09-12T00:00:00.000+10:00,0.557,140,603
1982-09-13T00:00:00.000+10:00,0.561,140,603
1982-09-14T00:00:00.000+10:00,0.593,140,603
1982-09-15T00:00:00.000+10:00,0.570,140,603
1982-09-16T00:00:00.000+10:00,0.572,140,603
1982-09-17T00:00:00.000+10:00,0.571,140,603
1982-09-18T00:00:00.000+10:00,0.568,140,603
1982-09-19T00:00:00.000+10:00,0.567,140,603
1982-09-20T00:00:00.000+10:00,0.572,140,603
1982-09-21T00:00:00.000+10:00,0.689,140,603
1982-09-22T00:00:00.000+10:00,0.864,140,603
1982-09-23T00:00:00.000+10:00,0.908,140,603
1982-09-24T00:00:00.000+10:00,1.443,140,603
1982-09-25T00:00:00.000+10:00,1.486,140,603
1982-09-26T00:00:00.000+10:00,1.316,140,603
1982-09-27T00:00:00.000+10:00,1.210,140,603
1982-09-28T00:00:00.000+10:00,1.116,140,603
1982-09-29T00:00:00.000+10:00,1.027,140,603
1982-09-30T00:00:00.000+10:00,0.988,140,603
1982-10-01T00:00:00.000+10:00,0.910,140,603
1982-10-02T00:00:00.000+10:00,0.853,140,603
1982-10-03T00:00:00.000+10:00,0.836,140,603
1982-10-04T00:00:00.000+10:00,0.817,140,603
1982-10-05T00:00:00.000+10:00,0.787,140,603
1982-10-06T00:00:00.000+10:00,0.774,140,603
1982-10-07T00:00:00.000+10:00,0.756,140,603
1982-10-08T00:00:00.000+10:00,0.730,140,603
1982-10-09T00:00:00.000+10:00,0.722,140,603
1982-10-10T00:00:00.000+10:00,0.768,140,603
1982-10-11T00:00:00.000+10:00,2.261,140,603
1982-10-12T00:00:00.000+10:00,5.704,140,603
1982-10-13T00:00:00.000+10:00,6.953,140,603
1982-10-14T00:00:00.000+10:00,7.471,140,603
1982-10-15T00:00:00.000+10:00,4.533,140,603
1982-10-16T00:00:00.000+10:00,2.593,140,603
1982-10-17T00:00:00.000+10:00,2.218,140,603
1982-10-18T00:00:00.000+10:00,1.984,140,603
1982-10-19T00:00:00.000+10:00,1.798,140,603
1982-10-20T00:00:00.000+10:00,1.649,140,603
1982-10-21T00:00:00.000+10:00,1.534,140,603
1982-10-22T00:00:00.000+10:00,1.450,140,603
1982-10-23T00:00:00.000+10:00,1.384,140,603
1982-10-24T00:00:00.000+10:00,1.338,140,603
1982-10-25T00:00:00.000+10:00,1.293,140,603
1982-10-26T00:00:00.000+10:00,1.247,140,603
1982-10-27T00:00:00.000+10:00,1.172,140,603
1982-10-28T00:00:00.000+10:00,1.174,140,603
1982-10-29T00:00:00.000+10:00,1.179,140,603
1982-10-30T00:00:00.000+10:00,1.146,140,603
1982-10-31T00:00:00.000+10:00,1.147,140,603
1982-11-01T00:00:00.000+10:00,1.242,140,603
1982-11-02T00:00:00.000+10:00,1.262,140,603
1982-11-03T00:00:00.000+10:00,1.209,140,603
1982-11-04T00:00:00.000+10:00,1.209,140,603
1982-11-05T00:00:00.000+10:00,1.187,140,603
1982-11-06T00:00:00.000+10:00,1.153,140,603
1982-11-07T00:00:00.000+10:00,1.111,140,603
1982-11-08T00:00:00.000+10:00,1.081,140,603
1982-11-09T00:00:00.000+10:00,1.067,140,603
1982-11-10T00:00:00.000+10:00,1.068,140,603
1982-11-11T00:00:00.000+10:00,1.052,140,603
1982-11-12T00:00:00.000+10:00,1.079,140,603
1982-11-13T00:00:00.000+10:00,1.084,140,603
1982-11-14T00:00:00.000+10:00,1.084,140,603
1982-11-15T00:00:00.000+10:00,1.075,140,603
1982-11-16T00:00:00.000+10:00,1.073,140,603
1982-11-17T00:00:00.000+10:00,1.062,140,603
1982-11-18T00:00:00.000+10:00,1.043,140,603
1982-11-19T00:00:00.000+10:00,1.008,140,603
1982-11-20T00:00:00.000+10:00,0.987,140,603
1982-11-21T00:00:00.000+10:00,0.973,140,603
1982-11-22T00:00:00.000+10:00,0.960,140,603
1982-11-23T00:00:00.000+10:00,0.934,140,603
1982-11-24T00:00:00.000+10:00,0.910,140,603
1982-11-25T00:00:00.000+10:00,0.910,140,603
1982-11-26T00:00:00.000+10:00,0.938,140,603
1982-11-27T00:00:00.000+10:00,0.889,140,603
1982-11-28T00:00:00.000+10:00,0.857,140,603
1982-11-29T00:00:00.000+10:00,0.840,140,603
1982-11-30T00:00:00.000+10:00,0.852,140,603
1982-12-01T00:00:00.000+10:00,0.835,140,603
1982-12-02T00:00:00.000+10:00,0.837,140,603
1982-12-03T00:00:00.000+10:00,0.897,140,603
1982-12-04T00:00:00.000+10:00,0.943,140,603
1982-12-05T00:00:00.000+10:00,0.934,140,603
1982-12-06T00:00:00.000+10:00,0.967,140,603
1982-12-07T00:00:00.000+10:00,0.883,140,603
1982-12-08T00:00:00.000+10:00,0.837,140,603
1982-12-09T00:00:00.000+10:00,0.812,140,603
1982-12-10T00:00:00.000+10:00,0.781,140,603
1982-12-11T00:00:00.000+10:00,0.914,140,603
1982-12-12T00:00:00.000+10:00,0.838,140,603
1982-12-13T00:00:00.000+10:00,0.773,140,603
1982-12-14T00:00:00.000+10:00,0.863,140,603
1982-12-15T00:00:00.000+10:00,0.843,140,603
1982-12-16T00:00:00.000+10:00,0.806,140,603
1982-12-17T00:00:00.000+10:00,0.792,140,603
1982-12-18T00:00:00.000+10:00,0.781,140,603
1982-12-19T00:00:00.000+10:00,0.886,140,603
1982-12-20T00:00:00.000+10:00,1.088,140,603
1982-12-21T00:00:00.000+10:00,1.022,140,603
1982-12-22T00:00:00.000+10:00,1.008,140,603
1982-12-23T00:00:00.000+10:00,1.007,140,603
1982-12-24T00:00:00.000+10:00,1.007,140,603
1982-12-25T00:00:00.000+10:00,1.006,140,603
1982-12-26T00:00:00.000+10:00,1.014,140,603
1982-12-27T00:00:00.000+10:00,1.016,140,603
1982-12-28T00:00:00.000+10:00,1.041,140,603
1982-12-29T00:00:00.000+10:00,1.251,140,603
1982-12-30T00:00:00.000+10:00,1.169,140,603
1982-12-31T00:00:00.000+10:00,1.403,140,603
1983-01-01T00:00:00.000+10:00,1.525,140,603
1983-01-02T00:00:00.000+10:00,1.729,140,603
1983-01-03T00:00:00.000+10:00,4.091,140,603
1983-01-04T00:00:00.000+10:00,2.709,140,603
1983-01-05T00:00:00.000+10:00,2.318,140,603
1983-01-06T00:00:00.000+10:00,1.862,140,603
1983-01-07T00:00:00.000+10:00,1.633,140,603
1983-01-08T00:00:00.000+10:00,1.479,140,603
1983-01-09T00:00:00.000+10:00,1.376,140,603
1983-01-10T00:00:00.000+10:00,1.356,140,603
1983-01-11T00:00:00.000+10:00,1.290,140,603
1983-01-12T00:00:00.000+10:00,1.213,140,603
1983-01-13T00:00:00.000+10:00,1.209,140,603
1983-01-14T00:00:00.000+10:00,1.189,140,603
1983-01-15T00:00:00.000+10:00,1.168,140,603
1983-01-16T00:00:00.000+10:00,1.150,140,603
1983-01-17T00:00:00.000+10:00,1.146,140,603
1983-01-18T00:00:00.000+10:00,1.114,140,603
1983-01-19T00:00:00.000+10:00,1.084,140,603
1983-01-20T00:00:00.000+10:00,1.075,140,603
1983-01-21T00:00:00.000+10:00,1.070,140,603
1983-01-22T00:00:00.000+10:00,1.059,140,603
1983-01-23T00:00:00.000+10:00,1.052,140,603
1983-01-24T00:00:00.000+10:00,1.047,140,603
1983-01-25T00:00:00.000+10:00,1.046,140,603
1983-01-26T00:00:00.000+10:00,1.042,140,603
1983-01-27T00:00:00.000+10:00,1.034,140,603
1983-01-28T00:00:00.000+10:00,1.023,140,603
1983-01-29T00:00:00.000+10:00,1.021,140,603
1983-01-30T00:00:00.000+10:00,1.018,140,603
1983-01-31T00:00:00.000+10:00,1.015,140,603
1983-02-01T00:00:00.000+10:00,1.006,140,603
1983-02-02T00:00:00.000+10:00,0.999,140,603
1983-02-03T00:00:00.000+10:00,0.977,140,603
1983-02-04T00:00:00.000+10:00,0.934,140,603
1983-02-05T00:00:00.000+10:00,0.921,140,603
1983-02-06T00:00:00.000+10:00,0.901,140,603
1983-02-07T00:00:00.000+10:00,0.896,140,603
1983-02-08T00:00:00.000+10:00,0.879,140,603
1983-02-09T00:00:00.000+10:00,0.864,140,603
1983-02-10T00:00:00.000+10:00,0.853,140,603
1983-02-11T00:00:00.000+10:00,0.849,140,603
1983-02-12T00:00:00.000+10:00,0.836,140,603
1983-02-13T00:00:00.000+10:00,0.813,140,603
1983-02-14T00:00:00.000+10:00,0.850,140,603
1983-02-15T00:00:00.000+10:00,0.899,140,603
1983-02-16T00:00:00.000+10:00,0.898,140,603
1983-02-17T00:00:00.000+10:00,0.885,140,603
1983-02-18T00:00:00.000+10:00,0.839,140,603
1983-02-19T00:00:00.000+10:00,0.799,140,603
1983-02-20T00:00:00.000+10:00,0.791,140,603
1983-02-21T00:00:00.000+10:00,0.848,140,603
1983-02-22T00:00:00.000+10:00,0.867,140,603
1983-02-23T00:00:00.000+10:00,0.874,140,603
1983-02-24T00:00:00.000+10:00,0.961,140,603
1983-02-25T00:00:00.000+10:00,1.587,140,603
1983-02-26T00:00:00.000+10:00,1.434,140,603
1983-02-27T00:00:00.000+10:00,1.911,140,603
1983-02-28T00:00:00.000+10:00,1.630,140,603
1983-03-01T00:00:00.000+10:00,1.833,140,603
1983-03-02T00:00:00.000+10:00,1.679,140,603
1983-03-03T00:00:00.000+10:00,1.483,140,603
1983-03-04T00:00:00.000+10:00,1.365,140,603
1983-03-05T00:00:00.000+10:00,1.291,140,603
1983-03-06T00:00:00.000+10:00,1.221,140,603
1983-03-07T00:00:00.000+10:00,1.186,140,603
1983-03-08T00:00:00.000+10:00,1.132,140,603
1983-03-09T00:00:00.000+10:00,1.058,140,603
1983-03-10T00:00:00.000+10:00,1.024,140,603
1983-03-11T00:00:00.000+10:00,0.981,140,603
1983-03-12T00:00:00.000+10:00,0.952,140,603
1983-03-13T00:00:00.000+10:00,0.927,140,603
1983-03-14T00:00:00.000+10:00,0.914,140,603
1983-03-15T00:00:00.000+10:00,0.895,140,603
1983-03-16T00:00:00.000+10:00,0.878,140,603
1983-03-17T00:00:00.000+10:00,0.963,140,603
1983-03-18T00:00:00.000+10:00,1.164,140,603
1983-03-19T00:00:00.000+10:00,1.708,140,603
1983-03-20T00:00:00.000+10:00,2.396,140,603
1983-03-21T00:00:00.000+10:00,4.087,140,603
1983-03-22T00:00:00.000+10:00,5.190,140,603
1983-03-23T00:00:00.000+10:00,6.256,140,603
1983-03-24T00:00:00.000+10:00,4.516,140,603
1983-03-25T00:00:00.000+10:00,2.610,140,603
1983-03-26T00:00:00.000+10:00,2.124,140,603
1983-03-27T00:00:00.000+10:00,1.898,140,603
1983-03-28T00:00:00.000+10:00,1.794,140,603
1983-03-29T00:00:00.000+10:00,1.715,140,603
1983-03-30T00:00:00.000+10:00,1.698,140,603
1983-03-31T00:00:00.000+10:00,1.597,140,603
1983-04-01T00:00:00.000+10:00,1.511,140,603
1983-04-02T00:00:00.000+10:00,1.454,140,603
1983-04-03T00:00:00.000+10:00,1.384,140,603
1983-04-04T00:00:00.000+10:00,1.370,140,603
1983-04-05T00:00:00.000+10:00,1.379,140,603
1983-04-06T00:00:00.000+10:00,1.355,140,603
1983-04-07T00:00:00.000+10:00,1.329,140,603
1983-04-08T00:00:00.000+10:00,1.285,140,603
1983-04-09T00:00:00.000+10:00,1.240,140,603
1983-04-10T00:00:00.000+10:00,1.220,140,603
1983-04-11T00:00:00.000+10:00,1.205,140,603
1983-04-12T00:00:00.000+10:00,1.202,140,603
1983-04-13T00:00:00.000+10:00,1.365,140,603
1983-04-14T00:00:00.000+10:00,1.692,140,603
1983-04-15T00:00:00.000+10:00,1.496,140,603
1983-04-16T00:00:00.000+10:00,1.451,140,603
1983-04-17T00:00:00.000+10:00,1.405,140,603
1983-04-18T00:00:00.000+10:00,1.359,140,603
1983-04-19T00:00:00.000+10:00,1.316,140,603
1983-04-20T00:00:00.000+10:00,1.270,140,603
1983-04-21T00:00:00.000+10:00,1.228,140,603
1983-04-22T00:00:00.000+10:00,1.206,140,603
1983-04-23T00:00:00.000+10:00,1.194,140,603
1983-04-24T00:00:00.000+10:00,1.188,140,603
1983-04-25T00:00:00.000+10:00,1.184,140,603
1983-04-26T00:00:00.000+10:00,1.182,140,603
1983-04-27T00:00:00.000+10:00,1.160,140,603
1983-04-28T00:00:00.000+10:00,1.430,140,603
1983-04-29T00:00:00.000+10:00,3.925,140,603
1983-04-30T00:00:00.000+10:00,4.314,140,603
1983-05-01T00:00:00.000+10:00,4.646,140,603
1983-05-02T00:00:00.000+10:00,6.210,140,603
1983-05-03T00:00:00.000+10:00,6.898,140,603
1983-05-04T00:00:00.000+10:00,6.663,140,603
1983-05-05T00:00:00.000+10:00,4.751,140,603
1983-05-06T00:00:00.000+10:00,3.115,140,603
1983-05-07T00:00:00.000+10:00,2.500,140,603
1983-05-08T00:00:00.000+10:00,2.190,140,603
1983-05-09T00:00:00.000+10:00,1.991,140,603
1983-05-10T00:00:00.000+10:00,1.848,140,603
1983-05-11T00:00:00.000+10:00,1.741,140,603
1983-05-12T00:00:00.000+10:00,1.663,140,603
1983-05-13T00:00:00.000+10:00,1.593,140,603
1983-05-14T00:00:00.000+10:00,1.549,140,603
1983-05-15T00:00:00.000+10:00,1.526,140,603
1983-05-16T00:00:00.000+10:00,1.541,140,603
1983-05-17T00:00:00.000+10:00,1.540,140,603
1983-05-18T00:00:00.000+10:00,1.511,140,603
1983-05-19T00:00:00.000+10:00,1.473,140,603
1983-05-20T00:00:00.000+10:00,1.447,140,603
1983-05-21T00:00:00.000+10:00,2.194,140,603
1983-05-22T00:00:00.000+10:00,2.584,140,603
1983-05-23T00:00:00.000+10:00,2.680,140,603
1983-05-24T00:00:00.000+10:00,2.586,140,603
1983-05-25T00:00:00.000+10:00,2.503,140,603
1983-05-26T00:00:00.000+10:00,2.427,140,603
1983-05-27T00:00:00.000+10:00,2.221,140,603
1983-05-28T00:00:00.000+10:00,2.830,140,603
1983-05-29T00:00:00.000+10:00,2.680,140,603
1983-05-30T00:00:00.000+10:00,2.368,140,603
1983-05-31T00:00:00.000+10:00,1.970,140,603
1983-06-01T00:00:00.000+10:00,1.793,140,603
1983-06-02T00:00:00.000+10:00,1.685,140,603
1983-06-03T00:00:00.000+10:00,1.603,140,603
1983-06-04T00:00:00.000+10:00,1.571,140,603
1983-06-05T00:00:00.000+10:00,1.878,140,603
1983-06-06T00:00:00.000+10:00,2.948,140,603
1983-06-07T00:00:00.000+10:00,2.996,140,603
1983-06-08T00:00:00.000+10:00,2.551,140,603
1983-06-09T00:00:00.000+10:00,2.218,140,603
1983-06-10T00:00:00.000+10:00,1.995,140,603
1983-06-11T00:00:00.000+10:00,1.847,140,603
1983-06-12T00:00:00.000+10:00,1.727,140,603
1983-06-13T00:00:00.000+10:00,1.660,140,603
1983-06-14T00:00:00.000+10:00,1.582,140,603
1983-06-15T00:00:00.000+10:00,1.504,140,603
1983-06-16T00:00:00.000+10:00,1.493,140,603
1983-06-17T00:00:00.000+10:00,1.472,140,603
1983-06-18T00:00:00.000+10:00,1.606,140,603
1983-06-19T00:00:00.000+10:00,1.794,140,603
1983-06-20T00:00:00.000+10:00,1.974,140,603
1983-06-21T00:00:00.000+10:00,2.204,140,603
1983-06-22T00:00:00.000+10:00,3.517,140,603
1983-06-23T00:00:00.000+10:00,3.910,140,603
1983-06-24T00:00:00.000+10:00,3.286,140,603
1983-06-25T00:00:00.000+10:00,2.394,140,603
1983-06-26T00:00:00.000+10:00,2.057,140,603
1983-06-27T00:00:00.000+10:00,1.870,140,603
1983-06-28T00:00:00.000+10:00,1.746,140,603
1983-06-29T00:00:00.000+10:00,1.673,140,603
1983-06-30T00:00:00.000+10:00,1.602,140,603
1983-07-01T00:00:00.000+10:00,1.550,140,603
1983-07-02T00:00:00.000+10:00,1.514,140,603
1983-07-03T00:00:00.000+10:00,1.466,140,603
1983-07-04T00:00:00.000+10:00,1.411,140,603
1983-07-05T00:00:00.000+10:00,1.390,140,603
1983-07-06T00:00:00.000+10:00,1.446,140,603
1983-07-07T00:00:00.000+10:00,1.494,140,603
1983-07-08T00:00:00.000+10:00,1.471,140,603
1983-07-09T00:00:00.000+10:00,1.434,140,603
1983-07-10T00:00:00.000+10:00,1.386,140,603
1983-07-11T00:00:00.000+10:00,1.358,140,603
1983-07-12T00:00:00.000+10:00,1.334,140,603
1983-07-13T00:00:00.000+10:00,1.294,140,603
1983-07-14T00:00:00.000+10:00,1.280,140,603
1983-07-15T00:00:00.000+10:00,1.266,140,603
1983-07-16T00:00:00.000+10:00,1.254,140,603
1983-07-17T00:00:00.000+10:00,1.240,140,603
1983-07-18T00:00:00.000+10:00,1.231,140,603
1983-07-19T00:00:00.000+10:00,1.226,140,603
1983-07-20T00:00:00.000+10:00,1.218,140,603
1983-07-21T00:00:00.000+10:00,1.208,140,603
1983-07-22T00:00:00.000+10:00,1.206,140,603
1983-07-23T00:00:00.000+10:00,1.202,140,603
1983-07-24T00:00:00.000+10:00,1.195,140,603
1983-07-25T00:00:00.000+10:00,1.189,140,603
1983-07-26T00:00:00.000+10:00,1.179,140,603
1983-07-27T00:00:00.000+10:00,1.174,140,603
1983-07-28T00:00:00.000+10:00,1.174,140,603
1983-07-29T00:00:00.000+10:00,1.181,140,603
1983-07-30T00:00:00.000+10:00,1.182,140,603
1983-07-31T00:00:00.000+10:00,1.178,140,603
1983-08-01T00:00:00.000+10:00,1.174,140,603
1983-08-02T00:00:00.000+10:00,1.161,140,603
1983-08-03T00:00:00.000+10:00,1.153,140,603
1983-08-04T00:00:00.000+10:00,1.142,140,603
1983-08-05T00:00:00.000+10:00,1.119,140,603
1983-08-06T00:00:00.000+10:00,1.125,140,603
1983-08-07T00:00:00.000+10:00,1.116,140,603
1983-08-08T00:00:00.000+10:00,1.111,140,603
1983-08-09T00:00:00.000+10:00,1.107,140,603
1983-08-10T00:00:00.000+10:00,1.099,140,603
1983-08-11T00:00:00.000+10:00,1.091,140,603
1983-08-12T00:00:00.000+10:00,1.088,140,603
1983-08-13T00:00:00.000+10:00,1.095,140,603
1983-08-14T00:00:00.000+10:00,1.095,140,603
1983-08-15T00:00:00.000+10:00,1.094,140,603
1983-08-16T00:00:00.000+10:00,1.106,140,603
1983-08-17T00:00:00.000+10:00,1.126,140,603
1983-08-18T00:00:00.000+10:00,1.171,140,603
1983-08-19T00:00:00.000+10:00,1.198,140,603
1983-08-20T00:00:00.000+10:00,1.202,140,603
1983-08-21T00:00:00.000+10:00,1.174,140,603
1983-08-22T00:00:00.000+10:00,1.131,140,603
1983-08-23T00:00:00.000+10:00,1.107,140,603
1983-08-24T00:00:00.000+10:00,1.163,140,603
1983-08-25T00:00:00.000+10:00,1.125,140,603
1983-08-26T00:00:00.000+10:00,1.149,140,603
1983-08-27T00:00:00.000+10:00,1.333,140,603
1983-08-28T00:00:00.000+10:00,1.263,140,603
1983-08-29T00:00:00.000+10:00,1.245,140,603
1983-08-30T00:00:00.000+10:00,1.201,140,603
1983-08-31T00:00:00.000+10:00,1.169,140,603
1983-09-01T00:00:00.000+10:00,1.138,140,603
1983-09-02T00:00:00.000+10:00,1.109,140,603
1983-09-03T00:00:00.000+10:00,1.093,140,603
1983-09-04T00:00:00.000+10:00,1.079,140,603
1983-09-05T00:00:00.000+10:00,1.075,140,603
1983-09-06T00:00:00.000+10:00,1.078,140,603
1983-09-07T00:00:00.000+10:00,1.074,140,603
1983-09-08T00:00:00.000+10:00,1.074,140,603
1983-09-09T00:00:00.000+10:00,1.081,140,603
1983-09-10T00:00:00.000+10:00,1.068,140,603
1983-09-11T00:00:00.000+10:00,1.060,140,603
1983-09-12T00:00:00.000+10:00,1.031,140,603
1983-09-13T00:00:00.000+10:00,0.998,140,603
1983-09-14T00:00:00.000+10:00,0.916,140,603
1983-09-15T00:00:00.000+10:00,0.895,140,603
1983-09-16T00:00:00.000+10:00,0.891,140,603
1983-09-17T00:00:00.000+10:00,0.937,140,603
1983-09-18T00:00:00.000+10:00,1.106,140,603
1983-09-19T00:00:00.000+10:00,1.131,140,603
1983-09-20T00:00:00.000+10:00,1.080,140,603
1983-09-21T00:00:00.000+10:00,1.076,140,603
1983-09-22T00:00:00.000+10:00,1.042,140,603
1983-09-23T00:00:00.000+10:00,0.992,140,603
1983-09-24T00:00:00.000+10:00,0.963,140,603
1983-09-25T00:00:00.000+10:00,0.929,140,603
1983-09-26T00:00:00.000+10:00,0.907,140,603
1983-09-27T00:00:00.000+10:00,0.885,140,603
1983-09-28T00:00:00.000+10:00,0.883,140,603
1983-09-29T00:00:00.000+10:00,0.861,140,603
1983-09-30T00:00:00.000+10:00,0.876,140,603
1983-10-01T00:00:00.000+10:00,0.887,140,603
1983-10-02T00:00:00.000+10:00,0.937,140,603
1983-10-03T00:00:00.000+10:00,0.961,140,603
1983-10-04T00:00:00.000+10:00,0.894,140,603
1983-10-05T00:00:00.000+10:00,0.871,140,603
1983-10-06T00:00:00.000+10:00,0.932,140,603
1983-10-07T00:00:00.000+10:00,1.028,140,603
1983-10-08T00:00:00.000+10:00,0.920,140,603
1983-10-09T00:00:00.000+10:00,1.025,140,603
1983-10-10T00:00:00.000+10:00,1.012,140,603
1983-10-11T00:00:00.000+10:00,0.954,140,603
1983-10-12T00:00:00.000+10:00,1.014,140,603
1983-10-13T00:00:00.000+10:00,1.029,140,603
1983-10-14T00:00:00.000+10:00,1.015,140,603
1983-10-15T00:00:00.000+10:00,1.019,140,603
1983-10-16T00:00:00.000+10:00,1.011,140,603
1983-10-17T00:00:00.000+10:00,1.015,140,603
1983-10-18T00:00:00.000+10:00,1.009,140,603
1983-10-19T00:00:00.000+10:00,1.018,140,603
1983-10-20T00:00:00.000+10:00,1.029,140,603
1983-10-21T00:00:00.000+10:00,1.007,140,603
1983-10-22T00:00:00.000+10:00,1.015,140,603
1983-10-23T00:00:00.000+10:00,0.982,140,603
1983-10-24T00:00:00.000+10:00,0.897,140,603
1983-10-25T00:00:00.000+10:00,0.892,140,603
1983-10-26T00:00:00.000+10:00,0.887,140,603
1983-10-27T00:00:00.000+10:00,0.965,140,603
1983-10-28T00:00:00.000+10:00,0.919,140,603
1983-10-29T00:00:00.000+10:00,0.884,140,603
1983-10-30T00:00:00.000+10:00,0.848,140,603
1983-10-31T00:00:00.000+10:00,0.836,140,603
1983-11-01T00:00:00.000+10:00,0.822,140,603
1983-11-02T00:00:00.000+10:00,0.810,140,603
1983-11-03T00:00:00.000+10:00,0.795,140,603
1983-11-04T00:00:00.000+10:00,0.795,140,603
1983-11-05T00:00:00.000+10:00,0.813,140,603
1983-11-06T00:00:00.000+10:00,0.822,140,603
1983-11-07T00:00:00.000+10:00,0.814,140,603
1983-11-08T00:00:00.000+10:00,0.792,140,603
1983-11-09T00:00:00.000+10:00,0.779,140,603
1983-11-10T00:00:00.000+10:00,0.752,140,603
1983-11-11T00:00:00.000+10:00,0.724,140,603
1983-11-12T00:00:00.000+10:00,0.734,140,603
1983-11-13T00:00:00.000+10:00,0.797,140,603
1983-11-14T00:00:00.000+10:00,0.725,140,603
1983-11-15T00:00:00.000+10:00,0.747,140,603
1983-11-16T00:00:00.000+10:00,0.757,140,603
1983-11-17T00:00:00.000+10:00,0.707,140,603
1983-11-18T00:00:00.000+10:00,0.694,140,603
1983-11-19T00:00:00.000+10:00,0.701,140,603
1983-11-20T00:00:00.000+10:00,0.701,140,603
1983-11-21T00:00:00.000+10:00,0.733,140,603
1983-11-22T00:00:00.000+10:00,0.790,140,603
1983-11-23T00:00:00.000+10:00,0.863,140,603
1983-11-24T00:00:00.000+10:00,0.899,140,603
1983-11-25T00:00:00.000+10:00,0.904,140,603
1983-11-26T00:00:00.000+10:00,0.915,140,603
1983-11-27T00:00:00.000+10:00,0.924,140,603
1983-11-28T00:00:00.000+10:00,0.940,140,603
1983-11-29T00:00:00.000+10:00,1.101,140,603
1983-11-30T00:00:00.000+10:00,2.487,140,603
1983-12-01T00:00:00.000+10:00,3.806,140,603
1983-12-02T00:00:00.000+10:00,3.724,140,603
1983-12-03T00:00:00.000+10:00,2.931,140,603
1983-12-04T00:00:00.000+10:00,3.604,140,603
1983-12-05T00:00:00.000+10:00,4.043,140,603
1983-12-06T00:00:00.000+10:00,4.046,140,603
1983-12-07T00:00:00.000+10:00,3.106,140,603
1983-12-08T00:00:00.000+10:00,2.306,140,603
1983-12-09T00:00:00.000+10:00,1.907,140,603
1983-12-10T00:00:00.000+10:00,1.816,140,603
1983-12-11T00:00:00.000+10:00,3.118,140,603
1983-12-12T00:00:00.000+10:00,1.912,140,603
1983-12-13T00:00:00.000+10:00,1.744,140,603
1983-12-14T00:00:00.000+10:00,2.077,140,603
1983-12-15T00:00:00.000+10:00,1.987,140,603
1983-12-16T00:00:00.000+10:00,1.739,140,603
1983-12-17T00:00:00.000+10:00,1.892,140,603
1983-12-18T00:00:00.000+10:00,1.718,140,603
1983-12-19T00:00:00.000+10:00,1.527,140,603
1983-12-20T00:00:00.000+10:00,1.434,140,603
1983-12-21T00:00:00.000+10:00,1.350,140,603
1983-12-22T00:00:00.000+10:00,1.289,140,603
1983-12-23T00:00:00.000+10:00,1.223,140,603
1983-12-24T00:00:00.000+10:00,1.190,140,603
1983-12-25T00:00:00.000+10:00,1.163,140,603
1983-12-26T00:00:00.000+10:00,1.130,140,603
1983-12-27T00:00:00.000+10:00,1.319,140,603
1983-12-28T00:00:00.000+10:00,1.297,140,603
1983-12-29T00:00:00.000+10:00,1.229,140,603
1983-12-30T00:00:00.000+10:00,1.621,140,603
1983-12-31T00:00:00.000+10:00,1.669,140,603
1984-01-01T00:00:00.000+10:00,1.629,140,603
1984-01-02T00:00:00.000+10:00,1.648,140,603
1984-01-03T00:00:00.000+10:00,1.850,140,603
1984-01-04T00:00:00.000+10:00,2.022,140,603
1984-01-05T00:00:00.000+10:00,1.811,140,603
1984-01-06T00:00:00.000+10:00,1.657,140,603
1984-01-07T00:00:00.000+10:00,1.544,140,603
1984-01-08T00:00:00.000+10:00,1.478,140,603
1984-01-09T00:00:00.000+10:00,1.393,140,603
1984-01-10T00:00:00.000+10:00,1.350,140,603
1984-01-11T00:00:00.000+10:00,1.330,140,603
1984-01-12T00:00:00.000+10:00,1.293,140,603
1984-01-13T00:00:00.000+10:00,1.371,140,603
1984-01-14T00:00:00.000+10:00,2.007,140,603
1984-01-15T00:00:00.000+10:00,2.102,140,603
1984-01-16T00:00:00.000+10:00,2.704,140,603
1984-01-17T00:00:00.000+10:00,2.769,140,603
1984-01-18T00:00:00.000+10:00,2.969,140,603
1984-01-19T00:00:00.000+10:00,2.283,140,603
1984-01-20T00:00:00.000+10:00,1.917,140,603
1984-01-21T00:00:00.000+10:00,1.707,140,603
1984-01-22T00:00:00.000+10:00,1.587,140,603
1984-01-23T00:00:00.000+10:00,1.473,140,603
1984-01-24T00:00:00.000+10:00,1.502,140,603
1984-01-25T00:00:00.000+10:00,1.504,140,603
1984-01-26T00:00:00.000+10:00,1.792,140,603
1984-01-27T00:00:00.000+10:00,1.633,140,603
1984-01-28T00:00:00.000+10:00,2.038,140,603
1984-01-29T00:00:00.000+10:00,2.458,140,603
1984-01-30T00:00:00.000+10:00,4.167,140,603
1984-01-31T00:00:00.000+10:00,4.326,140,603
1984-02-01T00:00:00.000+10:00,4.150,140,603
1984-02-02T00:00:00.000+10:00,3.007,140,603
1984-02-03T00:00:00.000+10:00,2.376,140,603
1984-02-04T00:00:00.000+10:00,2.055,140,603
1984-02-05T00:00:00.000+10:00,1.853,140,603
1984-02-06T00:00:00.000+10:00,1.716,140,603
1984-02-07T00:00:00.000+10:00,1.667,140,603
1984-02-08T00:00:00.000+10:00,1.554,140,603
1984-02-09T00:00:00.000+10:00,1.491,140,603
1984-02-10T00:00:00.000+10:00,1.431,140,603
1984-02-11T00:00:00.000+10:00,1.394,140,603
1984-02-12T00:00:00.000+10:00,1.365,140,603
1984-02-13T00:00:00.000+10:00,1.328,140,603
1984-02-14T00:00:00.000+10:00,1.312,140,603
1984-02-15T00:00:00.000+10:00,1.511,140,603
1984-02-16T00:00:00.000+10:00,1.880,140,603
1984-02-17T00:00:00.000+10:00,1.964,140,603
1984-02-18T00:00:00.000+10:00,1.868,140,603
1984-02-19T00:00:00.000+10:00,2.861,140,603
1984-02-20T00:00:00.000+10:00,3.617,140,603
1984-02-21T00:00:00.000+10:00,4.260,140,603
1984-02-22T00:00:00.000+10:00,4.462,140,603
1984-02-23T00:00:00.000+10:00,4.501,140,603
1984-02-24T00:00:00.000+10:00,4.151,140,603
1984-02-25T00:00:00.000+10:00,3.596,140,603
1984-02-26T00:00:00.000+10:00,3.616,140,603
1984-02-27T00:00:00.000+10:00,3.428,140,603
1984-02-28T00:00:00.000+10:00,3.167,140,603
1984-02-29T00:00:00.000+10:00,3.128,140,603
1984-03-01T00:00:00.000+10:00,2.993,140,603
1984-03-02T00:00:00.000+10:00,2.529,140,603
1984-03-03T00:00:00.000+10:00,2.238,140,603
1984-03-04T00:00:00.000+10:00,2.074,140,603
1984-03-05T00:00:00.000+10:00,2.444,140,603
1984-03-06T00:00:00.000+10:00,2.554,140,603
1984-03-07T00:00:00.000+10:00,2.079,140,603
1984-03-08T00:00:00.000+10:00,1.863,140,603
1984-03-09T00:00:00.000+10:00,1.759,140,603
1984-03-10T00:00:00.000+10:00,2.144,140,603
1984-03-11T00:00:00.000+10:00,1.972,140,603
1984-03-12T00:00:00.000+10:00,1.829,140,603
1984-03-13T00:00:00.000+10:00,1.746,140,603
1984-03-14T00:00:00.000+10:00,1.700,140,603
1984-03-15T00:00:00.000+10:00,1.616,140,603
1984-03-16T00:00:00.000+10:00,1.545,140,603
1984-03-17T00:00:00.000+10:00,1.479,140,603
1984-03-18T00:00:00.000+10:00,1.423,140,603
1984-03-19T00:00:00.000+10:00,1.394,140,603
1984-03-20T00:00:00.000+10:00,1.372,140,603
1984-03-21T00:00:00.000+10:00,1.432,140,603
1984-03-22T00:00:00.000+10:00,1.411,140,603
1984-03-23T00:00:00.000+10:00,1.388,140,603
1984-03-24T00:00:00.000+10:00,1.994,140,603
1984-03-25T00:00:00.000+10:00,3.379,140,603
1984-03-26T00:00:00.000+10:00,3.679,140,603
1984-03-27T00:00:00.000+10:00,2.667,140,603
1984-03-28T00:00:00.000+10:00,2.134,140,603
1984-03-29T00:00:00.000+10:00,1.878,140,603
1984-03-30T00:00:00.000+10:00,1.726,140,603
1984-03-31T00:00:00.000+10:00,1.615,140,603
1984-04-01T00:00:00.000+10:00,1.551,140,603
1984-04-02T00:00:00.000+10:00,1.491,140,603
1984-04-03T00:00:00.000+10:00,1.438,140,603
1984-04-04T00:00:00.000+10:00,1.402,140,603
1984-04-05T00:00:00.000+10:00,1.370,140,603
1984-04-06T00:00:00.000+10:00,1.343,140,603
1984-04-07T00:00:00.000+10:00,1.320,140,603
1984-04-08T00:00:00.000+10:00,1.496,140,603
1984-04-09T00:00:00.000+10:00,3.378,140,603
1984-04-10T00:00:00.000+10:00,6.332,140,603
1984-04-11T00:00:00.000+10:00,8.164,140,603
1984-04-12T00:00:00.000+10:00,8.695,140,603
1984-04-13T00:00:00.000+10:00,6.157,140,603
1984-04-14T00:00:00.000+10:00,3.483,140,603
1984-04-15T00:00:00.000+10:00,2.821,140,603
1984-04-16T00:00:00.000+10:00,2.556,140,603
1984-04-17T00:00:00.000+10:00,2.320,140,603
1984-04-18T00:00:00.000+10:00,2.167,140,603
1984-04-19T00:00:00.000+10:00,2.027,140,603
1984-04-20T00:00:00.000+10:00,1.909,140,603
1984-04-21T00:00:00.000+10:00,2.238,140,603
1984-04-22T00:00:00.000+10:00,2.991,140,603
1984-04-23T00:00:00.000+10:00,2.657,140,603
1984-04-24T00:00:00.000+10:00,2.245,140,603
1984-04-25T00:00:00.000+10:00,1.987,140,603
1984-04-26T00:00:00.000+10:00,1.829,140,603
1984-04-27T00:00:00.000+10:00,1.718,140,603
1984-04-28T00:00:00.000+10:00,1.644,140,603
1984-04-29T00:00:00.000+10:00,1.579,140,603
1984-04-30T00:00:00.000+10:00,1.539,140,603
1984-05-01T00:00:00.000+10:00,1.501,140,603
1984-05-02T00:00:00.000+10:00,1.452,140,603
1984-05-03T00:00:00.000+10:00,1.430,140,603
1984-05-04T00:00:00.000+10:00,1.402,140,603
1984-05-05T00:00:00.000+10:00,1.382,140,603
1984-05-06T00:00:00.000+10:00,1.544,140,603
1984-05-07T00:00:00.000+10:00,1.522,140,603
1984-05-08T00:00:00.000+10:00,1.467,140,603
1984-05-09T00:00:00.000+10:00,1.391,140,603
1984-05-10T00:00:00.000+10:00,1.359,140,603
1984-05-11T00:00:00.000+10:00,1.331,140,603
1984-05-12T00:00:00.000+10:00,1.304,140,603
1984-05-13T00:00:00.000+10:00,1.277,140,603
1984-05-14T00:00:00.000+10:00,1.254,140,603
1984-05-15T00:00:00.000+10:00,1.234,140,603
1984-05-16T00:00:00.000+10:00,1.214,140,603
1984-05-17T00:00:00.000+10:00,1.213,140,603
1984-05-18T00:00:00.000+10:00,1.216,140,603
1984-05-19T00:00:00.000+10:00,1.227,140,603
1984-05-20T00:00:00.000+10:00,1.253,140,603
1984-05-21T00:00:00.000+10:00,1.288,140,603
1984-05-22T00:00:00.000+10:00,1.299,140,603
1984-05-23T00:00:00.000+10:00,1.281,140,603
1984-05-24T00:00:00.000+10:00,1.249,140,603
1984-05-25T00:00:00.000+10:00,1.220,140,603
1984-05-26T00:00:00.000+10:00,1.201,140,603
1984-05-27T00:00:00.000+10:00,1.190,140,603
1984-05-28T00:00:00.000+10:00,1.181,140,603
1984-05-29T00:00:00.000+10:00,1.178,140,603
1984-05-30T00:00:00.000+10:00,1.161,140,603
1984-05-31T00:00:00.000+10:00,1.181,140,603
1984-06-01T00:00:00.000+10:00,1.278,140,603
1984-06-02T00:00:00.000+10:00,1.286,140,603
1984-06-03T00:00:00.000+10:00,1.364,140,603
1984-06-04T00:00:00.000+10:00,1.322,140,603
1984-06-05T00:00:00.000+10:00,1.245,140,603
1984-06-06T00:00:00.000+10:00,1.206,140,603
1984-06-07T00:00:00.000+10:00,1.198,140,603
1984-06-08T00:00:00.000+10:00,1.184,140,603
1984-06-09T00:00:00.000+10:00,1.173,140,603
1984-06-10T00:00:00.000+10:00,1.161,140,603
1984-06-11T00:00:00.000+10:00,1.146,140,603
1984-06-12T00:00:00.000+10:00,1.130,140,603
1984-06-13T00:00:00.000+10:00,1.128,140,603
1984-06-14T00:00:00.000+10:00,1.119,140,603
1984-06-15T00:00:00.000+10:00,1.133,140,603
1984-06-16T00:00:00.000+10:00,1.155,140,603
1984-06-17T00:00:00.000+10:00,1.183,140,603
1984-06-18T00:00:00.000+10:00,2.150,140,603
1984-06-19T00:00:00.000+10:00,2.451,140,603
1984-06-20T00:00:00.000+10:00,2.755,140,603
1984-06-21T00:00:00.000+10:00,2.231,140,603
1984-06-22T00:00:00.000+10:00,1.804,140,603
1984-06-23T00:00:00.000+10:00,1.611,140,603
1984-06-24T00:00:00.000+10:00,1.500,140,603
1984-06-25T00:00:00.000+10:00,1.412,140,603
1984-06-26T00:00:00.000+10:00,1.477,140,603
1984-06-27T00:00:00.000+10:00,1.481,140,603
1984-06-28T00:00:00.000+10:00,1.393,140,603
1984-06-29T00:00:00.000+10:00,1.362,140,603
1984-06-30T00:00:00.000+10:00,1.342,140,603
1984-07-01T00:00:00.000+10:00,1.306,140,603
1984-07-02T00:00:00.000+10:00,1.249,140,603
1984-07-03T00:00:00.000+10:00,1.233,140,603
1984-07-04T00:00:00.000+10:00,1.223,140,603
1984-07-05T00:00:00.000+10:00,1.203,140,603
1984-07-06T00:00:00.000+10:00,1.191,140,603
1984-07-07T00:00:00.000+10:00,1.185,140,603
1984-07-08T00:00:00.000+10:00,1.177,140,603
1984-07-09T00:00:00.000+10:00,1.172,140,603
1984-07-10T00:00:00.000+10:00,1.167,140,603
1984-07-11T00:00:00.000+10:00,1.163,140,603
1984-07-12T00:00:00.000+10:00,1.158,140,603
1984-07-13T00:00:00.000+10:00,1.156,140,603
1984-07-14T00:00:00.000+10:00,1.159,140,603
1984-07-15T00:00:00.000+10:00,1.159,140,603
1984-07-16T00:00:00.000+10:00,1.161,140,603
1984-07-17T00:00:00.000+10:00,1.165,140,603
1984-07-18T00:00:00.000+10:00,1.152,140,603
1984-07-19T00:00:00.000+10:00,1.160,140,603
1984-07-20T00:00:00.000+10:00,1.153,140,603
1984-07-21T00:00:00.000+10:00,1.143,140,603
1984-07-22T00:00:00.000+10:00,1.128,140,603
1984-07-23T00:00:00.000+10:00,1.128,140,603
1984-07-24T00:00:00.000+10:00,1.129,140,603
1984-07-25T00:00:00.000+10:00,1.132,140,603
1984-07-26T00:00:00.000+10:00,1.172,140,603
1984-07-27T00:00:00.000+10:00,2.558,140,603
1984-07-28T00:00:00.000+10:00,4.421,140,603
1984-07-29T00:00:00.000+10:00,4.647,140,603
1984-07-30T00:00:00.000+10:00,2.857,140,603
1984-07-31T00:00:00.000+10:00,2.092,140,603
1984-08-01T00:00:00.000+10:00,1.808,140,603
1984-08-02T00:00:00.000+10:00,1.656,140,603
1984-08-03T00:00:00.000+10:00,1.554,140,603
1984-08-04T00:00:00.000+10:00,1.499,140,603
1984-08-05T00:00:00.000+10:00,1.434,140,603
1984-08-06T00:00:00.000+10:00,1.397,140,603
1984-08-07T00:00:00.000+10:00,1.373,140,603
1984-08-08T00:00:00.000+10:00,1.349,140,603
1984-08-09T00:00:00.000+10:00,1.326,140,603
1984-08-10T00:00:00.000+10:00,1.294,140,603
1984-08-11T00:00:00.000+10:00,1.270,140,603
1984-08-12T00:00:00.000+10:00,1.243,140,603
1984-08-13T00:00:00.000+10:00,1.224,140,603
1984-08-14T00:00:00.000+10:00,1.212,140,603
1984-08-15T00:00:00.000+10:00,1.199,140,603
1984-08-16T00:00:00.000+10:00,1.189,140,603
1984-08-17T00:00:00.000+10:00,1.180,140,603
1984-08-18T00:00:00.000+10:00,1.170,140,603
1984-08-19T00:00:00.000+10:00,1.158,140,603
1984-08-20T00:00:00.000+10:00,1.149,140,603
1984-08-21T00:00:00.000+10:00,1.142,140,603
1984-08-22T00:00:00.000+10:00,1.129,140,603
1984-08-23T00:00:00.000+10:00,1.112,140,603
1984-08-24T00:00:00.000+10:00,1.104,140,603
1984-08-25T00:00:00.000+10:00,1.097,140,603
1984-08-26T00:00:00.000+10:00,1.083,140,603
1984-08-27T00:00:00.000+10:00,1.074,140,603
1984-08-28T00:00:00.000+10:00,1.067,140,603
1984-08-29T00:00:00.000+10:00,1.060,140,603
1984-08-30T00:00:00.000+10:00,1.048,140,603
1984-08-31T00:00:00.000+10:00,,-1,603
1984-09-01T00:00:00.000+10:00,,-1,603
1984-09-02T00:00:00.000+10:00,,-1,603
1984-09-03T00:00:00.000+10:00,,-1,603
1984-09-04T00:00:00.000+10:00,,-1,603
1984-09-05T00:00:00.000+10:00,,-1,603
1984-09-06T00:00:00.000+10:00,,-1,603
1984-09-07T00:00:00.000+10:00,,-1,603
1984-09-08T00:00:00.000+10:00,,-1,603
1984-09-09T00:00:00.000+10:00,,-1,603
1984-09-10T00:00:00.000+10:00,,-1,603
1984-09-11T00:00:00.000+10:00,,-1,603
1984-09-12T00:00:00.000+10:00,,-1,603
1984-09-13T00:00:00.000+10:00,,-1,603
1984-09-14T00:00:00.000+10:00,,-1,603
1984-09-15T00:00:00.000+10:00,,-1,603
1984-09-16T00:00:00.000+10:00,,-1,603
1984-09-17T00:00:00.000+10:00,,-1,603
1984-09-18T00:00:00.000+10:00,,-1,603
1984-09-19T00:00:00.000+10:00,,-1,603
1984-09-20T00:00:00.000+10:00,,-1,603
1984-09-21T00:00:00.000+10:00,,-1,603
1984-09-22T00:00:00.000+10:00,,-1,603
1984-09-23T00:00:00.000+10:00,,-1,603
1984-09-24T00:00:00.000+10:00,,-1,603
1984-09-25T00:00:00.000+10:00,,-1,603
1984-09-26T00:00:00.000+10:00,,-1,603
1984-09-27T00:00:00.000+10:00,,-1,603
1984-09-28T00:00:00.000+10:00,,-1,603
1984-09-29T00:00:00.000+10:00,,-1,603
1984-09-30T00:00:00.000+10:00,,-1,603
1984-10-01T00:00:00.000+10:00,,-1,603
1984-10-02T00:00:00.000+10:00,,-1,603
1984-10-03T00:00:00.000+10:00,,-1,603
1984-10-04T00:00:00.000+10:00,,-1,603
1984-10-05T00:00:00.000+10:00,0.804,140,603
1984-10-06T00:00:00.000+10:00,0.804,140,603
1984-10-07T00:00:00.000+10:00,0.810,140,603
1984-10-08T00:00:00.000+10:00,0.820,140,603
1984-10-09T00:00:00.000+10:00,0.821,140,603
1984-10-10T00:00:00.000+10:00,0.822,140,603
1984-10-11T00:00:00.000+10:00,0.822,140,603
1984-10-12T00:00:00.000+10:00,0.821,140,603
1984-10-13T00:00:00.000+10:00,0.796,140,603
1984-10-14T00:00:00.000+10:00,0.793,140,603
1984-10-15T00:00:00.000+10:00,0.766,140,603
1984-10-16T00:00:00.000+10:00,0.772,140,603
1984-10-17T00:00:00.000+10:00,0.760,140,603
1984-10-18T00:00:00.000+10:00,0.754,140,603
1984-10-19T00:00:00.000+10:00,0.743,140,603
1984-10-20T00:00:00.000+10:00,0.747,140,603
1984-10-21T00:00:00.000+10:00,0.786,140,603
1984-10-22T00:00:00.000+10:00,0.829,140,603
1984-10-23T00:00:00.000+10:00,0.835,140,603
1984-10-24T00:00:00.000+10:00,0.834,140,603
1984-10-25T00:00:00.000+10:00,0.829,140,603
1984-10-26T00:00:00.000+10:00,0.834,140,603
1984-10-27T00:00:00.000+10:00,0.808,140,603
1984-10-28T00:00:00.000+10:00,0.775,140,603
1984-10-29T00:00:00.000+10:00,0.754,140,603
1984-10-30T00:00:00.000+10:00,0.754,140,603
1984-10-31T00:00:00.000+10:00,0.764,140,603
1984-11-01T00:00:00.000+10:00,0.871,140,603
1984-11-02T00:00:00.000+10:00,1.068,140,603
1984-11-03T00:00:00.000+10:00,1.300,140,603
1984-11-04T00:00:00.000+10:00,1.422,140,603
1984-11-05T00:00:00.000+10:00,1.291,140,603
1984-11-06T00:00:00.000+10:00,1.469,140,603
1984-11-07T00:00:00.000+10:00,1.413,140,603
1984-11-08T00:00:00.000+10:00,1.833,140,603
1984-11-09T00:00:00.000+10:00,1.947,140,603
1984-11-10T00:00:00.000+10:00,1.677,140,603
1984-11-11T00:00:00.000+10:00,1.511,140,603
1984-11-12T00:00:00.000+10:00,1.379,140,603
1984-11-13T00:00:00.000+10:00,1.278,140,603
1984-11-14T00:00:00.000+10:00,1.192,140,603
1984-11-15T00:00:00.000+10:00,1.156,140,603
1984-11-16T00:00:00.000+10:00,1.110,140,603
1984-11-17T00:00:00.000+10:00,1.109,140,603
1984-11-18T00:00:00.000+10:00,1.111,140,603
1984-11-19T00:00:00.000+10:00,1.110,140,603
1984-11-20T00:00:00.000+10:00,1.098,140,603
1984-11-21T00:00:00.000+10:00,1.065,140,603
1984-11-22T00:00:00.000+10:00,1.042,140,603
1984-11-23T00:00:00.000+10:00,1.030,140,603
1984-11-24T00:00:00.000+10:00,1.017,140,603
1984-11-25T00:00:00.000+10:00,1.008,140,603
1984-11-26T00:00:00.000+10:00,0.999,140,603
1984-11-27T00:00:00.000+10:00,0.995,140,603
1984-11-28T00:00:00.000+10:00,0.990,140,603
1984-11-29T00:00:00.000+10:00,0.985,140,603
1984-11-30T00:00:00.000+10:00,0.985,140,603
1984-12-01T00:00:00.000+10:00,0.988,140,603
1984-12-02T00:00:00.000+10:00,0.990,140,603
1984-12-03T00:00:00.000+10:00,0.993,140,603
1984-12-04T00:00:00.000+10:00,0.990,140,603
1984-12-05T00:00:00.000+10:00,0.944,140,603
1984-12-06T00:00:00.000+10:00,0.950,140,603
1984-12-07T00:00:00.000+10:00,0.927,140,603
1984-12-08T00:00:00.000+10:00,0.937,140,603
1984-12-09T00:00:00.000+10:00,0.932,140,603
1984-12-10T00:00:00.000+10:00,0.966,140,603
1984-12-11T00:00:00.000+10:00,1.031,140,603
1984-12-12T00:00:00.000+10:00,1.340,140,603
1984-12-13T00:00:00.000+10:00,1.409,140,603
1984-12-14T00:00:00.000+10:00,1.371,140,603
1984-12-15T00:00:00.000+10:00,1.229,140,603
1984-12-16T00:00:00.000+10:00,1.138,140,603
1984-12-17T00:00:00.000+10:00,1.064,140,603
1984-12-18T00:00:00.000+10:00,0.991,140,603
1984-12-19T00:00:00.000+10:00,0.954,140,603
1984-12-20T00:00:00.000+10:00,1.012,140,603
1984-12-21T00:00:00.000+10:00,0.992,140,603
1984-12-22T00:00:00.000+10:00,1.025,140,603
1984-12-23T00:00:00.000+10:00,1.018,140,603
1984-12-24T00:00:00.000+10:00,0.917,140,603
1984-12-25T00:00:00.000+10:00,0.885,140,603
1984-12-26T00:00:00.000+10:00,0.833,140,603
1984-12-27T00:00:00.000+10:00,0.818,140,603
1984-12-28T00:00:00.000+10:00,0.805,140,603
1984-12-29T00:00:00.000+10:00,0.801,140,603
1984-12-30T00:00:00.000+10:00,0.820,140,603
1984-12-31T00:00:00.000+10:00,0.861,140,603
1985-01-01T00:00:00.000+10:00,0.943,140,603
1985-01-02T00:00:00.000+10:00,0.964,140,603
1985-01-03T00:00:00.000+10:00,0.876,140,603
1985-01-04T00:00:00.000+10:00,0.893,140,603
1985-01-05T00:00:00.000+10:00,0.875,140,603
1985-01-06T00:00:00.000+10:00,0.879,140,603
1985-01-07T00:00:00.000+10:00,0.809,140,603
1985-01-08T00:00:00.000+10:00,0.802,140,603
1985-01-09T00:00:00.000+10:00,0.805,140,603
1985-01-10T00:00:00.000+10:00,0.810,140,603
1985-01-11T00:00:00.000+10:00,0.884,140,603
1985-01-12T00:00:00.000+10:00,0.901,140,603
1985-01-13T00:00:00.000+10:00,0.817,140,603
1985-01-14T00:00:00.000+10:00,0.779,140,603
1985-01-15T00:00:00.000+10:00,0.758,140,603
1985-01-16T00:00:00.000+10:00,0.729,140,603
1985-01-17T00:00:00.000+10:00,0.703,140,603
1985-01-18T00:00:00.000+10:00,0.689,140,603
1985-01-19T00:00:00.000+10:00,0.681,140,603
1985-01-20T00:00:00.000+10:00,0.658,140,603
1985-01-21T00:00:00.000+10:00,0.667,140,603
1985-01-22T00:00:00.000+10:00,0.694,140,603
1985-01-23T00:00:00.000+10:00,0.676,140,603
1985-01-24T00:00:00.000+10:00,0.670,140,603
1985-01-25T00:00:00.000+10:00,0.677,140,603
1985-01-26T00:00:00.000+10:00,0.693,140,603
1985-01-27T00:00:00.000+10:00,0.725,140,603
1985-01-28T00:00:00.000+10:00,0.777,140,603
1985-01-29T00:00:00.000+10:00,0.767,140,603
1985-01-30T00:00:00.000+10:00,0.743,140,603
1985-01-31T00:00:00.000+10:00,0.695,140,603
1985-02-01T00:00:00.000+10:00,0.706,140,603
1985-02-02T00:00:00.000+10:00,0.721,140,603
1985-02-03T00:00:00.000+10:00,0.806,140,603
1985-02-04T00:00:00.000+10:00,0.777,140,603
1985-02-05T00:00:00.000+10:00,0.719,140,603
1985-02-06T00:00:00.000+10:00,0.689,140,603
1985-02-07T00:00:00.000+10:00,0.664,140,603
1985-02-08T00:00:00.000+10:00,0.647,140,603
1985-02-09T00:00:00.000+10:00,0.645,140,603
1985-02-10T00:00:00.000+10:00,0.627,140,603
1985-02-11T00:00:00.000+10:00,0.655,140,603
1985-02-12T00:00:00.000+10:00,0.740,140,603
1985-02-13T00:00:00.000+10:00,1.052,140,603
1985-02-14T00:00:00.000+10:00,1.108,140,603
1985-02-15T00:00:00.000+10:00,1.087,140,603
1985-02-16T00:00:00.000+10:00,0.980,140,603
1985-02-17T00:00:00.000+10:00,0.904,140,603
1985-02-18T00:00:00.000+10:00,0.846,140,603
1985-02-19T00:00:00.000+10:00,0.838,140,603
1985-02-20T00:00:00.000+10:00,2.033,140,603
1985-02-21T00:00:00.000+10:00,5.392,140,603
1985-02-22T00:00:00.000+10:00,6.875,140,603
1985-02-23T00:00:00.000+10:00,5.696,140,603
1985-02-24T00:00:00.000+10:00,5.071,140,603
1985-02-25T00:00:00.000+10:00,3.498,140,603
1985-02-26T00:00:00.000+10:00,2.480,140,603
1985-02-27T00:00:00.000+10:00,2.104,140,603
1985-02-28T00:00:00.000+10:00,1.947,140,603
1985-03-01T00:00:00.000+10:00,1.780,140,603
1985-03-02T00:00:00.000+10:00,1.668,140,603
1985-03-03T00:00:00.000+10:00,1.561,140,603
1985-03-04T00:00:00.000+10:00,1.481,140,603
1985-03-05T00:00:00.000+10:00,1.416,140,603
1985-03-06T00:00:00.000+10:00,1.349,140,603
1985-03-07T00:00:00.000+10:00,1.332,140,603
1985-03-08T00:00:00.000+10:00,2.766,140,603
1985-03-09T00:00:00.000+10:00,2.874,140,603
1985-03-10T00:00:00.000+10:00,3.163,140,603
1985-03-11T00:00:00.000+10:00,4.310,140,603
1985-03-12T00:00:00.000+10:00,4.011,140,603
1985-03-13T00:00:00.000+10:00,2.974,140,603
1985-03-14T00:00:00.000+10:00,2.382,140,603
1985-03-15T00:00:00.000+10:00,2.119,140,603
1985-03-16T00:00:00.000+10:00,1.928,140,603
1985-03-17T00:00:00.000+10:00,1.791,140,603
1985-03-18T00:00:00.000+10:00,1.674,140,603
1985-03-19T00:00:00.000+10:00,1.587,140,603
1985-03-20T00:00:00.000+10:00,1.510,140,603
1985-03-21T00:00:00.000+10:00,1.466,140,603
1985-03-22T00:00:00.000+10:00,1.453,140,603
1985-03-23T00:00:00.000+10:00,1.418,140,603
1985-03-24T00:00:00.000+10:00,1.401,140,603
1985-03-25T00:00:00.000+10:00,1.375,140,603
1985-03-26T00:00:00.000+10:00,1.433,140,603
1985-03-27T00:00:00.000+10:00,1.356,140,603
1985-03-28T00:00:00.000+10:00,1.333,140,603
1985-03-29T00:00:00.000+10:00,1.324,140,603
1985-03-30T00:00:00.000+10:00,1.298,140,603
1985-03-31T00:00:00.000+10:00,1.270,140,603
1985-04-01T00:00:00.000+10:00,1.272,140,603
1985-04-02T00:00:00.000+10:00,1.296,140,603
1985-04-03T00:00:00.000+10:00,1.473,140,603
1985-04-04T00:00:00.000+10:00,1.793,140,603
1985-04-05T00:00:00.000+10:00,1.609,140,603
1985-04-06T00:00:00.000+10:00,1.504,140,603
1985-04-07T00:00:00.000+10:00,1.420,140,603
1985-04-08T00:00:00.000+10:00,1.353,140,603
1985-04-09T00:00:00.000+10:00,1.320,140,603
1985-04-10T00:00:00.000+10:00,1.658,140,603
1985-04-11T00:00:00.000+10:00,1.640,140,603
1985-04-12T00:00:00.000+10:00,1.518,140,603
1985-04-13T00:00:00.000+10:00,1.395,140,603
1985-04-14T00:00:00.000+10:00,1.323,140,603
1985-04-15T00:00:00.000+10:00,1.259,140,603
1985-04-16T00:00:00.000+10:00,1.214,140,603
1985-04-17T00:00:00.000+10:00,1.187,140,603
1985-04-18T00:00:00.000+10:00,1.169,140,603
1985-04-19T00:00:00.000+10:00,1.151,140,603
1985-04-20T00:00:00.000+10:00,1.138,140,603
1985-04-21T00:00:00.000+10:00,1.098,140,603
1985-04-22T00:00:00.000+10:00,1.077,140,603
1985-04-23T00:00:00.000+10:00,1.261,140,603
1985-04-24T00:00:00.000+10:00,1.743,140,603
1985-04-25T00:00:00.000+10:00,3.948,140,603
1985-04-26T00:00:00.000+10:00,5.440,140,603
1985-04-27T00:00:00.000+10:00,4.870,140,603
1985-04-28T00:00:00.000+10:00,3.227,140,603
1985-04-29T00:00:00.000+10:00,2.449,140,603
1985-04-30T00:00:00.000+10:00,2.124,140,603
1985-05-01T00:00:00.000+10:00,2.038,140,603
1985-05-02T00:00:00.000+10:00,2.412,140,603
1985-05-03T00:00:00.000+10:00,4.020,140,603
1985-05-04T00:00:00.000+10:00,6.666,140,603
1985-05-05T00:00:00.000+10:00,7.988,140,603
1985-05-06T00:00:00.000+10:00,7.763,140,603
1985-05-07T00:00:00.000+10:00,5.339,140,603
1985-05-08T00:00:00.000+10:00,3.437,140,603
1985-05-09T00:00:00.000+10:00,2.861,140,603
1985-05-10T00:00:00.000+10:00,2.576,140,603
1985-05-11T00:00:00.000+10:00,2.308,140,603
1985-05-12T00:00:00.000+10:00,2.124,140,603
1985-05-13T00:00:00.000+10:00,2.004,140,603
1985-05-14T00:00:00.000+10:00,2.007,140,603
1985-05-15T00:00:00.000+10:00,2.151,140,603
1985-05-16T00:00:00.000+10:00,2.170,140,603
1985-05-17T00:00:00.000+10:00,2.080,140,603
1985-05-18T00:00:00.000+10:00,1.845,140,603
1985-05-19T00:00:00.000+10:00,1.748,140,603
1985-05-20T00:00:00.000+10:00,1.712,140,603
1985-05-21T00:00:00.000+10:00,1.691,140,603
1985-05-22T00:00:00.000+10:00,1.682,140,603
1985-05-23T00:00:00.000+10:00,1.690,140,603
1985-05-24T00:00:00.000+10:00,1.611,140,603
1985-05-25T00:00:00.000+10:00,1.573,140,603
1985-05-26T00:00:00.000+10:00,1.526,140,603
1985-05-27T00:00:00.000+10:00,1.652,140,603
1985-05-28T00:00:00.000+10:00,2.035,140,603
1985-05-29T00:00:00.000+10:00,2.239,140,603
1985-05-30T00:00:00.000+10:00,2.386,140,603
1985-05-31T00:00:00.000+10:00,2.410,140,603
1985-06-01T00:00:00.000+10:00,2.168,140,603
1985-06-02T00:00:00.000+10:00,1.963,140,603
1985-06-03T00:00:00.000+10:00,1.838,140,603
1985-06-04T00:00:00.000+10:00,2.051,140,603
1985-06-05T00:00:00.000+10:00,1.950,140,603
1985-06-06T00:00:00.000+10:00,1.821,140,603
1985-06-07T00:00:00.000+10:00,1.697,140,603
1985-06-08T00:00:00.000+10:00,1.606,140,603
1985-06-09T00:00:00.000+10:00,1.539,140,603
1985-06-10T00:00:00.000+10:00,1.501,140,603
1985-06-11T00:00:00.000+10:00,1.484,140,603
1985-06-12T00:00:00.000+10:00,1.457,140,603
1985-06-13T00:00:00.000+10:00,1.424,140,603
1985-06-14T00:00:00.000+10:00,1.394,140,603
1985-06-15T00:00:00.000+10:00,1.369,140,603
1985-06-16T00:00:00.000+10:00,1.362,140,603
1985-06-17T00:00:00.000+10:00,1.343,140,603
1985-06-18T00:00:00.000+10:00,1.325,140,603
1985-06-19T00:00:00.000+10:00,1.315,140,603
1985-06-20T00:00:00.000+10:00,1.301,140,603
1985-06-21T00:00:00.000+10:00,1.257,140,603
1985-06-22T00:00:00.000+10:00,1.272,140,603
1985-06-23T00:00:00.000+10:00,1.248,140,603
1985-06-24T00:00:00.000+10:00,1.231,140,603
1985-06-25T00:00:00.000+10:00,1.226,140,603
1985-06-26T00:00:00.000+10:00,1.211,140,603
1985-06-27T00:00:00.000+10:00,1.136,140,603
1985-06-28T00:00:00.000+10:00,1.205,140,603
1985-06-29T00:00:00.000+10:00,1.201,140,603
1985-06-30T00:00:00.000+10:00,1.196,140,603
1985-07-01T00:00:00.000+10:00,1.189,140,603
1985-07-02T00:00:00.000+10:00,1.187,140,603
1985-07-03T00:00:00.000+10:00,1.181,140,603
1985-07-04T00:00:00.000+10:00,1.177,140,603
1985-07-05T00:00:00.000+10:00,1.172,140,603
1985-07-06T00:00:00.000+10:00,1.168,140,603
1985-07-07T00:00:00.000+10:00,1.166,140,603
1985-07-08T00:00:00.000+10:00,1.180,140,603
1985-07-09T00:00:00.000+10:00,4.178,140,603
1985-07-10T00:00:00.000+10:00,8.737,140,603
1985-07-11T00:00:00.000+10:00,12.267,140,603
1985-07-12T00:00:00.000+10:00,11.723,140,603
1985-07-13T00:00:00.000+10:00,7.725,140,603
1985-07-14T00:00:00.000+10:00,3.820,140,603
1985-07-15T00:00:00.000+10:00,2.810,140,603
1985-07-16T00:00:00.000+10:00,2.458,140,603
1985-07-17T00:00:00.000+10:00,2.231,140,603
1985-07-18T00:00:00.000+10:00,2.069,140,603
1985-07-19T00:00:00.000+10:00,1.943,140,603
1985-07-20T00:00:00.000+10:00,1.856,140,603
1985-07-21T00:00:00.000+10:00,1.773,140,603
1985-07-22T00:00:00.000+10:00,1.714,140,603
1985-07-23T00:00:00.000+10:00,1.667,140,603
1985-07-24T00:00:00.000+10:00,1.607,140,603
1985-07-25T00:00:00.000+10:00,1.573,140,603
1985-07-26T00:00:00.000+10:00,1.546,140,603
1985-07-27T00:00:00.000+10:00,1.529,140,603
1985-07-28T00:00:00.000+10:00,1.506,140,603
1985-07-29T00:00:00.000+10:00,1.475,140,603
1985-07-30T00:00:00.000+10:00,1.421,140,603
1985-07-31T00:00:00.000+10:00,1.400,140,603
1985-08-01T00:00:00.000+10:00,1.385,140,603
1985-08-02T00:00:00.000+10:00,1.366,140,603
1985-08-03T00:00:00.000+10:00,1.351,140,603
1985-08-04T00:00:00.000+10:00,1.344,140,603
1985-08-05T00:00:00.000+10:00,1.335,140,603
1985-08-06T00:00:00.000+10:00,1.328,140,603
1985-08-07T00:00:00.000+10:00,1.322,140,603
1985-08-08T00:00:00.000+10:00,1.315,140,603
1985-08-09T00:00:00.000+10:00,1.300,140,603
1985-08-10T00:00:00.000+10:00,1.273,140,603
1985-08-11T00:00:00.000+10:00,1.250,140,603
1985-08-12T00:00:00.000+10:00,1.227,140,603
1985-08-13T00:00:00.000+10:00,1.217,140,603
1985-08-14T00:00:00.000+10:00,1.205,140,603
1985-08-15T00:00:00.000+10:00,1.205,140,603
1985-08-16T00:00:00.000+10:00,1.204,140,603
1985-08-17T00:00:00.000+10:00,1.209,140,603
1985-08-18T00:00:00.000+10:00,1.211,140,603
1985-08-19T00:00:00.000+10:00,1.213,140,603
1985-08-20T00:00:00.000+10:00,1.215,140,603
1985-08-21T00:00:00.000+10:00,1.217,140,603
1985-08-22T00:00:00.000+10:00,1.203,140,603
1985-08-23T00:00:00.000+10:00,1.220,140,603
1985-08-24T00:00:00.000+10:00,1.185,140,603
1985-08-25T00:00:00.000+10:00,1.168,140,603
1985-08-26T00:00:00.000+10:00,1.175,140,603
1985-08-27T00:00:00.000+10:00,1.126,140,603
1985-08-28T00:00:00.000+10:00,1.120,140,603
1985-08-29T00:00:00.000+10:00,1.137,140,603
1985-08-30T00:00:00.000+10:00,1.124,140,603
1985-08-31T00:00:00.000+10:00,1.149,140,603
1985-09-01T00:00:00.000+10:00,1.158,140,603
1985-09-02T00:00:00.000+10:00,1.071,140,603
1985-09-03T00:00:00.000+10:00,1.032,140,603
1985-09-04T00:00:00.000+10:00,1.042,140,603
1985-09-05T00:00:00.000+10:00,1.025,140,603
1985-09-06T00:00:00.000+10:00,0.999,140,603
1985-09-07T00:00:00.000+10:00,1.003,140,603
1985-09-08T00:00:00.000+10:00,1.018,140,603
1985-09-09T00:00:00.000+10:00,1.008,140,603
1985-09-10T00:00:00.000+10:00,1.016,140,603
1985-09-11T00:00:00.000+10:00,1.054,140,603
1985-09-12T00:00:00.000+10:00,1.067,140,603
1985-09-13T00:00:00.000+10:00,1.076,140,603
1985-09-14T00:00:00.000+10:00,1.076,140,603
1985-09-15T00:00:00.000+10:00,1.025,140,603
1985-09-16T00:00:00.000+10:00,0.992,140,603
1985-09-17T00:00:00.000+10:00,0.950,140,603
1985-09-18T00:00:00.000+10:00,0.954,140,603
1985-09-19T00:00:00.000+10:00,0.955,140,603
1985-09-20T00:00:00.000+10:00,0.989,140,603
1985-09-21T00:00:00.000+10:00,1.050,140,603
1985-09-22T00:00:00.000+10:00,1.095,140,603
1985-09-23T00:00:00.000+10:00,1.070,140,603
1985-09-24T00:00:00.000+10:00,1.052,140,603
1985-09-25T00:00:00.000+10:00,1.003,140,603
1985-09-26T00:00:00.000+10:00,0.947,140,603
1985-09-27T00:00:00.000+10:00,0.903,140,603
1985-09-28T00:00:00.000+10:00,0.883,140,603
1985-09-29T00:00:00.000+10:00,0.874,140,603
1985-09-30T00:00:00.000+10:00,0.885,140,603
1985-10-01T00:00:00.000+10:00,0.899,140,603
1985-10-02T00:00:00.000+10:00,0.897,140,603
1985-10-03T00:00:00.000+10:00,0.865,140,603
1985-10-04T00:00:00.000+10:00,0.833,140,603
1985-10-05T00:00:00.000+10:00,0.829,140,603
1985-10-06T00:00:00.000+10:00,0.820,140,603
1985-10-07T00:00:00.000+10:00,0.802,140,603
1985-10-08T00:00:00.000+10:00,0.794,140,603
1985-10-09T00:00:00.000+10:00,0.796,140,603
1985-10-10T00:00:00.000+10:00,0.801,140,603
1985-10-11T00:00:00.000+10:00,0.806,140,603
1985-10-12T00:00:00.000+10:00,0.804,140,603
1985-10-13T00:00:00.000+10:00,0.805,140,603
1985-10-14T00:00:00.000+10:00,0.886,140,603
1985-10-15T00:00:00.000+10:00,1.177,140,603
1985-10-16T00:00:00.000+10:00,1.190,140,603
1985-10-17T00:00:00.000+10:00,1.086,140,603
1985-10-18T00:00:00.000+10:00,1.017,140,603
1985-10-19T00:00:00.000+10:00,0.937,140,603
1985-10-20T00:00:00.000+10:00,0.903,140,603
1985-10-21T00:00:00.000+10:00,0.874,140,603
1985-10-22T00:00:00.000+10:00,0.861,140,603
1985-10-23T00:00:00.000+10:00,0.847,140,603
1985-10-24T00:00:00.000+10:00,0.829,140,603
1985-10-25T00:00:00.000+10:00,0.784,140,603
1985-10-26T00:00:00.000+10:00,0.809,140,603
1985-10-27T00:00:00.000+10:00,1.808,140,603
1985-10-28T00:00:00.000+10:00,2.787,140,603
1985-10-29T00:00:00.000+10:00,2.887,140,603
1985-10-30T00:00:00.000+10:00,2.351,140,603
1985-10-31T00:00:00.000+10:00,1.918,140,603
1985-11-01T00:00:00.000+10:00,1.656,140,603
1985-11-02T00:00:00.000+10:00,1.494,140,603
1985-11-03T00:00:00.000+10:00,1.392,140,603
1985-11-04T00:00:00.000+10:00,1.330,140,603
1985-11-05T00:00:00.000+10:00,1.273,140,603
1985-11-06T00:00:00.000+10:00,1.246,140,603
1985-11-07T00:00:00.000+10:00,1.307,140,603
1985-11-08T00:00:00.000+10:00,1.899,140,603
1985-11-09T00:00:00.000+10:00,2.668,140,603
1985-11-10T00:00:00.000+10:00,4.514,140,603
1985-11-11T00:00:00.000+10:00,3.393,140,603
1985-11-12T00:00:00.000+10:00,2.296,140,603
1985-11-13T00:00:00.000+10:00,1.896,140,603
1985-11-14T00:00:00.000+10:00,1.717,140,603
1985-11-15T00:00:00.000+10:00,1.623,140,603
1985-11-16T00:00:00.000+10:00,1.622,140,603
1985-11-17T00:00:00.000+10:00,1.610,140,603
1985-11-18T00:00:00.000+10:00,1.638,140,603
1985-11-19T00:00:00.000+10:00,1.552,140,603
1985-11-20T00:00:00.000+10:00,1.467,140,603
1985-11-21T00:00:00.000+10:00,1.416,140,603
1985-11-22T00:00:00.000+10:00,1.371,140,603
1985-11-23T00:00:00.000+10:00,1.354,140,603
1985-11-24T00:00:00.000+10:00,1.308,140,603
1985-11-25T00:00:00.000+10:00,1.267,140,603
1985-11-26T00:00:00.000+10:00,1.252,140,603
1985-11-27T00:00:00.000+10:00,1.252,140,603
1985-11-28T00:00:00.000+10:00,,-1,603
1985-11-29T00:00:00.000+10:00,,-1,603
1985-11-30T00:00:00.000+10:00,,-1,603
1985-12-01T00:00:00.000+10:00,,-1,603
1985-12-02T00:00:00.000+10:00,,-1,603
1985-12-03T00:00:00.000+10:00,,-1,603
1985-12-04T00:00:00.000+10:00,,-1,603
1985-12-05T00:00:00.000+10:00,,-1,603
1985-12-06T00:00:00.000+10:00,,-1,603
1985-12-07T00:00:00.000+10:00,,-1,603
1985-12-08T00:00:00.000+10:00,,-1,603
1985-12-09T00:00:00.000+10:00,,-1,603
1985-12-10T00:00:00.000+10:00,,-1,603
1985-12-11T00:00:00.000+10:00,,-1,603
1985-12-12T00:00:00.000+10:00,,-1,603
1985-12-13T00:00:00.000+10:00,,-1,603
1985-12-14T00:00:00.000+10:00,,-1,603
1985-12-15T00:00:00.000+10:00,,-1,603
1985-12-16T00:00:00.000+10:00,,-1,603
1985-12-17T00:00:00.000+10:00,,-1,603
1985-12-18T00:00:00.000+10:00,,-1,603
1985-12-19T00:00:00.000+10:00,,-1,603
1985-12-20T00:00:00.000+10:00,,-1,603
1985-12-21T00:00:00.000+10:00,,-1,603
1985-12-22T00:00:00.000+10:00,,-1,603
1985-12-23T00:00:00.000+10:00,,-1,603
1985-12-24T00:00:00.000+10:00,1.188,140,603
1985-12-25T00:00:00.000+10:00,1.194,140,603
1985-12-26T00:00:00.000+10:00,1.185,140,603
1985-12-27T00:00:00.000+10:00,1.178,140,603
1985-12-28T00:00:00.000+10:00,1.173,140,603
1985-12-29T00:00:00.000+10:00,1.165,140,603
1985-12-30T00:00:00.000+10:00,1.153,140,603
1985-12-31T00:00:00.000+10:00,1.146,140,603
1986-01-01T00:00:00.000+10:00,1.138,140,603
1986-01-02T00:00:00.000+10:00,1.126,140,603
1986-01-03T00:00:00.000+10:00,1.117,140,603
1986-01-04T00:00:00.000+10:00,1.117,140,603
1986-01-05T00:00:00.000+10:00,1.119,140,603
1986-01-06T00:00:00.000+10:00,1.118,140,603
1986-01-07T00:00:00.000+10:00,1.110,140,603
1986-01-08T00:00:00.000+10:00,1.108,140,603
1986-01-09T00:00:00.000+10:00,1.104,140,603
1986-01-10T00:00:00.000+10:00,1.101,140,603
1986-01-11T00:00:00.000+10:00,1.095,140,603
1986-01-12T00:00:00.000+10:00,1.087,140,603
1986-01-13T00:00:00.000+10:00,1.080,140,603
1986-01-14T00:00:00.000+10:00,1.073,140,603
1986-01-15T00:00:00.000+10:00,1.065,140,603
1986-01-16T00:00:00.000+10:00,1.056,140,603
1986-01-17T00:00:00.000+10:00,1.055,140,603
1986-01-18T00:00:00.000+10:00,1.136,140,603
1986-01-19T00:00:00.000+10:00,1.159,140,603
1986-01-20T00:00:00.000+10:00,1.257,140,603
1986-01-21T00:00:00.000+10:00,1.185,140,603
1986-01-22T00:00:00.000+10:00,1.100,140,603
1986-01-23T00:00:00.000+10:00,1.031,140,603
1986-01-24T00:00:00.000+10:00,0.985,140,603
1986-01-25T00:00:00.000+10:00,1.013,140,603
1986-01-26T00:00:00.000+10:00,2.199,140,603
1986-01-27T00:00:00.000+10:00,2.358,140,603
1986-01-28T00:00:00.000+10:00,1.737,140,603
1986-01-29T00:00:00.000+10:00,1.484,140,603
1986-01-30T00:00:00.000+10:00,1.332,140,603
1986-01-31T00:00:00.000+10:00,1.254,140,603
1986-02-01T00:00:00.000+10:00,1.188,140,603
1986-02-02T00:00:00.000+10:00,1.143,140,603
1986-02-03T00:00:00.000+10:00,1.123,140,603
1986-02-04T00:00:00.000+10:00,1.102,140,603
1986-02-05T00:00:00.000+10:00,1.082,140,603
1986-02-06T00:00:00.000+10:00,1.066,140,603
1986-02-07T00:00:00.000+10:00,1.044,140,603
1986-02-08T00:00:00.000+10:00,1.029,140,603
1986-02-09T00:00:00.000+10:00,1.014,140,603
1986-02-10T00:00:00.000+10:00,1.012,140,603
1986-02-11T00:00:00.000+10:00,1.009,140,603
1986-02-12T00:00:00.000+10:00,1.092,140,603
1986-02-13T00:00:00.000+10:00,1.049,140,603
1986-02-14T00:00:00.000+10:00,1.065,140,603
1986-02-15T00:00:00.000+10:00,1.103,140,603
1986-02-16T00:00:00.000+10:00,1.068,140,603
1986-02-17T00:00:00.000+10:00,1.027,140,603
1986-02-18T00:00:00.000+10:00,1.011,140,603
1986-02-19T00:00:00.000+10:00,1.000,140,603
1986-02-20T00:00:00.000+10:00,0.992,140,603
1986-02-21T00:00:00.000+10:00,0.985,140,603
1986-02-22T00:00:00.000+10:00,0.986,140,603
1986-02-23T00:00:00.000+10:00,1.019,140,603
1986-02-24T00:00:00.000+10:00,0.996,140,603
1986-02-25T00:00:00.000+10:00,0.996,140,603
1986-02-26T00:00:00.000+10:00,1.124,140,603
1986-02-27T00:00:00.000+10:00,1.131,140,603
1986-02-28T00:00:00.000+10:00,1.106,140,603
1986-03-01T00:00:00.000+10:00,1.112,140,603
1986-03-02T00:00:00.000+10:00,1.078,140,603
1986-03-03T00:00:00.000+10:00,1.049,140,603
1986-03-04T00:00:00.000+10:00,1.025,140,603
1986-03-05T00:00:00.000+10:00,1.017,140,603
1986-03-06T00:00:00.000+10:00,1.013,140,603
1986-03-07T00:00:00.000+10:00,1.001,140,603
1986-03-08T00:00:00.000+10:00,0.999,140,603
1986-03-09T00:00:00.000+10:00,1.042,140,603
1986-03-10T00:00:00.000+10:00,1.013,140,603
1986-03-11T00:00:00.000+10:00,0.998,140,603
1986-03-12T00:00:00.000+10:00,0.991,140,603
1986-03-13T00:00:00.000+10:00,0.987,140,603
1986-03-14T00:00:00.000+10:00,0.976,140,603
1986-03-15T00:00:00.000+10:00,0.982,140,603
1986-03-16T00:00:00.000+10:00,0.979,140,603
1986-03-17T00:00:00.000+10:00,0.970,140,603
1986-03-18T00:00:00.000+10:00,0.946,140,603
1986-03-19T00:00:00.000+10:00,0.929,140,603
1986-03-20T00:00:00.000+10:00,0.921,140,603
1986-03-21T00:00:00.000+10:00,0.900,140,603
1986-03-22T00:00:00.000+10:00,0.876,140,603
1986-03-23T00:00:00.000+10:00,0.869,140,603
1986-03-24T00:00:00.000+10:00,0.863,140,603
1986-03-25T00:00:00.000+10:00,0.857,140,603
1986-03-26T00:00:00.000+10:00,0.878,140,603
1986-03-27T00:00:00.000+10:00,0.904,140,603
1986-03-28T00:00:00.000+10:00,0.927,140,603
1986-03-29T00:00:00.000+10:00,0.940,140,603
1986-03-30T00:00:00.000+10:00,0.969,140,603
1986-03-31T00:00:00.000+10:00,0.995,140,603
1986-04-01T00:00:00.000+10:00,1.017,140,603
1986-04-02T00:00:00.000+10:00,1.027,140,603
1986-04-03T00:00:00.000+10:00,1.028,140,603
1986-04-04T00:00:00.000+10:00,1.029,140,603
1986-04-05T00:00:00.000+10:00,1.022,140,603
1986-04-06T00:00:00.000+10:00,1.006,140,603
1986-04-07T00:00:00.000+10:00,0.955,140,603
1986-04-08T00:00:00.000+10:00,0.911,140,603
1986-04-09T00:00:00.000+10:00,0.867,140,603
1986-04-10T00:00:00.000+10:00,0.888,140,603
1986-04-11T00:00:00.000+10:00,0.884,140,603
1986-04-12T00:00:00.000+10:00,0.871,140,603
1986-04-13T00:00:00.000+10:00,0.856,140,603
1986-04-14T00:00:00.000+10:00,0.842,140,603
1986-04-15T00:00:00.000+10:00,0.839,140,603
1986-04-16T00:00:00.000+10:00,0.854,140,603
1986-04-17T00:00:00.000+10:00,0.876,140,603
1986-04-18T00:00:00.000+10:00,0.881,140,603
1986-04-19T00:00:00.000+10:00,0.882,140,603
1986-04-20T00:00:00.000+10:00,0.887,140,603
1986-04-21T00:00:00.000+10:00,0.914,140,603
1986-04-22T00:00:00.000+10:00,0.857,140,603
1986-04-23T00:00:00.000+10:00,0.827,140,603
1986-04-24T00:00:00.000+10:00,0.818,140,603
1986-04-25T00:00:00.000+10:00,0.800,140,603
1986-04-26T00:00:00.000+10:00,0.779,140,603
1986-04-27T00:00:00.000+10:00,0.772,140,603
1986-04-28T00:00:00.000+10:00,0.772,140,603
1986-04-29T00:00:00.000+10:00,0.752,140,603
1986-04-30T00:00:00.000+10:00,0.764,140,603
1986-05-01T00:00:00.000+10:00,0.788,140,603
1986-05-02T00:00:00.000+10:00,0.796,140,603
1986-05-03T00:00:00.000+10:00,0.854,140,603
1986-05-04T00:00:00.000+10:00,0.836,140,603
1986-05-05T00:00:00.000+10:00,0.805,140,603
1986-05-06T00:00:00.000+10:00,0.913,140,603
1986-05-07T00:00:00.000+10:00,0.943,140,603
1986-05-08T00:00:00.000+10:00,0.941,140,603
1986-05-09T00:00:00.000+10:00,0.986,140,603
1986-05-10T00:00:00.000+10:00,0.994,140,603
1986-05-11T00:00:00.000+10:00,0.988,140,603
1986-05-12T00:00:00.000+10:00,0.982,140,603
1986-05-13T00:00:00.000+10:00,0.932,140,603
1986-05-14T00:00:00.000+10:00,0.985,140,603
1986-05-15T00:00:00.000+10:00,1.060,140,603
1986-05-16T00:00:00.000+10:00,1.073,140,603
1986-05-17T00:00:00.000+10:00,1.050,140,603
1986-05-18T00:00:00.000+10:00,1.028,140,603
1986-05-19T00:00:00.000+10:00,1.005,140,603
1986-05-20T00:00:00.000+10:00,0.982,140,603
1986-05-21T00:00:00.000+10:00,0.955,140,603
1986-05-22T00:00:00.000+10:00,0.920,140,603
1986-05-23T00:00:00.000+10:00,0.882,140,603
1986-05-24T00:00:00.000+10:00,0.856,140,603
1986-05-25T00:00:00.000+10:00,0.840,140,603
1986-05-26T00:00:00.000+10:00,0.823,140,603
1986-05-27T00:00:00.000+10:00,0.811,140,603
1986-05-28T00:00:00.000+10:00,0.799,140,603
1986-05-29T00:00:00.000+10:00,0.787,140,603
1986-05-30T00:00:00.000+10:00,0.786,140,603
1986-05-31T00:00:00.000+10:00,0.776,140,603
1986-06-01T00:00:00.000+10:00,0.770,140,603
1986-06-02T00:00:00.000+10:00,0.762,140,603
1986-06-03T00:00:00.000+10:00,0.757,140,603
1986-06-04T00:00:00.000+10:00,0.763,140,603
1986-06-05T00:00:00.000+10:00,0.763,140,603
1986-06-06T00:00:00.000+10:00,0.752,140,603
1986-06-07T00:00:00.000+10:00,0.754,140,603
1986-06-08T00:00:00.000+10:00,0.748,140,603
1986-06-09T00:00:00.000+10:00,0.745,140,603
1986-06-10T00:00:00.000+10:00,0.741,140,603
1986-06-11T00:00:00.000+10:00,0.729,140,603
1986-06-12T00:00:00.000+10:00,0.697,140,603
1986-06-13T00:00:00.000+10:00,0.714,140,603
1986-06-14T00:00:00.000+10:00,0.706,140,603
1986-06-15T00:00:00.000+10:00,0.717,140,603
1986-06-16T00:00:00.000+10:00,0.723,140,603
1986-06-17T00:00:00.000+10:00,0.731,140,603
1986-06-18T00:00:00.000+10:00,0.725,140,603
1986-06-19T00:00:00.000+10:00,0.856,140,603
1986-06-20T00:00:00.000+10:00,0.882,140,603
1986-06-21T00:00:00.000+10:00,0.867,140,603
1986-06-22T00:00:00.000+10:00,0.807,140,603
1986-06-23T00:00:00.000+10:00,0.779,140,603
1986-06-24T00:00:00.000+10:00,0.762,140,603
1986-06-25T00:00:00.000+10:00,0.742,140,603
1986-06-26T00:00:00.000+10:00,0.741,140,603
1986-06-27T00:00:00.000+10:00,0.724,140,603
1986-06-28T00:00:00.000+10:00,0.720,140,603
1986-06-29T00:00:00.000+10:00,0.716,140,603
1986-06-30T00:00:00.000+10:00,0.715,140,603
1986-07-01T00:00:00.000+10:00,0.711,140,603
1986-07-02T00:00:00.000+10:00,0.697,140,603
1986-07-03T00:00:00.000+10:00,0.698,140,603
1986-07-04T00:00:00.000+10:00,0.695,140,603
1986-07-05T00:00:00.000+10:00,0.699,140,603
1986-07-06T00:00:00.000+10:00,0.706,140,603
1986-07-07T00:00:00.000+10:00,0.691,140,603
1986-07-08T00:00:00.000+10:00,0.694,140,603
1986-07-09T00:00:00.000+10:00,0.675,140,603
1986-07-10T00:00:00.000+10:00,0.670,140,603
1986-07-11T00:00:00.000+10:00,0.665,140,603
1986-07-12T00:00:00.000+10:00,0.656,140,603
1986-07-13T00:00:00.000+10:00,0.645,140,603
1986-07-14T00:00:00.000+10:00,0.642,140,603
1986-07-15T00:00:00.000+10:00,0.654,140,603
1986-07-16T00:00:00.000+10:00,0.653,140,603
1986-07-17T00:00:00.000+10:00,0.666,140,603
1986-07-18T00:00:00.000+10:00,0.711,140,603
1986-07-19T00:00:00.000+10:00,0.754,140,603
1986-07-20T00:00:00.000+10:00,0.768,140,603
1986-07-21T00:00:00.000+10:00,0.768,140,603
1986-07-22T00:00:00.000+10:00,0.705,140,603
1986-07-23T00:00:00.000+10:00,0.691,140,603
1986-07-24T00:00:00.000+10:00,0.670,140,603
1986-07-25T00:00:00.000+10:00,0.661,140,603
1986-07-26T00:00:00.000+10:00,0.656,140,603
1986-07-27T00:00:00.000+10:00,0.651,140,603
1986-07-28T00:00:00.000+10:00,0.655,140,603
1986-07-29T00:00:00.000+10:00,0.659,140,603
1986-07-30T00:00:00.000+10:00,0.642,140,603
1986-07-31T00:00:00.000+10:00,0.660,140,603
1986-08-01T00:00:00.000+10:00,0.654,140,603
1986-08-02T00:00:00.000+10:00,0.639,140,603
1986-08-03T00:00:00.000+10:00,0.629,140,603
1986-08-04T00:00:00.000+10:00,0.627,140,603
1986-08-05T00:00:00.000+10:00,0.651,140,603
1986-08-06T00:00:00.000+10:00,0.632,140,603
1986-08-07T00:00:00.000+10:00,0.654,140,603
1986-08-08T00:00:00.000+10:00,0.674,140,603
1986-08-09T00:00:00.000+10:00,0.655,140,603
1986-08-10T00:00:00.000+10:00,0.630,140,603
1986-08-11T00:00:00.000+10:00,0.630,140,603
1986-08-12T00:00:00.000+10:00,0.654,140,603
1986-08-13T00:00:00.000+10:00,0.637,140,603
1986-08-14T00:00:00.000+10:00,0.621,140,603
1986-08-15T00:00:00.000+10:00,0.625,140,603
1986-08-16T00:00:00.000+10:00,0.633,140,603
1986-08-17T00:00:00.000+10:00,0.636,140,603
1986-08-18T00:00:00.000+10:00,0.665,140,603
1986-08-19T00:00:00.000+10:00,0.683,140,603
1986-08-20T00:00:00.000+10:00,0.696,140,603
1986-08-21T00:00:00.000+10:00,0.605,140,603
1986-08-22T00:00:00.000+10:00,0.607,140,603
1986-08-23T00:00:00.000+10:00,0.605,140,603
1986-08-24T00:00:00.000+10:00,0.611,140,603
1986-08-25T00:00:00.000+10:00,0.595,140,603
1986-08-26T00:00:00.000+10:00,0.605,140,603
1986-08-27T00:00:00.000+10:00,0.604,140,603
1986-08-28T00:00:00.000+10:00,0.605,140,603
1986-08-29T00:00:00.000+10:00,0.587,140,603
1986-08-30T00:00:00.000+10:00,0.586,140,603
1986-08-31T00:00:00.000+10:00,0.581,140,603
1986-09-01T00:00:00.000+10:00,0.576,140,603
1986-09-02T00:00:00.000+10:00,0.577,140,603
1986-09-03T00:00:00.000+10:00,0.577,140,603
1986-09-04T00:00:00.000+10:00,0.565,140,603
1986-09-05T00:00:00.000+10:00,0.559,140,603
1986-09-06T00:00:00.000+10:00,0.556,140,603
1986-09-07T00:00:00.000+10:00,0.551,140,603
1986-09-08T00:00:00.000+10:00,0.537,140,603
1986-09-09T00:00:00.000+10:00,0.548,140,603
1986-09-10T00:00:00.000+10:00,0.541,140,603
1986-09-11T00:00:00.000+10:00,0.540,140,603
1986-09-12T00:00:00.000+10:00,0.536,140,603
1986-09-13T00:00:00.000+10:00,0.526,140,603
1986-09-14T00:00:00.000+10:00,0.541,140,603
1986-09-15T00:00:00.000+10:00,0.537,140,603
1986-09-16T00:00:00.000+10:00,0.552,140,603
1986-09-17T00:00:00.000+10:00,0.551,140,603
1986-09-18T00:00:00.000+10:00,0.550,140,603
1986-09-19T00:00:00.000+10:00,0.548,140,603
1986-09-20T00:00:00.000+10:00,0.532,140,603
1986-09-21T00:00:00.000+10:00,0.557,140,603
1986-09-22T00:00:00.000+10:00,0.517,140,603
1986-09-23T00:00:00.000+10:00,0.518,140,603
1986-09-24T00:00:00.000+10:00,0.513,140,603
1986-09-25T00:00:00.000+10:00,0.506,140,603
1986-09-26T00:00:00.000+10:00,0.509,140,603
1986-09-27T00:00:00.000+10:00,0.501,140,603
1986-09-28T00:00:00.000+10:00,0.511,140,603
1986-09-29T00:00:00.000+10:00,0.514,140,603
1986-09-30T00:00:00.000+10:00,0.536,140,603
1986-10-01T00:00:00.000+10:00,0.543,140,603
1986-10-02T00:00:00.000+10:00,0.605,140,603
1986-10-03T00:00:00.000+10:00,0.708,140,603
1986-10-04T00:00:00.000+10:00,0.722,140,603
1986-10-05T00:00:00.000+10:00,0.717,140,603
1986-10-06T00:00:00.000+10:00,0.646,140,603
1986-10-07T00:00:00.000+10:00,0.598,140,603
1986-10-08T00:00:00.000+10:00,0.570,140,603
1986-10-09T00:00:00.000+10:00,0.555,140,603
1986-10-10T00:00:00.000+10:00,0.554,140,603
1986-10-11T00:00:00.000+10:00,0.555,140,603
1986-10-12T00:00:00.000+10:00,0.536,140,603
1986-10-13T00:00:00.000+10:00,0.536,140,603
1986-10-14T00:00:00.000+10:00,0.529,140,603
1986-10-15T00:00:00.000+10:00,0.517,140,603
1986-10-16T00:00:00.000+10:00,0.512,140,603
1986-10-17T00:00:00.000+10:00,0.508,140,603
1986-10-18T00:00:00.000+10:00,0.497,140,603
1986-10-19T00:00:00.000+10:00,0.491,140,603
1986-10-20T00:00:00.000+10:00,0.483,140,603
1986-10-21T00:00:00.000+10:00,0.474,140,603
1986-10-22T00:00:00.000+10:00,0.473,140,603
1986-10-23T00:00:00.000+10:00,0.475,140,603
1986-10-24T00:00:00.000+10:00,0.455,140,603
1986-10-25T00:00:00.000+10:00,0.440,140,603
1986-10-26T00:00:00.000+10:00,0.428,140,603
1986-10-27T00:00:00.000+10:00,0.460,140,603
1986-10-28T00:00:00.000+10:00,0.473,140,603
1986-10-29T00:00:00.000+10:00,0.483,140,603
1986-10-30T00:00:00.000+10:00,0.515,140,603
1986-10-31T00:00:00.000+10:00,0.630,140,603
1986-11-01T00:00:00.000+10:00,0.651,140,603
1986-11-02T00:00:00.000+10:00,0.604,140,603
1986-11-03T00:00:00.000+10:00,0.556,140,603
1986-11-04T00:00:00.000+10:00,0.523,140,603
1986-11-05T00:00:00.000+10:00,0.507,140,603
1986-11-06T00:00:00.000+10:00,0.488,140,603
1986-11-07T00:00:00.000+10:00,0.459,140,603
1986-11-08T00:00:00.000+10:00,0.472,140,603
1986-11-09T00:00:00.000+10:00,0.478,140,603
1986-11-10T00:00:00.000+10:00,0.469,140,603
1986-11-11T00:00:00.000+10:00,0.460,140,603
1986-11-12T00:00:00.000+10:00,0.574,140,603
1986-11-13T00:00:00.000+10:00,0.688,140,603
1986-11-14T00:00:00.000+10:00,0.705,140,603
1986-11-15T00:00:00.000+10:00,0.710,140,603
1986-11-16T00:00:00.000+10:00,0.868,140,603
1986-11-17T00:00:00.000+10:00,0.871,140,603
1986-11-18T00:00:00.000+10:00,0.840,140,603
1986-11-19T00:00:00.000+10:00,0.778,140,603
1986-11-20T00:00:00.000+10:00,0.723,140,603
1986-11-21T00:00:00.000+10:00,0.680,140,603
1986-11-22T00:00:00.000+10:00,0.654,140,603
1986-11-23T00:00:00.000+10:00,0.612,140,603
1986-11-24T00:00:00.000+10:00,0.592,140,603
1986-11-25T00:00:00.000+10:00,0.583,140,603
1986-11-26T00:00:00.000+10:00,0.562,140,603
1986-11-27T00:00:00.000+10:00,0.640,140,603
1986-11-28T00:00:00.000+10:00,0.608,140,603
1986-11-29T00:00:00.000+10:00,0.633,140,603
1986-11-30T00:00:00.000+10:00,0.714,140,603
1986-12-01T00:00:00.000+10:00,0.766,140,603
1986-12-02T00:00:00.000+10:00,0.938,140,603
1986-12-03T00:00:00.000+10:00,0.906,140,603
1986-12-04T00:00:00.000+10:00,0.893,140,603
1986-12-05T00:00:00.000+10:00,0.892,140,603
1986-12-06T00:00:00.000+10:00,0.886,140,603
1986-12-07T00:00:00.000+10:00,0.816,140,603
1986-12-08T00:00:00.000+10:00,0.778,140,603
1986-12-09T00:00:00.000+10:00,0.743,140,603
1986-12-10T00:00:00.000+10:00,0.714,140,603
1986-12-11T00:00:00.000+10:00,0.694,140,603
1986-12-12T00:00:00.000+10:00,0.659,140,603
1986-12-13T00:00:00.000+10:00,0.631,140,603
1986-12-14T00:00:00.000+10:00,0.624,140,603
1986-12-15T00:00:00.000+10:00,0.607,140,603
1986-12-16T00:00:00.000+10:00,0.601,140,603
1986-12-17T00:00:00.000+10:00,0.553,140,603
1986-12-18T00:00:00.000+10:00,0.577,140,603
1986-12-19T00:00:00.000+10:00,0.530,140,603
1986-12-20T00:00:00.000+10:00,0.539,140,603
1986-12-21T00:00:00.000+10:00,0.552,140,603
1986-12-22T00:00:00.000+10:00,0.538,140,603
1986-12-23T00:00:00.000+10:00,0.535,140,603
1986-12-24T00:00:00.000+10:00,0.517,140,603
1986-12-25T00:00:00.000+10:00,0.517,140,603
1986-12-26T00:00:00.000+10:00,0.506,140,603
1986-12-27T00:00:00.000+10:00,0.557,140,603
1986-12-28T00:00:00.000+10:00,0.632,140,603
1986-12-29T00:00:00.000+10:00,0.616,140,603
1986-12-30T00:00:00.000+10:00,0.580,140,603
1986-12-31T00:00:00.000+10:00,0.544,140,603
1987-01-01T00:00:00.000+10:00,0.543,140,603
1987-01-02T00:00:00.000+10:00,0.541,140,603
1987-01-03T00:00:00.000+10:00,0.545,140,603
1987-01-04T00:00:00.000+10:00,0.711,140,603
1987-01-05T00:00:00.000+10:00,0.738,140,603
1987-01-06T00:00:00.000+10:00,0.798,140,603
1987-01-07T00:00:00.000+10:00,0.788,140,603
1987-01-08T00:00:00.000+10:00,0.780,140,603
1987-01-09T00:00:00.000+10:00,0.714,140,603
1987-01-10T00:00:00.000+10:00,0.782,140,603
1987-01-11T00:00:00.000+10:00,0.870,140,603
1987-01-12T00:00:00.000+10:00,0.855,140,603
1987-01-13T00:00:00.000+10:00,0.895,140,603
1987-01-14T00:00:00.000+10:00,0.919,140,603
1987-01-15T00:00:00.000+10:00,0.898,140,603
1987-01-16T00:00:00.000+10:00,0.887,140,603
1987-01-17T00:00:00.000+10:00,0.808,140,603
1987-01-18T00:00:00.000+10:00,0.777,140,603
1987-01-19T00:00:00.000+10:00,0.723,140,603
1987-01-20T00:00:00.000+10:00,0.749,140,603
1987-01-21T00:00:00.000+10:00,0.758,140,603
1987-01-22T00:00:00.000+10:00,0.841,140,603
1987-01-23T00:00:00.000+10:00,0.882,140,603
1987-01-24T00:00:00.000+10:00,0.841,140,603
1987-01-25T00:00:00.000+10:00,0.781,140,603
1987-01-26T00:00:00.000+10:00,0.738,140,603
1987-01-27T00:00:00.000+10:00,0.710,140,603
1987-01-28T00:00:00.000+10:00,0.735,140,603
1987-01-29T00:00:00.000+10:00,0.853,140,603
1987-01-30T00:00:00.000+10:00,0.885,140,603
1987-01-31T00:00:00.000+10:00,0.883,140,603
1987-02-01T00:00:00.000+10:00,0.871,140,603
1987-02-02T00:00:00.000+10:00,0.850,140,603
1987-02-03T00:00:00.000+10:00,0.804,140,603
1987-02-04T00:00:00.000+10:00,0.782,140,603
1987-02-05T00:00:00.000+10:00,0.751,140,603
1987-02-06T00:00:00.000+10:00,0.808,140,603
1987-02-07T00:00:00.000+10:00,0.759,140,603
1987-02-08T00:00:00.000+10:00,0.763,140,603
1987-02-09T00:00:00.000+10:00,0.751,140,603
1987-02-10T00:00:00.000+10:00,0.724,140,603
1987-02-11T00:00:00.000+10:00,0.710,140,603
1987-02-12T00:00:00.000+10:00,0.699,140,603
1987-02-13T00:00:00.000+10:00,0.679,140,603
1987-02-14T00:00:00.000+10:00,0.670,140,603
1987-02-15T00:00:00.000+10:00,0.669,140,603
1987-02-16T00:00:00.000+10:00,0.654,140,603
1987-02-17T00:00:00.000+10:00,0.645,140,603
1987-02-18T00:00:00.000+10:00,0.651,140,603
1987-02-19T00:00:00.000+10:00,0.646,140,603
1987-02-20T00:00:00.000+10:00,0.816,140,603
1987-02-21T00:00:00.000+10:00,0.768,140,603
1987-02-22T00:00:00.000+10:00,0.759,140,603
1987-02-23T00:00:00.000+10:00,0.728,140,603
1987-02-24T00:00:00.000+10:00,0.695,140,603
1987-02-25T00:00:00.000+10:00,0.702,140,603
1987-02-26T00:00:00.000+10:00,0.685,140,603
1987-02-27T00:00:00.000+10:00,0.697,140,603
1987-02-28T00:00:00.000+10:00,0.691,140,603
1987-03-01T00:00:00.000+10:00,0.678,140,603
1987-03-02T00:00:00.000+10:00,0.703,140,603
1987-03-03T00:00:00.000+10:00,0.734,140,603
1987-03-04T00:00:00.000+10:00,0.780,140,603
1987-03-05T00:00:00.000+10:00,2.035,140,603
1987-03-06T00:00:00.000+10:00,5.378,140,603
1987-03-07T00:00:00.000+10:00,5.693,140,603
1987-03-08T00:00:00.000+10:00,3.666,140,603
1987-03-09T00:00:00.000+10:00,2.279,140,603
1987-03-10T00:00:00.000+10:00,1.853,140,603
1987-03-11T00:00:00.000+10:00,1.632,140,603
1987-03-12T00:00:00.000+10:00,1.488,140,603
1987-03-13T00:00:00.000+10:00,1.412,140,603
1987-03-14T00:00:00.000+10:00,1.329,140,603
1987-03-15T00:00:00.000+10:00,1.315,140,603
1987-03-16T00:00:00.000+10:00,1.230,140,603
1987-03-17T00:00:00.000+10:00,1.187,140,603
1987-03-18T00:00:00.000+10:00,1.169,140,603
1987-03-19T00:00:00.000+10:00,1.148,140,603
1987-03-20T00:00:00.000+10:00,1.159,140,603
1987-03-21T00:00:00.000+10:00,1.173,140,603
1987-03-22T00:00:00.000+10:00,1.141,140,603
1987-03-23T00:00:00.000+10:00,1.109,140,603
1987-03-24T00:00:00.000+10:00,1.097,140,603
1987-03-25T00:00:00.000+10:00,1.094,140,603
1987-03-26T00:00:00.000+10:00,1.135,140,603
1987-03-27T00:00:00.000+10:00,1.079,140,603
1987-03-28T00:00:00.000+10:00,1.062,140,603
1987-03-29T00:00:00.000+10:00,1.048,140,603
1987-03-30T00:00:00.000+10:00,1.034,140,603
1987-03-31T00:00:00.000+10:00,1.021,140,603
1987-04-01T00:00:00.000+10:00,1.003,140,603
1987-04-02T00:00:00.000+10:00,0.963,140,603
1987-04-03T00:00:00.000+10:00,0.944,140,603
1987-04-04T00:00:00.000+10:00,0.931,140,603
1987-04-05T00:00:00.000+10:00,0.925,140,603
1987-04-06T00:00:00.000+10:00,0.906,140,603
1987-04-07T00:00:00.000+10:00,0.904,140,603
1987-04-08T00:00:00.000+10:00,0.872,140,603
1987-04-09T00:00:00.000+10:00,0.850,140,603
1987-04-10T00:00:00.000+10:00,0.857,140,603
1987-04-11T00:00:00.000+10:00,0.827,140,603
1987-04-12T00:00:00.000+10:00,0.815,140,603
1987-04-13T00:00:00.000+10:00,0.809,140,603
1987-04-14T00:00:00.000+10:00,0.810,140,603
1987-04-15T00:00:00.000+10:00,0.790,140,603
1987-04-16T00:00:00.000+10:00,0.778,140,603
1987-04-17T00:00:00.000+10:00,0.773,140,603
1987-04-18T00:00:00.000+10:00,0.771,140,603
1987-04-19T00:00:00.000+10:00,0.797,140,603
1987-04-20T00:00:00.000+10:00,0.914,140,603
1987-04-21T00:00:00.000+10:00,0.879,140,603
1987-04-22T00:00:00.000+10:00,0.817,140,603
1987-04-23T00:00:00.000+10:00,0.777,140,603
1987-04-24T00:00:00.000+10:00,0.767,140,603
1987-04-25T00:00:00.000+10:00,0.768,140,603
1987-04-26T00:00:00.000+10:00,0.832,140,603
1987-04-27T00:00:00.000+10:00,0.894,140,603
1987-04-28T00:00:00.000+10:00,0.899,140,603
1987-04-29T00:00:00.000+10:00,0.909,140,603
1987-04-30T00:00:00.000+10:00,0.923,140,603
1987-05-01T00:00:00.000+10:00,0.896,140,603
1987-05-02T00:00:00.000+10:00,0.872,140,603
1987-05-03T00:00:00.000+10:00,0.850,140,603
1987-05-04T00:00:00.000+10:00,0.845,140,603
1987-05-05T00:00:00.000+10:00,0.867,140,603
1987-05-06T00:00:00.000+10:00,0.901,140,603
1987-05-07T00:00:00.000+10:00,0.865,140,603
1987-05-08T00:00:00.000+10:00,0.875,140,603
1987-05-09T00:00:00.000+10:00,0.951,140,603
1987-05-10T00:00:00.000+10:00,2.792,140,603
1987-05-11T00:00:00.000+10:00,5.207,140,603
1987-05-12T00:00:00.000+10:00,7.609,140,603
1987-05-13T00:00:00.000+10:00,6.817,140,603
1987-05-14T00:00:00.000+10:00,4.306,140,603
1987-05-15T00:00:00.000+10:00,3.109,140,603
1987-05-16T00:00:00.000+10:00,2.815,140,603
1987-05-17T00:00:00.000+10:00,2.418,140,603
1987-05-18T00:00:00.000+10:00,2.118,140,603
1987-05-19T00:00:00.000+10:00,1.890,140,603
1987-05-20T00:00:00.000+10:00,1.732,140,603
1987-05-21T00:00:00.000+10:00,1.616,140,603
1987-05-22T00:00:00.000+10:00,1.531,140,603
1987-05-23T00:00:00.000+10:00,1.466,140,603
1987-05-24T00:00:00.000+10:00,1.414,140,603
1987-05-25T00:00:00.000+10:00,1.369,140,603
1987-05-26T00:00:00.000+10:00,1.336,140,603
1987-05-27T00:00:00.000+10:00,1.315,140,603
1987-05-28T00:00:00.000+10:00,1.297,140,603
1987-05-29T00:00:00.000+10:00,1.278,140,603
1987-05-30T00:00:00.000+10:00,1.258,140,603
1987-05-31T00:00:00.000+10:00,1.236,140,603
1987-06-01T00:00:00.000+10:00,1.211,140,603
1987-06-02T00:00:00.000+10:00,1.178,140,603
1987-06-03T00:00:00.000+10:00,1.137,140,603
1987-06-04T00:00:00.000+10:00,1.083,140,603
1987-06-05T00:00:00.000+10:00,1.108,140,603
1987-06-06T00:00:00.000+10:00,1.103,140,603
1987-06-07T00:00:00.000+10:00,1.094,140,603
1987-06-08T00:00:00.000+10:00,1.111,140,603
1987-06-09T00:00:00.000+10:00,1.302,140,603
1987-06-10T00:00:00.000+10:00,2.102,140,603
1987-06-11T00:00:00.000+10:00,2.252,140,603
1987-06-12T00:00:00.000+10:00,1.783,140,603
1987-06-13T00:00:00.000+10:00,1.567,140,603
1987-06-14T00:00:00.000+10:00,1.436,140,603
1987-06-15T00:00:00.000+10:00,1.349,140,603
1987-06-16T00:00:00.000+10:00,1.287,140,603
1987-06-17T00:00:00.000+10:00,1.254,140,603
1987-06-18T00:00:00.000+10:00,1.287,140,603
1987-06-19T00:00:00.000+10:00,1.380,140,603
1987-06-20T00:00:00.000+10:00,1.496,140,603
1987-06-21T00:00:00.000+10:00,1.482,140,603
1987-06-22T00:00:00.000+10:00,1.406,140,603
1987-06-23T00:00:00.000+10:00,1.344,140,603
1987-06-24T00:00:00.000+10:00,1.294,140,603
1987-06-25T00:00:00.000+10:00,1.256,140,603
1987-06-26T00:00:00.000+10:00,1.224,140,603
1987-06-27T00:00:00.000+10:00,1.190,140,603
1987-06-28T00:00:00.000+10:00,1.164,140,603
1987-06-29T00:00:00.000+10:00,1.144,140,603
1987-06-30T00:00:00.000+10:00,1.130,140,603
1987-07-01T00:00:00.000+10:00,1.110,140,603
1987-07-02T00:00:00.000+10:00,1.100,140,603
1987-07-03T00:00:00.000+10:00,1.086,140,603
1987-07-04T00:00:00.000+10:00,1.083,140,603
1987-07-05T00:00:00.000+10:00,1.058,140,603
1987-07-06T00:00:00.000+10:00,1.056,140,603
1987-07-07T00:00:00.000+10:00,1.065,140,603
1987-07-08T00:00:00.000+10:00,1.060,140,603
1987-07-09T00:00:00.000+10:00,1.059,140,603
1987-07-10T00:00:00.000+10:00,1.062,140,603
1987-07-11T00:00:00.000+10:00,1.064,140,603
1987-07-12T00:00:00.000+10:00,1.057,140,603
1987-07-13T00:00:00.000+10:00,1.049,140,603
1987-07-14T00:00:00.000+10:00,1.011,140,603
1987-07-15T00:00:00.000+10:00,0.992,140,603
1987-07-16T00:00:00.000+10:00,0.972,140,603
1987-07-17T00:00:00.000+10:00,0.960,140,603
1987-07-18T00:00:00.000+10:00,0.937,140,603
1987-07-19T00:00:00.000+10:00,0.920,140,603
1987-07-20T00:00:00.000+10:00,0.911,140,603
1987-07-21T00:00:00.000+10:00,0.927,140,603
1987-07-22T00:00:00.000+10:00,0.864,140,603
1987-07-23T00:00:00.000+10:00,0.881,140,603
1987-07-24T00:00:00.000+10:00,0.869,140,603
1987-07-25T00:00:00.000+10:00,0.859,140,603
1987-07-26T00:00:00.000+10:00,0.844,140,603
1987-07-27T00:00:00.000+10:00,0.832,140,603
1987-07-28T00:00:00.000+10:00,0.844,140,603
1987-07-29T00:00:00.000+10:00,0.894,140,603
1987-07-30T00:00:00.000+10:00,0.937,140,603
1987-07-31T00:00:00.000+10:00,1.015,140,603
1987-08-01T00:00:00.000+10:00,1.019,140,603
1987-08-02T00:00:00.000+10:00,0.935,140,603
1987-08-03T00:00:00.000+10:00,0.894,140,603
1987-08-04T00:00:00.000+10:00,0.884,140,603
1987-08-05T00:00:00.000+10:00,0.957,140,603
1987-08-06T00:00:00.000+10:00,0.913,140,603
1987-08-07T00:00:00.000+10:00,0.870,140,603
1987-08-08T00:00:00.000+10:00,0.847,140,603
1987-08-09T00:00:00.000+10:00,0.826,140,603
1987-08-10T00:00:00.000+10:00,0.819,140,603
1987-08-11T00:00:00.000+10:00,0.829,140,603
1987-08-12T00:00:00.000+10:00,0.916,140,603
1987-08-13T00:00:00.000+10:00,1.092,140,603
1987-08-14T00:00:00.000+10:00,1.303,140,603
1987-08-15T00:00:00.000+10:00,1.520,140,603
1987-08-16T00:00:00.000+10:00,1.498,140,603
1987-08-17T00:00:00.000+10:00,1.653,140,603
1987-08-18T00:00:00.000+10:00,3.423,140,603
1987-08-19T00:00:00.000+10:00,3.753,140,603
1987-08-20T00:00:00.000+10:00,2.929,140,603
1987-08-21T00:00:00.000+10:00,2.328,140,603
1987-08-22T00:00:00.000+10:00,1.885,140,603
1987-08-23T00:00:00.000+10:00,1.659,140,603
1987-08-24T00:00:00.000+10:00,1.537,140,603
1987-08-25T00:00:00.000+10:00,1.447,140,603
1987-08-26T00:00:00.000+10:00,1.363,140,603
1987-08-27T00:00:00.000+10:00,1.290,140,603
1987-08-28T00:00:00.000+10:00,1.246,140,603
1987-08-29T00:00:00.000+10:00,1.246,140,603
1987-08-30T00:00:00.000+10:00,2.224,140,603
1987-08-31T00:00:00.000+10:00,2.510,140,603
1987-09-01T00:00:00.000+10:00,2.671,140,603
1987-09-02T00:00:00.000+10:00,2.179,140,603
1987-09-03T00:00:00.000+10:00,1.869,140,603
1987-09-04T00:00:00.000+10:00,1.669,140,603
1987-09-05T00:00:00.000+10:00,1.531,140,603
1987-09-06T00:00:00.000+10:00,1.457,140,603
1987-09-07T00:00:00.000+10:00,1.408,140,603
1987-09-08T00:00:00.000+10:00,1.362,140,603
1987-09-09T00:00:00.000+10:00,1.328,140,603
1987-09-10T00:00:00.000+10:00,1.286,140,603
1987-09-11T00:00:00.000+10:00,1.246,140,603
1987-09-12T00:00:00.000+10:00,1.213,140,603
1987-09-13T00:00:00.000+10:00,1.188,140,603
1987-09-14T00:00:00.000+10:00,1.163,140,603
1987-09-15T00:00:00.000+10:00,1.140,140,603
1987-09-16T00:00:00.000+10:00,1.073,140,603
1987-09-17T00:00:00.000+10:00,1.117,140,603
1987-09-18T00:00:00.000+10:00,1.107,140,603
1987-09-19T00:00:00.000+10:00,1.106,140,603
1987-09-20T00:00:00.000+10:00,1.106,140,603
1987-09-21T00:00:00.000+10:00,1.100,140,603
1987-09-22T00:00:00.000+10:00,1.076,140,603
1987-09-23T00:00:00.000+10:00,1.003,140,603
1987-09-24T00:00:00.000+10:00,1.051,140,603
1987-09-25T00:00:00.000+10:00,1.032,140,603
1987-09-26T00:00:00.000+10:00,1.004,140,603
1987-09-27T00:00:00.000+10:00,0.982,140,603
1987-09-28T00:00:00.000+10:00,0.959,140,603
1987-09-29T00:00:00.000+10:00,0.943,140,603
1987-09-30T00:00:00.000+10:00,0.917,140,603
1987-10-01T00:00:00.000+10:00,0.907,140,603
1987-10-02T00:00:00.000+10:00,0.900,140,603
1987-10-03T00:00:00.000+10:00,0.842,140,603
1987-10-04T00:00:00.000+10:00,0.838,140,603
1987-10-05T00:00:00.000+10:00,0.833,140,603
1987-10-06T00:00:00.000+10:00,0.829,140,603
1987-10-07T00:00:00.000+10:00,0.824,140,603
1987-10-08T00:00:00.000+10:00,0.802,140,603
1987-10-09T00:00:00.000+10:00,0.784,140,603
1987-10-10T00:00:00.000+10:00,0.784,140,603
1987-10-11T00:00:00.000+10:00,0.760,140,603
1987-10-12T00:00:00.000+10:00,0.772,140,603
1987-10-13T00:00:00.000+10:00,0.822,140,603
1987-10-14T00:00:00.000+10:00,0.922,140,603
1987-10-15T00:00:00.000+10:00,0.874,140,603
1987-10-16T00:00:00.000+10:00,0.835,140,603
1987-10-17T00:00:00.000+10:00,0.844,140,603
1987-10-18T00:00:00.000+10:00,0.827,140,603
1987-10-19T00:00:00.000+10:00,0.832,140,603
1987-10-20T00:00:00.000+10:00,0.836,140,603
1987-10-21T00:00:00.000+10:00,0.803,140,603
1987-10-22T00:00:00.000+10:00,0.800,140,603
1987-10-23T00:00:00.000+10:00,0.812,140,603
1987-10-24T00:00:00.000+10:00,0.763,140,603
1987-10-25T00:00:00.000+10:00,0.791,140,603
1987-10-26T00:00:00.000+10:00,0.780,140,603
1987-10-27T00:00:00.000+10:00,0.900,140,603
1987-10-28T00:00:00.000+10:00,0.848,140,603
1987-10-29T00:00:00.000+10:00,0.795,140,603
1987-10-30T00:00:00.000+10:00,0.756,140,603
1987-10-31T00:00:00.000+10:00,0.725,140,603
1987-11-01T00:00:00.000+10:00,0.715,140,603
1987-11-02T00:00:00.000+10:00,0.724,140,603
1987-11-03T00:00:00.000+10:00,0.690,140,603
1987-11-04T00:00:00.000+10:00,0.664,140,603
1987-11-05T00:00:00.000+10:00,0.659,140,603
1987-11-06T00:00:00.000+10:00,0.666,140,603
1987-11-07T00:00:00.000+10:00,0.707,140,603
1987-11-08T00:00:00.000+10:00,0.753,140,603
1987-11-09T00:00:00.000+10:00,0.736,140,603
1987-11-10T00:00:00.000+10:00,0.641,140,603
1987-11-11T00:00:00.000+10:00,0.775,140,603
1987-11-12T00:00:00.000+10:00,0.983,140,603
1987-11-13T00:00:00.000+10:00,0.936,140,603
1987-11-14T00:00:00.000+10:00,0.927,140,603
1987-11-15T00:00:00.000+10:00,0.918,140,603
1987-11-16T00:00:00.000+10:00,0.803,140,603
1987-11-17T00:00:00.000+10:00,0.638,140,603
1987-11-18T00:00:00.000+10:00,0.736,140,603
1987-11-19T00:00:00.000+10:00,0.715,140,603
1987-11-20T00:00:00.000+10:00,0.684,140,603
1987-11-21T00:00:00.000+10:00,0.702,140,603
1987-11-22T00:00:00.000+10:00,0.665,140,603
1987-11-23T00:00:00.000+10:00,0.812,140,603
1987-11-24T00:00:00.000+10:00,0.786,140,603
1987-11-25T00:00:00.000+10:00,0.710,140,603
1987-11-26T00:00:00.000+10:00,0.657,140,603
1987-11-27T00:00:00.000+10:00,0.633,140,603
1987-11-28T00:00:00.000+10:00,0.606,140,603
1987-11-29T00:00:00.000+10:00,0.603,140,603
1987-11-30T00:00:00.000+10:00,0.580,140,603
1987-12-01T00:00:00.000+10:00,0.611,140,603
1987-12-02T00:00:00.000+10:00,0.538,140,603
1987-12-03T00:00:00.000+10:00,0.565,140,603
1987-12-04T00:00:00.000+10:00,0.584,140,603
1987-12-05T00:00:00.000+10:00,0.587,140,603
1987-12-06T00:00:00.000+10:00,0.575,140,603
1987-12-07T00:00:00.000+10:00,0.545,140,603
1987-12-08T00:00:00.000+10:00,0.512,140,603
1987-12-09T00:00:00.000+10:00,0.513,140,603
1987-12-10T00:00:00.000+10:00,0.549,140,603
1987-12-11T00:00:00.000+10:00,0.668,140,603
1987-12-12T00:00:00.000+10:00,0.600,140,603
1987-12-13T00:00:00.000+10:00,0.607,140,603
1987-12-14T00:00:00.000+10:00,0.611,140,603
1987-12-15T00:00:00.000+10:00,0.579,140,603
1987-12-16T00:00:00.000+10:00,0.545,140,603
1987-12-17T00:00:00.000+10:00,0.553,140,603
1987-12-18T00:00:00.000+10:00,0.601,140,603
1987-12-19T00:00:00.000+10:00,0.478,140,603
1987-12-20T00:00:00.000+10:00,0.420,140,603
1987-12-21T00:00:00.000+10:00,0.468,140,603
1987-12-22T00:00:00.000+10:00,0.508,140,603
1987-12-23T00:00:00.000+10:00,0.548,140,603
1987-12-24T00:00:00.000+10:00,0.832,140,603
1987-12-25T00:00:00.000+10:00,0.812,140,603
1987-12-26T00:00:00.000+10:00,0.711,140,603
1987-12-27T00:00:00.000+10:00,0.817,140,603
1987-12-28T00:00:00.000+10:00,0.715,140,603
1987-12-29T00:00:00.000+10:00,0.637,140,603
1987-12-30T00:00:00.000+10:00,0.643,140,603
1987-12-31T00:00:00.000+10:00,0.617,140,603
1988-01-01T00:00:00.000+10:00,0.821,140,603
1988-01-02T00:00:00.000+10:00,0.844,140,603
1988-01-03T00:00:00.000+10:00,0.853,140,603
1988-01-04T00:00:00.000+10:00,1.011,140,603
1988-01-05T00:00:00.000+10:00,1.134,140,603
1988-01-06T00:00:00.000+10:00,0.967,140,603
1988-01-07T00:00:00.000+10:00,0.930,140,603
1988-01-08T00:00:00.000+10:00,0.925,140,603
1988-01-09T00:00:00.000+10:00,1.010,140,603
1988-01-10T00:00:00.000+10:00,0.985,140,603
1988-01-11T00:00:00.000+10:00,0.947,140,603
1988-01-12T00:00:00.000+10:00,0.921,140,603
1988-01-13T00:00:00.000+10:00,0.909,140,603
1988-01-14T00:00:00.000+10:00,0.893,140,603
1988-01-15T00:00:00.000+10:00,0.877,140,603
1988-01-16T00:00:00.000+10:00,0.988,140,603
1988-01-17T00:00:00.000+10:00,1.067,140,603
1988-01-18T00:00:00.000+10:00,1.115,140,603
1988-01-19T00:00:00.000+10:00,1.553,140,603
1988-01-20T00:00:00.000+10:00,1.538,140,603
1988-01-21T00:00:00.000+10:00,1.254,140,603
1988-01-22T00:00:00.000+10:00,1.151,140,603
1988-01-23T00:00:00.000+10:00,1.086,140,603
1988-01-24T00:00:00.000+10:00,1.054,140,603
1988-01-25T00:00:00.000+10:00,1.051,140,603
1988-01-26T00:00:00.000+10:00,1.021,140,603
1988-01-27T00:00:00.000+10:00,1.029,140,603
1988-01-28T00:00:00.000+10:00,1.011,140,603
1988-01-29T00:00:00.000+10:00,0.979,140,603
1988-01-30T00:00:00.000+10:00,1.344,140,603
1988-01-31T00:00:00.000+10:00,1.319,140,603
1988-02-01T00:00:00.000+10:00,2.021,140,603
1988-02-02T00:00:00.000+10:00,2.277,140,603
1988-02-03T00:00:00.000+10:00,1.987,140,603
1988-02-04T00:00:00.000+10:00,1.662,140,603
1988-02-05T00:00:00.000+10:00,1.455,140,603
1988-02-06T00:00:00.000+10:00,1.322,140,603
1988-02-07T00:00:00.000+10:00,1.239,140,603
1988-02-08T00:00:00.000+10:00,1.194,140,603
1988-02-09T00:00:00.000+10:00,1.130,140,603
1988-02-10T00:00:00.000+10:00,1.006,140,603
1988-02-11T00:00:00.000+10:00,0.965,140,603
1988-02-12T00:00:00.000+10:00,0.938,140,603
1988-02-13T00:00:00.000+10:00,0.997,140,603
1988-02-14T00:00:00.000+10:00,1.027,140,603
1988-02-15T00:00:00.000+10:00,1.008,140,603
1988-02-16T00:00:00.000+10:00,1.014,140,603
1988-02-17T00:00:00.000+10:00,1.012,140,603
1988-02-18T00:00:00.000+10:00,1.036,140,603
1988-02-19T00:00:00.000+10:00,1.034,140,603
1988-02-20T00:00:00.000+10:00,1.015,140,603
1988-02-21T00:00:00.000+10:00,1.003,140,603
1988-02-22T00:00:00.000+10:00,0.990,140,603
1988-02-23T00:00:00.000+10:00,0.980,140,603
1988-02-24T00:00:00.000+10:00,0.959,140,603
1988-02-25T00:00:00.000+10:00,0.925,140,603
1988-02-26T00:00:00.000+10:00,0.905,140,603
1988-02-27T00:00:00.000+10:00,0.915,140,603
1988-02-28T00:00:00.000+10:00,0.952,140,603
1988-02-29T00:00:00.000+10:00,0.937,140,603
1988-03-01T00:00:00.000+10:00,0.915,140,603
1988-03-02T00:00:00.000+10:00,0.895,140,603
1988-03-03T00:00:00.000+10:00,0.910,140,603
1988-03-04T00:00:00.000+10:00,0.875,140,603
1988-03-05T00:00:00.000+10:00,0.858,140,603
1988-03-06T00:00:00.000+10:00,0.865,140,603
1988-03-07T00:00:00.000+10:00,0.826,140,603
1988-03-08T00:00:00.000+10:00,0.843,140,603
1988-03-09T00:00:00.000+10:00,0.849,140,603
1988-03-10T00:00:00.000+10:00,0.918,140,603
1988-03-11T00:00:00.000+10:00,0.886,140,603
1988-03-12T00:00:00.000+10:00,0.858,140,603
1988-03-13T00:00:00.000+10:00,0.827,140,603
1988-03-14T00:00:00.000+10:00,0.795,140,603
1988-03-15T00:00:00.000+10:00,0.774,140,603
1988-03-16T00:00:00.000+10:00,0.763,140,603
1988-03-17T00:00:00.000+10:00,0.757,140,603
1988-03-18T00:00:00.000+10:00,0.767,140,603
1988-03-19T00:00:00.000+10:00,0.816,140,603
1988-03-20T00:00:00.000+10:00,0.947,140,603
1988-03-21T00:00:00.000+10:00,0.993,140,603
1988-03-22T00:00:00.000+10:00,1.014,140,603
1988-03-23T00:00:00.000+10:00,1.079,140,603
1988-03-24T00:00:00.000+10:00,1.132,140,603
1988-03-25T00:00:00.000+10:00,1.229,140,603
1988-03-26T00:00:00.000+10:00,1.297,140,603
1988-03-27T00:00:00.000+10:00,1.468,140,603
1988-03-28T00:00:00.000+10:00,1.557,140,603
1988-03-29T00:00:00.000+10:00,1.522,140,603
1988-03-30T00:00:00.000+10:00,1.433,140,603
1988-03-31T00:00:00.000+10:00,1.338,140,603
1988-04-01T00:00:00.000+10:00,1.407,140,603
1988-04-02T00:00:00.000+10:00,1.678,140,603
1988-04-03T00:00:00.000+10:00,3.033,140,603
1988-04-04T00:00:00.000+10:00,5.441,140,603
1988-04-05T00:00:00.000+10:00,8.451,140,603
1988-04-06T00:00:00.000+10:00,9.846,140,603
1988-04-07T00:00:00.000+10:00,14.861,140,603
1988-04-08T00:00:00.000+10:00,16.728,140,603
1988-04-09T00:00:00.000+10:00,16.012,140,603
1988-04-10T00:00:00.000+10:00,12.101,140,603
1988-04-11T00:00:00.000+10:00,9.521,140,603
1988-04-12T00:00:00.000+10:00,10.109,140,603
1988-04-13T00:00:00.000+10:00,11.309,140,603
1988-04-14T00:00:00.000+10:00,11.033,140,603
1988-04-15T00:00:00.000+10:00,8.283,140,603
1988-04-16T00:00:00.000+10:00,4.957,140,603
1988-04-17T00:00:00.000+10:00,3.401,140,603
1988-04-18T00:00:00.000+10:00,2.883,140,603
1988-04-19T00:00:00.000+10:00,2.629,140,603
1988-04-20T00:00:00.000+10:00,2.526,140,603
1988-04-21T00:00:00.000+10:00,2.333,140,603
1988-04-22T00:00:00.000+10:00,2.229,140,603
1988-04-23T00:00:00.000+10:00,2.187,140,603
1988-04-24T00:00:00.000+10:00,2.084,140,603
1988-04-25T00:00:00.000+10:00,1.964,140,603
1988-04-26T00:00:00.000+10:00,1.855,140,603
1988-04-27T00:00:00.000+10:00,1.767,140,603
1988-04-28T00:00:00.000+10:00,1.712,140,603
1988-04-29T00:00:00.000+10:00,1.797,140,603
1988-04-30T00:00:00.000+10:00,1.956,140,603
1988-05-01T00:00:00.000+10:00,1.816,140,603
1988-05-02T00:00:00.000+10:00,1.700,140,603
1988-05-03T00:00:00.000+10:00,1.623,140,603
1988-05-04T00:00:00.000+10:00,1.577,140,603
1988-05-05T00:00:00.000+10:00,1.529,140,603
1988-05-06T00:00:00.000+10:00,1.493,140,603
1988-05-07T00:00:00.000+10:00,1.459,140,603
1988-05-08T00:00:00.000+10:00,1.433,140,603
1988-05-09T00:00:00.000+10:00,1.400,140,603
1988-05-10T00:00:00.000+10:00,1.367,140,603
1988-05-11T00:00:00.000+10:00,1.340,140,603
1988-05-12T00:00:00.000+10:00,1.315,140,603
1988-05-13T00:00:00.000+10:00,1.293,140,603
1988-05-14T00:00:00.000+10:00,1.270,140,603
1988-05-15T00:00:00.000+10:00,1.261,140,603
1988-05-16T00:00:00.000+10:00,1.251,140,603
1988-05-17T00:00:00.000+10:00,1.235,140,603
1988-05-18T00:00:00.000+10:00,1.233,140,603
1988-05-19T00:00:00.000+10:00,1.216,140,603
1988-05-20T00:00:00.000+10:00,1.193,140,603
1988-05-21T00:00:00.000+10:00,1.174,140,603
1988-05-22T00:00:00.000+10:00,1.162,140,603
1988-05-23T00:00:00.000+10:00,1.153,140,603
1988-05-24T00:00:00.000+10:00,1.144,140,603
1988-05-25T00:00:00.000+10:00,1.134,140,603
1988-05-26T00:00:00.000+10:00,1.132,140,603
1988-05-27T00:00:00.000+10:00,1.134,140,603
1988-05-28T00:00:00.000+10:00,1.130,140,603
1988-05-29T00:00:00.000+10:00,1.138,140,603
1988-05-30T00:00:00.000+10:00,1.148,140,603
1988-05-31T00:00:00.000+10:00,1.131,140,603
1988-06-01T00:00:00.000+10:00,1.116,140,603
1988-06-02T00:00:00.000+10:00,1.105,140,603
1988-06-03T00:00:00.000+10:00,1.107,140,603
1988-06-04T00:00:00.000+10:00,1.195,140,603
1988-06-05T00:00:00.000+10:00,4.895,140,603
1988-06-06T00:00:00.000+10:00,4.892,140,603
1988-06-07T00:00:00.000+10:00,5.086,140,603
1988-06-08T00:00:00.000+10:00,3.282,140,603
1988-06-09T00:00:00.000+10:00,2.360,140,603
1988-06-10T00:00:00.000+10:00,2.026,140,603
1988-06-11T00:00:00.000+10:00,1.832,140,603
1988-06-12T00:00:00.000+10:00,1.710,140,603
1988-06-13T00:00:00.000+10:00,1.616,140,603
1988-06-14T00:00:00.000+10:00,1.543,140,603
1988-06-15T00:00:00.000+10:00,1.492,140,603
1988-06-16T00:00:00.000+10:00,1.465,140,603
1988-06-17T00:00:00.000+10:00,1.442,140,603
1988-06-18T00:00:00.000+10:00,1.398,140,603
1988-06-19T00:00:00.000+10:00,1.372,140,603
1988-06-20T00:00:00.000+10:00,1.347,140,603
1988-06-21T00:00:00.000+10:00,1.319,140,603
1988-06-22T00:00:00.000+10:00,1.297,140,603
1988-06-23T00:00:00.000+10:00,1.277,140,603
1988-06-24T00:00:00.000+10:00,1.261,140,603
1988-06-25T00:00:00.000+10:00,1.239,140,603
1988-06-26T00:00:00.000+10:00,1.235,140,603
1988-06-27T00:00:00.000+10:00,1.227,140,603
1988-06-28T00:00:00.000+10:00,1.222,140,603
1988-06-29T00:00:00.000+10:00,1.213,140,603
1988-06-30T00:00:00.000+10:00,1.201,140,603
1988-07-01T00:00:00.000+10:00,1.190,140,603
1988-07-02T00:00:00.000+10:00,1.175,140,603
1988-07-03T00:00:00.000+10:00,1.179,140,603
1988-07-04T00:00:00.000+10:00,1.219,140,603
1988-07-05T00:00:00.000+10:00,4.485,140,603
1988-07-06T00:00:00.000+10:00,9.492,140,603
1988-07-07T00:00:00.000+10:00,10.269,140,603
1988-07-08T00:00:00.000+10:00,9.623,140,603
1988-07-09T00:00:00.000+10:00,6.343,140,603
1988-07-10T00:00:00.000+10:00,3.427,140,603
1988-07-11T00:00:00.000+10:00,2.859,140,603
1988-07-12T00:00:00.000+10:00,2.614,140,603
1988-07-13T00:00:00.000+10:00,2.449,140,603
1988-07-14T00:00:00.000+10:00,2.417,140,603
1988-07-15T00:00:00.000+10:00,2.392,140,603
1988-07-16T00:00:00.000+10:00,2.336,140,603
1988-07-17T00:00:00.000+10:00,2.171,140,603
1988-07-18T00:00:00.000+10:00,2.024,140,603
1988-07-19T00:00:00.000+10:00,1.909,140,603
1988-07-20T00:00:00.000+10:00,1.813,140,603
1988-07-21T00:00:00.000+10:00,1.740,140,603
1988-07-22T00:00:00.000+10:00,1.672,140,603
1988-07-23T00:00:00.000+10:00,1.614,140,603
1988-07-24T00:00:00.000+10:00,1.571,140,603
1988-07-25T00:00:00.000+10:00,1.526,140,603
1988-07-26T00:00:00.000+10:00,1.486,140,603
1988-07-27T00:00:00.000+10:00,1.453,140,603
1988-07-28T00:00:00.000+10:00,1.424,140,603
1988-07-29T00:00:00.000+10:00,1.401,140,603
1988-07-30T00:00:00.000+10:00,1.375,140,603
1988-07-31T00:00:00.000+10:00,1.353,140,603
1988-08-01T00:00:00.000+10:00,1.334,140,603
1988-08-02T00:00:00.000+10:00,1.319,140,603
1988-08-03T00:00:00.000+10:00,1.305,140,603
1988-08-04T00:00:00.000+10:00,1.289,140,603
1988-08-05T00:00:00.000+10:00,1.280,140,603
1988-08-06T00:00:00.000+10:00,1.290,140,603
1988-08-07T00:00:00.000+10:00,1.281,140,603
1988-08-08T00:00:00.000+10:00,1.269,140,603
1988-08-09T00:00:00.000+10:00,1.273,140,603
1988-08-10T00:00:00.000+10:00,1.238,140,603
1988-08-11T00:00:00.000+10:00,1.217,140,603
1988-08-12T00:00:00.000+10:00,1.194,140,603
1988-08-13T00:00:00.000+10:00,1.188,140,603
1988-08-14T00:00:00.000+10:00,1.172,140,603
1988-08-15T00:00:00.000+10:00,1.165,140,603
1988-08-16T00:00:00.000+10:00,1.040,140,603
1988-08-17T00:00:00.000+10:00,1.019,140,603
1988-08-18T00:00:00.000+10:00,1.010,140,603
1988-08-19T00:00:00.000+10:00,1.054,140,603
1988-08-20T00:00:00.000+10:00,1.124,140,603
1988-08-21T00:00:00.000+10:00,1.120,140,603
1988-08-22T00:00:00.000+10:00,1.114,140,603
1988-08-23T00:00:00.000+10:00,1.114,140,603
1988-08-24T00:00:00.000+10:00,1.105,140,603
1988-08-25T00:00:00.000+10:00,1.099,140,603
1988-08-26T00:00:00.000+10:00,1.085,140,603
1988-08-27T00:00:00.000+10:00,1.088,140,603
1988-08-28T00:00:00.000+10:00,1.087,140,603
1988-08-29T00:00:00.000+10:00,1.080,140,603
1988-08-30T00:00:00.000+10:00,1.075,140,603
1988-08-31T00:00:00.000+10:00,1.062,140,603
1988-09-01T00:00:00.000+10:00,1.062,140,603
1988-09-02T00:00:00.000+10:00,1.062,140,603
1988-09-03T00:00:00.000+10:00,1.048,140,603
1988-09-04T00:00:00.000+10:00,1.052,140,603
1988-09-05T00:00:00.000+10:00,1.050,140,603
1988-09-06T00:00:00.000+10:00,1.045,140,603
1988-09-07T00:00:00.000+10:00,1.043,140,603
1988-09-08T00:00:00.000+10:00,1.024,140,603
1988-09-09T00:00:00.000+10:00,1.021,140,603
1988-09-10T00:00:00.000+10:00,1.021,140,603
1988-09-11T00:00:00.000+10:00,1.013,140,603
1988-09-12T00:00:00.000+10:00,0.997,140,603
1988-09-13T00:00:00.000+10:00,0.988,140,603
1988-09-14T00:00:00.000+10:00,0.955,140,603
1988-09-15T00:00:00.000+10:00,1.034,140,603
1988-09-16T00:00:00.000+10:00,1.644,140,603
1988-09-17T00:00:00.000+10:00,4.172,140,603
1988-09-18T00:00:00.000+10:00,3.537,140,603
1988-09-19T00:00:00.000+10:00,2.346,140,603
1988-09-20T00:00:00.000+10:00,1.891,140,603
1988-09-21T00:00:00.000+10:00,1.663,140,603
1988-09-22T00:00:00.000+10:00,1.532,140,603
1988-09-23T00:00:00.000+10:00,1.433,140,603
1988-09-24T00:00:00.000+10:00,1.368,140,603
1988-09-25T00:00:00.000+10:00,1.311,140,603
1988-09-26T00:00:00.000+10:00,1.274,140,603
1988-09-27T00:00:00.000+10:00,1.238,140,603
1988-09-28T00:00:00.000+10:00,1.207,140,603
1988-09-29T00:00:00.000+10:00,1.190,140,603
1988-09-30T00:00:00.000+10:00,1.168,140,603
1988-10-01T00:00:00.000+10:00,1.151,140,603
1988-10-02T00:00:00.000+10:00,1.129,140,603
1988-10-03T00:00:00.000+10:00,1.110,140,603
1988-10-04T00:00:00.000+10:00,1.099,140,603
1988-10-05T00:00:00.000+10:00,1.087,140,603
1988-10-06T00:00:00.000+10:00,1.078,140,603
1988-10-07T00:00:00.000+10:00,1.067,140,603
1988-10-08T00:00:00.000+10:00,1.057,140,603
1988-10-09T00:00:00.000+10:00,1.065,140,603
1988-10-10T00:00:00.000+10:00,1.058,140,603
1988-10-11T00:00:00.000+10:00,1.053,140,603
1988-10-12T00:00:00.000+10:00,1.047,140,603
1988-10-13T00:00:00.000+10:00,1.039,140,603
1988-10-14T00:00:00.000+10:00,1.006,140,603
1988-10-15T00:00:00.000+10:00,0.993,140,603
1988-10-16T00:00:00.000+10:00,0.970,140,603
1988-10-17T00:00:00.000+10:00,0.944,140,603
1988-10-18T00:00:00.000+10:00,0.912,140,603
1988-10-19T00:00:00.000+10:00,0.890,140,603
1988-10-20T00:00:00.000+10:00,0.876,140,603
1988-10-21T00:00:00.000+10:00,0.842,140,603
1988-10-22T00:00:00.000+10:00,0.841,140,603
1988-10-23T00:00:00.000+10:00,0.823,140,603
1988-10-24T00:00:00.000+10:00,0.808,140,603
1988-10-25T00:00:00.000+10:00,0.795,140,603
1988-10-26T00:00:00.000+10:00,0.770,140,603
1988-10-27T00:00:00.000+10:00,0.761,140,603
1988-10-28T00:00:00.000+10:00,0.765,140,603
1988-10-29T00:00:00.000+10:00,0.763,140,603
1988-10-30T00:00:00.000+10:00,0.749,140,603
1988-10-31T00:00:00.000+10:00,0.737,140,603
1988-11-01T00:00:00.000+10:00,0.741,140,603
1988-11-02T00:00:00.000+10:00,0.739,140,603
1988-11-03T00:00:00.000+10:00,0.727,140,603
1988-11-04T00:00:00.000+10:00,0.728,140,603
1988-11-05T00:00:00.000+10:00,0.732,140,603
1988-11-06T00:00:00.000+10:00,0.706,140,603
1988-11-07T00:00:00.000+10:00,0.699,140,603
1988-11-08T00:00:00.000+10:00,0.723,140,603
1988-11-09T00:00:00.000+10:00,0.750,140,603
1988-11-10T00:00:00.000+10:00,0.710,140,603
1988-11-11T00:00:00.000+10:00,0.689,140,603
1988-11-12T00:00:00.000+10:00,0.679,140,603
1988-11-13T00:00:00.000+10:00,0.667,140,603
1988-11-14T00:00:00.000+10:00,0.649,140,603
1988-11-15T00:00:00.000+10:00,0.657,140,603
1988-11-16T00:00:00.000+10:00,0.737,140,603
1988-11-17T00:00:00.000+10:00,0.867,140,603
1988-11-18T00:00:00.000+10:00,0.873,140,603
1988-11-19T00:00:00.000+10:00,0.923,140,603
1988-11-20T00:00:00.000+10:00,0.772,140,603
1988-11-21T00:00:00.000+10:00,0.827,140,603
1988-11-22T00:00:00.000+10:00,0.844,140,603
1988-11-23T00:00:00.000+10:00,0.883,140,603
1988-11-24T00:00:00.000+10:00,0.810,140,603
1988-11-25T00:00:00.000+10:00,0.765,140,603
1988-11-26T00:00:00.000+10:00,0.709,140,603
1988-11-27T00:00:00.000+10:00,0.719,140,603
1988-11-28T00:00:00.000+10:00,0.703,140,603
1988-11-29T00:00:00.000+10:00,0.758,140,603
1988-11-30T00:00:00.000+10:00,0.857,140,603
1988-12-01T00:00:00.000+10:00,0.764,140,603
1988-12-02T00:00:00.000+10:00,0.734,140,603
1988-12-03T00:00:00.000+10:00,0.717,140,603
1988-12-04T00:00:00.000+10:00,0.687,140,603
1988-12-05T00:00:00.000+10:00,0.659,140,603
1988-12-06T00:00:00.000+10:00,0.650,140,603
1988-12-07T00:00:00.000+10:00,0.662,140,603
1988-12-08T00:00:00.000+10:00,0.588,140,603
1988-12-09T00:00:00.000+10:00,0.597,140,603
1988-12-10T00:00:00.000+10:00,0.659,140,603
1988-12-11T00:00:00.000+10:00,0.736,140,603
1988-12-12T00:00:00.000+10:00,1.182,140,603
1988-12-13T00:00:00.000+10:00,1.028,140,603
1988-12-14T00:00:00.000+10:00,0.940,140,603
1988-12-15T00:00:00.000+10:00,0.889,140,603
1988-12-16T00:00:00.000+10:00,1.015,140,603
1988-12-17T00:00:00.000+10:00,2.048,140,603
1988-12-18T00:00:00.000+10:00,2.960,140,603
1988-12-19T00:00:00.000+10:00,5.347,140,603
1988-12-20T00:00:00.000+10:00,6.400,140,603
1988-12-21T00:00:00.000+10:00,8.017,140,603
1988-12-22T00:00:00.000+10:00,7.401,140,603
1988-12-23T00:00:00.000+10:00,4.034,140,603
1988-12-24T00:00:00.000+10:00,2.582,140,603
1988-12-25T00:00:00.000+10:00,2.310,140,603
1988-12-26T00:00:00.000+10:00,2.462,140,603
1988-12-27T00:00:00.000+10:00,2.042,140,603
1988-12-28T00:00:00.000+10:00,1.883,140,603
1988-12-29T00:00:00.000+10:00,1.729,140,603
1988-12-30T00:00:00.000+10:00,1.622,140,603
1988-12-31T00:00:00.000+10:00,1.549,140,603
1989-01-01T00:00:00.000+10:00,1.504,140,603
1989-01-02T00:00:00.000+10:00,1.477,140,603
1989-01-03T00:00:00.000+10:00,1.448,140,603
1989-01-04T00:00:00.000+10:00,1.434,140,603
1989-01-05T00:00:00.000+10:00,1.549,140,603
1989-01-06T00:00:00.000+10:00,1.537,140,603
1989-01-07T00:00:00.000+10:00,1.598,140,603
1989-01-08T00:00:00.000+10:00,1.605,140,603
1989-01-09T00:00:00.000+10:00,1.541,140,603
1989-01-10T00:00:00.000+10:00,1.641,140,603
1989-01-11T00:00:00.000+10:00,2.064,140,603
1989-01-12T00:00:00.000+10:00,1.420,140,603
1989-01-13T00:00:00.000+10:00,1.425,140,603
1989-01-14T00:00:00.000+10:00,1.370,140,603
1989-01-15T00:00:00.000+10:00,1.355,140,603
1989-01-16T00:00:00.000+10:00,1.410,140,603
1989-01-17T00:00:00.000+10:00,1.450,140,603
1989-01-18T00:00:00.000+10:00,1.495,140,603
1989-01-19T00:00:00.000+10:00,1.468,140,603
1989-01-20T00:00:00.000+10:00,1.552,140,603
1989-01-21T00:00:00.000+10:00,1.558,140,603
1989-01-22T00:00:00.000+10:00,1.560,140,603
1989-01-23T00:00:00.000+10:00,1.659,140,603
1989-01-24T00:00:00.000+10:00,2.748,140,603
1989-01-25T00:00:00.000+10:00,3.838,140,603
1989-01-26T00:00:00.000+10:00,3.829,140,603
1989-01-27T00:00:00.000+10:00,2.823,140,603
1989-01-28T00:00:00.000+10:00,3.836,140,603
1989-01-29T00:00:00.000+10:00,5.644,140,603
1989-01-30T00:00:00.000+10:00,7.020,140,603
1989-01-31T00:00:00.000+10:00,6.423,140,603
1989-02-01T00:00:00.000+10:00,4.004,140,603
1989-02-02T00:00:00.000+10:00,2.768,140,603
1989-02-03T00:00:00.000+10:00,2.345,140,603
1989-02-04T00:00:00.000+10:00,2.097,140,603
1989-02-05T00:00:00.000+10:00,1.935,140,603
1989-02-06T00:00:00.000+10:00,1.830,140,603
1989-02-07T00:00:00.000+10:00,1.792,140,603
1989-02-08T00:00:00.000+10:00,1.878,140,603
1989-02-09T00:00:00.000+10:00,1.693,140,603
1989-02-10T00:00:00.000+10:00,1.577,140,603
1989-02-11T00:00:00.000+10:00,1.540,140,603
1989-02-12T00:00:00.000+10:00,1.491,140,603
1989-02-13T00:00:00.000+10:00,1.519,140,603
1989-02-14T00:00:00.000+10:00,1.477,140,603
1989-02-15T00:00:00.000+10:00,1.503,140,603
1989-02-16T00:00:00.000+10:00,1.489,140,603
1989-02-17T00:00:00.000+10:00,1.464,140,603
1989-02-18T00:00:00.000+10:00,1.431,140,603
1989-02-19T00:00:00.000+10:00,1.386,140,603
1989-02-20T00:00:00.000+10:00,1.346,140,603
1989-02-21T00:00:00.000+10:00,1.325,140,603
1989-02-22T00:00:00.000+10:00,1.281,140,603
1989-02-23T00:00:00.000+10:00,1.256,140,603
1989-02-24T00:00:00.000+10:00,1.211,140,603
1989-02-25T00:00:00.000+10:00,1.181,140,603
1989-02-26T00:00:00.000+10:00,1.160,140,603
1989-02-27T00:00:00.000+10:00,1.155,140,603
1989-02-28T00:00:00.000+10:00,1.169,140,603
1989-03-01T00:00:00.000+10:00,1.234,140,603
1989-03-02T00:00:00.000+10:00,2.170,140,603
1989-03-03T00:00:00.000+10:00,2.610,140,603
1989-03-04T00:00:00.000+10:00,2.608,140,603
1989-03-05T00:00:00.000+10:00,3.426,140,603
1989-03-06T00:00:00.000+10:00,3.438,140,603
1989-03-07T00:00:00.000+10:00,2.873,140,603
1989-03-08T00:00:00.000+10:00,2.343,140,603
1989-03-09T00:00:00.000+10:00,2.087,140,603
1989-03-10T00:00:00.000+10:00,1.877,140,603
1989-03-11T00:00:00.000+10:00,1.726,140,603
1989-03-12T00:00:00.000+10:00,1.616,140,603
1989-03-13T00:00:00.000+10:00,1.540,140,603
1989-03-14T00:00:00.000+10:00,1.472,140,603
1989-03-15T00:00:00.000+10:00,1.419,140,603
1989-03-16T00:00:00.000+10:00,1.366,140,603
1989-03-17T00:00:00.000+10:00,1.599,140,603
1989-03-18T00:00:00.000+10:00,1.733,140,603
1989-03-19T00:00:00.000+10:00,2.269,140,603
1989-03-20T00:00:00.000+10:00,2.149,140,603
1989-03-21T00:00:00.000+10:00,1.919,140,603
1989-03-22T00:00:00.000+10:00,1.727,140,603
1989-03-23T00:00:00.000+10:00,1.601,140,603
1989-03-24T00:00:00.000+10:00,1.565,140,603
1989-03-25T00:00:00.000+10:00,1.607,140,603
1989-03-26T00:00:00.000+10:00,3.024,140,603
1989-03-27T00:00:00.000+10:00,4.122,140,603
1989-03-28T00:00:00.000+10:00,6.606,140,603
1989-03-29T00:00:00.000+10:00,6.752,140,603
1989-03-30T00:00:00.000+10:00,5.372,140,603
1989-03-31T00:00:00.000+10:00,3.568,140,603
1989-04-01T00:00:00.000+10:00,3.978,140,603
1989-04-02T00:00:00.000+10:00,11.678,140,603
1989-04-03T00:00:00.000+10:00,14.988,140,603
1989-04-04T00:00:00.000+10:00,16.103,140,603
1989-04-05T00:00:00.000+10:00,12.890,140,603
1989-04-06T00:00:00.000+10:00,9.405,140,603
1989-04-07T00:00:00.000+10:00,6.868,140,603
1989-04-08T00:00:00.000+10:00,5.023,140,603
1989-04-09T00:00:00.000+10:00,4.019,140,603
1989-04-10T00:00:00.000+10:00,3.350,140,603
1989-04-11T00:00:00.000+10:00,3.014,140,603
1989-04-12T00:00:00.000+10:00,2.893,140,603
1989-04-13T00:00:00.000+10:00,2.990,140,603
1989-04-14T00:00:00.000+10:00,2.590,140,603
1989-04-15T00:00:00.000+10:00,2.312,140,603
1989-04-16T00:00:00.000+10:00,2.143,140,603
1989-04-17T00:00:00.000+10:00,2.023,140,603
1989-04-18T00:00:00.000+10:00,1.930,140,603
1989-04-19T00:00:00.000+10:00,1.857,140,603
1989-04-20T00:00:00.000+10:00,1.799,140,603
1989-04-21T00:00:00.000+10:00,1.735,140,603
1989-04-22T00:00:00.000+10:00,1.701,140,603
1989-04-23T00:00:00.000+10:00,1.655,140,603
1989-04-24T00:00:00.000+10:00,2.168,140,603
1989-04-25T00:00:00.000+10:00,7.498,140,603
1989-04-26T00:00:00.000+10:00,11.257,140,603
1989-04-27T00:00:00.000+10:00,14.163,140,603
1989-04-28T00:00:00.000+10:00,16.341,140,603
1989-04-29T00:00:00.000+10:00,13.549,140,603
1989-04-30T00:00:00.000+10:00,8.844,140,603
1989-05-01T00:00:00.000+10:00,4.716,140,603
1989-05-02T00:00:00.000+10:00,3.274,140,603
1989-05-03T00:00:00.000+10:00,2.837,140,603
1989-05-04T00:00:00.000+10:00,2.578,140,603
1989-05-05T00:00:00.000+10:00,2.394,140,603
1989-05-06T00:00:00.000+10:00,2.256,140,603
1989-05-07T00:00:00.000+10:00,2.189,140,603
1989-05-08T00:00:00.000+10:00,2.098,140,603
1989-05-09T00:00:00.000+10:00,2.052,140,603
1989-05-10T00:00:00.000+10:00,2.102,140,603
1989-05-11T00:00:00.000+10:00,2.165,140,603
1989-05-12T00:00:00.000+10:00,2.105,140,603
1989-05-13T00:00:00.000+10:00,1.972,140,603
1989-05-14T00:00:00.000+10:00,1.966,140,603
1989-05-15T00:00:00.000+10:00,1.900,140,603
1989-05-16T00:00:00.000+10:00,1.931,140,603
1989-05-17T00:00:00.000+10:00,2.059,140,603
1989-05-18T00:00:00.000+10:00,2.362,140,603
1989-05-19T00:00:00.000+10:00,2.174,140,603
1989-05-20T00:00:00.000+10:00,2.050,140,603
1989-05-21T00:00:00.000+10:00,1.938,140,603
1989-05-22T00:00:00.000+10:00,1.875,140,603
1989-05-23T00:00:00.000+10:00,1.997,140,603
1989-05-24T00:00:00.000+10:00,1.943,140,603
1989-05-25T00:00:00.000+10:00,1.824,140,603
1989-05-26T00:00:00.000+10:00,1.734,140,603
1989-05-27T00:00:00.000+10:00,1.683,140,603
1989-05-28T00:00:00.000+10:00,1.741,140,603
1989-05-29T00:00:00.000+10:00,2.082,140,603
1989-05-30T00:00:00.000+10:00,2.270,140,603
1989-05-31T00:00:00.000+10:00,2.199,140,603
1989-06-01T00:00:00.000+10:00,2.019,140,603
1989-06-02T00:00:00.000+10:00,1.757,140,603
1989-06-03T00:00:00.000+10:00,1.634,140,603
1989-06-04T00:00:00.000+10:00,1.579,140,603
1989-06-05T00:00:00.000+10:00,1.543,140,603
1989-06-06T00:00:00.000+10:00,1.558,140,603
1989-06-07T00:00:00.000+10:00,1.568,140,603
1989-06-08T00:00:00.000+10:00,1.511,140,603
1989-06-09T00:00:00.000+10:00,1.452,140,603
1989-06-10T00:00:00.000+10:00,1.406,140,603
1989-06-11T00:00:00.000+10:00,1.364,140,603
1989-06-12T00:00:00.000+10:00,1.326,140,603
1989-06-13T00:00:00.000+10:00,1.292,140,603
1989-06-14T00:00:00.000+10:00,1.268,140,603
1989-06-15T00:00:00.000+10:00,1.248,140,603
1989-06-16T00:00:00.000+10:00,1.228,140,603
1989-06-17T00:00:00.000+10:00,1.216,140,603
1989-06-18T00:00:00.000+10:00,1.205,140,603
1989-06-19T00:00:00.000+10:00,1.193,140,603
1989-06-20T00:00:00.000+10:00,1.180,140,603
1989-06-21T00:00:00.000+10:00,1.166,140,603
1989-06-22T00:00:00.000+10:00,3.472,140,603
1989-06-23T00:00:00.000+10:00,5.506,140,603
1989-06-24T00:00:00.000+10:00,7.528,140,603
1989-06-25T00:00:00.000+10:00,6.842,140,603
1989-06-26T00:00:00.000+10:00,3.856,140,603
1989-06-27T00:00:00.000+10:00,2.692,140,603
1989-06-28T00:00:00.000+10:00,2.349,140,603
1989-06-29T00:00:00.000+10:00,3.299,140,603
1989-06-30T00:00:00.000+10:00,5.385,140,603
1989-07-01T00:00:00.000+10:00,6.221,140,603
1989-07-02T00:00:00.000+10:00,5.464,140,603
1989-07-03T00:00:00.000+10:00,3.814,140,603
1989-07-04T00:00:00.000+10:00,2.981,140,603
1989-07-05T00:00:00.000+10:00,2.624,140,603
1989-07-06T00:00:00.000+10:00,2.381,140,603
1989-07-07T00:00:00.000+10:00,2.209,140,603
1989-07-08T00:00:00.000+10:00,2.072,140,603
1989-07-09T00:00:00.000+10:00,1.964,140,603
1989-07-10T00:00:00.000+10:00,1.891,140,603
1989-07-11T00:00:00.000+10:00,1.841,140,603
1989-07-12T00:00:00.000+10:00,1.778,140,603
1989-07-13T00:00:00.000+10:00,1.709,140,603
1989-07-14T00:00:00.000+10:00,1.649,140,603
1989-07-15T00:00:00.000+10:00,1.603,140,603
1989-07-16T00:00:00.000+10:00,1.570,140,603
1989-07-17T00:00:00.000+10:00,1.540,140,603
1989-07-18T00:00:00.000+10:00,1.509,140,603
1989-07-19T00:00:00.000+10:00,1.478,140,603
1989-07-20T00:00:00.000+10:00,1.449,140,603
1989-07-21T00:00:00.000+10:00,1.421,140,603
1989-07-22T00:00:00.000+10:00,1.397,140,603
1989-07-23T00:00:00.000+10:00,1.379,140,603
1989-07-24T00:00:00.000+10:00,1.395,140,603
1989-07-25T00:00:00.000+10:00,1.393,140,603
1989-07-26T00:00:00.000+10:00,1.367,140,603
1989-07-27T00:00:00.000+10:00,1.342,140,603
1989-07-28T00:00:00.000+10:00,1.321,140,603
1989-07-29T00:00:00.000+10:00,1.311,140,603
1989-07-30T00:00:00.000+10:00,1.318,140,603
1989-07-31T00:00:00.000+10:00,1.299,140,603
1989-08-01T00:00:00.000+10:00,1.285,140,603
1989-08-02T00:00:00.000+10:00,1.264,140,603
1989-08-03T00:00:00.000+10:00,1.235,140,603
1989-08-04T00:00:00.000+10:00,1.215,140,603
1989-08-05T00:00:00.000+10:00,1.196,140,603
1989-08-06T00:00:00.000+10:00,1.184,140,603
1989-08-07T00:00:00.000+10:00,1.170,140,603
1989-08-08T00:00:00.000+10:00,1.157,140,603
1989-08-09T00:00:00.000+10:00,1.144,140,603
1989-08-10T00:00:00.000+10:00,1.134,140,603
1989-08-11T00:00:00.000+10:00,1.124,140,603
1989-08-12T00:00:00.000+10:00,1.110,140,603
1989-08-13T00:00:00.000+10:00,1.107,140,603
1989-08-14T00:00:00.000+10:00,1.099,140,603
1989-08-15T00:00:00.000+10:00,1.092,140,603
1989-08-16T00:00:00.000+10:00,1.090,140,603
1989-08-17T00:00:00.000+10:00,1.098,140,603
1989-08-18T00:00:00.000+10:00,1.137,140,603
1989-08-19T00:00:00.000+10:00,1.199,140,603
1989-08-20T00:00:00.000+10:00,1.254,140,603
1989-08-21T00:00:00.000+10:00,1.261,140,603
1989-08-22T00:00:00.000+10:00,1.221,140,603
1989-08-23T00:00:00.000+10:00,1.188,140,603
1989-08-24T00:00:00.000+10:00,1.171,140,603
1989-08-25T00:00:00.000+10:00,1.134,140,603
1989-08-26T00:00:00.000+10:00,1.103,140,603
1989-08-27T00:00:00.000+10:00,1.090,140,603
1989-08-28T00:00:00.000+10:00,1.078,140,603
1989-08-29T00:00:00.000+10:00,1.069,140,603
1989-08-30T00:00:00.000+10:00,1.059,140,603
1989-08-31T00:00:00.000+10:00,1.051,140,603
1989-09-01T00:00:00.000+10:00,1.040,140,603
1989-09-02T00:00:00.000+10:00,1.043,140,603
1989-09-03T00:00:00.000+10:00,1.038,140,603
1989-09-04T00:00:00.000+10:00,1.031,140,603
1989-09-05T00:00:00.000+10:00,1.020,140,603
1989-09-06T00:00:00.000+10:00,1.009,140,603
1989-09-07T00:00:00.000+10:00,0.999,140,603
1989-09-08T00:00:00.000+10:00,0.993,140,603
1989-09-09T00:00:00.000+10:00,0.991,140,603
1989-09-10T00:00:00.000+10:00,0.987,140,603
1989-09-11T00:00:00.000+10:00,0.984,140,603
1989-09-12T00:00:00.000+10:00,0.991,140,603
1989-09-13T00:00:00.000+10:00,0.987,140,603
1989-09-14T00:00:00.000+10:00,0.986,140,603
1989-09-15T00:00:00.000+10:00,0.974,140,603
1989-09-16T00:00:00.000+10:00,0.973,140,603
1989-09-17T00:00:00.000+10:00,0.969,140,603
1989-09-18T00:00:00.000+10:00,0.971,140,603
1989-09-19T00:00:00.000+10:00,0.963,140,603
1989-09-20T00:00:00.000+10:00,0.927,140,603
1989-09-21T00:00:00.000+10:00,0.938,10,603
1989-09-22T00:00:00.000+10:00,0.904,10,603
1989-09-23T00:00:00.000+10:00,0.907,10,603
1989-09-24T00:00:00.000+10:00,0.894,10,603
1989-09-25T00:00:00.000+10:00,0.888,10,603
1989-09-26T00:00:00.000+10:00,0.857,10,603
1989-09-27T00:00:00.000+10:00,0.852,10,603
1989-09-28T00:00:00.000+10:00,0.838,10,603
1989-09-29T00:00:00.000+10:00,0.823,10,603
1989-09-30T00:00:00.000+10:00,0.818,10,603
1989-10-01T00:00:00.000+10:00,0.789,10,603
1989-10-02T00:00:00.000+10:00,0.812,10,603
1989-10-03T00:00:00.000+10:00,0.782,10,603
1989-10-04T00:00:00.000+10:00,0.789,10,603
1989-10-05T00:00:00.000+10:00,0.775,10,603
1989-10-06T00:00:00.000+10:00,0.775,10,603
1989-10-07T00:00:00.000+10:00,0.772,10,603
1989-10-08T00:00:00.000+10:00,0.750,10,603
1989-10-09T00:00:00.000+10:00,0.709,10,603
1989-10-10T00:00:00.000+10:00,0.736,10,603
1989-10-11T00:00:00.000+10:00,0.711,10,603
1989-10-12T00:00:00.000+10:00,0.704,10,603
1989-10-13T00:00:00.000+10:00,0.697,10,603
1989-10-14T00:00:00.000+10:00,0.691,10,603
1989-10-15T00:00:00.000+10:00,0.643,10,603
1989-10-16T00:00:00.000+10:00,0.666,10,603
1989-10-17T00:00:00.000+10:00,0.717,10,603
1989-10-18T00:00:00.000+10:00,0.703,10,603
1989-10-19T00:00:00.000+10:00,0.677,10,603
1989-10-20T00:00:00.000+10:00,0.718,10,603
1989-10-21T00:00:00.000+10:00,0.740,10,603
1989-10-22T00:00:00.000+10:00,0.638,10,603
1989-10-23T00:00:00.000+10:00,0.640,10,603
1989-10-24T00:00:00.000+10:00,0.656,10,603
1989-10-25T00:00:00.000+10:00,0.689,10,603
1989-10-26T00:00:00.000+10:00,0.701,10,603
1989-10-27T00:00:00.000+10:00,0.777,10,603
1989-10-28T00:00:00.000+10:00,0.841,10,603
1989-10-29T00:00:00.000+10:00,0.761,10,603
1989-10-30T00:00:00.000+10:00,0.688,10,603
1989-10-31T00:00:00.000+10:00,0.701,10,603
1989-11-01T00:00:00.000+10:00,0.665,10,603
1989-11-02T00:00:00.000+10:00,0.660,10,603
1989-11-03T00:00:00.000+10:00,0.726,10,603
1989-11-04T00:00:00.000+10:00,0.843,10,603
1989-11-05T00:00:00.000+10:00,0.857,10,603
1989-11-06T00:00:00.000+10:00,0.861,10,603
1989-11-07T00:00:00.000+10:00,0.955,10,603
1989-11-08T00:00:00.000+10:00,0.915,10,603
1989-11-09T00:00:00.000+10:00,0.921,10,603
1989-11-10T00:00:00.000+10:00,0.936,10,603
1989-11-11T00:00:00.000+10:00,0.926,10,603
1989-11-12T00:00:00.000+10:00,1.029,10,603
1989-11-13T00:00:00.000+10:00,1.086,10,603
1989-11-14T00:00:00.000+10:00,1.045,10,603
1989-11-15T00:00:00.000+10:00,1.109,10,603
1989-11-16T00:00:00.000+10:00,1.097,10,603
1989-11-17T00:00:00.000+10:00,1.250,10,603
1989-11-18T00:00:00.000+10:00,1.104,10,603
1989-11-19T00:00:00.000+10:00,1.073,10,603
1989-11-20T00:00:00.000+10:00,1.049,10,603
1989-11-21T00:00:00.000+10:00,1.036,10,603
1989-11-22T00:00:00.000+10:00,1.024,10,603
1989-11-23T00:00:00.000+10:00,1.060,10,603
1989-11-24T00:00:00.000+10:00,1.077,10,603
1989-11-25T00:00:00.000+10:00,1.047,10,603
1989-11-26T00:00:00.000+10:00,1.016,10,603
1989-11-27T00:00:00.000+10:00,0.995,10,603
1989-11-28T00:00:00.000+10:00,0.946,10,603
1989-11-29T00:00:00.000+10:00,0.911,10,603
1989-11-30T00:00:00.000+10:00,0.951,10,603
1989-12-01T00:00:00.000+10:00,0.943,10,603
1989-12-02T00:00:00.000+10:00,0.905,10,603
1989-12-03T00:00:00.000+10:00,0.865,10,603
1989-12-04T00:00:00.000+10:00,0.886,10,603
1989-12-05T00:00:00.000+10:00,1.204,10,603
1989-12-06T00:00:00.000+10:00,1.240,10,603
1989-12-07T00:00:00.000+10:00,1.104,10,603
1989-12-08T00:00:00.000+10:00,1.147,10,603
1989-12-09T00:00:00.000+10:00,1.190,10,603
1989-12-10T00:00:00.000+10:00,1.264,10,603
1989-12-11T00:00:00.000+10:00,1.568,10,603
1989-12-12T00:00:00.000+10:00,1.460,10,603
1989-12-13T00:00:00.000+10:00,1.655,10,603
1989-12-14T00:00:00.000+10:00,1.361,10,603
1989-12-15T00:00:00.000+10:00,1.327,10,603
1989-12-16T00:00:00.000+10:00,1.228,10,603
1989-12-17T00:00:00.000+10:00,1.164,10,603
1989-12-18T00:00:00.000+10:00,1.118,10,603
1989-12-19T00:00:00.000+10:00,1.083,10,603
1989-12-20T00:00:00.000+10:00,1.058,10,603
1989-12-21T00:00:00.000+10:00,1.185,10,603
1989-12-22T00:00:00.000+10:00,0.998,10,603
1989-12-23T00:00:00.000+10:00,1.028,10,603
1989-12-24T00:00:00.000+10:00,1.087,10,603
1989-12-25T00:00:00.000+10:00,1.123,10,603
1989-12-26T00:00:00.000+10:00,1.055,10,603
1989-12-27T00:00:00.000+10:00,1.078,10,603
1989-12-28T00:00:00.000+10:00,1.030,10,603
1989-12-29T00:00:00.000+10:00,1.015,10,603
1989-12-30T00:00:00.000+10:00,0.995,10,603
1989-12-31T00:00:00.000+10:00,0.990,10,603
1990-01-01T00:00:00.000+10:00,0.974,10,603
1990-01-02T00:00:00.000+10:00,0.967,10,603
1990-01-03T00:00:00.000+10:00,0.959,10,603
1990-01-04T00:00:00.000+10:00,0.944,10,603
1990-01-05T00:00:00.000+10:00,0.929,10,603
1990-01-06T00:00:00.000+10:00,0.899,10,603
1990-01-07T00:00:00.000+10:00,0.904,10,603
1990-01-08T00:00:00.000+10:00,0.920,10,603
1990-01-09T00:00:00.000+10:00,0.899,10,603
1990-01-10T00:00:00.000+10:00,0.913,10,603
1990-01-11T00:00:00.000+10:00,0.893,10,603
1990-01-12T00:00:00.000+10:00,0.879,10,603
1990-01-13T00:00:00.000+10:00,0.919,10,603
1990-01-14T00:00:00.000+10:00,0.959,10,603
1990-01-15T00:00:00.000+10:00,0.985,10,603
1990-01-16T00:00:00.000+10:00,0.980,10,603
1990-01-17T00:00:00.000+10:00,0.965,10,603
1990-01-18T00:00:00.000+10:00,0.951,10,603
1990-01-19T00:00:00.000+10:00,0.924,10,603
1990-01-20T00:00:00.000+10:00,0.955,10,603
1990-01-21T00:00:00.000+10:00,0.968,10,603
1990-01-22T00:00:00.000+10:00,0.967,10,603
1990-01-23T00:00:00.000+10:00,0.968,10,603
1990-01-24T00:00:00.000+10:00,0.962,10,603
1990-01-25T00:00:00.000+10:00,0.971,10,603
1990-01-26T00:00:00.000+10:00,1.032,10,603
1990-01-27T00:00:00.000+10:00,1.032,10,603
1990-01-28T00:00:00.000+10:00,1.010,10,603
1990-01-29T00:00:00.000+10:00,0.998,10,603
1990-01-30T00:00:00.000+10:00,0.983,10,603
1990-01-31T00:00:00.000+10:00,0.962,10,603
1990-02-01T00:00:00.000+10:00,1.113,10,603
1990-02-02T00:00:00.000+10:00,2.735,10,603
1990-02-03T00:00:00.000+10:00,5.594,10,603
1990-02-04T00:00:00.000+10:00,7.422,10,603
1990-02-05T00:00:00.000+10:00,6.977,10,603
1990-02-06T00:00:00.000+10:00,5.742,10,603
1990-02-07T00:00:00.000+10:00,3.433,10,603
1990-02-08T00:00:00.000+10:00,4.811,10,603
1990-02-09T00:00:00.000+10:00,4.450,10,603
1990-02-10T00:00:00.000+10:00,4.897,10,603
1990-02-11T00:00:00.000+10:00,4.209,10,603
1990-02-12T00:00:00.000+10:00,3.424,10,603
1990-02-13T00:00:00.000+10:00,2.890,10,603
1990-02-14T00:00:00.000+10:00,4.818,10,603
1990-02-15T00:00:00.000+10:00,4.496,10,603
1990-02-16T00:00:00.000+10:00,3.879,10,603
1990-02-17T00:00:00.000+10:00,2.875,10,603
1990-02-18T00:00:00.000+10:00,2.896,10,603
1990-02-19T00:00:00.000+10:00,3.066,10,603
1990-02-20T00:00:00.000+10:00,2.325,10,603
1990-02-21T00:00:00.000+10:00,2.189,10,603
1990-02-22T00:00:00.000+10:00,2.214,10,603
1990-02-23T00:00:00.000+10:00,2.030,10,603
1990-02-24T00:00:00.000+10:00,1.900,10,603
1990-02-25T00:00:00.000+10:00,1.776,10,603
1990-02-26T00:00:00.000+10:00,1.683,10,603
1990-02-27T00:00:00.000+10:00,1.679,10,603
1990-02-28T00:00:00.000+10:00,1.865,10,603
1990-03-01T00:00:00.000+10:00,2.093,10,603
1990-03-02T00:00:00.000+10:00,1.834,10,603
1990-03-03T00:00:00.000+10:00,1.687,10,603
1990-03-04T00:00:00.000+10:00,1.592,10,603
1990-03-05T00:00:00.000+10:00,1.524,10,603
1990-03-06T00:00:00.000+10:00,1.470,10,603
1990-03-07T00:00:00.000+10:00,1.442,10,603
1990-03-08T00:00:00.000+10:00,1.566,10,603
1990-03-09T00:00:00.000+10:00,1.599,10,603
1990-03-10T00:00:00.000+10:00,1.678,10,603
1990-03-11T00:00:00.000+10:00,1.599,10,603
1990-03-12T00:00:00.000+10:00,1.496,10,603
1990-03-13T00:00:00.000+10:00,1.423,10,603
1990-03-14T00:00:00.000+10:00,1.376,10,603
1990-03-15T00:00:00.000+10:00,1.397,10,603
1990-03-16T00:00:00.000+10:00,1.425,10,603
1990-03-17T00:00:00.000+10:00,1.417,10,603
1990-03-18T00:00:00.000+10:00,1.396,10,603
1990-03-19T00:00:00.000+10:00,1.355,10,603
1990-03-20T00:00:00.000+10:00,1.317,10,603
1990-03-21T00:00:00.000+10:00,1.285,10,603
1990-03-22T00:00:00.000+10:00,1.257,10,603
1990-03-23T00:00:00.000+10:00,1.258,10,603
1990-03-24T00:00:00.000+10:00,1.257,10,603
1990-03-25T00:00:00.000+10:00,1.262,10,603
1990-03-26T00:00:00.000+10:00,1.298,10,603
1990-03-27T00:00:00.000+10:00,1.398,10,603
1990-03-28T00:00:00.000+10:00,1.960,10,603
1990-03-29T00:00:00.000+10:00,2.440,10,603
1990-03-30T00:00:00.000+10:00,2.433,10,603
1990-03-31T00:00:00.000+10:00,2.085,10,603
1990-04-01T00:00:00.000+10:00,1.859,10,603
1990-04-02T00:00:00.000+10:00,2.580,10,603
1990-04-03T00:00:00.000+10:00,2.295,10,603
1990-04-04T00:00:00.000+10:00,2.376,10,603
1990-04-05T00:00:00.000+10:00,8.335,10,603
1990-04-06T00:00:00.000+10:00,11.658,10,603
1990-04-07T00:00:00.000+10:00,11.861,10,603
1990-04-08T00:00:00.000+10:00,10.424,10,603
1990-04-09T00:00:00.000+10:00,7.708,10,603
1990-04-10T00:00:00.000+10:00,5.920,10,603
1990-04-11T00:00:00.000+10:00,4.862,10,603
1990-04-12T00:00:00.000+10:00,3.823,10,603
1990-04-13T00:00:00.000+10:00,3.252,10,603
1990-04-14T00:00:00.000+10:00,2.851,10,603
1990-04-15T00:00:00.000+10:00,2.567,10,603
1990-04-16T00:00:00.000+10:00,2.401,10,603
1990-04-17T00:00:00.000+10:00,2.353,10,603
1990-04-18T00:00:00.000+10:00,2.315,10,603
1990-04-19T00:00:00.000+10:00,2.440,10,603
1990-04-20T00:00:00.000+10:00,3.876,10,603
1990-04-21T00:00:00.000+10:00,8.008,10,603
1990-04-22T00:00:00.000+10:00,8.190,10,603
1990-04-23T00:00:00.000+10:00,6.852,10,603
1990-04-24T00:00:00.000+10:00,4.226,10,603
1990-04-25T00:00:00.000+10:00,2.973,10,603
1990-04-26T00:00:00.000+10:00,2.566,10,603
1990-04-27T00:00:00.000+10:00,2.315,10,603
1990-04-28T00:00:00.000+10:00,2.139,10,603
1990-04-29T00:00:00.000+10:00,2.007,10,603
1990-04-30T00:00:00.000+10:00,1.905,10,603
1990-05-01T00:00:00.000+10:00,1.825,10,603
1990-05-02T00:00:00.000+10:00,1.758,10,603
1990-05-03T00:00:00.000+10:00,1.700,10,603
1990-05-04T00:00:00.000+10:00,1.652,10,603
1990-05-05T00:00:00.000+10:00,1.617,10,603
1990-05-06T00:00:00.000+10:00,1.581,10,603
1990-05-07T00:00:00.000+10:00,1.547,10,603
1990-05-08T00:00:00.000+10:00,1.519,10,603
1990-05-09T00:00:00.000+10:00,1.511,10,603
1990-05-10T00:00:00.000+10:00,1.598,10,603
1990-05-11T00:00:00.000+10:00,2.268,10,603
1990-05-12T00:00:00.000+10:00,2.441,10,603
1990-05-13T00:00:00.000+10:00,1.939,10,603
1990-05-14T00:00:00.000+10:00,1.734,10,603
1990-05-15T00:00:00.000+10:00,1.615,10,603
1990-05-16T00:00:00.000+10:00,1.530,10,603
1990-05-17T00:00:00.000+10:00,1.476,10,603
1990-05-18T00:00:00.000+10:00,1.539,10,603
1990-05-19T00:00:00.000+10:00,1.550,10,603
1990-05-20T00:00:00.000+10:00,1.499,10,603
1990-05-21T00:00:00.000+10:00,1.446,10,603
1990-05-22T00:00:00.000+10:00,1.499,10,603
1990-05-23T00:00:00.000+10:00,3.005,10,603
1990-05-24T00:00:00.000+10:00,2.606,10,603
1990-05-25T00:00:00.000+10:00,2.149,10,603
1990-05-26T00:00:00.000+10:00,1.893,10,603
1990-05-27T00:00:00.000+10:00,1.928,10,603
1990-05-28T00:00:00.000+10:00,4.991,10,603
1990-05-29T00:00:00.000+10:00,5.905,10,603
1990-05-30T00:00:00.000+10:00,5.888,10,603
1990-05-31T00:00:00.000+10:00,5.832,10,603
1990-06-01T00:00:00.000+10:00,4.843,10,603
1990-06-02T00:00:00.000+10:00,3.459,10,603
1990-06-03T00:00:00.000+10:00,2.723,10,603
1990-06-04T00:00:00.000+10:00,2.358,10,603
1990-06-05T00:00:00.000+10:00,2.150,10,603
1990-06-06T00:00:00.000+10:00,2.073,10,603
1990-06-07T00:00:00.000+10:00,2.149,10,603
1990-06-08T00:00:00.000+10:00,2.654,10,603
1990-06-09T00:00:00.000+10:00,3.346,10,603
1990-06-10T00:00:00.000+10:00,4.050,10,603
1990-06-11T00:00:00.000+10:00,3.633,10,603
1990-06-12T00:00:00.000+10:00,2.815,10,603
1990-06-13T00:00:00.000+10:00,2.415,10,603
1990-06-14T00:00:00.000+10:00,2.197,10,603
1990-06-15T00:00:00.000+10:00,2.046,10,603
1990-06-16T00:00:00.000+10:00,1.935,10,603
1990-06-17T00:00:00.000+10:00,1.848,10,603
1990-06-18T00:00:00.000+10:00,1.792,10,603
1990-06-19T00:00:00.000+10:00,1.735,10,603
1990-06-20T00:00:00.000+10:00,1.682,10,603
1990-06-21T00:00:00.000+10:00,1.629,10,603
1990-06-22T00:00:00.000+10:00,1.588,10,603
1990-06-23T00:00:00.000+10:00,1.546,10,603
1990-06-24T00:00:00.000+10:00,1.530,10,603
1990-06-25T00:00:00.000+10:00,1.519,10,603
1990-06-26T00:00:00.000+10:00,1.497,10,603
1990-06-27T00:00:00.000+10:00,1.473,10,603
1990-06-28T00:00:00.000+10:00,1.446,10,603
1990-06-29T00:00:00.000+10:00,1.414,10,603
1990-06-30T00:00:00.000+10:00,1.394,10,603
1990-07-01T00:00:00.000+10:00,1.376,10,603
1990-07-02T00:00:00.000+10:00,1.366,10,603
1990-07-03T00:00:00.000+10:00,1.347,10,603
1990-07-04T00:00:00.000+10:00,1.323,10,603
1990-07-05T00:00:00.000+10:00,1.306,10,603
1990-07-06T00:00:00.000+10:00,1.293,10,603
1990-07-07T00:00:00.000+10:00,1.279,10,603
1990-07-08T00:00:00.000+10:00,1.264,10,603
1990-07-09T00:00:00.000+10:00,1.253,10,603
1990-07-10T00:00:00.000+10:00,1.229,10,603
1990-07-11T00:00:00.000+10:00,1.222,10,603
1990-07-12T00:00:00.000+10:00,1.228,10,603
1990-07-13T00:00:00.000+10:00,1.225,10,603
1990-07-14T00:00:00.000+10:00,1.220,10,603
1990-07-15T00:00:00.000+10:00,1.230,10,603
1990-07-16T00:00:00.000+10:00,1.227,10,603
1990-07-17T00:00:00.000+10:00,1.216,10,603
1990-07-18T00:00:00.000+10:00,1.202,10,603
1990-07-19T00:00:00.000+10:00,1.170,10,603
1990-07-20T00:00:00.000+10:00,1.179,10,603
1990-07-21T00:00:00.000+10:00,1.159,10,603
1990-07-22T00:00:00.000+10:00,1.155,10,603
1990-07-23T00:00:00.000+10:00,1.149,10,603
1990-07-24T00:00:00.000+10:00,1.141,10,603
1990-07-25T00:00:00.000+10:00,1.131,10,603
1990-07-26T00:00:00.000+10:00,1.011,10,603
1990-07-27T00:00:00.000+10:00,1.111,10,603
1990-07-28T00:00:00.000+10:00,1.305,10,603
1990-07-29T00:00:00.000+10:00,1.323,10,603
1990-07-30T00:00:00.000+10:00,1.307,10,603
1990-07-31T00:00:00.000+10:00,1.388,10,603
1990-08-01T00:00:00.000+10:00,1.367,10,603
1990-08-02T00:00:00.000+10:00,1.235,10,603
1990-08-03T00:00:00.000+10:00,1.167,10,603
1990-08-04T00:00:00.000+10:00,1.128,10,603
1990-08-05T00:00:00.000+10:00,1.098,10,603
1990-08-06T00:00:00.000+10:00,1.073,10,603
1990-08-07T00:00:00.000+10:00,1.050,10,603
1990-08-08T00:00:00.000+10:00,1.032,10,603
1990-08-09T00:00:00.000+10:00,1.016,10,603
1990-08-10T00:00:00.000+10:00,0.998,10,603
1990-08-11T00:00:00.000+10:00,0.985,10,603
1990-08-12T00:00:00.000+10:00,0.972,10,603
1990-08-13T00:00:00.000+10:00,0.960,10,603
1990-08-14T00:00:00.000+10:00,0.957,10,603
1990-08-15T00:00:00.000+10:00,0.952,10,603
1990-08-16T00:00:00.000+10:00,0.948,10,603
1990-08-17T00:00:00.000+10:00,0.939,10,603
1990-08-18T00:00:00.000+10:00,0.921,10,603
1990-08-19T00:00:00.000+10:00,0.916,10,603
1990-08-20T00:00:00.000+10:00,0.911,10,603
1990-08-21T00:00:00.000+10:00,0.907,10,603
1990-08-22T00:00:00.000+10:00,0.910,10,603
1990-08-23T00:00:00.000+10:00,0.862,10,603
1990-08-24T00:00:00.000+10:00,0.888,10,603
1990-08-25T00:00:00.000+10:00,0.959,10,603
1990-08-26T00:00:00.000+10:00,1.024,10,603
1990-08-27T00:00:00.000+10:00,1.028,10,603
1990-08-28T00:00:00.000+10:00,1.032,10,603
1990-08-29T00:00:00.000+10:00,1.020,10,603
1990-08-30T00:00:00.000+10:00,1.019,10,603
1990-08-31T00:00:00.000+10:00,1.028,10,603
1990-09-01T00:00:00.000+10:00,1.001,10,603
1990-09-02T00:00:00.000+10:00,1.043,10,603
1990-09-03T00:00:00.000+10:00,1.089,10,603
1990-09-04T00:00:00.000+10:00,1.073,10,603
1990-09-05T00:00:00.000+10:00,1.058,10,603
1990-09-06T00:00:00.000+10:00,1.043,10,603
1990-09-07T00:00:00.000+10:00,0.995,10,603
1990-09-08T00:00:00.000+10:00,0.983,10,603
1990-09-09T00:00:00.000+10:00,0.964,10,603
1990-09-10T00:00:00.000+10:00,0.930,10,603
1990-09-11T00:00:00.000+10:00,0.950,10,603
1990-09-12T00:00:00.000+10:00,0.929,10,603
1990-09-13T00:00:00.000+10:00,0.933,10,603
1990-09-14T00:00:00.000+10:00,0.940,10,603
1990-09-15T00:00:00.000+10:00,0.944,10,603
1990-09-16T00:00:00.000+10:00,0.976,10,603
1990-09-17T00:00:00.000+10:00,0.998,10,603
1990-09-18T00:00:00.000+10:00,1.080,10,603
1990-09-19T00:00:00.000+10:00,1.006,10,603
1990-09-20T00:00:00.000+10:00,0.946,10,603
1990-09-21T00:00:00.000+10:00,0.989,10,603
1990-09-22T00:00:00.000+10:00,0.972,10,603
1990-09-23T00:00:00.000+10:00,0.955,10,603
1990-09-24T00:00:00.000+10:00,0.974,10,603
1990-09-25T00:00:00.000+10:00,1.023,10,603
1990-09-26T00:00:00.000+10:00,1.154,10,603
1990-09-27T00:00:00.000+10:00,1.194,10,603
1990-09-28T00:00:00.000+10:00,1.074,10,603
1990-09-29T00:00:00.000+10:00,1.011,10,603
1990-09-30T00:00:00.000+10:00,0.957,10,603
1990-10-01T00:00:00.000+10:00,0.998,10,603
1990-10-02T00:00:00.000+10:00,0.995,10,603
1990-10-03T00:00:00.000+10:00,1.075,10,603
1990-10-04T00:00:00.000+10:00,1.075,10,603
1990-10-05T00:00:00.000+10:00,1.009,10,603
1990-10-06T00:00:00.000+10:00,0.981,10,603
1990-10-07T00:00:00.000+10:00,0.906,10,603
1990-10-08T00:00:00.000+10:00,0.908,10,603
1990-10-09T00:00:00.000+10:00,0.912,10,603
1990-10-10T00:00:00.000+10:00,0.943,10,603
1990-10-11T00:00:00.000+10:00,0.931,10,603
1990-10-12T00:00:00.000+10:00,0.937,10,603
1990-10-13T00:00:00.000+10:00,0.890,10,603
1990-10-14T00:00:00.000+10:00,0.842,10,603
1990-10-15T00:00:00.000+10:00,0.799,10,603
1990-10-16T00:00:00.000+10:00,0.806,10,603
1990-10-17T00:00:00.000+10:00,0.794,10,603
1990-10-18T00:00:00.000+10:00,0.762,10,603
1990-10-19T00:00:00.000+10:00,0.764,10,603
1990-10-20T00:00:00.000+10:00,0.793,10,603
1990-10-21T00:00:00.000+10:00,0.781,10,603
1990-10-22T00:00:00.000+10:00,0.830,10,603
1990-10-23T00:00:00.000+10:00,0.806,10,603
1990-10-24T00:00:00.000+10:00,0.781,10,603
1990-10-25T00:00:00.000+10:00,0.736,10,603
1990-10-26T00:00:00.000+10:00,0.714,10,603
1990-10-27T00:00:00.000+10:00,0.737,10,603
1990-10-28T00:00:00.000+10:00,0.688,10,603
1990-10-29T00:00:00.000+10:00,0.749,10,603
1990-10-30T00:00:00.000+10:00,0.763,10,603
1990-10-31T00:00:00.000+10:00,0.728,10,603
1990-11-01T00:00:00.000+10:00,0.711,10,603
1990-11-02T00:00:00.000+10:00,0.675,10,603
1990-11-03T00:00:00.000+10:00,0.695,10,603
1990-11-04T00:00:00.000+10:00,0.656,10,603
1990-11-05T00:00:00.000+10:00,0.695,10,603
1990-11-06T00:00:00.000+10:00,0.790,10,603
1990-11-07T00:00:00.000+10:00,0.898,10,603
1990-11-08T00:00:00.000+10:00,0.975,10,603
1990-11-09T00:00:00.000+10:00,0.906,10,603
1990-11-10T00:00:00.000+10:00,0.851,10,603
1990-11-11T00:00:00.000+10:00,0.852,10,603
1990-11-12T00:00:00.000+10:00,0.810,10,603
1990-11-13T00:00:00.000+10:00,0.794,10,603
1990-11-14T00:00:00.000+10:00,0.725,10,603
1990-11-15T00:00:00.000+10:00,0.690,10,603
1990-11-16T00:00:00.000+10:00,0.682,10,603
1990-11-17T00:00:00.000+10:00,0.645,10,603
1990-11-18T00:00:00.000+10:00,0.657,10,603
1990-11-19T00:00:00.000+10:00,0.615,10,603
1990-11-20T00:00:00.000+10:00,0.675,10,603
1990-11-21T00:00:00.000+10:00,0.642,10,603
1990-11-22T00:00:00.000+10:00,0.617,10,603
1990-11-23T00:00:00.000+10:00,0.628,10,603
1990-11-24T00:00:00.000+10:00,0.601,10,603
1990-11-25T00:00:00.000+10:00,0.586,10,603
1990-11-26T00:00:00.000+10:00,0.558,10,603
1990-11-27T00:00:00.000+10:00,0.597,10,603
1990-11-28T00:00:00.000+10:00,0.565,10,603
1990-11-29T00:00:00.000+10:00,0.586,10,603
1990-11-30T00:00:00.000+10:00,0.536,10,603
1990-12-01T00:00:00.000+10:00,0.577,10,603
1990-12-02T00:00:00.000+10:00,0.491,10,603
1990-12-03T00:00:00.000+10:00,0.559,10,603
1990-12-04T00:00:00.000+10:00,0.668,10,603
1990-12-05T00:00:00.000+10:00,0.699,10,603
1990-12-06T00:00:00.000+10:00,0.811,10,603
1990-12-07T00:00:00.000+10:00,0.815,10,603
1990-12-08T00:00:00.000+10:00,0.744,10,603
1990-12-09T00:00:00.000+10:00,0.646,10,603
1990-12-10T00:00:00.000+10:00,0.636,10,603
1990-12-11T00:00:00.000+10:00,0.679,10,603
1990-12-12T00:00:00.000+10:00,0.688,10,603
1990-12-13T00:00:00.000+10:00,0.673,10,603
1990-12-14T00:00:00.000+10:00,0.634,10,603
1990-12-15T00:00:00.000+10:00,0.562,10,603
1990-12-16T00:00:00.000+10:00,0.486,10,603
1990-12-17T00:00:00.000+10:00,0.522,10,603
1990-12-18T00:00:00.000+10:00,0.563,10,603
1990-12-19T00:00:00.000+10:00,0.494,10,603
1990-12-20T00:00:00.000+10:00,0.513,10,603
1990-12-21T00:00:00.000+10:00,0.480,10,603
1990-12-22T00:00:00.000+10:00,0.514,10,603
1990-12-23T00:00:00.000+10:00,0.480,10,603
1990-12-24T00:00:00.000+10:00,0.482,10,603
1990-12-25T00:00:00.000+10:00,0.548,10,603
1990-12-26T00:00:00.000+10:00,0.474,10,603
1990-12-27T00:00:00.000+10:00,0.497,10,603
1990-12-28T00:00:00.000+10:00,0.519,10,603
1990-12-29T00:00:00.000+10:00,0.502,10,603
1990-12-30T00:00:00.000+10:00,0.534,10,603
1990-12-31T00:00:00.000+10:00,0.579,10,603
1991-01-01T00:00:00.000+10:00,0.644,10,603
1991-01-02T00:00:00.000+10:00,0.749,10,603
1991-01-03T00:00:00.000+10:00,0.706,10,603
1991-01-04T00:00:00.000+10:00,0.649,10,603
1991-01-05T00:00:00.000+10:00,0.578,10,603
1991-01-06T00:00:00.000+10:00,0.528,10,603
1991-01-07T00:00:00.000+10:00,0.561,10,603
1991-01-08T00:00:00.000+10:00,0.609,10,603
1991-01-09T00:00:00.000+10:00,0.712,10,603
1991-01-10T00:00:00.000+10:00,0.652,10,603
1991-01-11T00:00:00.000+10:00,0.591,10,603
1991-01-12T00:00:00.000+10:00,0.541,10,603
1991-01-13T00:00:00.000+10:00,0.481,10,603
1991-01-14T00:00:00.000+10:00,0.491,10,603
1991-01-15T00:00:00.000+10:00,0.501,10,603
1991-01-16T00:00:00.000+10:00,0.471,10,603
1991-01-17T00:00:00.000+10:00,0.465,10,603
1991-01-18T00:00:00.000+10:00,0.473,10,603
1991-01-19T00:00:00.000+10:00,0.665,10,603
1991-01-20T00:00:00.000+10:00,0.774,10,603
1991-01-21T00:00:00.000+10:00,0.875,10,603
1991-01-22T00:00:00.000+10:00,0.844,10,603
1991-01-23T00:00:00.000+10:00,0.906,10,603
1991-01-24T00:00:00.000+10:00,1.598,10,603
1991-01-25T00:00:00.000+10:00,1.075,10,603
1991-01-26T00:00:00.000+10:00,1.488,10,603
1991-01-27T00:00:00.000+10:00,1.808,10,603
1991-01-28T00:00:00.000+10:00,1.532,10,603
1991-01-29T00:00:00.000+10:00,1.494,10,603
1991-01-30T00:00:00.000+10:00,1.263,10,603
1991-01-31T00:00:00.000+10:00,1.120,10,603
1991-02-01T00:00:00.000+10:00,1.041,10,603
1991-02-02T00:00:00.000+10:00,1.016,10,603
1991-02-03T00:00:00.000+10:00,0.980,10,603
1991-02-04T00:00:00.000+10:00,0.986,10,603
1991-02-05T00:00:00.000+10:00,0.968,10,603
1991-02-06T00:00:00.000+10:00,0.936,10,603
1991-02-07T00:00:00.000+10:00,1.006,10,603
1991-02-08T00:00:00.000+10:00,1.341,10,603
1991-02-09T00:00:00.000+10:00,1.655,10,603
1991-02-10T00:00:00.000+10:00,1.456,10,603
1991-02-11T00:00:00.000+10:00,1.271,10,603
1991-02-12T00:00:00.000+10:00,1.174,10,603
1991-02-13T00:00:00.000+10:00,1.099,10,603
1991-02-14T00:00:00.000+10:00,1.054,10,603
1991-02-15T00:00:00.000+10:00,1.010,10,603
1991-02-16T00:00:00.000+10:00,0.997,10,603
1991-02-17T00:00:00.000+10:00,0.976,10,603
1991-02-18T00:00:00.000+10:00,0.970,10,603
1991-02-19T00:00:00.000+10:00,0.969,10,603
1991-02-20T00:00:00.000+10:00,0.966,10,603
1991-02-21T00:00:00.000+10:00,0.956,10,603
1991-02-22T00:00:00.000+10:00,0.954,10,603
1991-02-23T00:00:00.000+10:00,0.945,10,603
1991-02-24T00:00:00.000+10:00,0.940,10,603
1991-02-25T00:00:00.000+10:00,0.931,10,603
1991-02-26T00:00:00.000+10:00,0.926,10,603
1991-02-27T00:00:00.000+10:00,0.922,10,603
1991-02-28T00:00:00.000+10:00,0.943,10,603
1991-03-01T00:00:00.000+10:00,0.944,10,603
1991-03-02T00:00:00.000+10:00,0.933,10,603
1991-03-03T00:00:00.000+10:00,0.924,10,603
1991-03-04T00:00:00.000+10:00,0.934,10,603
1991-03-05T00:00:00.000+10:00,0.957,10,603
1991-03-06T00:00:00.000+10:00,0.953,10,603
1991-03-07T00:00:00.000+10:00,0.957,10,603
1991-03-08T00:00:00.000+10:00,0.950,10,603
1991-03-09T00:00:00.000+10:00,0.947,10,603
1991-03-10T00:00:00.000+10:00,0.944,10,603
1991-03-11T00:00:00.000+10:00,0.938,10,603
1991-03-12T00:00:00.000+10:00,0.932,10,603
1991-03-13T00:00:00.000+10:00,0.922,10,603
1991-03-14T00:00:00.000+10:00,0.907,10,603
1991-03-15T00:00:00.000+10:00,0.904,10,603
1991-03-16T00:00:00.000+10:00,0.882,10,603
1991-03-17T00:00:00.000+10:00,0.861,10,603
1991-03-18T00:00:00.000+10:00,0.875,10,603
1991-03-19T00:00:00.000+10:00,0.855,10,603
1991-03-20T00:00:00.000+10:00,0.819,10,603
1991-03-21T00:00:00.000+10:00,0.786,10,603
1991-03-22T00:00:00.000+10:00,0.775,10,603
1991-03-23T00:00:00.000+10:00,0.816,10,603
1991-03-24T00:00:00.000+10:00,0.886,10,603
1991-03-25T00:00:00.000+10:00,0.811,10,603
1991-03-26T00:00:00.000+10:00,0.754,10,603
1991-03-27T00:00:00.000+10:00,0.739,10,603
1991-03-28T00:00:00.000+10:00,0.724,10,603
1991-03-29T00:00:00.000+10:00,0.706,10,603
1991-03-30T00:00:00.000+10:00,0.689,10,603
1991-03-31T00:00:00.000+10:00,0.717,10,603
1991-04-01T00:00:00.000+10:00,0.737,10,603
1991-04-02T00:00:00.000+10:00,0.789,10,603
1991-04-03T00:00:00.000+10:00,0.786,10,603
1991-04-04T00:00:00.000+10:00,0.711,10,603
1991-04-05T00:00:00.000+10:00,0.730,10,603
1991-04-06T00:00:00.000+10:00,0.573,10,603
1991-04-07T00:00:00.000+10:00,0.653,10,603
1991-04-08T00:00:00.000+10:00,0.642,10,603
1991-04-09T00:00:00.000+10:00,0.667,10,603
1991-04-10T00:00:00.000+10:00,0.698,10,603
1991-04-11T00:00:00.000+10:00,0.624,10,603
1991-04-12T00:00:00.000+10:00,0.666,10,603
1991-04-13T00:00:00.000+10:00,0.889,10,603
1991-04-14T00:00:00.000+10:00,0.891,10,603
1991-04-15T00:00:00.000+10:00,0.896,10,603
1991-04-16T00:00:00.000+10:00,0.861,10,603
1991-04-17T00:00:00.000+10:00,0.811,10,603
1991-04-18T00:00:00.000+10:00,0.782,10,603
1991-04-19T00:00:00.000+10:00,0.795,10,603
1991-04-20T00:00:00.000+10:00,0.635,10,603
1991-04-21T00:00:00.000+10:00,0.712,10,603
1991-04-22T00:00:00.000+10:00,0.768,10,603
1991-04-23T00:00:00.000+10:00,0.623,10,603
1991-04-24T00:00:00.000+10:00,0.737,10,603
1991-04-25T00:00:00.000+10:00,0.689,10,603
1991-04-26T00:00:00.000+10:00,0.667,10,603
1991-04-27T00:00:00.000+10:00,0.673,10,603
1991-04-28T00:00:00.000+10:00,0.652,10,603
1991-04-29T00:00:00.000+10:00,0.630,10,603
1991-04-30T00:00:00.000+10:00,0.683,10,603
1991-05-01T00:00:00.000+10:00,0.625,10,603
1991-05-02T00:00:00.000+10:00,0.568,10,603
1991-05-03T00:00:00.000+10:00,0.662,10,603
1991-05-04T00:00:00.000+10:00,0.555,10,603
1991-05-05T00:00:00.000+10:00,0.605,10,603
1991-05-06T00:00:00.000+10:00,0.636,10,603
1991-05-07T00:00:00.000+10:00,0.664,10,603
1991-05-08T00:00:00.000+10:00,0.662,10,603
1991-05-09T00:00:00.000+10:00,0.649,10,603
1991-05-10T00:00:00.000+10:00,0.559,10,603
1991-05-11T00:00:00.000+10:00,0.637,10,603
1991-05-12T00:00:00.000+10:00,0.589,10,603
1991-05-13T00:00:00.000+10:00,0.619,10,603
1991-05-14T00:00:00.000+10:00,0.630,10,603
1991-05-15T00:00:00.000+10:00,0.604,10,603
1991-05-16T00:00:00.000+10:00,0.596,10,603
1991-05-17T00:00:00.000+10:00,0.608,10,603
1991-05-18T00:00:00.000+10:00,0.677,10,603
1991-05-19T00:00:00.000+10:00,0.634,10,603
1991-05-20T00:00:00.000+10:00,0.550,10,603
1991-05-21T00:00:00.000+10:00,0.695,10,603
1991-05-22T00:00:00.000+10:00,0.668,10,603
1991-05-23T00:00:00.000+10:00,0.697,10,603
1991-05-24T00:00:00.000+10:00,0.773,10,603
1991-05-25T00:00:00.000+10:00,0.809,10,603
1991-05-26T00:00:00.000+10:00,0.788,10,603
1991-05-27T00:00:00.000+10:00,0.785,10,603
1991-05-28T00:00:00.000+10:00,0.788,10,603
1991-05-29T00:00:00.000+10:00,0.778,10,603
1991-05-30T00:00:00.000+10:00,0.761,10,603
1991-05-31T00:00:00.000+10:00,0.769,10,603
1991-06-01T00:00:00.000+10:00,0.810,10,603
1991-06-02T00:00:00.000+10:00,0.812,10,603
1991-06-03T00:00:00.000+10:00,0.774,10,603
1991-06-04T00:00:00.000+10:00,0.793,10,603
1991-06-05T00:00:00.000+10:00,0.714,10,603
1991-06-06T00:00:00.000+10:00,0.733,10,603
1991-06-07T00:00:00.000+10:00,0.777,10,603
1991-06-08T00:00:00.000+10:00,0.896,10,603
1991-06-09T00:00:00.000+10:00,1.575,10,603
1991-06-10T00:00:00.000+10:00,3.432,10,603
1991-06-11T00:00:00.000+10:00,5.300,10,603
1991-06-12T00:00:00.000+10:00,6.187,10,603
1991-06-13T00:00:00.000+10:00,3.649,10,603
1991-06-14T00:00:00.000+10:00,2.204,10,603
1991-06-15T00:00:00.000+10:00,1.878,10,603
1991-06-16T00:00:00.000+10:00,1.684,10,603
1991-06-17T00:00:00.000+10:00,1.561,10,603
1991-06-18T00:00:00.000+10:00,1.473,10,603
1991-06-19T00:00:00.000+10:00,1.408,10,603
1991-06-20T00:00:00.000+10:00,1.360,10,603
1991-06-21T00:00:00.000+10:00,1.285,10,603
1991-06-22T00:00:00.000+10:00,1.277,10,603
1991-06-23T00:00:00.000+10:00,1.255,10,603
1991-06-24T00:00:00.000+10:00,1.223,10,603
1991-06-25T00:00:00.000+10:00,1.198,10,603
1991-06-26T00:00:00.000+10:00,1.174,10,603
1991-06-27T00:00:00.000+10:00,1.157,10,603
1991-06-28T00:00:00.000+10:00,1.140,10,603
1991-06-29T00:00:00.000+10:00,1.117,10,603
1991-06-30T00:00:00.000+10:00,1.115,10,603
1991-07-01T00:00:00.000+10:00,1.102,10,603
1991-07-02T00:00:00.000+10:00,1.067,10,603
1991-07-03T00:00:00.000+10:00,1.043,10,603
1991-07-04T00:00:00.000+10:00,1.021,10,603
1991-07-05T00:00:00.000+10:00,1.027,10,603
1991-07-06T00:00:00.000+10:00,1.041,10,603
1991-07-07T00:00:00.000+10:00,1.047,10,603
1991-07-08T00:00:00.000+10:00,1.034,10,603
1991-07-09T00:00:00.000+10:00,1.010,10,603
1991-07-10T00:00:00.000+10:00,1.039,10,603
1991-07-11T00:00:00.000+10:00,1.069,10,603
1991-07-12T00:00:00.000+10:00,1.091,10,603
1991-07-13T00:00:00.000+10:00,1.105,10,603
1991-07-14T00:00:00.000+10:00,1.106,10,603
1991-07-15T00:00:00.000+10:00,1.089,10,603
1991-07-16T00:00:00.000+10:00,1.039,10,603
1991-07-17T00:00:00.000+10:00,1.013,10,603
1991-07-18T00:00:00.000+10:00,1.002,10,603
1991-07-19T00:00:00.000+10:00,0.994,10,603
1991-07-20T00:00:00.000+10:00,0.979,10,603
1991-07-21T00:00:00.000+10:00,0.936,10,603
1991-07-22T00:00:00.000+10:00,0.928,10,603
1991-07-23T00:00:00.000+10:00,0.928,10,603
1991-07-24T00:00:00.000+10:00,0.879,10,603
1991-07-25T00:00:00.000+10:00,0.893,10,603
1991-07-26T00:00:00.000+10:00,0.868,10,603
1991-07-27T00:00:00.000+10:00,0.853,10,603
1991-07-28T00:00:00.000+10:00,0.842,10,603
1991-07-29T00:00:00.000+10:00,0.798,10,603
1991-07-30T00:00:00.000+10:00,0.838,10,603
1991-07-31T00:00:00.000+10:00,0.789,10,603
1991-08-01T00:00:00.000+10:00,0.832,10,603
1991-08-02T00:00:00.000+10:00,0.786,10,603
1991-08-03T00:00:00.000+10:00,0.784,10,603
1991-08-04T00:00:00.000+10:00,0.731,10,603
1991-08-05T00:00:00.000+10:00,0.777,10,603
1991-08-06T00:00:00.000+10:00,0.758,10,603
1991-08-07T00:00:00.000+10:00,0.731,10,603
1991-08-08T00:00:00.000+10:00,0.723,10,603
1991-08-09T00:00:00.000+10:00,0.724,10,603
1991-08-10T00:00:00.000+10:00,0.698,10,603
1991-08-11T00:00:00.000+10:00,0.679,10,603
1991-08-12T00:00:00.000+10:00,0.671,10,603
1991-08-13T00:00:00.000+10:00,0.692,10,603
1991-08-14T00:00:00.000+10:00,0.624,10,603
1991-08-15T00:00:00.000+10:00,0.598,10,603
1991-08-16T00:00:00.000+10:00,0.661,10,603
1991-08-17T00:00:00.000+10:00,0.675,10,603
1991-08-18T00:00:00.000+10:00,0.640,10,603
1991-08-19T00:00:00.000+10:00,0.668,10,603
1991-08-20T00:00:00.000+10:00,0.644,10,603
1991-08-21T00:00:00.000+10:00,0.636,10,603
1991-08-22T00:00:00.000+10:00,0.619,10,603
1991-08-23T00:00:00.000+10:00,0.634,10,603
1991-08-24T00:00:00.000+10:00,0.620,10,603
1991-08-25T00:00:00.000+10:00,0.623,10,603
1991-08-26T00:00:00.000+10:00,0.581,10,603
1991-08-27T00:00:00.000+10:00,0.630,10,603
1991-08-28T00:00:00.000+10:00,0.597,10,603
1991-08-29T00:00:00.000+10:00,0.592,10,603
1991-08-30T00:00:00.000+10:00,0.599,10,603
1991-08-31T00:00:00.000+10:00,0.600,10,603
1991-09-01T00:00:00.000+10:00,0.522,10,603
1991-09-02T00:00:00.000+10:00,0.579,10,603
1991-09-03T00:00:00.000+10:00,0.615,10,603
1991-09-04T00:00:00.000+10:00,0.547,10,603
1991-09-05T00:00:00.000+10:00,0.547,10,603
1991-09-06T00:00:00.000+10:00,0.553,10,603
1991-09-07T00:00:00.000+10:00,0.559,10,603
1991-09-08T00:00:00.000+10:00,0.510,10,603
1991-09-09T00:00:00.000+10:00,0.498,10,603
1991-09-10T00:00:00.000+10:00,0.581,10,603
1991-09-11T00:00:00.000+10:00,0.500,10,603
1991-09-12T00:00:00.000+10:00,0.514,10,603
1991-09-13T00:00:00.000+10:00,0.517,10,603
1991-09-14T00:00:00.000+10:00,0.497,10,603
1991-09-15T00:00:00.000+10:00,0.496,10,603
1991-09-16T00:00:00.000+10:00,0.500,10,603
1991-09-17T00:00:00.000+10:00,0.540,10,603
1991-09-18T00:00:00.000+10:00,0.498,10,603
1991-09-19T00:00:00.000+10:00,0.479,10,603
1991-09-20T00:00:00.000+10:00,0.480,10,603
1991-09-21T00:00:00.000+10:00,0.451,10,603
1991-09-22T00:00:00.000+10:00,0.442,10,603
1991-09-23T00:00:00.000+10:00,0.454,10,603
1991-09-24T00:00:00.000+10:00,0.475,10,603
1991-09-25T00:00:00.000+10:00,0.465,10,603
1991-09-26T00:00:00.000+10:00,0.445,10,603
1991-09-27T00:00:00.000+10:00,0.448,10,603
1991-09-28T00:00:00.000+10:00,0.457,10,603
1991-09-29T00:00:00.000+10:00,0.414,10,603
1991-09-30T00:00:00.000+10:00,0.446,10,603
1991-10-01T00:00:00.000+10:00,0.462,10,603
1991-10-02T00:00:00.000+10:00,0.447,10,603
1991-10-03T00:00:00.000+10:00,0.429,10,603
1991-10-04T00:00:00.000+10:00,0.425,10,603
1991-10-05T00:00:00.000+10:00,0.402,10,603
1991-10-06T00:00:00.000+10:00,0.393,10,603
1991-10-07T00:00:00.000+10:00,0.409,10,603
1991-10-08T00:00:00.000+10:00,0.411,10,603
1991-10-09T00:00:00.000+10:00,0.423,10,603
1991-10-10T00:00:00.000+10:00,0.404,10,603
1991-10-11T00:00:00.000+10:00,0.420,10,603
1991-10-12T00:00:00.000+10:00,0.399,10,603
1991-10-13T00:00:00.000+10:00,0.394,10,603
1991-10-14T00:00:00.000+10:00,0.568,10,603
1991-10-15T00:00:00.000+10:00,0.576,10,603
1991-10-16T00:00:00.000+10:00,0.505,10,603
1991-10-17T00:00:00.000+10:00,0.482,10,603
1991-10-18T00:00:00.000+10:00,0.450,10,603
1991-10-19T00:00:00.000+10:00,0.480,10,603
1991-10-20T00:00:00.000+10:00,0.400,10,603
1991-10-21T00:00:00.000+10:00,0.405,10,603
1991-10-22T00:00:00.000+10:00,0.417,10,603
1991-10-23T00:00:00.000+10:00,0.401,10,603
1991-10-24T00:00:00.000+10:00,0.404,10,603
1991-10-25T00:00:00.000+10:00,0.447,10,603
1991-10-26T00:00:00.000+10:00,0.445,10,603
1991-10-27T00:00:00.000+10:00,0.420,10,603
1991-10-28T00:00:00.000+10:00,0.427,10,603
1991-10-29T00:00:00.000+10:00,0.521,10,603
1991-10-30T00:00:00.000+10:00,0.474,10,603
1991-10-31T00:00:00.000+10:00,0.435,10,603
1991-11-01T00:00:00.000+10:00,0.441,10,603
1991-11-02T00:00:00.000+10:00,0.446,10,603
1991-11-03T00:00:00.000+10:00,0.371,10,603
1991-11-04T00:00:00.000+10:00,0.398,10,603
1991-11-05T00:00:00.000+10:00,0.424,10,603
1991-11-06T00:00:00.000+10:00,0.391,10,603
1991-11-07T00:00:00.000+10:00,0.391,10,603
1991-11-08T00:00:00.000+10:00,0.397,10,603
1991-11-09T00:00:00.000+10:00,0.389,10,603
1991-11-10T00:00:00.000+10:00,0.351,10,603
1991-11-11T00:00:00.000+10:00,0.356,10,603
1991-11-12T00:00:00.000+10:00,0.318,10,603
1991-11-13T00:00:00.000+10:00,0.323,10,603
1991-11-14T00:00:00.000+10:00,0.313,10,603
1991-11-15T00:00:00.000+10:00,0.329,10,603
1991-11-16T00:00:00.000+10:00,0.324,10,603
1991-11-17T00:00:00.000+10:00,0.308,10,603
1991-11-18T00:00:00.000+10:00,0.341,10,603
1991-11-19T00:00:00.000+10:00,0.314,10,603
1991-11-20T00:00:00.000+10:00,0.326,10,603
1991-11-21T00:00:00.000+10:00,0.327,10,603
1991-11-22T00:00:00.000+10:00,0.392,10,603
1991-11-23T00:00:00.000+10:00,0.371,10,603
1991-11-24T00:00:00.000+10:00,0.354,10,603
1991-11-25T00:00:00.000+10:00,0.379,10,603
1991-11-26T00:00:00.000+10:00,0.488,10,603
1991-11-27T00:00:00.000+10:00,0.419,10,603
1991-11-28T00:00:00.000+10:00,0.403,10,603
1991-11-29T00:00:00.000+10:00,0.391,10,603
1991-11-30T00:00:00.000+10:00,0.374,10,603
1991-12-01T00:00:00.000+10:00,0.391,10,603
1991-12-02T00:00:00.000+10:00,0.388,10,603
1991-12-03T00:00:00.000+10:00,0.438,10,603
1991-12-04T00:00:00.000+10:00,0.585,10,603
1991-12-05T00:00:00.000+10:00,0.535,10,603
1991-12-06T00:00:00.000+10:00,0.478,10,603
1991-12-07T00:00:00.000+10:00,0.473,10,603
1991-12-08T00:00:00.000+10:00,0.433,10,603
1991-12-09T00:00:00.000+10:00,0.429,10,603
1991-12-10T00:00:00.000+10:00,0.422,10,603
1991-12-11T00:00:00.000+10:00,0.411,10,603
1991-12-12T00:00:00.000+10:00,0.729,10,603
1991-12-13T00:00:00.000+10:00,6.214,10,603
1991-12-14T00:00:00.000+10:00,4.948,10,603
1991-12-15T00:00:00.000+10:00,5.148,10,603
1991-12-16T00:00:00.000+10:00,2.831,10,603
1991-12-17T00:00:00.000+10:00,1.858,10,603
1991-12-18T00:00:00.000+10:00,1.589,10,603
1991-12-19T00:00:00.000+10:00,1.431,10,603
1991-12-20T00:00:00.000+10:00,1.329,10,603
1991-12-21T00:00:00.000+10:00,1.512,10,603
1991-12-22T00:00:00.000+10:00,2.236,10,603
1991-12-23T00:00:00.000+10:00,2.623,10,603
1991-12-24T00:00:00.000+10:00,2.160,10,603
1991-12-25T00:00:00.000+10:00,1.727,10,603
1991-12-26T00:00:00.000+10:00,1.504,10,603
1991-12-27T00:00:00.000+10:00,1.316,10,603
1991-12-28T00:00:00.000+10:00,1.160,10,603
1991-12-29T00:00:00.000+10:00,1.042,10,603
1991-12-30T00:00:00.000+10:00,0.978,10,603
1991-12-31T00:00:00.000+10:00,0.994,10,603
1992-01-01T00:00:00.000+10:00,2.986,10,603
1992-01-02T00:00:00.000+10:00,3.018,10,603
1992-01-03T00:00:00.000+10:00,3.843,10,603
1992-01-04T00:00:00.000+10:00,3.146,10,603
1992-01-05T00:00:00.000+10:00,2.536,10,603
1992-01-06T00:00:00.000+10:00,2.219,10,603
1992-01-07T00:00:00.000+10:00,1.842,10,603
1992-01-08T00:00:00.000+10:00,1.768,10,603
1992-01-09T00:00:00.000+10:00,2.880,10,603
1992-01-10T00:00:00.000+10:00,3.177,10,603
1992-01-11T00:00:00.000+10:00,3.238,10,603
1992-01-12T00:00:00.000+10:00,2.686,10,603
1992-01-13T00:00:00.000+10:00,2.111,10,603
1992-01-14T00:00:00.000+10:00,1.740,10,603
1992-01-15T00:00:00.000+10:00,1.567,10,603
1992-01-16T00:00:00.000+10:00,1.453,10,603
1992-01-17T00:00:00.000+10:00,1.367,10,603
1992-01-18T00:00:00.000+10:00,1.305,10,603
1992-01-19T00:00:00.000+10:00,1.372,10,603
1992-01-20T00:00:00.000+10:00,1.249,10,603
1992-01-21T00:00:00.000+10:00,1.249,10,603
1992-01-22T00:00:00.000+10:00,1.331,10,603
1992-01-23T00:00:00.000+10:00,1.286,10,603
1992-01-24T00:00:00.000+10:00,1.206,10,603
1992-01-25T00:00:00.000+10:00,1.151,10,603
1992-01-26T00:00:00.000+10:00,1.232,10,603
1992-01-27T00:00:00.000+10:00,1.188,10,603
1992-01-28T00:00:00.000+10:00,1.209,10,603
1992-01-29T00:00:00.000+10:00,1.214,10,603
1992-01-30T00:00:00.000+10:00,1.144,10,603
1992-01-31T00:00:00.000+10:00,1.060,10,603
1992-02-01T00:00:00.000+10:00,1.088,10,603
1992-02-02T00:00:00.000+10:00,1.098,10,603
1992-02-03T00:00:00.000+10:00,1.017,10,603
1992-02-04T00:00:00.000+10:00,1.036,10,603
1992-02-05T00:00:00.000+10:00,1.049,10,603
1992-02-06T00:00:00.000+10:00,1.043,10,603
1992-02-07T00:00:00.000+10:00,1.052,10,603
1992-02-08T00:00:00.000+10:00,1.116,10,603
1992-02-09T00:00:00.000+10:00,1.544,10,603
1992-02-10T00:00:00.000+10:00,1.363,10,603
1992-02-11T00:00:00.000+10:00,1.336,10,603
1992-02-12T00:00:00.000+10:00,2.367,10,603
1992-02-13T00:00:00.000+10:00,3.711,10,603
1992-02-14T00:00:00.000+10:00,4.396,10,603
1992-02-15T00:00:00.000+10:00,3.256,10,603
1992-02-16T00:00:00.000+10:00,2.606,10,603
1992-02-17T00:00:00.000+10:00,2.121,10,603
1992-02-18T00:00:00.000+10:00,1.829,10,603
1992-02-19T00:00:00.000+10:00,1.656,10,603
1992-02-20T00:00:00.000+10:00,1.537,10,603
1992-02-21T00:00:00.000+10:00,1.459,10,603
1992-02-22T00:00:00.000+10:00,1.402,10,603
1992-02-23T00:00:00.000+10:00,1.358,10,603
1992-02-24T00:00:00.000+10:00,1.448,10,603
1992-02-25T00:00:00.000+10:00,3.039,10,603
1992-02-26T00:00:00.000+10:00,2.691,10,603
1992-02-27T00:00:00.000+10:00,2.299,10,603
1992-02-28T00:00:00.000+10:00,2.210,10,603
1992-02-29T00:00:00.000+10:00,2.059,10,603
1992-03-01T00:00:00.000+10:00,1.823,10,603
1992-03-02T00:00:00.000+10:00,1.661,10,603
1992-03-03T00:00:00.000+10:00,1.547,10,603
1992-03-04T00:00:00.000+10:00,1.493,10,603
1992-03-05T00:00:00.000+10:00,1.534,10,603
1992-03-06T00:00:00.000+10:00,1.511,10,603
1992-03-07T00:00:00.000+10:00,1.399,10,603
1992-03-08T00:00:00.000+10:00,1.316,10,603
1992-03-09T00:00:00.000+10:00,1.275,10,603
1992-03-10T00:00:00.000+10:00,1.255,10,603
1992-03-11T00:00:00.000+10:00,1.229,10,603
1992-03-12T00:00:00.000+10:00,1.224,10,603
1992-03-13T00:00:00.000+10:00,1.195,10,603
1992-03-14T00:00:00.000+10:00,1.170,10,603
1992-03-15T00:00:00.000+10:00,1.136,10,603
1992-03-16T00:00:00.000+10:00,1.118,10,603
1992-03-17T00:00:00.000+10:00,1.102,10,603
1992-03-18T00:00:00.000+10:00,1.084,10,603
1992-03-19T00:00:00.000+10:00,1.075,10,603
1992-03-20T00:00:00.000+10:00,1.059,10,603
1992-03-21T00:00:00.000+10:00,1.061,10,603
1992-03-22T00:00:00.000+10:00,1.050,10,603
1992-03-23T00:00:00.000+10:00,1.052,10,603
1992-03-24T00:00:00.000+10:00,2.610,10,603
1992-03-25T00:00:00.000+10:00,2.937,10,603
1992-03-26T00:00:00.000+10:00,2.038,10,603
1992-03-27T00:00:00.000+10:00,1.914,10,603
1992-03-28T00:00:00.000+10:00,2.575,10,603
1992-03-29T00:00:00.000+10:00,1.992,10,603
1992-03-30T00:00:00.000+10:00,1.668,10,603
1992-03-31T00:00:00.000+10:00,1.918,10,603
1992-04-01T00:00:00.000+10:00,2.725,10,603
1992-04-02T00:00:00.000+10:00,2.437,10,603
1992-04-03T00:00:00.000+10:00,3.715,10,603
1992-04-04T00:00:00.000+10:00,6.081,10,603
1992-04-05T00:00:00.000+10:00,6.995,10,603
1992-04-06T00:00:00.000+10:00,5.450,10,603
1992-04-07T00:00:00.000+10:00,3.523,10,603
1992-04-08T00:00:00.000+10:00,2.742,10,603
1992-04-09T00:00:00.000+10:00,2.366,10,603
1992-04-10T00:00:00.000+10:00,2.230,10,603
1992-04-11T00:00:00.000+10:00,2.090,10,603
1992-04-12T00:00:00.000+10:00,1.926,10,603
1992-04-13T00:00:00.000+10:00,1.820,10,603
1992-04-14T00:00:00.000+10:00,1.724,10,603
1992-04-15T00:00:00.000+10:00,1.651,10,603
1992-04-16T00:00:00.000+10:00,1.612,10,603
1992-04-17T00:00:00.000+10:00,1.567,10,603
1992-04-18T00:00:00.000+10:00,1.515,10,603
1992-04-19T00:00:00.000+10:00,1.473,10,603
1992-04-20T00:00:00.000+10:00,1.433,10,603
1992-04-21T00:00:00.000+10:00,1.352,10,603
1992-04-22T00:00:00.000+10:00,1.373,10,603
1992-04-23T00:00:00.000+10:00,1.354,10,603
1992-04-24T00:00:00.000+10:00,1.346,10,603
1992-04-25T00:00:00.000+10:00,1.424,10,603
1992-04-26T00:00:00.000+10:00,1.336,10,603
1992-04-27T00:00:00.000+10:00,1.360,10,603
1992-04-28T00:00:00.000+10:00,1.357,10,603
1992-04-29T00:00:00.000+10:00,1.293,10,603
1992-04-30T00:00:00.000+10:00,1.272,10,603
1992-05-01T00:00:00.000+10:00,1.218,10,603
1992-05-02T00:00:00.000+10:00,1.197,10,603
1992-05-03T00:00:00.000+10:00,1.176,10,603
1992-05-04T00:00:00.000+10:00,1.137,10,603
1992-05-05T00:00:00.000+10:00,1.119,10,603
1992-05-06T00:00:00.000+10:00,1.108,10,603
1992-05-07T00:00:00.000+10:00,1.097,10,603
1992-05-08T00:00:00.000+10:00,1.118,10,603
1992-05-09T00:00:00.000+10:00,1.126,10,603
1992-05-10T00:00:00.000+10:00,1.114,10,603
1992-05-11T00:00:00.000+10:00,1.112,10,603
1992-05-12T00:00:00.000+10:00,1.120,10,603
1992-05-13T00:00:00.000+10:00,1.147,10,603
1992-05-14T00:00:00.000+10:00,1.136,10,603
1992-05-15T00:00:00.000+10:00,1.102,10,603
1992-05-16T00:00:00.000+10:00,1.156,10,603
1992-05-17T00:00:00.000+10:00,1.168,10,603
1992-05-18T00:00:00.000+10:00,1.300,10,603
1992-05-19T00:00:00.000+10:00,1.234,10,603
1992-05-20T00:00:00.000+10:00,1.213,10,603
1992-05-21T00:00:00.000+10:00,1.205,10,603
1992-05-22T00:00:00.000+10:00,1.474,10,603
1992-05-23T00:00:00.000+10:00,1.454,10,603
1992-05-24T00:00:00.000+10:00,1.396,10,603
1992-05-25T00:00:00.000+10:00,1.315,10,603
1992-05-26T00:00:00.000+10:00,1.229,10,603
1992-05-27T00:00:00.000+10:00,1.170,10,603
1992-05-28T00:00:00.000+10:00,1.148,10,603
1992-05-29T00:00:00.000+10:00,1.126,10,603
1992-05-30T00:00:00.000+10:00,1.100,10,603
1992-05-31T00:00:00.000+10:00,1.099,10,603
1992-06-01T00:00:00.000+10:00,1.093,10,603
1992-06-02T00:00:00.000+10:00,1.104,10,603
1992-06-03T00:00:00.000+10:00,1.137,10,603
1992-06-04T00:00:00.000+10:00,1.189,10,603
1992-06-05T00:00:00.000+10:00,1.174,10,603
1992-06-06T00:00:00.000+10:00,1.158,10,603
1992-06-07T00:00:00.000+10:00,1.135,10,603
1992-06-08T00:00:00.000+10:00,1.110,10,603
1992-06-09T00:00:00.000+10:00,1.093,10,603
1992-06-10T00:00:00.000+10:00,1.032,10,603
1992-06-11T00:00:00.000+10:00,1.016,10,603
1992-06-12T00:00:00.000+10:00,1.052,10,603
1992-06-13T00:00:00.000+10:00,1.063,10,603
1992-06-14T00:00:00.000+10:00,1.058,10,603
1992-06-15T00:00:00.000+10:00,1.058,10,603
1992-06-16T00:00:00.000+10:00,1.058,10,603
1992-06-17T00:00:00.000+10:00,1.058,10,603
1992-06-18T00:00:00.000+10:00,1.055,10,603
1992-06-19T00:00:00.000+10:00,1.046,10,603
1992-06-20T00:00:00.000+10:00,1.045,10,603
1992-06-21T00:00:00.000+10:00,1.043,10,603
1992-06-22T00:00:00.000+10:00,1.039,10,603
1992-06-23T00:00:00.000+10:00,1.029,10,603
1992-06-24T00:00:00.000+10:00,1.017,10,603
1992-06-25T00:00:00.000+10:00,0.953,10,603
1992-06-26T00:00:00.000+10:00,0.990,10,603
1992-06-27T00:00:00.000+10:00,0.974,10,603
1992-06-28T00:00:00.000+10:00,0.941,10,603
1992-06-29T00:00:00.000+10:00,0.953,10,603
1992-06-30T00:00:00.000+10:00,0.946,10,603
1992-07-01T00:00:00.000+10:00,0.940,10,603
1992-07-02T00:00:00.000+10:00,0.954,10,603
1992-07-03T00:00:00.000+10:00,0.912,10,603
1992-07-04T00:00:00.000+10:00,0.923,10,603
1992-07-05T00:00:00.000+10:00,0.901,10,603
1992-07-06T00:00:00.000+10:00,0.890,10,603
1992-07-07T00:00:00.000+10:00,0.927,10,603
1992-07-08T00:00:00.000+10:00,0.809,10,603
1992-07-09T00:00:00.000+10:00,0.815,10,603
1992-07-10T00:00:00.000+10:00,0.818,10,603
1992-07-11T00:00:00.000+10:00,0.817,10,603
1992-07-12T00:00:00.000+10:00,0.815,10,603
1992-07-13T00:00:00.000+10:00,0.813,10,603
1992-07-14T00:00:00.000+10:00,0.809,10,603
1992-07-15T00:00:00.000+10:00,0.808,10,603
1992-07-16T00:00:00.000+10:00,0.806,10,603
1992-07-17T00:00:00.000+10:00,0.806,10,603
1992-07-18T00:00:00.000+10:00,0.830,10,603
1992-07-19T00:00:00.000+10:00,0.843,10,603
1992-07-20T00:00:00.000+10:00,0.842,10,603
1992-07-21T00:00:00.000+10:00,0.864,10,603
1992-07-22T00:00:00.000+10:00,0.882,10,603
1992-07-23T00:00:00.000+10:00,0.871,10,603
1992-07-24T00:00:00.000+10:00,0.846,10,603
1992-07-25T00:00:00.000+10:00,0.827,10,603
1992-07-26T00:00:00.000+10:00,0.819,10,603
1992-07-27T00:00:00.000+10:00,0.812,10,603
1992-07-28T00:00:00.000+10:00,0.810,10,603
1992-07-29T00:00:00.000+10:00,0.795,10,603
1992-07-30T00:00:00.000+10:00,0.789,10,603
1992-07-31T00:00:00.000+10:00,0.775,10,603
1992-08-01T00:00:00.000+10:00,0.781,10,603
1992-08-02T00:00:00.000+10:00,0.765,10,603
1992-08-03T00:00:00.000+10:00,0.734,10,603
1992-08-04T00:00:00.000+10:00,0.687,10,603
1992-08-05T00:00:00.000+10:00,0.672,10,603
1992-08-06T00:00:00.000+10:00,0.666,10,603
1992-08-07T00:00:00.000+10:00,0.668,10,603
1992-08-08T00:00:00.000+10:00,0.725,10,603
1992-08-09T00:00:00.000+10:00,0.746,10,603
1992-08-10T00:00:00.000+10:00,0.746,10,603
1992-08-11T00:00:00.000+10:00,0.745,10,603
1992-08-12T00:00:00.000+10:00,0.743,10,603
1992-08-13T00:00:00.000+10:00,0.747,10,603
1992-08-14T00:00:00.000+10:00,0.726,10,603
1992-08-15T00:00:00.000+10:00,0.670,10,603
1992-08-16T00:00:00.000+10:00,0.677,10,603
1992-08-17T00:00:00.000+10:00,0.661,10,603
1992-08-18T00:00:00.000+10:00,0.680,10,603
1992-08-19T00:00:00.000+10:00,0.657,10,603
1992-08-20T00:00:00.000+10:00,0.674,10,603
1992-08-21T00:00:00.000+10:00,0.637,10,603
1992-08-22T00:00:00.000+10:00,0.646,10,603
1992-08-23T00:00:00.000+10:00,0.614,10,603
1992-08-24T00:00:00.000+10:00,0.632,10,603
1992-08-25T00:00:00.000+10:00,0.626,10,603
1992-08-26T00:00:00.000+10:00,0.644,10,603
1992-08-27T00:00:00.000+10:00,0.613,10,603
1992-08-28T00:00:00.000+10:00,0.622,10,603
1992-08-29T00:00:00.000+10:00,0.614,10,603
1992-08-30T00:00:00.000+10:00,0.589,10,603
1992-08-31T00:00:00.000+10:00,0.617,10,603
1992-09-01T00:00:00.000+10:00,0.629,10,603
1992-09-02T00:00:00.000+10:00,0.611,10,603
1992-09-03T00:00:00.000+10:00,0.621,10,603
1992-09-04T00:00:00.000+10:00,0.589,10,603
1992-09-05T00:00:00.000+10:00,0.584,10,603
1992-09-06T00:00:00.000+10:00,0.579,10,603
1992-09-07T00:00:00.000+10:00,0.588,10,603
1992-09-08T00:00:00.000+10:00,0.583,10,603
1992-09-09T00:00:00.000+10:00,0.587,10,603
1992-09-10T00:00:00.000+10:00,0.555,10,603
1992-09-11T00:00:00.000+10:00,0.594,10,603
1992-09-12T00:00:00.000+10:00,0.572,10,603
1992-09-13T00:00:00.000+10:00,0.553,10,603
1992-09-14T00:00:00.000+10:00,0.624,10,603
1992-09-15T00:00:00.000+10:00,0.594,10,603
1992-09-16T00:00:00.000+10:00,0.567,10,603
1992-09-17T00:00:00.000+10:00,0.589,10,603
1992-09-18T00:00:00.000+10:00,0.557,10,603
1992-09-19T00:00:00.000+10:00,0.563,10,603
1992-09-20T00:00:00.000+10:00,0.472,10,603
1992-09-21T00:00:00.000+10:00,0.582,10,603
1992-09-22T00:00:00.000+10:00,0.544,10,603
1992-09-23T00:00:00.000+10:00,0.518,10,603
1992-09-24T00:00:00.000+10:00,0.542,10,603
1992-09-25T00:00:00.000+10:00,0.543,10,603
1992-09-26T00:00:00.000+10:00,0.529,10,603
1992-09-27T00:00:00.000+10:00,0.505,10,603
1992-09-28T00:00:00.000+10:00,0.513,10,603
1992-09-29T00:00:00.000+10:00,0.534,10,603
1992-09-30T00:00:00.000+10:00,0.513,10,603
1992-10-01T00:00:00.000+10:00,0.455,10,603
1992-10-02T00:00:00.000+10:00,0.548,10,603
1992-10-03T00:00:00.000+10:00,0.417,10,603
1992-10-04T00:00:00.000+10:00,0.463,10,603
1992-10-05T00:00:00.000+10:00,0.498,10,603
1992-10-06T00:00:00.000+10:00,0.475,10,603
1992-10-07T00:00:00.000+10:00,0.498,10,603
1992-10-08T00:00:00.000+10:00,0.479,10,603
1992-10-09T00:00:00.000+10:00,0.557,10,603
1992-10-10T00:00:00.000+10:00,0.521,10,603
1992-10-11T00:00:00.000+10:00,0.456,10,603
1992-10-12T00:00:00.000+10:00,0.491,10,603
1992-10-13T00:00:00.000+10:00,0.502,10,603
1992-10-14T00:00:00.000+10:00,0.483,10,603
1992-10-15T00:00:00.000+10:00,0.464,10,603
1992-10-16T00:00:00.000+10:00,0.467,10,603
1992-10-17T00:00:00.000+10:00,0.504,10,603
1992-10-18T00:00:00.000+10:00,0.395,10,603
1992-10-19T00:00:00.000+10:00,0.468,10,603
1992-10-20T00:00:00.000+10:00,0.487,10,603
1992-10-21T00:00:00.000+10:00,0.489,10,603
1992-10-22T00:00:00.000+10:00,0.478,10,603
1992-10-23T00:00:00.000+10:00,0.482,10,603
1992-10-24T00:00:00.000+10:00,0.459,10,603
1992-10-25T00:00:00.000+10:00,0.430,10,603
1992-10-26T00:00:00.000+10:00,0.411,10,603
1992-10-27T00:00:00.000+10:00,0.447,10,603
1992-10-28T00:00:00.000+10:00,0.405,10,603
1992-10-29T00:00:00.000+10:00,0.463,10,603
1992-10-30T00:00:00.000+10:00,0.520,10,603
1992-10-31T00:00:00.000+10:00,0.626,10,603
1992-11-01T00:00:00.000+10:00,0.624,10,603
1992-11-02T00:00:00.000+10:00,0.629,10,603
1992-11-03T00:00:00.000+10:00,0.689,10,603
1992-11-04T00:00:00.000+10:00,0.529,10,603
1992-11-05T00:00:00.000+10:00,0.549,10,603
1992-11-06T00:00:00.000+10:00,0.655,10,603
1992-11-07T00:00:00.000+10:00,0.593,10,603
1992-11-08T00:00:00.000+10:00,0.601,10,603
1992-11-09T00:00:00.000+10:00,0.577,10,603
1992-11-10T00:00:00.000+10:00,0.563,10,603
1992-11-11T00:00:00.000+10:00,0.534,10,603
1992-11-12T00:00:00.000+10:00,0.526,10,603
1992-11-13T00:00:00.000+10:00,0.588,10,603
1992-11-14T00:00:00.000+10:00,0.562,10,603
1992-11-15T00:00:00.000+10:00,0.509,10,603
1992-11-16T00:00:00.000+10:00,0.506,10,603
1992-11-17T00:00:00.000+10:00,0.515,10,603
1992-11-18T00:00:00.000+10:00,0.614,10,603
1992-11-19T00:00:00.000+10:00,0.610,10,603
1992-11-20T00:00:00.000+10:00,0.754,10,603
1992-11-21T00:00:00.000+10:00,0.890,10,603
1992-11-22T00:00:00.000+10:00,0.879,10,603
1992-11-23T00:00:00.000+10:00,0.755,10,603
1992-11-24T00:00:00.000+10:00,0.672,10,603
1992-11-25T00:00:00.000+10:00,0.674,10,603
1992-11-26T00:00:00.000+10:00,0.630,10,603
1992-11-27T00:00:00.000+10:00,0.590,10,603
1992-11-28T00:00:00.000+10:00,0.571,10,603
1992-11-29T00:00:00.000+10:00,0.543,10,603
1992-11-30T00:00:00.000+10:00,0.549,10,603
1992-12-01T00:00:00.000+10:00,0.532,10,603
1992-12-02T00:00:00.000+10:00,0.501,10,603
1992-12-03T00:00:00.000+10:00,0.495,10,603
1992-12-04T00:00:00.000+10:00,0.543,10,603
1992-12-05T00:00:00.000+10:00,0.713,10,603
1992-12-06T00:00:00.000+10:00,1.326,10,603
1992-12-07T00:00:00.000+10:00,1.266,10,603
1992-12-08T00:00:00.000+10:00,1.173,10,603
1992-12-09T00:00:00.000+10:00,1.385,10,603
1992-12-10T00:00:00.000+10:00,1.407,10,603
1992-12-11T00:00:00.000+10:00,1.383,10,603
1992-12-12T00:00:00.000+10:00,1.167,10,603
1992-12-13T00:00:00.000+10:00,0.861,10,603
1992-12-14T00:00:00.000+10:00,0.944,10,603
1992-12-15T00:00:00.000+10:00,1.479,10,603
1992-12-16T00:00:00.000+10:00,1.145,10,603
1992-12-17T00:00:00.000+10:00,1.095,10,603
1992-12-18T00:00:00.000+10:00,1.105,10,603
1992-12-19T00:00:00.000+10:00,1.059,10,603
1992-12-20T00:00:00.000+10:00,0.947,10,603
1992-12-21T00:00:00.000+10:00,0.761,10,603
1992-12-22T00:00:00.000+10:00,0.964,10,603
1992-12-23T00:00:00.000+10:00,0.958,10,603
1992-12-24T00:00:00.000+10:00,0.963,10,603
1992-12-25T00:00:00.000+10:00,0.947,10,603
1992-12-26T00:00:00.000+10:00,0.946,10,603
1992-12-27T00:00:00.000+10:00,0.956,10,603
1992-12-28T00:00:00.000+10:00,0.925,10,603
1992-12-29T00:00:00.000+10:00,0.927,10,603
1992-12-30T00:00:00.000+10:00,0.927,10,603
1992-12-31T00:00:00.000+10:00,0.900,10,603
1993-01-01T00:00:00.000+10:00,0.822,10,603
1993-01-02T00:00:00.000+10:00,0.774,10,603
1993-01-03T00:00:00.000+10:00,0.761,10,603
1993-01-04T00:00:00.000+10:00,0.745,10,603
1993-01-05T00:00:00.000+10:00,0.769,10,603
1993-01-06T00:00:00.000+10:00,0.874,10,603
1993-01-07T00:00:00.000+10:00,0.916,10,603
1993-01-08T00:00:00.000+10:00,0.920,10,603
1993-01-09T00:00:00.000+10:00,0.921,10,603
1993-01-10T00:00:00.000+10:00,0.948,10,603
1993-01-11T00:00:00.000+10:00,0.973,10,603
1993-01-12T00:00:00.000+10:00,0.954,10,603
1993-01-13T00:00:00.000+10:00,0.948,10,603
1993-01-14T00:00:00.000+10:00,0.936,10,603
1993-01-15T00:00:00.000+10:00,0.850,10,603
1993-01-16T00:00:00.000+10:00,0.890,10,603
1993-01-17T00:00:00.000+10:00,0.890,10,603
1993-01-18T00:00:00.000+10:00,0.815,10,603
1993-01-19T00:00:00.000+10:00,0.782,10,603
1993-01-20T00:00:00.000+10:00,0.769,10,603
1993-01-21T00:00:00.000+10:00,0.758,10,603
1993-01-22T00:00:00.000+10:00,0.807,10,603
1993-01-23T00:00:00.000+10:00,0.775,10,603
1993-01-24T00:00:00.000+10:00,0.995,10,603
1993-01-25T00:00:00.000+10:00,1.135,10,603
1993-01-26T00:00:00.000+10:00,1.121,10,603
1993-01-27T00:00:00.000+10:00,0.995,10,603
1993-01-28T00:00:00.000+10:00,0.950,10,603
1993-01-29T00:00:00.000+10:00,0.938,10,603
1993-01-30T00:00:00.000+10:00,0.932,10,603
1993-01-31T00:00:00.000+10:00,0.951,10,603
1993-02-01T00:00:00.000+10:00,0.933,10,603
1993-02-02T00:00:00.000+10:00,0.913,10,603
1993-02-03T00:00:00.000+10:00,0.875,10,603
1993-02-04T00:00:00.000+10:00,0.877,10,603
1993-02-05T00:00:00.000+10:00,0.880,10,603
1993-02-06T00:00:00.000+10:00,1.045,10,603
1993-02-07T00:00:00.000+10:00,1.027,10,603
1993-02-08T00:00:00.000+10:00,0.967,10,603
1993-02-09T00:00:00.000+10:00,0.983,10,603
1993-02-10T00:00:00.000+10:00,1.008,10,603
1993-02-11T00:00:00.000+10:00,0.993,10,603
1993-02-12T00:00:00.000+10:00,0.971,10,603
1993-02-13T00:00:00.000+10:00,0.997,10,603
1993-02-14T00:00:00.000+10:00,0.951,10,603
1993-02-15T00:00:00.000+10:00,0.937,10,603
1993-02-16T00:00:00.000+10:00,0.939,10,603
1993-02-17T00:00:00.000+10:00,0.931,10,603
1993-02-18T00:00:00.000+10:00,0.928,10,603
1993-02-19T00:00:00.000+10:00,0.928,10,603
1993-02-20T00:00:00.000+10:00,0.930,10,603
1993-02-21T00:00:00.000+10:00,0.919,10,603
1993-02-22T00:00:00.000+10:00,0.896,10,603
1993-02-23T00:00:00.000+10:00,0.897,10,603
1993-02-24T00:00:00.000+10:00,0.891,10,603
1993-02-25T00:00:00.000+10:00,0.891,10,603
1993-02-26T00:00:00.000+10:00,0.920,10,603
1993-02-27T00:00:00.000+10:00,0.949,10,603
1993-02-28T00:00:00.000+10:00,0.947,10,603
1993-03-01T00:00:00.000+10:00,0.925,10,603
1993-03-02T00:00:00.000+10:00,0.905,10,603
1993-03-03T00:00:00.000+10:00,0.897,10,603
1993-03-04T00:00:00.000+10:00,0.915,10,603
1993-03-05T00:00:00.000+10:00,0.896,10,603
1993-03-06T00:00:00.000+10:00,0.883,10,603
1993-03-07T00:00:00.000+10:00,0.876,10,603
1993-03-08T00:00:00.000+10:00,0.869,10,603
1993-03-09T00:00:00.000+10:00,0.865,10,603
1993-03-10T00:00:00.000+10:00,0.878,10,603
1993-03-11T00:00:00.000+10:00,0.884,10,603
1993-03-12T00:00:00.000+10:00,0.869,10,603
1993-03-13T00:00:00.000+10:00,0.876,10,603
1993-03-14T00:00:00.000+10:00,0.876,10,603
1993-03-15T00:00:00.000+10:00,0.873,10,603
1993-03-16T00:00:00.000+10:00,0.872,10,603
1993-03-17T00:00:00.000+10:00,0.885,10,603
1993-03-18T00:00:00.000+10:00,0.891,10,603
1993-03-19T00:00:00.000+10:00,0.891,10,603
1993-03-20T00:00:00.000+10:00,0.896,10,603
1993-03-21T00:00:00.000+10:00,1.041,10,603
1993-03-22T00:00:00.000+10:00,1.110,10,603
1993-03-23T00:00:00.000+10:00,1.064,10,603
1993-03-24T00:00:00.000+10:00,1.036,10,603
1993-03-25T00:00:00.000+10:00,0.980,10,603
1993-03-26T00:00:00.000+10:00,0.981,10,603
1993-03-27T00:00:00.000+10:00,0.993,10,603
1993-03-28T00:00:00.000+10:00,0.988,10,603
1993-03-29T00:00:00.000+10:00,0.977,10,603
1993-03-30T00:00:00.000+10:00,0.972,10,603
1993-03-31T00:00:00.000+10:00,0.949,10,603
1993-04-01T00:00:00.000+10:00,0.944,10,603
1993-04-02T00:00:00.000+10:00,0.941,10,603
1993-04-03T00:00:00.000+10:00,0.939,10,603
1993-04-04T00:00:00.000+10:00,0.919,10,603
1993-04-05T00:00:00.000+10:00,0.897,10,603
1993-04-06T00:00:00.000+10:00,0.889,10,603
1993-04-07T00:00:00.000+10:00,0.745,10,603
1993-04-08T00:00:00.000+10:00,0.876,10,603
1993-04-09T00:00:00.000+10:00,0.885,10,603
1993-04-10T00:00:00.000+10:00,0.901,10,603
1993-04-11T00:00:00.000+10:00,0.903,10,603
1993-04-12T00:00:00.000+10:00,0.903,10,603
1993-04-13T00:00:00.000+10:00,0.902,10,603
1993-04-14T00:00:00.000+10:00,0.905,10,603
1993-04-15T00:00:00.000+10:00,0.913,10,603
1993-04-16T00:00:00.000+10:00,0.909,10,603
1993-04-17T00:00:00.000+10:00,0.903,10,603
1993-04-18T00:00:00.000+10:00,0.905,10,603
1993-04-19T00:00:00.000+10:00,0.905,10,603
1993-04-20T00:00:00.000+10:00,0.905,10,603
1993-04-21T00:00:00.000+10:00,0.930,10,603
1993-04-22T00:00:00.000+10:00,0.905,10,603
1993-04-23T00:00:00.000+10:00,0.920,10,603
1993-04-24T00:00:00.000+10:00,0.910,10,603
1993-04-25T00:00:00.000+10:00,0.919,10,603
1993-04-26T00:00:00.000+10:00,0.914,10,603
1993-04-27T00:00:00.000+10:00,0.909,10,603
1993-04-28T00:00:00.000+10:00,0.907,10,603
1993-04-29T00:00:00.000+10:00,0.905,10,603
1993-04-30T00:00:00.000+10:00,0.896,10,603
1993-05-01T00:00:00.000+10:00,0.901,10,603
1993-05-02T00:00:00.000+10:00,0.902,10,603
1993-05-03T00:00:00.000+10:00,0.901,10,603
1993-05-04T00:00:00.000+10:00,0.892,10,603
1993-05-05T00:00:00.000+10:00,0.880,10,603
1993-05-06T00:00:00.000+10:00,0.900,10,603
1993-05-07T00:00:00.000+10:00,0.903,10,603
1993-05-08T00:00:00.000+10:00,0.908,10,603
1993-05-09T00:00:00.000+10:00,0.907,10,603
1993-05-10T00:00:00.000+10:00,0.913,10,603
1993-05-11T00:00:00.000+10:00,0.919,10,603
1993-05-12T00:00:00.000+10:00,0.904,10,603
1993-05-13T00:00:00.000+10:00,0.903,10,603
1993-05-14T00:00:00.000+10:00,0.902,10,603
1993-05-15T00:00:00.000+10:00,0.887,10,603
1993-05-16T00:00:00.000+10:00,0.859,10,603
1993-05-17T00:00:00.000+10:00,0.840,10,603
1993-05-18T00:00:00.000+10:00,0.840,10,603
1993-05-19T00:00:00.000+10:00,0.799,10,603
1993-05-20T00:00:00.000+10:00,0.792,10,603
1993-05-21T00:00:00.000+10:00,0.788,10,603
1993-05-22T00:00:00.000+10:00,0.793,10,603
1993-05-23T00:00:00.000+10:00,0.717,10,603
1993-05-24T00:00:00.000+10:00,0.752,10,603
1993-05-25T00:00:00.000+10:00,0.754,10,603
1993-05-26T00:00:00.000+10:00,0.750,10,603
1993-05-27T00:00:00.000+10:00,0.726,10,603
1993-05-28T00:00:00.000+10:00,0.722,10,603
1993-05-29T00:00:00.000+10:00,0.740,10,603
1993-05-30T00:00:00.000+10:00,0.672,10,603
1993-05-31T00:00:00.000+10:00,0.745,10,603
1993-06-01T00:00:00.000+10:00,0.755,10,603
1993-06-02T00:00:00.000+10:00,0.700,10,603
1993-06-03T00:00:00.000+10:00,0.709,10,603
1993-06-04T00:00:00.000+10:00,0.729,10,603
1993-06-05T00:00:00.000+10:00,0.777,10,603
1993-06-06T00:00:00.000+10:00,0.779,10,603
1993-06-07T00:00:00.000+10:00,0.722,10,603
1993-06-08T00:00:00.000+10:00,0.727,10,603
1993-06-09T00:00:00.000+10:00,0.728,10,603
1993-06-10T00:00:00.000+10:00,0.717,10,603
1993-06-11T00:00:00.000+10:00,0.694,10,603
1993-06-12T00:00:00.000+10:00,0.674,10,603
1993-06-13T00:00:00.000+10:00,0.649,10,603
1993-06-14T00:00:00.000+10:00,0.682,10,603
1993-06-15T00:00:00.000+10:00,0.605,10,603
1993-06-16T00:00:00.000+10:00,0.635,10,603
1993-06-17T00:00:00.000+10:00,0.630,10,603
1993-06-18T00:00:00.000+10:00,0.639,10,603
1993-06-19T00:00:00.000+10:00,0.645,10,603
1993-06-20T00:00:00.000+10:00,0.579,10,603
1993-06-21T00:00:00.000+10:00,0.621,10,603
1993-06-22T00:00:00.000+10:00,0.636,10,603
1993-06-23T00:00:00.000+10:00,0.630,10,603
1993-06-24T00:00:00.000+10:00,0.606,10,603
1993-06-25T00:00:00.000+10:00,0.622,10,603
1993-06-26T00:00:00.000+10:00,0.592,10,603
1993-06-27T00:00:00.000+10:00,0.553,10,603
1993-06-28T00:00:00.000+10:00,0.569,10,603
1993-06-29T00:00:00.000+10:00,0.611,10,603
1993-06-30T00:00:00.000+10:00,0.608,10,603
1993-07-01T00:00:00.000+10:00,0.582,10,603
1993-07-02T00:00:00.000+10:00,0.649,10,603
1993-07-03T00:00:00.000+10:00,0.656,10,603
1993-07-04T00:00:00.000+10:00,0.633,10,603
1993-07-05T00:00:00.000+10:00,0.631,10,603
1993-07-06T00:00:00.000+10:00,0.588,10,603
1993-07-07T00:00:00.000+10:00,0.618,10,603
1993-07-08T00:00:00.000+10:00,0.599,10,603
1993-07-09T00:00:00.000+10:00,0.599,10,603
1993-07-10T00:00:00.000+10:00,0.599,10,603
1993-07-11T00:00:00.000+10:00,0.567,10,603
1993-07-12T00:00:00.000+10:00,0.631,10,603
1993-07-13T00:00:00.000+10:00,0.668,10,603
1993-07-14T00:00:00.000+10:00,0.712,10,603
1993-07-15T00:00:00.000+10:00,0.684,10,603
1993-07-16T00:00:00.000+10:00,0.747,10,603
1993-07-17T00:00:00.000+10:00,0.782,10,603
1993-07-18T00:00:00.000+10:00,0.789,10,603
1993-07-19T00:00:00.000+10:00,0.784,10,603
1993-07-20T00:00:00.000+10:00,0.725,10,603
1993-07-21T00:00:00.000+10:00,0.723,10,603
1993-07-22T00:00:00.000+10:00,0.670,10,603
1993-07-23T00:00:00.000+10:00,0.682,10,603
1993-07-24T00:00:00.000+10:00,0.683,10,603
1993-07-25T00:00:00.000+10:00,0.683,10,603
1993-07-26T00:00:00.000+10:00,0.683,10,603
1993-07-27T00:00:00.000+10:00,0.683,10,603
1993-07-28T00:00:00.000+10:00,0.679,10,603
1993-07-29T00:00:00.000+10:00,0.712,10,603
1993-07-30T00:00:00.000+10:00,0.739,10,603
1993-07-31T00:00:00.000+10:00,0.729,10,603
1993-08-01T00:00:00.000+10:00,0.736,10,603
1993-08-02T00:00:00.000+10:00,0.756,10,603
1993-08-03T00:00:00.000+10:00,0.792,10,603
1993-08-04T00:00:00.000+10:00,0.793,10,603
1993-08-05T00:00:00.000+10:00,0.791,10,603
1993-08-06T00:00:00.000+10:00,0.772,10,603
1993-08-07T00:00:00.000+10:00,0.768,10,603
1993-08-08T00:00:00.000+10:00,0.760,10,603
1993-08-09T00:00:00.000+10:00,0.753,10,603
1993-08-10T00:00:00.000+10:00,0.749,10,603
1993-08-11T00:00:00.000+10:00,0.721,10,603
1993-08-12T00:00:00.000+10:00,0.739,10,603
1993-08-13T00:00:00.000+10:00,0.713,10,603
1993-08-14T00:00:00.000+10:00,0.681,10,603
1993-08-15T00:00:00.000+10:00,0.668,10,603
1993-08-16T00:00:00.000+10:00,0.590,10,603
1993-08-17T00:00:00.000+10:00,0.656,10,603
1993-08-18T00:00:00.000+10:00,0.648,10,603
1993-08-19T00:00:00.000+10:00,0.590,10,603
1993-08-20T00:00:00.000+10:00,0.623,10,603
1993-08-21T00:00:00.000+10:00,0.625,10,603
1993-08-22T00:00:00.000+10:00,0.661,10,603
1993-08-23T00:00:00.000+10:00,0.603,10,603
1993-08-24T00:00:00.000+10:00,0.648,10,603
1993-08-25T00:00:00.000+10:00,0.520,10,603
1993-08-26T00:00:00.000+10:00,0.535,10,603
1993-08-27T00:00:00.000+10:00,0.600,10,603
1993-08-28T00:00:00.000+10:00,0.635,10,603
1993-08-29T00:00:00.000+10:00,0.693,10,603
1993-08-30T00:00:00.000+10:00,0.679,10,603
1993-08-31T00:00:00.000+10:00,0.757,10,603
1993-09-01T00:00:00.000+10:00,0.747,10,603
1993-09-02T00:00:00.000+10:00,0.703,10,603
1993-09-03T00:00:00.000+10:00,0.679,10,603
1993-09-04T00:00:00.000+10:00,0.656,10,603
1993-09-05T00:00:00.000+10:00,0.631,10,603
1993-09-06T00:00:00.000+10:00,0.538,10,603
1993-09-07T00:00:00.000+10:00,0.618,10,603
1993-09-08T00:00:00.000+10:00,0.606,10,603
1993-09-09T00:00:00.000+10:00,0.580,10,603
1993-09-10T00:00:00.000+10:00,0.604,10,603
1993-09-11T00:00:00.000+10:00,0.606,10,603
1993-09-12T00:00:00.000+10:00,0.509,10,603
1993-09-13T00:00:00.000+10:00,0.640,10,603
1993-09-14T00:00:00.000+10:00,0.633,10,603
1993-09-15T00:00:00.000+10:00,0.608,10,603
1993-09-16T00:00:00.000+10:00,0.632,10,603
1993-09-17T00:00:00.000+10:00,0.645,10,603
1993-09-18T00:00:00.000+10:00,0.665,10,603
1993-09-19T00:00:00.000+10:00,0.481,10,603
1993-09-20T00:00:00.000+10:00,0.544,10,603
1993-09-21T00:00:00.000+10:00,0.524,10,603
1993-09-22T00:00:00.000+10:00,0.552,10,603
1993-09-23T00:00:00.000+10:00,0.502,10,603
1993-09-24T00:00:00.000+10:00,0.538,10,603
1993-09-25T00:00:00.000+10:00,0.534,10,603
1993-09-26T00:00:00.000+10:00,0.469,10,603
1993-09-27T00:00:00.000+10:00,0.499,10,603
1993-09-28T00:00:00.000+10:00,0.543,10,603
1993-09-29T00:00:00.000+10:00,0.499,10,603
1993-09-30T00:00:00.000+10:00,0.485,10,603
1993-10-01T00:00:00.000+10:00,0.500,10,603
1993-10-02T00:00:00.000+10:00,0.442,10,603
1993-10-03T00:00:00.000+10:00,0.434,10,603
1993-10-04T00:00:00.000+10:00,0.523,10,603
1993-10-05T00:00:00.000+10:00,0.485,10,603
1993-10-06T00:00:00.000+10:00,0.498,10,603
1993-10-07T00:00:00.000+10:00,0.448,10,603
1993-10-08T00:00:00.000+10:00,0.471,10,603
1993-10-09T00:00:00.000+10:00,0.485,10,603
1993-10-10T00:00:00.000+10:00,0.474,10,603
1993-10-11T00:00:00.000+10:00,0.475,10,603
1993-10-12T00:00:00.000+10:00,0.432,10,603
1993-10-13T00:00:00.000+10:00,0.408,10,603
1993-10-14T00:00:00.000+10:00,0.417,10,603
1993-10-15T00:00:00.000+10:00,0.443,10,603
1993-10-16T00:00:00.000+10:00,0.485,10,603
1993-10-17T00:00:00.000+10:00,0.464,10,603
1993-10-18T00:00:00.000+10:00,0.483,10,603
1993-10-19T00:00:00.000+10:00,0.540,10,603
1993-10-20T00:00:00.000+10:00,0.524,10,603
1993-10-21T00:00:00.000+10:00,0.511,10,603
1993-10-22T00:00:00.000+10:00,0.489,10,603
1993-10-23T00:00:00.000+10:00,0.482,10,603
1993-10-24T00:00:00.000+10:00,0.454,10,603
1993-10-25T00:00:00.000+10:00,0.495,10,603
1993-10-26T00:00:00.000+10:00,0.450,10,603
1993-10-27T00:00:00.000+10:00,0.474,10,603
1993-10-28T00:00:00.000+10:00,0.463,10,603
1993-10-29T00:00:00.000+10:00,0.451,10,603
1993-10-30T00:00:00.000+10:00,0.430,10,603
1993-10-31T00:00:00.000+10:00,0.411,10,603
1993-11-01T00:00:00.000+10:00,0.447,10,603
1993-11-02T00:00:00.000+10:00,0.483,10,603
1993-11-03T00:00:00.000+10:00,0.417,10,603
1993-11-04T00:00:00.000+10:00,0.561,10,603
1993-11-05T00:00:00.000+10:00,0.503,10,603
1993-11-06T00:00:00.000+10:00,0.539,10,603
1993-11-07T00:00:00.000+10:00,0.454,10,603
1993-11-08T00:00:00.000+10:00,0.434,10,603
1993-11-09T00:00:00.000+10:00,0.401,10,603
1993-11-10T00:00:00.000+10:00,0.417,10,603
1993-11-11T00:00:00.000+10:00,0.416,10,603
1993-11-12T00:00:00.000+10:00,0.416,10,603
1993-11-13T00:00:00.000+10:00,0.429,10,603
1993-11-14T00:00:00.000+10:00,0.446,10,603
1993-11-15T00:00:00.000+10:00,0.508,10,603
1993-11-16T00:00:00.000+10:00,0.514,10,603
1993-11-17T00:00:00.000+10:00,0.489,10,603
1993-11-18T00:00:00.000+10:00,0.485,10,603
1993-11-19T00:00:00.000+10:00,0.498,10,603
1993-11-20T00:00:00.000+10:00,0.485,10,603
1993-11-21T00:00:00.000+10:00,0.527,10,603
1993-11-22T00:00:00.000+10:00,0.484,10,603
1993-11-23T00:00:00.000+10:00,0.526,10,603
1993-11-24T00:00:00.000+10:00,0.444,10,603
1993-11-25T00:00:00.000+10:00,0.438,10,603
1993-11-26T00:00:00.000+10:00,0.433,10,603
1993-11-27T00:00:00.000+10:00,0.432,10,603
1993-11-28T00:00:00.000+10:00,0.458,10,603
1993-11-29T00:00:00.000+10:00,0.452,10,603
1993-11-30T00:00:00.000+10:00,0.432,10,603
1993-12-01T00:00:00.000+10:00,0.411,10,603
1993-12-02T00:00:00.000+10:00,0.409,10,603
1993-12-03T00:00:00.000+10:00,0.405,10,603
1993-12-04T00:00:00.000+10:00,0.358,10,603
1993-12-05T00:00:00.000+10:00,0.392,10,603
1993-12-06T00:00:00.000+10:00,0.368,10,603
1993-12-07T00:00:00.000+10:00,0.531,10,603
1993-12-08T00:00:00.000+10:00,2.522,10,603
1993-12-09T00:00:00.000+10:00,2.473,10,603
1993-12-10T00:00:00.000+10:00,2.683,10,603
1993-12-11T00:00:00.000+10:00,1.940,10,603
1993-12-12T00:00:00.000+10:00,1.536,10,603
1993-12-13T00:00:00.000+10:00,1.340,10,603
1993-12-14T00:00:00.000+10:00,1.211,10,603
1993-12-15T00:00:00.000+10:00,1.135,10,603
1993-12-16T00:00:00.000+10:00,1.090,10,603
1993-12-17T00:00:00.000+10:00,1.049,10,603
1993-12-18T00:00:00.000+10:00,1.016,10,603
1993-12-19T00:00:00.000+10:00,0.935,10,603
1993-12-20T00:00:00.000+10:00,0.883,10,603
1993-12-21T00:00:00.000+10:00,0.842,10,603
1993-12-22T00:00:00.000+10:00,0.816,10,603
1993-12-23T00:00:00.000+10:00,0.801,10,603
1993-12-24T00:00:00.000+10:00,0.767,10,603
1993-12-25T00:00:00.000+10:00,0.777,10,603
1993-12-26T00:00:00.000+10:00,0.678,10,603
1993-12-27T00:00:00.000+10:00,0.661,10,603
1993-12-28T00:00:00.000+10:00,0.632,10,603
1993-12-29T00:00:00.000+10:00,0.606,10,603
1993-12-30T00:00:00.000+10:00,0.595,10,603
1993-12-31T00:00:00.000+10:00,0.597,10,603
1994-01-01T00:00:00.000+10:00,0.554,10,603
1994-01-02T00:00:00.000+10:00,0.525,10,603
1994-01-03T00:00:00.000+10:00,0.532,10,603
1994-01-04T00:00:00.000+10:00,0.530,10,603
1994-01-05T00:00:00.000+10:00,0.507,10,603
1994-01-06T00:00:00.000+10:00,0.484,10,603
1994-01-07T00:00:00.000+10:00,0.473,10,603
1994-01-08T00:00:00.000+10:00,0.442,10,603
1994-01-09T00:00:00.000+10:00,0.419,10,603
1994-01-10T00:00:00.000+10:00,0.465,10,603
1994-01-11T00:00:00.000+10:00,0.424,10,603
1994-01-12T00:00:00.000+10:00,0.396,10,603
1994-01-13T00:00:00.000+10:00,0.415,10,603
1994-01-14T00:00:00.000+10:00,0.454,10,603
1994-01-15T00:00:00.000+10:00,0.473,10,603
1994-01-16T00:00:00.000+10:00,0.441,10,603
1994-01-17T00:00:00.000+10:00,0.595,10,603
1994-01-18T00:00:00.000+10:00,0.615,10,603
1994-01-19T00:00:00.000+10:00,0.586,10,603
1994-01-20T00:00:00.000+10:00,0.607,10,603
1994-01-21T00:00:00.000+10:00,0.617,10,603
1994-01-22T00:00:00.000+10:00,0.565,10,603
1994-01-23T00:00:00.000+10:00,0.594,10,603
1994-01-24T00:00:00.000+10:00,0.592,10,603
1994-01-25T00:00:00.000+10:00,0.601,10,603
1994-01-26T00:00:00.000+10:00,0.489,10,603
1994-01-27T00:00:00.000+10:00,0.465,10,603
1994-01-28T00:00:00.000+10:00,0.476,10,603
1994-01-29T00:00:00.000+10:00,0.447,10,603
1994-01-30T00:00:00.000+10:00,0.449,10,603
1994-01-31T00:00:00.000+10:00,0.439,10,603
1994-02-01T00:00:00.000+10:00,0.489,10,603
1994-02-02T00:00:00.000+10:00,0.469,10,603
1994-02-03T00:00:00.000+10:00,0.488,10,603
1994-02-04T00:00:00.000+10:00,0.471,10,603
1994-02-05T00:00:00.000+10:00,0.479,10,603
1994-02-06T00:00:00.000+10:00,0.491,10,603
1994-02-07T00:00:00.000+10:00,0.529,10,603
1994-02-08T00:00:00.000+10:00,0.514,10,603
1994-02-09T00:00:00.000+10:00,0.499,10,603
1994-02-10T00:00:00.000+10:00,0.470,10,603
1994-02-11T00:00:00.000+10:00,0.441,10,603
1994-02-12T00:00:00.000+10:00,0.463,10,603
1994-02-13T00:00:00.000+10:00,0.452,10,603
1994-02-14T00:00:00.000+10:00,0.598,10,603
1994-02-15T00:00:00.000+10:00,0.709,10,603
1994-02-16T00:00:00.000+10:00,0.681,10,603
1994-02-17T00:00:00.000+10:00,0.639,10,603
1994-02-18T00:00:00.000+10:00,0.618,10,603
1994-02-19T00:00:00.000+10:00,0.788,10,603
1994-02-20T00:00:00.000+10:00,0.827,10,603
1994-02-21T00:00:00.000+10:00,0.837,10,603
1994-02-22T00:00:00.000+10:00,0.838,10,603
1994-02-23T00:00:00.000+10:00,0.854,10,603
1994-02-24T00:00:00.000+10:00,0.919,10,603
1994-02-25T00:00:00.000+10:00,0.901,10,603
1994-02-26T00:00:00.000+10:00,0.813,10,603
1994-02-27T00:00:00.000+10:00,0.746,10,603
1994-02-28T00:00:00.000+10:00,0.741,10,603
1994-03-01T00:00:00.000+10:00,0.775,10,603
1994-03-02T00:00:00.000+10:00,0.779,10,603
1994-03-03T00:00:00.000+10:00,0.909,10,603
1994-03-04T00:00:00.000+10:00,1.409,10,603
1994-03-05T00:00:00.000+10:00,1.530,10,603
1994-03-06T00:00:00.000+10:00,1.499,10,603
1994-03-07T00:00:00.000+10:00,1.371,10,603
1994-03-08T00:00:00.000+10:00,1.281,10,603
1994-03-09T00:00:00.000+10:00,1.200,10,603
1994-03-10T00:00:00.000+10:00,1.298,10,603
1994-03-11T00:00:00.000+10:00,1.371,10,603
1994-03-12T00:00:00.000+10:00,1.128,10,603
1994-03-13T00:00:00.000+10:00,1.101,10,603
1994-03-14T00:00:00.000+10:00,1.061,10,603
1994-03-15T00:00:00.000+10:00,1.022,10,603
1994-03-16T00:00:00.000+10:00,0.995,10,603
1994-03-17T00:00:00.000+10:00,0.972,10,603
1994-03-18T00:00:00.000+10:00,0.954,10,603
1994-03-19T00:00:00.000+10:00,0.938,10,603
1994-03-20T00:00:00.000+10:00,0.924,10,603
1994-03-21T00:00:00.000+10:00,0.913,10,603
1994-03-22T00:00:00.000+10:00,0.910,10,603
1994-03-23T00:00:00.000+10:00,0.909,10,603
1994-03-24T00:00:00.000+10:00,0.909,10,603
1994-03-25T00:00:00.000+10:00,0.912,10,603
1994-03-26T00:00:00.000+10:00,0.915,10,603
1994-03-27T00:00:00.000+10:00,0.930,10,603
1994-03-28T00:00:00.000+10:00,0.968,10,603
1994-03-29T00:00:00.000+10:00,1.332,10,603
1994-03-30T00:00:00.000+10:00,1.646,10,603
1994-03-31T00:00:00.000+10:00,1.899,10,603
1994-04-01T00:00:00.000+10:00,1.917,10,603
1994-04-02T00:00:00.000+10:00,1.985,10,603
1994-04-03T00:00:00.000+10:00,1.748,10,603
1994-04-04T00:00:00.000+10:00,1.534,10,603
1994-04-05T00:00:00.000+10:00,1.399,10,603
1994-04-06T00:00:00.000+10:00,1.317,10,603
1994-04-07T00:00:00.000+10:00,1.271,10,603
1994-04-08T00:00:00.000+10:00,1.216,10,603
1994-04-09T00:00:00.000+10:00,1.168,10,603
1994-04-10T00:00:00.000+10:00,1.134,10,603
1994-04-11T00:00:00.000+10:00,1.107,10,603
1994-04-12T00:00:00.000+10:00,1.071,10,603
1994-04-13T00:00:00.000+10:00,1.032,10,603
1994-04-14T00:00:00.000+10:00,1.019,10,603
1994-04-15T00:00:00.000+10:00,1.002,10,603
1994-04-16T00:00:00.000+10:00,0.996,10,603
1994-04-17T00:00:00.000+10:00,0.987,10,603
1994-04-18T00:00:00.000+10:00,0.975,10,603
1994-04-19T00:00:00.000+10:00,0.966,10,603
1994-04-20T00:00:00.000+10:00,0.961,10,603
1994-04-21T00:00:00.000+10:00,0.956,10,603
1994-04-22T00:00:00.000+10:00,0.946,10,603
1994-04-23T00:00:00.000+10:00,0.940,10,603
1994-04-24T00:00:00.000+10:00,0.932,10,603
1994-04-25T00:00:00.000+10:00,0.907,10,603
1994-04-26T00:00:00.000+10:00,0.831,10,603
1994-04-27T00:00:00.000+10:00,0.855,10,603
1994-04-28T00:00:00.000+10:00,0.837,10,603
1994-04-29T00:00:00.000+10:00,0.823,10,603
1994-04-30T00:00:00.000+10:00,0.828,10,603
1994-05-01T00:00:00.000+10:00,0.761,10,603
1994-05-02T00:00:00.000+10:00,0.763,10,603
1994-05-03T00:00:00.000+10:00,0.771,10,603
1994-05-04T00:00:00.000+10:00,0.752,10,603
1994-05-05T00:00:00.000+10:00,0.732,10,603
1994-05-06T00:00:00.000+10:00,0.833,10,603
1994-05-07T00:00:00.000+10:00,1.037,10,603
1994-05-08T00:00:00.000+10:00,1.222,10,603
1994-05-09T00:00:00.000+10:00,1.131,10,603
1994-05-10T00:00:00.000+10:00,1.064,10,603
1994-05-11T00:00:00.000+10:00,1.020,10,603
1994-05-12T00:00:00.000+10:00,0.981,10,603
1994-05-13T00:00:00.000+10:00,0.948,10,603
1994-05-14T00:00:00.000+10:00,0.901,10,603
1994-05-15T00:00:00.000+10:00,0.880,10,603
1994-05-16T00:00:00.000+10:00,0.825,10,603
1994-05-17T00:00:00.000+10:00,0.812,10,603
1994-05-18T00:00:00.000+10:00,0.850,10,603
1994-05-19T00:00:00.000+10:00,0.778,10,603
1994-05-20T00:00:00.000+10:00,0.710,10,603
1994-05-21T00:00:00.000+10:00,0.761,10,603
1994-05-22T00:00:00.000+10:00,0.707,10,603
1994-05-23T00:00:00.000+10:00,0.717,10,603
1994-05-24T00:00:00.000+10:00,0.709,10,603
1994-05-25T00:00:00.000+10:00,0.702,10,603
1994-05-26T00:00:00.000+10:00,0.675,10,603
1994-05-27T00:00:00.000+10:00,0.661,10,603
1994-05-28T00:00:00.000+10:00,0.688,10,603
1994-05-29T00:00:00.000+10:00,0.591,10,603
1994-05-30T00:00:00.000+10:00,0.650,10,603
1994-05-31T00:00:00.000+10:00,0.656,10,603
1994-06-01T00:00:00.000+10:00,0.650,10,603
1994-06-02T00:00:00.000+10:00,0.634,10,603
1994-06-03T00:00:00.000+10:00,0.658,10,603
1994-06-04T00:00:00.000+10:00,0.652,10,603
1994-06-05T00:00:00.000+10:00,0.626,10,603
1994-06-06T00:00:00.000+10:00,0.648,10,603
1994-06-07T00:00:00.000+10:00,0.658,10,603
1994-06-08T00:00:00.000+10:00,0.623,10,603
1994-06-09T00:00:00.000+10:00,0.555,10,603
1994-06-10T00:00:00.000+10:00,0.610,10,603
1994-06-11T00:00:00.000+10:00,0.627,10,603
1994-06-12T00:00:00.000+10:00,0.607,10,603
1994-06-13T00:00:00.000+10:00,0.595,10,603
1994-06-14T00:00:00.000+10:00,0.560,10,603
1994-06-15T00:00:00.000+10:00,0.609,10,603
1994-06-16T00:00:00.000+10:00,0.575,10,603
1994-06-17T00:00:00.000+10:00,0.559,10,603
1994-06-18T00:00:00.000+10:00,0.585,10,603
1994-06-19T00:00:00.000+10:00,0.534,10,603
1994-06-20T00:00:00.000+10:00,0.552,10,603
1994-06-21T00:00:00.000+10:00,0.573,10,603
1994-06-22T00:00:00.000+10:00,0.556,10,603
1994-06-23T00:00:00.000+10:00,0.552,10,603
1994-06-24T00:00:00.000+10:00,0.523,10,603
1994-06-25T00:00:00.000+10:00,0.550,10,603
1994-06-26T00:00:00.000+10:00,0.515,10,603
1994-06-27T00:00:00.000+10:00,0.528,10,603
1994-06-28T00:00:00.000+10:00,0.528,10,603
1994-06-29T00:00:00.000+10:00,0.527,10,603
1994-06-30T00:00:00.000+10:00,0.514,10,603
1994-07-01T00:00:00.000+10:00,0.513,10,603
1994-07-02T00:00:00.000+10:00,0.609,10,603
1994-07-03T00:00:00.000+10:00,0.521,10,603
1994-07-04T00:00:00.000+10:00,0.662,10,603
1994-07-05T00:00:00.000+10:00,0.683,10,603
1994-07-06T00:00:00.000+10:00,0.661,10,603
1994-07-07T00:00:00.000+10:00,0.621,10,603
1994-07-08T00:00:00.000+10:00,0.600,10,603
1994-07-09T00:00:00.000+10:00,0.587,10,603
1994-07-10T00:00:00.000+10:00,0.530,10,603
1994-07-11T00:00:00.000+10:00,0.564,10,603
1994-07-12T00:00:00.000+10:00,0.599,10,603
1994-07-13T00:00:00.000+10:00,0.592,10,603
1994-07-14T00:00:00.000+10:00,0.576,10,603
1994-07-15T00:00:00.000+10:00,0.545,10,603
1994-07-16T00:00:00.000+10:00,0.557,10,603
1994-07-17T00:00:00.000+10:00,0.519,10,603
1994-07-18T00:00:00.000+10:00,0.514,10,603
1994-07-19T00:00:00.000+10:00,0.564,10,603
1994-07-20T00:00:00.000+10:00,0.504,10,603
1994-07-21T00:00:00.000+10:00,0.512,10,603
1994-07-22T00:00:00.000+10:00,0.506,10,603
1994-07-23T00:00:00.000+10:00,0.484,10,603
1994-07-24T00:00:00.000+10:00,0.500,10,603
1994-07-25T00:00:00.000+10:00,0.474,10,603
1994-07-26T00:00:00.000+10:00,0.522,10,603
1994-07-27T00:00:00.000+10:00,0.491,10,603
1994-07-28T00:00:00.000+10:00,0.497,10,603
1994-07-29T00:00:00.000+10:00,0.442,10,603
1994-07-30T00:00:00.000+10:00,0.505,10,603
1994-07-31T00:00:00.000+10:00,0.431,10,603
1994-08-01T00:00:00.000+10:00,0.481,10,603
1994-08-02T00:00:00.000+10:00,0.469,10,603
1994-08-03T00:00:00.000+10:00,0.487,10,603
1994-08-04T00:00:00.000+10:00,0.448,10,603
1994-08-05T00:00:00.000+10:00,0.478,10,603
1994-08-06T00:00:00.000+10:00,0.449,10,603
1994-08-07T00:00:00.000+10:00,0.445,10,603
1994-08-08T00:00:00.000+10:00,0.443,10,603
1994-08-09T00:00:00.000+10:00,0.449,10,603
1994-08-10T00:00:00.000+10:00,0.438,10,603
1994-08-11T00:00:00.000+10:00,0.425,10,603
1994-08-12T00:00:00.000+10:00,0.449,10,603
1994-08-13T00:00:00.000+10:00,0.435,10,603
1994-08-14T00:00:00.000+10:00,0.395,10,603
1994-08-15T00:00:00.000+10:00,0.412,10,603
1994-08-16T00:00:00.000+10:00,0.423,10,603
1994-08-17T00:00:00.000+10:00,0.436,10,603
1994-08-18T00:00:00.000+10:00,0.448,10,603
1994-08-19T00:00:00.000+10:00,0.426,10,603
1994-08-20T00:00:00.000+10:00,0.429,10,603
1994-08-21T00:00:00.000+10:00,0.381,10,603
1994-08-22T00:00:00.000+10:00,0.410,10,603
1994-08-23T00:00:00.000+10:00,0.413,10,603
1994-08-24T00:00:00.000+10:00,0.404,10,603
1994-08-25T00:00:00.000+10:00,0.427,10,603
1994-08-26T00:00:00.000+10:00,0.399,10,603
1994-08-27T00:00:00.000+10:00,0.434,10,603
1994-08-28T00:00:00.000+10:00,0.412,10,603
1994-08-29T00:00:00.000+10:00,0.399,10,603
1994-08-30T00:00:00.000+10:00,0.410,10,603
1994-08-31T00:00:00.000+10:00,0.376,10,603
1994-09-01T00:00:00.000+10:00,0.420,10,603
1994-09-02T00:00:00.000+10:00,0.420,10,603
1994-09-03T00:00:00.000+10:00,0.403,10,603
1994-09-04T00:00:00.000+10:00,0.438,10,603
1994-09-05T00:00:00.000+10:00,0.460,10,603
1994-09-06T00:00:00.000+10:00,0.446,10,603
1994-09-07T00:00:00.000+10:00,0.449,10,603
1994-09-08T00:00:00.000+10:00,0.442,10,603
1994-09-09T00:00:00.000+10:00,0.375,10,603
1994-09-10T00:00:00.000+10:00,0.398,10,603
1994-09-11T00:00:00.000+10:00,0.405,10,603
1994-09-12T00:00:00.000+10:00,0.422,10,603
1994-09-13T00:00:00.000+10:00,0.394,10,603
1994-09-14T00:00:00.000+10:00,0.392,10,603
1994-09-15T00:00:00.000+10:00,0.409,10,603
1994-09-16T00:00:00.000+10:00,0.406,10,603
1994-09-17T00:00:00.000+10:00,0.366,10,603
1994-09-18T00:00:00.000+10:00,0.364,10,603
1994-09-19T00:00:00.000+10:00,0.361,10,603
1994-09-20T00:00:00.000+10:00,0.358,10,603
1994-09-21T00:00:00.000+10:00,0.346,10,603
1994-09-22T00:00:00.000+10:00,0.340,10,603
1994-09-23T00:00:00.000+10:00,0.300,10,603
1994-09-24T00:00:00.000+10:00,0.308,10,603
1994-09-25T00:00:00.000+10:00,0.295,10,603
1994-09-26T00:00:00.000+10:00,0.293,10,603
1994-09-27T00:00:00.000+10:00,0.277,10,603
1994-09-28T00:00:00.000+10:00,0.280,10,603
1994-09-29T00:00:00.000+10:00,0.277,10,603
1994-09-30T00:00:00.000+10:00,0.279,10,603
1994-10-01T00:00:00.000+10:00,0.243,10,603
1994-10-02T00:00:00.000+10:00,0.209,10,603
1994-10-03T00:00:00.000+10:00,0.242,10,603
1994-10-04T00:00:00.000+10:00,0.231,10,603
1994-10-05T00:00:00.000+10:00,0.236,10,603
1994-10-06T00:00:00.000+10:00,0.217,10,603
1994-10-07T00:00:00.000+10:00,0.209,10,603
1994-10-08T00:00:00.000+10:00,0.222,10,603
1994-10-09T00:00:00.000+10:00,0.206,10,603
1994-10-10T00:00:00.000+10:00,0.245,10,603
1994-10-11T00:00:00.000+10:00,0.245,10,603
1994-10-12T00:00:00.000+10:00,0.197,10,603
1994-10-13T00:00:00.000+10:00,0.171,10,603
1994-10-14T00:00:00.000+10:00,0.211,10,603
1994-10-15T00:00:00.000+10:00,0.196,10,603
1994-10-16T00:00:00.000+10:00,0.180,10,603
1994-10-17T00:00:00.000+10:00,0.213,10,603
1994-10-18T00:00:00.000+10:00,0.191,10,603
1994-10-19T00:00:00.000+10:00,0.160,10,603
1994-10-20T00:00:00.000+10:00,0.171,10,603
1994-10-21T00:00:00.000+10:00,0.247,10,603
1994-10-22T00:00:00.000+10:00,0.215,10,603
1994-10-23T00:00:00.000+10:00,0.207,10,603
1994-10-24T00:00:00.000+10:00,0.167,10,603
1994-10-25T00:00:00.000+10:00,0.166,10,603
1994-10-26T00:00:00.000+10:00,0.169,10,603
1994-10-27T00:00:00.000+10:00,0.137,10,603
1994-10-28T00:00:00.000+10:00,0.131,10,603
1994-10-29T00:00:00.000+10:00,0.141,10,603
1994-10-30T00:00:00.000+10:00,0.164,10,603
1994-10-31T00:00:00.000+10:00,0.146,10,603
1994-11-01T00:00:00.000+10:00,0.132,10,603
1994-11-02T00:00:00.000+10:00,0.201,10,603
1994-11-03T00:00:00.000+10:00,0.173,10,603
1994-11-04T00:00:00.000+10:00,0.158,10,603
1994-11-05T00:00:00.000+10:00,0.159,10,603
1994-11-06T00:00:00.000+10:00,0.145,10,603
1994-11-07T00:00:00.000+10:00,0.116,10,603
1994-11-08T00:00:00.000+10:00,0.100,10,603
1994-11-09T00:00:00.000+10:00,0.096,110,603
1994-11-10T00:00:00.000+10:00,0.084,110,603
1994-11-11T00:00:00.000+10:00,0.081,110,603
1994-11-12T00:00:00.000+10:00,0.079,110,603
1994-11-13T00:00:00.000+10:00,0.077,110,603
1994-11-14T00:00:00.000+10:00,0.088,110,603
1994-11-15T00:00:00.000+10:00,0.149,10,603
1994-11-16T00:00:00.000+10:00,0.171,10,603
1994-11-17T00:00:00.000+10:00,0.183,10,603
1994-11-18T00:00:00.000+10:00,0.191,10,603
1994-11-19T00:00:00.000+10:00,0.178,10,603
1994-11-20T00:00:00.000+10:00,0.382,10,603
1994-11-21T00:00:00.000+10:00,0.429,10,603
1994-11-22T00:00:00.000+10:00,0.429,10,603
1994-11-23T00:00:00.000+10:00,0.430,10,603
1994-11-24T00:00:00.000+10:00,0.487,10,603
1994-11-25T00:00:00.000+10:00,0.390,10,603
1994-11-26T00:00:00.000+10:00,0.401,10,603
1994-11-27T00:00:00.000+10:00,0.486,10,603
1994-11-28T00:00:00.000+10:00,0.469,10,603
1994-11-29T00:00:00.000+10:00,0.423,10,603
1994-11-30T00:00:00.000+10:00,0.360,10,603
1994-12-01T00:00:00.000+10:00,0.360,10,603
1994-12-02T00:00:00.000+10:00,0.358,10,603
1994-12-03T00:00:00.000+10:00,0.367,10,603
1994-12-04T00:00:00.000+10:00,0.363,10,603
1994-12-05T00:00:00.000+10:00,0.470,10,603
1994-12-06T00:00:00.000+10:00,0.556,10,603
1994-12-07T00:00:00.000+10:00,0.651,10,603
1994-12-08T00:00:00.000+10:00,0.685,10,603
1994-12-09T00:00:00.000+10:00,0.673,10,603
1994-12-10T00:00:00.000+10:00,0.655,10,603
1994-12-11T00:00:00.000+10:00,0.613,10,603
1994-12-12T00:00:00.000+10:00,0.626,10,603
1994-12-13T00:00:00.000+10:00,0.572,10,603
1994-12-14T00:00:00.000+10:00,0.596,10,603
1994-12-15T00:00:00.000+10:00,0.570,10,603
1994-12-16T00:00:00.000+10:00,0.531,10,603
1994-12-17T00:00:00.000+10:00,0.522,10,603
1994-12-18T00:00:00.000+10:00,0.438,10,603
1994-12-19T00:00:00.000+10:00,0.452,10,603
1994-12-20T00:00:00.000+10:00,0.463,10,603
1994-12-21T00:00:00.000+10:00,0.456,10,603
1994-12-22T00:00:00.000+10:00,0.420,10,603
1994-12-23T00:00:00.000+10:00,0.420,10,603
1994-12-24T00:00:00.000+10:00,0.369,10,603
1994-12-25T00:00:00.000+10:00,0.437,10,603
1994-12-26T00:00:00.000+10:00,0.667,10,603
1994-12-27T00:00:00.000+10:00,0.620,10,603
1994-12-28T00:00:00.000+10:00,0.598,10,603
1994-12-29T00:00:00.000+10:00,0.639,10,603
1994-12-30T00:00:00.000+10:00,0.710,10,603
1994-12-31T00:00:00.000+10:00,0.691,10,603
1995-01-01T00:00:00.000+10:00,0.655,10,603
1995-01-02T00:00:00.000+10:00,0.612,10,603
1995-01-03T00:00:00.000+10:00,0.606,10,603
1995-01-04T00:00:00.000+10:00,0.605,10,603
1995-01-05T00:00:00.000+10:00,0.709,10,603
1995-01-06T00:00:00.000+10:00,0.845,10,603
1995-01-07T00:00:00.000+10:00,0.823,10,603
1995-01-08T00:00:00.000+10:00,0.764,10,603
1995-01-09T00:00:00.000+10:00,0.662,10,603
1995-01-10T00:00:00.000+10:00,0.754,10,603
1995-01-11T00:00:00.000+10:00,0.813,10,603
1995-01-12T00:00:00.000+10:00,0.818,10,603
1995-01-13T00:00:00.000+10:00,0.817,10,603
1995-01-14T00:00:00.000+10:00,0.816,10,603
1995-01-15T00:00:00.000+10:00,0.808,10,603
1995-01-16T00:00:00.000+10:00,0.751,10,603
1995-01-17T00:00:00.000+10:00,0.733,10,603
1995-01-18T00:00:00.000+10:00,0.694,10,603
1995-01-19T00:00:00.000+10:00,0.662,10,603
1995-01-20T00:00:00.000+10:00,0.702,10,603
1995-01-21T00:00:00.000+10:00,0.836,10,603
1995-01-22T00:00:00.000+10:00,0.843,10,603
1995-01-23T00:00:00.000+10:00,0.771,10,603
1995-01-24T00:00:00.000+10:00,0.812,10,603
1995-01-25T00:00:00.000+10:00,0.702,10,603
1995-01-26T00:00:00.000+10:00,0.667,10,603
1995-01-27T00:00:00.000+10:00,0.693,10,603
1995-01-28T00:00:00.000+10:00,0.688,10,603
1995-01-29T00:00:00.000+10:00,0.703,10,603
1995-01-30T00:00:00.000+10:00,0.699,10,603
1995-01-31T00:00:00.000+10:00,0.675,10,603
1995-02-01T00:00:00.000+10:00,0.749,10,603
1995-02-02T00:00:00.000+10:00,0.797,10,603
1995-02-03T00:00:00.000+10:00,0.631,10,603
1995-02-04T00:00:00.000+10:00,0.714,10,603
1995-02-05T00:00:00.000+10:00,0.625,10,603
1995-02-06T00:00:00.000+10:00,0.645,10,603
1995-02-07T00:00:00.000+10:00,0.662,10,603
1995-02-08T00:00:00.000+10:00,0.628,10,603
1995-02-09T00:00:00.000+10:00,0.615,10,603
1995-02-10T00:00:00.000+10:00,0.670,10,603
1995-02-11T00:00:00.000+10:00,0.644,10,603
1995-02-12T00:00:00.000+10:00,0.640,10,603
1995-02-13T00:00:00.000+10:00,0.784,10,603
1995-02-14T00:00:00.000+10:00,1.485,10,603
1995-02-15T00:00:00.000+10:00,2.885,10,603
1995-02-16T00:00:00.000+10:00,6.638,10,603
1995-02-17T00:00:00.000+10:00,7.262,10,603
1995-02-18T00:00:00.000+10:00,8.329,10,603
1995-02-19T00:00:00.000+10:00,7.020,10,603
1995-02-20T00:00:00.000+10:00,3.749,10,603
1995-02-21T00:00:00.000+10:00,2.505,10,603
1995-02-22T00:00:00.000+10:00,2.136,10,603
1995-02-23T00:00:00.000+10:00,1.920,10,603
1995-02-24T00:00:00.000+10:00,1.727,10,603
1995-02-25T00:00:00.000+10:00,1.600,10,603
1995-02-26T00:00:00.000+10:00,1.498,10,603
1995-02-27T00:00:00.000+10:00,1.434,10,603
1995-02-28T00:00:00.000+10:00,1.332,10,603
1995-03-01T00:00:00.000+10:00,1.284,10,603
1995-03-02T00:00:00.000+10:00,1.258,10,603
1995-03-03T00:00:00.000+10:00,1.207,10,603
1995-03-04T00:00:00.000+10:00,1.172,10,603
1995-03-05T00:00:00.000+10:00,1.139,10,603
1995-03-06T00:00:00.000+10:00,1.140,10,603
1995-03-07T00:00:00.000+10:00,1.595,10,603
1995-03-08T00:00:00.000+10:00,4.969,10,603
1995-03-09T00:00:00.000+10:00,7.226,10,603
1995-03-10T00:00:00.000+10:00,7.076,10,603
1995-03-11T00:00:00.000+10:00,4.303,10,603
1995-03-12T00:00:00.000+10:00,2.628,10,603
1995-03-13T00:00:00.000+10:00,2.202,10,603
1995-03-14T00:00:00.000+10:00,1.952,10,603
1995-03-15T00:00:00.000+10:00,1.791,10,603
1995-03-16T00:00:00.000+10:00,1.674,10,603
1995-03-17T00:00:00.000+10:00,1.586,10,603
1995-03-18T00:00:00.000+10:00,1.548,10,603
1995-03-19T00:00:00.000+10:00,1.531,10,603
1995-03-20T00:00:00.000+10:00,1.484,10,603
1995-03-21T00:00:00.000+10:00,1.434,10,603
1995-03-22T00:00:00.000+10:00,1.416,10,603
1995-03-23T00:00:00.000+10:00,1.366,10,603
1995-03-24T00:00:00.000+10:00,1.291,10,603
1995-03-25T00:00:00.000+10:00,1.276,10,603
1995-03-26T00:00:00.000+10:00,1.240,10,603
1995-03-27T00:00:00.000+10:00,1.225,10,603
1995-03-28T00:00:00.000+10:00,1.230,10,603
1995-03-29T00:00:00.000+10:00,1.352,10,603
1995-03-30T00:00:00.000+10:00,1.372,10,603
1995-03-31T00:00:00.000+10:00,1.331,10,603
1995-04-01T00:00:00.000+10:00,1.286,10,603
1995-04-02T00:00:00.000+10:00,1.273,10,603
1995-04-03T00:00:00.000+10:00,1.239,10,603
1995-04-04T00:00:00.000+10:00,1.198,10,603
1995-04-05T00:00:00.000+10:00,1.166,10,603
1995-04-06T00:00:00.000+10:00,1.137,10,603
1995-04-07T00:00:00.000+10:00,1.115,10,603
1995-04-08T00:00:00.000+10:00,1.104,10,603
1995-04-09T00:00:00.000+10:00,1.082,10,603
1995-04-10T00:00:00.000+10:00,1.066,10,603
1995-04-11T00:00:00.000+10:00,1.053,10,603
1995-04-12T00:00:00.000+10:00,1.039,10,603
1995-04-13T00:00:00.000+10:00,1.030,10,603
1995-04-14T00:00:00.000+10:00,1.027,10,603
1995-04-15T00:00:00.000+10:00,1.030,10,603
1995-04-16T00:00:00.000+10:00,1.040,10,603
1995-04-17T00:00:00.000+10:00,1.232,10,603
1995-04-18T00:00:00.000+10:00,1.394,10,603
1995-04-19T00:00:00.000+10:00,1.286,10,603
1995-04-20T00:00:00.000+10:00,1.194,10,603
1995-04-21T00:00:00.000+10:00,1.128,10,603
1995-04-22T00:00:00.000+10:00,1.091,10,603
1995-04-23T00:00:00.000+10:00,1.061,10,603
1995-04-24T00:00:00.000+10:00,1.035,10,603
1995-04-25T00:00:00.000+10:00,1.021,10,603
1995-04-26T00:00:00.000+10:00,1.006,10,603
1995-04-27T00:00:00.000+10:00,0.991,10,603
1995-04-28T00:00:00.000+10:00,0.854,10,603
1995-04-29T00:00:00.000+10:00,0.913,10,603
1995-04-30T00:00:00.000+10:00,0.975,10,603
1995-05-01T00:00:00.000+10:00,0.952,10,603
1995-05-02T00:00:00.000+10:00,0.942,10,603
1995-05-03T00:00:00.000+10:00,0.926,10,603
1995-05-04T00:00:00.000+10:00,0.934,10,603
1995-05-05T00:00:00.000+10:00,0.889,10,603
1995-05-06T00:00:00.000+10:00,0.921,10,603
1995-05-07T00:00:00.000+10:00,0.904,10,603
1995-05-08T00:00:00.000+10:00,0.893,10,603
1995-05-09T00:00:00.000+10:00,0.909,10,603
1995-05-10T00:00:00.000+10:00,0.959,10,603
1995-05-11T00:00:00.000+10:00,0.862,10,603
1995-05-12T00:00:00.000+10:00,0.998,10,603
1995-05-13T00:00:00.000+10:00,1.015,10,603
1995-05-14T00:00:00.000+10:00,1.009,10,603
1995-05-15T00:00:00.000+10:00,0.956,10,603
1995-05-16T00:00:00.000+10:00,0.924,10,603
1995-05-17T00:00:00.000+10:00,0.924,10,603
1995-05-18T00:00:00.000+10:00,0.930,10,603
1995-05-19T00:00:00.000+10:00,0.959,10,603
1995-05-20T00:00:00.000+10:00,0.970,10,603
1995-05-21T00:00:00.000+10:00,0.982,10,603
1995-05-22T00:00:00.000+10:00,0.985,10,603
1995-05-23T00:00:00.000+10:00,0.951,10,603
1995-05-24T00:00:00.000+10:00,0.964,10,603
1995-05-25T00:00:00.000+10:00,1.951,10,603
1995-05-26T00:00:00.000+10:00,2.852,10,603
1995-05-27T00:00:00.000+10:00,2.112,10,603
1995-05-28T00:00:00.000+10:00,1.693,10,603
1995-05-29T00:00:00.000+10:00,1.495,10,603
1995-05-30T00:00:00.000+10:00,1.374,10,603
1995-05-31T00:00:00.000+10:00,1.296,10,603
1995-06-01T00:00:00.000+10:00,1.247,10,603
1995-06-02T00:00:00.000+10:00,1.206,10,603
1995-06-03T00:00:00.000+10:00,1.186,10,603
1995-06-04T00:00:00.000+10:00,1.162,10,603
1995-06-05T00:00:00.000+10:00,1.140,10,603
1995-06-06T00:00:00.000+10:00,1.122,10,603
1995-06-07T00:00:00.000+10:00,1.106,10,603
1995-06-08T00:00:00.000+10:00,1.092,10,603
1995-06-09T00:00:00.000+10:00,1.080,10,603
1995-06-10T00:00:00.000+10:00,1.066,10,603
1995-06-11T00:00:00.000+10:00,1.056,10,603
1995-06-12T00:00:00.000+10:00,1.047,10,603
1995-06-13T00:00:00.000+10:00,1.035,10,603
1995-06-14T00:00:00.000+10:00,1.027,10,603
1995-06-15T00:00:00.000+10:00,1.020,10,603
1995-06-16T00:00:00.000+10:00,1.019,10,603
1995-06-17T00:00:00.000+10:00,1.014,10,603
1995-06-18T00:00:00.000+10:00,1.014,10,603
1995-06-19T00:00:00.000+10:00,1.014,10,603
1995-06-20T00:00:00.000+10:00,0.987,10,603
1995-06-21T00:00:00.000+10:00,0.942,10,603
1995-06-22T00:00:00.000+10:00,0.907,10,603
1995-06-23T00:00:00.000+10:00,0.914,10,603
1995-06-24T00:00:00.000+10:00,0.900,10,603
1995-06-25T00:00:00.000+10:00,0.913,10,603
1995-06-26T00:00:00.000+10:00,0.918,10,603
1995-06-27T00:00:00.000+10:00,0.920,10,603
1995-06-28T00:00:00.000+10:00,0.942,10,603
1995-06-29T00:00:00.000+10:00,0.838,10,603
1995-06-30T00:00:00.000+10:00,0.812,10,603
1995-07-01T00:00:00.000+10:00,0.838,10,603
1995-07-02T00:00:00.000+10:00,0.833,10,603
1995-07-03T00:00:00.000+10:00,0.814,10,603
1995-07-04T00:00:00.000+10:00,0.799,10,603
1995-07-05T00:00:00.000+10:00,0.788,10,603
1995-07-06T00:00:00.000+10:00,0.785,10,603
1995-07-07T00:00:00.000+10:00,0.775,10,603
1995-07-08T00:00:00.000+10:00,0.782,10,603
1995-07-09T00:00:00.000+10:00,0.740,10,603
1995-07-10T00:00:00.000+10:00,0.754,10,603
1995-07-11T00:00:00.000+10:00,0.784,10,603
1995-07-12T00:00:00.000+10:00,0.733,10,603
1995-07-13T00:00:00.000+10:00,0.675,10,603
1995-07-14T00:00:00.000+10:00,0.793,10,603
1995-07-15T00:00:00.000+10:00,0.664,10,603
1995-07-16T00:00:00.000+10:00,0.717,10,603
1995-07-17T00:00:00.000+10:00,0.661,10,603
1995-07-18T00:00:00.000+10:00,0.735,10,603
1995-07-19T00:00:00.000+10:00,0.653,10,603
1995-07-20T00:00:00.000+10:00,0.673,10,603
1995-07-21T00:00:00.000+10:00,0.701,10,603
1995-07-22T00:00:00.000+10:00,0.642,10,603
1995-07-23T00:00:00.000+10:00,0.642,10,603
1995-07-24T00:00:00.000+10:00,0.657,10,603
1995-07-25T00:00:00.000+10:00,0.637,10,603
1995-07-26T00:00:00.000+10:00,0.690,10,603
1995-07-27T00:00:00.000+10:00,0.591,10,603
1995-07-28T00:00:00.000+10:00,0.648,10,603
1995-07-29T00:00:00.000+10:00,0.654,10,603
1995-07-30T00:00:00.000+10:00,0.612,10,603
1995-07-31T00:00:00.000+10:00,0.603,10,603
1995-08-01T00:00:00.000+10:00,0.609,10,603
1995-08-02T00:00:00.000+10:00,0.602,10,603
1995-08-03T00:00:00.000+10:00,0.620,10,603
1995-08-04T00:00:00.000+10:00,0.588,10,603
1995-08-05T00:00:00.000+10:00,0.584,10,603
1995-08-06T00:00:00.000+10:00,0.456,10,603
1995-08-07T00:00:00.000+10:00,0.487,10,603
1995-08-08T00:00:00.000+10:00,0.576,10,603
1995-08-09T00:00:00.000+10:00,0.522,10,603
1995-08-10T00:00:00.000+10:00,0.574,10,603
1995-08-11T00:00:00.000+10:00,0.576,10,603
1995-08-12T00:00:00.000+10:00,0.559,10,603
1995-08-13T00:00:00.000+10:00,0.562,10,603
1995-08-14T00:00:00.000+10:00,0.541,10,603
1995-08-15T00:00:00.000+10:00,0.553,10,603
1995-08-16T00:00:00.000+10:00,0.560,10,603
1995-08-17T00:00:00.000+10:00,0.558,10,603
1995-08-18T00:00:00.000+10:00,0.543,10,603
1995-08-19T00:00:00.000+10:00,0.542,10,603
1995-08-20T00:00:00.000+10:00,0.550,10,603
1995-08-21T00:00:00.000+10:00,0.543,10,603
1995-08-22T00:00:00.000+10:00,0.545,10,603
1995-08-23T00:00:00.000+10:00,0.500,10,603
1995-08-24T00:00:00.000+10:00,0.532,10,603
1995-08-25T00:00:00.000+10:00,0.512,10,603
1995-08-26T00:00:00.000+10:00,0.532,10,603
1995-08-27T00:00:00.000+10:00,0.473,10,603
1995-08-28T00:00:00.000+10:00,0.504,10,603
1995-08-29T00:00:00.000+10:00,0.506,10,603
1995-08-30T00:00:00.000+10:00,0.500,10,603
1995-08-31T00:00:00.000+10:00,0.496,10,603
1995-09-01T00:00:00.000+10:00,0.510,10,603
1995-09-02T00:00:00.000+10:00,0.517,10,603
1995-09-03T00:00:00.000+10:00,0.513,10,603
1995-09-04T00:00:00.000+10:00,0.535,10,603
1995-09-05T00:00:00.000+10:00,0.524,10,603
1995-09-06T00:00:00.000+10:00,0.571,10,603
1995-09-07T00:00:00.000+10:00,0.590,10,603
1995-09-08T00:00:00.000+10:00,0.543,10,603
1995-09-09T00:00:00.000+10:00,0.532,10,603
1995-09-10T00:00:00.000+10:00,0.489,10,603
1995-09-11T00:00:00.000+10:00,0.519,10,603
1995-09-12T00:00:00.000+10:00,0.535,10,603
1995-09-13T00:00:00.000+10:00,0.482,10,603
1995-09-14T00:00:00.000+10:00,0.518,10,603
1995-09-15T00:00:00.000+10:00,0.505,10,603
1995-09-16T00:00:00.000+10:00,0.522,10,603
1995-09-17T00:00:00.000+10:00,0.465,10,603
1995-09-18T00:00:00.000+10:00,0.500,10,603
1995-09-19T00:00:00.000+10:00,0.490,10,603
1995-09-20T00:00:00.000+10:00,0.482,10,603
1995-09-21T00:00:00.000+10:00,0.497,10,603
1995-09-22T00:00:00.000+10:00,0.504,10,603
1995-09-23T00:00:00.000+10:00,0.495,10,603
1995-09-24T00:00:00.000+10:00,0.469,10,603
1995-09-25T00:00:00.000+10:00,0.481,10,603
1995-09-26T00:00:00.000+10:00,0.476,10,603
1995-09-27T00:00:00.000+10:00,0.463,10,603
1995-09-28T00:00:00.000+10:00,0.461,10,603
1995-09-29T00:00:00.000+10:00,0.493,10,603
1995-09-30T00:00:00.000+10:00,0.429,10,603
1995-10-01T00:00:00.000+10:00,0.436,10,603
1995-10-02T00:00:00.000+10:00,0.448,10,603
1995-10-03T00:00:00.000+10:00,0.436,10,603
1995-10-04T00:00:00.000+10:00,0.450,10,603
1995-10-05T00:00:00.000+10:00,0.442,10,603
1995-10-06T00:00:00.000+10:00,0.472,10,603
1995-10-07T00:00:00.000+10:00,0.447,10,603
1995-10-08T00:00:00.000+10:00,0.447,10,603
1995-10-09T00:00:00.000+10:00,0.434,10,603
1995-10-10T00:00:00.000+10:00,0.464,10,603
1995-10-11T00:00:00.000+10:00,0.417,10,603
1995-10-12T00:00:00.000+10:00,0.379,10,603
1995-10-13T00:00:00.000+10:00,0.406,10,603
1995-10-14T00:00:00.000+10:00,0.419,10,603
1995-10-15T00:00:00.000+10:00,0.425,10,603
1995-10-16T00:00:00.000+10:00,0.383,10,603
1995-10-17T00:00:00.000+10:00,0.369,10,603
1995-10-18T00:00:00.000+10:00,0.381,10,603
1995-10-19T00:00:00.000+10:00,0.350,10,603
1995-10-20T00:00:00.000+10:00,0.339,10,603
1995-10-21T00:00:00.000+10:00,0.371,10,603
1995-10-22T00:00:00.000+10:00,0.329,10,603
1995-10-23T00:00:00.000+10:00,0.324,10,603
1995-10-24T00:00:00.000+10:00,0.344,10,603
1995-10-25T00:00:00.000+10:00,0.303,10,603
1995-10-26T00:00:00.000+10:00,0.331,10,603
1995-10-27T00:00:00.000+10:00,0.378,10,603
1995-10-28T00:00:00.000+10:00,0.429,10,603
1995-10-29T00:00:00.000+10:00,0.452,10,603
1995-10-30T00:00:00.000+10:00,0.622,10,603
1995-10-31T00:00:00.000+10:00,0.564,10,603
1995-11-01T00:00:00.000+10:00,0.502,10,603
1995-11-02T00:00:00.000+10:00,0.497,10,603
1995-11-03T00:00:00.000+10:00,0.444,10,603
1995-11-04T00:00:00.000+10:00,0.424,10,603
1995-11-05T00:00:00.000+10:00,0.407,10,603
1995-11-06T00:00:00.000+10:00,0.449,10,603
1995-11-07T00:00:00.000+10:00,0.451,10,603
1995-11-08T00:00:00.000+10:00,0.421,10,603
1995-11-09T00:00:00.000+10:00,0.421,10,603
1995-11-10T00:00:00.000+10:00,0.415,10,603
1995-11-11T00:00:00.000+10:00,0.384,10,603
1995-11-12T00:00:00.000+10:00,0.372,10,603
1995-11-13T00:00:00.000+10:00,0.342,10,603
1995-11-14T00:00:00.000+10:00,0.356,10,603
1995-11-15T00:00:00.000+10:00,0.303,10,603
1995-11-16T00:00:00.000+10:00,0.331,10,603
1995-11-17T00:00:00.000+10:00,0.466,10,603
1995-11-18T00:00:00.000+10:00,0.548,10,603
1995-11-19T00:00:00.000+10:00,0.605,10,603
1995-11-20T00:00:00.000+10:00,0.757,10,603
1995-11-21T00:00:00.000+10:00,0.932,10,603
1995-11-22T00:00:00.000+10:00,1.179,10,603
1995-11-23T00:00:00.000+10:00,2.516,10,603
1995-11-24T00:00:00.000+10:00,2.735,10,603
1995-11-25T00:00:00.000+10:00,2.692,10,603
1995-11-26T00:00:00.000+10:00,1.825,10,603
1995-11-27T00:00:00.000+10:00,1.491,10,603
1995-11-28T00:00:00.000+10:00,1.316,10,603
1995-11-29T00:00:00.000+10:00,1.187,10,603
1995-11-30T00:00:00.000+10:00,1.049,10,603
1995-12-01T00:00:00.000+10:00,1.046,10,603
1995-12-02T00:00:00.000+10:00,0.919,10,603
1995-12-03T00:00:00.000+10:00,0.919,10,603
1995-12-04T00:00:00.000+10:00,0.904,10,603
1995-12-05T00:00:00.000+10:00,0.858,10,603
1995-12-06T00:00:00.000+10:00,0.871,10,603
1995-12-07T00:00:00.000+10:00,0.788,10,603
1995-12-08T00:00:00.000+10:00,0.771,10,603
1995-12-09T00:00:00.000+10:00,0.779,10,603
1995-12-10T00:00:00.000+10:00,0.706,10,603
1995-12-11T00:00:00.000+10:00,0.699,10,603
1995-12-12T00:00:00.000+10:00,0.701,10,603
1995-12-13T00:00:00.000+10:00,0.769,10,603
1995-12-14T00:00:00.000+10:00,0.800,10,603
1995-12-15T00:00:00.000+10:00,0.804,10,603
1995-12-16T00:00:00.000+10:00,0.717,10,603
1995-12-17T00:00:00.000+10:00,0.675,10,603
1995-12-18T00:00:00.000+10:00,0.608,10,603
1995-12-19T00:00:00.000+10:00,0.768,10,603
1995-12-20T00:00:00.000+10:00,0.748,10,603
1995-12-21T00:00:00.000+10:00,0.698,10,603
1995-12-22T00:00:00.000+10:00,0.627,10,603
1995-12-23T00:00:00.000+10:00,0.616,10,603
1995-12-24T00:00:00.000+10:00,0.636,10,603
1995-12-25T00:00:00.000+10:00,0.605,10,603
1995-12-26T00:00:00.000+10:00,0.690,10,603
1995-12-27T00:00:00.000+10:00,0.810,10,603
1995-12-28T00:00:00.000+10:00,0.751,10,603
1995-12-29T00:00:00.000+10:00,0.732,10,603
1995-12-30T00:00:00.000+10:00,0.717,10,603
1995-12-31T00:00:00.000+10:00,0.747,10,603
1996-01-01T00:00:00.000+10:00,0.698,10,603
1996-01-02T00:00:00.000+10:00,0.789,10,603
1996-01-03T00:00:00.000+10:00,1.348,10,603
1996-01-04T00:00:00.000+10:00,1.515,10,603
1996-01-05T00:00:00.000+10:00,2.493,10,603
1996-01-06T00:00:00.000+10:00,2.074,10,603
1996-01-07T00:00:00.000+10:00,2.033,10,603
1996-01-08T00:00:00.000+10:00,2.014,10,603
1996-01-09T00:00:00.000+10:00,1.873,10,603
1996-01-10T00:00:00.000+10:00,2.727,10,603
1996-01-11T00:00:00.000+10:00,2.949,10,603
1996-01-12T00:00:00.000+10:00,2.594,10,603
1996-01-13T00:00:00.000+10:00,2.437,10,603
1996-01-14T00:00:00.000+10:00,1.936,10,603
1996-01-15T00:00:00.000+10:00,1.667,10,603
1996-01-16T00:00:00.000+10:00,1.489,10,603
1996-01-17T00:00:00.000+10:00,1.378,10,603
1996-01-18T00:00:00.000+10:00,1.296,10,603
1996-01-19T00:00:00.000+10:00,1.226,10,603
1996-01-20T00:00:00.000+10:00,1.175,10,603
1996-01-21T00:00:00.000+10:00,1.202,10,603
1996-01-22T00:00:00.000+10:00,1.924,10,603
1996-01-23T00:00:00.000+10:00,4.017,10,603
1996-01-24T00:00:00.000+10:00,3.341,10,603
1996-01-25T00:00:00.000+10:00,2.984,10,603
1996-01-26T00:00:00.000+10:00,2.759,10,603
1996-01-27T00:00:00.000+10:00,2.951,10,603
1996-01-28T00:00:00.000+10:00,2.642,10,603
1996-01-29T00:00:00.000+10:00,2.637,10,603
1996-01-30T00:00:00.000+10:00,2.214,10,603
1996-01-31T00:00:00.000+10:00,1.898,10,603
1996-02-01T00:00:00.000+10:00,1.671,10,603
1996-02-02T00:00:00.000+10:00,1.489,10,603
1996-02-03T00:00:00.000+10:00,1.407,10,603
1996-02-04T00:00:00.000+10:00,1.332,10,603
1996-02-05T00:00:00.000+10:00,1.274,10,603
1996-02-06T00:00:00.000+10:00,1.225,10,603
1996-02-07T00:00:00.000+10:00,1.203,10,603
1996-02-08T00:00:00.000+10:00,1.183,10,603
1996-02-09T00:00:00.000+10:00,1.155,10,603
1996-02-10T00:00:00.000+10:00,1.140,10,603
1996-02-11T00:00:00.000+10:00,1.116,10,603
1996-02-12T00:00:00.000+10:00,1.095,10,603
1996-02-13T00:00:00.000+10:00,1.078,10,603
1996-02-14T00:00:00.000+10:00,1.047,10,603
1996-02-15T00:00:00.000+10:00,1.032,10,603
1996-02-16T00:00:00.000+10:00,1.005,10,603
1996-02-17T00:00:00.000+10:00,1.045,10,603
1996-02-18T00:00:00.000+10:00,1.047,10,603
1996-02-19T00:00:00.000+10:00,1.078,10,603
1996-02-20T00:00:00.000+10:00,1.077,10,603
1996-02-21T00:00:00.000+10:00,1.056,10,603
1996-02-22T00:00:00.000+10:00,1.038,10,603
1996-02-23T00:00:00.000+10:00,1.019,10,603
1996-02-24T00:00:00.000+10:00,1.010,10,603
1996-02-25T00:00:00.000+10:00,1.018,10,603
1996-02-26T00:00:00.000+10:00,1.022,10,603
1996-02-27T00:00:00.000+10:00,1.024,10,603
1996-02-28T00:00:00.000+10:00,1.030,10,603
1996-02-29T00:00:00.000+10:00,1.019,10,603
1996-03-01T00:00:00.000+10:00,1.273,10,603
1996-03-02T00:00:00.000+10:00,1.165,10,603
1996-03-03T00:00:00.000+10:00,1.239,10,603
1996-03-04T00:00:00.000+10:00,1.433,10,603
1996-03-05T00:00:00.000+10:00,1.344,10,603
1996-03-06T00:00:00.000+10:00,1.261,10,603
1996-03-07T00:00:00.000+10:00,1.197,10,603
1996-03-08T00:00:00.000+10:00,1.160,10,603
1996-03-09T00:00:00.000+10:00,1.137,10,603
1996-03-10T00:00:00.000+10:00,1.108,10,603
1996-03-11T00:00:00.000+10:00,1.156,10,603
1996-03-12T00:00:00.000+10:00,1.291,10,603
1996-03-13T00:00:00.000+10:00,1.252,10,603
1996-03-14T00:00:00.000+10:00,1.220,10,603
1996-03-15T00:00:00.000+10:00,1.236,10,603
1996-03-16T00:00:00.000+10:00,1.212,10,603
1996-03-17T00:00:00.000+10:00,1.179,10,603
1996-03-18T00:00:00.000+10:00,1.144,10,603
1996-03-19T00:00:00.000+10:00,1.123,10,603
1996-03-20T00:00:00.000+10:00,1.094,10,603
1996-03-21T00:00:00.000+10:00,1.071,10,603
1996-03-22T00:00:00.000+10:00,1.063,10,603
1996-03-23T00:00:00.000+10:00,1.050,10,603
1996-03-24T00:00:00.000+10:00,1.045,10,603
1996-03-25T00:00:00.000+10:00,1.037,10,603
1996-03-26T00:00:00.000+10:00,1.033,10,603
1996-03-27T00:00:00.000+10:00,1.029,10,603
1996-03-28T00:00:00.000+10:00,1.030,10,603
1996-03-29T00:00:00.000+10:00,1.024,10,603
1996-03-30T00:00:00.000+10:00,1.034,10,603
1996-03-31T00:00:00.000+10:00,1.119,10,603
1996-04-01T00:00:00.000+10:00,1.150,10,603
1996-04-02T00:00:00.000+10:00,1.110,10,603
1996-04-03T00:00:00.000+10:00,1.083,10,603
1996-04-04T00:00:00.000+10:00,1.113,10,603
1996-04-05T00:00:00.000+10:00,1.082,10,603
1996-04-06T00:00:00.000+10:00,1.051,10,603
1996-04-07T00:00:00.000+10:00,1.032,10,603
1996-04-08T00:00:00.000+10:00,1.016,10,603
1996-04-09T00:00:00.000+10:00,1.006,10,603
1996-04-10T00:00:00.000+10:00,1.000,10,603
1996-04-11T00:00:00.000+10:00,0.991,10,603
1996-04-12T00:00:00.000+10:00,0.990,10,603
1996-04-13T00:00:00.000+10:00,0.998,10,603
1996-04-14T00:00:00.000+10:00,0.952,10,603
1996-04-15T00:00:00.000+10:00,0.917,10,603
1996-04-16T00:00:00.000+10:00,0.916,10,603
1996-04-17T00:00:00.000+10:00,0.877,10,603
1996-04-18T00:00:00.000+10:00,0.847,10,603
1996-04-19T00:00:00.000+10:00,0.850,10,603
1996-04-20T00:00:00.000+10:00,0.834,10,603
1996-04-21T00:00:00.000+10:00,0.780,10,603
1996-04-22T00:00:00.000+10:00,0.764,10,603
1996-04-23T00:00:00.000+10:00,0.773,10,603
1996-04-24T00:00:00.000+10:00,0.821,10,603
1996-04-25T00:00:00.000+10:00,0.801,10,603
1996-04-26T00:00:00.000+10:00,0.832,10,603
1996-04-27T00:00:00.000+10:00,0.829,10,603
1996-04-28T00:00:00.000+10:00,0.843,10,603
1996-04-29T00:00:00.000+10:00,0.844,10,603
1996-04-30T00:00:00.000+10:00,0.845,10,603
1996-05-01T00:00:00.000+10:00,0.865,10,603
1996-05-02T00:00:00.000+10:00,2.759,10,603
1996-05-03T00:00:00.000+10:00,11.079,10,603
1996-05-04T00:00:00.000+10:00,14.127,10,603
1996-05-05T00:00:00.000+10:00,16.773,10,603
1996-05-06T00:00:00.000+10:00,16.958,10,603
1996-05-07T00:00:00.000+10:00,16.854,10,603
1996-05-08T00:00:00.000+10:00,14.391,10,603
1996-05-09T00:00:00.000+10:00,10.964,10,603
1996-05-10T00:00:00.000+10:00,7.176,10,603
1996-05-11T00:00:00.000+10:00,4.257,10,603
1996-05-12T00:00:00.000+10:00,3.206,10,603
1996-05-13T00:00:00.000+10:00,2.726,10,603
1996-05-14T00:00:00.000+10:00,2.461,10,603
1996-05-15T00:00:00.000+10:00,2.349,10,603
1996-05-16T00:00:00.000+10:00,2.494,10,603
1996-05-17T00:00:00.000+10:00,4.176,10,603
1996-05-18T00:00:00.000+10:00,5.432,10,603
1996-05-19T00:00:00.000+10:00,5.188,10,603
1996-05-20T00:00:00.000+10:00,4.532,10,603
1996-05-21T00:00:00.000+10:00,3.904,10,603
1996-05-22T00:00:00.000+10:00,3.056,10,603
1996-05-23T00:00:00.000+10:00,2.546,10,603
1996-05-24T00:00:00.000+10:00,2.257,10,603
1996-05-25T00:00:00.000+10:00,2.070,10,603
1996-05-26T00:00:00.000+10:00,1.928,10,603
1996-05-27T00:00:00.000+10:00,1.819,10,603
1996-05-28T00:00:00.000+10:00,1.738,10,603
1996-05-29T00:00:00.000+10:00,1.670,10,603
1996-05-30T00:00:00.000+10:00,1.615,10,603
1996-05-31T00:00:00.000+10:00,1.562,10,603
1996-06-01T00:00:00.000+10:00,1.478,10,603
1996-06-02T00:00:00.000+10:00,1.428,10,603
1996-06-03T00:00:00.000+10:00,1.393,10,603
1996-06-04T00:00:00.000+10:00,1.368,10,603
1996-06-05T00:00:00.000+10:00,1.345,10,603
1996-06-06T00:00:00.000+10:00,1.403,10,603
1996-06-07T00:00:00.000+10:00,1.764,10,603
1996-06-08T00:00:00.000+10:00,1.458,10,603
1996-06-09T00:00:00.000+10:00,1.397,10,603
1996-06-10T00:00:00.000+10:00,1.345,10,603
1996-06-11T00:00:00.000+10:00,1.292,10,603
1996-06-12T00:00:00.000+10:00,1.253,10,603
1996-06-13T00:00:00.000+10:00,1.225,10,603
1996-06-14T00:00:00.000+10:00,1.209,10,603
1996-06-15T00:00:00.000+10:00,1.197,10,603
1996-06-16T00:00:00.000+10:00,1.201,10,603
1996-06-17T00:00:00.000+10:00,1.208,10,603
1996-06-18T00:00:00.000+10:00,1.233,10,603
1996-06-19T00:00:00.000+10:00,1.357,10,603
1996-06-20T00:00:00.000+10:00,1.359,10,603
1996-06-21T00:00:00.000+10:00,1.282,10,603
1996-06-22T00:00:00.000+10:00,1.227,10,603
1996-06-23T00:00:00.000+10:00,1.186,10,603
1996-06-24T00:00:00.000+10:00,1.154,10,603
1996-06-25T00:00:00.000+10:00,1.118,10,603
1996-06-26T00:00:00.000+10:00,1.108,10,603
1996-06-27T00:00:00.000+10:00,1.090,10,603
1996-06-28T00:00:00.000+10:00,1.075,10,603
1996-06-29T00:00:00.000+10:00,1.062,10,603
1996-06-30T00:00:00.000+10:00,1.056,10,603
1996-07-01T00:00:00.000+10:00,1.043,10,603
1996-07-02T00:00:00.000+10:00,1.027,10,603
1996-07-03T00:00:00.000+10:00,1.013,10,603
1996-07-04T00:00:00.000+10:00,1.003,10,603
1996-07-05T00:00:00.000+10:00,0.995,10,603
1996-07-06T00:00:00.000+10:00,0.997,10,603
1996-07-07T00:00:00.000+10:00,0.992,10,603
1996-07-08T00:00:00.000+10:00,0.985,10,603
1996-07-09T00:00:00.000+10:00,0.981,10,603
1996-07-10T00:00:00.000+10:00,0.973,10,603
1996-07-11T00:00:00.000+10:00,0.932,10,603
1996-07-12T00:00:00.000+10:00,0.961,10,603
1996-07-13T00:00:00.000+10:00,0.959,10,603
1996-07-14T00:00:00.000+10:00,0.955,10,603
1996-07-15T00:00:00.000+10:00,0.953,10,603
1996-07-16T00:00:00.000+10:00,0.942,10,603
1996-07-17T00:00:00.000+10:00,0.810,10,603
1996-07-18T00:00:00.000+10:00,0.787,10,603
1996-07-19T00:00:00.000+10:00,0.810,10,603
1996-07-20T00:00:00.000+10:00,0.823,10,603
1996-07-21T00:00:00.000+10:00,0.821,10,603
1996-07-22T00:00:00.000+10:00,0.818,10,603
1996-07-23T00:00:00.000+10:00,0.814,10,603
1996-07-24T00:00:00.000+10:00,0.808,10,603
1996-07-25T00:00:00.000+10:00,0.808,10,603
1996-07-26T00:00:00.000+10:00,0.804,10,603
1996-07-27T00:00:00.000+10:00,0.825,10,603
1996-07-28T00:00:00.000+10:00,1.307,10,603
1996-07-29T00:00:00.000+10:00,1.038,10,603
1996-07-30T00:00:00.000+10:00,1.071,10,603
1996-07-31T00:00:00.000+10:00,1.185,10,603
1996-08-01T00:00:00.000+10:00,1.078,10,603
1996-08-02T00:00:00.000+10:00,1.003,10,603
1996-08-03T00:00:00.000+10:00,0.955,10,603
1996-08-04T00:00:00.000+10:00,0.922,10,603
1996-08-05T00:00:00.000+10:00,0.901,10,603
1996-08-06T00:00:00.000+10:00,0.882,10,603
1996-08-07T00:00:00.000+10:00,0.871,10,603
1996-08-08T00:00:00.000+10:00,0.863,10,603
1996-08-09T00:00:00.000+10:00,0.857,10,603
1996-08-10T00:00:00.000+10:00,0.917,10,603
1996-08-11T00:00:00.000+10:00,0.945,10,603
1996-08-12T00:00:00.000+10:00,,-1,603
1996-08-13T00:00:00.000+10:00,0.924,90,603
1996-08-14T00:00:00.000+10:00,0.856,90,603
1996-08-15T00:00:00.000+10:00,0.844,90,603
1996-08-16T00:00:00.000+10:00,0.831,90,603
1996-08-17T00:00:00.000+10:00,0.812,90,603
1996-08-18T00:00:00.000+10:00,0.800,90,603
1996-08-19T00:00:00.000+10:00,0.807,90,603
1996-08-20T00:00:00.000+10:00,0.802,90,603
1996-08-21T00:00:00.000+10:00,0.859,90,603
1996-08-22T00:00:00.000+10:00,0.823,90,603
1996-08-23T00:00:00.000+10:00,0.819,90,603
1996-08-24T00:00:00.000+10:00,0.828,90,603
1996-08-25T00:00:00.000+10:00,0.786,90,603
1996-08-26T00:00:00.000+10:00,0.783,90,603
1996-08-27T00:00:00.000+10:00,0.826,90,603
1996-08-28T00:00:00.000+10:00,0.761,90,603
1996-08-29T00:00:00.000+10:00,0.674,90,603
1996-08-30T00:00:00.000+10:00,0.669,90,603
1996-08-31T00:00:00.000+10:00,0.901,90,603
1996-09-01T00:00:00.000+10:00,0.951,90,603
1996-09-02T00:00:00.000+10:00,1.017,90,603
1996-09-03T00:00:00.000+10:00,1.040,90,603
1996-09-04T00:00:00.000+10:00,0.995,90,603
1996-09-05T00:00:00.000+10:00,0.922,90,603
1996-09-06T00:00:00.000+10:00,0.845,90,603
1996-09-07T00:00:00.000+10:00,0.816,90,603
1996-09-08T00:00:00.000+10:00,0.802,90,603
1996-09-09T00:00:00.000+10:00,0.794,90,603
1996-09-10T00:00:00.000+10:00,0.751,90,603
1996-09-11T00:00:00.000+10:00,0.746,90,603
1996-09-12T00:00:00.000+10:00,0.735,90,603
1996-09-13T00:00:00.000+10:00,0.748,90,603
1996-09-14T00:00:00.000+10:00,0.708,90,603
1996-09-15T00:00:00.000+10:00,0.699,90,603
1996-09-16T00:00:00.000+10:00,0.701,90,603
1996-09-17T00:00:00.000+10:00,0.587,90,603
1996-09-18T00:00:00.000+10:00,0.615,90,603
1996-09-19T00:00:00.000+10:00,0.611,90,603
1996-09-20T00:00:00.000+10:00,0.628,90,603
1996-09-21T00:00:00.000+10:00,0.675,90,603
1996-09-22T00:00:00.000+10:00,0.701,90,603
1996-09-23T00:00:00.000+10:00,0.794,90,603
1996-09-24T00:00:00.000+10:00,0.785,90,603
1996-09-25T00:00:00.000+10:00,0.727,90,603
1996-09-26T00:00:00.000+10:00,0.664,90,603
1996-09-27T00:00:00.000+10:00,0.677,90,603
1996-09-28T00:00:00.000+10:00,0.649,90,603
1996-09-29T00:00:00.000+10:00,0.646,90,603
1996-09-30T00:00:00.000+10:00,0.892,90,603
1996-10-01T00:00:00.000+10:00,0.856,90,603
1996-10-02T00:00:00.000+10:00,0.853,90,603
1996-10-03T00:00:00.000+10:00,0.875,90,603
1996-10-04T00:00:00.000+10:00,0.799,90,603
1996-10-05T00:00:00.000+10:00,0.746,90,603
1996-10-06T00:00:00.000+10:00,0.745,90,603
1996-10-07T00:00:00.000+10:00,0.783,90,603
1996-10-08T00:00:00.000+10:00,0.770,90,603
1996-10-09T00:00:00.000+10:00,0.736,90,603
1996-10-10T00:00:00.000+10:00,0.742,90,603
1996-10-11T00:00:00.000+10:00,0.755,90,603
1996-10-12T00:00:00.000+10:00,0.784,90,603
1996-10-13T00:00:00.000+10:00,0.621,90,603
1996-10-14T00:00:00.000+10:00,0.626,90,603
1996-10-15T00:00:00.000+10:00,0.627,90,603
1996-10-16T00:00:00.000+10:00,0.624,90,603
1996-10-17T00:00:00.000+10:00,0.582,90,603
1996-10-18T00:00:00.000+10:00,0.638,90,603
1996-10-19T00:00:00.000+10:00,0.575,90,603
1996-10-20T00:00:00.000+10:00,0.574,90,603
1996-10-21T00:00:00.000+10:00,0.573,90,603
1996-10-22T00:00:00.000+10:00,0.563,90,603
1996-10-23T00:00:00.000+10:00,0.568,90,603
1996-10-24T00:00:00.000+10:00,0.578,90,603
1996-10-25T00:00:00.000+10:00,0.554,90,603
1996-10-26T00:00:00.000+10:00,0.541,90,603
1996-10-27T00:00:00.000+10:00,0.530,90,603
1996-10-28T00:00:00.000+10:00,0.598,90,603
1996-10-29T00:00:00.000+10:00,0.602,90,603
1996-10-30T00:00:00.000+10:00,0.554,90,603
1996-10-31T00:00:00.000+10:00,0.542,90,603
1996-11-01T00:00:00.000+10:00,0.557,90,603
1996-11-02T00:00:00.000+10:00,0.547,90,603
1996-11-03T00:00:00.000+10:00,0.530,90,603
1996-11-04T00:00:00.000+10:00,0.522,90,603
1996-11-05T00:00:00.000+10:00,0.566,90,603
1996-11-06T00:00:00.000+10:00,0.584,90,603
1996-11-07T00:00:00.000+10:00,0.619,90,603
1996-11-08T00:00:00.000+10:00,0.559,90,603
1996-11-09T00:00:00.000+10:00,0.736,90,603
1996-11-10T00:00:00.000+10:00,0.715,90,603
1996-11-11T00:00:00.000+10:00,0.789,90,603
1996-11-12T00:00:00.000+10:00,0.734,90,603
1996-11-13T00:00:00.000+10:00,0.612,90,603
1996-11-14T00:00:00.000+10:00,0.607,90,603
1996-11-15T00:00:00.000+10:00,0.577,90,603
1996-11-16T00:00:00.000+10:00,0.545,90,603
1996-11-17T00:00:00.000+10:00,0.575,90,603
1996-11-18T00:00:00.000+10:00,0.479,90,603
1996-11-19T00:00:00.000+10:00,0.520,90,603
1996-11-20T00:00:00.000+10:00,0.535,90,603
1996-11-21T00:00:00.000+10:00,0.506,90,603
1996-11-22T00:00:00.000+10:00,0.518,90,603
1996-11-23T00:00:00.000+10:00,0.534,90,603
1996-11-24T00:00:00.000+10:00,0.548,90,603
1996-11-25T00:00:00.000+10:00,2.552,90,603
1996-11-26T00:00:00.000+10:00,4.582,90,603
1996-11-27T00:00:00.000+10:00,2.443,90,603
1996-11-28T00:00:00.000+10:00,1.688,90,603
1996-11-29T00:00:00.000+10:00,1.466,90,603
1996-11-30T00:00:00.000+10:00,1.323,90,603
1996-12-01T00:00:00.000+10:00,1.224,90,603
1996-12-02T00:00:00.000+10:00,1.127,90,603
1996-12-03T00:00:00.000+10:00,1.048,90,603
1996-12-04T00:00:00.000+10:00,0.983,90,603
1996-12-05T00:00:00.000+10:00,0.962,90,603
1996-12-06T00:00:00.000+10:00,1.034,90,603
1996-12-07T00:00:00.000+10:00,0.987,90,603
1996-12-08T00:00:00.000+10:00,1.008,90,603
1996-12-09T00:00:00.000+10:00,1.010,90,603
1996-12-10T00:00:00.000+10:00,0.956,90,603
1996-12-11T00:00:00.000+10:00,1.131,90,603
1996-12-12T00:00:00.000+10:00,1.058,90,603
1996-12-13T00:00:00.000+10:00,0.974,90,603
1996-12-14T00:00:00.000+10:00,0.982,90,603
1996-12-15T00:00:00.000+10:00,0.986,90,603
1996-12-16T00:00:00.000+10:00,0.849,90,603
1996-12-17T00:00:00.000+10:00,0.781,90,603
1996-12-18T00:00:00.000+10:00,0.778,90,603
1996-12-19T00:00:00.000+10:00,0.825,90,603
1996-12-20T00:00:00.000+10:00,0.943,90,603
1996-12-21T00:00:00.000+10:00,0.972,90,603
1996-12-22T00:00:00.000+10:00,0.980,90,603
1996-12-23T00:00:00.000+10:00,1.000,90,603
1996-12-24T00:00:00.000+10:00,0.953,90,603
1996-12-25T00:00:00.000+10:00,0.872,90,603
1996-12-26T00:00:00.000+10:00,0.818,90,603
1996-12-27T00:00:00.000+10:00,0.792,90,603
1996-12-28T00:00:00.000+10:00,0.788,90,603
1996-12-29T00:00:00.000+10:00,0.748,90,603
1996-12-30T00:00:00.000+10:00,0.747,90,603
1996-12-31T00:00:00.000+10:00,0.896,90,603
1997-01-01T00:00:00.000+10:00,0.785,90,603
1997-01-02T00:00:00.000+10:00,0.765,90,603
1997-01-03T00:00:00.000+10:00,0.810,90,603
1997-01-04T00:00:00.000+10:00,0.739,90,603
1997-01-05T00:00:00.000+10:00,0.697,90,603
1997-01-06T00:00:00.000+10:00,0.716,90,603
1997-01-07T00:00:00.000+10:00,0.666,90,603
1997-01-08T00:00:00.000+10:00,0.681,90,603
1997-01-09T00:00:00.000+10:00,0.627,90,603
1997-01-10T00:00:00.000+10:00,0.575,90,603
1997-01-11T00:00:00.000+10:00,0.555,90,603
1997-01-12T00:00:00.000+10:00,0.568,90,603
1997-01-13T00:00:00.000+10:00,0.557,90,603
1997-01-14T00:00:00.000+10:00,0.551,90,603
1997-01-15T00:00:00.000+10:00,0.540,90,603
1997-01-16T00:00:00.000+10:00,0.579,90,603
1997-01-17T00:00:00.000+10:00,0.525,90,603
1997-01-18T00:00:00.000+10:00,0.545,90,603
1997-01-19T00:00:00.000+10:00,0.535,90,603
1997-01-20T00:00:00.000+10:00,0.539,90,603
1997-01-21T00:00:00.000+10:00,0.545,90,603
1997-01-22T00:00:00.000+10:00,0.579,90,603
1997-01-23T00:00:00.000+10:00,0.561,90,603
1997-01-24T00:00:00.000+10:00,0.536,90,603
1997-01-25T00:00:00.000+10:00,0.518,90,603
1997-01-26T00:00:00.000+10:00,0.516,90,603
1997-01-27T00:00:00.000+10:00,0.596,90,603
1997-01-28T00:00:00.000+10:00,0.864,90,603
1997-01-29T00:00:00.000+10:00,0.910,90,603
1997-01-30T00:00:00.000+10:00,1.003,90,603
1997-01-31T00:00:00.000+10:00,1.076,90,603
1997-02-01T00:00:00.000+10:00,1.110,90,603
1997-02-02T00:00:00.000+10:00,1.363,90,603
1997-02-03T00:00:00.000+10:00,1.173,90,603
1997-02-04T00:00:00.000+10:00,1.176,90,603
1997-02-05T00:00:00.000+10:00,1.166,90,603
1997-02-06T00:00:00.000+10:00,1.112,90,603
1997-02-07T00:00:00.000+10:00,1.072,90,603
1997-02-08T00:00:00.000+10:00,1.051,90,603
1997-02-09T00:00:00.000+10:00,1.027,90,603
1997-02-10T00:00:00.000+10:00,1.008,90,603
1997-02-11T00:00:00.000+10:00,0.993,90,603
1997-02-12T00:00:00.000+10:00,0.974,90,603
1997-02-13T00:00:00.000+10:00,0.974,90,603
1997-02-14T00:00:00.000+10:00,1.037,90,603
1997-02-15T00:00:00.000+10:00,2.092,90,603
1997-02-16T00:00:00.000+10:00,3.292,90,603
1997-02-17T00:00:00.000+10:00,2.642,90,603
1997-02-18T00:00:00.000+10:00,2.633,90,603
1997-02-19T00:00:00.000+10:00,1.953,90,603
1997-02-20T00:00:00.000+10:00,1.762,90,603
1997-02-21T00:00:00.000+10:00,1.583,90,603
1997-02-22T00:00:00.000+10:00,1.468,90,603
1997-02-23T00:00:00.000+10:00,1.374,90,603
1997-02-24T00:00:00.000+10:00,1.293,90,603
1997-02-25T00:00:00.000+10:00,1.567,90,603
1997-02-26T00:00:00.000+10:00,1.857,90,603
1997-02-27T00:00:00.000+10:00,4.117,90,603
1997-02-28T00:00:00.000+10:00,3.997,90,603
1997-03-01T00:00:00.000+10:00,3.238,90,603
1997-03-02T00:00:00.000+10:00,2.287,90,603
1997-03-03T00:00:00.000+10:00,1.856,90,603
1997-03-04T00:00:00.000+10:00,1.631,90,603
1997-03-05T00:00:00.000+10:00,1.494,90,603
1997-03-06T00:00:00.000+10:00,2.500,90,603
1997-03-07T00:00:00.000+10:00,2.787,90,603
1997-03-08T00:00:00.000+10:00,4.008,90,603
1997-03-09T00:00:00.000+10:00,3.084,90,603
1997-03-10T00:00:00.000+10:00,2.649,90,603
1997-03-11T00:00:00.000+10:00,2.012,90,603
1997-03-12T00:00:00.000+10:00,1.867,90,603
1997-03-13T00:00:00.000+10:00,1.729,90,603
1997-03-14T00:00:00.000+10:00,1.622,90,603
1997-03-15T00:00:00.000+10:00,1.531,90,603
1997-03-16T00:00:00.000+10:00,1.454,90,603
1997-03-17T00:00:00.000+10:00,1.391,90,603
1997-03-18T00:00:00.000+10:00,1.348,90,603
1997-03-19T00:00:00.000+10:00,1.309,90,603
1997-03-20T00:00:00.000+10:00,1.275,90,603
1997-03-21T00:00:00.000+10:00,1.246,90,603
1997-03-22T00:00:00.000+10:00,1.221,90,603
1997-03-23T00:00:00.000+10:00,1.206,90,603
1997-03-24T00:00:00.000+10:00,1.183,90,603
1997-03-25T00:00:00.000+10:00,1.163,90,603
1997-03-26T00:00:00.000+10:00,1.155,90,603
1997-03-27T00:00:00.000+10:00,1.143,90,603
1997-03-28T00:00:00.000+10:00,1.129,90,603
1997-03-29T00:00:00.000+10:00,1.114,90,603
1997-03-30T00:00:00.000+10:00,1.101,90,603
1997-03-31T00:00:00.000+10:00,1.096,90,603
1997-04-01T00:00:00.000+10:00,1.104,90,603
1997-04-02T00:00:00.000+10:00,1.092,90,603
1997-04-03T00:00:00.000+10:00,1.090,90,603
1997-04-04T00:00:00.000+10:00,1.067,90,603
1997-04-05T00:00:00.000+10:00,1.060,90,603
1997-04-06T00:00:00.000+10:00,1.043,90,603
1997-04-07T00:00:00.000+10:00,1.032,90,603
1997-04-08T00:00:00.000+10:00,1.018,90,603
1997-04-09T00:00:00.000+10:00,1.011,90,603
1997-04-10T00:00:00.000+10:00,1.002,90,603
1997-04-11T00:00:00.000+10:00,0.995,90,603
1997-04-12T00:00:00.000+10:00,0.990,90,603
1997-04-13T00:00:00.000+10:00,0.985,90,603
1997-04-14T00:00:00.000+10:00,0.983,90,603
1997-04-15T00:00:00.000+10:00,0.974,90,603
1997-04-16T00:00:00.000+10:00,0.906,90,603
1997-04-17T00:00:00.000+10:00,0.966,90,603
1997-04-18T00:00:00.000+10:00,0.964,90,603
1997-04-19T00:00:00.000+10:00,0.960,90,603
1997-04-20T00:00:00.000+10:00,0.959,90,603
1997-04-21T00:00:00.000+10:00,0.956,90,603
1997-04-22T00:00:00.000+10:00,0.781,90,603
1997-04-23T00:00:00.000+10:00,0.951,90,603
1997-04-24T00:00:00.000+10:00,0.952,90,603
1997-04-25T00:00:00.000+10:00,0.957,90,603
1997-04-26T00:00:00.000+10:00,0.956,90,603
1997-04-27T00:00:00.000+10:00,0.952,90,603
1997-04-28T00:00:00.000+10:00,0.944,90,603
1997-04-29T00:00:00.000+10:00,0.944,90,603
1997-04-30T00:00:00.000+10:00,0.937,90,603
1997-05-01T00:00:00.000+10:00,0.922,90,603
1997-05-02T00:00:00.000+10:00,0.938,90,603
1997-05-03T00:00:00.000+10:00,0.953,90,603
1997-05-04T00:00:00.000+10:00,0.975,90,603
1997-05-05T00:00:00.000+10:00,1.054,90,603
1997-05-06T00:00:00.000+10:00,1.133,90,603
1997-05-07T00:00:00.000+10:00,1.129,90,603
1997-05-08T00:00:00.000+10:00,1.169,90,603
1997-05-09T00:00:00.000+10:00,1.359,90,603
1997-05-10T00:00:00.000+10:00,1.239,90,603
1997-05-11T00:00:00.000+10:00,1.190,90,603
1997-05-12T00:00:00.000+10:00,1.134,90,603
1997-05-13T00:00:00.000+10:00,1.086,90,603
1997-05-14T00:00:00.000+10:00,0.957,90,603
1997-05-15T00:00:00.000+10:00,0.951,90,603
1997-05-16T00:00:00.000+10:00,0.938,90,603
1997-05-17T00:00:00.000+10:00,1.150,90,603
1997-05-18T00:00:00.000+10:00,1.113,90,603
1997-05-19T00:00:00.000+10:00,1.107,90,603
1997-05-20T00:00:00.000+10:00,1.143,90,603
1997-05-21T00:00:00.000+10:00,1.133,90,603
1997-05-22T00:00:00.000+10:00,1.104,90,603
1997-05-23T00:00:00.000+10:00,1.070,90,603
1997-05-24T00:00:00.000+10:00,1.044,90,603
1997-05-25T00:00:00.000+10:00,1.025,90,603
1997-05-26T00:00:00.000+10:00,1.010,90,603
1997-05-27T00:00:00.000+10:00,0.998,90,603
1997-05-28T00:00:00.000+10:00,0.991,90,603
1997-05-29T00:00:00.000+10:00,0.970,90,603
1997-05-30T00:00:00.000+10:00,0.928,90,603
1997-05-31T00:00:00.000+10:00,0.952,90,603
1997-06-01T00:00:00.000+10:00,0.892,90,603
1997-06-02T00:00:00.000+10:00,0.940,90,603
1997-06-03T00:00:00.000+10:00,0.878,90,603
1997-06-04T00:00:00.000+10:00,0.824,90,603
1997-06-05T00:00:00.000+10:00,0.830,90,603
1997-06-06T00:00:00.000+10:00,0.825,90,603
1997-06-07T00:00:00.000+10:00,0.842,90,603
1997-06-08T00:00:00.000+10:00,0.825,90,603
1997-06-09T00:00:00.000+10:00,0.820,90,603
1997-06-10T00:00:00.000+10:00,0.792,90,603
1997-06-11T00:00:00.000+10:00,0.755,90,603
1997-06-12T00:00:00.000+10:00,0.752,90,603
1997-06-13T00:00:00.000+10:00,0.759,90,603
1997-06-14T00:00:00.000+10:00,0.782,90,603
1997-06-15T00:00:00.000+10:00,0.738,90,603
1997-06-16T00:00:00.000+10:00,0.777,90,603
1997-06-17T00:00:00.000+10:00,0.830,90,603
1997-06-18T00:00:00.000+10:00,0.821,90,603
1997-06-19T00:00:00.000+10:00,0.912,90,603
1997-06-20T00:00:00.000+10:00,0.915,90,603
1997-06-21T00:00:00.000+10:00,0.891,90,603
1997-06-22T00:00:00.000+10:00,0.865,90,603
1997-06-23T00:00:00.000+10:00,0.838,90,603
1997-06-24T00:00:00.000+10:00,0.861,90,603
1997-06-25T00:00:00.000+10:00,0.857,90,603
1997-06-26T00:00:00.000+10:00,0.862,90,603
1997-06-27T00:00:00.000+10:00,0.852,90,603
1997-06-28T00:00:00.000+10:00,0.836,90,603
1997-06-29T00:00:00.000+10:00,0.816,90,603
1997-06-30T00:00:00.000+10:00,0.782,90,603
1997-07-01T00:00:00.000+10:00,0.757,90,603
1997-07-02T00:00:00.000+10:00,0.814,90,603
1997-07-03T00:00:00.000+10:00,0.723,90,603
1997-07-04T00:00:00.000+10:00,0.747,90,603
1997-07-05T00:00:00.000+10:00,0.745,90,603
1997-07-06T00:00:00.000+10:00,0.730,90,603
1997-07-07T00:00:00.000+10:00,0.734,90,603
1997-07-08T00:00:00.000+10:00,0.739,90,603
1997-07-09T00:00:00.000+10:00,0.731,90,603
1997-07-10T00:00:00.000+10:00,0.706,90,603
1997-07-11T00:00:00.000+10:00,0.722,90,603
1997-07-12T00:00:00.000+10:00,0.759,90,603
1997-07-13T00:00:00.000+10:00,0.688,90,603
1997-07-14T00:00:00.000+10:00,0.688,90,603
1997-07-15T00:00:00.000+10:00,0.756,90,603
1997-07-16T00:00:00.000+10:00,0.716,90,603
1997-07-17T00:00:00.000+10:00,0.727,90,603
1997-07-18T00:00:00.000+10:00,0.688,90,603
1997-07-19T00:00:00.000+10:00,0.724,90,603
1997-07-20T00:00:00.000+10:00,0.719,90,603
1997-07-21T00:00:00.000+10:00,0.627,90,603
1997-07-22T00:00:00.000+10:00,0.649,90,603
1997-07-23T00:00:00.000+10:00,0.666,90,603
1997-07-24T00:00:00.000+10:00,0.635,90,603
1997-07-25T00:00:00.000+10:00,0.698,90,603
1997-07-26T00:00:00.000+10:00,0.619,90,603
1997-07-27T00:00:00.000+10:00,0.671,90,603
1997-07-28T00:00:00.000+10:00,0.671,90,603
1997-07-29T00:00:00.000+10:00,0.656,90,603
1997-07-30T00:00:00.000+10:00,0.655,90,603
1997-07-31T00:00:00.000+10:00,0.651,90,603
1997-08-01T00:00:00.000+10:00,0.654,90,603
1997-08-02T00:00:00.000+10:00,0.673,90,603
1997-08-03T00:00:00.000+10:00,0.680,90,603
1997-08-04T00:00:00.000+10:00,0.646,90,603
1997-08-05T00:00:00.000+10:00,0.613,90,603
1997-08-06T00:00:00.000+10:00,0.628,90,603
1997-08-07T00:00:00.000+10:00,0.609,90,603
1997-08-08T00:00:00.000+10:00,0.610,90,603
1997-08-09T00:00:00.000+10:00,0.638,90,603
1997-08-10T00:00:00.000+10:00,0.602,90,603
1997-08-11T00:00:00.000+10:00,0.640,90,603
1997-08-12T00:00:00.000+10:00,0.602,90,603
1997-08-13T00:00:00.000+10:00,0.592,90,603
1997-08-14T00:00:00.000+10:00,0.594,90,603
1997-08-15T00:00:00.000+10:00,0.590,90,603
1997-08-16T00:00:00.000+10:00,0.556,90,603
1997-08-17T00:00:00.000+10:00,0.551,90,603
1997-08-18T00:00:00.000+10:00,0.556,90,603
1997-08-19T00:00:00.000+10:00,0.523,90,603
1997-08-20T00:00:00.000+10:00,0.572,90,603
1997-08-21T00:00:00.000+10:00,0.579,90,603
1997-08-22T00:00:00.000+10:00,0.561,90,603
1997-08-23T00:00:00.000+10:00,0.499,90,603
1997-08-24T00:00:00.000+10:00,0.533,90,603
1997-08-25T00:00:00.000+10:00,0.531,90,603
1997-08-26T00:00:00.000+10:00,0.545,90,603
1997-08-27T00:00:00.000+10:00,0.530,90,603
1997-08-28T00:00:00.000+10:00,0.515,90,603
1997-08-29T00:00:00.000+10:00,0.524,90,603
1997-08-30T00:00:00.000+10:00,0.481,90,603
1997-08-31T00:00:00.000+10:00,0.543,90,603
1997-09-01T00:00:00.000+10:00,0.510,90,603
1997-09-02T00:00:00.000+10:00,0.480,90,603
1997-09-03T00:00:00.000+10:00,0.531,90,603
1997-09-04T00:00:00.000+10:00,0.465,90,603
1997-09-05T00:00:00.000+10:00,0.364,90,603
1997-09-06T00:00:00.000+10:00,0.335,90,603
1997-09-07T00:00:00.000+10:00,0.365,90,603
1997-09-08T00:00:00.000+10:00,0.384,90,603
1997-09-09T00:00:00.000+10:00,0.359,90,603
1997-09-10T00:00:00.000+10:00,0.371,90,603
1997-09-11T00:00:00.000+10:00,0.346,90,603
1997-09-12T00:00:00.000+10:00,0.337,90,603
1997-09-13T00:00:00.000+10:00,0.331,90,603
1997-09-14T00:00:00.000+10:00,0.307,90,603
1997-09-15T00:00:00.000+10:00,0.323,90,603
1997-09-16T00:00:00.000+10:00,0.325,90,603
1997-09-17T00:00:00.000+10:00,0.302,90,603
1997-09-18T00:00:00.000+10:00,0.312,90,603
1997-09-19T00:00:00.000+10:00,0.323,90,603
1997-09-20T00:00:00.000+10:00,0.316,90,603
1997-09-21T00:00:00.000+10:00,0.367,90,603
1997-09-22T00:00:00.000+10:00,0.435,90,603
1997-09-23T00:00:00.000+10:00,0.406,90,603
1997-09-24T00:00:00.000+10:00,0.407,90,603
1997-09-25T00:00:00.000+10:00,0.440,90,603
1997-09-26T00:00:00.000+10:00,0.426,90,603
1997-09-27T00:00:00.000+10:00,0.458,90,603
1997-09-28T00:00:00.000+10:00,0.451,90,603
1997-09-29T00:00:00.000+10:00,0.444,90,603
1997-09-30T00:00:00.000+10:00,0.429,90,603
1997-10-01T00:00:00.000+10:00,0.391,90,603
1997-10-02T00:00:00.000+10:00,0.377,90,603
1997-10-03T00:00:00.000+10:00,0.367,90,603
1997-10-04T00:00:00.000+10:00,0.364,90,603
1997-10-05T00:00:00.000+10:00,0.349,90,603
1997-10-06T00:00:00.000+10:00,0.354,90,603
1997-10-07T00:00:00.000+10:00,0.377,90,603
1997-10-08T00:00:00.000+10:00,0.705,90,603
1997-10-09T00:00:00.000+10:00,0.828,90,603
1997-10-10T00:00:00.000+10:00,0.918,90,603
1997-10-11T00:00:00.000+10:00,0.820,90,603
1997-10-12T00:00:00.000+10:00,0.729,90,603
1997-10-13T00:00:00.000+10:00,0.569,90,603
1997-10-14T00:00:00.000+10:00,0.519,90,603
1997-10-15T00:00:00.000+10:00,0.487,90,603
1997-10-16T00:00:00.000+10:00,0.436,90,603
1997-10-17T00:00:00.000+10:00,0.411,90,603
1997-10-18T00:00:00.000+10:00,0.378,90,603
1997-10-19T00:00:00.000+10:00,0.409,90,603
1997-10-20T00:00:00.000+10:00,0.426,90,603
1997-10-21T00:00:00.000+10:00,0.395,90,603
1997-10-22T00:00:00.000+10:00,0.381,90,603
1997-10-23T00:00:00.000+10:00,0.395,90,603
1997-10-24T00:00:00.000+10:00,0.400,90,603
1997-10-25T00:00:00.000+10:00,0.396,90,603
1997-10-26T00:00:00.000+10:00,0.373,90,603
1997-10-27T00:00:00.000+10:00,0.370,90,603
1997-10-28T00:00:00.000+10:00,0.348,90,603
1997-10-29T00:00:00.000+10:00,0.344,90,603
1997-10-30T00:00:00.000+10:00,0.344,90,603
1997-10-31T00:00:00.000+10:00,0.326,90,603
1997-11-01T00:00:00.000+10:00,0.493,90,603
1997-11-02T00:00:00.000+10:00,0.530,90,603
1997-11-03T00:00:00.000+10:00,0.515,90,603
1997-11-04T00:00:00.000+10:00,0.473,90,603
1997-11-05T00:00:00.000+10:00,0.515,90,603
1997-11-06T00:00:00.000+10:00,0.639,90,603
1997-11-07T00:00:00.000+10:00,0.824,90,603
1997-11-08T00:00:00.000+10:00,0.940,90,603
1997-11-09T00:00:00.000+10:00,1.020,90,603
1997-11-10T00:00:00.000+10:00,1.067,90,603
1997-11-11T00:00:00.000+10:00,1.114,90,603
1997-11-12T00:00:00.000+10:00,1.105,90,603
1997-11-13T00:00:00.000+10:00,1.037,90,603
1997-11-14T00:00:00.000+10:00,0.999,90,603
1997-11-15T00:00:00.000+10:00,0.965,90,603
1997-11-16T00:00:00.000+10:00,0.948,90,603
1997-11-17T00:00:00.000+10:00,0.692,90,603
1997-11-18T00:00:00.000+10:00,0.478,90,603
1997-11-19T00:00:00.000+10:00,0.687,90,603
1997-11-20T00:00:00.000+10:00,0.806,90,603
1997-11-21T00:00:00.000+10:00,0.677,90,603
1997-11-22T00:00:00.000+10:00,0.647,90,603
1997-11-23T00:00:00.000+10:00,0.640,90,603
1997-11-24T00:00:00.000+10:00,0.632,90,603
1997-11-25T00:00:00.000+10:00,0.631,90,603
1997-11-26T00:00:00.000+10:00,0.658,90,603
1997-11-27T00:00:00.000+10:00,0.685,90,603
1997-11-28T00:00:00.000+10:00,0.624,90,603
1997-11-29T00:00:00.000+10:00,0.644,90,603
1997-11-30T00:00:00.000+10:00,0.684,90,603
1997-12-01T00:00:00.000+10:00,0.653,90,603
1997-12-02T00:00:00.000+10:00,0.608,90,603
1997-12-03T00:00:00.000+10:00,0.605,90,603
1997-12-04T00:00:00.000+10:00,0.566,90,603
1997-12-05T00:00:00.000+10:00,0.549,90,603
1997-12-06T00:00:00.000+10:00,0.546,90,603
1997-12-07T00:00:00.000+10:00,0.571,90,603
1997-12-08T00:00:00.000+10:00,0.663,90,603
1997-12-09T00:00:00.000+10:00,0.622,90,603
1997-12-10T00:00:00.000+10:00,0.672,90,603
1997-12-11T00:00:00.000+10:00,0.654,90,603
1997-12-12T00:00:00.000+10:00,0.724,90,603
1997-12-13T00:00:00.000+10:00,0.679,90,603
1997-12-14T00:00:00.000+10:00,0.575,90,603
1997-12-15T00:00:00.000+10:00,0.556,90,603
1997-12-16T00:00:00.000+10:00,0.560,90,603
1997-12-17T00:00:00.000+10:00,0.542,90,603
1997-12-18T00:00:00.000+10:00,0.546,90,603
1997-12-19T00:00:00.000+10:00,0.573,90,603
1997-12-20T00:00:00.000+10:00,0.527,90,603
1997-12-21T00:00:00.000+10:00,0.498,90,603
1997-12-22T00:00:00.000+10:00,0.457,90,603
1997-12-23T00:00:00.000+10:00,0.494,90,603
1997-12-24T00:00:00.000+10:00,0.527,90,603
1997-12-25T00:00:00.000+10:00,0.485,90,603
1997-12-26T00:00:00.000+10:00,0.501,90,603
1997-12-27T00:00:00.000+10:00,0.531,90,603
1997-12-28T00:00:00.000+10:00,0.555,90,603
1997-12-29T00:00:00.000+10:00,0.644,90,603
1997-12-30T00:00:00.000+10:00,0.619,90,603
1997-12-31T00:00:00.000+10:00,0.579,90,603
1998-01-01T00:00:00.000+10:00,0.535,90,603
1998-01-02T00:00:00.000+10:00,0.529,90,603
1998-01-03T00:00:00.000+10:00,0.508,90,603
1998-01-04T00:00:00.000+10:00,0.500,90,603
1998-01-05T00:00:00.000+10:00,0.488,90,603
1998-01-06T00:00:00.000+10:00,0.483,90,603
1998-01-07T00:00:00.000+10:00,0.485,90,603
1998-01-08T00:00:00.000+10:00,0.439,90,603
1998-01-09T00:00:00.000+10:00,0.480,90,603
1998-01-10T00:00:00.000+10:00,0.485,90,603
1998-01-11T00:00:00.000+10:00,0.488,90,603
1998-01-12T00:00:00.000+10:00,0.482,90,603
1998-01-13T00:00:00.000+10:00,0.589,90,603
1998-01-14T00:00:00.000+10:00,0.605,90,603
1998-01-15T00:00:00.000+10:00,0.605,90,603
1998-01-16T00:00:00.000+10:00,0.541,90,603
1998-01-17T00:00:00.000+10:00,0.528,90,603
1998-01-18T00:00:00.000+10:00,0.542,90,603
1998-01-19T00:00:00.000+10:00,0.592,90,603
1998-01-20T00:00:00.000+10:00,0.601,90,603
1998-01-21T00:00:00.000+10:00,0.541,90,603
1998-01-22T00:00:00.000+10:00,0.525,90,603
1998-01-23T00:00:00.000+10:00,0.528,90,603
1998-01-24T00:00:00.000+10:00,0.564,90,603
1998-01-25T00:00:00.000+10:00,0.544,90,603
1998-01-26T00:00:00.000+10:00,0.580,90,603
1998-01-27T00:00:00.000+10:00,0.465,90,603
1998-01-28T00:00:00.000+10:00,0.432,90,603
1998-01-29T00:00:00.000+10:00,0.438,90,603
1998-01-30T00:00:00.000+10:00,0.418,90,603
1998-01-31T00:00:00.000+10:00,0.414,90,603
1998-02-01T00:00:00.000+10:00,0.476,90,603
1998-02-02T00:00:00.000+10:00,0.450,90,603
1998-02-03T00:00:00.000+10:00,0.565,90,603
1998-02-04T00:00:00.000+10:00,0.570,90,603
1998-02-05T00:00:00.000+10:00,0.534,90,603
1998-02-06T00:00:00.000+10:00,0.478,90,603
1998-02-07T00:00:00.000+10:00,0.452,90,603
1998-02-08T00:00:00.000+10:00,0.405,90,603
1998-02-09T00:00:00.000+10:00,0.424,90,603
1998-02-10T00:00:00.000+10:00,0.465,90,603
1998-02-11T00:00:00.000+10:00,0.538,90,603
1998-02-12T00:00:00.000+10:00,1.667,90,603
1998-02-13T00:00:00.000+10:00,1.795,90,603
1998-02-14T00:00:00.000+10:00,0.921,90,603
1998-02-15T00:00:00.000+10:00,0.801,90,603
1998-02-16T00:00:00.000+10:00,0.788,90,603
1998-02-17T00:00:00.000+10:00,0.918,90,603
1998-02-18T00:00:00.000+10:00,0.820,90,603
1998-02-19T00:00:00.000+10:00,0.839,90,603
1998-02-20T00:00:00.000+10:00,0.806,90,603
1998-02-21T00:00:00.000+10:00,0.805,90,603
1998-02-22T00:00:00.000+10:00,0.691,90,603
1998-02-23T00:00:00.000+10:00,0.615,90,603
1998-02-24T00:00:00.000+10:00,0.594,90,603
1998-02-25T00:00:00.000+10:00,0.578,90,603
1998-02-26T00:00:00.000+10:00,0.541,90,603
1998-02-27T00:00:00.000+10:00,0.516,90,603
1998-02-28T00:00:00.000+10:00,0.494,90,603
1998-03-01T00:00:00.000+10:00,0.505,90,603
1998-03-02T00:00:00.000+10:00,0.496,90,603
1998-03-03T00:00:00.000+10:00,0.462,90,603
1998-03-04T00:00:00.000+10:00,0.436,90,603
1998-03-05T00:00:00.000+10:00,0.425,90,603
1998-03-06T00:00:00.000+10:00,0.448,90,603
1998-03-07T00:00:00.000+10:00,0.426,90,603
1998-03-08T00:00:00.000+10:00,0.418,90,603
1998-03-09T00:00:00.000+10:00,0.434,90,603
1998-03-10T00:00:00.000+10:00,0.411,90,603
1998-03-11T00:00:00.000+10:00,0.409,90,603
1998-03-12T00:00:00.000+10:00,0.398,90,603
1998-03-13T00:00:00.000+10:00,0.356,90,603
1998-03-14T00:00:00.000+10:00,0.351,90,603
1998-03-15T00:00:00.000+10:00,0.329,90,603
1998-03-16T00:00:00.000+10:00,0.306,90,603
1998-03-17T00:00:00.000+10:00,0.305,90,603
1998-03-18T00:00:00.000+10:00,0.296,90,603
1998-03-19T00:00:00.000+10:00,0.343,90,603
1998-03-20T00:00:00.000+10:00,0.339,90,603
1998-03-21T00:00:00.000+10:00,0.316,90,603
1998-03-22T00:00:00.000+10:00,0.310,90,603
1998-03-23T00:00:00.000+10:00,0.321,90,603
1998-03-24T00:00:00.000+10:00,0.304,90,603
1998-03-25T00:00:00.000+10:00,0.321,90,603
1998-03-26T00:00:00.000+10:00,0.314,90,603
1998-03-27T00:00:00.000+10:00,0.298,90,603
1998-03-28T00:00:00.000+10:00,0.292,90,603
1998-03-29T00:00:00.000+10:00,0.378,90,603
1998-03-30T00:00:00.000+10:00,0.425,90,603
1998-03-31T00:00:00.000+10:00,0.440,90,603
1998-04-01T00:00:00.000+10:00,0.426,90,603
1998-04-02T00:00:00.000+10:00,0.396,90,603
1998-04-03T00:00:00.000+10:00,0.352,90,603
1998-04-04T00:00:00.000+10:00,0.335,90,603
1998-04-05T00:00:00.000+10:00,0.334,90,603
1998-04-06T00:00:00.000+10:00,0.496,90,603
1998-04-07T00:00:00.000+10:00,0.526,90,603
1998-04-08T00:00:00.000+10:00,0.479,90,603
1998-04-09T00:00:00.000+10:00,0.440,90,603
1998-04-10T00:00:00.000+10:00,0.411,90,603
1998-04-11T00:00:00.000+10:00,0.416,90,603
1998-04-12T00:00:00.000+10:00,0.406,90,603
1998-04-13T00:00:00.000+10:00,0.417,90,603
1998-04-14T00:00:00.000+10:00,0.480,90,603
1998-04-15T00:00:00.000+10:00,0.454,90,603
1998-04-16T00:00:00.000+10:00,0.415,90,603
1998-04-17T00:00:00.000+10:00,0.399,90,603
1998-04-18T00:00:00.000+10:00,0.386,90,603
1998-04-19T00:00:00.000+10:00,0.430,90,603
1998-04-20T00:00:00.000+10:00,0.449,90,603
1998-04-21T00:00:00.000+10:00,0.452,90,603
1998-04-22T00:00:00.000+10:00,0.437,90,603
1998-04-23T00:00:00.000+10:00,0.449,90,603
1998-04-24T00:00:00.000+10:00,0.530,90,603
1998-04-25T00:00:00.000+10:00,0.498,90,603
1998-04-26T00:00:00.000+10:00,0.537,90,603
1998-04-27T00:00:00.000+10:00,0.714,90,603
1998-04-28T00:00:00.000+10:00,0.795,90,603
1998-04-29T00:00:00.000+10:00,0.670,90,603
1998-04-30T00:00:00.000+10:00,0.585,90,603
1998-05-01T00:00:00.000+10:00,0.541,90,603
1998-05-02T00:00:00.000+10:00,0.503,90,603
1998-05-03T00:00:00.000+10:00,0.507,90,603
1998-05-04T00:00:00.000+10:00,0.487,90,603
1998-05-05T00:00:00.000+10:00,0.466,90,603
1998-05-06T00:00:00.000+10:00,0.466,90,603
1998-05-07T00:00:00.000+10:00,0.460,90,603
1998-05-08T00:00:00.000+10:00,0.461,90,603
1998-05-09T00:00:00.000+10:00,0.479,90,603
1998-05-10T00:00:00.000+10:00,0.456,90,603
1998-05-11T00:00:00.000+10:00,0.441,90,603
1998-05-12T00:00:00.000+10:00,0.415,90,603
1998-05-13T00:00:00.000+10:00,0.403,90,603
1998-05-14T00:00:00.000+10:00,0.395,90,603
1998-05-15T00:00:00.000+10:00,0.386,90,603
1998-05-16T00:00:00.000+10:00,0.387,90,603
1998-05-17T00:00:00.000+10:00,0.400,90,603
1998-05-18T00:00:00.000+10:00,0.454,90,603
1998-05-19T00:00:00.000+10:00,0.462,90,603
1998-05-20T00:00:00.000+10:00,0.455,90,603
1998-05-21T00:00:00.000+10:00,0.449,90,603
1998-05-22T00:00:00.000+10:00,0.437,90,603
1998-05-23T00:00:00.000+10:00,0.466,90,603
1998-05-24T00:00:00.000+10:00,0.436,90,603
1998-05-25T00:00:00.000+10:00,0.409,90,603
1998-05-26T00:00:00.000+10:00,0.407,90,603
1998-05-27T00:00:00.000+10:00,0.391,90,603
1998-05-28T00:00:00.000+10:00,0.372,90,603
1998-05-29T00:00:00.000+10:00,0.367,90,603
1998-05-30T00:00:00.000+10:00,0.347,90,603
1998-05-31T00:00:00.000+10:00,0.352,90,603
1998-06-01T00:00:00.000+10:00,0.330,90,603
1998-06-02T00:00:00.000+10:00,0.305,90,603
1998-06-03T00:00:00.000+10:00,0.320,90,603
1998-06-04T00:00:00.000+10:00,0.300,90,603
1998-06-05T00:00:00.000+10:00,0.288,90,603
1998-06-06T00:00:00.000+10:00,0.297,90,603
1998-06-07T00:00:00.000+10:00,0.290,90,603
1998-06-08T00:00:00.000+10:00,0.288,90,603
1998-06-09T00:00:00.000+10:00,0.280,90,603
1998-06-10T00:00:00.000+10:00,0.269,90,603
1998-06-11T00:00:00.000+10:00,0.266,90,603
1998-06-12T00:00:00.000+10:00,0.263,90,603
1998-06-13T00:00:00.000+10:00,0.254,90,603
1998-06-14T00:00:00.000+10:00,0.252,90,603
1998-06-15T00:00:00.000+10:00,0.250,90,603
1998-06-16T00:00:00.000+10:00,0.253,90,603
1998-06-17T00:00:00.000+10:00,0.256,90,603
1998-06-18T00:00:00.000+10:00,0.254,90,603
1998-06-19T00:00:00.000+10:00,0.252,90,603
1998-06-20T00:00:00.000+10:00,0.251,90,603
1998-06-21T00:00:00.000+10:00,0.251,90,603
1998-06-22T00:00:00.000+10:00,0.251,90,603
1998-06-23T00:00:00.000+10:00,0.263,90,603
1998-06-24T00:00:00.000+10:00,0.260,90,603
1998-06-25T00:00:00.000+10:00,0.256,90,603
1998-06-26T00:00:00.000+10:00,0.251,90,603
1998-06-27T00:00:00.000+10:00,0.313,90,603
1998-06-28T00:00:00.000+10:00,0.355,90,603
1998-06-29T00:00:00.000+10:00,0.295,90,603
1998-06-30T00:00:00.000+10:00,0.274,90,603
1998-07-01T00:00:00.000+10:00,0.284,90,603
1998-07-02T00:00:00.000+10:00,0.276,90,603
1998-07-03T00:00:00.000+10:00,0.289,90,603
1998-07-04T00:00:00.000+10:00,0.439,90,603
1998-07-05T00:00:00.000+10:00,0.426,90,603
1998-07-06T00:00:00.000+10:00,0.397,90,603
1998-07-07T00:00:00.000+10:00,0.329,90,603
1998-07-08T00:00:00.000+10:00,0.345,90,603
1998-07-09T00:00:00.000+10:00,0.293,90,603
1998-07-10T00:00:00.000+10:00,0.295,90,603
1998-07-11T00:00:00.000+10:00,0.274,90,603
1998-07-12T00:00:00.000+10:00,0.267,90,603
1998-07-13T00:00:00.000+10:00,0.262,90,603
1998-07-14T00:00:00.000+10:00,0.259,90,603
1998-07-15T00:00:00.000+10:00,0.255,90,603
1998-07-16T00:00:00.000+10:00,0.250,90,603
1998-07-17T00:00:00.000+10:00,0.245,90,603
1998-07-18T00:00:00.000+10:00,0.247,90,603
1998-07-19T00:00:00.000+10:00,0.260,90,603
1998-07-20T00:00:00.000+10:00,0.261,90,603
1998-07-21T00:00:00.000+10:00,0.261,90,603
1998-07-22T00:00:00.000+10:00,0.254,90,603
1998-07-23T00:00:00.000+10:00,0.251,90,603
1998-07-24T00:00:00.000+10:00,0.274,90,603
1998-07-25T00:00:00.000+10:00,0.270,90,603
1998-07-26T00:00:00.000+10:00,0.276,90,603
1998-07-27T00:00:00.000+10:00,0.274,90,603
1998-07-28T00:00:00.000+10:00,0.267,90,603
1998-07-29T00:00:00.000+10:00,0.293,90,603
1998-07-30T00:00:00.000+10:00,0.385,90,603
1998-07-31T00:00:00.000+10:00,0.436,90,603
1998-08-01T00:00:00.000+10:00,0.461,90,603
1998-08-02T00:00:00.000+10:00,0.404,90,603
1998-08-03T00:00:00.000+10:00,0.377,90,603
1998-08-04T00:00:00.000+10:00,0.349,90,603
1998-08-05T00:00:00.000+10:00,0.297,90,603
1998-08-06T00:00:00.000+10:00,0.279,90,603
1998-08-07T00:00:00.000+10:00,0.322,90,603
1998-08-08T00:00:00.000+10:00,0.357,90,603
1998-08-09T00:00:00.000+10:00,0.328,90,603
1998-08-10T00:00:00.000+10:00,0.396,90,603
1998-08-11T00:00:00.000+10:00,0.385,90,603
1998-08-12T00:00:00.000+10:00,0.339,90,603
1998-08-13T00:00:00.000+10:00,0.304,90,603
1998-08-14T00:00:00.000+10:00,0.310,90,603
1998-08-15T00:00:00.000+10:00,0.291,90,603
1998-08-16T00:00:00.000+10:00,0.291,90,603
1998-08-17T00:00:00.000+10:00,0.319,90,603
1998-08-18T00:00:00.000+10:00,0.294,90,603
1998-08-19T00:00:00.000+10:00,0.428,90,603
1998-08-20T00:00:00.000+10:00,1.035,90,603
1998-08-21T00:00:00.000+10:00,0.931,90,603
1998-08-22T00:00:00.000+10:00,0.746,90,603
1998-08-23T00:00:00.000+10:00,0.690,90,603
1998-08-24T00:00:00.000+10:00,0.661,90,603
1998-08-25T00:00:00.000+10:00,0.630,90,603
1998-08-26T00:00:00.000+10:00,0.611,90,603
1998-08-27T00:00:00.000+10:00,0.552,90,603
1998-08-28T00:00:00.000+10:00,0.565,90,603
1998-08-29T00:00:00.000+10:00,0.546,90,603
1998-08-30T00:00:00.000+10:00,0.626,90,603
1998-08-31T00:00:00.000+10:00,0.648,90,603
1998-09-01T00:00:00.000+10:00,0.718,90,603
1998-09-02T00:00:00.000+10:00,0.795,90,603
1998-09-03T00:00:00.000+10:00,0.790,90,603
1998-09-04T00:00:00.000+10:00,0.771,90,603
1998-09-05T00:00:00.000+10:00,0.734,90,603
1998-09-06T00:00:00.000+10:00,0.728,90,603
1998-09-07T00:00:00.000+10:00,0.677,90,603
1998-09-08T00:00:00.000+10:00,0.637,90,603
1998-09-09T00:00:00.000+10:00,0.654,90,603
1998-09-10T00:00:00.000+10:00,0.618,90,603
1998-09-11T00:00:00.000+10:00,0.607,90,603
1998-09-12T00:00:00.000+10:00,0.956,90,603
1998-09-13T00:00:00.000+10:00,0.805,90,603
1998-09-14T00:00:00.000+10:00,1.428,90,603
1998-09-15T00:00:00.000+10:00,1.365,90,603
1998-09-16T00:00:00.000+10:00,1.180,90,603
1998-09-17T00:00:00.000+10:00,1.071,90,603
1998-09-18T00:00:00.000+10:00,0.953,90,603
1998-09-19T00:00:00.000+10:00,0.935,90,603
1998-09-20T00:00:00.000+10:00,0.906,90,603
1998-09-21T00:00:00.000+10:00,0.886,90,603
1998-09-22T00:00:00.000+10:00,0.868,90,603
1998-09-23T00:00:00.000+10:00,0.876,90,603
1998-09-24T00:00:00.000+10:00,0.888,90,603
1998-09-25T00:00:00.000+10:00,1.711,90,603
1998-09-26T00:00:00.000+10:00,1.024,90,603
1998-09-27T00:00:00.000+10:00,0.922,90,603
1998-09-28T00:00:00.000+10:00,0.897,90,603
1998-09-29T00:00:00.000+10:00,0.852,90,603
1998-09-30T00:00:00.000+10:00,0.809,90,603
1998-10-01T00:00:00.000+10:00,0.763,90,603
1998-10-02T00:00:00.000+10:00,0.741,90,603
1998-10-03T00:00:00.000+10:00,0.691,90,603
1998-10-04T00:00:00.000+10:00,0.656,90,603
1998-10-05T00:00:00.000+10:00,0.633,90,603
1998-10-06T00:00:00.000+10:00,0.598,90,603
1998-10-07T00:00:00.000+10:00,0.580,90,603
1998-10-08T00:00:00.000+10:00,0.585,90,603
1998-10-09T00:00:00.000+10:00,0.551,90,603
1998-10-10T00:00:00.000+10:00,0.496,90,603
1998-10-11T00:00:00.000+10:00,0.540,90,603
1998-10-12T00:00:00.000+10:00,0.558,90,603
1998-10-13T00:00:00.000+10:00,0.570,90,603
1998-10-14T00:00:00.000+10:00,0.546,90,603
1998-10-15T00:00:00.000+10:00,0.522,90,603
1998-10-16T00:00:00.000+10:00,0.515,90,603
1998-10-17T00:00:00.000+10:00,0.507,90,603
1998-10-18T00:00:00.000+10:00,0.467,90,603
1998-10-19T00:00:00.000+10:00,0.460,90,603
1998-10-20T00:00:00.000+10:00,0.455,90,603
1998-10-21T00:00:00.000+10:00,0.435,90,603
1998-10-22T00:00:00.000+10:00,0.454,90,603
1998-10-23T00:00:00.000+10:00,0.431,90,603
1998-10-24T00:00:00.000+10:00,0.431,90,603
1998-10-25T00:00:00.000+10:00,0.424,90,603
1998-10-26T00:00:00.000+10:00,0.414,90,603
1998-10-27T00:00:00.000+10:00,0.408,90,603
1998-10-28T00:00:00.000+10:00,0.418,90,603
1998-10-29T00:00:00.000+10:00,0.430,90,603
1998-10-30T00:00:00.000+10:00,0.465,90,603
1998-10-31T00:00:00.000+10:00,0.433,90,603
1998-11-01T00:00:00.000+10:00,0.440,90,603
1998-11-02T00:00:00.000+10:00,0.421,90,603
1998-11-03T00:00:00.000+10:00,0.451,90,603
1998-11-04T00:00:00.000+10:00,0.395,90,603
1998-11-05T00:00:00.000+10:00,0.410,90,603
1998-11-06T00:00:00.000+10:00,0.397,90,603
1998-11-07T00:00:00.000+10:00,0.373,90,603
1998-11-08T00:00:00.000+10:00,0.362,90,603
1998-11-09T00:00:00.000+10:00,0.375,90,603
1998-11-10T00:00:00.000+10:00,0.372,90,603
1998-11-11T00:00:00.000+10:00,0.439,90,603
1998-11-12T00:00:00.000+10:00,0.539,90,603
1998-11-13T00:00:00.000+10:00,0.587,90,603
1998-11-14T00:00:00.000+10:00,0.531,90,603
1998-11-15T00:00:00.000+10:00,0.521,90,603
1998-11-16T00:00:00.000+10:00,0.514,90,603
1998-11-17T00:00:00.000+10:00,0.498,90,603
1998-11-18T00:00:00.000+10:00,0.495,90,603
1998-11-19T00:00:00.000+10:00,0.482,90,603
1998-11-20T00:00:00.000+10:00,0.469,90,603
1998-11-21T00:00:00.000+10:00,0.549,90,603
1998-11-22T00:00:00.000+10:00,0.900,90,603
1998-11-23T00:00:00.000+10:00,0.839,90,603
1998-11-24T00:00:00.000+10:00,0.783,90,603
1998-11-25T00:00:00.000+10:00,0.677,90,603
1998-11-26T00:00:00.000+10:00,0.681,90,603
1998-11-27T00:00:00.000+10:00,0.761,90,603
1998-11-28T00:00:00.000+10:00,0.874,90,603
1998-11-29T00:00:00.000+10:00,1.074,90,603
1998-11-30T00:00:00.000+10:00,1.051,90,603
1998-12-01T00:00:00.000+10:00,0.957,90,603
1998-12-02T00:00:00.000+10:00,0.876,90,603
1998-12-03T00:00:00.000+10:00,0.839,90,603
1998-12-04T00:00:00.000+10:00,0.820,90,603
1998-12-05T00:00:00.000+10:00,0.762,90,603
1998-12-06T00:00:00.000+10:00,0.688,90,603
1998-12-07T00:00:00.000+10:00,0.679,90,603
1998-12-08T00:00:00.000+10:00,0.919,90,603
1998-12-09T00:00:00.000+10:00,0.695,90,603
1998-12-10T00:00:00.000+10:00,0.704,90,603
1998-12-11T00:00:00.000+10:00,0.673,90,603
1998-12-12T00:00:00.000+10:00,0.653,90,603
1998-12-13T00:00:00.000+10:00,0.618,90,603
1998-12-14T00:00:00.000+10:00,0.564,90,603
1998-12-15T00:00:00.000+10:00,0.543,90,603
1998-12-16T00:00:00.000+10:00,0.516,90,603
1998-12-17T00:00:00.000+10:00,0.511,90,603
1998-12-18T00:00:00.000+10:00,0.507,90,603
1998-12-19T00:00:00.000+10:00,0.579,90,603
1998-12-20T00:00:00.000+10:00,0.683,90,603
1998-12-21T00:00:00.000+10:00,0.741,90,603
1998-12-22T00:00:00.000+10:00,0.749,90,603
1998-12-23T00:00:00.000+10:00,0.667,90,603
1998-12-24T00:00:00.000+10:00,1.886,90,603
1998-12-25T00:00:00.000+10:00,1.084,90,603
1998-12-26T00:00:00.000+10:00,1.110,90,603
1998-12-27T00:00:00.000+10:00,1.118,90,603
1998-12-28T00:00:00.000+10:00,0.993,90,603
1998-12-29T00:00:00.000+10:00,0.901,90,603
1998-12-30T00:00:00.000+10:00,0.833,90,603
1998-12-31T00:00:00.000+10:00,0.701,90,603
1999-01-01T00:00:00.000+10:00,0.650,90,603
1999-01-02T00:00:00.000+10:00,0.679,90,603
1999-01-03T00:00:00.000+10:00,0.682,90,603
1999-01-04T00:00:00.000+10:00,0.851,90,603
1999-01-05T00:00:00.000+10:00,0.856,90,603
1999-01-06T00:00:00.000+10:00,0.745,90,603
1999-01-07T00:00:00.000+10:00,0.671,90,603
1999-01-08T00:00:00.000+10:00,0.639,90,603
1999-01-09T00:00:00.000+10:00,0.616,90,603
1999-01-10T00:00:00.000+10:00,0.678,90,603
1999-01-11T00:00:00.000+10:00,0.667,90,603
1999-01-12T00:00:00.000+10:00,0.620,90,603
1999-01-13T00:00:00.000+10:00,0.637,90,603
1999-01-14T00:00:00.000+10:00,0.655,90,603
1999-01-15T00:00:00.000+10:00,0.648,90,603
1999-01-16T00:00:00.000+10:00,0.627,90,603
1999-01-17T00:00:00.000+10:00,0.616,90,603
1999-01-18T00:00:00.000+10:00,0.622,90,603
1999-01-19T00:00:00.000+10:00,0.672,90,603
1999-01-20T00:00:00.000+10:00,0.657,90,603
1999-01-21T00:00:00.000+10:00,0.635,90,603
1999-01-22T00:00:00.000+10:00,0.656,90,603
1999-01-23T00:00:00.000+10:00,0.647,90,603
1999-01-24T00:00:00.000+10:00,0.642,90,603
1999-01-25T00:00:00.000+10:00,0.639,90,603
1999-01-26T00:00:00.000+10:00,0.628,90,603
1999-01-27T00:00:00.000+10:00,0.621,90,603
1999-01-28T00:00:00.000+10:00,0.620,90,603
1999-01-29T00:00:00.000+10:00,0.626,90,603
1999-01-30T00:00:00.000+10:00,0.672,90,603
1999-01-31T00:00:00.000+10:00,1.246,90,603
1999-02-01T00:00:00.000+10:00,1.619,90,603
1999-02-02T00:00:00.000+10:00,1.788,90,603
1999-02-03T00:00:00.000+10:00,1.816,90,603
1999-02-04T00:00:00.000+10:00,2.113,90,603
1999-02-05T00:00:00.000+10:00,2.017,90,603
1999-02-06T00:00:00.000+10:00,1.961,90,603
1999-02-07T00:00:00.000+10:00,1.917,90,603
1999-02-08T00:00:00.000+10:00,2.066,90,603
1999-02-09T00:00:00.000+10:00,2.561,90,603
1999-02-10T00:00:00.000+10:00,2.968,90,603
1999-02-11T00:00:00.000+10:00,3.582,90,603
1999-02-12T00:00:00.000+10:00,3.149,90,603
1999-02-13T00:00:00.000+10:00,2.399,90,603
1999-02-14T00:00:00.000+10:00,1.917,90,603
1999-02-15T00:00:00.000+10:00,1.713,90,603
1999-02-16T00:00:00.000+10:00,1.541,90,603
1999-02-17T00:00:00.000+10:00,1.412,90,603
1999-02-18T00:00:00.000+10:00,1.378,90,603
1999-02-19T00:00:00.000+10:00,1.202,90,603
1999-02-20T00:00:00.000+10:00,1.099,90,603
1999-02-21T00:00:00.000+10:00,1.071,90,603
1999-02-22T00:00:00.000+10:00,1.020,90,603
1999-02-23T00:00:00.000+10:00,0.985,90,603
1999-02-24T00:00:00.000+10:00,0.952,90,603
1999-02-25T00:00:00.000+10:00,0.931,90,603
1999-02-26T00:00:00.000+10:00,0.917,90,603
1999-02-27T00:00:00.000+10:00,0.903,90,603
1999-02-28T00:00:00.000+10:00,0.883,90,603
1999-03-01T00:00:00.000+10:00,0.984,90,603
1999-03-02T00:00:00.000+10:00,0.995,90,603
1999-03-03T00:00:00.000+10:00,1.199,90,603
1999-03-04T00:00:00.000+10:00,2.273,90,603
1999-03-05T00:00:00.000+10:00,2.637,90,603
1999-03-06T00:00:00.000+10:00,1.787,90,603
1999-03-07T00:00:00.000+10:00,1.461,90,603
1999-03-08T00:00:00.000+10:00,1.297,90,603
1999-03-09T00:00:00.000+10:00,1.188,90,603
1999-03-10T00:00:00.000+10:00,1.134,90,603
1999-03-11T00:00:00.000+10:00,1.182,90,603
1999-03-12T00:00:00.000+10:00,1.143,90,603
1999-03-13T00:00:00.000+10:00,1.077,90,603
1999-03-14T00:00:00.000+10:00,1.086,90,603
1999-03-15T00:00:00.000+10:00,1.180,90,603
1999-03-16T00:00:00.000+10:00,1.129,90,603
1999-03-17T00:00:00.000+10:00,1.269,90,603
1999-03-18T00:00:00.000+10:00,1.344,90,603
1999-03-19T00:00:00.000+10:00,1.175,90,603
1999-03-20T00:00:00.000+10:00,1.288,90,603
1999-03-21T00:00:00.000+10:00,1.812,90,603
1999-03-22T00:00:00.000+10:00,1.351,90,603
1999-03-23T00:00:00.000+10:00,1.529,90,603
1999-03-24T00:00:00.000+10:00,1.396,90,603
1999-03-25T00:00:00.000+10:00,1.289,90,603
1999-03-26T00:00:00.000+10:00,1.235,90,603
1999-03-27T00:00:00.000+10:00,1.192,90,603
1999-03-28T00:00:00.000+10:00,1.159,90,603
1999-03-29T00:00:00.000+10:00,1.116,90,603
1999-03-30T00:00:00.000+10:00,1.071,90,603
1999-03-31T00:00:00.000+10:00,1.042,90,603
1999-04-01T00:00:00.000+10:00,1.024,90,603
1999-04-02T00:00:00.000+10:00,1.008,90,603
1999-04-03T00:00:00.000+10:00,0.997,90,603
1999-04-04T00:00:00.000+10:00,1.154,90,603
1999-04-05T00:00:00.000+10:00,1.949,90,603
1999-04-06T00:00:00.000+10:00,3.986,90,603
1999-04-07T00:00:00.000+10:00,4.518,90,603
1999-04-08T00:00:00.000+10:00,3.368,90,603
1999-04-09T00:00:00.000+10:00,2.335,90,603
1999-04-10T00:00:00.000+10:00,1.941,90,603
1999-04-11T00:00:00.000+10:00,2.675,90,603
1999-04-12T00:00:00.000+10:00,4.043,90,603
1999-04-13T00:00:00.000+10:00,5.314,90,603
1999-04-14T00:00:00.000+10:00,4.340,90,603
1999-04-15T00:00:00.000+10:00,2.638,90,603
1999-04-16T00:00:00.000+10:00,2.142,90,603
1999-04-17T00:00:00.000+10:00,1.892,90,603
1999-04-18T00:00:00.000+10:00,1.737,90,603
1999-04-19T00:00:00.000+10:00,1.626,90,603
1999-04-20T00:00:00.000+10:00,1.524,90,603
1999-04-21T00:00:00.000+10:00,1.443,90,603
1999-04-22T00:00:00.000+10:00,1.376,90,603
1999-04-23T00:00:00.000+10:00,1.317,90,603
1999-04-24T00:00:00.000+10:00,1.268,90,603
1999-04-25T00:00:00.000+10:00,1.227,90,603
1999-04-26T00:00:00.000+10:00,1.192,90,603
1999-04-27T00:00:00.000+10:00,1.158,90,603
1999-04-28T00:00:00.000+10:00,1.129,90,603
1999-04-29T00:00:00.000+10:00,1.108,90,603
1999-04-30T00:00:00.000+10:00,1.090,90,603
1999-05-01T00:00:00.000+10:00,1.067,90,603
1999-05-02T00:00:00.000+10:00,1.046,90,603
1999-05-03T00:00:00.000+10:00,1.025,90,603
1999-05-04T00:00:00.000+10:00,1.011,90,603
1999-05-05T00:00:00.000+10:00,0.999,90,603
1999-05-06T00:00:00.000+10:00,0.999,90,603
1999-05-07T00:00:00.000+10:00,1.149,90,603
1999-05-08T00:00:00.000+10:00,1.091,90,603
1999-05-09T00:00:00.000+10:00,1.092,90,603
1999-05-10T00:00:00.000+10:00,1.169,90,603
1999-05-11T00:00:00.000+10:00,1.169,90,603
1999-05-12T00:00:00.000+10:00,1.393,90,603
1999-05-13T00:00:00.000+10:00,1.423,90,603
1999-05-14T00:00:00.000+10:00,1.807,90,603
1999-05-15T00:00:00.000+10:00,1.497,90,603
1999-05-16T00:00:00.000+10:00,1.287,90,603
1999-05-17T00:00:00.000+10:00,1.163,90,603
1999-05-18T00:00:00.000+10:00,1.087,90,603
1999-05-19T00:00:00.000+10:00,1.036,90,603
1999-05-20T00:00:00.000+10:00,1.003,90,603
1999-05-21T00:00:00.000+10:00,0.984,90,603
1999-05-22T00:00:00.000+10:00,1.021,90,603
1999-05-23T00:00:00.000+10:00,1.104,90,603
1999-05-24T00:00:00.000+10:00,1.187,90,603
1999-05-25T00:00:00.000+10:00,1.361,90,603
1999-05-26T00:00:00.000+10:00,1.496,90,603
1999-05-27T00:00:00.000+10:00,1.420,90,603
1999-05-28T00:00:00.000+10:00,1.283,90,603
1999-05-29T00:00:00.000+10:00,1.182,90,603
1999-05-30T00:00:00.000+10:00,1.110,90,603
1999-05-31T00:00:00.000+10:00,1.045,90,603
1999-06-01T00:00:00.000+10:00,1.017,90,603
1999-06-02T00:00:00.000+10:00,0.993,90,603
1999-06-03T00:00:00.000+10:00,0.969,90,603
1999-06-04T00:00:00.000+10:00,0.939,90,603
1999-06-05T00:00:00.000+10:00,1.001,90,603
1999-06-06T00:00:00.000+10:00,1.811,90,603
1999-06-07T00:00:00.000+10:00,1.590,90,603
1999-06-08T00:00:00.000+10:00,1.438,90,603
1999-06-09T00:00:00.000+10:00,1.352,90,603
1999-06-10T00:00:00.000+10:00,1.404,90,603
1999-06-11T00:00:00.000+10:00,1.642,90,603
1999-06-12T00:00:00.000+10:00,1.925,90,603
1999-06-13T00:00:00.000+10:00,1.602,90,603
1999-06-14T00:00:00.000+10:00,1.394,90,603
1999-06-15T00:00:00.000+10:00,1.267,90,603
1999-06-16T00:00:00.000+10:00,1.187,90,603
1999-06-17T00:00:00.000+10:00,1.122,90,603
1999-06-18T00:00:00.000+10:00,1.074,90,603
1999-06-19T00:00:00.000+10:00,1.036,90,603
1999-06-20T00:00:00.000+10:00,1.004,90,603
1999-06-21T00:00:00.000+10:00,0.981,90,603
1999-06-22T00:00:00.000+10:00,0.962,90,603
1999-06-23T00:00:00.000+10:00,0.947,90,603
1999-06-24T00:00:00.000+10:00,0.942,90,603
1999-06-25T00:00:00.000+10:00,1.052,90,603
1999-06-26T00:00:00.000+10:00,1.668,90,603
1999-06-27T00:00:00.000+10:00,1.618,90,603
1999-06-28T00:00:00.000+10:00,1.629,90,603
1999-06-29T00:00:00.000+10:00,2.204,90,603
1999-06-30T00:00:00.000+10:00,2.237,90,603
1999-07-01T00:00:00.000+10:00,2.683,90,603
1999-07-02T00:00:00.000+10:00,3.084,90,603
1999-07-03T00:00:00.000+10:00,3.361,90,603
1999-07-04T00:00:00.000+10:00,2.549,90,603
1999-07-05T00:00:00.000+10:00,1.962,90,603
1999-07-06T00:00:00.000+10:00,1.709,90,603
1999-07-07T00:00:00.000+10:00,1.580,90,603
1999-07-08T00:00:00.000+10:00,1.476,90,603
1999-07-09T00:00:00.000+10:00,1.403,90,603
1999-07-10T00:00:00.000+10:00,1.458,90,603
1999-07-11T00:00:00.000+10:00,1.482,90,603
1999-07-12T00:00:00.000+10:00,1.594,90,603
1999-07-13T00:00:00.000+10:00,1.519,90,603
1999-07-14T00:00:00.000+10:00,1.640,90,603
1999-07-15T00:00:00.000+10:00,3.951,90,603
1999-07-16T00:00:00.000+10:00,6.343,90,603
1999-07-17T00:00:00.000+10:00,8.816,90,603
1999-07-18T00:00:00.000+10:00,8.399,90,603
1999-07-19T00:00:00.000+10:00,5.166,90,603
1999-07-20T00:00:00.000+10:00,2.899,90,603
1999-07-21T00:00:00.000+10:00,2.383,90,603
1999-07-22T00:00:00.000+10:00,2.114,90,603
1999-07-23T00:00:00.000+10:00,1.923,90,603
1999-07-24T00:00:00.000+10:00,1.782,90,603
1999-07-25T00:00:00.000+10:00,1.676,90,603
1999-07-26T00:00:00.000+10:00,1.606,90,603
1999-07-27T00:00:00.000+10:00,1.785,90,603
1999-07-28T00:00:00.000+10:00,2.092,90,603
1999-07-29T00:00:00.000+10:00,1.888,90,603
1999-07-30T00:00:00.000+10:00,1.717,90,603
1999-07-31T00:00:00.000+10:00,1.600,90,603
1999-08-01T00:00:00.000+10:00,1.512,90,603
1999-08-02T00:00:00.000+10:00,1.463,90,603
1999-08-03T00:00:00.000+10:00,1.413,90,603
1999-08-04T00:00:00.000+10:00,1.365,90,603
1999-08-05T00:00:00.000+10:00,1.338,90,603
1999-08-06T00:00:00.000+10:00,1.278,90,603
1999-08-07T00:00:00.000+10:00,1.230,90,603
1999-08-08T00:00:00.000+10:00,1.190,90,603
1999-08-09T00:00:00.000+10:00,1.160,90,603
1999-08-10T00:00:00.000+10:00,1.134,90,603
1999-08-11T00:00:00.000+10:00,1.112,90,603
1999-08-12T00:00:00.000+10:00,1.087,90,603
1999-08-13T00:00:00.000+10:00,1.080,90,603
1999-08-14T00:00:00.000+10:00,1.084,90,603
1999-08-15T00:00:00.000+10:00,1.079,90,603
1999-08-16T00:00:00.000+10:00,1.066,90,603
1999-08-17T00:00:00.000+10:00,1.036,90,603
1999-08-18T00:00:00.000+10:00,1.036,90,603
1999-08-19T00:00:00.000+10:00,1.013,90,603
1999-08-20T00:00:00.000+10:00,0.988,90,603
1999-08-21T00:00:00.000+10:00,0.990,90,603
1999-08-22T00:00:00.000+10:00,0.981,90,603
1999-08-23T00:00:00.000+10:00,0.972,90,603
1999-08-24T00:00:00.000+10:00,0.971,90,603
1999-08-25T00:00:00.000+10:00,0.971,90,603
1999-08-26T00:00:00.000+10:00,0.971,90,603
1999-08-27T00:00:00.000+10:00,0.975,90,603
1999-08-28T00:00:00.000+10:00,1.005,90,603
1999-08-29T00:00:00.000+10:00,1.217,90,603
1999-08-30T00:00:00.000+10:00,2.435,90,603
1999-08-31T00:00:00.000+10:00,2.317,90,603
1999-09-01T00:00:00.000+10:00,2.051,90,603
1999-09-02T00:00:00.000+10:00,1.668,90,603
1999-09-03T00:00:00.000+10:00,1.481,90,603
1999-09-04T00:00:00.000+10:00,1.407,90,603
1999-09-05T00:00:00.000+10:00,1.313,90,603
1999-09-06T00:00:00.000+10:00,1.252,90,603
1999-09-07T00:00:00.000+10:00,1.192,90,603
1999-09-08T00:00:00.000+10:00,1.128,90,603
1999-09-09T00:00:00.000+10:00,1.090,90,603
1999-09-10T00:00:00.000+10:00,1.070,90,603
1999-09-11T00:00:00.000+10:00,1.059,90,603
1999-09-12T00:00:00.000+10:00,1.043,90,603
1999-09-13T00:00:00.000+10:00,1.030,90,603
1999-09-14T00:00:00.000+10:00,1.013,90,603
1999-09-15T00:00:00.000+10:00,0.990,90,603
1999-09-16T00:00:00.000+10:00,0.971,90,603
1999-09-17T00:00:00.000+10:00,0.957,90,603
1999-09-18T00:00:00.000+10:00,0.940,90,603
1999-09-19T00:00:00.000+10:00,0.925,90,603
1999-09-20T00:00:00.000+10:00,0.909,90,603
1999-09-21T00:00:00.000+10:00,0.900,90,603
1999-09-22T00:00:00.000+10:00,0.892,90,603
1999-09-23T00:00:00.000+10:00,0.885,90,603
1999-09-24T00:00:00.000+10:00,0.884,90,603
1999-09-25T00:00:00.000+10:00,0.849,90,603
1999-09-26T00:00:00.000+10:00,0.885,90,603
1999-09-27T00:00:00.000+10:00,0.902,90,603
1999-09-28T00:00:00.000+10:00,0.860,90,603
1999-09-29T00:00:00.000+10:00,0.915,90,603
1999-09-30T00:00:00.000+10:00,1.099,90,603
1999-10-01T00:00:00.000+10:00,1.310,90,603
1999-10-02T00:00:00.000+10:00,1.281,90,603
1999-10-03T00:00:00.000+10:00,1.234,90,603
1999-10-04T00:00:00.000+10:00,1.179,90,603
1999-10-05T00:00:00.000+10:00,1.226,90,603
1999-10-06T00:00:00.000+10:00,1.262,90,603
1999-10-07T00:00:00.000+10:00,1.245,90,603
1999-10-08T00:00:00.000+10:00,1.156,90,603
1999-10-09T00:00:00.000+10:00,1.087,90,603
1999-10-10T00:00:00.000+10:00,0.988,90,603
1999-10-11T00:00:00.000+10:00,0.931,90,603
1999-10-12T00:00:00.000+10:00,0.901,90,603
1999-10-13T00:00:00.000+10:00,0.916,90,603
1999-10-14T00:00:00.000+10:00,0.953,90,603
1999-10-15T00:00:00.000+10:00,0.970,90,603
1999-10-16T00:00:00.000+10:00,0.975,90,603
1999-10-17T00:00:00.000+10:00,0.942,90,603
1999-10-18T00:00:00.000+10:00,0.951,90,603
1999-10-19T00:00:00.000+10:00,0.961,90,603
1999-10-20T00:00:00.000+10:00,0.960,90,603
1999-10-21T00:00:00.000+10:00,0.949,90,603
1999-10-22T00:00:00.000+10:00,0.935,90,603
1999-10-23T00:00:00.000+10:00,0.938,90,603
1999-10-24T00:00:00.000+10:00,0.946,90,603
1999-10-25T00:00:00.000+10:00,0.901,90,603
1999-10-26T00:00:00.000+10:00,0.905,90,603
1999-10-27T00:00:00.000+10:00,0.912,90,603
1999-10-28T00:00:00.000+10:00,0.947,90,603
1999-10-29T00:00:00.000+10:00,0.942,90,603
1999-10-30T00:00:00.000+10:00,0.927,90,603
1999-10-31T00:00:00.000+10:00,0.905,90,603
1999-11-01T00:00:00.000+10:00,0.857,90,603
1999-11-02T00:00:00.000+10:00,0.736,90,603
1999-11-03T00:00:00.000+10:00,0.616,90,603
1999-11-04T00:00:00.000+10:00,0.769,90,603
1999-11-05T00:00:00.000+10:00,0.805,90,603
1999-11-06T00:00:00.000+10:00,0.838,90,603
1999-11-07T00:00:00.000+10:00,0.782,90,603
1999-11-08T00:00:00.000+10:00,0.681,90,603
1999-11-09T00:00:00.000+10:00,0.766,90,603
1999-11-10T00:00:00.000+10:00,0.797,90,603
1999-11-11T00:00:00.000+10:00,0.855,90,603
1999-11-12T00:00:00.000+10:00,0.772,90,603
1999-11-13T00:00:00.000+10:00,1.016,90,603
1999-11-14T00:00:00.000+10:00,0.987,90,603
1999-11-15T00:00:00.000+10:00,0.920,90,603
1999-11-16T00:00:00.000+10:00,0.790,90,603
1999-11-17T00:00:00.000+10:00,0.725,90,603
1999-11-18T00:00:00.000+10:00,0.689,90,603
1999-11-19T00:00:00.000+10:00,0.799,90,603
1999-11-20T00:00:00.000+10:00,0.811,90,603
1999-11-21T00:00:00.000+10:00,0.803,90,603
1999-11-22T00:00:00.000+10:00,0.803,90,603
1999-11-23T00:00:00.000+10:00,0.799,90,603
1999-11-24T00:00:00.000+10:00,0.783,90,603
1999-11-25T00:00:00.000+10:00,0.798,90,603
1999-11-26T00:00:00.000+10:00,0.734,90,603
1999-11-27T00:00:00.000+10:00,0.670,90,603
1999-11-28T00:00:00.000+10:00,0.617,90,603
1999-11-29T00:00:00.000+10:00,0.665,90,603
1999-11-30T00:00:00.000+10:00,0.830,90,603
1999-12-01T00:00:00.000+10:00,0.861,90,603
1999-12-02T00:00:00.000+10:00,0.898,90,603
1999-12-03T00:00:00.000+10:00,0.879,90,603
1999-12-04T00:00:00.000+10:00,0.779,90,603
1999-12-05T00:00:00.000+10:00,0.739,90,603
1999-12-06T00:00:00.000+10:00,0.694,90,603
1999-12-07T00:00:00.000+10:00,0.645,90,603
1999-12-08T00:00:00.000+10:00,0.582,90,603
1999-12-09T00:00:00.000+10:00,0.585,90,603
1999-12-10T00:00:00.000+10:00,0.582,90,603
1999-12-11T00:00:00.000+10:00,0.430,90,603
1999-12-12T00:00:00.000+10:00,0.539,90,603
1999-12-13T00:00:00.000+10:00,0.596,90,603
1999-12-14T00:00:00.000+10:00,0.649,90,603
1999-12-15T00:00:00.000+10:00,0.662,90,603
1999-12-16T00:00:00.000+10:00,0.610,90,603
1999-12-17T00:00:00.000+10:00,0.601,90,603
1999-12-18T00:00:00.000+10:00,0.610,90,603
1999-12-19T00:00:00.000+10:00,0.585,90,603
1999-12-20T00:00:00.000+10:00,0.642,90,603
1999-12-21T00:00:00.000+10:00,0.739,90,603
1999-12-22T00:00:00.000+10:00,0.710,90,603
1999-12-23T00:00:00.000+10:00,0.696,90,603
1999-12-24T00:00:00.000+10:00,0.656,90,603
1999-12-25T00:00:00.000+10:00,0.620,90,603
1999-12-26T00:00:00.000+10:00,0.442,90,603
1999-12-27T00:00:00.000+10:00,0.566,90,603
1999-12-28T00:00:00.000+10:00,0.673,90,603
1999-12-29T00:00:00.000+10:00,0.662,90,603
1999-12-30T00:00:00.000+10:00,0.736,90,603
1999-12-31T00:00:00.000+10:00,0.767,90,603
2000-01-01T00:00:00.000+10:00,0.793,90,603
2000-01-02T00:00:00.000+10:00,0.818,90,603
2000-01-03T00:00:00.000+10:00,0.853,90,603
2000-01-04T00:00:00.000+10:00,0.877,90,603
2000-01-05T00:00:00.000+10:00,0.853,90,603
2000-01-06T00:00:00.000+10:00,0.836,90,603
2000-01-07T00:00:00.000+10:00,0.817,90,603
2000-01-08T00:00:00.000+10:00,0.783,90,603
2000-01-09T00:00:00.000+10:00,0.743,90,603
2000-01-10T00:00:00.000+10:00,0.719,90,603
2000-01-11T00:00:00.000+10:00,0.665,90,603
2000-01-12T00:00:00.000+10:00,0.669,90,603
2000-01-13T00:00:00.000+10:00,0.673,90,603
2000-01-14T00:00:00.000+10:00,0.721,90,603
2000-01-15T00:00:00.000+10:00,0.761,90,603
2000-01-16T00:00:00.000+10:00,1.449,90,603
2000-01-17T00:00:00.000+10:00,1.807,90,603
2000-01-18T00:00:00.000+10:00,1.468,90,603
2000-01-19T00:00:00.000+10:00,1.329,90,603
2000-01-20T00:00:00.000+10:00,1.192,90,603
2000-01-21T00:00:00.000+10:00,1.156,90,603
2000-01-22T00:00:00.000+10:00,1.060,90,603
2000-01-23T00:00:00.000+10:00,0.992,90,603
2000-01-24T00:00:00.000+10:00,0.942,90,603
2000-01-25T00:00:00.000+10:00,0.905,90,603
2000-01-26T00:00:00.000+10:00,0.856,90,603
2000-01-27T00:00:00.000+10:00,0.830,90,603
2000-01-28T00:00:00.000+10:00,0.821,90,603
2000-01-29T00:00:00.000+10:00,0.806,90,603
2000-01-30T00:00:00.000+10:00,0.797,90,603
2000-01-31T00:00:00.000+10:00,0.790,90,603
2000-02-01T00:00:00.000+10:00,0.789,90,603
2000-02-02T00:00:00.000+10:00,0.799,90,603
2000-02-03T00:00:00.000+10:00,0.800,90,603
2000-02-04T00:00:00.000+10:00,0.805,90,603
2000-02-05T00:00:00.000+10:00,0.805,90,603
2000-02-06T00:00:00.000+10:00,0.805,90,603
2000-02-07T00:00:00.000+10:00,0.796,90,603
2000-02-08T00:00:00.000+10:00,0.785,90,603
2000-02-09T00:00:00.000+10:00,0.765,90,603
2000-02-10T00:00:00.000+10:00,0.748,90,603
2000-02-11T00:00:00.000+10:00,0.735,90,603
2000-02-12T00:00:00.000+10:00,0.678,90,603
2000-02-13T00:00:00.000+10:00,0.657,90,603
2000-02-14T00:00:00.000+10:00,0.671,90,603
2000-02-15T00:00:00.000+10:00,0.693,90,603
2000-02-16T00:00:00.000+10:00,0.763,90,603
2000-02-17T00:00:00.000+10:00,0.851,90,603
2000-02-18T00:00:00.000+10:00,0.844,90,603
2000-02-19T00:00:00.000+10:00,0.829,90,603
2000-02-20T00:00:00.000+10:00,0.812,90,603
2000-02-21T00:00:00.000+10:00,0.797,90,603
2000-02-22T00:00:00.000+10:00,0.788,90,603
2000-02-23T00:00:00.000+10:00,0.780,90,603
2000-02-24T00:00:00.000+10:00,0.776,90,603
2000-02-25T00:00:00.000+10:00,0.774,90,603
2000-02-26T00:00:00.000+10:00,0.771,90,603
2000-02-27T00:00:00.000+10:00,0.762,90,603
2000-02-28T00:00:00.000+10:00,0.752,90,603
2000-02-29T00:00:00.000+10:00,0.713,90,603
2000-03-01T00:00:00.000+10:00,0.683,90,603
2000-03-02T00:00:00.000+10:00,0.676,90,603
2000-03-03T00:00:00.000+10:00,0.665,90,603
2000-03-04T00:00:00.000+10:00,0.642,90,603
2000-03-05T00:00:00.000+10:00,0.631,90,603
2000-03-06T00:00:00.000+10:00,0.581,90,603
2000-03-07T00:00:00.000+10:00,0.580,90,603
2000-03-08T00:00:00.000+10:00,0.590,90,603
2000-03-09T00:00:00.000+10:00,0.594,90,603
2000-03-10T00:00:00.000+10:00,0.610,90,603
2000-03-11T00:00:00.000+10:00,0.600,90,603
2000-03-12T00:00:00.000+10:00,0.629,90,603
2000-03-13T00:00:00.000+10:00,0.789,90,603
2000-03-14T00:00:00.000+10:00,0.788,90,603
2000-03-15T00:00:00.000+10:00,0.771,90,603
2000-03-16T00:00:00.000+10:00,0.760,90,603
2000-03-17T00:00:00.000+10:00,0.757,90,603
2000-03-18T00:00:00.000+10:00,0.741,90,603
2000-03-19T00:00:00.000+10:00,0.725,90,603
2000-03-20T00:00:00.000+10:00,0.712,90,603
2000-03-21T00:00:00.000+10:00,0.722,90,603
2000-03-22T00:00:00.000+10:00,0.720,90,603
2000-03-23T00:00:00.000+10:00,0.738,90,603
2000-03-24T00:00:00.000+10:00,0.806,90,603
2000-03-25T00:00:00.000+10:00,0.902,90,603
2000-03-26T00:00:00.000+10:00,0.954,90,603
2000-03-27T00:00:00.000+10:00,1.047,90,603
2000-03-28T00:00:00.000+10:00,0.991,90,603
2000-03-29T00:00:00.000+10:00,0.927,90,603
2000-03-30T00:00:00.000+10:00,0.922,90,603
2000-03-31T00:00:00.000+10:00,0.911,90,603
2000-04-01T00:00:00.000+10:00,0.883,90,603
2000-04-02T00:00:00.000+10:00,0.863,90,603
2000-04-03T00:00:00.000+10:00,0.844,90,603
2000-04-04T00:00:00.000+10:00,0.829,90,603
2000-04-05T00:00:00.000+10:00,0.817,90,603
2000-04-06T00:00:00.000+10:00,0.805,90,603
2000-04-07T00:00:00.000+10:00,0.794,90,603
2000-04-08T00:00:00.000+10:00,0.788,90,603
2000-04-09T00:00:00.000+10:00,0.999,90,603
2000-04-10T00:00:00.000+10:00,1.051,90,603
2000-04-11T00:00:00.000+10:00,0.993,90,603
2000-04-12T00:00:00.000+10:00,0.962,90,603
2000-04-13T00:00:00.000+10:00,0.936,90,603
2000-04-14T00:00:00.000+10:00,0.916,90,603
2000-04-15T00:00:00.000+10:00,0.894,90,603
2000-04-16T00:00:00.000+10:00,0.881,90,603
2000-04-17T00:00:00.000+10:00,0.879,90,603
2000-04-18T00:00:00.000+10:00,0.872,90,603
2000-04-19T00:00:00.000+10:00,0.852,90,603
2000-04-20T00:00:00.000+10:00,0.839,90,603
2000-04-21T00:00:00.000+10:00,0.795,90,603
2000-04-22T00:00:00.000+10:00,0.747,90,603
2000-04-23T00:00:00.000+10:00,0.735,90,603
2000-04-24T00:00:00.000+10:00,0.729,90,603
2000-04-25T00:00:00.000+10:00,0.696,90,603
2000-04-26T00:00:00.000+10:00,0.686,90,603
2000-04-27T00:00:00.000+10:00,0.697,90,603
2000-04-28T00:00:00.000+10:00,0.708,90,603
2000-04-29T00:00:00.000+10:00,0.721,90,603
2000-04-30T00:00:00.000+10:00,0.742,90,603
2000-05-01T00:00:00.000+10:00,0.812,90,603
2000-05-02T00:00:00.000+10:00,0.990,90,603
2000-05-03T00:00:00.000+10:00,1.853,90,603
2000-05-04T00:00:00.000+10:00,3.508,90,603
2000-05-05T00:00:00.000+10:00,3.197,90,603
2000-05-06T00:00:00.000+10:00,2.188,90,603
2000-05-07T00:00:00.000+10:00,1.765,90,603
2000-05-08T00:00:00.000+10:00,1.544,90,603
2000-05-09T00:00:00.000+10:00,1.394,90,603
2000-05-10T00:00:00.000+10:00,1.287,90,603
2000-05-11T00:00:00.000+10:00,1.215,90,603
2000-05-12T00:00:00.000+10:00,1.161,90,603
2000-05-13T00:00:00.000+10:00,1.116,90,603
2000-05-14T00:00:00.000+10:00,1.082,90,603
2000-05-15T00:00:00.000+10:00,1.048,90,603
2000-05-16T00:00:00.000+10:00,1.018,90,603
2000-05-17T00:00:00.000+10:00,0.994,90,603
2000-05-18T00:00:00.000+10:00,0.970,90,603
2000-05-19T00:00:00.000+10:00,0.952,90,603
2000-05-20T00:00:00.000+10:00,0.934,90,603
2000-05-21T00:00:00.000+10:00,0.922,90,603
2000-05-22T00:00:00.000+10:00,0.912,90,603
2000-05-23T00:00:00.000+10:00,0.903,90,603
2000-05-24T00:00:00.000+10:00,0.892,90,603
2000-05-25T00:00:00.000+10:00,0.891,90,603
2000-05-26T00:00:00.000+10:00,0.895,90,603
2000-05-27T00:00:00.000+10:00,0.899,90,603
2000-05-28T00:00:00.000+10:00,0.899,90,603
2000-05-29T00:00:00.000+10:00,0.897,90,603
2000-05-30T00:00:00.000+10:00,0.885,90,603
2000-05-31T00:00:00.000+10:00,0.870,90,603
2000-06-01T00:00:00.000+10:00,0.855,90,603
2000-06-02T00:00:00.000+10:00,0.842,90,603
2000-06-03T00:00:00.000+10:00,0.834,90,603
2000-06-04T00:00:00.000+10:00,0.820,90,603
2000-06-05T00:00:00.000+10:00,0.811,90,603
2000-06-06T00:00:00.000+10:00,0.803,90,603
2000-06-07T00:00:00.000+10:00,0.768,90,603
2000-06-08T00:00:00.000+10:00,0.758,90,603
2000-06-09T00:00:00.000+10:00,0.751,90,603
2000-06-10T00:00:00.000+10:00,0.747,90,603
2000-06-11T00:00:00.000+10:00,0.744,90,603
2000-06-12T00:00:00.000+10:00,0.742,90,603
2000-06-13T00:00:00.000+10:00,0.739,90,603
2000-06-14T00:00:00.000+10:00,0.740,90,603
2000-06-15T00:00:00.000+10:00,0.802,90,603
2000-06-16T00:00:00.000+10:00,0.822,90,603
2000-06-17T00:00:00.000+10:00,0.810,90,603
2000-06-18T00:00:00.000+10:00,0.790,90,603
2000-06-19T00:00:00.000+10:00,0.784,90,603
2000-06-20T00:00:00.000+10:00,0.775,90,603
2000-06-21T00:00:00.000+10:00,0.769,90,603
2000-06-22T00:00:00.000+10:00,0.761,90,603
2000-06-23T00:00:00.000+10:00,0.753,90,603
2000-06-24T00:00:00.000+10:00,0.753,90,603
2000-06-25T00:00:00.000+10:00,0.686,90,603
2000-06-26T00:00:00.000+10:00,0.689,90,603
2000-06-27T00:00:00.000+10:00,0.689,90,603
2000-06-28T00:00:00.000+10:00,0.673,90,603
2000-06-29T00:00:00.000+10:00,0.661,90,603
2000-06-30T00:00:00.000+10:00,0.656,90,603
2000-07-01T00:00:00.000+10:00,0.647,90,603
2000-07-02T00:00:00.000+10:00,0.642,90,603
2000-07-03T00:00:00.000+10:00,0.639,90,603
2000-07-04T00:00:00.000+10:00,0.627,90,603
2000-07-05T00:00:00.000+10:00,0.622,90,603
2000-07-06T00:00:00.000+10:00,0.651,90,603
2000-07-07T00:00:00.000+10:00,0.651,90,603
2000-07-08T00:00:00.000+10:00,0.643,90,603
2000-07-09T00:00:00.000+10:00,0.628,90,603
2000-07-10T00:00:00.000+10:00,0.621,90,603
2000-07-11T00:00:00.000+10:00,0.620,90,603
2000-07-12T00:00:00.000+10:00,0.611,90,603
2000-07-13T00:00:00.000+10:00,0.610,90,603
2000-07-14T00:00:00.000+10:00,0.638,90,603
2000-07-15T00:00:00.000+10:00,0.629,90,603
2000-07-16T00:00:00.000+10:00,0.599,90,603
2000-07-17T00:00:00.000+10:00,0.589,90,603
2000-07-18T00:00:00.000+10:00,0.529,90,603
2000-07-19T00:00:00.000+10:00,0.506,90,603
2000-07-20T00:00:00.000+10:00,0.528,90,603
2000-07-21T00:00:00.000+10:00,0.528,90,603
2000-07-22T00:00:00.000+10:00,0.528,90,603
2000-07-23T00:00:00.000+10:00,0.525,90,603
2000-07-24T00:00:00.000+10:00,0.510,90,603
2000-07-25T00:00:00.000+10:00,0.511,90,603
2000-07-26T00:00:00.000+10:00,0.510,90,603
2000-07-27T00:00:00.000+10:00,0.472,90,603
2000-07-28T00:00:00.000+10:00,0.424,90,603
2000-07-29T00:00:00.000+10:00,0.466,90,603
2000-07-30T00:00:00.000+10:00,0.473,90,603
2000-07-31T00:00:00.000+10:00,0.453,90,603
2000-08-01T00:00:00.000+10:00,0.446,90,603
2000-08-02T00:00:00.000+10:00,0.441,90,603
2000-08-03T00:00:00.000+10:00,0.439,90,603
2000-08-04T00:00:00.000+10:00,0.439,90,603
2000-08-05T00:00:00.000+10:00,0.439,90,603
2000-08-06T00:00:00.000+10:00,0.438,90,603
2000-08-07T00:00:00.000+10:00,0.438,90,603
2000-08-08T00:00:00.000+10:00,0.464,90,603
2000-08-09T00:00:00.000+10:00,0.494,90,603
2000-08-10T00:00:00.000+10:00,0.502,90,603
2000-08-11T00:00:00.000+10:00,0.518,90,603
2000-08-12T00:00:00.000+10:00,0.483,90,603
2000-08-13T00:00:00.000+10:00,0.499,90,603
2000-08-14T00:00:00.000+10:00,0.471,90,603
2000-08-15T00:00:00.000+10:00,0.426,90,603
2000-08-16T00:00:00.000+10:00,0.442,90,603
2000-08-17T00:00:00.000+10:00,0.443,90,603
2000-08-18T00:00:00.000+10:00,0.438,90,603
2000-08-19T00:00:00.000+10:00,0.420,90,603
2000-08-20T00:00:00.000+10:00,0.416,90,603
2000-08-21T00:00:00.000+10:00,0.402,90,603
2000-08-22T00:00:00.000+10:00,0.383,90,603
2000-08-23T00:00:00.000+10:00,0.380,90,603
2000-08-24T00:00:00.000+10:00,0.379,90,603
2000-08-25T00:00:00.000+10:00,0.378,90,603
2000-08-26T00:00:00.000+10:00,0.371,90,603
2000-08-27T00:00:00.000+10:00,0.360,90,603
2000-08-28T00:00:00.000+10:00,0.357,90,603
2000-08-29T00:00:00.000+10:00,0.352,90,603
2000-08-30T00:00:00.000+10:00,0.347,90,603
2000-08-31T00:00:00.000+10:00,0.339,90,603
2000-09-01T00:00:00.000+10:00,0.334,90,603
2000-09-02T00:00:00.000+10:00,0.333,90,603
2000-09-03T00:00:00.000+10:00,0.312,90,603
2000-09-04T00:00:00.000+10:00,0.296,90,603
2000-09-05T00:00:00.000+10:00,0.305,90,603
2000-09-06T00:00:00.000+10:00,0.309,90,603
2000-09-07T00:00:00.000+10:00,0.303,90,603
2000-09-08T00:00:00.000+10:00,0.296,90,603
2000-09-09T00:00:00.000+10:00,0.295,90,603
2000-09-10T00:00:00.000+10:00,0.288,90,603
2000-09-11T00:00:00.000+10:00,0.282,90,603
2000-09-12T00:00:00.000+10:00,0.277,90,603
2000-09-13T00:00:00.000+10:00,0.275,90,603
2000-09-14T00:00:00.000+10:00,0.275,90,603
2000-09-15T00:00:00.000+10:00,0.274,90,603
2000-09-16T00:00:00.000+10:00,0.273,90,603
2000-09-17T00:00:00.000+10:00,0.272,90,603
2000-09-18T00:00:00.000+10:00,0.269,90,603
2000-09-19T00:00:00.000+10:00,0.267,90,603
2000-09-20T00:00:00.000+10:00,0.266,90,603
2000-09-21T00:00:00.000+10:00,0.266,90,603
2000-09-22T00:00:00.000+10:00,0.266,90,603
2000-09-23T00:00:00.000+10:00,0.266,90,603
2000-09-24T00:00:00.000+10:00,0.262,90,603
2000-09-25T00:00:00.000+10:00,0.260,90,603
2000-09-26T00:00:00.000+10:00,0.257,90,603
2000-09-27T00:00:00.000+10:00,0.253,90,603
2000-09-28T00:00:00.000+10:00,0.251,90,603
2000-09-29T00:00:00.000+10:00,0.251,90,603
2000-09-30T00:00:00.000+10:00,0.251,90,603
2000-10-01T00:00:00.000+10:00,0.250,90,603
2000-10-02T00:00:00.000+10:00,0.249,90,603
2000-10-03T00:00:00.000+10:00,0.246,90,603
2000-10-04T00:00:00.000+10:00,0.246,90,603
2000-10-05T00:00:00.000+10:00,0.244,90,603
2000-10-06T00:00:00.000+10:00,0.243,90,603
2000-10-07T00:00:00.000+10:00,0.241,90,603
2000-10-08T00:00:00.000+10:00,0.237,90,603
2000-10-09T00:00:00.000+10:00,0.235,90,603
2000-10-10T00:00:00.000+10:00,0.234,90,603
2000-10-11T00:00:00.000+10:00,0.234,90,603
2000-10-12T00:00:00.000+10:00,0.234,90,603
2000-10-13T00:00:00.000+10:00,0.234,90,603
2000-10-14T00:00:00.000+10:00,0.232,90,603
2000-10-15T00:00:00.000+10:00,0.231,90,603
2000-10-16T00:00:00.000+10:00,0.229,90,603
2000-10-17T00:00:00.000+10:00,0.225,90,603
2000-10-18T00:00:00.000+10:00,0.225,90,603
2000-10-19T00:00:00.000+10:00,0.225,90,603
2000-10-20T00:00:00.000+10:00,0.225,90,603
2000-10-21T00:00:00.000+10:00,0.225,90,603
2000-10-22T00:00:00.000+10:00,0.225,90,603
2000-10-23T00:00:00.000+10:00,0.225,90,603
2000-10-24T00:00:00.000+10:00,0.225,90,603
2000-10-25T00:00:00.000+10:00,0.230,90,603
2000-10-26T00:00:00.000+10:00,0.253,90,603
2000-10-27T00:00:00.000+10:00,0.261,90,603
2000-10-28T00:00:00.000+10:00,0.249,90,603
2000-10-29T00:00:00.000+10:00,0.244,90,603
2000-10-30T00:00:00.000+10:00,0.237,90,603
2000-10-31T00:00:00.000+10:00,0.237,90,603
2000-11-01T00:00:00.000+10:00,0.238,90,603
2000-11-02T00:00:00.000+10:00,0.238,90,603
2000-11-03T00:00:00.000+10:00,0.238,90,603
2000-11-04T00:00:00.000+10:00,0.244,90,603
2000-11-05T00:00:00.000+10:00,0.247,90,603
2000-11-06T00:00:00.000+10:00,0.294,90,603
2000-11-07T00:00:00.000+10:00,0.425,90,603
2000-11-08T00:00:00.000+10:00,0.395,90,603
2000-11-09T00:00:00.000+10:00,0.459,90,603
2000-11-10T00:00:00.000+10:00,0.443,90,603
2000-11-11T00:00:00.000+10:00,0.444,90,603
2000-11-12T00:00:00.000+10:00,0.414,90,603
2000-11-13T00:00:00.000+10:00,0.404,90,603
2000-11-14T00:00:00.000+10:00,0.410,90,603
2000-11-15T00:00:00.000+10:00,0.541,90,603
2000-11-16T00:00:00.000+10:00,1.614,90,603
2000-11-17T00:00:00.000+10:00,3.152,90,603
2000-11-18T00:00:00.000+10:00,2.680,90,603
2000-11-19T00:00:00.000+10:00,1.992,90,603
2000-11-20T00:00:00.000+10:00,2.425,90,603
2000-11-21T00:00:00.000+10:00,2.268,90,603
2000-11-22T00:00:00.000+10:00,1.857,90,603
2000-11-23T00:00:00.000+10:00,1.590,90,603
2000-11-24T00:00:00.000+10:00,1.425,90,603
2000-11-25T00:00:00.000+10:00,1.310,90,603
2000-11-26T00:00:00.000+10:00,1.220,90,603
2000-11-27T00:00:00.000+10:00,1.148,90,603
2000-11-28T00:00:00.000+10:00,1.100,90,603
2000-11-29T00:00:00.000+10:00,1.061,90,603
2000-11-30T00:00:00.000+10:00,1.041,90,603
2000-12-01T00:00:00.000+10:00,1.073,90,603
2000-12-02T00:00:00.000+10:00,1.025,90,603
2000-12-03T00:00:00.000+10:00,0.976,90,603
2000-12-04T00:00:00.000+10:00,0.951,90,603
2000-12-05T00:00:00.000+10:00,0.934,90,603
2000-12-06T00:00:00.000+10:00,0.906,90,603
2000-12-07T00:00:00.000+10:00,0.884,90,603
2000-12-08T00:00:00.000+10:00,0.955,90,603
2000-12-09T00:00:00.000+10:00,0.846,90,603
2000-12-10T00:00:00.000+10:00,0.867,90,603
2000-12-11T00:00:00.000+10:00,0.891,90,603
2000-12-12T00:00:00.000+10:00,0.818,90,603
2000-12-13T00:00:00.000+10:00,0.747,90,603
2000-12-14T00:00:00.000+10:00,0.732,90,603
2000-12-15T00:00:00.000+10:00,0.784,90,603
2000-12-16T00:00:00.000+10:00,1.181,90,603
2000-12-17T00:00:00.000+10:00,1.189,90,603
2000-12-18T00:00:00.000+10:00,1.100,90,603
2000-12-19T00:00:00.000+10:00,1.058,90,603
2000-12-20T00:00:00.000+10:00,0.951,90,603
2000-12-21T00:00:00.000+10:00,0.893,90,603
2000-12-22T00:00:00.000+10:00,0.866,90,603
2000-12-23T00:00:00.000+10:00,0.748,90,603
2000-12-24T00:00:00.000+10:00,0.630,90,603
2000-12-25T00:00:00.000+10:00,0.680,90,603
2000-12-26T00:00:00.000+10:00,0.658,90,603
2000-12-27T00:00:00.000+10:00,0.632,90,603
2000-12-28T00:00:00.000+10:00,0.581,90,603
2000-12-29T00:00:00.000+10:00,0.649,90,603
2000-12-30T00:00:00.000+10:00,0.748,90,603
2000-12-31T00:00:00.000+10:00,0.786,90,603
2001-01-01T00:00:00.000+10:00,0.944,90,603
2001-01-02T00:00:00.000+10:00,0.949,90,603
2001-01-03T00:00:00.000+10:00,0.866,90,603
2001-01-04T00:00:00.000+10:00,0.825,90,603
2001-01-05T00:00:00.000+10:00,0.749,90,603
2001-01-06T00:00:00.000+10:00,0.672,90,603
2001-01-07T00:00:00.000+10:00,0.664,90,603
2001-01-08T00:00:00.000+10:00,0.645,90,603
2001-01-09T00:00:00.000+10:00,0.611,90,603
2001-01-10T00:00:00.000+10:00,0.569,90,603
2001-01-11T00:00:00.000+10:00,0.580,90,603
2001-01-12T00:00:00.000+10:00,0.527,90,603
2001-01-13T00:00:00.000+10:00,0.550,90,603
2001-01-14T00:00:00.000+10:00,0.526,90,603
2001-01-15T00:00:00.000+10:00,0.519,90,603
2001-01-16T00:00:00.000+10:00,0.495,90,603
2001-01-17T00:00:00.000+10:00,0.581,90,603
2001-01-18T00:00:00.000+10:00,0.532,90,603
2001-01-19T00:00:00.000+10:00,0.467,90,603
2001-01-20T00:00:00.000+10:00,0.676,90,603
2001-01-21T00:00:00.000+10:00,0.733,90,603
2001-01-22T00:00:00.000+10:00,0.773,90,603
2001-01-23T00:00:00.000+10:00,0.778,90,603
2001-01-24T00:00:00.000+10:00,0.779,90,603
2001-01-25T00:00:00.000+10:00,0.786,90,603
2001-01-26T00:00:00.000+10:00,0.782,90,603
2001-01-27T00:00:00.000+10:00,0.715,90,603
2001-01-28T00:00:00.000+10:00,0.577,90,603
2001-01-29T00:00:00.000+10:00,0.671,90,603
2001-01-30T00:00:00.000+10:00,0.756,90,603
2001-01-31T00:00:00.000+10:00,0.930,90,603
2001-02-01T00:00:00.000+10:00,4.071,90,603
2001-02-02T00:00:00.000+10:00,9.903,90,603
2001-02-03T00:00:00.000+10:00,14.260,90,603
2001-02-04T00:00:00.000+10:00,15.414,90,603
2001-02-05T00:00:00.000+10:00,11.970,90,603
2001-02-06T00:00:00.000+10:00,7.771,90,603
2001-02-07T00:00:00.000+10:00,4.121,90,603
2001-02-08T00:00:00.000+10:00,2.710,90,603
2001-02-09T00:00:00.000+10:00,2.342,90,603
2001-02-10T00:00:00.000+10:00,2.087,90,603
2001-02-11T00:00:00.000+10:00,1.892,90,603
2001-02-12T00:00:00.000+10:00,1.746,90,603
2001-02-13T00:00:00.000+10:00,1.631,90,603
2001-02-14T00:00:00.000+10:00,1.538,90,603
2001-02-15T00:00:00.000+10:00,1.458,90,603
2001-02-16T00:00:00.000+10:00,1.391,90,603
2001-02-17T00:00:00.000+10:00,1.330,90,603
2001-02-18T00:00:00.000+10:00,1.291,90,603
2001-02-19T00:00:00.000+10:00,1.294,90,603
2001-02-20T00:00:00.000+10:00,1.257,90,603
2001-02-21T00:00:00.000+10:00,1.253,90,603
2001-02-22T00:00:00.000+10:00,1.229,90,603
2001-02-23T00:00:00.000+10:00,1.294,90,603
2001-02-24T00:00:00.000+10:00,1.268,90,603
2001-02-25T00:00:00.000+10:00,1.215,90,603
2001-02-26T00:00:00.000+10:00,1.168,90,603
2001-02-27T00:00:00.000+10:00,1.131,90,603
2001-02-28T00:00:00.000+10:00,1.086,90,603
2001-03-01T00:00:00.000+10:00,1.079,90,603
2001-03-02T00:00:00.000+10:00,1.062,90,603
2001-03-03T00:00:00.000+10:00,1.045,90,603
2001-03-04T00:00:00.000+10:00,1.039,90,603
2001-03-05T00:00:00.000+10:00,1.044,90,603
2001-03-06T00:00:00.000+10:00,1.039,90,603
2001-03-07T00:00:00.000+10:00,1.054,90,603
2001-03-08T00:00:00.000+10:00,3.085,90,603
2001-03-09T00:00:00.000+10:00,13.097,90,603
2001-03-10T00:00:00.000+10:00,19.785,90,603
2001-03-11T00:00:00.000+10:00,20.591,90,603
2001-03-12T00:00:00.000+10:00,17.459,90,603
2001-03-13T00:00:00.000+10:00,13.248,90,603
2001-03-14T00:00:00.000+10:00,9.212,90,603
2001-03-15T00:00:00.000+10:00,5.434,90,603
2001-03-16T00:00:00.000+10:00,3.385,90,603
2001-03-17T00:00:00.000+10:00,2.848,90,603
2001-03-18T00:00:00.000+10:00,2.514,90,603
2001-03-19T00:00:00.000+10:00,2.264,90,603
2001-03-20T00:00:00.000+10:00,2.072,90,603
2001-03-21T00:00:00.000+10:00,1.975,90,603
2001-03-22T00:00:00.000+10:00,2.224,90,603
2001-03-23T00:00:00.000+10:00,2.250,90,603
2001-03-24T00:00:00.000+10:00,2.055,90,603
2001-03-25T00:00:00.000+10:00,1.833,90,603
2001-03-26T00:00:00.000+10:00,3.947,90,603
2001-03-27T00:00:00.000+10:00,3.452,90,603
2001-03-28T00:00:00.000+10:00,2.904,90,603
2001-03-29T00:00:00.000+10:00,2.294,90,603
2001-03-30T00:00:00.000+10:00,1.951,90,603
2001-03-31T00:00:00.000+10:00,1.789,90,603
2001-04-01T00:00:00.000+10:00,1.694,90,603
2001-04-02T00:00:00.000+10:00,1.658,90,603
2001-04-03T00:00:00.000+10:00,1.576,90,603
2001-04-04T00:00:00.000+10:00,1.513,90,603
2001-04-05T00:00:00.000+10:00,1.489,90,603
2001-04-06T00:00:00.000+10:00,1.476,90,603
2001-04-07T00:00:00.000+10:00,1.424,90,603
2001-04-08T00:00:00.000+10:00,1.389,90,603
2001-04-09T00:00:00.000+10:00,1.368,90,603
2001-04-10T00:00:00.000+10:00,1.345,90,603
2001-04-11T00:00:00.000+10:00,1.324,90,603
2001-04-12T00:00:00.000+10:00,1.287,90,603
2001-04-13T00:00:00.000+10:00,1.249,90,603
2001-04-14T00:00:00.000+10:00,1.219,90,603
2001-04-15T00:00:00.000+10:00,1.193,90,603
2001-04-16T00:00:00.000+10:00,1.171,90,603
2001-04-17T00:00:00.000+10:00,1.151,90,603
2001-04-18T00:00:00.000+10:00,1.133,90,603
2001-04-19T00:00:00.000+10:00,1.114,90,603
2001-04-20T00:00:00.000+10:00,1.099,90,603
2001-04-21T00:00:00.000+10:00,1.089,90,603
2001-04-22T00:00:00.000+10:00,1.111,90,603
2001-04-23T00:00:00.000+10:00,1.180,90,603
2001-04-24T00:00:00.000+10:00,1.160,90,603
2001-04-25T00:00:00.000+10:00,1.131,90,603
2001-04-26T00:00:00.000+10:00,1.097,90,603
2001-04-27T00:00:00.000+10:00,1.082,90,603
2001-04-28T00:00:00.000+10:00,1.403,90,603
2001-04-29T00:00:00.000+10:00,1.389,90,603
2001-04-30T00:00:00.000+10:00,1.326,90,603
2001-05-01T00:00:00.000+10:00,1.394,90,603
2001-05-02T00:00:00.000+10:00,1.291,90,603
2001-05-03T00:00:00.000+10:00,1.214,90,603
2001-05-04T00:00:00.000+10:00,1.157,90,603
2001-05-05T00:00:00.000+10:00,1.072,90,603
2001-05-06T00:00:00.000+10:00,1.117,90,603
2001-05-07T00:00:00.000+10:00,1.107,90,603
2001-05-08T00:00:00.000+10:00,1.086,90,603
2001-05-09T00:00:00.000+10:00,1.073,90,603
2001-05-10T00:00:00.000+10:00,1.084,90,603
2001-05-11T00:00:00.000+10:00,1.112,90,603
2001-05-12T00:00:00.000+10:00,1.063,90,603
2001-05-13T00:00:00.000+10:00,1.046,90,603
2001-05-14T00:00:00.000+10:00,1.023,90,603
2001-05-15T00:00:00.000+10:00,1.006,90,603
2001-05-16T00:00:00.000+10:00,0.992,90,603
2001-05-17T00:00:00.000+10:00,0.982,90,603
2001-05-18T00:00:00.000+10:00,0.953,90,603
2001-05-19T00:00:00.000+10:00,0.957,90,603
2001-05-20T00:00:00.000+10:00,0.960,90,603
2001-05-21T00:00:00.000+10:00,1.145,90,603
2001-05-22T00:00:00.000+10:00,1.366,90,603
2001-05-23T00:00:00.000+10:00,1.828,90,603
2001-05-24T00:00:00.000+10:00,1.558,90,603
2001-05-25T00:00:00.000+10:00,1.371,90,603
2001-05-26T00:00:00.000+10:00,1.263,90,603
2001-05-27T00:00:00.000+10:00,1.186,90,603
2001-05-28T00:00:00.000+10:00,1.135,90,603
2001-05-29T00:00:00.000+10:00,1.099,90,603
2001-05-30T00:00:00.000+10:00,1.072,90,603
2001-05-31T00:00:00.000+10:00,1.048,90,603
2001-06-01T00:00:00.000+10:00,1.020,90,603
2001-06-02T00:00:00.000+10:00,1.004,90,603
2001-06-03T00:00:00.000+10:00,0.993,90,603
2001-06-04T00:00:00.000+10:00,0.983,90,603
2001-06-05T00:00:00.000+10:00,0.975,90,603
2001-06-06T00:00:00.000+10:00,0.967,90,603
2001-06-07T00:00:00.000+10:00,0.962,90,603
2001-06-08T00:00:00.000+10:00,0.958,90,603
2001-06-09T00:00:00.000+10:00,0.958,90,603
2001-06-10T00:00:00.000+10:00,0.955,90,603
2001-06-11T00:00:00.000+10:00,0.948,90,603
2001-06-12T00:00:00.000+10:00,0.941,90,603
2001-06-13T00:00:00.000+10:00,0.934,90,603
2001-06-14T00:00:00.000+10:00,0.929,90,603
2001-06-15T00:00:00.000+10:00,0.917,90,603
2001-06-16T00:00:00.000+10:00,0.916,90,603
2001-06-17T00:00:00.000+10:00,0.913,90,603
2001-06-18T00:00:00.000+10:00,0.907,90,603
2001-06-19T00:00:00.000+10:00,0.904,90,603
2001-06-20T00:00:00.000+10:00,0.900,90,603
2001-06-21T00:00:00.000+10:00,0.896,90,603
2001-06-22T00:00:00.000+10:00,0.886,90,603
2001-06-23T00:00:00.000+10:00,0.880,90,603
2001-06-24T00:00:00.000+10:00,0.877,90,603
2001-06-25T00:00:00.000+10:00,0.874,90,603
2001-06-26T00:00:00.000+10:00,0.841,90,603
2001-06-27T00:00:00.000+10:00,0.848,90,603
2001-06-28T00:00:00.000+10:00,0.844,90,603
2001-06-29T00:00:00.000+10:00,0.822,90,603
2001-06-30T00:00:00.000+10:00,0.831,90,603
2001-07-01T00:00:00.000+10:00,0.829,90,603
2001-07-02T00:00:00.000+10:00,0.827,90,603
2001-07-03T00:00:00.000+10:00,0.821,90,603
2001-07-04T00:00:00.000+10:00,0.807,90,603
2001-07-05T00:00:00.000+10:00,0.743,90,603
2001-07-06T00:00:00.000+10:00,0.658,90,603
2001-07-07T00:00:00.000+10:00,0.645,90,603
2001-07-08T00:00:00.000+10:00,0.660,90,603
2001-07-09T00:00:00.000+10:00,0.660,90,603
2001-07-10T00:00:00.000+10:00,0.655,90,603
2001-07-11T00:00:00.000+10:00,0.653,90,603
2001-07-12T00:00:00.000+10:00,0.625,90,603
2001-07-13T00:00:00.000+10:00,0.638,90,603
2001-07-14T00:00:00.000+10:00,0.649,90,603
2001-07-15T00:00:00.000+10:00,0.649,90,603
2001-07-16T00:00:00.000+10:00,0.650,90,603
2001-07-17T00:00:00.000+10:00,0.652,90,603
2001-07-18T00:00:00.000+10:00,0.639,90,603
2001-07-19T00:00:00.000+10:00,0.602,90,603
2001-07-20T00:00:00.000+10:00,0.601,90,603
2001-07-21T00:00:00.000+10:00,0.597,90,603
2001-07-22T00:00:00.000+10:00,0.593,90,603
2001-07-23T00:00:00.000+10:00,0.590,90,603
2001-07-24T00:00:00.000+10:00,0.578,90,603
2001-07-25T00:00:00.000+10:00,0.576,90,603
2001-07-26T00:00:00.000+10:00,0.582,90,603
2001-07-27T00:00:00.000+10:00,0.660,90,603
2001-07-28T00:00:00.000+10:00,0.737,90,603
2001-07-29T00:00:00.000+10:00,0.853,90,603
2001-07-30T00:00:00.000+10:00,0.887,90,603
2001-07-31T00:00:00.000+10:00,0.866,90,603
2001-08-01T00:00:00.000+10:00,0.717,90,603
2001-08-02T00:00:00.000+10:00,0.675,90,603
2001-08-03T00:00:00.000+10:00,0.672,90,603
2001-08-04T00:00:00.000+10:00,0.635,90,603
2001-08-05T00:00:00.000+10:00,0.622,90,603
2001-08-06T00:00:00.000+10:00,0.613,90,603
2001-08-07T00:00:00.000+10:00,0.608,90,603
2001-08-08T00:00:00.000+10:00,0.603,90,603
2001-08-09T00:00:00.000+10:00,0.598,90,603
2001-08-10T00:00:00.000+10:00,0.590,90,603
2001-08-11T00:00:00.000+10:00,0.534,90,603
2001-08-12T00:00:00.000+10:00,0.531,90,603
2001-08-13T00:00:00.000+10:00,0.526,90,603
2001-08-14T00:00:00.000+10:00,0.522,90,603
2001-08-15T00:00:00.000+10:00,0.520,90,603
2001-08-16T00:00:00.000+10:00,0.518,90,603
2001-08-17T00:00:00.000+10:00,0.516,90,603
2001-08-18T00:00:00.000+10:00,0.516,90,603
2001-08-19T00:00:00.000+10:00,0.516,90,603
2001-08-20T00:00:00.000+10:00,0.517,90,603
2001-08-21T00:00:00.000+10:00,0.516,90,603
2001-08-22T00:00:00.000+10:00,0.492,90,603
2001-08-23T00:00:00.000+10:00,0.486,90,603
2001-08-24T00:00:00.000+10:00,0.483,90,603
2001-08-25T00:00:00.000+10:00,0.481,90,603
2001-08-26T00:00:00.000+10:00,0.477,90,603
2001-08-27T00:00:00.000+10:00,0.474,90,603
2001-08-28T00:00:00.000+10:00,0.421,90,603
2001-08-29T00:00:00.000+10:00,0.402,90,603
2001-08-30T00:00:00.000+10:00,0.400,90,603
2001-08-31T00:00:00.000+10:00,0.396,90,603
2001-09-01T00:00:00.000+10:00,0.390,90,603
2001-09-02T00:00:00.000+10:00,0.389,90,603
2001-09-03T00:00:00.000+10:00,0.389,90,603
2001-09-04T00:00:00.000+10:00,0.389,90,603
2001-09-05T00:00:00.000+10:00,0.389,90,603
2001-09-06T00:00:00.000+10:00,0.389,90,603
2001-09-07T00:00:00.000+10:00,0.389,90,603
2001-09-08T00:00:00.000+10:00,0.388,90,603
2001-09-09T00:00:00.000+10:00,0.384,90,603
2001-09-10T00:00:00.000+10:00,0.380,90,603
2001-09-11T00:00:00.000+10:00,0.379,90,603
2001-09-12T00:00:00.000+10:00,0.379,90,603
2001-09-13T00:00:00.000+10:00,0.379,90,603
2001-09-14T00:00:00.000+10:00,0.376,90,603
2001-09-15T00:00:00.000+10:00,0.375,90,603
2001-09-16T00:00:00.000+10:00,0.375,90,603
2001-09-17T00:00:00.000+10:00,0.373,90,603
2001-09-18T00:00:00.000+10:00,0.372,90,603
2001-09-19T00:00:00.000+10:00,0.370,90,603
2001-09-20T00:00:00.000+10:00,0.366,90,603
2001-09-21T00:00:00.000+10:00,0.363,90,603
2001-09-22T00:00:00.000+10:00,0.362,90,603
2001-09-23T00:00:00.000+10:00,0.358,90,603
2001-09-24T00:00:00.000+10:00,0.356,90,603
2001-09-25T00:00:00.000+10:00,0.354,90,603
2001-09-26T00:00:00.000+10:00,0.419,90,603
2001-09-27T00:00:00.000+10:00,0.421,90,603
2001-09-28T00:00:00.000+10:00,0.424,90,603
2001-09-29T00:00:00.000+10:00,0.427,90,603
2001-09-30T00:00:00.000+10:00,0.427,90,603
2001-10-01T00:00:00.000+10:00,0.427,90,603
2001-10-02T00:00:00.000+10:00,0.427,90,603
2001-10-03T00:00:00.000+10:00,0.427,90,603
2001-10-04T00:00:00.000+10:00,0.419,90,603
2001-10-05T00:00:00.000+10:00,0.360,90,603
2001-10-06T00:00:00.000+10:00,0.339,90,603
2001-10-07T00:00:00.000+10:00,0.331,90,603
2001-10-08T00:00:00.000+10:00,0.323,90,603
2001-10-09T00:00:00.000+10:00,0.321,90,603
2001-10-10T00:00:00.000+10:00,0.316,90,603
2001-10-11T00:00:00.000+10:00,0.314,90,603
2001-10-12T00:00:00.000+10:00,0.314,90,603
2001-10-13T00:00:00.000+10:00,0.317,90,603
2001-10-14T00:00:00.000+10:00,0.323,90,603
2001-10-15T00:00:00.000+10:00,0.325,90,603
2001-10-16T00:00:00.000+10:00,0.325,90,603
2001-10-17T00:00:00.000+10:00,0.324,90,603
2001-10-18T00:00:00.000+10:00,0.324,90,603
2001-10-19T00:00:00.000+10:00,0.324,90,603
2001-10-20T00:00:00.000+10:00,0.330,90,603
2001-10-21T00:00:00.000+10:00,0.325,90,603
2001-10-22T00:00:00.000+10:00,0.318,90,603
2001-10-23T00:00:00.000+10:00,0.318,90,603
2001-10-24T00:00:00.000+10:00,0.317,90,603
2001-10-25T00:00:00.000+10:00,0.315,90,603
2001-10-26T00:00:00.000+10:00,0.316,90,603
2001-10-27T00:00:00.000+10:00,0.323,90,603
2001-10-28T00:00:00.000+10:00,0.302,90,603
2001-10-29T00:00:00.000+10:00,0.289,90,603
2001-10-30T00:00:00.000+10:00,0.275,90,603
2001-10-31T00:00:00.000+10:00,0.268,90,603
2001-11-01T00:00:00.000+10:00,0.261,90,603
2001-11-02T00:00:00.000+10:00,0.259,90,603
2001-11-03T00:00:00.000+10:00,0.257,90,603
2001-11-04T00:00:00.000+10:00,0.257,90,603
2001-11-05T00:00:00.000+10:00,0.256,90,603
2001-11-06T00:00:00.000+10:00,0.253,90,603
2001-11-07T00:00:00.000+10:00,0.257,90,603
2001-11-08T00:00:00.000+10:00,0.262,90,603
2001-11-09T00:00:00.000+10:00,0.264,90,603
2001-11-10T00:00:00.000+10:00,0.271,90,603
2001-11-11T00:00:00.000+10:00,0.272,90,603
2001-11-12T00:00:00.000+10:00,0.265,90,603
2001-11-13T00:00:00.000+10:00,0.258,90,603
2001-11-14T00:00:00.000+10:00,0.254,90,603
2001-11-15T00:00:00.000+10:00,0.248,90,603
2001-11-16T00:00:00.000+10:00,0.248,90,603
2001-11-17T00:00:00.000+10:00,0.253,90,603
2001-11-18T00:00:00.000+10:00,0.250,90,603
2001-11-19T00:00:00.000+10:00,0.275,90,603
2001-11-20T00:00:00.000+10:00,0.296,90,603
2001-11-21T00:00:00.000+10:00,0.296,90,603
2001-11-22T00:00:00.000+10:00,0.286,90,603
2001-11-23T00:00:00.000+10:00,0.277,90,603
2001-11-24T00:00:00.000+10:00,0.277,90,603
2001-11-25T00:00:00.000+10:00,0.295,90,603
2001-11-26T00:00:00.000+10:00,0.311,90,603
2001-11-27T00:00:00.000+10:00,0.377,90,603
2001-11-28T00:00:00.000+10:00,0.988,90,603
2001-11-29T00:00:00.000+10:00,0.724,90,603
2001-11-30T00:00:00.000+10:00,0.699,90,603
2001-12-01T00:00:00.000+10:00,0.664,90,603
2001-12-02T00:00:00.000+10:00,0.490,90,603
2001-12-03T00:00:00.000+10:00,0.418,90,603
2001-12-04T00:00:00.000+10:00,0.370,90,603
2001-12-05T00:00:00.000+10:00,0.328,90,603
2001-12-06T00:00:00.000+10:00,0.314,90,603
2001-12-07T00:00:00.000+10:00,0.308,90,603
2001-12-08T00:00:00.000+10:00,0.304,90,603
2001-12-09T00:00:00.000+10:00,0.297,90,603
2001-12-10T00:00:00.000+10:00,0.290,90,603
2001-12-11T00:00:00.000+10:00,0.282,90,603
2001-12-12T00:00:00.000+10:00,0.274,90,603
2001-12-13T00:00:00.000+10:00,0.272,90,603
2001-12-14T00:00:00.000+10:00,0.270,90,603
2001-12-15T00:00:00.000+10:00,0.270,90,603
2001-12-16T00:00:00.000+10:00,0.276,90,603
2001-12-17T00:00:00.000+10:00,0.416,90,603
2001-12-18T00:00:00.000+10:00,0.581,90,603
2001-12-19T00:00:00.000+10:00,0.484,90,603
2001-12-20T00:00:00.000+10:00,0.463,90,603
2001-12-21T00:00:00.000+10:00,0.346,90,603
2001-12-22T00:00:00.000+10:00,0.288,90,603
2001-12-23T00:00:00.000+10:00,0.266,90,603
2001-12-24T00:00:00.000+10:00,0.252,90,603
2001-12-25T00:00:00.000+10:00,0.240,90,603
2001-12-26T00:00:00.000+10:00,0.242,90,603
2001-12-27T00:00:00.000+10:00,0.262,90,603
2001-12-28T00:00:00.000+10:00,0.251,90,603
2001-12-29T00:00:00.000+10:00,0.233,90,603
2001-12-30T00:00:00.000+10:00,0.229,90,603
2001-12-31T00:00:00.000+10:00,0.246,90,603
2002-01-01T00:00:00.000+10:00,0.250,90,603
2002-01-02T00:00:00.000+10:00,0.231,90,603
2002-01-03T00:00:00.000+10:00,0.207,90,603
2002-01-04T00:00:00.000+10:00,0.200,90,603
2002-01-05T00:00:00.000+10:00,0.206,90,603
2002-01-06T00:00:00.000+10:00,0.233,90,603
2002-01-07T00:00:00.000+10:00,0.311,90,603
2002-01-08T00:00:00.000+10:00,0.253,90,603
2002-01-09T00:00:00.000+10:00,0.214,90,603
2002-01-10T00:00:00.000+10:00,0.205,90,603
2002-01-11T00:00:00.000+10:00,0.194,90,603
2002-01-12T00:00:00.000+10:00,0.186,90,603
2002-01-13T00:00:00.000+10:00,0.176,90,603
2002-01-14T00:00:00.000+10:00,0.168,90,603
2002-01-15T00:00:00.000+10:00,0.163,90,603
2002-01-16T00:00:00.000+10:00,0.205,90,603
2002-01-17T00:00:00.000+10:00,0.212,90,603
2002-01-18T00:00:00.000+10:00,0.190,90,603
2002-01-19T00:00:00.000+10:00,0.184,90,603
2002-01-20T00:00:00.000+10:00,0.184,90,603
2002-01-21T00:00:00.000+10:00,0.186,90,603
2002-01-22T00:00:00.000+10:00,0.186,90,603
2002-01-23T00:00:00.000+10:00,0.184,90,603
2002-01-24T00:00:00.000+10:00,0.177,90,603
2002-01-25T00:00:00.000+10:00,0.176,90,603
2002-01-26T00:00:00.000+10:00,0.178,90,603
2002-01-27T00:00:00.000+10:00,0.267,90,603
2002-01-28T00:00:00.000+10:00,0.369,90,603
2002-01-29T00:00:00.000+10:00,0.266,90,603
2002-01-30T00:00:00.000+10:00,0.221,90,603
2002-01-31T00:00:00.000+10:00,0.198,90,603
2002-02-01T00:00:00.000+10:00,0.174,90,603
2002-02-02T00:00:00.000+10:00,0.165,90,603
2002-02-03T00:00:00.000+10:00,0.188,90,603
2002-02-04T00:00:00.000+10:00,0.156,90,603
2002-02-05T00:00:00.000+10:00,0.202,90,603
2002-02-06T00:00:00.000+10:00,0.527,90,603
2002-02-07T00:00:00.000+10:00,0.589,90,603
2002-02-08T00:00:00.000+10:00,1.082,90,603
2002-02-09T00:00:00.000+10:00,2.459,90,603
2002-02-10T00:00:00.000+10:00,1.591,90,603
2002-02-11T00:00:00.000+10:00,1.233,90,603
2002-02-12T00:00:00.000+10:00,1.048,90,603
2002-02-13T00:00:00.000+10:00,0.900,90,603
2002-02-14T00:00:00.000+10:00,0.776,90,603
2002-02-15T00:00:00.000+10:00,0.705,90,603
2002-02-16T00:00:00.000+10:00,0.641,90,603
2002-02-17T00:00:00.000+10:00,0.596,90,603
2002-02-18T00:00:00.000+10:00,0.564,90,603
2002-02-19T00:00:00.000+10:00,0.491,90,603
2002-02-20T00:00:00.000+10:00,0.478,90,603
2002-02-21T00:00:00.000+10:00,0.466,90,603
2002-02-22T00:00:00.000+10:00,0.460,90,603
2002-02-23T00:00:00.000+10:00,0.450,90,603
2002-02-24T00:00:00.000+10:00,0.395,90,603
2002-02-25T00:00:00.000+10:00,0.353,90,603
2002-02-26T00:00:00.000+10:00,0.337,90,603
2002-02-27T00:00:00.000+10:00,0.327,90,603
2002-02-28T00:00:00.000+10:00,0.326,90,603
2002-03-01T00:00:00.000+10:00,0.336,90,603
2002-03-02T00:00:00.000+10:00,0.334,90,603
2002-03-03T00:00:00.000+10:00,0.379,90,603
2002-03-04T00:00:00.000+10:00,0.482,90,603
2002-03-05T00:00:00.000+10:00,0.425,90,603
2002-03-06T00:00:00.000+10:00,0.346,90,603
2002-03-07T00:00:00.000+10:00,0.319,90,603
2002-03-08T00:00:00.000+10:00,0.312,90,603
2002-03-09T00:00:00.000+10:00,0.310,90,603
2002-03-10T00:00:00.000+10:00,0.313,90,603
2002-03-11T00:00:00.000+10:00,0.327,90,603
2002-03-12T00:00:00.000+10:00,0.326,90,603
2002-03-13T00:00:00.000+10:00,0.318,90,603
2002-03-14T00:00:00.000+10:00,0.318,90,603
2002-03-15T00:00:00.000+10:00,0.324,90,603
2002-03-16T00:00:00.000+10:00,0.319,90,603
2002-03-17T00:00:00.000+10:00,0.305,90,603
2002-03-18T00:00:00.000+10:00,0.297,90,603
2002-03-19T00:00:00.000+10:00,0.292,90,603
2002-03-20T00:00:00.000+10:00,0.287,90,603
2002-03-21T00:00:00.000+10:00,0.283,90,603
2002-03-22T00:00:00.000+10:00,0.279,90,603
2002-03-23T00:00:00.000+10:00,0.280,90,603
2002-03-24T00:00:00.000+10:00,0.280,90,603
2002-03-25T00:00:00.000+10:00,0.676,90,603
2002-03-26T00:00:00.000+10:00,0.864,90,603
2002-03-27T00:00:00.000+10:00,0.603,90,603
2002-03-28T00:00:00.000+10:00,0.545,90,603
2002-03-29T00:00:00.000+10:00,0.497,90,603
2002-03-30T00:00:00.000+10:00,0.561,90,603
2002-03-31T00:00:00.000+10:00,0.789,90,603
2002-04-01T00:00:00.000+10:00,0.910,90,603
2002-04-02T00:00:00.000+10:00,0.955,90,603
2002-04-03T00:00:00.000+10:00,1.033,90,603
2002-04-04T00:00:00.000+10:00,1.170,90,603
2002-04-05T00:00:00.000+10:00,1.159,90,603
2002-04-06T00:00:00.000+10:00,1.085,90,603
2002-04-07T00:00:00.000+10:00,1.020,90,603
2002-04-08T00:00:00.000+10:00,0.978,90,603
2002-04-09T00:00:00.000+10:00,0.926,90,603
2002-04-10T00:00:00.000+10:00,0.844,90,603
2002-04-11T00:00:00.000+10:00,0.761,90,603
2002-04-12T00:00:00.000+10:00,0.713,90,603
2002-04-13T00:00:00.000+10:00,0.664,90,603
2002-04-14T00:00:00.000+10:00,0.596,90,603
2002-04-15T00:00:00.000+10:00,0.584,90,603
2002-04-16T00:00:00.000+10:00,0.569,90,603
2002-04-17T00:00:00.000+10:00,0.560,90,603
2002-04-18T00:00:00.000+10:00,0.555,90,603
2002-04-19T00:00:00.000+10:00,0.514,90,603
2002-04-20T00:00:00.000+10:00,0.525,90,603
2002-04-21T00:00:00.000+10:00,0.549,90,603
2002-04-22T00:00:00.000+10:00,0.531,90,603
2002-04-23T00:00:00.000+10:00,0.495,90,603
2002-04-24T00:00:00.000+10:00,0.493,90,603
2002-04-25T00:00:00.000+10:00,0.488,90,603
2002-04-26T00:00:00.000+10:00,0.463,90,603
2002-04-27T00:00:00.000+10:00,0.461,90,603
2002-04-28T00:00:00.000+10:00,0.451,90,603
2002-04-29T00:00:00.000+10:00,0.447,90,603
2002-04-30T00:00:00.000+10:00,0.394,90,603
2002-05-01T00:00:00.000+10:00,0.392,90,603
2002-05-02T00:00:00.000+10:00,0.434,90,603
2002-05-03T00:00:00.000+10:00,0.460,90,603
2002-05-04T00:00:00.000+10:00,0.481,90,603
2002-05-05T00:00:00.000+10:00,0.487,90,603
2002-05-06T00:00:00.000+10:00,0.520,90,603
2002-05-07T00:00:00.000+10:00,0.590,90,603
2002-05-08T00:00:00.000+10:00,0.600,90,603
2002-05-09T00:00:00.000+10:00,0.577,90,603
2002-05-10T00:00:00.000+10:00,0.543,90,603
2002-05-11T00:00:00.000+10:00,0.521,90,603
2002-05-12T00:00:00.000+10:00,0.479,90,603
2002-05-13T00:00:00.000+10:00,0.472,90,603
2002-05-14T00:00:00.000+10:00,0.470,90,603
2002-05-15T00:00:00.000+10:00,0.465,90,603
2002-05-16T00:00:00.000+10:00,0.430,90,603
2002-05-17T00:00:00.000+10:00,0.424,90,603
2002-05-18T00:00:00.000+10:00,0.433,90,603
2002-05-19T00:00:00.000+10:00,0.421,90,603
2002-05-20T00:00:00.000+10:00,0.401,90,603
2002-05-21T00:00:00.000+10:00,0.360,90,603
2002-05-22T00:00:00.000+10:00,0.346,90,603
2002-05-23T00:00:00.000+10:00,0.339,90,603
2002-05-24T00:00:00.000+10:00,0.335,90,603
2002-05-25T00:00:00.000+10:00,0.331,90,603
2002-05-26T00:00:00.000+10:00,0.328,90,603
2002-05-27T00:00:00.000+10:00,0.327,90,603
2002-05-28T00:00:00.000+10:00,0.325,90,603
2002-05-29T00:00:00.000+10:00,0.324,90,603
2002-05-30T00:00:00.000+10:00,0.324,90,603
2002-05-31T00:00:00.000+10:00,0.323,90,603
2002-06-01T00:00:00.000+10:00,0.319,90,603
2002-06-02T00:00:00.000+10:00,0.317,90,603
2002-06-03T00:00:00.000+10:00,0.317,90,603
2002-06-04T00:00:00.000+10:00,0.317,90,603
2002-06-05T00:00:00.000+10:00,0.317,90,603
2002-06-06T00:00:00.000+10:00,0.315,90,603
2002-06-07T00:00:00.000+10:00,0.314,90,603
2002-06-08T00:00:00.000+10:00,0.314,90,603
2002-06-09T00:00:00.000+10:00,0.314,90,603
2002-06-10T00:00:00.000+10:00,0.314,90,603
2002-06-11T00:00:00.000+10:00,0.313,90,603
2002-06-12T00:00:00.000+10:00,0.311,90,603
2002-06-13T00:00:00.000+10:00,0.311,90,603
2002-06-14T00:00:00.000+10:00,0.309,90,603
2002-06-15T00:00:00.000+10:00,0.309,90,603
2002-06-16T00:00:00.000+10:00,0.309,90,603
2002-06-17T00:00:00.000+10:00,0.309,90,603
2002-06-18T00:00:00.000+10:00,0.309,90,603
2002-06-19T00:00:00.000+10:00,0.309,90,603
2002-06-20T00:00:00.000+10:00,0.309,90,603
2002-06-21T00:00:00.000+10:00,0.309,90,603
2002-06-22T00:00:00.000+10:00,0.308,90,603
2002-06-23T00:00:00.000+10:00,0.301,90,603
2002-06-24T00:00:00.000+10:00,0.296,90,603
2002-06-25T00:00:00.000+10:00,0.294,90,603
2002-06-26T00:00:00.000+10:00,0.292,90,603
2002-06-27T00:00:00.000+10:00,0.288,90,603
2002-06-28T00:00:00.000+10:00,0.286,90,603
2002-06-29T00:00:00.000+10:00,0.285,90,603
2002-06-30T00:00:00.000+10:00,0.282,90,603
2002-07-01T00:00:00.000+10:00,0.279,90,603
2002-07-02T00:00:00.000+10:00,0.276,90,603
2002-07-03T00:00:00.000+10:00,0.272,90,603
2002-07-04T00:00:00.000+10:00,0.269,90,603
2002-07-05T00:00:00.000+10:00,0.265,90,603
2002-07-06T00:00:00.000+10:00,0.262,90,603
2002-07-07T00:00:00.000+10:00,0.259,90,603
2002-07-08T00:00:00.000+10:00,0.258,90,603
2002-07-09T00:00:00.000+10:00,0.258,90,603
2002-07-10T00:00:00.000+10:00,0.258,90,603
2002-07-11T00:00:00.000+10:00,0.258,90,603
2002-07-12T00:00:00.000+10:00,0.258,90,603
2002-07-13T00:00:00.000+10:00,0.258,90,603
2002-07-14T00:00:00.000+10:00,0.258,90,603
2002-07-15T00:00:00.000+10:00,0.258,90,603
2002-07-16T00:00:00.000+10:00,0.258,90,603
2002-07-17T00:00:00.000+10:00,0.258,90,603
2002-07-18T00:00:00.000+10:00,0.257,90,603
2002-07-19T00:00:00.000+10:00,0.255,90,603
2002-07-20T00:00:00.000+10:00,0.254,90,603
2002-07-21T00:00:00.000+10:00,0.253,90,603
2002-07-22T00:00:00.000+10:00,0.250,90,603
2002-07-23T00:00:00.000+10:00,0.249,90,603
2002-07-24T00:00:00.000+10:00,0.248,90,603
2002-07-25T00:00:00.000+10:00,0.247,90,603
2002-07-26T00:00:00.000+10:00,0.247,90,603
2002-07-27T00:00:00.000+10:00,0.247,90,603
2002-07-28T00:00:00.000+10:00,0.247,90,603
2002-07-29T00:00:00.000+10:00,0.247,90,603
2002-07-30T00:00:00.000+10:00,0.245,90,603
2002-07-31T00:00:00.000+10:00,0.243,90,603
2002-08-01T00:00:00.000+10:00,0.243,90,603
2002-08-02T00:00:00.000+10:00,0.242,90,603
2002-08-03T00:00:00.000+10:00,0.240,90,603
2002-08-04T00:00:00.000+10:00,0.239,90,603
2002-08-05T00:00:00.000+10:00,0.238,90,603
2002-08-06T00:00:00.000+10:00,0.237,90,603
2002-08-07T00:00:00.000+10:00,0.235,90,603
2002-08-08T00:00:00.000+10:00,0.233,90,603
2002-08-09T00:00:00.000+10:00,0.233,90,603
2002-08-10T00:00:00.000+10:00,0.232,90,603
2002-08-11T00:00:00.000+10:00,0.232,90,603
2002-08-12T00:00:00.000+10:00,0.230,90,603
2002-08-13T00:00:00.000+10:00,0.229,90,603
2002-08-14T00:00:00.000+10:00,0.227,90,603
2002-08-15T00:00:00.000+10:00,0.222,90,603
2002-08-16T00:00:00.000+10:00,0.219,90,603
2002-08-17T00:00:00.000+10:00,0.218,90,603
2002-08-18T00:00:00.000+10:00,0.218,90,603
2002-08-19T00:00:00.000+10:00,0.223,90,603
2002-08-20T00:00:00.000+10:00,0.219,90,603
2002-08-21T00:00:00.000+10:00,0.220,90,603
2002-08-22T00:00:00.000+10:00,0.259,90,603
2002-08-23T00:00:00.000+10:00,0.262,90,603
2002-08-24T00:00:00.000+10:00,0.260,90,603
2002-08-25T00:00:00.000+10:00,0.249,90,603
2002-08-26T00:00:00.000+10:00,0.258,90,603
2002-08-27T00:00:00.000+10:00,0.284,90,603
2002-08-28T00:00:00.000+10:00,0.295,90,603
2002-08-29T00:00:00.000+10:00,0.339,90,603
2002-08-30T00:00:00.000+10:00,0.564,90,603
2002-08-31T00:00:00.000+10:00,0.552,90,603
2002-09-01T00:00:00.000+10:00,0.483,90,603
2002-09-02T00:00:00.000+10:00,0.422,90,603
2002-09-03T00:00:00.000+10:00,0.386,90,603
2002-09-04T00:00:00.000+10:00,0.371,90,603
2002-09-05T00:00:00.000+10:00,0.356,90,603
2002-09-06T00:00:00.000+10:00,0.348,90,603
2002-09-07T00:00:00.000+10:00,0.340,90,603
2002-09-08T00:00:00.000+10:00,0.332,90,603
2002-09-09T00:00:00.000+10:00,0.324,90,603
2002-09-10T00:00:00.000+10:00,0.316,90,603
2002-09-11T00:00:00.000+10:00,0.310,90,603
2002-09-12T00:00:00.000+10:00,0.301,90,603
2002-09-13T00:00:00.000+10:00,0.296,90,603
2002-09-14T00:00:00.000+10:00,0.293,90,603
2002-09-15T00:00:00.000+10:00,0.289,90,603
2002-09-16T00:00:00.000+10:00,0.284,90,603
2002-09-17T00:00:00.000+10:00,0.282,90,603
2002-09-18T00:00:00.000+10:00,0.278,90,603
2002-09-19T00:00:00.000+10:00,0.273,90,603
2002-09-20T00:00:00.000+10:00,0.270,90,603
2002-09-21T00:00:00.000+10:00,0.269,90,603
2002-09-22T00:00:00.000+10:00,0.269,90,603
2002-09-23T00:00:00.000+10:00,0.269,90,603
2002-09-24T00:00:00.000+10:00,0.267,90,603
2002-09-25T00:00:00.000+10:00,0.264,90,603
2002-09-26T00:00:00.000+10:00,0.261,90,603
2002-09-27T00:00:00.000+10:00,0.258,90,603
2002-09-28T00:00:00.000+10:00,0.255,90,603
2002-09-29T00:00:00.000+10:00,0.254,90,603
2002-09-30T00:00:00.000+10:00,0.248,90,603
2002-10-01T00:00:00.000+10:00,0.244,90,603
2002-10-02T00:00:00.000+10:00,0.244,90,603
2002-10-03T00:00:00.000+10:00,0.243,90,603
2002-10-04T00:00:00.000+10:00,0.239,90,603
2002-10-05T00:00:00.000+10:00,0.236,90,603
2002-10-06T00:00:00.000+10:00,0.233,90,603
2002-10-07T00:00:00.000+10:00,0.229,90,603
2002-10-08T00:00:00.000+10:00,0.226,90,603
2002-10-09T00:00:00.000+10:00,0.221,90,603
2002-10-10T00:00:00.000+10:00,0.215,90,603
2002-10-11T00:00:00.000+10:00,0.213,90,603
2002-10-12T00:00:00.000+10:00,0.212,90,603
2002-10-13T00:00:00.000+10:00,0.210,90,603
2002-10-14T00:00:00.000+10:00,0.206,90,603
2002-10-15T00:00:00.000+10:00,0.201,90,603
2002-10-16T00:00:00.000+10:00,0.198,90,603
2002-10-17T00:00:00.000+10:00,0.194,110,603
2002-10-18T00:00:00.000+10:00,0.189,110,603
2002-10-19T00:00:00.000+10:00,0.184,110,603
2002-10-20T00:00:00.000+10:00,0.180,110,603
2002-10-21T00:00:00.000+10:00,0.176,110,603
2002-10-22T00:00:00.000+10:00,0.172,110,603
2002-10-23T00:00:00.000+10:00,0.167,110,603
2002-10-24T00:00:00.000+10:00,0.163,110,603
2002-10-25T00:00:00.000+10:00,0.159,110,603
2002-10-26T00:00:00.000+10:00,0.154,110,603
2002-10-27T00:00:00.000+10:00,0.150,110,603
2002-10-28T00:00:00.000+10:00,0.146,110,603
2002-10-29T00:00:00.000+10:00,0.142,110,603
2002-10-30T00:00:00.000+10:00,0.137,110,603
2002-10-31T00:00:00.000+10:00,0.133,110,603
2002-11-01T00:00:00.000+10:00,0.129,110,603
2002-11-02T00:00:00.000+10:00,0.124,110,603
2002-11-03T00:00:00.000+10:00,0.120,110,603
2002-11-04T00:00:00.000+10:00,0.116,110,603
2002-11-05T00:00:00.000+10:00,0.111,110,603
2002-11-06T00:00:00.000+10:00,0.107,110,603
2002-11-07T00:00:00.000+10:00,0.103,110,603
2002-11-08T00:00:00.000+10:00,0.098,110,603
2002-11-09T00:00:00.000+10:00,0.094,110,603
2002-11-10T00:00:00.000+10:00,0.090,110,603
2002-11-11T00:00:00.000+10:00,0.086,110,603
2002-11-12T00:00:00.000+10:00,0.092,90,603
2002-11-13T00:00:00.000+10:00,0.104,90,603
2002-11-14T00:00:00.000+10:00,0.140,90,603
2002-11-15T00:00:00.000+10:00,0.367,90,603
2002-11-16T00:00:00.000+10:00,0.271,90,603
2002-11-17T00:00:00.000+10:00,0.206,90,603
2002-11-18T00:00:00.000+10:00,0.149,90,603
2002-11-19T00:00:00.000+10:00,0.131,90,603
2002-11-20T00:00:00.000+10:00,0.118,90,603
2002-11-21T00:00:00.000+10:00,0.106,90,603
2002-11-22T00:00:00.000+10:00,0.098,90,603
2002-11-23T00:00:00.000+10:00,0.092,90,603
2002-11-24T00:00:00.000+10:00,0.085,90,603
2002-11-25T00:00:00.000+10:00,0.081,90,603
2002-11-26T00:00:00.000+10:00,0.076,90,603
2002-11-27T00:00:00.000+10:00,0.071,90,603
2002-11-28T00:00:00.000+10:00,0.067,90,603
2002-11-29T00:00:00.000+10:00,0.069,90,603
2002-11-30T00:00:00.000+10:00,0.105,90,603
2002-12-01T00:00:00.000+10:00,0.091,90,603
2002-12-02T00:00:00.000+10:00,0.086,90,603
2002-12-03T00:00:00.000+10:00,0.077,90,603
2002-12-04T00:00:00.000+10:00,0.073,90,603
2002-12-05T00:00:00.000+10:00,0.069,90,603
2002-12-06T00:00:00.000+10:00,0.065,90,603
2002-12-07T00:00:00.000+10:00,0.044,90,603
2002-12-08T00:00:00.000+10:00,0.030,90,603
2002-12-09T00:00:00.000+10:00,0.021,90,603
2002-12-10T00:00:00.000+10:00,0.023,90,603
2002-12-11T00:00:00.000+10:00,0.113,90,603
2002-12-12T00:00:00.000+10:00,0.068,90,603
2002-12-13T00:00:00.000+10:00,0.032,90,603
2002-12-14T00:00:00.000+10:00,0.014,90,603
2002-12-15T00:00:00.000+10:00,0.005,90,603
2002-12-16T00:00:00.000+10:00,-0.003,90,603
2002-12-17T00:00:00.000+10:00,-0.006,90,603
2002-12-18T00:00:00.000+10:00,-0.006,90,603
2002-12-19T00:00:00.000+10:00,-0.010,90,603
2002-12-20T00:00:00.000+10:00,-0.017,90,603
2002-12-21T00:00:00.000+10:00,-0.020,90,603
2002-12-22T00:00:00.000+10:00,-0.030,90,603
2002-12-23T00:00:00.000+10:00,-0.038,90,603
2002-12-24T00:00:00.000+10:00,-0.041,90,603
2002-12-25T00:00:00.000+10:00,-0.041,90,603
2002-12-26T00:00:00.000+10:00,0.016,90,603
2002-12-27T00:00:00.000+10:00,0.099,90,603
2002-12-28T00:00:00.000+10:00,0.092,90,603
2002-12-29T00:00:00.000+10:00,0.088,90,603
2002-12-30T00:00:00.000+10:00,0.090,90,603
2002-12-31T00:00:00.000+10:00,0.083,90,603
2003-01-01T00:00:00.000+10:00,0.064,90,603
2003-01-02T00:00:00.000+10:00,0.078,90,603
2003-01-03T00:00:00.000+10:00,0.072,90,603
2003-01-04T00:00:00.000+10:00,0.038,90,603
2003-01-05T00:00:00.000+10:00,0.018,90,603
2003-01-06T00:00:00.000+10:00,0.007,90,603
2003-01-07T00:00:00.000+10:00,-0.003,90,603
2003-01-08T00:00:00.000+10:00,-0.009,90,603
2003-01-09T00:00:00.000+10:00,-0.002,90,603
2003-01-10T00:00:00.000+10:00,0.006,90,603
2003-01-11T00:00:00.000+10:00,-0.002,90,603
2003-01-12T00:00:00.000+10:00,-0.015,90,603
2003-01-13T00:00:00.000+10:00,-0.021,90,603
2003-01-14T00:00:00.000+10:00,-0.029,90,603
2003-01-15T00:00:00.000+10:00,-0.039,90,603
2003-01-16T00:00:00.000+10:00,-0.046,90,603
2003-01-17T00:00:00.000+10:00,-0.052,90,603
2003-01-18T00:00:00.000+10:00,-0.059,90,603
2003-01-19T00:00:00.000+10:00,-0.068,140,603
2003-01-20T00:00:00.000+10:00,-0.071,140,603
2003-01-21T00:00:00.000+10:00,-0.071,140,603
2003-01-22T00:00:00.000+10:00,-0.071,140,603
2003-01-23T00:00:00.000+10:00,-0.071,140,603
2003-01-24T00:00:00.000+10:00,-0.071,140,603
2003-01-25T00:00:00.000+10:00,-0.072,140,603
2003-01-26T00:00:00.000+10:00,-0.073,140,603
2003-01-27T00:00:00.000+10:00,-0.073,140,603
2003-01-28T00:00:00.000+10:00,-0.073,140,603
2003-01-29T00:00:00.000+10:00,-0.073,140,603
2003-01-30T00:00:00.000+10:00,-0.073,140,603
2003-01-31T00:00:00.000+10:00,-0.073,140,603
2003-02-01T00:00:00.000+10:00,-0.073,140,603
2003-02-02T00:00:00.000+10:00,-0.073,140,603
2003-02-03T00:00:00.000+10:00,-0.073,140,603
2003-02-04T00:00:00.000+10:00,-0.075,140,603
2003-02-05T00:00:00.000+10:00,-0.078,140,603
2003-02-06T00:00:00.000+10:00,-0.078,140,603
2003-02-07T00:00:00.000+10:00,-0.078,140,603
2003-02-08T00:00:00.000+10:00,-0.078,140,603
2003-02-09T00:00:00.000+10:00,-0.078,140,603
2003-02-10T00:00:00.000+10:00,-0.078,140,603
2003-02-11T00:00:00.000+10:00,-0.078,140,603
2003-02-12T00:00:00.000+10:00,-0.078,140,603
2003-02-13T00:00:00.000+10:00,-0.078,140,603
2003-02-14T00:00:00.000+10:00,-0.078,140,603
2003-02-15T00:00:00.000+10:00,-0.078,140,603
2003-02-16T00:00:00.000+10:00,-0.078,140,603
2003-02-17T00:00:00.000+10:00,-0.078,140,603
2003-02-18T00:00:00.000+10:00,-0.078,140,603
2003-02-19T00:00:00.000+10:00,-0.078,140,603
2003-02-20T00:00:00.000+10:00,-0.078,140,603
2003-02-21T00:00:00.000+10:00,-0.078,140,603
2003-02-22T00:00:00.000+10:00,-0.043,140,603
2003-02-23T00:00:00.000+10:00,0.218,90,603
2003-02-24T00:00:00.000+10:00,4.405,90,603
2003-02-25T00:00:00.000+10:00,5.562,90,603
2003-02-26T00:00:00.000+10:00,5.850,90,603
2003-02-27T00:00:00.000+10:00,5.271,90,603
2003-02-28T00:00:00.000+10:00,3.664,90,603
2003-03-01T00:00:00.000+10:00,2.246,90,603
2003-03-02T00:00:00.000+10:00,1.761,90,603
2003-03-03T00:00:00.000+10:00,1.489,90,603
2003-03-04T00:00:00.000+10:00,1.316,90,603
2003-03-05T00:00:00.000+10:00,1.218,90,603
2003-03-06T00:00:00.000+10:00,1.187,90,603
2003-03-07T00:00:00.000+10:00,1.122,90,603
2003-03-08T00:00:00.000+10:00,1.101,90,603
2003-03-09T00:00:00.000+10:00,1.381,90,603
2003-03-10T00:00:00.000+10:00,1.613,90,603
2003-03-11T00:00:00.000+10:00,1.491,90,603
2003-03-12T00:00:00.000+10:00,1.729,90,603
2003-03-13T00:00:00.000+10:00,4.725,90,603
2003-03-14T00:00:00.000+10:00,4.887,90,603
2003-03-15T00:00:00.000+10:00,4.761,90,603
2003-03-16T00:00:00.000+10:00,3.112,90,603
2003-03-17T00:00:00.000+10:00,3.102,90,603
2003-03-18T00:00:00.000+10:00,2.263,90,603
2003-03-19T00:00:00.000+10:00,1.840,90,603
2003-03-20T00:00:00.000+10:00,1.606,90,603
2003-03-21T00:00:00.000+10:00,1.456,90,603
2003-03-22T00:00:00.000+10:00,1.325,90,603
2003-03-23T00:00:00.000+10:00,1.627,90,603
2003-03-24T00:00:00.000+10:00,1.704,90,603
2003-03-25T00:00:00.000+10:00,1.399,90,603
2003-03-26T00:00:00.000+10:00,1.241,90,603
2003-03-27T00:00:00.000+10:00,1.200,90,603
2003-03-28T00:00:00.000+10:00,1.173,90,603
2003-03-29T00:00:00.000+10:00,1.108,90,603
2003-03-30T00:00:00.000+10:00,1.037,90,603
2003-03-31T00:00:00.000+10:00,1.010,90,603
2003-04-01T00:00:00.000+10:00,0.992,90,603
2003-04-02T00:00:00.000+10:00,1.065,90,603
2003-04-03T00:00:00.000+10:00,1.043,90,603
2003-04-04T00:00:00.000+10:00,1.014,90,603
2003-04-05T00:00:00.000+10:00,0.972,90,603
2003-04-06T00:00:00.000+10:00,0.929,90,603
2003-04-07T00:00:00.000+10:00,0.880,90,603
2003-04-08T00:00:00.000+10:00,0.861,90,603
2003-04-09T00:00:00.000+10:00,0.831,90,603
2003-04-10T00:00:00.000+10:00,0.785,90,603
2003-04-11T00:00:00.000+10:00,0.775,90,603
2003-04-12T00:00:00.000+10:00,0.745,90,603
2003-04-13T00:00:00.000+10:00,0.666,90,603
2003-04-14T00:00:00.000+10:00,0.706,90,603
2003-04-15T00:00:00.000+10:00,0.719,90,603
2003-04-16T00:00:00.000+10:00,0.669,90,603
2003-04-17T00:00:00.000+10:00,0.602,90,603
2003-04-18T00:00:00.000+10:00,0.570,90,603
2003-04-19T00:00:00.000+10:00,0.562,90,603
2003-04-20T00:00:00.000+10:00,0.549,90,603
2003-04-21T00:00:00.000+10:00,0.520,90,603
2003-04-22T00:00:00.000+10:00,0.513,90,603
2003-04-23T00:00:00.000+10:00,0.505,90,603
2003-04-24T00:00:00.000+10:00,0.498,90,603
2003-04-25T00:00:00.000+10:00,0.495,90,603
2003-04-26T00:00:00.000+10:00,0.494,90,603
2003-04-27T00:00:00.000+10:00,0.501,90,603
2003-04-28T00:00:00.000+10:00,0.579,90,603
2003-04-29T00:00:00.000+10:00,0.737,90,603
2003-04-30T00:00:00.000+10:00,0.854,90,603
2003-05-01T00:00:00.000+10:00,0.881,90,603
2003-05-02T00:00:00.000+10:00,0.826,90,603
2003-05-03T00:00:00.000+10:00,0.743,90,603
2003-05-04T00:00:00.000+10:00,0.685,90,603
2003-05-05T00:00:00.000+10:00,0.648,90,603
2003-05-06T00:00:00.000+10:00,0.598,90,603
2003-05-07T00:00:00.000+10:00,0.594,90,603
2003-05-08T00:00:00.000+10:00,0.611,90,603
2003-05-09T00:00:00.000+10:00,0.610,90,603
2003-05-10T00:00:00.000+10:00,0.633,90,603
2003-05-11T00:00:00.000+10:00,0.681,90,603
2003-05-12T00:00:00.000+10:00,0.688,90,603
2003-05-13T00:00:00.000+10:00,0.683,90,603
2003-05-14T00:00:00.000+10:00,0.677,90,603
2003-05-15T00:00:00.000+10:00,0.665,90,603
2003-05-16T00:00:00.000+10:00,0.841,90,603
2003-05-17T00:00:00.000+10:00,2.665,90,603
2003-05-18T00:00:00.000+10:00,2.795,90,603
2003-05-19T00:00:00.000+10:00,1.949,90,603
2003-05-20T00:00:00.000+10:00,1.544,90,603
2003-05-21T00:00:00.000+10:00,1.351,90,603
2003-05-22T00:00:00.000+10:00,1.214,90,603
2003-05-23T00:00:00.000+10:00,1.117,90,603
2003-05-24T00:00:00.000+10:00,1.042,90,603
2003-05-25T00:00:00.000+10:00,0.970,90,603
2003-05-26T00:00:00.000+10:00,0.922,90,603
2003-05-27T00:00:00.000+10:00,0.868,90,603
2003-05-28T00:00:00.000+10:00,0.849,90,603
2003-05-29T00:00:00.000+10:00,0.876,90,603
2003-05-30T00:00:00.000+10:00,1.389,90,603
2003-05-31T00:00:00.000+10:00,1.329,90,603
2003-06-01T00:00:00.000+10:00,1.191,90,603
2003-06-02T00:00:00.000+10:00,1.101,90,603
2003-06-03T00:00:00.000+10:00,1.058,90,603
2003-06-04T00:00:00.000+10:00,1.007,90,603
2003-06-05T00:00:00.000+10:00,0.967,90,603
2003-06-06T00:00:00.000+10:00,0.936,90,603
2003-06-07T00:00:00.000+10:00,0.906,90,603
2003-06-08T00:00:00.000+10:00,0.876,90,603
2003-06-09T00:00:00.000+10:00,0.849,90,603
2003-06-10T00:00:00.000+10:00,0.828,90,603
2003-06-11T00:00:00.000+10:00,0.811,90,603
2003-06-12T00:00:00.000+10:00,0.798,90,603
2003-06-13T00:00:00.000+10:00,0.787,90,603
2003-06-14T00:00:00.000+10:00,0.778,90,603
2003-06-15T00:00:00.000+10:00,0.768,90,603
2003-06-16T00:00:00.000+10:00,0.758,90,603
2003-06-17T00:00:00.000+10:00,0.750,90,603
2003-06-18T00:00:00.000+10:00,0.741,90,603
2003-06-19T00:00:00.000+10:00,0.733,90,603
2003-06-20T00:00:00.000+10:00,0.697,90,603
2003-06-21T00:00:00.000+10:00,0.689,90,603
2003-06-22T00:00:00.000+10:00,0.686,90,603
2003-06-23T00:00:00.000+10:00,0.681,90,603
2003-06-24T00:00:00.000+10:00,0.675,90,603
2003-06-25T00:00:00.000+10:00,0.669,90,603
2003-06-26T00:00:00.000+10:00,0.649,90,603
2003-06-27T00:00:00.000+10:00,0.648,90,603
2003-06-28T00:00:00.000+10:00,0.659,90,603
2003-06-29T00:00:00.000+10:00,0.808,90,603
2003-06-30T00:00:00.000+10:00,0.938,90,603
2003-07-01T00:00:00.000+10:00,0.896,90,603
2003-07-02T00:00:00.000+10:00,0.844,90,603
2003-07-03T00:00:00.000+10:00,0.805,90,603
2003-07-04T00:00:00.000+10:00,0.767,90,603
2003-07-05T00:00:00.000+10:00,0.745,90,603
2003-07-06T00:00:00.000+10:00,0.711,90,603
2003-07-07T00:00:00.000+10:00,0.678,90,603
2003-07-08T00:00:00.000+10:00,0.655,90,603
2003-07-09T00:00:00.000+10:00,0.640,90,603
2003-07-10T00:00:00.000+10:00,0.596,90,603
2003-07-11T00:00:00.000+10:00,0.580,90,603
2003-07-12T00:00:00.000+10:00,0.575,90,603
2003-07-13T00:00:00.000+10:00,0.572,90,603
2003-07-14T00:00:00.000+10:00,0.566,90,603
2003-07-15T00:00:00.000+10:00,0.563,90,603
2003-07-16T00:00:00.000+10:00,0.563,90,603
2003-07-17T00:00:00.000+10:00,0.562,90,603
2003-07-18T00:00:00.000+10:00,0.560,90,603
2003-07-19T00:00:00.000+10:00,0.541,90,603
2003-07-20T00:00:00.000+10:00,0.517,90,603
2003-07-21T00:00:00.000+10:00,0.510,90,603
2003-07-22T00:00:00.000+10:00,0.507,90,603
2003-07-23T00:00:00.000+10:00,0.505,90,603
2003-07-24T00:00:00.000+10:00,0.493,90,603
2003-07-25T00:00:00.000+10:00,0.480,90,603
2003-07-26T00:00:00.000+10:00,0.474,90,603
2003-07-27T00:00:00.000+10:00,0.474,90,603
2003-07-28T00:00:00.000+10:00,0.474,90,603
2003-07-29T00:00:00.000+10:00,0.474,90,603
2003-07-30T00:00:00.000+10:00,0.474,90,603
2003-07-31T00:00:00.000+10:00,0.472,90,603
2003-08-01T00:00:00.000+10:00,0.469,90,603
2003-08-02T00:00:00.000+10:00,0.444,90,603
2003-08-03T00:00:00.000+10:00,0.395,90,603
2003-08-04T00:00:00.000+10:00,0.383,90,603
2003-08-05T00:00:00.000+10:00,0.378,90,603
2003-08-06T00:00:00.000+10:00,0.372,90,603
2003-08-07T00:00:00.000+10:00,0.370,90,603
2003-08-08T00:00:00.000+10:00,0.370,90,603
2003-08-09T00:00:00.000+10:00,0.371,90,603
2003-08-10T00:00:00.000+10:00,0.393,90,603
2003-08-11T00:00:00.000+10:00,0.402,90,603
2003-08-12T00:00:00.000+10:00,0.402,90,603
2003-08-13T00:00:00.000+10:00,0.403,90,603
2003-08-14T00:00:00.000+10:00,0.403,90,603
2003-08-15T00:00:00.000+10:00,0.401,90,603
2003-08-16T00:00:00.000+10:00,0.400,90,603
2003-08-17T00:00:00.000+10:00,0.390,90,603
2003-08-18T00:00:00.000+10:00,0.366,90,603
2003-08-19T00:00:00.000+10:00,0.359,90,603
2003-08-20T00:00:00.000+10:00,0.352,90,603
2003-08-21T00:00:00.000+10:00,0.349,90,603
2003-08-22T00:00:00.000+10:00,0.348,90,603
2003-08-23T00:00:00.000+10:00,0.347,90,603
2003-08-24T00:00:00.000+10:00,0.346,90,603
2003-08-25T00:00:00.000+10:00,0.341,90,603
2003-08-26T00:00:00.000+10:00,0.337,90,603
2003-08-27T00:00:00.000+10:00,0.333,90,603
2003-08-28T00:00:00.000+10:00,0.329,90,603
2003-08-29T00:00:00.000+10:00,0.329,90,603
2003-08-30T00:00:00.000+10:00,0.327,90,603
2003-08-31T00:00:00.000+10:00,0.325,90,603
2003-09-01T00:00:00.000+10:00,0.321,90,603
2003-09-02T00:00:00.000+10:00,0.317,90,603
2003-09-03T00:00:00.000+10:00,0.315,90,603
2003-09-04T00:00:00.000+10:00,0.312,90,603
2003-09-05T00:00:00.000+10:00,0.310,90,603
2003-09-06T00:00:00.000+10:00,0.309,90,603
2003-09-07T00:00:00.000+10:00,0.309,90,603
2003-09-08T00:00:00.000+10:00,0.307,90,603
2003-09-09T00:00:00.000+10:00,0.303,90,603
2003-09-10T00:00:00.000+10:00,0.301,90,603
2003-09-11T00:00:00.000+10:00,0.299,90,603
2003-09-12T00:00:00.000+10:00,0.296,90,603
2003-09-13T00:00:00.000+10:00,0.294,90,603
2003-09-14T00:00:00.000+10:00,0.292,90,603
2003-09-15T00:00:00.000+10:00,0.288,90,603
2003-09-16T00:00:00.000+10:00,0.284,90,603
2003-09-17T00:00:00.000+10:00,0.280,90,603
2003-09-18T00:00:00.000+10:00,0.275,90,603
2003-09-19T00:00:00.000+10:00,0.273,90,603
2003-09-20T00:00:00.000+10:00,0.271,90,603
2003-09-21T00:00:00.000+10:00,0.270,90,603
2003-09-22T00:00:00.000+10:00,0.266,90,603
2003-09-23T00:00:00.000+10:00,0.266,90,603
2003-09-24T00:00:00.000+10:00,0.265,90,603
2003-09-25T00:00:00.000+10:00,0.263,90,603
2003-09-26T00:00:00.000+10:00,0.258,90,603
2003-09-27T00:00:00.000+10:00,0.256,90,603
2003-09-28T00:00:00.000+10:00,0.251,90,603
2003-09-29T00:00:00.000+10:00,0.243,90,603
2003-09-30T00:00:00.000+10:00,0.239,90,603
2003-10-01T00:00:00.000+10:00,0.246,90,603
2003-10-02T00:00:00.000+10:00,0.330,90,603
2003-10-03T00:00:00.000+10:00,0.314,90,603
2003-10-04T00:00:00.000+10:00,0.309,90,603
2003-10-05T00:00:00.000+10:00,0.309,90,603
2003-10-06T00:00:00.000+10:00,0.312,90,603
2003-10-07T00:00:00.000+10:00,0.341,90,603
2003-10-08T00:00:00.000+10:00,0.333,90,603
2003-10-09T00:00:00.000+10:00,0.320,90,603
2003-10-10T00:00:00.000+10:00,0.307,90,603
2003-10-11T00:00:00.000+10:00,0.296,90,603
2003-10-12T00:00:00.000+10:00,0.290,90,603
2003-10-13T00:00:00.000+10:00,0.284,90,603
2003-10-14T00:00:00.000+10:00,0.279,90,603
2003-10-15T00:00:00.000+10:00,0.276,90,603
2003-10-16T00:00:00.000+10:00,0.276,90,603
2003-10-17T00:00:00.000+10:00,0.285,90,603
2003-10-18T00:00:00.000+10:00,0.350,90,603
2003-10-19T00:00:00.000+10:00,0.360,90,603
2003-10-20T00:00:00.000+10:00,0.372,90,603
2003-10-21T00:00:00.000+10:00,0.345,90,603
2003-10-22T00:00:00.000+10:00,0.322,90,603
2003-10-23T00:00:00.000+10:00,0.309,90,603
2003-10-24T00:00:00.000+10:00,0.298,90,603
2003-10-25T00:00:00.000+10:00,0.290,90,603
2003-10-26T00:00:00.000+10:00,0.289,90,603
2003-10-27T00:00:00.000+10:00,0.286,90,603
2003-10-28T00:00:00.000+10:00,0.277,90,603
2003-10-29T00:00:00.000+10:00,0.269,90,603
2003-10-30T00:00:00.000+10:00,0.265,90,603
2003-10-31T00:00:00.000+10:00,0.261,90,603
2003-11-01T00:00:00.000+10:00,0.254,90,603
2003-11-02T00:00:00.000+10:00,0.247,90,603
2003-11-03T00:00:00.000+10:00,0.242,90,603
2003-11-04T00:00:00.000+10:00,0.241,90,603
2003-11-05T00:00:00.000+10:00,0.236,90,603
2003-11-06T00:00:00.000+10:00,0.233,90,603
2003-11-07T00:00:00.000+10:00,0.229,90,603
2003-11-08T00:00:00.000+10:00,0.226,90,603
2003-11-09T00:00:00.000+10:00,0.220,90,603
2003-11-10T00:00:00.000+10:00,0.207,90,603
2003-11-11T00:00:00.000+10:00,0.204,90,603
2003-11-12T00:00:00.000+10:00,0.189,90,603
2003-11-13T00:00:00.000+10:00,0.165,90,603
2003-11-14T00:00:00.000+10:00,0.164,90,603
2003-11-15T00:00:00.000+10:00,0.164,90,603
2003-11-16T00:00:00.000+10:00,0.163,90,603
2003-11-17T00:00:00.000+10:00,0.156,90,603
2003-11-18T00:00:00.000+10:00,0.154,90,603
2003-11-19T00:00:00.000+10:00,0.154,90,603
2003-11-20T00:00:00.000+10:00,0.151,90,603
2003-11-21T00:00:00.000+10:00,0.148,90,603
2003-11-22T00:00:00.000+10:00,0.191,90,603
2003-11-23T00:00:00.000+10:00,0.182,90,603
2003-11-24T00:00:00.000+10:00,0.182,90,603
2003-11-25T00:00:00.000+10:00,0.199,90,603
2003-11-26T00:00:00.000+10:00,0.309,90,603
2003-11-27T00:00:00.000+10:00,0.328,90,603
2003-11-28T00:00:00.000+10:00,0.280,90,603
2003-11-29T00:00:00.000+10:00,0.262,90,603
2003-11-30T00:00:00.000+10:00,0.246,90,603
2003-12-01T00:00:00.000+10:00,0.229,90,603
2003-12-02T00:00:00.000+10:00,0.215,90,603
2003-12-03T00:00:00.000+10:00,0.203,90,603
2003-12-04T00:00:00.000+10:00,0.192,90,603
2003-12-05T00:00:00.000+10:00,0.194,90,603
2003-12-06T00:00:00.000+10:00,0.199,90,603
2003-12-07T00:00:00.000+10:00,0.206,90,603
2003-12-08T00:00:00.000+10:00,0.250,90,603
2003-12-09T00:00:00.000+10:00,0.264,90,603
2003-12-10T00:00:00.000+10:00,0.252,90,603
2003-12-11T00:00:00.000+10:00,0.358,90,603
2003-12-12T00:00:00.000+10:00,0.332,90,603
2003-12-13T00:00:00.000+10:00,0.296,90,603
2003-12-14T00:00:00.000+10:00,0.251,90,603
2003-12-15T00:00:00.000+10:00,0.244,90,603
2003-12-16T00:00:00.000+10:00,0.242,90,603
2003-12-17T00:00:00.000+10:00,0.215,90,603
2003-12-18T00:00:00.000+10:00,0.208,90,603
2003-12-19T00:00:00.000+10:00,0.339,90,603
2003-12-20T00:00:00.000+10:00,0.457,90,603
2003-12-21T00:00:00.000+10:00,0.378,90,603
2003-12-22T00:00:00.000+10:00,0.346,90,603
2003-12-23T00:00:00.000+10:00,0.296,90,603
2003-12-24T00:00:00.000+10:00,0.242,90,603
2003-12-25T00:00:00.000+10:00,0.214,90,603
2003-12-26T00:00:00.000+10:00,0.196,90,603
2003-12-27T00:00:00.000+10:00,0.195,90,603
2003-12-28T00:00:00.000+10:00,0.207,90,603
2003-12-29T00:00:00.000+10:00,0.191,90,603
2003-12-30T00:00:00.000+10:00,0.182,90,603
2003-12-31T00:00:00.000+10:00,0.177,90,603
2004-01-01T00:00:00.000+10:00,0.170,90,603
2004-01-02T00:00:00.000+10:00,0.165,90,603
2004-01-03T00:00:00.000+10:00,0.157,90,603
2004-01-04T00:00:00.000+10:00,0.151,90,603
2004-01-05T00:00:00.000+10:00,0.150,90,603
2004-01-06T00:00:00.000+10:00,0.144,90,603
2004-01-07T00:00:00.000+10:00,0.138,90,603
2004-01-08T00:00:00.000+10:00,0.130,90,603
2004-01-09T00:00:00.000+10:00,0.120,90,603
2004-01-10T00:00:00.000+10:00,0.118,90,603
2004-01-11T00:00:00.000+10:00,0.149,90,603
2004-01-12T00:00:00.000+10:00,0.438,90,603
2004-01-13T00:00:00.000+10:00,0.448,90,603
2004-01-14T00:00:00.000+10:00,0.596,90,603
2004-01-15T00:00:00.000+10:00,0.626,90,603
2004-01-16T00:00:00.000+10:00,2.272,90,603
2004-01-17T00:00:00.000+10:00,2.690,90,603
2004-01-18T00:00:00.000+10:00,2.067,90,603
2004-01-19T00:00:00.000+10:00,1.522,90,603
2004-01-20T00:00:00.000+10:00,1.210,90,603
2004-01-21T00:00:00.000+10:00,1.059,90,603
2004-01-22T00:00:00.000+10:00,1.003,90,603
2004-01-23T00:00:00.000+10:00,0.984,90,603
2004-01-24T00:00:00.000+10:00,1.169,90,603
2004-01-25T00:00:00.000+10:00,1.140,90,603
2004-01-26T00:00:00.000+10:00,1.367,90,603
2004-01-27T00:00:00.000+10:00,1.070,90,603
2004-01-28T00:00:00.000+10:00,1.034,90,603
2004-01-29T00:00:00.000+10:00,0.987,90,603
2004-01-30T00:00:00.000+10:00,0.972,90,603
2004-01-31T00:00:00.000+10:00,0.902,90,603
2004-02-01T00:00:00.000+10:00,0.834,90,603
2004-02-02T00:00:00.000+10:00,0.786,90,603
2004-02-03T00:00:00.000+10:00,0.824,90,603
2004-02-04T00:00:00.000+10:00,0.824,90,603
2004-02-05T00:00:00.000+10:00,0.747,90,603
2004-02-06T00:00:00.000+10:00,0.738,90,603
2004-02-07T00:00:00.000+10:00,0.710,90,603
2004-02-08T00:00:00.000+10:00,0.639,90,603
2004-02-09T00:00:00.000+10:00,0.616,90,603
2004-02-10T00:00:00.000+10:00,0.601,90,603
2004-02-11T00:00:00.000+10:00,0.527,90,603
2004-02-12T00:00:00.000+10:00,0.510,90,603
2004-02-13T00:00:00.000+10:00,0.477,90,603
2004-02-14T00:00:00.000+10:00,0.496,90,603
2004-02-15T00:00:00.000+10:00,0.504,90,603
2004-02-16T00:00:00.000+10:00,0.573,90,603
2004-02-17T00:00:00.000+10:00,0.567,90,603
2004-02-18T00:00:00.000+10:00,0.494,90,603
2004-02-19T00:00:00.000+10:00,0.489,90,603
2004-02-20T00:00:00.000+10:00,0.485,90,603
2004-02-21T00:00:00.000+10:00,0.535,90,603
2004-02-22T00:00:00.000+10:00,0.558,90,603
2004-02-23T00:00:00.000+10:00,0.490,90,603
2004-02-24T00:00:00.000+10:00,0.458,90,603
2004-02-25T00:00:00.000+10:00,0.476,90,603
2004-02-26T00:00:00.000+10:00,0.614,90,603
2004-02-27T00:00:00.000+10:00,0.666,90,603
2004-02-28T00:00:00.000+10:00,0.667,90,603
2004-02-29T00:00:00.000+10:00,0.709,90,603
2004-03-01T00:00:00.000+10:00,0.732,90,603
2004-03-02T00:00:00.000+10:00,0.716,90,603
2004-03-03T00:00:00.000+10:00,0.743,90,603
2004-03-04T00:00:00.000+10:00,0.712,90,603
2004-03-05T00:00:00.000+10:00,0.673,90,603
2004-03-06T00:00:00.000+10:00,0.940,90,603
2004-03-07T00:00:00.000+10:00,1.464,90,603
2004-03-08T00:00:00.000+10:00,2.796,90,603
2004-03-09T00:00:00.000+10:00,2.049,90,603
2004-03-10T00:00:00.000+10:00,1.488,90,603
2004-03-11T00:00:00.000+10:00,1.245,90,603
2004-03-12T00:00:00.000+10:00,1.096,90,603
2004-03-13T00:00:00.000+10:00,1.009,90,603
2004-03-14T00:00:00.000+10:00,0.967,90,603
2004-03-15T00:00:00.000+10:00,0.976,90,603
2004-03-16T00:00:00.000+10:00,1.209,90,603
2004-03-17T00:00:00.000+10:00,1.175,90,603
2004-03-18T00:00:00.000+10:00,1.412,90,603
2004-03-19T00:00:00.000+10:00,1.468,90,603
2004-03-20T00:00:00.000+10:00,1.621,90,603
2004-03-21T00:00:00.000+10:00,1.413,90,603
2004-03-22T00:00:00.000+10:00,1.211,90,603
2004-03-23T00:00:00.000+10:00,1.130,90,603
2004-03-24T00:00:00.000+10:00,1.894,90,603
2004-03-25T00:00:00.000+10:00,3.294,90,603
2004-03-26T00:00:00.000+10:00,3.848,90,603
2004-03-27T00:00:00.000+10:00,2.436,90,603
2004-03-28T00:00:00.000+10:00,1.779,90,603
2004-03-29T00:00:00.000+10:00,1.520,90,603
2004-03-30T00:00:00.000+10:00,1.374,90,603
2004-03-31T00:00:00.000+10:00,1.265,90,603
2004-04-01T00:00:00.000+10:00,1.184,90,603
2004-04-02T00:00:00.000+10:00,1.116,90,603
2004-04-03T00:00:00.000+10:00,1.069,90,603
2004-04-04T00:00:00.000+10:00,1.077,90,603
2004-04-05T00:00:00.000+10:00,1.086,90,603
2004-04-06T00:00:00.000+10:00,1.029,90,603
2004-04-07T00:00:00.000+10:00,1.000,90,603
2004-04-08T00:00:00.000+10:00,1.001,90,603
2004-04-09T00:00:00.000+10:00,1.050,90,603
2004-04-10T00:00:00.000+10:00,1.048,90,603
2004-04-11T00:00:00.000+10:00,1.017,90,603
2004-04-12T00:00:00.000+10:00,0.982,90,603
2004-04-13T00:00:00.000+10:00,0.947,90,603
2004-04-14T00:00:00.000+10:00,0.916,90,603
2004-04-15T00:00:00.000+10:00,0.893,90,603
2004-04-16T00:00:00.000+10:00,0.872,90,603
2004-04-17T00:00:00.000+10:00,0.858,90,603
2004-04-18T00:00:00.000+10:00,0.845,90,603
2004-04-19T00:00:00.000+10:00,0.831,90,603
2004-04-20T00:00:00.000+10:00,0.818,90,603
2004-04-21T00:00:00.000+10:00,0.780,90,603
2004-04-22T00:00:00.000+10:00,0.767,90,603
2004-04-23T00:00:00.000+10:00,0.760,90,603
2004-04-24T00:00:00.000+10:00,0.751,90,603
2004-04-25T00:00:00.000+10:00,0.744,90,603
2004-04-26T00:00:00.000+10:00,0.731,90,603
2004-04-27T00:00:00.000+10:00,0.692,90,603
2004-04-28T00:00:00.000+10:00,0.651,90,603
2004-04-29T00:00:00.000+10:00,0.653,90,603
2004-04-30T00:00:00.000+10:00,0.662,90,603
2004-05-01T00:00:00.000+10:00,0.701,90,603
2004-05-02T00:00:00.000+10:00,0.719,90,603
2004-05-03T00:00:00.000+10:00,0.721,90,603
2004-05-04T00:00:00.000+10:00,0.721,90,603
2004-05-05T00:00:00.000+10:00,0.661,90,603
2004-05-06T00:00:00.000+10:00,0.646,90,603
2004-05-07T00:00:00.000+10:00,0.587,90,603
2004-05-08T00:00:00.000+10:00,0.531,90,603
2004-05-09T00:00:00.000+10:00,0.524,90,603
2004-05-10T00:00:00.000+10:00,0.517,90,603
2004-05-11T00:00:00.000+10:00,0.511,90,603
2004-05-12T00:00:00.000+10:00,0.510,90,603
2004-05-13T00:00:00.000+10:00,0.513,90,603
2004-05-14T00:00:00.000+10:00,0.513,90,603
2004-05-15T00:00:00.000+10:00,0.513,90,603
2004-05-16T00:00:00.000+10:00,0.510,90,603
2004-05-17T00:00:00.000+10:00,0.454,90,603
2004-05-18T00:00:00.000+10:00,0.447,90,603
2004-05-19T00:00:00.000+10:00,0.450,90,603
2004-05-20T00:00:00.000+10:00,0.443,90,603
2004-05-21T00:00:00.000+10:00,0.447,90,603
2004-05-22T00:00:00.000+10:00,0.445,90,603
2004-05-23T00:00:00.000+10:00,0.439,90,603
2004-05-24T00:00:00.000+10:00,0.438,90,603
2004-05-25T00:00:00.000+10:00,0.427,90,603
2004-05-26T00:00:00.000+10:00,0.423,90,603
2004-05-27T00:00:00.000+10:00,0.423,90,603
2004-05-28T00:00:00.000+10:00,0.422,90,603
2004-05-29T00:00:00.000+10:00,0.417,90,603
2004-05-30T00:00:00.000+10:00,0.414,90,603
2004-05-31T00:00:00.000+10:00,0.412,90,603
2004-06-01T00:00:00.000+10:00,0.411,90,603
2004-06-02T00:00:00.000+10:00,0.408,90,603
2004-06-03T00:00:00.000+10:00,0.404,90,603
2004-06-04T00:00:00.000+10:00,0.387,90,603
2004-06-05T00:00:00.000+10:00,0.380,90,603
2004-06-06T00:00:00.000+10:00,0.379,90,603
2004-06-07T00:00:00.000+10:00,0.379,90,603
2004-06-08T00:00:00.000+10:00,0.379,90,603
2004-06-09T00:00:00.000+10:00,0.378,90,603
2004-06-10T00:00:00.000+10:00,,-1,603
2004-06-11T00:00:00.000+10:00,0.376,140,603
2004-06-12T00:00:00.000+10:00,0.367,140,603
2004-06-13T00:00:00.000+10:00,0.339,140,603
2004-06-14T00:00:00.000+10:00,0.333,140,603
2004-06-15T00:00:00.000+10:00,0.331,140,603
2004-06-16T00:00:00.000+10:00,0.323,140,603
2004-06-17T00:00:00.000+10:00,0.319,140,603
2004-06-18T00:00:00.000+10:00,0.316,140,603
2004-06-19T00:00:00.000+10:00,0.311,140,603
2004-06-20T00:00:00.000+10:00,0.304,140,603
2004-06-21T00:00:00.000+10:00,0.300,140,603
2004-06-22T00:00:00.000+10:00,0.297,140,603
2004-06-23T00:00:00.000+10:00,0.296,140,603
2004-06-24T00:00:00.000+10:00,0.294,140,603
2004-06-25T00:00:00.000+10:00,0.290,140,603
2004-06-26T00:00:00.000+10:00,0.285,140,603
2004-06-27T00:00:00.000+10:00,0.283,140,603
2004-06-28T00:00:00.000+10:00,0.282,140,603
2004-06-29T00:00:00.000+10:00,0.280,140,603
2004-06-30T00:00:00.000+10:00,0.278,140,603
2004-07-01T00:00:00.000+10:00,0.278,140,603
2004-07-02T00:00:00.000+10:00,0.277,140,603
2004-07-03T00:00:00.000+10:00,0.276,140,603
2004-07-04T00:00:00.000+10:00,0.275,140,603
2004-07-05T00:00:00.000+10:00,0.273,140,603
2004-07-06T00:00:00.000+10:00,0.267,140,603
2004-07-07T00:00:00.000+10:00,0.267,140,603
2004-07-08T00:00:00.000+10:00,0.282,140,603
2004-07-09T00:00:00.000+10:00,0.284,140,603
2004-07-10T00:00:00.000+10:00,0.271,140,603
2004-07-11T00:00:00.000+10:00,0.263,140,603
2004-07-12T00:00:00.000+10:00,0.262,140,603
2004-07-13T00:00:00.000+10:00,0.261,140,603
2004-07-14T00:00:00.000+10:00,0.260,140,603
2004-07-15T00:00:00.000+10:00,0.260,140,603
2004-07-16T00:00:00.000+10:00,0.260,140,603
2004-07-17T00:00:00.000+10:00,0.262,140,603
2004-07-18T00:00:00.000+10:00,0.264,140,603
2004-07-19T00:00:00.000+10:00,0.263,140,603
2004-07-20T00:00:00.000+10:00,0.260,140,603
2004-07-21T00:00:00.000+10:00,0.257,140,603
2004-07-22T00:00:00.000+10:00,0.255,140,603
2004-07-23T00:00:00.000+10:00,0.253,140,603
2004-07-24T00:00:00.000+10:00,0.252,140,603
2004-07-25T00:00:00.000+10:00,0.252,140,603
2004-07-26T00:00:00.000+10:00,0.248,140,603
2004-07-27T00:00:00.000+10:00,0.253,140,603
2004-07-28T00:00:00.000+10:00,0.255,140,603
2004-07-29T00:00:00.000+10:00,0.255,140,603
2004-07-30T00:00:00.000+10:00,0.251,140,603
2004-07-31T00:00:00.000+10:00,0.249,140,603
2004-08-01T00:00:00.000+10:00,0.248,140,603
2004-08-02T00:00:00.000+10:00,0.248,140,603
2004-08-03T00:00:00.000+10:00,0.249,140,603
2004-08-04T00:00:00.000+10:00,0.250,140,603
2004-08-05T00:00:00.000+10:00,0.250,140,603
2004-08-06T00:00:00.000+10:00,0.249,140,603
2004-08-07T00:00:00.000+10:00,0.245,140,603
2004-08-08T00:00:00.000+10:00,0.240,140,603
2004-08-09T00:00:00.000+10:00,0.238,140,603
2004-08-10T00:00:00.000+10:00,0.235,140,603
2004-08-11T00:00:00.000+10:00,0.232,140,603
2004-08-12T00:00:00.000+10:00,0.231,140,603
2004-08-13T00:00:00.000+10:00,0.229,140,603
2004-08-14T00:00:00.000+10:00,0.226,140,603
2004-08-15T00:00:00.000+10:00,0.223,140,603
2004-08-16T00:00:00.000+10:00,0.220,140,603
2004-08-17T00:00:00.000+10:00,0.217,140,603
2004-08-18T00:00:00.000+10:00,0.217,140,603
2004-08-19T00:00:00.000+10:00,0.220,140,603
2004-08-20T00:00:00.000+10:00,0.220,140,603
2004-08-21T00:00:00.000+10:00,0.220,140,603
2004-08-22T00:00:00.000+10:00,0.218,140,603
2004-08-23T00:00:00.000+10:00,0.216,140,603
2004-08-24T00:00:00.000+10:00,0.216,140,603
2004-08-25T00:00:00.000+10:00,0.215,140,603
2004-08-26T00:00:00.000+10:00,0.215,140,603
2004-08-27T00:00:00.000+10:00,0.215,140,603
2004-08-28T00:00:00.000+10:00,0.214,140,603
2004-08-29T00:00:00.000+10:00,0.213,140,603
2004-08-30T00:00:00.000+10:00,0.212,140,603
2004-08-31T00:00:00.000+10:00,0.209,140,603
2004-09-01T00:00:00.000+10:00,0.201,140,603
2004-09-02T00:00:00.000+10:00,0.196,140,603
2004-09-03T00:00:00.000+10:00,0.199,140,603
2004-09-04T00:00:00.000+10:00,0.203,140,603
2004-09-05T00:00:00.000+10:00,0.206,140,603
2004-09-06T00:00:00.000+10:00,0.208,140,603
2004-09-07T00:00:00.000+10:00,0.206,140,603
2004-09-08T00:00:00.000+10:00,0.194,140,603
2004-09-09T00:00:00.000+10:00,0.210,140,603
2004-09-10T00:00:00.000+10:00,0.214,140,603
2004-09-11T00:00:00.000+10:00,0.220,140,603
2004-09-12T00:00:00.000+10:00,0.219,140,603
2004-09-13T00:00:00.000+10:00,0.210,140,603
2004-09-14T00:00:00.000+10:00,0.207,140,603
2004-09-15T00:00:00.000+10:00,0.207,140,603
2004-09-16T00:00:00.000+10:00,0.207,140,603
2004-09-17T00:00:00.000+10:00,0.209,140,603
2004-09-18T00:00:00.000+10:00,0.217,140,603
2004-09-19T00:00:00.000+10:00,0.219,140,603
2004-09-20T00:00:00.000+10:00,0.215,140,603
2004-09-21T00:00:00.000+10:00,0.211,140,603
2004-09-22T00:00:00.000+10:00,0.211,140,603
2004-09-23T00:00:00.000+10:00,0.213,140,603
2004-09-24T00:00:00.000+10:00,0.208,140,603
2004-09-25T00:00:00.000+10:00,0.204,140,603
2004-09-26T00:00:00.000+10:00,0.201,140,603
2004-09-27T00:00:00.000+10:00,0.198,140,603
2004-09-28T00:00:00.000+10:00,0.194,140,603
2004-09-29T00:00:00.000+10:00,0.186,140,603
2004-09-30T00:00:00.000+10:00,0.178,140,603
2004-10-01T00:00:00.000+10:00,0.190,140,603
2004-10-02T00:00:00.000+10:00,0.192,140,603
2004-10-03T00:00:00.000+10:00,0.177,140,603
2004-10-04T00:00:00.000+10:00,0.175,140,603
2004-10-05T00:00:00.000+10:00,0.175,140,603
2004-10-06T00:00:00.000+10:00,0.169,140,603
2004-10-07T00:00:00.000+10:00,0.165,140,603
2004-10-08T00:00:00.000+10:00,0.163,140,603
2004-10-09T00:00:00.000+10:00,0.165,140,603
2004-10-10T00:00:00.000+10:00,0.165,140,603
2004-10-11T00:00:00.000+10:00,0.160,140,603
2004-10-12T00:00:00.000+10:00,0.153,140,603
2004-10-13T00:00:00.000+10:00,0.146,140,603
2004-10-14T00:00:00.000+10:00,0.140,140,603
2004-10-15T00:00:00.000+10:00,0.135,140,603
2004-10-16T00:00:00.000+10:00,0.128,140,603
2004-10-17T00:00:00.000+10:00,0.129,140,603
2004-10-18T00:00:00.000+10:00,0.182,140,603
2004-10-19T00:00:00.000+10:00,0.214,140,603
2004-10-20T00:00:00.000+10:00,0.475,140,603
2004-10-21T00:00:00.000+10:00,2.949,140,603
2004-10-22T00:00:00.000+10:00,4.353,140,603
2004-10-23T00:00:00.000+10:00,3.071,140,603
2004-10-24T00:00:00.000+10:00,1.807,140,603
2004-10-25T00:00:00.000+10:00,1.428,140,603
2004-10-26T00:00:00.000+10:00,1.237,140,603
2004-10-27T00:00:00.000+10:00,1.106,140,603
2004-10-28T00:00:00.000+10:00,0.994,140,603
2004-10-29T00:00:00.000+10:00,0.932,140,603
2004-10-30T00:00:00.000+10:00,0.879,140,603
2004-10-31T00:00:00.000+10:00,0.806,140,603
2004-11-01T00:00:00.000+10:00,0.767,140,603
2004-11-02T00:00:00.000+10:00,0.610,140,603
2004-11-03T00:00:00.000+10:00,0.600,140,603
2004-11-04T00:00:00.000+10:00,0.582,140,603
2004-11-05T00:00:00.000+10:00,0.561,140,603
2004-11-06T00:00:00.000+10:00,0.528,140,603
2004-11-07T00:00:00.000+10:00,0.515,140,603
2004-11-08T00:00:00.000+10:00,0.510,140,603
2004-11-09T00:00:00.000+10:00,0.530,140,603
2004-11-10T00:00:00.000+10:00,0.720,140,603
2004-11-11T00:00:00.000+10:00,0.819,140,603
2004-11-12T00:00:00.000+10:00,0.779,140,603
2004-11-13T00:00:00.000+10:00,0.743,140,603
2004-11-14T00:00:00.000+10:00,0.723,140,603
2004-11-15T00:00:00.000+10:00,0.680,140,603
2004-11-16T00:00:00.000+10:00,0.582,140,603
2004-11-17T00:00:00.000+10:00,0.506,140,603
2004-11-18T00:00:00.000+10:00,0.493,140,603
2004-11-19T00:00:00.000+10:00,0.484,140,603
2004-11-20T00:00:00.000+10:00,0.468,140,603
2004-11-21T00:00:00.000+10:00,0.438,140,603
2004-11-22T00:00:00.000+10:00,0.435,140,603
2004-11-23T00:00:00.000+10:00,0.441,140,603
2004-11-24T00:00:00.000+10:00,0.514,140,603
2004-11-25T00:00:00.000+10:00,0.632,140,603
2004-11-26T00:00:00.000+10:00,0.620,140,603
2004-11-27T00:00:00.000+10:00,0.624,140,603
2004-11-28T00:00:00.000+10:00,0.621,140,603
2004-11-29T00:00:00.000+10:00,0.574,140,603
2004-11-30T00:00:00.000+10:00,0.515,140,603
2004-12-01T00:00:00.000+10:00,0.489,140,603
2004-12-02T00:00:00.000+10:00,0.478,140,603
2004-12-03T00:00:00.000+10:00,0.472,140,603
2004-12-04T00:00:00.000+10:00,0.436,140,603
2004-12-05T00:00:00.000+10:00,0.423,140,603
2004-12-06T00:00:00.000+10:00,0.517,140,603
2004-12-07T00:00:00.000+10:00,0.429,140,603
2004-12-08T00:00:00.000+10:00,0.444,140,603
2004-12-09T00:00:00.000+10:00,0.493,140,603
2004-12-10T00:00:00.000+10:00,0.617,140,603
2004-12-11T00:00:00.000+10:00,0.656,140,603
2004-12-12T00:00:00.000+10:00,0.677,140,603
2004-12-13T00:00:00.000+10:00,0.684,140,603
2004-12-14T00:00:00.000+10:00,0.694,140,603
2004-12-15T00:00:00.000+10:00,0.691,140,603
2004-12-16T00:00:00.000+10:00,0.686,140,603
2004-12-17T00:00:00.000+10:00,0.697,140,603
2004-12-18T00:00:00.000+10:00,0.643,140,603
2004-12-19T00:00:00.000+10:00,0.634,140,603
2004-12-20T00:00:00.000+10:00,0.629,140,603
2004-12-21T00:00:00.000+10:00,0.623,140,603
2004-12-22T00:00:00.000+10:00,0.658,140,603
2004-12-23T00:00:00.000+10:00,0.750,140,603
2004-12-24T00:00:00.000+10:00,0.764,140,603
2004-12-25T00:00:00.000+10:00,0.737,140,603
2004-12-26T00:00:00.000+10:00,0.724,140,603
2004-12-27T00:00:00.000+10:00,0.686,140,603
2004-12-28T00:00:00.000+10:00,0.726,140,603
2004-12-29T00:00:00.000+10:00,0.718,140,603
2004-12-30T00:00:00.000+10:00,0.703,140,603
2004-12-31T00:00:00.000+10:00,0.692,140,603
2005-01-01T00:00:00.000+10:00,0.672,140,603
2005-01-02T00:00:00.000+10:00,0.612,140,603
2005-01-03T00:00:00.000+10:00,0.592,140,603
2005-01-04T00:00:00.000+10:00,0.574,140,603
2005-01-05T00:00:00.000+10:00,0.554,140,603
2005-01-06T00:00:00.000+10:00,0.531,140,603
2005-01-07T00:00:00.000+10:00,0.543,140,603
2005-01-08T00:00:00.000+10:00,0.524,140,603
2005-01-09T00:00:00.000+10:00,0.501,140,603
2005-01-10T00:00:00.000+10:00,0.491,140,603
2005-01-11T00:00:00.000+10:00,0.443,140,603
2005-01-12T00:00:00.000+10:00,0.426,140,603
2005-01-13T00:00:00.000+10:00,0.421,140,603
2005-01-14T00:00:00.000+10:00,0.419,140,603
2005-01-15T00:00:00.000+10:00,0.416,140,603
2005-01-16T00:00:00.000+10:00,0.409,140,603
2005-01-17T00:00:00.000+10:00,0.405,140,603
2005-01-18T00:00:00.000+10:00,0.394,140,603
2005-01-19T00:00:00.000+10:00,0.424,140,603
2005-01-20T00:00:00.000+10:00,0.592,140,603
2005-01-21T00:00:00.000+10:00,0.620,140,603
2005-01-22T00:00:00.000+10:00,0.674,140,603
2005-01-23T00:00:00.000+10:00,0.839,140,603
2005-01-24T00:00:00.000+10:00,1.688,140,603
2005-01-25T00:00:00.000+10:00,1.703,140,603
2005-01-26T00:00:00.000+10:00,1.532,140,603
2005-01-27T00:00:00.000+10:00,1.422,140,603
2005-01-28T00:00:00.000+10:00,1.734,140,603
2005-01-29T00:00:00.000+10:00,2.097,140,603
2005-01-30T00:00:00.000+10:00,2.234,140,603
2005-01-31T00:00:00.000+10:00,1.679,140,603
2005-02-01T00:00:00.000+10:00,1.379,140,603
2005-02-02T00:00:00.000+10:00,1.208,140,603
2005-02-03T00:00:00.000+10:00,1.091,140,603
2005-02-04T00:00:00.000+10:00,1.012,140,603
2005-02-05T00:00:00.000+10:00,0.955,140,603
2005-02-06T00:00:00.000+10:00,0.904,140,603
2005-02-07T00:00:00.000+10:00,0.865,140,603
2005-02-08T00:00:00.000+10:00,0.833,140,603
2005-02-09T00:00:00.000+10:00,0.812,140,603
2005-02-10T00:00:00.000+10:00,0.805,140,603
2005-02-11T00:00:00.000+10:00,0.806,140,603
2005-02-12T00:00:00.000+10:00,0.780,140,603
2005-02-13T00:00:00.000+10:00,0.762,140,603
2005-02-14T00:00:00.000+10:00,0.752,140,603
2005-02-15T00:00:00.000+10:00,0.742,140,603
2005-02-16T00:00:00.000+10:00,0.731,140,603
2005-02-17T00:00:00.000+10:00,0.724,140,603
2005-02-18T00:00:00.000+10:00,0.733,140,603
2005-02-19T00:00:00.000+10:00,0.757,140,603
2005-02-20T00:00:00.000+10:00,0.881,140,603
2005-02-21T00:00:00.000+10:00,1.030,140,603
2005-02-22T00:00:00.000+10:00,0.941,140,603
2005-02-23T00:00:00.000+10:00,0.890,140,603
2005-02-24T00:00:00.000+10:00,0.863,140,603
2005-02-25T00:00:00.000+10:00,0.847,140,603
2005-02-26T00:00:00.000+10:00,0.822,140,603
2005-02-27T00:00:00.000+10:00,0.821,140,603
2005-02-28T00:00:00.000+10:00,0.807,140,603
2005-03-01T00:00:00.000+10:00,0.791,140,603
2005-03-02T00:00:00.000+10:00,0.777,140,603
2005-03-03T00:00:00.000+10:00,0.767,140,603
2005-03-04T00:00:00.000+10:00,0.757,140,603
2005-03-05T00:00:00.000+10:00,0.752,140,603
2005-03-06T00:00:00.000+10:00,0.747,140,603
2005-03-07T00:00:00.000+10:00,0.734,140,603
2005-03-08T00:00:00.000+10:00,0.627,140,603
2005-03-09T00:00:00.000+10:00,0.622,140,603
2005-03-10T00:00:00.000+10:00,0.607,140,603
2005-03-11T00:00:00.000+10:00,0.604,140,603
2005-03-12T00:00:00.000+10:00,0.648,140,603
2005-03-13T00:00:00.000+10:00,0.670,140,603
2005-03-14T00:00:00.000+10:00,0.641,140,603
2005-03-15T00:00:00.000+10:00,0.589,140,603
2005-03-16T00:00:00.000+10:00,0.569,140,603
2005-03-17T00:00:00.000+10:00,0.560,140,603
2005-03-18T00:00:00.000+10:00,0.583,140,603
2005-03-19T00:00:00.000+10:00,0.603,140,603
2005-03-20T00:00:00.000+10:00,0.681,140,603
2005-03-21T00:00:00.000+10:00,0.682,140,603
2005-03-22T00:00:00.000+10:00,0.673,140,603
2005-03-23T00:00:00.000+10:00,0.623,140,603
2005-03-24T00:00:00.000+10:00,0.559,140,603
2005-03-25T00:00:00.000+10:00,0.509,140,603
2005-03-26T00:00:00.000+10:00,0.489,140,603
2005-03-27T00:00:00.000+10:00,0.494,140,603
2005-03-28T00:00:00.000+10:00,0.438,140,603
2005-03-29T00:00:00.000+10:00,0.467,140,603
2005-03-30T00:00:00.000+10:00,0.421,140,603
2005-03-31T00:00:00.000+10:00,0.448,140,603
2005-04-01T00:00:00.000+10:00,0.441,140,603
2005-04-02T00:00:00.000+10:00,0.406,140,603
2005-04-03T00:00:00.000+10:00,0.344,140,603
2005-04-04T00:00:00.000+10:00,0.329,140,603
2005-04-05T00:00:00.000+10:00,0.324,140,603
2005-04-06T00:00:00.000+10:00,0.341,140,603
2005-04-07T00:00:00.000+10:00,0.354,140,603
2005-04-08T00:00:00.000+10:00,0.468,140,603
2005-04-09T00:00:00.000+10:00,0.527,140,603
2005-04-10T00:00:00.000+10:00,0.506,140,603
2005-04-11T00:00:00.000+10:00,0.502,140,603
2005-04-12T00:00:00.000+10:00,0.501,140,603
2005-04-13T00:00:00.000+10:00,0.453,140,603
2005-04-14T00:00:00.000+10:00,0.447,140,603
2005-04-15T00:00:00.000+10:00,0.444,140,603
2005-04-16T00:00:00.000+10:00,0.436,140,603
2005-04-17T00:00:00.000+10:00,0.394,140,603
2005-04-18T00:00:00.000+10:00,0.394,140,603
2005-04-19T00:00:00.000+10:00,0.394,140,603
2005-04-20T00:00:00.000+10:00,0.410,140,603
2005-04-21T00:00:00.000+10:00,0.382,140,603
2005-04-22T00:00:00.000+10:00,0.379,140,603
2005-04-23T00:00:00.000+10:00,0.370,140,603
2005-04-24T00:00:00.000+10:00,0.359,140,603
2005-04-25T00:00:00.000+10:00,0.366,140,603
2005-04-26T00:00:00.000+10:00,0.383,140,603
2005-04-27T00:00:00.000+10:00,0.368,140,603
2005-04-28T00:00:00.000+10:00,0.355,140,603
2005-04-29T00:00:00.000+10:00,0.355,140,603
2005-04-30T00:00:00.000+10:00,0.351,140,603
2005-05-01T00:00:00.000+10:00,0.346,140,603
2005-05-02T00:00:00.000+10:00,0.345,140,603
2005-05-03T00:00:00.000+10:00,0.337,140,603
2005-05-04T00:00:00.000+10:00,0.305,140,603
2005-05-05T00:00:00.000+10:00,0.290,140,603
2005-05-06T00:00:00.000+10:00,0.284,140,603
2005-05-07T00:00:00.000+10:00,0.281,140,603
2005-05-08T00:00:00.000+10:00,0.282,140,603
2005-05-09T00:00:00.000+10:00,0.355,140,603
2005-05-10T00:00:00.000+10:00,0.352,140,603
2005-05-11T00:00:00.000+10:00,0.340,140,603
2005-05-12T00:00:00.000+10:00,0.394,140,603
2005-05-13T00:00:00.000+10:00,0.419,140,603
2005-05-14T00:00:00.000+10:00,0.420,140,603
2005-05-15T00:00:00.000+10:00,0.528,140,603
2005-05-16T00:00:00.000+10:00,0.800,140,603
2005-05-17T00:00:00.000+10:00,0.905,140,603
2005-05-18T00:00:00.000+10:00,0.789,140,603
2005-05-19T00:00:00.000+10:00,0.725,140,603
2005-05-20T00:00:00.000+10:00,0.660,140,603
2005-05-21T00:00:00.000+10:00,0.635,140,603
2005-05-22T00:00:00.000+10:00,0.601,140,603
2005-05-23T00:00:00.000+10:00,0.575,140,603
2005-05-24T00:00:00.000+10:00,0.508,140,603
2005-05-25T00:00:00.000+10:00,0.493,140,603
2005-05-26T00:00:00.000+10:00,0.488,140,603
2005-05-27T00:00:00.000+10:00,0.480,140,603
2005-05-28T00:00:00.000+10:00,0.465,140,603
2005-05-29T00:00:00.000+10:00,0.454,140,603
2005-05-30T00:00:00.000+10:00,0.433,140,603
2005-05-31T00:00:00.000+10:00,0.425,140,603
2005-06-01T00:00:00.000+10:00,0.420,140,603
2005-06-02T00:00:00.000+10:00,0.403,140,603
2005-06-03T00:00:00.000+10:00,0.393,140,603
2005-06-04T00:00:00.000+10:00,0.388,140,603
2005-06-05T00:00:00.000+10:00,0.382,140,603
2005-06-06T00:00:00.000+10:00,0.365,140,603
2005-06-07T00:00:00.000+10:00,0.317,140,603
2005-06-08T00:00:00.000+10:00,0.335,140,603
2005-06-09T00:00:00.000+10:00,0.344,140,603
2005-06-10T00:00:00.000+10:00,0.347,140,603
2005-06-11T00:00:00.000+10:00,0.348,140,603
2005-06-12T00:00:00.000+10:00,0.342,140,603
2005-06-13T00:00:00.000+10:00,0.305,140,603
2005-06-14T00:00:00.000+10:00,0.295,140,603
2005-06-15T00:00:00.000+10:00,0.294,140,603
2005-06-16T00:00:00.000+10:00,0.303,140,603
2005-06-17T00:00:00.000+10:00,0.317,140,603
2005-06-18T00:00:00.000+10:00,0.317,140,603
2005-06-19T00:00:00.000+10:00,0.342,140,603
2005-06-20T00:00:00.000+10:00,0.341,140,603
2005-06-21T00:00:00.000+10:00,0.316,140,603
2005-06-22T00:00:00.000+10:00,0.288,140,603
2005-06-23T00:00:00.000+10:00,0.272,140,603
2005-06-24T00:00:00.000+10:00,0.265,140,603
2005-06-25T00:00:00.000+10:00,0.263,140,603
2005-06-26T00:00:00.000+10:00,0.261,140,603
2005-06-27T00:00:00.000+10:00,0.260,140,603
2005-06-28T00:00:00.000+10:00,0.267,140,603
2005-06-29T00:00:00.000+10:00,0.332,140,603
2005-06-30T00:00:00.000+10:00,3.485,140,603
2005-07-01T00:00:00.000+10:00,4.139,140,603
2005-07-02T00:00:00.000+10:00,5.526,140,603
2005-07-03T00:00:00.000+10:00,5.318,140,603
2005-07-04T00:00:00.000+10:00,2.678,140,603
2005-07-05T00:00:00.000+10:00,1.738,140,603
2005-07-06T00:00:00.000+10:00,1.459,140,603
2005-07-07T00:00:00.000+10:00,1.299,140,603
2005-07-08T00:00:00.000+10:00,1.185,140,603
2005-07-09T00:00:00.000+10:00,1.141,140,603
2005-07-10T00:00:00.000+10:00,1.093,140,603
2005-07-11T00:00:00.000+10:00,1.030,140,603
2005-07-12T00:00:00.000+10:00,0.986,140,603
2005-07-13T00:00:00.000+10:00,0.959,140,603
2005-07-14T00:00:00.000+10:00,0.934,140,603
2005-07-15T00:00:00.000+10:00,0.908,140,603
2005-07-16T00:00:00.000+10:00,0.887,140,603
2005-07-17T00:00:00.000+10:00,0.866,140,603
2005-07-18T00:00:00.000+10:00,0.847,140,603
2005-07-19T00:00:00.000+10:00,0.820,140,603
2005-07-20T00:00:00.000+10:00,0.761,140,603
2005-07-21T00:00:00.000+10:00,0.754,140,603
2005-07-22T00:00:00.000+10:00,0.745,140,603
2005-07-23T00:00:00.000+10:00,0.735,140,603
2005-07-24T00:00:00.000+10:00,0.722,140,603
2005-07-25T00:00:00.000+10:00,0.708,140,603
2005-07-26T00:00:00.000+10:00,0.645,140,603
2005-07-27T00:00:00.000+10:00,0.646,140,603
2005-07-28T00:00:00.000+10:00,0.645,140,603
2005-07-29T00:00:00.000+10:00,0.635,140,603
2005-07-30T00:00:00.000+10:00,0.599,140,603
2005-07-31T00:00:00.000+10:00,0.590,140,603
2005-08-01T00:00:00.000+10:00,0.568,140,603
2005-08-02T00:00:00.000+10:00,0.556,140,603
2005-08-03T00:00:00.000+10:00,0.514,140,603
2005-08-04T00:00:00.000+10:00,0.506,140,603
2005-08-05T00:00:00.000+10:00,0.505,140,603
2005-08-06T00:00:00.000+10:00,0.500,140,603
2005-08-07T00:00:00.000+10:00,0.496,140,603
2005-08-08T00:00:00.000+10:00,0.492,140,603
2005-08-09T00:00:00.000+10:00,0.488,140,603
2005-08-10T00:00:00.000+10:00,0.485,140,603
2005-08-11T00:00:00.000+10:00,0.463,140,603
2005-08-12T00:00:00.000+10:00,0.421,140,603
2005-08-13T00:00:00.000+10:00,0.405,140,603
2005-08-14T00:00:00.000+10:00,0.411,140,603
2005-08-15T00:00:00.000+10:00,0.412,140,603
2005-08-16T00:00:00.000+10:00,0.408,140,603
2005-08-17T00:00:00.000+10:00,0.376,140,603
2005-08-18T00:00:00.000+10:00,0.364,140,603
2005-08-19T00:00:00.000+10:00,0.360,140,603
2005-08-20T00:00:00.000+10:00,0.357,140,603
2005-08-21T00:00:00.000+10:00,0.353,140,603
2005-08-22T00:00:00.000+10:00,0.347,140,603
2005-08-23T00:00:00.000+10:00,0.341,140,603
2005-08-24T00:00:00.000+10:00,0.338,140,603
2005-08-25T00:00:00.000+10:00,0.335,140,603
2005-08-26T00:00:00.000+10:00,0.333,140,603
2005-08-27T00:00:00.000+10:00,0.331,140,603
2005-08-28T00:00:00.000+10:00,0.328,140,603
2005-08-29T00:00:00.000+10:00,0.327,140,603
2005-08-30T00:00:00.000+10:00,0.327,140,603
2005-08-31T00:00:00.000+10:00,0.327,140,603
2005-09-01T00:00:00.000+10:00,0.319,140,603
2005-09-02T00:00:00.000+10:00,0.315,140,603
2005-09-03T00:00:00.000+10:00,0.320,140,603
2005-09-04T00:00:00.000+10:00,0.322,140,603
2005-09-05T00:00:00.000+10:00,0.322,140,603
2005-09-06T00:00:00.000+10:00,0.322,140,603
2005-09-07T00:00:00.000+10:00,0.322,140,603
2005-09-08T00:00:00.000+10:00,0.322,140,603
2005-09-09T00:00:00.000+10:00,0.325,140,603
2005-09-10T00:00:00.000+10:00,0.332,140,603
2005-09-11T00:00:00.000+10:00,0.333,140,603
2005-09-12T00:00:00.000+10:00,0.331,140,603
2005-09-13T00:00:00.000+10:00,0.324,140,603
2005-09-14T00:00:00.000+10:00,0.318,140,603
2005-09-15T00:00:00.000+10:00,0.321,140,603
2005-09-16T00:00:00.000+10:00,0.313,140,603
2005-09-17T00:00:00.000+10:00,0.310,140,603
2005-09-18T00:00:00.000+10:00,0.309,140,603
2005-09-19T00:00:00.000+10:00,0.303,140,603
2005-09-20T00:00:00.000+10:00,0.300,140,603
2005-09-21T00:00:00.000+10:00,0.297,140,603
2005-09-22T00:00:00.000+10:00,0.293,140,603
2005-09-23T00:00:00.000+10:00,0.290,140,603
2005-09-24T00:00:00.000+10:00,0.289,140,603
2005-09-25T00:00:00.000+10:00,0.286,140,603
2005-09-26T00:00:00.000+10:00,0.285,140,603
2005-09-27T00:00:00.000+10:00,0.285,140,603
2005-09-28T00:00:00.000+10:00,0.285,140,603
2005-09-29T00:00:00.000+10:00,0.300,140,603
2005-09-30T00:00:00.000+10:00,0.292,140,603
2005-10-01T00:00:00.000+10:00,0.285,140,603
2005-10-02T00:00:00.000+10:00,0.283,140,603
2005-10-03T00:00:00.000+10:00,0.281,140,603
2005-10-04T00:00:00.000+10:00,0.286,140,603
2005-10-05T00:00:00.000+10:00,0.300,140,603
2005-10-06T00:00:00.000+10:00,0.300,140,603
2005-10-07T00:00:00.000+10:00,0.295,140,603
2005-10-08T00:00:00.000+10:00,0.286,140,603
2005-10-09T00:00:00.000+10:00,0.277,140,603
2005-10-10T00:00:00.000+10:00,0.270,140,603
2005-10-11T00:00:00.000+10:00,0.266,140,603
2005-10-12T00:00:00.000+10:00,0.259,140,603
2005-10-13T00:00:00.000+10:00,0.256,140,603
2005-10-14T00:00:00.000+10:00,0.252,140,603
2005-10-15T00:00:00.000+10:00,0.248,140,603
2005-10-16T00:00:00.000+10:00,0.248,140,603
2005-10-17T00:00:00.000+10:00,0.252,140,603
2005-10-18T00:00:00.000+10:00,0.249,140,603
2005-10-19T00:00:00.000+10:00,0.242,140,603
2005-10-20T00:00:00.000+10:00,0.242,140,603
2005-10-21T00:00:00.000+10:00,0.255,140,603
2005-10-22T00:00:00.000+10:00,0.267,140,603
2005-10-23T00:00:00.000+10:00,0.308,140,603
2005-10-24T00:00:00.000+10:00,0.274,140,603
2005-10-25T00:00:00.000+10:00,0.266,140,603
2005-10-26T00:00:00.000+10:00,0.301,140,603
2005-10-27T00:00:00.000+10:00,0.472,140,603
2005-10-28T00:00:00.000+10:00,0.479,140,603
2005-10-29T00:00:00.000+10:00,0.451,140,603
2005-10-30T00:00:00.000+10:00,0.476,110,603
2005-10-31T00:00:00.000+10:00,0.519,110,603
2005-11-01T00:00:00.000+10:00,0.643,110,603
2005-11-02T00:00:00.000+10:00,0.775,110,603
2005-11-03T00:00:00.000+10:00,0.876,110,603
2005-11-04T00:00:00.000+10:00,0.798,110,603
2005-11-05T00:00:00.000+10:00,0.759,110,603
2005-11-06T00:00:00.000+10:00,0.883,110,603
2005-11-07T00:00:00.000+10:00,0.843,140,603
2005-11-08T00:00:00.000+10:00,1.064,140,603
2005-11-09T00:00:00.000+10:00,1.073,140,603
2005-11-10T00:00:00.000+10:00,0.970,140,603
2005-11-11T00:00:00.000+10:00,0.903,140,603
2005-11-12T00:00:00.000+10:00,0.861,140,603
2005-11-13T00:00:00.000+10:00,0.826,140,603
2005-11-14T00:00:00.000+10:00,0.785,140,603
2005-11-15T00:00:00.000+10:00,0.628,140,603
2005-11-16T00:00:00.000+10:00,0.604,140,603
2005-11-17T00:00:00.000+10:00,0.591,140,603
2005-11-18T00:00:00.000+10:00,0.568,140,603
2005-11-19T00:00:00.000+10:00,0.498,140,603
2005-11-20T00:00:00.000+10:00,0.487,140,603
2005-11-21T00:00:00.000+10:00,0.394,110,603
2005-11-22T00:00:00.000+10:00,0.430,110,603
2005-11-23T00:00:00.000+10:00,0.508,110,603
2005-11-24T00:00:00.000+10:00,0.625,110,603
2005-11-25T00:00:00.000+10:00,0.733,110,603
2005-11-26T00:00:00.000+10:00,0.760,110,603
2005-11-27T00:00:00.000+10:00,0.881,110,603
2005-11-28T00:00:00.000+10:00,0.984,110,603
2005-11-29T00:00:00.000+10:00,1.056,110,603
2005-11-30T00:00:00.000+10:00,1.265,110,603
2005-12-01T00:00:00.000+10:00,1.598,140,603
2005-12-02T00:00:00.000+10:00,3.622,140,603
2005-12-03T00:00:00.000+10:00,3.432,140,603
2005-12-04T00:00:00.000+10:00,2.319,140,603
2005-12-05T00:00:00.000+10:00,1.661,140,603
2005-12-06T00:00:00.000+10:00,1.392,140,603
2005-12-07T00:00:00.000+10:00,1.250,140,603
2005-12-08T00:00:00.000+10:00,1.176,140,603
2005-12-09T00:00:00.000+10:00,1.064,140,603
2005-12-10T00:00:00.000+10:00,1.004,140,603
2005-12-11T00:00:00.000+10:00,0.959,140,603
2005-12-12T00:00:00.000+10:00,0.926,140,603
2005-12-13T00:00:00.000+10:00,0.867,140,603
2005-12-14T00:00:00.000+10:00,0.844,140,603
2005-12-15T00:00:00.000+10:00,0.825,140,603
2005-12-16T00:00:00.000+10:00,0.967,140,603
2005-12-17T00:00:00.000+10:00,1.006,140,603
2005-12-18T00:00:00.000+10:00,0.808,140,603
2005-12-19T00:00:00.000+10:00,0.785,140,603
2005-12-20T00:00:00.000+10:00,0.755,140,603
2005-12-21T00:00:00.000+10:00,0.730,140,603
2005-12-22T00:00:00.000+10:00,0.651,140,603
2005-12-23T00:00:00.000+10:00,0.646,140,603
2005-12-24T00:00:00.000+10:00,0.630,140,603
2005-12-25T00:00:00.000+10:00,0.585,140,603
2005-12-26T00:00:00.000+10:00,0.534,140,603
2005-12-27T00:00:00.000+10:00,0.509,140,603
2005-12-28T00:00:00.000+10:00,0.505,140,603
2005-12-29T00:00:00.000+10:00,0.616,140,603
2005-12-30T00:00:00.000+10:00,0.504,140,603
2005-12-31T00:00:00.000+10:00,0.490,140,603
2006-01-01T00:00:00.000+10:00,0.480,140,603
2006-01-02T00:00:00.000+10:00,0.468,140,603
2006-01-03T00:00:00.000+10:00,0.418,140,603
2006-01-04T00:00:00.000+10:00,0.404,140,603
2006-01-05T00:00:00.000+10:00,0.399,140,603
2006-01-06T00:00:00.000+10:00,0.423,140,603
2006-01-07T00:00:00.000+10:00,0.696,140,603
2006-01-08T00:00:00.000+10:00,4.209,140,603
2006-01-09T00:00:00.000+10:00,5.639,140,603
2006-01-10T00:00:00.000+10:00,5.831,140,603
2006-01-11T00:00:00.000+10:00,4.993,140,603
2006-01-12T00:00:00.000+10:00,4.481,140,603
2006-01-13T00:00:00.000+10:00,3.303,140,603
2006-01-14T00:00:00.000+10:00,2.408,140,603
2006-01-15T00:00:00.000+10:00,2.017,140,603
2006-01-16T00:00:00.000+10:00,1.691,140,603
2006-01-17T00:00:00.000+10:00,1.324,140,603
2006-01-18T00:00:00.000+10:00,1.138,110,603
2006-01-19T00:00:00.000+10:00,1.263,110,603
2006-01-20T00:00:00.000+10:00,1.738,110,603
2006-01-21T00:00:00.000+10:00,1.743,110,603
2006-01-22T00:00:00.000+10:00,1.446,110,603
2006-01-23T00:00:00.000+10:00,1.388,110,603
2006-01-24T00:00:00.000+10:00,1.306,110,603
2006-01-25T00:00:00.000+10:00,1.250,110,603
2006-01-26T00:00:00.000+10:00,1.200,110,603
2006-01-27T00:00:00.000+10:00,1.150,110,603
2006-01-28T00:00:00.000+10:00,1.102,110,603
2006-01-29T00:00:00.000+10:00,1.067,110,603
2006-01-30T00:00:00.000+10:00,1.033,110,603
2006-01-31T00:00:00.000+10:00,1.002,110,603
2006-02-01T00:00:00.000+10:00,0.980,110,603
2006-02-02T00:00:00.000+10:00,0.960,110,603
2006-02-03T00:00:00.000+10:00,0.940,110,603
2006-02-04T00:00:00.000+10:00,0.920,110,603
2006-02-05T00:00:00.000+10:00,0.900,140,603
2006-02-06T00:00:00.000+10:00,0.877,140,603
2006-02-07T00:00:00.000+10:00,0.856,140,603
2006-02-08T00:00:00.000+10:00,0.847,140,603
2006-02-09T00:00:00.000+10:00,0.832,140,603
2006-02-10T00:00:00.000+10:00,0.818,140,603
2006-02-11T00:00:00.000+10:00,0.804,140,603
2006-02-12T00:00:00.000+10:00,0.803,140,603
2006-02-13T00:00:00.000+10:00,0.797,140,603
2006-02-14T00:00:00.000+10:00,0.785,140,603
2006-02-15T00:00:00.000+10:00,0.780,140,603
2006-02-16T00:00:00.000+10:00,0.875,140,603
2006-02-17T00:00:00.000+10:00,1.114,140,603
2006-02-18T00:00:00.000+10:00,1.141,140,603
2006-02-19T00:00:00.000+10:00,1.191,140,603
2006-02-20T00:00:00.000+10:00,1.087,140,603
2006-02-21T00:00:00.000+10:00,0.989,140,603
2006-02-22T00:00:00.000+10:00,0.923,140,603
2006-02-23T00:00:00.000+10:00,0.881,140,603
2006-02-24T00:00:00.000+10:00,0.852,140,603
2006-02-25T00:00:00.000+10:00,0.831,140,603
2006-02-26T00:00:00.000+10:00,0.829,140,603
2006-02-27T00:00:00.000+10:00,0.828,140,603
2006-02-28T00:00:00.000+10:00,0.836,140,603
2006-03-01T00:00:00.000+10:00,0.843,140,603
2006-03-02T00:00:00.000+10:00,0.837,140,603
2006-03-03T00:00:00.000+10:00,1.773,140,603
2006-03-04T00:00:00.000+10:00,6.253,140,603
2006-03-05T00:00:00.000+10:00,8.537,140,603
2006-03-06T00:00:00.000+10:00,9.246,140,603
2006-03-07T00:00:00.000+10:00,8.362,140,603
2006-03-08T00:00:00.000+10:00,6.267,140,603
2006-03-09T00:00:00.000+10:00,3.841,140,603
2006-03-10T00:00:00.000+10:00,2.636,140,603
2006-03-11T00:00:00.000+10:00,2.176,140,603
2006-03-12T00:00:00.000+10:00,1.903,140,603
2006-03-13T00:00:00.000+10:00,1.717,140,603
2006-03-14T00:00:00.000+10:00,1.572,140,603
2006-03-15T00:00:00.000+10:00,1.461,140,603
2006-03-16T00:00:00.000+10:00,1.373,140,603
2006-03-17T00:00:00.000+10:00,1.301,140,603
2006-03-18T00:00:00.000+10:00,1.237,140,603
2006-03-19T00:00:00.000+10:00,1.181,140,603
2006-03-20T00:00:00.000+10:00,1.134,140,603
2006-03-21T00:00:00.000+10:00,1.105,140,603
2006-03-22T00:00:00.000+10:00,1.085,140,603
2006-03-23T00:00:00.000+10:00,1.189,140,603
2006-03-24T00:00:00.000+10:00,1.288,140,603
2006-03-25T00:00:00.000+10:00,1.562,140,603
2006-03-26T00:00:00.000+10:00,2.832,140,603
2006-03-27T00:00:00.000+10:00,2.623,140,603
2006-03-28T00:00:00.000+10:00,2.059,140,603
2006-03-29T00:00:00.000+10:00,1.721,140,603
2006-03-30T00:00:00.000+10:00,1.529,140,603
2006-03-31T00:00:00.000+10:00,1.342,140,603
2006-04-01T00:00:00.000+10:00,1.402,140,603
2006-04-02T00:00:00.000+10:00,1.385,140,603
2006-04-03T00:00:00.000+10:00,1.327,140,603
2006-04-04T00:00:00.000+10:00,1.242,140,603
2006-04-05T00:00:00.000+10:00,1.171,140,603
2006-04-06T00:00:00.000+10:00,1.123,140,603
2006-04-07T00:00:00.000+10:00,1.082,140,603
2006-04-08T00:00:00.000+10:00,1.044,140,603
2006-04-09T00:00:00.000+10:00,1.009,140,603
2006-04-10T00:00:00.000+10:00,0.977,140,603
2006-04-11T00:00:00.000+10:00,0.951,140,603
2006-04-12T00:00:00.000+10:00,0.930,140,603
2006-04-13T00:00:00.000+10:00,0.938,140,603
2006-04-14T00:00:00.000+10:00,0.936,140,603
2006-04-15T00:00:00.000+10:00,0.926,140,603
2006-04-16T00:00:00.000+10:00,0.916,140,603
2006-04-17T00:00:00.000+10:00,0.911,140,603
2006-04-18T00:00:00.000+10:00,0.897,140,603
2006-04-19T00:00:00.000+10:00,0.879,140,603
2006-04-20T00:00:00.000+10:00,0.871,140,603
2006-04-21T00:00:00.000+10:00,0.863,140,603
2006-04-22T00:00:00.000+10:00,0.850,140,603
2006-04-23T00:00:00.000+10:00,0.840,140,603
2006-04-24T00:00:00.000+10:00,0.832,140,603
2006-04-25T00:00:00.000+10:00,0.814,140,603
2006-04-26T00:00:00.000+10:00,0.818,140,603
2006-04-27T00:00:00.000+10:00,0.813,140,603
2006-04-28T00:00:00.000+10:00,0.803,140,603
2006-04-29T00:00:00.000+10:00,0.790,140,603
2006-04-30T00:00:00.000+10:00,0.782,140,603
2006-05-01T00:00:00.000+10:00,0.789,140,603
2006-05-02T00:00:00.000+10:00,0.781,140,603
2006-05-03T00:00:00.000+10:00,0.778,140,603
2006-05-04T00:00:00.000+10:00,0.778,140,603
2006-05-05T00:00:00.000+10:00,0.777,140,603
2006-05-06T00:00:00.000+10:00,0.766,140,603
2006-05-07T00:00:00.000+10:00,0.752,140,603
2006-05-08T00:00:00.000+10:00,0.699,140,603
2006-05-09T00:00:00.000+10:00,0.687,140,603
2006-05-10T00:00:00.000+10:00,0.682,140,603
2006-05-11T00:00:00.000+10:00,0.677,140,603
2006-05-12T00:00:00.000+10:00,0.609,140,603
2006-05-13T00:00:00.000+10:00,0.599,140,603
2006-05-14T00:00:00.000+10:00,0.597,140,603
2006-05-15T00:00:00.000+10:00,0.593,140,603
2006-05-16T00:00:00.000+10:00,0.590,140,603
2006-05-17T00:00:00.000+10:00,0.587,140,603
2006-05-18T00:00:00.000+10:00,0.586,140,603
2006-05-19T00:00:00.000+10:00,0.583,140,603
2006-05-20T00:00:00.000+10:00,0.582,140,603
2006-05-21T00:00:00.000+10:00,0.581,140,603
2006-05-22T00:00:00.000+10:00,0.579,140,603
2006-05-23T00:00:00.000+10:00,0.577,140,603
2006-05-24T00:00:00.000+10:00,0.573,140,603
2006-05-25T00:00:00.000+10:00,0.571,140,603
2006-05-26T00:00:00.000+10:00,0.555,140,603
2006-05-27T00:00:00.000+10:00,0.540,140,603
2006-05-28T00:00:00.000+10:00,0.538,140,603
2006-05-29T00:00:00.000+10:00,0.534,140,603
2006-05-30T00:00:00.000+10:00,0.531,140,603
2006-05-31T00:00:00.000+10:00,0.529,140,603
2006-06-01T00:00:00.000+10:00,0.516,140,603
2006-06-02T00:00:00.000+10:00,0.509,140,603
2006-06-03T00:00:00.000+10:00,0.498,140,603
2006-06-04T00:00:00.000+10:00,0.485,140,603
2006-06-05T00:00:00.000+10:00,0.482,140,603
2006-06-06T00:00:00.000+10:00,0.481,140,603
2006-06-07T00:00:00.000+10:00,0.480,140,603
2006-06-08T00:00:00.000+10:00,0.478,140,603
2006-06-09T00:00:00.000+10:00,0.477,140,603
2006-06-10T00:00:00.000+10:00,0.479,140,603
2006-06-11T00:00:00.000+10:00,0.517,140,603
2006-06-12T00:00:00.000+10:00,0.504,140,603
2006-06-13T00:00:00.000+10:00,0.514,140,603
2006-06-14T00:00:00.000+10:00,0.526,140,603
2006-06-15T00:00:00.000+10:00,0.527,140,603
2006-06-16T00:00:00.000+10:00,0.524,140,603
2006-06-17T00:00:00.000+10:00,0.519,140,603
2006-06-18T00:00:00.000+10:00,0.511,140,603
2006-06-19T00:00:00.000+10:00,0.503,140,603
2006-06-20T00:00:00.000+10:00,0.489,140,603
2006-06-21T00:00:00.000+10:00,0.476,140,603
2006-06-22T00:00:00.000+10:00,0.497,140,603
2006-06-23T00:00:00.000+10:00,0.500,140,603
2006-06-24T00:00:00.000+10:00,0.500,140,603
2006-06-25T00:00:00.000+10:00,0.500,140,603
2006-06-26T00:00:00.000+10:00,0.500,140,603
2006-06-27T00:00:00.000+10:00,0.500,140,603
2006-06-28T00:00:00.000+10:00,0.500,140,603
2006-06-29T00:00:00.000+10:00,0.500,140,603
2006-06-30T00:00:00.000+10:00,0.500,140,603
2006-07-01T00:00:00.000+10:00,0.490,140,603
2006-07-02T00:00:00.000+10:00,0.467,140,603
2006-07-03T00:00:00.000+10:00,0.461,140,603
2006-07-04T00:00:00.000+10:00,0.458,140,603
2006-07-05T00:00:00.000+10:00,0.456,140,603
2006-07-06T00:00:00.000+10:00,0.455,140,603
2006-07-07T00:00:00.000+10:00,0.453,140,603
2006-07-08T00:00:00.000+10:00,0.450,140,603
2006-07-09T00:00:00.000+10:00,0.448,140,603
2006-07-10T00:00:00.000+10:00,0.445,140,603
2006-07-11T00:00:00.000+10:00,0.418,140,603
2006-07-12T00:00:00.000+10:00,0.407,140,603
2006-07-13T00:00:00.000+10:00,0.405,140,603
2006-07-14T00:00:00.000+10:00,0.405,140,603
2006-07-15T00:00:00.000+10:00,0.405,140,603
2006-07-16T00:00:00.000+10:00,0.417,140,603
2006-07-17T00:00:00.000+10:00,0.420,140,603
2006-07-18T00:00:00.000+10:00,0.418,140,603
2006-07-19T00:00:00.000+10:00,0.418,140,603
2006-07-20T00:00:00.000+10:00,0.418,140,603
2006-07-21T00:00:00.000+10:00,0.418,140,603
2006-07-22T00:00:00.000+10:00,0.418,140,603
2006-07-23T00:00:00.000+10:00,0.417,140,603
2006-07-24T00:00:00.000+10:00,0.415,140,603
2006-07-25T00:00:00.000+10:00,0.400,140,603
2006-07-26T00:00:00.000+10:00,0.399,140,603
2006-07-27T00:00:00.000+10:00,0.462,140,603
2006-07-28T00:00:00.000+10:00,0.487,140,603
2006-07-29T00:00:00.000+10:00,0.520,140,603
2006-07-30T00:00:00.000+10:00,0.521,140,603
2006-07-31T00:00:00.000+10:00,0.513,140,603
2006-08-01T00:00:00.000+10:00,0.507,140,603
2006-08-02T00:00:00.000+10:00,0.507,140,603
2006-08-03T00:00:00.000+10:00,0.488,140,603
2006-08-04T00:00:00.000+10:00,0.464,140,603
2006-08-05T00:00:00.000+10:00,0.419,140,603
2006-08-06T00:00:00.000+10:00,0.405,140,603
2006-08-07T00:00:00.000+10:00,0.400,140,603
2006-08-08T00:00:00.000+10:00,0.460,140,603
2006-08-09T00:00:00.000+10:00,0.606,140,603
2006-08-10T00:00:00.000+10:00,0.615,140,603
2006-08-11T00:00:00.000+10:00,0.577,140,603
2006-08-12T00:00:00.000+10:00,0.507,140,603
2006-08-13T00:00:00.000+10:00,0.464,140,603
2006-08-14T00:00:00.000+10:00,0.447,140,603
2006-08-15T00:00:00.000+10:00,0.435,140,603
2006-08-16T00:00:00.000+10:00,0.425,140,603
2006-08-17T00:00:00.000+10:00,0.417,140,603
2006-08-18T00:00:00.000+10:00,0.411,140,603
2006-08-19T00:00:00.000+10:00,0.405,140,603
2006-08-20T00:00:00.000+10:00,0.402,140,603
2006-08-21T00:00:00.000+10:00,0.394,140,603
2006-08-22T00:00:00.000+10:00,0.388,140,603
2006-08-23T00:00:00.000+10:00,0.384,140,603
2006-08-24T00:00:00.000+10:00,0.380,140,603
2006-08-25T00:00:00.000+10:00,0.377,140,603
2006-08-26T00:00:00.000+10:00,0.373,140,603
2006-08-27T00:00:00.000+10:00,0.369,140,603
2006-08-28T00:00:00.000+10:00,0.367,140,603
2006-08-29T00:00:00.000+10:00,0.376,140,603
2006-08-30T00:00:00.000+10:00,1.739,140,603
2006-08-31T00:00:00.000+10:00,2.133,140,603
2006-09-01T00:00:00.000+10:00,2.885,140,603
2006-09-02T00:00:00.000+10:00,2.146,140,603
2006-09-03T00:00:00.000+10:00,1.594,140,603
2006-09-04T00:00:00.000+10:00,1.319,140,603
2006-09-05T00:00:00.000+10:00,1.145,140,603
2006-09-06T00:00:00.000+10:00,1.029,140,603
2006-09-07T00:00:00.000+10:00,0.942,140,603
2006-09-08T00:00:00.000+10:00,0.875,140,603
2006-09-09T00:00:00.000+10:00,0.826,140,603
2006-09-10T00:00:00.000+10:00,0.798,140,603
2006-09-11T00:00:00.000+10:00,1.067,140,603
2006-09-12T00:00:00.000+10:00,1.426,140,603
2006-09-13T00:00:00.000+10:00,2.055,140,603
2006-09-14T00:00:00.000+10:00,1.903,140,603
2006-09-15T00:00:00.000+10:00,1.582,140,603
2006-09-16T00:00:00.000+10:00,1.339,140,603
2006-09-17T00:00:00.000+10:00,1.175,140,603
2006-09-18T00:00:00.000+10:00,1.068,140,603
2006-09-19T00:00:00.000+10:00,0.989,140,603
2006-09-20T00:00:00.000+10:00,0.929,140,603
2006-09-21T00:00:00.000+10:00,0.880,140,603
2006-09-22T00:00:00.000+10:00,0.842,140,603
2006-09-23T00:00:00.000+10:00,0.821,140,603
2006-09-24T00:00:00.000+10:00,0.791,140,603
2006-09-25T00:00:00.000+10:00,0.766,140,603
2006-09-26T00:00:00.000+10:00,0.743,140,603
2006-09-27T00:00:00.000+10:00,0.724,140,603
2006-09-28T00:00:00.000+10:00,0.715,140,603
2006-09-29T00:00:00.000+10:00,0.702,140,603
2006-09-30T00:00:00.000+10:00,0.693,140,603
2006-10-01T00:00:00.000+10:00,0.681,140,603
2006-10-02T00:00:00.000+10:00,0.669,140,603
2006-10-03T00:00:00.000+10:00,0.658,140,603
2006-10-04T00:00:00.000+10:00,0.648,140,603
2006-10-05T00:00:00.000+10:00,0.639,140,603
2006-10-06T00:00:00.000+10:00,0.629,140,603
2006-10-07T00:00:00.000+10:00,0.622,140,603
2006-10-08T00:00:00.000+10:00,0.615,140,603
2006-10-09T00:00:00.000+10:00,0.606,140,603
2006-10-10T00:00:00.000+10:00,0.594,140,603
2006-10-11T00:00:00.000+10:00,0.590,140,603
2006-10-12T00:00:00.000+10:00,0.589,140,603
2006-10-13T00:00:00.000+10:00,0.588,140,603
2006-10-14T00:00:00.000+10:00,0.584,140,603
2006-10-15T00:00:00.000+10:00,0.578,140,603
2006-10-16T00:00:00.000+10:00,0.576,140,603
2006-10-17T00:00:00.000+10:00,0.576,140,603
2006-10-18T00:00:00.000+10:00,0.574,140,603
2006-10-19T00:00:00.000+10:00,0.570,140,603
2006-10-20T00:00:00.000+10:00,0.568,140,603
2006-10-21T00:00:00.000+10:00,0.574,140,603
2006-10-22T00:00:00.000+10:00,0.581,140,603
2006-10-23T00:00:00.000+10:00,0.577,140,603
2006-10-24T00:00:00.000+10:00,0.587,140,603
2006-10-25T00:00:00.000+10:00,0.609,140,603
2006-10-26T00:00:00.000+10:00,0.605,140,603
2006-10-27T00:00:00.000+10:00,0.627,140,603
2006-10-28T00:00:00.000+10:00,0.605,140,603
2006-10-29T00:00:00.000+10:00,0.589,140,603
2006-10-30T00:00:00.000+10:00,0.577,140,603
2006-10-31T00:00:00.000+10:00,0.566,140,603
2006-11-01T00:00:00.000+10:00,0.559,140,603
2006-11-02T00:00:00.000+10:00,0.554,140,603
2006-11-03T00:00:00.000+10:00,0.577,140,603
2006-11-04T00:00:00.000+10:00,0.916,140,603
2006-11-05T00:00:00.000+10:00,0.886,140,603
2006-11-06T00:00:00.000+10:00,0.987,140,603
2006-11-07T00:00:00.000+10:00,1.035,140,603
2006-11-08T00:00:00.000+10:00,1.011,140,603
2006-11-09T00:00:00.000+10:00,1.421,140,603
2006-11-10T00:00:00.000+10:00,1.288,140,603
2006-11-11T00:00:00.000+10:00,1.248,140,603
2006-11-12T00:00:00.000+10:00,1.186,140,603
2006-11-13T00:00:00.000+10:00,1.022,140,603
2006-11-14T00:00:00.000+10:00,0.936,140,603
2006-11-15T00:00:00.000+10:00,0.862,140,603
2006-11-16T00:00:00.000+10:00,0.799,140,603
2006-11-17T00:00:00.000+10:00,0.749,140,603
2006-11-18T00:00:00.000+10:00,0.714,140,603
2006-11-19T00:00:00.000+10:00,0.687,140,603
2006-11-20T00:00:00.000+10:00,0.665,140,603
2006-11-21T00:00:00.000+10:00,0.649,140,603
2006-11-22T00:00:00.000+10:00,0.635,140,603
2006-11-23T00:00:00.000+10:00,0.624,140,603
2006-11-24T00:00:00.000+10:00,0.612,140,603
2006-11-25T00:00:00.000+10:00,0.604,140,603
2006-11-26T00:00:00.000+10:00,0.598,140,603
2006-11-27T00:00:00.000+10:00,0.595,140,603
2006-11-28T00:00:00.000+10:00,0.592,140,603
2006-11-29T00:00:00.000+10:00,0.586,140,603
2006-11-30T00:00:00.000+10:00,0.575,140,603
2006-12-01T00:00:00.000+10:00,0.571,140,603
2006-12-02T00:00:00.000+10:00,0.565,140,603
2006-12-03T00:00:00.000+10:00,0.579,140,603
2006-12-04T00:00:00.000+10:00,0.584,140,603
2006-12-05T00:00:00.000+10:00,0.567,140,603
2006-12-06T00:00:00.000+10:00,0.557,140,603
2006-12-07T00:00:00.000+10:00,0.549,140,603
2006-12-08T00:00:00.000+10:00,0.545,10,603
2006-12-09T00:00:00.000+10:00,0.542,10,603
2006-12-10T00:00:00.000+10:00,0.537,10,603
2006-12-11T00:00:00.000+10:00,0.534,10,603
2006-12-12T00:00:00.000+10:00,0.532,10,603
2006-12-13T00:00:00.000+10:00,0.515,10,603
2006-12-14T00:00:00.000+10:00,0.517,10,603
2006-12-15T00:00:00.000+10:00,0.559,10,603
2006-12-16T00:00:00.000+10:00,0.559,10,603
2006-12-17T00:00:00.000+10:00,0.723,10,603
2006-12-18T00:00:00.000+10:00,0.565,10,603
2006-12-19T00:00:00.000+10:00,0.532,10,603
2006-12-20T00:00:00.000+10:00,0.526,10,603
2006-12-21T00:00:00.000+10:00,0.526,10,603
2006-12-22T00:00:00.000+10:00,0.566,10,603
2006-12-23T00:00:00.000+10:00,0.586,10,603
2006-12-24T00:00:00.000+10:00,0.579,10,603
2006-12-25T00:00:00.000+10:00,0.573,10,603
2006-12-26T00:00:00.000+10:00,0.570,10,603
2006-12-27T00:00:00.000+10:00,0.566,10,603
2006-12-28T00:00:00.000+10:00,0.564,10,603
2006-12-29T00:00:00.000+10:00,0.515,10,603
2006-12-30T00:00:00.000+10:00,0.488,10,603
2006-12-31T00:00:00.000+10:00,0.479,10,603
2007-01-01T00:00:00.000+10:00,0.476,10,603
2007-01-02T00:00:00.000+10:00,0.554,10,603
2007-01-03T00:00:00.000+10:00,1.754,10,603
2007-01-04T00:00:00.000+10:00,1.272,10,603
2007-01-05T00:00:00.000+10:00,0.959,10,603
2007-01-06T00:00:00.000+10:00,0.977,10,603
2007-01-07T00:00:00.000+10:00,0.838,10,603
2007-01-08T00:00:00.000+10:00,0.793,10,603
2007-01-09T00:00:00.000+10:00,0.907,10,603
2007-01-10T00:00:00.000+10:00,0.796,10,603
2007-01-11T00:00:00.000+10:00,0.731,10,603
2007-01-12T00:00:00.000+10:00,0.688,10,603
2007-01-13T00:00:00.000+10:00,0.642,10,603
2007-01-14T00:00:00.000+10:00,0.648,10,603
2007-01-15T00:00:00.000+10:00,0.634,10,603
2007-01-16T00:00:00.000+10:00,0.620,10,603
2007-01-17T00:00:00.000+10:00,0.608,10,603
2007-01-18T00:00:00.000+10:00,0.598,10,603
2007-01-19T00:00:00.000+10:00,0.578,10,603
2007-01-20T00:00:00.000+10:00,0.543,10,603
2007-01-21T00:00:00.000+10:00,0.503,10,603
2007-01-22T00:00:00.000+10:00,0.445,10,603
2007-01-23T00:00:00.000+10:00,0.446,10,603
2007-01-24T00:00:00.000+10:00,0.462,10,603
2007-01-25T00:00:00.000+10:00,0.461,10,603
2007-01-26T00:00:00.000+10:00,0.493,10,603
2007-01-27T00:00:00.000+10:00,0.589,10,603
2007-01-28T00:00:00.000+10:00,0.490,10,603
2007-01-29T00:00:00.000+10:00,0.474,10,603
2007-01-30T00:00:00.000+10:00,0.467,10,603
2007-01-31T00:00:00.000+10:00,0.507,10,603
2007-02-01T00:00:00.000+10:00,0.536,10,603
2007-02-02T00:00:00.000+10:00,0.514,10,603
2007-02-03T00:00:00.000+10:00,0.503,10,603
2007-02-04T00:00:00.000+10:00,0.499,10,603
2007-02-05T00:00:00.000+10:00,0.496,10,603
2007-02-06T00:00:00.000+10:00,0.474,10,603
2007-02-07T00:00:00.000+10:00,0.451,10,603
2007-02-08T00:00:00.000+10:00,0.402,10,603
2007-02-09T00:00:00.000+10:00,0.367,10,603
2007-02-10T00:00:00.000+10:00,0.369,10,603
2007-02-11T00:00:00.000+10:00,0.359,10,603
2007-02-12T00:00:00.000+10:00,0.337,10,603
2007-02-13T00:00:00.000+10:00,0.322,10,603
2007-02-14T00:00:00.000+10:00,0.318,10,603
2007-02-15T00:00:00.000+10:00,0.431,10,603
2007-02-16T00:00:00.000+10:00,0.551,10,603
2007-02-17T00:00:00.000+10:00,0.578,10,603
2007-02-18T00:00:00.000+10:00,0.578,10,603
2007-02-19T00:00:00.000+10:00,0.580,10,603
2007-02-20T00:00:00.000+10:00,0.583,10,603
2007-02-21T00:00:00.000+10:00,0.578,10,603
2007-02-22T00:00:00.000+10:00,0.578,10,603
2007-02-23T00:00:00.000+10:00,0.569,10,603
2007-02-24T00:00:00.000+10:00,0.562,10,603
2007-02-25T00:00:00.000+10:00,0.556,10,603
2007-02-26T00:00:00.000+10:00,0.554,10,603
2007-02-27T00:00:00.000+10:00,0.554,10,603
2007-02-28T00:00:00.000+10:00,0.549,10,603
2007-03-01T00:00:00.000+10:00,0.618,10,603
2007-03-02T00:00:00.000+10:00,1.093,10,603
2007-03-03T00:00:00.000+10:00,0.827,10,603
2007-03-04T00:00:00.000+10:00,0.703,10,603
2007-03-05T00:00:00.000+10:00,0.679,10,603
2007-03-06T00:00:00.000+10:00,0.737,10,603
2007-03-07T00:00:00.000+10:00,0.684,10,603
2007-03-08T00:00:00.000+10:00,0.928,10,603
2007-03-09T00:00:00.000+10:00,2.000,10,603
2007-03-10T00:00:00.000+10:00,1.317,10,603
2007-03-11T00:00:00.000+10:00,1.125,10,603
2007-03-12T00:00:00.000+10:00,1.010,10,603
2007-03-13T00:00:00.000+10:00,0.906,10,603
2007-03-14T00:00:00.000+10:00,0.826,10,603
2007-03-15T00:00:00.000+10:00,0.768,10,603
2007-03-16T00:00:00.000+10:00,0.739,10,603
2007-03-17T00:00:00.000+10:00,0.735,10,603
2007-03-18T00:00:00.000+10:00,0.721,10,603
2007-03-19T00:00:00.000+10:00,0.712,10,603
2007-03-20T00:00:00.000+10:00,0.720,10,603
2007-03-21T00:00:00.000+10:00,1.059,10,603
2007-03-22T00:00:00.000+10:00,0.999,10,603
2007-03-23T00:00:00.000+10:00,0.883,10,603
2007-03-24T00:00:00.000+10:00,0.810,10,603
2007-03-25T00:00:00.000+10:00,0.768,10,603
2007-03-26T00:00:00.000+10:00,0.736,10,603
2007-03-27T00:00:00.000+10:00,0.701,10,603
2007-03-28T00:00:00.000+10:00,0.673,10,603
2007-03-29T00:00:00.000+10:00,0.682,10,603
2007-03-30T00:00:00.000+10:00,0.700,10,603
2007-03-31T00:00:00.000+10:00,0.673,10,603
2007-04-01T00:00:00.000+10:00,0.653,10,603
2007-04-02T00:00:00.000+10:00,0.641,10,603
2007-04-03T00:00:00.000+10:00,0.631,10,603
2007-04-04T00:00:00.000+10:00,0.621,10,603
2007-04-05T00:00:00.000+10:00,0.612,10,603
2007-04-06T00:00:00.000+10:00,0.587,10,603
2007-04-07T00:00:00.000+10:00,0.569,10,603
2007-04-08T00:00:00.000+10:00,0.588,10,603
2007-04-09T00:00:00.000+10:00,0.587,10,603
2007-04-10T00:00:00.000+10:00,0.582,10,603
2007-04-11T00:00:00.000+10:00,0.579,10,603
2007-04-12T00:00:00.000+10:00,0.578,10,603
2007-04-13T00:00:00.000+10:00,0.575,10,603
2007-04-14T00:00:00.000+10:00,0.572,10,603
2007-04-15T00:00:00.000+10:00,0.569,10,603
2007-04-16T00:00:00.000+10:00,0.564,10,603
2007-04-17T00:00:00.000+10:00,0.562,10,603
2007-04-18T00:00:00.000+10:00,0.561,10,603
2007-04-19T00:00:00.000+10:00,0.559,10,603
2007-04-20T00:00:00.000+10:00,0.558,10,603
2007-04-21T00:00:00.000+10:00,0.557,10,603
2007-04-22T00:00:00.000+10:00,0.590,10,603
2007-04-23T00:00:00.000+10:00,0.612,10,603
2007-04-24T00:00:00.000+10:00,0.574,10,603
2007-04-25T00:00:00.000+10:00,0.564,10,603
2007-04-26T00:00:00.000+10:00,0.591,10,603
2007-04-27T00:00:00.000+10:00,0.579,10,603
2007-04-28T00:00:00.000+10:00,0.884,10,603
2007-04-29T00:00:00.000+10:00,0.778,10,603
2007-04-30T00:00:00.000+10:00,0.658,10,603
2007-05-01T00:00:00.000+10:00,0.638,10,603
2007-05-02T00:00:00.000+10:00,0.622,10,603
2007-05-03T00:00:00.000+10:00,0.616,10,603
2007-05-04T00:00:00.000+10:00,0.604,10,603
2007-05-05T00:00:00.000+10:00,0.594,10,603
2007-05-06T00:00:00.000+10:00,0.583,10,603
2007-05-07T00:00:00.000+10:00,0.573,10,603
2007-05-08T00:00:00.000+10:00,0.566,10,603
2007-05-09T00:00:00.000+10:00,0.554,10,603
2007-05-10T00:00:00.000+10:00,0.540,10,603
2007-05-11T00:00:00.000+10:00,0.501,10,603
2007-05-12T00:00:00.000+10:00,0.486,10,603
2007-05-13T00:00:00.000+10:00,0.483,10,603
2007-05-14T00:00:00.000+10:00,0.481,10,603
2007-05-15T00:00:00.000+10:00,0.487,10,603
2007-05-16T00:00:00.000+10:00,0.516,10,603
2007-05-17T00:00:00.000+10:00,0.515,10,603
2007-05-18T00:00:00.000+10:00,0.538,10,603
2007-05-19T00:00:00.000+10:00,0.576,10,603
2007-05-20T00:00:00.000+10:00,0.572,10,603
2007-05-21T00:00:00.000+10:00,0.525,10,603
2007-05-22T00:00:00.000+10:00,0.529,10,603
2007-05-23T00:00:00.000+10:00,0.528,10,603
2007-05-24T00:00:00.000+10:00,0.502,10,603
2007-05-25T00:00:00.000+10:00,0.437,10,603
2007-05-26T00:00:00.000+10:00,0.430,10,603
2007-05-27T00:00:00.000+10:00,0.428,10,603
2007-05-28T00:00:00.000+10:00,0.422,10,603
2007-05-29T00:00:00.000+10:00,0.417,10,603
2007-05-30T00:00:00.000+10:00,0.375,10,603
2007-05-31T00:00:00.000+10:00,0.355,10,603
2007-06-01T00:00:00.000+10:00,0.347,10,603
2007-06-02T00:00:00.000+10:00,0.342,10,603
2007-06-03T00:00:00.000+10:00,0.336,10,603
2007-06-04T00:00:00.000+10:00,0.336,10,603
2007-06-05T00:00:00.000+10:00,0.333,10,603
2007-06-06T00:00:00.000+10:00,0.390,10,603
2007-06-07T00:00:00.000+10:00,0.426,10,603
2007-06-08T00:00:00.000+10:00,0.460,10,603
2007-06-09T00:00:00.000+10:00,0.501,10,603
2007-06-10T00:00:00.000+10:00,0.555,10,603
2007-06-11T00:00:00.000+10:00,0.569,10,603
2007-06-12T00:00:00.000+10:00,0.529,10,603
2007-06-13T00:00:00.000+10:00,0.517,10,603
2007-06-14T00:00:00.000+10:00,0.510,10,603
2007-06-15T00:00:00.000+10:00,0.439,10,603
2007-06-16T00:00:00.000+10:00,0.403,10,603
2007-06-17T00:00:00.000+10:00,0.400,10,603
2007-06-18T00:00:00.000+10:00,0.404,10,603
2007-06-19T00:00:00.000+10:00,0.412,10,603
2007-06-20T00:00:00.000+10:00,0.422,10,603
2007-06-21T00:00:00.000+10:00,0.424,10,603
2007-06-22T00:00:00.000+10:00,0.424,10,603
2007-06-23T00:00:00.000+10:00,0.424,10,603
2007-06-24T00:00:00.000+10:00,0.428,10,603
2007-06-25T00:00:00.000+10:00,0.409,10,603
2007-06-26T00:00:00.000+10:00,0.392,10,603
2007-06-27T00:00:00.000+10:00,0.406,10,603
2007-06-28T00:00:00.000+10:00,0.567,10,603
2007-06-29T00:00:00.000+10:00,0.966,10,603
2007-06-30T00:00:00.000+10:00,0.887,10,603
2007-07-01T00:00:00.000+10:00,0.806,10,603
2007-07-02T00:00:00.000+10:00,0.674,10,603
2007-07-03T00:00:00.000+10:00,0.547,10,603
2007-07-04T00:00:00.000+10:00,0.539,10,603
2007-07-05T00:00:00.000+10:00,0.554,10,603
2007-07-06T00:00:00.000+10:00,0.528,10,603
2007-07-07T00:00:00.000+10:00,0.517,10,603
2007-07-08T00:00:00.000+10:00,0.491,10,603
2007-07-09T00:00:00.000+10:00,0.467,10,603
2007-07-10T00:00:00.000+10:00,0.456,10,603
2007-07-11T00:00:00.000+10:00,0.449,10,603
2007-07-12T00:00:00.000+10:00,0.443,10,603
2007-07-13T00:00:00.000+10:00,0.438,10,603
2007-07-14T00:00:00.000+10:00,0.433,10,603
2007-07-15T00:00:00.000+10:00,0.429,10,603
2007-07-16T00:00:00.000+10:00,0.425,10,603
2007-07-17T00:00:00.000+10:00,0.422,10,603
2007-07-18T00:00:00.000+10:00,0.419,10,603
2007-07-19T00:00:00.000+10:00,0.411,10,603
2007-07-20T00:00:00.000+10:00,0.379,10,603
2007-07-21T00:00:00.000+10:00,0.367,10,603
2007-07-22T00:00:00.000+10:00,0.363,10,603
2007-07-23T00:00:00.000+10:00,0.359,10,603
2007-07-24T00:00:00.000+10:00,0.356,10,603
2007-07-25T00:00:00.000+10:00,0.354,10,603
2007-07-26T00:00:00.000+10:00,0.352,10,603
2007-07-27T00:00:00.000+10:00,0.347,10,603
2007-07-28T00:00:00.000+10:00,0.345,10,603
2007-07-29T00:00:00.000+10:00,0.341,10,603
2007-07-30T00:00:00.000+10:00,0.338,10,603
2007-07-31T00:00:00.000+10:00,0.334,10,603
2007-08-01T00:00:00.000+10:00,0.332,10,603
2007-08-02T00:00:00.000+10:00,0.332,10,603
2007-08-03T00:00:00.000+10:00,0.328,10,603
2007-08-04T00:00:00.000+10:00,0.323,10,603
2007-08-05T00:00:00.000+10:00,0.319,10,603
2007-08-06T00:00:00.000+10:00,0.316,10,603
2007-08-07T00:00:00.000+10:00,0.313,10,603
2007-08-08T00:00:00.000+10:00,0.309,10,603
2007-08-09T00:00:00.000+10:00,0.308,10,603
2007-08-10T00:00:00.000+10:00,0.307,10,603
2007-08-11T00:00:00.000+10:00,0.302,10,603
2007-08-12T00:00:00.000+10:00,0.299,10,603
2007-08-13T00:00:00.000+10:00,0.298,10,603
2007-08-14T00:00:00.000+10:00,0.295,10,603
2007-08-15T00:00:00.000+10:00,0.292,10,603
2007-08-16T00:00:00.000+10:00,0.288,10,603
2007-08-17T00:00:00.000+10:00,0.292,10,603
2007-08-18T00:00:00.000+10:00,0.292,10,603
2007-08-19T00:00:00.000+10:00,0.300,10,603
2007-08-20T00:00:00.000+10:00,0.625,10,603
2007-08-21T00:00:00.000+10:00,5.333,10,603
2007-08-22T00:00:00.000+10:00,6.240,10,603
2007-08-23T00:00:00.000+10:00,8.542,10,603
2007-08-24T00:00:00.000+10:00,8.541,10,603
2007-08-25T00:00:00.000+10:00,6.276,10,603
2007-08-26T00:00:00.000+10:00,5.163,10,603
2007-08-27T00:00:00.000+10:00,4.125,10,603
2007-08-28T00:00:00.000+10:00,2.855,10,603
2007-08-29T00:00:00.000+10:00,2.172,10,603
2007-08-30T00:00:00.000+10:00,1.876,10,603
2007-08-31T00:00:00.000+10:00,1.672,10,603
2007-09-01T00:00:00.000+10:00,1.439,10,603
2007-09-02T00:00:00.000+10:00,1.306,10,603
2007-09-03T00:00:00.000+10:00,1.202,10,603
2007-09-04T00:00:00.000+10:00,1.114,10,603
2007-09-05T00:00:00.000+10:00,1.042,10,603
2007-09-06T00:00:00.000+10:00,1.000,10,603
2007-09-07T00:00:00.000+10:00,1.091,10,603
2007-09-08T00:00:00.000+10:00,1.445,10,603
2007-09-09T00:00:00.000+10:00,1.690,10,603
2007-09-10T00:00:00.000+10:00,1.499,10,603
2007-09-11T00:00:00.000+10:00,1.346,10,603
2007-09-12T00:00:00.000+10:00,1.245,10,603
2007-09-13T00:00:00.000+10:00,1.162,10,603
2007-09-14T00:00:00.000+10:00,1.097,10,603
2007-09-15T00:00:00.000+10:00,1.035,10,603
2007-09-16T00:00:00.000+10:00,0.987,10,603
2007-09-17T00:00:00.000+10:00,0.950,10,603
2007-09-18T00:00:00.000+10:00,0.908,10,603
2007-09-19T00:00:00.000+10:00,0.815,10,603
2007-09-20T00:00:00.000+10:00,0.866,10,603
2007-09-21T00:00:00.000+10:00,0.843,10,603
2007-09-22T00:00:00.000+10:00,0.830,10,603
2007-09-23T00:00:00.000+10:00,0.837,10,603
2007-09-24T00:00:00.000+10:00,0.810,10,603
2007-09-25T00:00:00.000+10:00,0.880,10,603
2007-09-26T00:00:00.000+10:00,0.923,10,603
2007-09-27T00:00:00.000+10:00,0.866,10,603
2007-09-28T00:00:00.000+10:00,0.788,10,603
2007-09-29T00:00:00.000+10:00,0.782,10,603
2007-09-30T00:00:00.000+10:00,0.773,10,603
2007-10-01T00:00:00.000+10:00,0.752,10,603
2007-10-02T00:00:00.000+10:00,0.737,10,603
2007-10-03T00:00:00.000+10:00,0.719,10,603
2007-10-04T00:00:00.000+10:00,0.707,10,603
2007-10-05T00:00:00.000+10:00,0.698,10,603
2007-10-06T00:00:00.000+10:00,0.687,10,603
2007-10-07T00:00:00.000+10:00,0.675,10,603
2007-10-08T00:00:00.000+10:00,0.669,10,603
2007-10-09T00:00:00.000+10:00,0.675,10,603
2007-10-10T00:00:00.000+10:00,0.675,10,603
2007-10-11T00:00:00.000+10:00,0.673,10,603
2007-10-12T00:00:00.000+10:00,0.672,10,603
2007-10-13T00:00:00.000+10:00,0.660,10,603
2007-10-14T00:00:00.000+10:00,0.656,10,603
2007-10-15T00:00:00.000+10:00,0.651,10,603
2007-10-16T00:00:00.000+10:00,0.640,10,603
2007-10-17T00:00:00.000+10:00,0.632,10,603
2007-10-18T00:00:00.000+10:00,0.626,10,603
2007-10-19T00:00:00.000+10:00,0.610,10,603
2007-10-20T00:00:00.000+10:00,0.590,10,603
2007-10-21T00:00:00.000+10:00,0.583,10,603
2007-10-22T00:00:00.000+10:00,0.578,10,603
2007-10-23T00:00:00.000+10:00,0.575,10,603
2007-10-24T00:00:00.000+10:00,0.564,10,603
2007-10-25T00:00:00.000+10:00,0.549,10,603
2007-10-26T00:00:00.000+10:00,0.575,10,603
2007-10-27T00:00:00.000+10:00,0.571,10,603
2007-10-28T00:00:00.000+10:00,0.579,10,603
2007-10-29T00:00:00.000+10:00,0.938,10,603
2007-10-30T00:00:00.000+10:00,0.773,10,603
2007-10-31T00:00:00.000+10:00,0.924,10,603
2007-11-01T00:00:00.000+10:00,1.150,10,603
2007-11-02T00:00:00.000+10:00,1.067,10,603
2007-11-03T00:00:00.000+10:00,1.273,10,603
2007-11-04T00:00:00.000+10:00,1.158,10,603
2007-11-05T00:00:00.000+10:00,1.001,10,603
2007-11-06T00:00:00.000+10:00,0.970,10,603
2007-11-07T00:00:00.000+10:00,0.876,10,603
2007-11-08T00:00:00.000+10:00,0.817,10,603
2007-11-09T00:00:00.000+10:00,0.857,10,603
2007-11-10T00:00:00.000+10:00,1.202,10,603
2007-11-11T00:00:00.000+10:00,2.652,10,603
2007-11-12T00:00:00.000+10:00,4.019,10,603
2007-11-13T00:00:00.000+10:00,2.772,10,603
2007-11-14T00:00:00.000+10:00,1.800,10,603
2007-11-15T00:00:00.000+10:00,1.461,10,603
2007-11-16T00:00:00.000+10:00,1.282,10,603
2007-11-17T00:00:00.000+10:00,1.148,10,603
2007-11-18T00:00:00.000+10:00,1.057,10,603
2007-11-19T00:00:00.000+10:00,0.982,10,603
2007-11-20T00:00:00.000+10:00,0.927,10,603
2007-11-21T00:00:00.000+10:00,0.879,10,603
2007-11-22T00:00:00.000+10:00,0.851,10,603
2007-11-23T00:00:00.000+10:00,0.952,10,603
2007-11-24T00:00:00.000+10:00,3.308,10,603
2007-11-25T00:00:00.000+10:00,3.123,10,603
2007-11-26T00:00:00.000+10:00,2.163,10,603
2007-11-27T00:00:00.000+10:00,1.635,10,603
2007-11-28T00:00:00.000+10:00,1.390,10,603
2007-11-29T00:00:00.000+10:00,1.264,10,603
2007-11-30T00:00:00.000+10:00,1.189,10,603
2007-12-01T00:00:00.000+10:00,1.105,10,603
2007-12-02T00:00:00.000+10:00,1.172,10,603
2007-12-03T00:00:00.000+10:00,1.052,10,603
2007-12-04T00:00:00.000+10:00,1.038,10,603
2007-12-05T00:00:00.000+10:00,1.393,10,603
2007-12-06T00:00:00.000+10:00,1.426,10,603
2007-12-07T00:00:00.000+10:00,1.191,10,603
2007-12-08T00:00:00.000+10:00,1.102,10,603
2007-12-09T00:00:00.000+10:00,1.184,10,603
2007-12-10T00:00:00.000+10:00,2.634,10,603
2007-12-11T00:00:00.000+10:00,1.799,10,603
2007-12-12T00:00:00.000+10:00,1.460,10,603
2007-12-13T00:00:00.000+10:00,1.227,10,603
2007-12-14T00:00:00.000+10:00,1.101,10,603
2007-12-15T00:00:00.000+10:00,0.983,10,603
2007-12-16T00:00:00.000+10:00,1.006,10,603
2007-12-17T00:00:00.000+10:00,0.959,10,603
2007-12-18T00:00:00.000+10:00,0.899,10,603
2007-12-19T00:00:00.000+10:00,0.850,10,603
2007-12-20T00:00:00.000+10:00,0.847,10,603
2007-12-21T00:00:00.000+10:00,0.833,10,603
2007-12-22T00:00:00.000+10:00,0.789,10,603
2007-12-23T00:00:00.000+10:00,0.763,10,603
2007-12-24T00:00:00.000+10:00,0.740,10,603
2007-12-25T00:00:00.000+10:00,0.724,10,603
2007-12-26T00:00:00.000+10:00,0.735,10,603
2007-12-27T00:00:00.000+10:00,0.725,10,603
2007-12-28T00:00:00.000+10:00,0.712,10,603
2007-12-29T00:00:00.000+10:00,0.719,10,603
2007-12-30T00:00:00.000+10:00,0.726,10,603
2007-12-31T00:00:00.000+10:00,0.711,10,603
2008-01-01T00:00:00.000+10:00,0.700,10,603
2008-01-02T00:00:00.000+10:00,0.688,10,603
2008-01-03T00:00:00.000+10:00,0.696,10,603
2008-01-04T00:00:00.000+10:00,0.755,10,603
2008-01-05T00:00:00.000+10:00,2.476,10,603
2008-01-06T00:00:00.000+10:00,8.340,10,603
2008-01-07T00:00:00.000+10:00,8.198,10,603
2008-01-08T00:00:00.000+10:00,7.452,10,603
2008-01-09T00:00:00.000+10:00,4.658,10,603
2008-01-10T00:00:00.000+10:00,2.456,10,603
2008-01-11T00:00:00.000+10:00,2.031,10,603
2008-01-12T00:00:00.000+10:00,1.838,10,603
2008-01-13T00:00:00.000+10:00,1.667,10,603
2008-01-14T00:00:00.000+10:00,1.533,10,603
2008-01-15T00:00:00.000+10:00,1.429,10,603
2008-01-16T00:00:00.000+10:00,1.534,10,603
2008-01-17T00:00:00.000+10:00,2.339,10,603
2008-01-18T00:00:00.000+10:00,2.229,10,603
2008-01-19T00:00:00.000+10:00,2.003,10,603
2008-01-20T00:00:00.000+10:00,1.813,10,603
2008-01-21T00:00:00.000+10:00,1.645,10,603
2008-01-22T00:00:00.000+10:00,1.495,10,603
2008-01-23T00:00:00.000+10:00,1.382,10,603
2008-01-24T00:00:00.000+10:00,1.293,10,603
2008-01-25T00:00:00.000+10:00,1.220,10,603
2008-01-26T00:00:00.000+10:00,1.224,10,603
2008-01-27T00:00:00.000+10:00,1.284,10,603
2008-01-28T00:00:00.000+10:00,1.495,10,603
2008-01-29T00:00:00.000+10:00,1.377,10,603
2008-01-30T00:00:00.000+10:00,1.250,10,603
2008-01-31T00:00:00.000+10:00,1.175,10,603
2008-02-01T00:00:00.000+10:00,1.127,10,603
2008-02-02T00:00:00.000+10:00,1.091,10,603
2008-02-03T00:00:00.000+10:00,4.837,10,603
2008-02-04T00:00:00.000+10:00,9.245,10,603
2008-02-05T00:00:00.000+10:00,12.065,10,603
2008-02-06T00:00:00.000+10:00,13.102,10,603
2008-02-07T00:00:00.000+10:00,11.099,10,603
2008-02-08T00:00:00.000+10:00,8.982,10,603
2008-02-09T00:00:00.000+10:00,6.517,10,603
2008-02-10T00:00:00.000+10:00,4.126,10,603
2008-02-11T00:00:00.000+10:00,3.036,10,603
2008-02-12T00:00:00.000+10:00,3.238,10,603
2008-02-13T00:00:00.000+10:00,5.298,10,603
2008-02-14T00:00:00.000+10:00,5.820,10,603
2008-02-15T00:00:00.000+10:00,5.427,10,603
2008-02-16T00:00:00.000+10:00,3.642,10,603
2008-02-17T00:00:00.000+10:00,2.654,10,603
2008-02-18T00:00:00.000+10:00,2.297,10,603
2008-02-19T00:00:00.000+10:00,2.143,10,603
2008-02-20T00:00:00.000+10:00,2.124,10,603
2008-02-21T00:00:00.000+10:00,2.315,10,603
2008-02-22T00:00:00.000+10:00,2.169,10,603
2008-02-23T00:00:00.000+10:00,1.954,10,603
2008-02-24T00:00:00.000+10:00,1.774,10,603
2008-02-25T00:00:00.000+10:00,1.637,10,603
2008-02-26T00:00:00.000+10:00,1.530,10,603
2008-02-27T00:00:00.000+10:00,1.449,10,603
2008-02-28T00:00:00.000+10:00,1.417,10,603
2008-02-29T00:00:00.000+10:00,1.899,10,603
2008-03-01T00:00:00.000+10:00,1.561,10,603
2008-03-02T00:00:00.000+10:00,1.425,10,603
2008-03-03T00:00:00.000+10:00,1.312,10,603
2008-03-04T00:00:00.000+10:00,1.221,10,603
2008-03-05T00:00:00.000+10:00,1.156,10,603
2008-03-06T00:00:00.000+10:00,1.105,10,603
2008-03-07T00:00:00.000+10:00,1.069,10,603
2008-03-08T00:00:00.000+10:00,1.038,10,603
2008-03-09T00:00:00.000+10:00,1.014,10,603
2008-03-10T00:00:00.000+10:00,0.985,10,603
2008-03-11T00:00:00.000+10:00,0.963,10,603
2008-03-12T00:00:00.000+10:00,0.942,10,603
2008-03-13T00:00:00.000+10:00,0.921,10,603
2008-03-14T00:00:00.000+10:00,0.904,10,603
2008-03-15T00:00:00.000+10:00,0.888,10,603
2008-03-16T00:00:00.000+10:00,0.871,10,603
2008-03-17T00:00:00.000+10:00,0.857,10,603
2008-03-18T00:00:00.000+10:00,0.845,10,603
2008-03-19T00:00:00.000+10:00,0.837,10,603
2008-03-20T00:00:00.000+10:00,0.851,10,603
2008-03-21T00:00:00.000+10:00,0.834,10,603
2008-03-22T00:00:00.000+10:00,0.824,10,603
2008-03-23T00:00:00.000+10:00,0.819,10,603
2008-03-24T00:00:00.000+10:00,0.808,10,603
2008-03-25T00:00:00.000+10:00,0.801,10,603
2008-03-26T00:00:00.000+10:00,0.802,10,603
2008-03-27T00:00:00.000+10:00,0.768,10,603
2008-03-28T00:00:00.000+10:00,0.785,10,603
2008-03-29T00:00:00.000+10:00,0.784,10,603
2008-03-30T00:00:00.000+10:00,0.816,10,603
2008-03-31T00:00:00.000+10:00,0.803,10,603
2008-04-01T00:00:00.000+10:00,0.781,10,603
2008-04-02T00:00:00.000+10:00,0.762,10,603
2008-04-03T00:00:00.000+10:00,0.744,10,603
2008-04-04T00:00:00.000+10:00,0.732,10,603
2008-04-05T00:00:00.000+10:00,0.718,10,603
2008-04-06T00:00:00.000+10:00,0.708,10,603
2008-04-07T00:00:00.000+10:00,0.700,10,603
2008-04-08T00:00:00.000+10:00,0.694,10,603
2008-04-09T00:00:00.000+10:00,0.692,10,603
2008-04-10T00:00:00.000+10:00,0.699,10,603
2008-04-11T00:00:00.000+10:00,0.702,10,603
2008-04-12T00:00:00.000+10:00,0.810,10,603
2008-04-13T00:00:00.000+10:00,0.978,10,603
2008-04-14T00:00:00.000+10:00,0.908,10,603
2008-04-15T00:00:00.000+10:00,0.841,10,603
2008-04-16T00:00:00.000+10:00,0.793,10,603
2008-04-17T00:00:00.000+10:00,0.758,10,603
2008-04-18T00:00:00.000+10:00,0.737,10,603
2008-04-19T00:00:00.000+10:00,0.719,10,603
2008-04-20T00:00:00.000+10:00,0.711,10,603
2008-04-21T00:00:00.000+10:00,0.725,10,603
2008-04-22T00:00:00.000+10:00,1.216,10,603
2008-04-23T00:00:00.000+10:00,1.414,10,603
2008-04-24T00:00:00.000+10:00,1.226,10,603
2008-04-25T00:00:00.000+10:00,1.100,10,603
2008-04-26T00:00:00.000+10:00,1.040,10,603
2008-04-27T00:00:00.000+10:00,1.147,10,603
2008-04-28T00:00:00.000+10:00,1.286,10,603
2008-04-29T00:00:00.000+10:00,1.122,10,603
2008-04-30T00:00:00.000+10:00,1.014,10,603
2008-05-01T00:00:00.000+10:00,0.942,10,603
2008-05-02T00:00:00.000+10:00,0.892,10,603
2008-05-03T00:00:00.000+10:00,0.852,10,603
2008-05-04T00:00:00.000+10:00,0.823,10,603
2008-05-05T00:00:00.000+10:00,0.798,10,603
2008-05-06T00:00:00.000+10:00,0.778,10,603
2008-05-07T00:00:00.000+10:00,0.764,10,603
2008-05-08T00:00:00.000+10:00,0.748,10,603
2008-05-09T00:00:00.000+10:00,0.736,10,603
2008-05-10T00:00:00.000+10:00,0.724,10,603
2008-05-11T00:00:00.000+10:00,0.714,10,603
2008-05-12T00:00:00.000+10:00,0.707,10,603
2008-05-13T00:00:00.000+10:00,0.709,10,603
2008-05-14T00:00:00.000+10:00,0.704,10,603
2008-05-15T00:00:00.000+10:00,0.696,10,603
2008-05-16T00:00:00.000+10:00,0.696,10,603
2008-05-17T00:00:00.000+10:00,0.694,10,603
2008-05-18T00:00:00.000+10:00,0.688,10,603
2008-05-19T00:00:00.000+10:00,0.678,10,603
2008-05-20T00:00:00.000+10:00,0.676,10,603
2008-05-21T00:00:00.000+10:00,0.670,10,603
2008-05-22T00:00:00.000+10:00,0.665,10,603
2008-05-23T00:00:00.000+10:00,0.661,10,603
2008-05-24T00:00:00.000+10:00,0.656,10,603
2008-05-25T00:00:00.000+10:00,0.651,10,603
2008-05-26T00:00:00.000+10:00,0.647,10,603
2008-05-27T00:00:00.000+10:00,0.644,10,603
2008-05-28T00:00:00.000+10:00,0.640,10,603
2008-05-29T00:00:00.000+10:00,0.640,10,603
2008-05-30T00:00:00.000+10:00,0.643,10,603
2008-05-31T00:00:00.000+10:00,0.643,10,603
2008-06-01T00:00:00.000+10:00,0.643,10,603
2008-06-02T00:00:00.000+10:00,0.654,10,603
2008-06-03T00:00:00.000+10:00,0.952,10,603
2008-06-04T00:00:00.000+10:00,1.063,10,603
2008-06-05T00:00:00.000+10:00,2.009,10,603
2008-06-06T00:00:00.000+10:00,1.876,10,603
2008-06-07T00:00:00.000+10:00,1.453,10,603
2008-06-08T00:00:00.000+10:00,1.238,10,603
2008-06-09T00:00:00.000+10:00,1.106,10,603
2008-06-10T00:00:00.000+10:00,1.023,10,603
2008-06-11T00:00:00.000+10:00,0.968,10,603
2008-06-12T00:00:00.000+10:00,0.953,10,603
2008-06-13T00:00:00.000+10:00,0.943,10,603
2008-06-14T00:00:00.000+10:00,0.908,10,603
2008-06-15T00:00:00.000+10:00,0.869,10,603
2008-06-16T00:00:00.000+10:00,0.837,10,603
2008-06-17T00:00:00.000+10:00,0.811,10,603
2008-06-18T00:00:00.000+10:00,0.788,10,603
2008-06-19T00:00:00.000+10:00,0.773,10,603
2008-06-20T00:00:00.000+10:00,0.762,10,603
2008-06-21T00:00:00.000+10:00,0.752,10,603
2008-06-22T00:00:00.000+10:00,0.748,10,603
2008-06-23T00:00:00.000+10:00,0.742,10,603
2008-06-24T00:00:00.000+10:00,0.740,10,603
2008-06-25T00:00:00.000+10:00,0.728,10,603
2008-06-26T00:00:00.000+10:00,0.718,10,603
2008-06-27T00:00:00.000+10:00,0.703,10,603
2008-06-28T00:00:00.000+10:00,0.699,10,603
2008-06-29T00:00:00.000+10:00,0.698,10,603
2008-06-30T00:00:00.000+10:00,0.692,10,603
2008-07-01T00:00:00.000+10:00,0.686,10,603
2008-07-02T00:00:00.000+10:00,0.669,10,603
2008-07-03T00:00:00.000+10:00,0.674,10,603
2008-07-04T00:00:00.000+10:00,0.671,10,603
2008-07-05T00:00:00.000+10:00,0.667,10,603
2008-07-06T00:00:00.000+10:00,0.665,10,603
2008-07-07T00:00:00.000+10:00,0.625,10,603
2008-07-08T00:00:00.000+10:00,0.667,10,603
2008-07-09T00:00:00.000+10:00,0.668,10,603
2008-07-10T00:00:00.000+10:00,0.666,10,603
2008-07-11T00:00:00.000+10:00,0.661,10,603
2008-07-12T00:00:00.000+10:00,0.656,10,603
2008-07-13T00:00:00.000+10:00,0.650,10,603
2008-07-14T00:00:00.000+10:00,0.603,10,603
2008-07-15T00:00:00.000+10:00,0.644,10,603
2008-07-16T00:00:00.000+10:00,0.646,10,603
2008-07-17T00:00:00.000+10:00,0.643,10,603
2008-07-18T00:00:00.000+10:00,0.639,10,603
2008-07-19T00:00:00.000+10:00,0.635,10,603
2008-07-20T00:00:00.000+10:00,0.632,10,603
2008-07-21T00:00:00.000+10:00,0.628,10,603
2008-07-22T00:00:00.000+10:00,0.624,10,603
2008-07-23T00:00:00.000+10:00,0.620,10,603
2008-07-24T00:00:00.000+10:00,0.624,10,603
2008-07-25T00:00:00.000+10:00,0.647,10,603
2008-07-26T00:00:00.000+10:00,0.923,10,603
2008-07-27T00:00:00.000+10:00,1.998,10,603
2008-07-28T00:00:00.000+10:00,1.445,10,603
2008-07-29T00:00:00.000+10:00,1.138,10,603
2008-07-30T00:00:00.000+10:00,0.988,10,603
2008-07-31T00:00:00.000+10:00,0.898,10,603
2008-08-01T00:00:00.000+10:00,0.834,10,603
2008-08-02T00:00:00.000+10:00,0.786,10,603
2008-08-03T00:00:00.000+10:00,0.755,10,603
2008-08-04T00:00:00.000+10:00,0.732,10,603
2008-08-05T00:00:00.000+10:00,0.712,10,603
2008-08-06T00:00:00.000+10:00,0.697,10,603
2008-08-07T00:00:00.000+10:00,0.684,10,603
2008-08-08T00:00:00.000+10:00,0.674,10,603
2008-08-09T00:00:00.000+10:00,0.664,10,603
2008-08-10T00:00:00.000+10:00,0.659,10,603
2008-08-11T00:00:00.000+10:00,0.655,10,603
2008-08-12T00:00:00.000+10:00,0.645,10,603
2008-08-13T00:00:00.000+10:00,0.638,10,603
2008-08-14T00:00:00.000+10:00,0.632,10,603
2008-08-15T00:00:00.000+10:00,0.626,10,603
2008-08-16T00:00:00.000+10:00,0.608,10,603
2008-08-17T00:00:00.000+10:00,0.596,10,603
2008-08-18T00:00:00.000+10:00,0.592,10,603
2008-08-19T00:00:00.000+10:00,0.589,10,603
2008-08-20T00:00:00.000+10:00,0.586,10,603
2008-08-21T00:00:00.000+10:00,0.584,10,603
2008-08-22T00:00:00.000+10:00,0.575,10,603
2008-08-23T00:00:00.000+10:00,0.560,10,603
2008-08-24T00:00:00.000+10:00,0.545,10,603
2008-08-25T00:00:00.000+10:00,0.542,10,603
2008-08-26T00:00:00.000+10:00,0.540,10,603
2008-08-27T00:00:00.000+10:00,0.538,10,603
2008-08-28T00:00:00.000+10:00,0.542,10,603
2008-08-29T00:00:00.000+10:00,0.541,10,603
2008-08-30T00:00:00.000+10:00,0.548,10,603
2008-08-31T00:00:00.000+10:00,0.562,10,603
2008-09-01T00:00:00.000+10:00,0.567,10,603
2008-09-02T00:00:00.000+10:00,0.621,10,603
2008-09-03T00:00:00.000+10:00,0.644,10,603
2008-09-04T00:00:00.000+10:00,0.618,10,603
2008-09-05T00:00:00.000+10:00,1.079,10,603
2008-09-06T00:00:00.000+10:00,2.730,10,603
2008-09-07T00:00:00.000+10:00,5.295,10,603
2008-09-08T00:00:00.000+10:00,5.431,10,603
2008-09-09T00:00:00.000+10:00,2.680,10,603
2008-09-10T00:00:00.000+10:00,1.746,10,603
2008-09-11T00:00:00.000+10:00,1.480,10,603
2008-09-12T00:00:00.000+10:00,1.297,10,603
2008-09-13T00:00:00.000+10:00,1.238,10,603
2008-09-14T00:00:00.000+10:00,1.122,10,603
2008-09-15T00:00:00.000+10:00,1.047,10,603
2008-09-16T00:00:00.000+10:00,0.999,10,603
2008-09-17T00:00:00.000+10:00,0.958,10,603
2008-09-18T00:00:00.000+10:00,0.922,10,603
2008-09-19T00:00:00.000+10:00,0.885,10,603
2008-09-20T00:00:00.000+10:00,0.854,10,603
2008-09-21T00:00:00.000+10:00,0.828,10,603
2008-09-22T00:00:00.000+10:00,0.802,10,603
2008-09-23T00:00:00.000+10:00,0.786,10,603
2008-09-24T00:00:00.000+10:00,0.779,10,603
2008-09-25T00:00:00.000+10:00,0.764,10,603
2008-09-26T00:00:00.000+10:00,0.685,10,603
2008-09-27T00:00:00.000+10:00,0.632,10,603
2008-09-28T00:00:00.000+10:00,0.743,10,603
2008-09-29T00:00:00.000+10:00,0.688,10,603
2008-09-30T00:00:00.000+10:00,0.570,10,603
2008-10-01T00:00:00.000+10:00,0.545,10,603
2008-10-02T00:00:00.000+10:00,0.563,10,603
2008-10-03T00:00:00.000+10:00,0.680,10,603
2008-10-04T00:00:00.000+10:00,0.678,10,603
2008-10-05T00:00:00.000+10:00,0.671,10,603
2008-10-06T00:00:00.000+10:00,0.664,10,603
2008-10-07T00:00:00.000+10:00,0.654,10,603
2008-10-08T00:00:00.000+10:00,0.644,10,603
2008-10-09T00:00:00.000+10:00,0.637,10,603
2008-10-10T00:00:00.000+10:00,0.634,10,603
2008-10-11T00:00:00.000+10:00,0.631,10,603
2008-10-12T00:00:00.000+10:00,0.630,10,603
2008-10-13T00:00:00.000+10:00,0.663,10,603
2008-10-14T00:00:00.000+10:00,0.637,10,603
2008-10-15T00:00:00.000+10:00,0.639,10,603
2008-10-16T00:00:00.000+10:00,0.675,10,603
2008-10-17T00:00:00.000+10:00,0.716,10,603
2008-10-18T00:00:00.000+10:00,0.716,10,603
2008-10-19T00:00:00.000+10:00,0.689,10,603
2008-10-20T00:00:00.000+10:00,0.676,10,603
2008-10-21T00:00:00.000+10:00,0.667,10,603
2008-10-22T00:00:00.000+10:00,0.655,10,603
2008-10-23T00:00:00.000+10:00,0.637,10,603
2008-10-24T00:00:00.000+10:00,0.628,10,603
2008-10-25T00:00:00.000+10:00,0.637,10,603
2008-10-26T00:00:00.000+10:00,0.647,10,603
2008-10-27T00:00:00.000+10:00,0.646,10,603
2008-10-28T00:00:00.000+10:00,0.635,10,603
2008-10-29T00:00:00.000+10:00,0.624,10,603
2008-10-30T00:00:00.000+10:00,0.613,10,603
2008-10-31T00:00:00.000+10:00,0.606,10,603
2008-11-01T00:00:00.000+10:00,0.577,10,603
2008-11-02T00:00:00.000+10:00,0.536,10,603
2008-11-03T00:00:00.000+10:00,0.535,10,603
2008-11-04T00:00:00.000+10:00,0.542,10,603
2008-11-05T00:00:00.000+10:00,0.573,10,603
2008-11-06T00:00:00.000+10:00,0.603,10,603
2008-11-07T00:00:00.000+10:00,0.602,10,603
2008-11-08T00:00:00.000+10:00,0.593,10,603
2008-11-09T00:00:00.000+10:00,0.586,10,603
2008-11-10T00:00:00.000+10:00,0.579,10,603
2008-11-11T00:00:00.000+10:00,0.575,10,603
2008-11-12T00:00:00.000+10:00,0.574,10,603
2008-11-13T00:00:00.000+10:00,0.582,10,603
2008-11-14T00:00:00.000+10:00,0.581,10,603
2008-11-15T00:00:00.000+10:00,0.589,10,603
2008-11-16T00:00:00.000+10:00,0.609,10,603
2008-11-17T00:00:00.000+10:00,0.661,10,603
2008-11-18T00:00:00.000+10:00,0.689,10,603
2008-11-19T00:00:00.000+10:00,0.812,10,603
2008-11-20T00:00:00.000+10:00,1.318,10,603
2008-11-21T00:00:00.000+10:00,1.599,10,603
2008-11-22T00:00:00.000+10:00,1.534,10,603
2008-11-23T00:00:00.000+10:00,1.266,10,603
2008-11-24T00:00:00.000+10:00,1.069,10,603
2008-11-25T00:00:00.000+10:00,0.919,10,603
2008-11-26T00:00:00.000+10:00,0.798,10,603
2008-11-27T00:00:00.000+10:00,0.760,10,603
2008-11-28T00:00:00.000+10:00,0.722,10,603
2008-11-29T00:00:00.000+10:00,0.703,10,603
2008-11-30T00:00:00.000+10:00,0.699,10,603
2008-12-01T00:00:00.000+10:00,0.904,10,603
2008-12-02T00:00:00.000+10:00,0.920,10,603
2008-12-03T00:00:00.000+10:00,0.813,10,603
2008-12-04T00:00:00.000+10:00,0.736,10,603
2008-12-05T00:00:00.000+10:00,0.689,10,603
2008-12-06T00:00:00.000+10:00,0.620,10,603
2008-12-07T00:00:00.000+10:00,0.700,10,603
2008-12-08T00:00:00.000+10:00,0.802,10,603
2008-12-09T00:00:00.000+10:00,1.117,10,603
2008-12-10T00:00:00.000+10:00,1.183,10,603
2008-12-11T00:00:00.000+10:00,1.110,10,603
2008-12-12T00:00:00.000+10:00,1.039,10,603
2008-12-13T00:00:00.000+10:00,0.957,10,603
2008-12-14T00:00:00.000+10:00,0.938,10,603
2008-12-15T00:00:00.000+10:00,0.972,10,603
2008-12-16T00:00:00.000+10:00,0.962,10,603
2008-12-17T00:00:00.000+10:00,0.907,10,603
2008-12-18T00:00:00.000+10:00,0.849,10,603
2008-12-19T00:00:00.000+10:00,0.804,10,603
2008-12-20T00:00:00.000+10:00,0.771,10,603
2008-12-21T00:00:00.000+10:00,0.753,10,603
2008-12-22T00:00:00.000+10:00,0.731,10,603
2008-12-23T00:00:00.000+10:00,0.712,10,603
2008-12-24T00:00:00.000+10:00,0.759,10,603
2008-12-25T00:00:00.000+10:00,0.847,10,603
2008-12-26T00:00:00.000+10:00,0.893,10,603
2008-12-27T00:00:00.000+10:00,0.763,10,603
2008-12-28T00:00:00.000+10:00,0.858,10,603
2008-12-29T00:00:00.000+10:00,0.987,10,603
2008-12-30T00:00:00.000+10:00,1.417,10,603
2008-12-31T00:00:00.000+10:00,1.543,10,603
2009-01-01T00:00:00.000+10:00,1.165,10,603
2009-01-02T00:00:00.000+10:00,0.933,10,603
2009-01-03T00:00:00.000+10:00,0.827,10,603
2009-01-04T00:00:00.000+10:00,0.770,10,603
2009-01-05T00:00:00.000+10:00,0.732,10,603
2009-01-06T00:00:00.000+10:00,0.705,10,603
2009-01-07T00:00:00.000+10:00,0.687,10,603
2009-01-08T00:00:00.000+10:00,0.673,10,603
2009-01-09T00:00:00.000+10:00,0.658,10,603
2009-01-10T00:00:00.000+10:00,0.646,10,603
2009-01-11T00:00:00.000+10:00,0.634,10,603
2009-01-12T00:00:00.000+10:00,0.627,10,603
2009-01-13T00:00:00.000+10:00,0.619,10,603
2009-01-14T00:00:00.000+10:00,0.614,10,603
2009-01-15T00:00:00.000+10:00,0.614,10,603
2009-01-16T00:00:00.000+10:00,0.592,10,603
2009-01-17T00:00:00.000+10:00,0.609,10,603
2009-01-18T00:00:00.000+10:00,0.611,10,603
2009-01-19T00:00:00.000+10:00,0.610,10,603
2009-01-20T00:00:00.000+10:00,0.604,10,603
2009-01-21T00:00:00.000+10:00,0.600,10,603
2009-01-22T00:00:00.000+10:00,0.596,10,603
2009-01-23T00:00:00.000+10:00,0.619,10,603
2009-01-24T00:00:00.000+10:00,0.620,10,603
2009-01-25T00:00:00.000+10:00,0.623,10,603
2009-01-26T00:00:00.000+10:00,0.623,10,603
2009-01-27T00:00:00.000+10:00,0.604,10,603
2009-01-28T00:00:00.000+10:00,0.591,10,603
2009-01-29T00:00:00.000+10:00,0.595,10,603
2009-01-30T00:00:00.000+10:00,0.594,10,603
2009-01-31T00:00:00.000+10:00,0.596,10,603
2009-02-01T00:00:00.000+10:00,0.595,10,603
2009-02-02T00:00:00.000+10:00,0.564,10,603
2009-02-03T00:00:00.000+10:00,0.496,10,603
2009-02-04T00:00:00.000+10:00,0.493,10,603
2009-02-05T00:00:00.000+10:00,0.491,10,603
2009-02-06T00:00:00.000+10:00,0.487,10,603
2009-02-07T00:00:00.000+10:00,0.482,10,603
2009-02-08T00:00:00.000+10:00,0.475,10,603
2009-02-09T00:00:00.000+10:00,0.437,10,603
2009-02-10T00:00:00.000+10:00,0.428,10,603
2009-02-11T00:00:00.000+10:00,0.423,10,603
2009-02-12T00:00:00.000+10:00,0.396,10,603
2009-02-13T00:00:00.000+10:00,0.386,10,603
2009-02-14T00:00:00.000+10:00,0.437,10,603
2009-02-15T00:00:00.000+10:00,0.577,10,603
2009-02-16T00:00:00.000+10:00,1.226,10,603
2009-02-17T00:00:00.000+10:00,3.871,10,603
2009-02-18T00:00:00.000+10:00,7.159,10,603
2009-02-19T00:00:00.000+10:00,11.380,10,603
2009-02-20T00:00:00.000+10:00,10.958,10,603
2009-02-21T00:00:00.000+10:00,7.678,10,603
2009-02-22T00:00:00.000+10:00,4.809,10,603
2009-02-23T00:00:00.000+10:00,3.303,10,603
2009-02-24T00:00:00.000+10:00,2.638,10,603
2009-02-25T00:00:00.000+10:00,2.213,10,603
2009-02-26T00:00:00.000+10:00,1.929,10,603
2009-02-27T00:00:00.000+10:00,1.759,10,603
2009-02-28T00:00:00.000+10:00,1.604,10,603
2009-03-01T00:00:00.000+10:00,1.490,10,603
2009-03-02T00:00:00.000+10:00,1.387,10,603
2009-03-03T00:00:00.000+10:00,1.302,10,603
2009-03-04T00:00:00.000+10:00,1.245,10,603
2009-03-05T00:00:00.000+10:00,1.202,10,603
2009-03-06T00:00:00.000+10:00,1.191,10,603
2009-03-07T00:00:00.000+10:00,1.170,10,603
2009-03-08T00:00:00.000+10:00,1.128,10,603
2009-03-09T00:00:00.000+10:00,1.067,10,603
2009-03-10T00:00:00.000+10:00,1.079,10,603
2009-03-11T00:00:00.000+10:00,2.895,10,603
2009-03-12T00:00:00.000+10:00,3.314,10,603
2009-03-13T00:00:00.000+10:00,2.594,10,603
2009-03-14T00:00:00.000+10:00,2.195,10,603
2009-03-15T00:00:00.000+10:00,1.802,10,603
2009-03-16T00:00:00.000+10:00,1.724,10,603
2009-03-17T00:00:00.000+10:00,1.729,10,603
2009-03-18T00:00:00.000+10:00,1.647,10,603
2009-03-19T00:00:00.000+10:00,1.473,10,603
2009-03-20T00:00:00.000+10:00,1.317,10,603
2009-03-21T00:00:00.000+10:00,1.242,10,603
2009-03-22T00:00:00.000+10:00,1.143,10,603
2009-03-23T00:00:00.000+10:00,1.087,10,603
2009-03-24T00:00:00.000+10:00,1.065,10,603
2009-03-25T00:00:00.000+10:00,1.030,10,603
2009-03-26T00:00:00.000+10:00,0.977,10,603
2009-03-27T00:00:00.000+10:00,0.939,10,603
2009-03-28T00:00:00.000+10:00,0.907,10,603
2009-03-29T00:00:00.000+10:00,0.879,10,603
2009-03-30T00:00:00.000+10:00,0.875,10,603
2009-03-31T00:00:00.000+10:00,2.889,10,603
2009-04-01T00:00:00.000+10:00,6.299,10,603
2009-04-02T00:00:00.000+10:00,12.746,10,603
2009-04-03T00:00:00.000+10:00,14.941,10,603
2009-04-04T00:00:00.000+10:00,11.925,10,603
2009-04-05T00:00:00.000+10:00,8.972,10,603
2009-04-06T00:00:00.000+10:00,6.412,10,603
2009-04-07T00:00:00.000+10:00,4.349,10,603
2009-04-08T00:00:00.000+10:00,3.233,10,603
2009-04-09T00:00:00.000+10:00,2.664,10,603
2009-04-10T00:00:00.000+10:00,2.335,10,603
2009-04-11T00:00:00.000+10:00,2.129,10,603
2009-04-12T00:00:00.000+10:00,1.990,10,603
2009-04-13T00:00:00.000+10:00,1.949,10,603
2009-04-14T00:00:00.000+10:00,2.393,10,603
2009-04-15T00:00:00.000+10:00,3.631,10,603
2009-04-16T00:00:00.000+10:00,4.203,10,603
2009-04-17T00:00:00.000+10:00,3.465,10,603
2009-04-18T00:00:00.000+10:00,2.519,10,603
2009-04-19T00:00:00.000+10:00,2.097,10,603
2009-04-20T00:00:00.000+10:00,1.856,10,603
2009-04-21T00:00:00.000+10:00,1.705,10,603
2009-04-22T00:00:00.000+10:00,1.667,10,603
2009-04-23T00:00:00.000+10:00,2.123,10,603
2009-04-24T00:00:00.000+10:00,2.375,10,603
2009-04-25T00:00:00.000+10:00,2.232,10,603
2009-04-26T00:00:00.000+10:00,1.918,10,603
2009-04-27T00:00:00.000+10:00,1.720,10,603
2009-04-28T00:00:00.000+10:00,1.576,10,603
2009-04-29T00:00:00.000+10:00,1.467,10,603
2009-04-30T00:00:00.000+10:00,1.385,10,603
2009-05-01T00:00:00.000+10:00,1.319,10,603
2009-05-02T00:00:00.000+10:00,1.264,10,603
2009-05-03T00:00:00.000+10:00,1.217,10,603
2009-05-04T00:00:00.000+10:00,1.157,10,603
2009-05-05T00:00:00.000+10:00,1.147,10,603
2009-05-06T00:00:00.000+10:00,1.124,10,603
2009-05-07T00:00:00.000+10:00,1.100,10,603
2009-05-08T00:00:00.000+10:00,1.106,10,603
2009-05-09T00:00:00.000+10:00,1.115,10,603
2009-05-10T00:00:00.000+10:00,1.076,10,603
2009-05-11T00:00:00.000+10:00,1.042,10,603
2009-05-12T00:00:00.000+10:00,1.014,10,603
2009-05-13T00:00:00.000+10:00,0.993,10,603
2009-05-14T00:00:00.000+10:00,0.977,10,603
2009-05-15T00:00:00.000+10:00,0.957,10,603
2009-05-16T00:00:00.000+10:00,0.905,10,603
2009-05-17T00:00:00.000+10:00,0.922,10,603
2009-05-18T00:00:00.000+10:00,0.908,10,603
2009-05-19T00:00:00.000+10:00,0.898,10,603
2009-05-20T00:00:00.000+10:00,0.917,10,603
2009-05-21T00:00:00.000+10:00,4.193,10,603
2009-05-22T00:00:00.000+10:00,14.403,10,603
2009-05-23T00:00:00.000+10:00,18.664,10,603
2009-05-24T00:00:00.000+10:00,18.330,10,603
2009-05-25T00:00:00.000+10:00,14.927,10,603
2009-05-26T00:00:00.000+10:00,10.820,10,603
2009-05-27T00:00:00.000+10:00,6.972,10,603
2009-05-28T00:00:00.000+10:00,3.956,10,603
2009-05-29T00:00:00.000+10:00,2.956,10,603
2009-05-30T00:00:00.000+10:00,2.605,10,603
2009-05-31T00:00:00.000+10:00,2.392,10,603
2009-06-01T00:00:00.000+10:00,2.152,10,603
2009-06-02T00:00:00.000+10:00,1.984,10,603
2009-06-03T00:00:00.000+10:00,1.878,10,603
2009-06-04T00:00:00.000+10:00,1.803,10,603
2009-06-05T00:00:00.000+10:00,1.731,10,603
2009-06-06T00:00:00.000+10:00,1.653,10,603
2009-06-07T00:00:00.000+10:00,1.564,10,603
2009-06-08T00:00:00.000+10:00,1.482,10,603
2009-06-09T00:00:00.000+10:00,1.401,10,603
2009-06-10T00:00:00.000+10:00,1.333,10,603
2009-06-11T00:00:00.000+10:00,1.277,10,603
2009-06-12T00:00:00.000+10:00,1.237,10,603
2009-06-13T00:00:00.000+10:00,1.197,10,603
2009-06-14T00:00:00.000+10:00,1.164,10,603
2009-06-15T00:00:00.000+10:00,1.133,10,603
2009-06-16T00:00:00.000+10:00,1.104,10,603
2009-06-17T00:00:00.000+10:00,1.114,10,603
2009-06-18T00:00:00.000+10:00,1.116,10,603
2009-06-19T00:00:00.000+10:00,1.534,10,603
2009-06-20T00:00:00.000+10:00,3.943,10,603
2009-06-21T00:00:00.000+10:00,6.141,10,603
2009-06-22T00:00:00.000+10:00,9.683,10,603
2009-06-23T00:00:00.000+10:00,10.107,10,603
2009-06-24T00:00:00.000+10:00,10.627,10,603
2009-06-25T00:00:00.000+10:00,8.731,10,603
2009-06-26T00:00:00.000+10:00,5.311,10,603
2009-06-27T00:00:00.000+10:00,3.349,10,603
2009-06-28T00:00:00.000+10:00,2.867,10,603
2009-06-29T00:00:00.000+10:00,2.545,10,603
2009-06-30T00:00:00.000+10:00,2.304,10,603
2009-07-01T00:00:00.000+10:00,2.119,10,603
2009-07-02T00:00:00.000+10:00,1.979,10,603
2009-07-03T00:00:00.000+10:00,1.841,10,603
2009-07-04T00:00:00.000+10:00,1.734,10,603
2009-07-05T00:00:00.000+10:00,1.643,10,603
2009-07-06T00:00:00.000+10:00,1.558,10,603
2009-07-07T00:00:00.000+10:00,1.497,10,603
2009-07-08T00:00:00.000+10:00,1.448,10,603
2009-07-09T00:00:00.000+10:00,1.398,10,603
2009-07-10T00:00:00.000+10:00,1.367,10,603
2009-07-11T00:00:00.000+10:00,1.361,10,603
2009-07-12T00:00:00.000+10:00,1.381,10,603
2009-07-13T00:00:00.000+10:00,1.388,10,603
2009-07-14T00:00:00.000+10:00,1.333,10,603
2009-07-15T00:00:00.000+10:00,1.272,10,603
2009-07-16T00:00:00.000+10:00,1.225,10,603
2009-07-17T00:00:00.000+10:00,1.187,10,603
2009-07-18T00:00:00.000+10:00,1.153,10,603
2009-07-19T00:00:00.000+10:00,1.124,10,603
2009-07-20T00:00:00.000+10:00,1.099,10,603
2009-07-21T00:00:00.000+10:00,1.074,10,603
2009-07-22T00:00:00.000+10:00,1.051,10,603
2009-07-23T00:00:00.000+10:00,1.041,10,603
2009-07-24T00:00:00.000+10:00,1.023,10,603
2009-07-25T00:00:00.000+10:00,1.004,10,603
2009-07-26T00:00:00.000+10:00,0.986,10,603
2009-07-27T00:00:00.000+10:00,0.973,10,603
2009-07-28T00:00:00.000+10:00,0.960,10,603
2009-07-29T00:00:00.000+10:00,0.947,10,603
2009-07-30T00:00:00.000+10:00,0.931,10,603
2009-07-31T00:00:00.000+10:00,0.921,10,603
2009-08-01T00:00:00.000+10:00,0.906,10,603
2009-08-02T00:00:00.000+10:00,0.894,10,603
2009-08-03T00:00:00.000+10:00,0.882,10,603
2009-08-04T00:00:00.000+10:00,0.872,10,603
2009-08-05T00:00:00.000+10:00,0.863,10,603
2009-08-06T00:00:00.000+10:00,0.855,10,603
2009-08-07T00:00:00.000+10:00,0.846,10,603
2009-08-08T00:00:00.000+10:00,0.835,10,603
2009-08-09T00:00:00.000+10:00,0.827,10,603
2009-08-10T00:00:00.000+10:00,0.817,10,603
2009-08-11T00:00:00.000+10:00,0.809,10,603
2009-08-12T00:00:00.000+10:00,0.802,10,603
2009-08-13T00:00:00.000+10:00,0.796,10,603
2009-08-14T00:00:00.000+10:00,0.788,10,603
2009-08-15T00:00:00.000+10:00,0.781,10,603
2009-08-16T00:00:00.000+10:00,0.770,10,603
2009-08-17T00:00:00.000+10:00,0.761,10,603
2009-08-18T00:00:00.000+10:00,0.754,10,603
2009-08-19T00:00:00.000+10:00,0.747,10,603
2009-08-20T00:00:00.000+10:00,0.740,10,603
2009-08-21T00:00:00.000+10:00,0.736,10,603
2009-08-22T00:00:00.000+10:00,0.731,10,603
2009-08-23T00:00:00.000+10:00,0.726,10,603
2009-08-24T00:00:00.000+10:00,0.722,10,603
2009-08-25T00:00:00.000+10:00,0.716,10,603
2009-08-26T00:00:00.000+10:00,0.710,10,603
2009-08-27T00:00:00.000+10:00,0.703,10,603
2009-08-28T00:00:00.000+10:00,0.695,10,603
2009-08-29T00:00:00.000+10:00,0.689,10,603
2009-08-30T00:00:00.000+10:00,0.685,10,603
2009-08-31T00:00:00.000+10:00,0.679,10,603
2009-09-01T00:00:00.000+10:00,0.674,10,603
2009-09-02T00:00:00.000+10:00,0.670,10,603
2009-09-03T00:00:00.000+10:00,0.668,10,603
2009-09-04T00:00:00.000+10:00,0.667,10,603
2009-09-05T00:00:00.000+10:00,0.680,10,603
2009-09-06T00:00:00.000+10:00,0.683,10,603
2009-09-07T00:00:00.000+10:00,0.677,10,603
2009-09-08T00:00:00.000+10:00,0.679,10,603
2009-09-09T00:00:00.000+10:00,0.663,10,603
2009-09-10T00:00:00.000+10:00,0.657,10,603
2009-09-11T00:00:00.000+10:00,0.652,10,603
2009-09-12T00:00:00.000+10:00,0.647,10,603
2009-09-13T00:00:00.000+10:00,0.643,10,603
2009-09-14T00:00:00.000+10:00,0.639,10,603
2009-09-15T00:00:00.000+10:00,0.635,10,603
2009-09-16T00:00:00.000+10:00,0.614,10,603
2009-09-17T00:00:00.000+10:00,0.551,10,603
2009-09-18T00:00:00.000+10:00,0.547,10,603
2009-09-19T00:00:00.000+10:00,0.565,10,603
2009-09-20T00:00:00.000+10:00,0.548,10,603
2009-09-21T00:00:00.000+10:00,0.544,10,603
2009-09-22T00:00:00.000+10:00,0.546,10,603
2009-09-23T00:00:00.000+10:00,0.542,10,603
2009-09-24T00:00:00.000+10:00,0.536,10,603
2009-09-25T00:00:00.000+10:00,0.516,10,603
2009-09-26T00:00:00.000+10:00,0.530,10,603
2009-09-27T00:00:00.000+10:00,0.526,10,603
2009-09-28T00:00:00.000+10:00,0.522,10,603
2009-09-29T00:00:00.000+10:00,0.492,10,603
2009-09-30T00:00:00.000+10:00,0.461,10,603
2009-10-01T00:00:00.000+10:00,0.456,10,603
2009-10-02T00:00:00.000+10:00,0.449,10,603
2009-10-03T00:00:00.000+10:00,0.441,10,603
2009-10-04T00:00:00.000+10:00,0.437,10,603
2009-10-05T00:00:00.000+10:00,0.435,10,603
2009-10-06T00:00:00.000+10:00,0.433,10,603
2009-10-07T00:00:00.000+10:00,0.433,10,603
2009-10-08T00:00:00.000+10:00,0.468,10,603
2009-10-09T00:00:00.000+10:00,0.499,10,603
2009-10-10T00:00:00.000+10:00,0.503,10,603
2009-10-11T00:00:00.000+10:00,0.477,10,603
2009-10-12T00:00:00.000+10:00,0.450,10,603
2009-10-13T00:00:00.000+10:00,0.438,10,603
2009-10-14T00:00:00.000+10:00,0.432,10,603
2009-10-15T00:00:00.000+10:00,0.429,10,603
2009-10-16T00:00:00.000+10:00,0.426,10,603
2009-10-17T00:00:00.000+10:00,0.420,10,603
2009-10-18T00:00:00.000+10:00,0.388,10,603
2009-10-19T00:00:00.000+10:00,0.370,10,603
2009-10-20T00:00:00.000+10:00,0.363,10,603
2009-10-21T00:00:00.000+10:00,0.358,10,603
2009-10-22T00:00:00.000+10:00,0.352,10,603
2009-10-23T00:00:00.000+10:00,0.349,10,603
2009-10-24T00:00:00.000+10:00,0.348,10,603
2009-10-25T00:00:00.000+10:00,0.346,10,603
2009-10-26T00:00:00.000+10:00,0.361,10,603
2009-10-27T00:00:00.000+10:00,0.421,10,603
2009-10-28T00:00:00.000+10:00,2.008,10,603
2009-10-29T00:00:00.000+10:00,4.532,10,603
2009-10-30T00:00:00.000+10:00,2.922,10,603
2009-10-31T00:00:00.000+10:00,1.703,10,603
2009-11-01T00:00:00.000+10:00,1.360,10,603
2009-11-02T00:00:00.000+10:00,1.171,10,603
2009-11-03T00:00:00.000+10:00,1.049,10,603
2009-11-04T00:00:00.000+10:00,0.965,10,603
2009-11-05T00:00:00.000+10:00,0.897,10,603
2009-11-06T00:00:00.000+10:00,1.043,10,603
2009-11-07T00:00:00.000+10:00,3.697,10,603
2009-11-08T00:00:00.000+10:00,6.873,10,603
2009-11-09T00:00:00.000+10:00,9.990,10,603
2009-11-10T00:00:00.000+10:00,9.171,10,603
2009-11-11T00:00:00.000+10:00,7.486,10,603
2009-11-12T00:00:00.000+10:00,4.960,10,603
2009-11-13T00:00:00.000+10:00,2.852,10,603
2009-11-14T00:00:00.000+10:00,2.269,10,603
2009-11-15T00:00:00.000+10:00,1.986,10,603
2009-11-16T00:00:00.000+10:00,1.798,10,603
2009-11-17T00:00:00.000+10:00,1.633,10,603
2009-11-18T00:00:00.000+10:00,1.510,10,603
2009-11-19T00:00:00.000+10:00,1.407,10,603
2009-11-20T00:00:00.000+10:00,1.323,10,603
2009-11-21T00:00:00.000+10:00,1.253,10,603
2009-11-22T00:00:00.000+10:00,1.190,10,603
2009-11-23T00:00:00.000+10:00,1.132,10,603
2009-11-24T00:00:00.000+10:00,1.079,10,603
2009-11-25T00:00:00.000+10:00,1.033,10,603
2009-11-26T00:00:00.000+10:00,0.991,10,603
2009-11-27T00:00:00.000+10:00,0.957,10,603
2009-11-28T00:00:00.000+10:00,1.007,10,603
2009-11-29T00:00:00.000+10:00,1.316,10,603
2009-11-30T00:00:00.000+10:00,0.929,10,603
2009-12-01T00:00:00.000+10:00,0.887,10,603
2009-12-02T00:00:00.000+10:00,0.872,10,603
2009-12-03T00:00:00.000+10:00,0.841,10,603
2009-12-04T00:00:00.000+10:00,0.817,10,603
2009-12-05T00:00:00.000+10:00,0.766,10,603
2009-12-06T00:00:00.000+10:00,0.769,10,603
2009-12-07T00:00:00.000+10:00,0.784,10,603
2009-12-08T00:00:00.000+10:00,0.768,10,603
2009-12-09T00:00:00.000+10:00,0.759,10,603
2009-12-10T00:00:00.000+10:00,0.735,10,603
2009-12-11T00:00:00.000+10:00,0.733,10,603
2009-12-12T00:00:00.000+10:00,0.699,10,603
2009-12-13T00:00:00.000+10:00,0.676,10,603
2009-12-14T00:00:00.000+10:00,0.667,10,603
2009-12-15T00:00:00.000+10:00,0.702,10,603
2009-12-16T00:00:00.000+10:00,0.795,10,603
2009-12-17T00:00:00.000+10:00,0.979,10,603
2009-12-18T00:00:00.000+10:00,0.981,10,603
2009-12-19T00:00:00.000+10:00,0.881,10,603
2009-12-20T00:00:00.000+10:00,0.820,10,603
2009-12-21T00:00:00.000+10:00,0.784,10,603
2009-12-22T00:00:00.000+10:00,0.765,10,603
2009-12-23T00:00:00.000+10:00,0.750,10,603
2009-12-24T00:00:00.000+10:00,0.727,10,603
2009-12-25T00:00:00.000+10:00,0.711,10,603
2009-12-26T00:00:00.000+10:00,0.710,10,603
2009-12-27T00:00:00.000+10:00,0.685,10,603
2009-12-28T00:00:00.000+10:00,0.725,10,603
2009-12-29T00:00:00.000+10:00,2.740,10,603
2009-12-30T00:00:00.000+10:00,4.387,10,603
2009-12-31T00:00:00.000+10:00,4.806,10,603
2010-01-01T00:00:00.000+10:00,4.324,10,603
2010-01-02T00:00:00.000+10:00,3.217,10,603
2010-01-03T00:00:00.000+10:00,2.244,10,603
2010-01-04T00:00:00.000+10:00,1.916,10,603
2010-01-05T00:00:00.000+10:00,1.591,10,603
2010-01-06T00:00:00.000+10:00,1.417,10,603
2010-01-07T00:00:00.000+10:00,1.302,10,603
2010-01-08T00:00:00.000+10:00,1.195,10,603
2010-01-09T00:00:00.000+10:00,1.122,10,603
2010-01-10T00:00:00.000+10:00,1.057,10,603
2010-01-11T00:00:00.000+10:00,1.003,10,603
2010-01-12T00:00:00.000+10:00,0.957,10,603
2010-01-13T00:00:00.000+10:00,0.919,10,603
2010-01-14T00:00:00.000+10:00,0.886,10,603
2010-01-15T00:00:00.000+10:00,0.856,10,603
2010-01-16T00:00:00.000+10:00,0.835,10,603
2010-01-17T00:00:00.000+10:00,0.818,10,603
2010-01-18T00:00:00.000+10:00,0.803,10,603
2010-01-19T00:00:00.000+10:00,0.838,10,603
2010-01-20T00:00:00.000+10:00,0.816,10,603
2010-01-21T00:00:00.000+10:00,0.792,10,603
2010-01-22T00:00:00.000+10:00,0.806,10,603
2010-01-23T00:00:00.000+10:00,0.802,10,603
2010-01-24T00:00:00.000+10:00,0.792,10,603
2010-01-25T00:00:00.000+10:00,0.779,10,603
2010-01-26T00:00:00.000+10:00,0.766,10,603
2010-01-27T00:00:00.000+10:00,0.754,10,603
2010-01-28T00:00:00.000+10:00,0.746,10,603
2010-01-29T00:00:00.000+10:00,0.745,10,603
2010-01-30T00:00:00.000+10:00,0.734,10,603
2010-01-31T00:00:00.000+10:00,0.744,10,603
2010-02-01T00:00:00.000+10:00,0.758,10,603
2010-02-02T00:00:00.000+10:00,0.765,10,603
2010-02-03T00:00:00.000+10:00,0.786,10,603
2010-02-04T00:00:00.000+10:00,0.823,10,603
2010-02-05T00:00:00.000+10:00,0.979,10,603
2010-02-06T00:00:00.000+10:00,1.230,10,603
2010-02-07T00:00:00.000+10:00,1.360,10,603
2010-02-08T00:00:00.000+10:00,3.578,10,603
2010-02-09T00:00:00.000+10:00,5.797,10,603
2010-02-10T00:00:00.000+10:00,5.438,10,603
2010-02-11T00:00:00.000+10:00,3.324,10,603
2010-02-12T00:00:00.000+10:00,2.405,10,603
2010-02-13T00:00:00.000+10:00,1.985,10,603
2010-02-14T00:00:00.000+10:00,1.730,10,603
2010-02-15T00:00:00.000+10:00,1.557,10,603
2010-02-16T00:00:00.000+10:00,1.444,10,603
2010-02-17T00:00:00.000+10:00,1.376,10,603
2010-02-18T00:00:00.000+10:00,1.328,10,603
2010-02-19T00:00:00.000+10:00,1.235,10,603
2010-02-20T00:00:00.000+10:00,1.170,10,603
2010-02-21T00:00:00.000+10:00,1.124,10,603
2010-02-22T00:00:00.000+10:00,1.092,10,603
2010-02-23T00:00:00.000+10:00,1.058,10,603
2010-02-24T00:00:00.000+10:00,1.036,10,603
2010-02-25T00:00:00.000+10:00,1.001,10,603
2010-02-26T00:00:00.000+10:00,0.971,10,603
2010-02-27T00:00:00.000+10:00,0.960,10,603
2010-02-28T00:00:00.000+10:00,0.944,10,603
2010-03-01T00:00:00.000+10:00,0.954,10,603
2010-03-02T00:00:00.000+10:00,1.030,10,603
2010-03-03T00:00:00.000+10:00,1.238,10,603
2010-03-04T00:00:00.000+10:00,3.326,10,603
2010-03-05T00:00:00.000+10:00,3.485,10,603
2010-03-06T00:00:00.000+10:00,2.498,10,603
2010-03-07T00:00:00.000+10:00,1.991,10,603
2010-03-08T00:00:00.000+10:00,1.842,10,603
2010-03-09T00:00:00.000+10:00,1.708,10,603
2010-03-10T00:00:00.000+10:00,1.566,10,603
2010-03-11T00:00:00.000+10:00,1.445,10,603
2010-03-12T00:00:00.000+10:00,1.339,10,603
2010-03-13T00:00:00.000+10:00,1.270,10,603
2010-03-14T00:00:00.000+10:00,1.321,10,603
2010-03-15T00:00:00.000+10:00,1.351,10,603
2010-03-16T00:00:00.000+10:00,1.449,10,603
2010-03-17T00:00:00.000+10:00,1.418,10,603
2010-03-18T00:00:00.000+10:00,1.350,10,603
2010-03-19T00:00:00.000+10:00,1.285,10,603
2010-03-20T00:00:00.000+10:00,1.217,10,603
2010-03-21T00:00:00.000+10:00,1.162,10,603
2010-03-22T00:00:00.000+10:00,1.117,10,603
2010-03-23T00:00:00.000+10:00,1.075,10,603
2010-03-24T00:00:00.000+10:00,1.038,10,603
2010-03-25T00:00:00.000+10:00,1.008,10,603
2010-03-26T00:00:00.000+10:00,0.983,10,603
2010-03-27T00:00:00.000+10:00,0.961,10,603
2010-03-28T00:00:00.000+10:00,0.935,10,603
2010-03-29T00:00:00.000+10:00,0.918,10,603
2010-03-30T00:00:00.000+10:00,0.900,10,603
2010-03-31T00:00:00.000+10:00,0.898,10,603
2010-04-01T00:00:00.000+10:00,1.274,10,603
2010-04-02T00:00:00.000+10:00,1.035,10,603
2010-04-03T00:00:00.000+10:00,1.024,10,603
2010-04-04T00:00:00.000+10:00,0.998,10,603
2010-04-05T00:00:00.000+10:00,0.930,10,603
2010-04-06T00:00:00.000+10:00,0.888,10,603
2010-04-07T00:00:00.000+10:00,0.866,10,603
2010-04-08T00:00:00.000+10:00,0.845,10,603
2010-04-09T00:00:00.000+10:00,0.835,10,603
2010-04-10T00:00:00.000+10:00,0.828,10,603
2010-04-11T00:00:00.000+10:00,0.821,10,603
2010-04-12T00:00:00.000+10:00,0.812,10,603
2010-04-13T00:00:00.000+10:00,0.801,10,603
2010-04-14T00:00:00.000+10:00,0.790,10,603
2010-04-15T00:00:00.000+10:00,0.781,10,603
2010-04-16T00:00:00.000+10:00,0.773,10,603
2010-04-17T00:00:00.000+10:00,0.767,10,603
2010-04-18T00:00:00.000+10:00,0.762,10,603
2010-04-19T00:00:00.000+10:00,0.765,10,603
2010-04-20T00:00:00.000+10:00,0.795,10,603
2010-04-21T00:00:00.000+10:00,0.813,10,603
2010-04-22T00:00:00.000+10:00,0.820,10,603
2010-04-23T00:00:00.000+10:00,0.830,10,603
2010-04-24T00:00:00.000+10:00,0.849,10,603
2010-04-25T00:00:00.000+10:00,0.835,10,603
2010-04-26T00:00:00.000+10:00,0.816,10,603
2010-04-27T00:00:00.000+10:00,0.793,10,603
2010-04-28T00:00:00.000+10:00,0.786,10,603
2010-04-29T00:00:00.000+10:00,0.780,10,603
2010-04-30T00:00:00.000+10:00,0.771,10,603
2010-05-01T00:00:00.000+10:00,0.758,10,603
2010-05-02T00:00:00.000+10:00,0.747,10,603
2010-05-03T00:00:00.000+10:00,0.739,10,603
2010-05-04T00:00:00.000+10:00,0.745,10,603
2010-05-05T00:00:00.000+10:00,0.754,10,603
2010-05-06T00:00:00.000+10:00,0.746,10,603
2010-05-07T00:00:00.000+10:00,0.748,10,603
2010-05-08T00:00:00.000+10:00,0.751,10,603
2010-05-09T00:00:00.000+10:00,0.743,10,603
2010-05-10T00:00:00.000+10:00,0.730,10,603
2010-05-11T00:00:00.000+10:00,0.589,10,603
2010-05-12T00:00:00.000+10:00,0.591,10,603
2010-05-13T00:00:00.000+10:00,0.720,10,603
2010-05-14T00:00:00.000+10:00,0.684,10,603
2010-05-15T00:00:00.000+10:00,0.655,10,603
2010-05-16T00:00:00.000+10:00,0.649,10,603
2010-05-17T00:00:00.000+10:00,0.644,10,603
2010-05-18T00:00:00.000+10:00,0.645,10,603
2010-05-19T00:00:00.000+10:00,0.635,10,603
2010-05-20T00:00:00.000+10:00,0.632,10,603
2010-05-21T00:00:00.000+10:00,0.629,10,603
2010-05-22T00:00:00.000+10:00,0.632,10,603
2010-05-23T00:00:00.000+10:00,0.626,10,603
2010-05-24T00:00:00.000+10:00,0.624,10,603
2010-05-25T00:00:00.000+10:00,0.627,10,603
2010-05-26T00:00:00.000+10:00,0.630,10,603
2010-05-27T00:00:00.000+10:00,0.627,10,603
2010-05-28T00:00:00.000+10:00,0.623,10,603
2010-05-29T00:00:00.000+10:00,0.629,10,603
2010-05-30T00:00:00.000+10:00,0.634,10,603
2010-05-31T00:00:00.000+10:00,0.639,10,603
2010-06-01T00:00:00.000+10:00,0.650,10,603
2010-06-02T00:00:00.000+10:00,0.649,10,603
2010-06-03T00:00:00.000+10:00,0.661,10,603
2010-06-04T00:00:00.000+10:00,0.657,10,603
2010-06-05T00:00:00.000+10:00,0.833,10,603
2010-06-06T00:00:00.000+10:00,1.256,10,603
2010-06-07T00:00:00.000+10:00,1.118,10,603
2010-06-08T00:00:00.000+10:00,0.973,10,603
2010-06-09T00:00:00.000+10:00,0.881,10,603
2010-06-10T00:00:00.000+10:00,0.822,10,603
2010-06-11T00:00:00.000+10:00,0.782,10,603
2010-06-12T00:00:00.000+10:00,0.751,10,603
2010-06-13T00:00:00.000+10:00,0.726,10,603
2010-06-14T00:00:00.000+10:00,0.708,10,603
2010-06-15T00:00:00.000+10:00,0.695,10,603
2010-06-16T00:00:00.000+10:00,0.681,10,603
2010-06-17T00:00:00.000+10:00,0.679,10,603
2010-06-18T00:00:00.000+10:00,0.661,10,603
2010-06-19T00:00:00.000+10:00,0.666,10,603
2010-06-20T00:00:00.000+10:00,0.658,10,603
2010-06-21T00:00:00.000+10:00,0.630,10,603
2010-06-22T00:00:00.000+10:00,0.645,10,603
2010-06-23T00:00:00.000+10:00,0.640,10,603
2010-06-24T00:00:00.000+10:00,0.633,10,603
2010-06-25T00:00:00.000+10:00,0.630,10,603
2010-06-26T00:00:00.000+10:00,0.630,10,603
2010-06-27T00:00:00.000+10:00,0.632,10,603
2010-06-28T00:00:00.000+10:00,0.631,10,603
2010-06-29T00:00:00.000+10:00,0.627,10,603
2010-06-30T00:00:00.000+10:00,0.623,10,603
2010-07-01T00:00:00.000+10:00,0.618,10,603
2010-07-02T00:00:00.000+10:00,0.616,10,603
2010-07-03T00:00:00.000+10:00,0.629,10,603
2010-07-04T00:00:00.000+10:00,0.614,10,603
2010-07-05T00:00:00.000+10:00,0.612,10,603
2010-07-06T00:00:00.000+10:00,0.612,10,603
2010-07-07T00:00:00.000+10:00,0.611,10,603
2010-07-08T00:00:00.000+10:00,0.608,10,603
2010-07-09T00:00:00.000+10:00,0.603,10,603
2010-07-10T00:00:00.000+10:00,0.600,10,603
2010-07-11T00:00:00.000+10:00,0.598,10,603
2010-07-12T00:00:00.000+10:00,0.597,10,603
2010-07-13T00:00:00.000+10:00,0.595,10,603
2010-07-14T00:00:00.000+10:00,0.593,10,603
2010-07-15T00:00:00.000+10:00,0.588,10,603
2010-07-16T00:00:00.000+10:00,0.586,10,603
2010-07-17T00:00:00.000+10:00,0.584,10,603
2010-07-18T00:00:00.000+10:00,0.580,10,603
2010-07-19T00:00:00.000+10:00,0.579,10,603
2010-07-20T00:00:00.000+10:00,0.580,10,603
2010-07-21T00:00:00.000+10:00,0.574,10,603
2010-07-22T00:00:00.000+10:00,0.571,10,603
2010-07-23T00:00:00.000+10:00,0.571,10,603
2010-07-24T00:00:00.000+10:00,0.571,10,603
2010-07-25T00:00:00.000+10:00,0.570,10,603
2010-07-26T00:00:00.000+10:00,0.573,10,603
2010-07-27T00:00:00.000+10:00,0.561,10,603
2010-07-28T00:00:00.000+10:00,0.566,10,603
2010-07-29T00:00:00.000+10:00,0.831,10,603
2010-07-30T00:00:00.000+10:00,0.770,10,603
2010-07-31T00:00:00.000+10:00,1.196,10,603
2010-08-01T00:00:00.000+10:00,1.019,10,603
2010-08-02T00:00:00.000+10:00,0.882,10,603
2010-08-03T00:00:00.000+10:00,0.801,10,603
2010-08-04T00:00:00.000+10:00,0.749,10,603
2010-08-05T00:00:00.000+10:00,0.714,10,603
2010-08-06T00:00:00.000+10:00,0.685,10,603
2010-08-07T00:00:00.000+10:00,0.665,10,603
2010-08-08T00:00:00.000+10:00,0.652,10,603
2010-08-09T00:00:00.000+10:00,0.640,10,603
2010-08-10T00:00:00.000+10:00,0.638,10,603
2010-08-11T00:00:00.000+10:00,0.827,10,603
2010-08-12T00:00:00.000+10:00,0.739,10,603
2010-08-13T00:00:00.000+10:00,0.718,10,603
2010-08-14T00:00:00.000+10:00,0.721,10,603
2010-08-15T00:00:00.000+10:00,0.692,10,603
2010-08-16T00:00:00.000+10:00,0.660,10,603
2010-08-17T00:00:00.000+10:00,0.637,10,603
2010-08-18T00:00:00.000+10:00,0.623,10,603
2010-08-19T00:00:00.000+10:00,0.613,10,603
2010-08-20T00:00:00.000+10:00,0.597,10,603
2010-08-21T00:00:00.000+10:00,0.579,10,603
2010-08-22T00:00:00.000+10:00,0.567,10,603
2010-08-23T00:00:00.000+10:00,0.566,10,603
2010-08-24T00:00:00.000+10:00,0.564,10,603
2010-08-25T00:00:00.000+10:00,0.560,10,603
2010-08-26T00:00:00.000+10:00,0.556,10,603
2010-08-27T00:00:00.000+10:00,0.578,10,603
2010-08-28T00:00:00.000+10:00,0.569,10,603
2010-08-29T00:00:00.000+10:00,0.547,10,603
2010-08-30T00:00:00.000+10:00,0.542,10,603
2010-08-31T00:00:00.000+10:00,0.526,10,603
2010-09-01T00:00:00.000+10:00,0.482,10,603
2010-09-02T00:00:00.000+10:00,0.482,10,603
2010-09-03T00:00:00.000+10:00,0.479,10,603
2010-09-04T00:00:00.000+10:00,0.482,10,603
2010-09-05T00:00:00.000+10:00,0.490,10,603
2010-09-06T00:00:00.000+10:00,0.483,10,603
2010-09-07T00:00:00.000+10:00,0.487,10,603
2010-09-08T00:00:00.000+10:00,0.491,10,603
2010-09-09T00:00:00.000+10:00,0.488,10,603
2010-09-10T00:00:00.000+10:00,0.488,10,603
2010-09-11T00:00:00.000+10:00,0.486,10,603
2010-09-12T00:00:00.000+10:00,0.479,10,603
2010-09-13T00:00:00.000+10:00,0.477,10,603
2010-09-14T00:00:00.000+10:00,0.475,10,603
2010-09-15T00:00:00.000+10:00,0.469,10,603
2010-09-16T00:00:00.000+10:00,0.456,10,603
2010-09-17T00:00:00.000+10:00,0.453,10,603
2010-09-18T00:00:00.000+10:00,0.449,10,603
2010-09-19T00:00:00.000+10:00,0.446,10,603
2010-09-20T00:00:00.000+10:00,0.453,10,603
2010-09-21T00:00:00.000+10:00,0.459,10,603
2010-09-22T00:00:00.000+10:00,0.457,10,603
2010-09-23T00:00:00.000+10:00,0.461,10,603
2010-09-24T00:00:00.000+10:00,0.882,10,603
2010-09-25T00:00:00.000+10:00,0.686,10,603
2010-09-26T00:00:00.000+10:00,0.785,10,603
2010-09-27T00:00:00.000+10:00,0.679,10,603
2010-09-28T00:00:00.000+10:00,0.641,10,603
2010-09-29T00:00:00.000+10:00,0.594,10,603
2010-09-30T00:00:00.000+10:00,0.529,10,603
2010-10-01T00:00:00.000+10:00,0.508,10,603
2010-10-02T00:00:00.000+10:00,0.489,10,603
2010-10-03T00:00:00.000+10:00,0.744,10,603
2010-10-04T00:00:00.000+10:00,4.151,10,603
2010-10-05T00:00:00.000+10:00,7.161,10,603
2010-10-06T00:00:00.000+10:00,9.591,10,603
2010-10-07T00:00:00.000+10:00,11.156,10,603
2010-10-08T00:00:00.000+10:00,8.457,10,603
2010-10-09T00:00:00.000+10:00,4.527,10,603
2010-10-10T00:00:00.000+10:00,2.899,10,603
2010-10-11T00:00:00.000+10:00,2.665,10,603
2010-10-12T00:00:00.000+10:00,2.962,10,603
2010-10-13T00:00:00.000+10:00,3.298,10,603
2010-10-14T00:00:00.000+10:00,3.057,10,603
2010-10-15T00:00:00.000+10:00,2.493,10,603
2010-10-16T00:00:00.000+10:00,2.269,10,603
2010-10-17T00:00:00.000+10:00,2.250,10,603
2010-10-18T00:00:00.000+10:00,2.072,10,603
2010-10-19T00:00:00.000+10:00,1.783,10,603
2010-10-20T00:00:00.000+10:00,1.584,10,603
2010-10-21T00:00:00.000+10:00,1.464,10,603
2010-10-22T00:00:00.000+10:00,1.428,10,603
2010-10-23T00:00:00.000+10:00,1.480,10,603
2010-10-24T00:00:00.000+10:00,1.310,10,603
2010-10-25T00:00:00.000+10:00,2.336,10,603
2010-10-26T00:00:00.000+10:00,3.418,10,603
2010-10-27T00:00:00.000+10:00,3.240,10,603
2010-10-28T00:00:00.000+10:00,2.311,10,603
2010-10-29T00:00:00.000+10:00,1.877,10,603
2010-10-30T00:00:00.000+10:00,1.655,10,603
2010-10-31T00:00:00.000+10:00,1.522,10,603
2010-11-01T00:00:00.000+10:00,1.390,10,603
2010-11-02T00:00:00.000+10:00,1.306,10,603
2010-11-03T00:00:00.000+10:00,1.228,10,603
2010-11-04T00:00:00.000+10:00,1.203,10,603
2010-11-05T00:00:00.000+10:00,2.450,10,603
2010-11-06T00:00:00.000+10:00,2.403,10,603
2010-11-07T00:00:00.000+10:00,2.357,10,603
2010-11-08T00:00:00.000+10:00,3.319,10,603
2010-11-09T00:00:00.000+10:00,2.856,10,603
2010-11-10T00:00:00.000+10:00,2.160,10,603
2010-11-11T00:00:00.000+10:00,1.959,10,603
2010-11-12T00:00:00.000+10:00,2.471,10,603
2010-11-13T00:00:00.000+10:00,2.259,10,603
2010-11-14T00:00:00.000+10:00,1.769,10,603
2010-11-15T00:00:00.000+10:00,1.528,10,603
2010-11-16T00:00:00.000+10:00,1.372,10,603
2010-11-17T00:00:00.000+10:00,2.299,10,603
2010-11-18T00:00:00.000+10:00,3.970,10,603
2010-11-19T00:00:00.000+10:00,4.437,10,603
2010-11-20T00:00:00.000+10:00,3.787,10,603
2010-11-21T00:00:00.000+10:00,2.993,10,603
2010-11-22T00:00:00.000+10:00,2.392,10,603
2010-11-23T00:00:00.000+10:00,2.028,10,603
2010-11-24T00:00:00.000+10:00,1.804,10,603
2010-11-25T00:00:00.000+10:00,1.694,10,603
2010-11-26T00:00:00.000+10:00,1.585,10,603
2010-11-27T00:00:00.000+10:00,1.460,10,603
2010-11-28T00:00:00.000+10:00,1.382,10,603
2010-11-29T00:00:00.000+10:00,1.310,10,603
2010-11-30T00:00:00.000+10:00,1.261,10,603
2010-12-01T00:00:00.000+10:00,1.356,10,603
2010-12-02T00:00:00.000+10:00,2.332,10,603
2010-12-03T00:00:00.000+10:00,4.459,10,603
2010-12-04T00:00:00.000+10:00,5.208,10,603
2010-12-05T00:00:00.000+10:00,4.958,10,603
2010-12-06T00:00:00.000+10:00,4.242,10,603
2010-12-07T00:00:00.000+10:00,3.778,10,603
2010-12-08T00:00:00.000+10:00,3.246,10,603
2010-12-09T00:00:00.000+10:00,3.163,10,603
2010-12-10T00:00:00.000+10:00,3.015,10,603
2010-12-11T00:00:00.000+10:00,2.495,10,603
2010-12-12T00:00:00.000+10:00,2.327,10,603
2010-12-13T00:00:00.000+10:00,2.451,10,603
2010-12-14T00:00:00.000+10:00,2.563,10,603
2010-12-15T00:00:00.000+10:00,2.131,10,603
2010-12-16T00:00:00.000+10:00,1.996,10,603
2010-12-17T00:00:00.000+10:00,1.868,10,603
2010-12-18T00:00:00.000+10:00,1.704,10,603
2010-12-19T00:00:00.000+10:00,1.621,10,603
2010-12-20T00:00:00.000+10:00,1.526,10,603
2010-12-21T00:00:00.000+10:00,1.440,10,603
2010-12-22T00:00:00.000+10:00,1.346,10,603
2010-12-23T00:00:00.000+10:00,1.267,10,603
2010-12-24T00:00:00.000+10:00,1.237,10,603
2010-12-25T00:00:00.000+10:00,1.220,10,603
2010-12-26T00:00:00.000+10:00,1.601,10,603
2010-12-27T00:00:00.000+10:00,2.875,10,603
2010-12-28T00:00:00.000+10:00,2.604,10,603
2010-12-29T00:00:00.000+10:00,3.015,10,603
2010-12-30T00:00:00.000+10:00,2.678,10,603
2010-12-31T00:00:00.000+10:00,2.269,10,603
2011-01-01T00:00:00.000+10:00,1.894,10,603
2011-01-02T00:00:00.000+10:00,1.658,10,603
2011-01-03T00:00:00.000+10:00,1.501,10,603
2011-01-04T00:00:00.000+10:00,1.406,10,603
2011-01-05T00:00:00.000+10:00,1.328,10,603
2011-01-06T00:00:00.000+10:00,3.093,10,603
2011-01-07T00:00:00.000+10:00,5.249,10,603
2011-01-08T00:00:00.000+10:00,6.284,10,603
2011-01-09T00:00:00.000+10:00,5.970,10,603
2011-01-10T00:00:00.000+10:00,7.179,10,603
2011-01-11T00:00:00.000+10:00,13.338,10,603
2011-01-12T00:00:00.000+10:00,16.434,10,603
2011-01-13T00:00:00.000+10:00,14.456,10,603
2011-01-14T00:00:00.000+10:00,10.823,10,603
2011-01-15T00:00:00.000+10:00,7.517,10,603
2011-01-16T00:00:00.000+10:00,4.592,10,603
2011-01-17T00:00:00.000+10:00,3.203,10,603
2011-01-18T00:00:00.000+10:00,2.699,10,603
2011-01-19T00:00:00.000+10:00,2.569,10,603
2011-01-20T00:00:00.000+10:00,3.019,10,603
2011-01-21T00:00:00.000+10:00,2.547,10,603
2011-01-22T00:00:00.000+10:00,2.262,10,603
2011-01-23T00:00:00.000+10:00,2.021,10,603
2011-01-24T00:00:00.000+10:00,1.841,10,603
2011-01-25T00:00:00.000+10:00,1.701,10,603
2011-01-26T00:00:00.000+10:00,1.594,10,603
2011-01-27T00:00:00.000+10:00,1.508,10,603
2011-01-28T00:00:00.000+10:00,1.437,10,603
2011-01-29T00:00:00.000+10:00,1.372,10,603
2011-01-30T00:00:00.000+10:00,1.321,10,603
2011-01-31T00:00:00.000+10:00,1.286,10,603
2011-02-01T00:00:00.000+10:00,1.229,10,603
2011-02-02T00:00:00.000+10:00,1.184,10,603
2011-02-03T00:00:00.000+10:00,1.146,10,603
2011-02-04T00:00:00.000+10:00,1.109,10,603
2011-02-05T00:00:00.000+10:00,1.076,10,603
2011-02-06T00:00:00.000+10:00,1.042,10,603
2011-02-07T00:00:00.000+10:00,1.015,10,603
2011-02-08T00:00:00.000+10:00,0.993,10,603
2011-02-09T00:00:00.000+10:00,0.968,10,603
2011-02-10T00:00:00.000+10:00,0.954,10,603
2011-02-11T00:00:00.000+10:00,0.944,10,603
2011-02-12T00:00:00.000+10:00,0.940,10,603
2011-02-13T00:00:00.000+10:00,0.935,10,603
2011-02-14T00:00:00.000+10:00,0.921,10,603
2011-02-15T00:00:00.000+10:00,0.936,10,603
2011-02-16T00:00:00.000+10:00,1.201,10,603
2011-02-17T00:00:00.000+10:00,1.455,10,603
2011-02-18T00:00:00.000+10:00,1.348,10,603
2011-02-19T00:00:00.000+10:00,1.210,10,603
2011-02-20T00:00:00.000+10:00,1.097,10,603
2011-02-21T00:00:00.000+10:00,1.023,10,603
2011-02-22T00:00:00.000+10:00,0.981,10,603
2011-02-23T00:00:00.000+10:00,1.005,10,603
2011-02-24T00:00:00.000+10:00,1.255,10,603
2011-02-25T00:00:00.000+10:00,1.188,10,603
2011-02-26T00:00:00.000+10:00,1.080,10,603
2011-02-27T00:00:00.000+10:00,1.020,10,603
2011-02-28T00:00:00.000+10:00,1.140,10,603
2011-03-01T00:00:00.000+10:00,1.185,10,603
2011-03-02T00:00:00.000+10:00,1.117,10,603
2011-03-03T00:00:00.000+10:00,1.428,10,603
2011-03-04T00:00:00.000+10:00,1.452,10,603
2011-03-05T00:00:00.000+10:00,1.677,10,603
2011-03-06T00:00:00.000+10:00,1.272,10,603
2011-03-07T00:00:00.000+10:00,2.062,10,603
2011-03-08T00:00:00.000+10:00,2.079,10,603
2011-03-09T00:00:00.000+10:00,1.735,10,603
2011-03-10T00:00:00.000+10:00,1.677,10,603
2011-03-11T00:00:00.000+10:00,1.527,10,603
2011-03-12T00:00:00.000+10:00,1.360,10,603
2011-03-13T00:00:00.000+10:00,1.257,10,603
2011-03-14T00:00:00.000+10:00,1.320,10,603
2011-03-15T00:00:00.000+10:00,1.310,10,603
2011-03-16T00:00:00.000+10:00,1.194,10,603
2011-03-17T00:00:00.000+10:00,1.255,10,603
2011-03-18T00:00:00.000+10:00,1.378,10,603
2011-03-19T00:00:00.000+10:00,1.234,10,603
2011-03-20T00:00:00.000+10:00,1.219,10,603
2011-03-21T00:00:00.000+10:00,1.148,10,603
2011-03-22T00:00:00.000+10:00,1.095,10,603
2011-03-23T00:00:00.000+10:00,1.050,10,603
2011-03-24T00:00:00.000+10:00,0.993,10,603
2011-03-25T00:00:00.000+10:00,0.954,10,603
2011-03-26T00:00:00.000+10:00,0.921,10,603
2011-03-27T00:00:00.000+10:00,0.890,10,603
2011-03-28T00:00:00.000+10:00,0.866,10,603
2011-03-29T00:00:00.000+10:00,0.861,10,603
2011-03-30T00:00:00.000+10:00,0.846,10,603
2011-03-31T00:00:00.000+10:00,0.866,10,603
2011-04-01T00:00:00.000+10:00,0.895,10,603
2011-04-02T00:00:00.000+10:00,0.910,10,603
2011-04-03T00:00:00.000+10:00,1.010,10,603
2011-04-04T00:00:00.000+10:00,0.924,10,603
2011-04-05T00:00:00.000+10:00,0.985,10,603
2011-04-06T00:00:00.000+10:00,0.975,10,603
2011-04-07T00:00:00.000+10:00,0.895,10,603
2011-04-08T00:00:00.000+10:00,0.929,10,603
2011-04-09T00:00:00.000+10:00,1.256,10,603
2011-04-10T00:00:00.000+10:00,1.495,10,603
2011-04-11T00:00:00.000+10:00,1.383,10,603
2011-04-12T00:00:00.000+10:00,1.233,10,603
2011-04-13T00:00:00.000+10:00,1.124,10,603
2011-04-14T00:00:00.000+10:00,1.045,10,603
2011-04-15T00:00:00.000+10:00,0.982,10,603
2011-04-16T00:00:00.000+10:00,1.109,10,603
2011-04-17T00:00:00.000+10:00,1.066,10,603
2011-04-18T00:00:00.000+10:00,1.076,10,603
2011-04-19T00:00:00.000+10:00,1.213,10,603
2011-04-20T00:00:00.000+10:00,1.368,10,603
2011-04-21T00:00:00.000+10:00,1.233,10,603
2011-04-22T00:00:00.000+10:00,1.115,10,603
2011-04-23T00:00:00.000+10:00,1.051,10,603
2011-04-24T00:00:00.000+10:00,,-1,603
2011-04-25T00:00:00.000+10:00,,-1,603
2011-04-26T00:00:00.000+10:00,,-1,603
2011-04-27T00:00:00.000+10:00,,-1,603
2011-04-28T00:00:00.000+10:00,,-1,603
2011-04-29T00:00:00.000+10:00,,-1,603
2011-04-30T00:00:00.000+10:00,,-1,603
2011-05-01T00:00:00.000+10:00,,-1,603
2011-05-02T00:00:00.000+10:00,,-1,603
2011-05-03T00:00:00.000+10:00,1.555,10,603
2011-05-04T00:00:00.000+10:00,1.491,10,603
2011-05-05T00:00:00.000+10:00,1.310,10,603
2011-05-06T00:00:00.000+10:00,1.283,10,603
2011-05-07T00:00:00.000+10:00,1.207,10,603
2011-05-08T00:00:00.000+10:00,1.123,10,603
2011-05-09T00:00:00.000+10:00,1.062,10,603
2011-05-10T00:00:00.000+10:00,1.064,10,603
2011-05-11T00:00:00.000+10:00,1.013,10,603
2011-05-12T00:00:00.000+10:00,0.956,10,603
2011-05-13T00:00:00.000+10:00,0.912,10,603
2011-05-14T00:00:00.000+10:00,0.921,10,603
2011-05-15T00:00:00.000+10:00,0.897,10,603
2011-05-16T00:00:00.000+10:00,0.877,10,603
2011-05-17T00:00:00.000+10:00,0.857,10,603
2011-05-18T00:00:00.000+10:00,0.839,10,603
2011-05-19T00:00:00.000+10:00,0.827,10,603
2011-05-20T00:00:00.000+10:00,0.817,10,603
2011-05-21T00:00:00.000+10:00,0.814,10,603
2011-05-22T00:00:00.000+10:00,0.813,10,603
2011-05-23T00:00:00.000+10:00,0.810,10,603
2011-05-24T00:00:00.000+10:00,0.805,10,603
2011-05-25T00:00:00.000+10:00,0.794,10,603
2011-05-26T00:00:00.000+10:00,0.790,10,603
2011-05-27T00:00:00.000+10:00,0.780,10,603
2011-05-28T00:00:00.000+10:00,0.765,10,603
2011-05-29T00:00:00.000+10:00,0.753,10,603
2011-05-30T00:00:00.000+10:00,0.804,10,603
2011-05-31T00:00:00.000+10:00,0.811,10,603
2011-06-01T00:00:00.000+10:00,0.851,10,603
2011-06-02T00:00:00.000+10:00,1.102,10,603
2011-06-03T00:00:00.000+10:00,2.237,10,603
2011-06-04T00:00:00.000+10:00,2.331,10,603
2011-06-05T00:00:00.000+10:00,1.692,10,603
2011-06-06T00:00:00.000+10:00,1.387,10,603
2011-06-07T00:00:00.000+10:00,1.222,10,603
2011-06-08T00:00:00.000+10:00,1.118,10,603
2011-06-09T00:00:00.000+10:00,1.040,10,603
2011-06-10T00:00:00.000+10:00,0.985,10,603
2011-06-11T00:00:00.000+10:00,0.943,10,603
2011-06-12T00:00:00.000+10:00,0.947,10,603
2011-06-13T00:00:00.000+10:00,2.142,10,603
2011-06-14T00:00:00.000+10:00,5.764,10,603
2011-06-15T00:00:00.000+10:00,8.218,10,603
2011-06-16T00:00:00.000+10:00,11.674,10,603
2011-06-17T00:00:00.000+10:00,11.273,10,603
2011-06-18T00:00:00.000+10:00,8.769,10,603
2011-06-19T00:00:00.000+10:00,5.697,10,603
2011-06-20T00:00:00.000+10:00,3.268,10,603
2011-06-21T00:00:00.000+10:00,2.549,10,603
2011-06-22T00:00:00.000+10:00,2.214,10,603
2011-06-23T00:00:00.000+10:00,2.016,10,603
2011-06-24T00:00:00.000+10:00,1.825,10,603
2011-06-25T00:00:00.000+10:00,1.701,10,603
2011-06-26T00:00:00.000+10:00,1.593,10,603
2011-06-27T00:00:00.000+10:00,1.504,10,603
2011-06-28T00:00:00.000+10:00,1.433,10,603
2011-06-29T00:00:00.000+10:00,1.383,10,603
2011-06-30T00:00:00.000+10:00,1.360,10,603
2011-07-01T00:00:00.000+10:00,1.350,10,603
2011-07-02T00:00:00.000+10:00,1.353,10,603
2011-07-03T00:00:00.000+10:00,1.455,10,603
2011-07-04T00:00:00.000+10:00,1.490,10,603
2011-07-05T00:00:00.000+10:00,1.379,10,603
2011-07-06T00:00:00.000+10:00,1.287,10,603
2011-07-07T00:00:00.000+10:00,1.222,10,603
2011-07-08T00:00:00.000+10:00,1.167,10,603
2011-07-09T00:00:00.000+10:00,1.127,10,603
2011-07-10T00:00:00.000+10:00,1.091,10,603
2011-07-11T00:00:00.000+10:00,1.061,10,603
2011-07-12T00:00:00.000+10:00,1.038,10,603
2011-07-13T00:00:00.000+10:00,1.015,10,603
2011-07-14T00:00:00.000+10:00,0.993,10,603
2011-07-15T00:00:00.000+10:00,0.967,10,603
2011-07-16T00:00:00.000+10:00,0.965,10,603
2011-07-17T00:00:00.000+10:00,0.956,10,603
2011-07-18T00:00:00.000+10:00,0.944,10,603
2011-07-19T00:00:00.000+10:00,0.939,10,603
2011-07-20T00:00:00.000+10:00,0.920,10,603
2011-07-21T00:00:00.000+10:00,0.791,10,603
2011-07-22T00:00:00.000+10:00,0.757,10,603
2011-07-23T00:00:00.000+10:00,0.737,10,603
2011-07-24T00:00:00.000+10:00,0.814,10,603
2011-07-25T00:00:00.000+10:00,0.852,10,603
2011-07-26T00:00:00.000+10:00,0.841,10,603
2011-07-27T00:00:00.000+10:00,0.831,10,603
2011-07-28T00:00:00.000+10:00,0.821,10,603
2011-07-29T00:00:00.000+10:00,0.812,10,603
2011-07-30T00:00:00.000+10:00,0.802,10,603
2011-07-31T00:00:00.000+10:00,0.794,10,603
2011-08-01T00:00:00.000+10:00,0.786,10,603
2011-08-02T00:00:00.000+10:00,0.779,10,603
2011-08-03T00:00:00.000+10:00,0.772,10,603
2011-08-04T00:00:00.000+10:00,0.765,10,603
2011-08-05T00:00:00.000+10:00,0.757,10,603
2011-08-06T00:00:00.000+10:00,0.750,10,603
2011-08-07T00:00:00.000+10:00,0.746,10,603
2011-08-08T00:00:00.000+10:00,0.757,10,603
2011-08-09T00:00:00.000+10:00,0.756,10,603
2011-08-10T00:00:00.000+10:00,0.759,10,603
2011-08-11T00:00:00.000+10:00,0.770,10,603
2011-08-12T00:00:00.000+10:00,0.755,10,603
2011-08-13T00:00:00.000+10:00,0.739,10,603
2011-08-14T00:00:00.000+10:00,0.730,10,603
2011-08-15T00:00:00.000+10:00,0.729,10,603
2011-08-16T00:00:00.000+10:00,0.720,10,603
2011-08-17T00:00:00.000+10:00,0.718,10,603
2011-08-18T00:00:00.000+10:00,0.727,10,603
2011-08-19T00:00:00.000+10:00,0.726,10,603
2011-08-20T00:00:00.000+10:00,0.727,10,603
2011-08-21T00:00:00.000+10:00,0.730,10,603
2011-08-22T00:00:00.000+10:00,0.758,10,603
2011-08-23T00:00:00.000+10:00,1.106,10,603
2011-08-24T00:00:00.000+10:00,1.363,10,603
2011-08-25T00:00:00.000+10:00,1.722,10,603
2011-08-26T00:00:00.000+10:00,1.655,10,603
2011-08-27T00:00:00.000+10:00,1.332,10,603
2011-08-28T00:00:00.000+10:00,1.419,10,603
2011-08-29T00:00:00.000+10:00,1.378,10,603
2011-08-30T00:00:00.000+10:00,1.488,10,603
2011-08-31T00:00:00.000+10:00,2.004,10,603
2011-09-01T00:00:00.000+10:00,1.646,10,603
2011-09-02T00:00:00.000+10:00,1.528,10,603
2011-09-03T00:00:00.000+10:00,1.352,10,603
2011-09-04T00:00:00.000+10:00,1.261,10,603
2011-09-05T00:00:00.000+10:00,1.148,10,603
2011-09-06T00:00:00.000+10:00,1.055,10,603
2011-09-07T00:00:00.000+10:00,0.976,10,603
2011-09-08T00:00:00.000+10:00,0.945,10,603
2011-09-09T00:00:00.000+10:00,1.044,10,603
2011-09-10T00:00:00.000+10:00,1.017,10,603
2011-09-11T00:00:00.000+10:00,0.925,10,603
2011-09-12T00:00:00.000+10:00,0.875,10,603
2011-09-13T00:00:00.000+10:00,0.837,10,603
2011-09-14T00:00:00.000+10:00,0.806,10,603
2011-09-15T00:00:00.000+10:00,0.791,10,603
2011-09-16T00:00:00.000+10:00,0.786,10,603
2011-09-17T00:00:00.000+10:00,0.788,10,603
2011-09-18T00:00:00.000+10:00,0.776,10,603
2011-09-19T00:00:00.000+10:00,0.764,10,603
2011-09-20T00:00:00.000+10:00,0.753,10,603
2011-09-21T00:00:00.000+10:00,0.740,10,603
2011-09-22T00:00:00.000+10:00,0.729,10,603
2011-09-23T00:00:00.000+10:00,0.719,10,603
2011-09-24T00:00:00.000+10:00,0.715,10,603
2011-09-25T00:00:00.000+10:00,0.734,10,603
2011-09-26T00:00:00.000+10:00,0.728,10,603
2011-09-27T00:00:00.000+10:00,0.727,10,603
2011-09-28T00:00:00.000+10:00,0.732,10,603
2011-09-29T00:00:00.000+10:00,0.742,10,603
2011-09-30T00:00:00.000+10:00,0.749,10,603
2011-10-01T00:00:00.000+10:00,0.735,10,603
2011-10-02T00:00:00.000+10:00,0.724,10,603
2011-10-03T00:00:00.000+10:00,0.718,10,603
2011-10-04T00:00:00.000+10:00,0.712,10,603
2011-10-05T00:00:00.000+10:00,0.722,10,603
2011-10-06T00:00:00.000+10:00,0.752,10,603
2011-10-07T00:00:00.000+10:00,0.744,10,603
2011-10-08T00:00:00.000+10:00,0.725,10,603
2011-10-09T00:00:00.000+10:00,0.974,10,603
2011-10-10T00:00:00.000+10:00,0.750,10,603
2011-10-11T00:00:00.000+10:00,0.717,10,603
2011-10-12T00:00:00.000+10:00,0.697,10,603
2011-10-13T00:00:00.000+10:00,0.684,10,603
2011-10-14T00:00:00.000+10:00,0.675,10,603
2011-10-15T00:00:00.000+10:00,0.714,10,603
2011-10-16T00:00:00.000+10:00,0.709,10,603
2011-10-17T00:00:00.000+10:00,0.723,10,603
2011-10-18T00:00:00.000+10:00,0.760,10,603
2011-10-19T00:00:00.000+10:00,0.738,10,603
2011-10-20T00:00:00.000+10:00,0.706,10,603
2011-10-21T00:00:00.000+10:00,0.685,10,603
2011-10-22T00:00:00.000+10:00,0.671,10,603
2011-10-23T00:00:00.000+10:00,0.660,10,603
2011-10-24T00:00:00.000+10:00,0.651,10,603
2011-10-25T00:00:00.000+10:00,0.653,10,603
2011-10-26T00:00:00.000+10:00,0.688,10,603
2011-10-27T00:00:00.000+10:00,0.667,10,603
2011-10-28T00:00:00.000+10:00,0.655,10,603
2011-10-29T00:00:00.000+10:00,0.617,10,603
2011-10-30T00:00:00.000+10:00,0.772,10,603
2011-10-31T00:00:00.000+10:00,1.142,10,603
2011-11-01T00:00:00.000+10:00,0.771,10,603
2011-11-02T00:00:00.000+10:00,0.712,10,603
2011-11-03T00:00:00.000+10:00,0.684,10,603
2011-11-04T00:00:00.000+10:00,0.664,10,603
2011-11-05T00:00:00.000+10:00,0.647,10,603
2011-11-06T00:00:00.000+10:00,0.639,10,603
2011-11-07T00:00:00.000+10:00,0.630,10,603
2011-11-08T00:00:00.000+10:00,0.620,10,603
2011-11-09T00:00:00.000+10:00,0.610,10,603
2011-11-10T00:00:00.000+10:00,0.603,10,603
2011-11-11T00:00:00.000+10:00,0.599,10,603
2011-11-12T00:00:00.000+10:00,0.605,10,603
2011-11-13T00:00:00.000+10:00,0.878,10,603
2011-11-14T00:00:00.000+10:00,1.660,10,603
2011-11-15T00:00:00.000+10:00,0.903,10,603
2011-11-16T00:00:00.000+10:00,0.964,10,603
2011-11-17T00:00:00.000+10:00,0.843,10,603
2011-11-18T00:00:00.000+10:00,0.764,10,603
2011-11-19T00:00:00.000+10:00,0.703,10,603
2011-11-20T00:00:00.000+10:00,0.666,10,603
2011-11-21T00:00:00.000+10:00,0.644,10,603
2011-11-22T00:00:00.000+10:00,0.629,10,603
2011-11-23T00:00:00.000+10:00,0.633,10,603
2011-11-24T00:00:00.000+10:00,0.831,10,603
2011-11-25T00:00:00.000+10:00,2.273,10,603
2011-11-26T00:00:00.000+10:00,3.138,10,603
2011-11-27T00:00:00.000+10:00,4.288,10,603
2011-11-28T00:00:00.000+10:00,3.494,10,603
2011-11-29T00:00:00.000+10:00,2.203,10,603
2011-11-30T00:00:00.000+10:00,1.652,10,603
2011-12-01T00:00:00.000+10:00,1.391,10,603
2011-12-02T00:00:00.000+10:00,1.238,10,603
2011-12-03T00:00:00.000+10:00,1.107,10,603
2011-12-04T00:00:00.000+10:00,1.010,10,603
2011-12-05T00:00:00.000+10:00,0.949,10,603
2011-12-06T00:00:00.000+10:00,0.898,10,603
2011-12-07T00:00:00.000+10:00,0.862,10,603
2011-12-08T00:00:00.000+10:00,0.934,10,603
2011-12-09T00:00:00.000+10:00,0.916,10,603
2011-12-10T00:00:00.000+10:00,1.067,10,603
2011-12-11T00:00:00.000+10:00,1.110,10,603
2011-12-12T00:00:00.000+10:00,1.071,10,603
2011-12-13T00:00:00.000+10:00,1.613,10,603
2011-12-14T00:00:00.000+10:00,1.769,10,603
2011-12-15T00:00:00.000+10:00,1.459,10,603
2011-12-16T00:00:00.000+10:00,1.255,10,603
2011-12-17T00:00:00.000+10:00,1.145,10,603
2011-12-18T00:00:00.000+10:00,1.052,10,603
2011-12-19T00:00:00.000+10:00,0.981,10,603
2011-12-20T00:00:00.000+10:00,0.943,10,603
2011-12-21T00:00:00.000+10:00,0.993,10,603
2011-12-22T00:00:00.000+10:00,0.894,10,603
2011-12-23T00:00:00.000+10:00,1.157,10,603
2011-12-24T00:00:00.000+10:00,1.628,10,603
2011-12-25T00:00:00.000+10:00,1.738,10,603
2011-12-26T00:00:00.000+10:00,1.656,10,603
2011-12-27T00:00:00.000+10:00,1.454,10,603
2011-12-28T00:00:00.000+10:00,1.307,10,603
2011-12-29T00:00:00.000+10:00,1.127,10,603
2011-12-30T00:00:00.000+10:00,1.014,10,603
2011-12-31T00:00:00.000+10:00,0.923,10,603
2012-01-01T00:00:00.000+10:00,0.907,10,603
2012-01-02T00:00:00.000+10:00,0.874,10,603
2012-01-03T00:00:00.000+10:00,0.848,10,603
2012-01-04T00:00:00.000+10:00,0.823,10,603
2012-01-05T00:00:00.000+10:00,0.799,10,603
2012-01-06T00:00:00.000+10:00,0.777,10,603
2012-01-07T00:00:00.000+10:00,0.761,10,603
2012-01-08T00:00:00.000+10:00,0.747,10,603
2012-01-09T00:00:00.000+10:00,0.737,10,603
2012-01-10T00:00:00.000+10:00,0.735,10,603
2012-01-11T00:00:00.000+10:00,0.721,10,603
2012-01-12T00:00:00.000+10:00,0.721,10,603
2012-01-13T00:00:00.000+10:00,0.712,10,603
2012-01-14T00:00:00.000+10:00,0.696,10,603
2012-01-15T00:00:00.000+10:00,0.698,10,603
2012-01-16T00:00:00.000+10:00,0.723,10,603
2012-01-17T00:00:00.000+10:00,0.754,10,603
2012-01-18T00:00:00.000+10:00,1.616,10,603
2012-01-19T00:00:00.000+10:00,3.474,10,603
2012-01-20T00:00:00.000+10:00,4.591,10,603
2012-01-21T00:00:00.000+10:00,2.966,10,603
2012-01-22T00:00:00.000+10:00,1.907,10,603
2012-01-23T00:00:00.000+10:00,1.958,10,603
2012-01-24T00:00:00.000+10:00,5.607,10,603
2012-01-25T00:00:00.000+10:00,8.423,10,603
2012-01-26T00:00:00.000+10:00,12.919,10,603
2012-01-27T00:00:00.000+10:00,17.652,10,603
2012-01-28T00:00:00.000+10:00,18.511,10,603
2012-01-29T00:00:00.000+10:00,15.510,10,603
2012-01-30T00:00:00.000+10:00,11.846,10,603
2012-01-31T00:00:00.000+10:00,8.653,10,603
2012-02-01T00:00:00.000+10:00,10.257,10,603
2012-02-02T00:00:00.000+10:00,10.753,10,603
2012-02-03T00:00:00.000+10:00,11.102,10,603
2012-02-04T00:00:00.000+10:00,8.832,10,603
2012-02-05T00:00:00.000+10:00,5.474,10,603
2012-02-06T00:00:00.000+10:00,3.531,10,603
2012-02-07T00:00:00.000+10:00,3.002,10,603
2012-02-08T00:00:00.000+10:00,3.097,10,603
2012-02-09T00:00:00.000+10:00,3.086,10,603
2012-02-10T00:00:00.000+10:00,2.806,10,603
2012-02-11T00:00:00.000+10:00,2.729,10,603
2012-02-12T00:00:00.000+10:00,2.839,10,603
2012-02-13T00:00:00.000+10:00,4.114,10,603
2012-02-14T00:00:00.000+10:00,3.954,10,603
2012-02-15T00:00:00.000+10:00,3.326,10,603
2012-02-16T00:00:00.000+10:00,2.574,10,603
2012-02-17T00:00:00.000+10:00,2.184,10,603
2012-02-18T00:00:00.000+10:00,1.935,10,603
2012-02-19T00:00:00.000+10:00,1.783,10,603
2012-02-20T00:00:00.000+10:00,1.677,10,603
2012-02-21T00:00:00.000+10:00,1.714,10,603
2012-02-22T00:00:00.000+10:00,2.149,10,603
2012-02-23T00:00:00.000+10:00,2.032,10,603
2012-02-24T00:00:00.000+10:00,1.748,10,603
2012-02-25T00:00:00.000+10:00,1.568,10,603
2012-02-26T00:00:00.000+10:00,1.458,10,603
2012-02-27T00:00:00.000+10:00,1.387,10,603
2012-02-28T00:00:00.000+10:00,1.332,10,603
2012-02-29T00:00:00.000+10:00,1.279,10,603
2012-03-01T00:00:00.000+10:00,1.230,10,603
2012-03-02T00:00:00.000+10:00,1.184,10,603
2012-03-03T00:00:00.000+10:00,1.151,10,603
2012-03-04T00:00:00.000+10:00,1.154,10,603
2012-03-05T00:00:00.000+10:00,1.288,10,603
2012-03-06T00:00:00.000+10:00,1.858,10,603
2012-03-07T00:00:00.000+10:00,1.725,10,603
2012-03-08T00:00:00.000+10:00,1.504,10,603
2012-03-09T00:00:00.000+10:00,1.372,10,603
2012-03-10T00:00:00.000+10:00,1.256,10,603
2012-03-11T00:00:00.000+10:00,1.179,10,603
2012-03-12T00:00:00.000+10:00,1.139,10,603
2012-03-13T00:00:00.000+10:00,1.118,10,603
2012-03-14T00:00:00.000+10:00,1.120,10,603
2012-03-15T00:00:00.000+10:00,1.146,10,603
2012-03-16T00:00:00.000+10:00,1.180,10,603
2012-03-17T00:00:00.000+10:00,1.191,10,603
2012-03-18T00:00:00.000+10:00,1.264,10,603
2012-03-19T00:00:00.000+10:00,1.192,10,603
2012-03-20T00:00:00.000+10:00,1.136,10,603
2012-03-21T00:00:00.000+10:00,1.192,10,603
2012-03-22T00:00:00.000+10:00,1.750,10,603
2012-03-23T00:00:00.000+10:00,1.924,10,603
2012-03-24T00:00:00.000+10:00,1.771,10,603
2012-03-25T00:00:00.000+10:00,1.558,10,603
2012-03-26T00:00:00.000+10:00,1.401,10,603
2012-03-27T00:00:00.000+10:00,1.280,10,603
2012-03-28T00:00:00.000+10:00,1.205,10,603
2012-03-29T00:00:00.000+10:00,1.180,10,603
2012-03-30T00:00:00.000+10:00,1.142,10,603
2012-03-31T00:00:00.000+10:00,1.110,10,603
2012-04-01T00:00:00.000+10:00,1.062,10,603
2012-04-02T00:00:00.000+10:00,1.023,10,603
2012-04-03T00:00:00.000+10:00,0.986,10,603
2012-04-04T00:00:00.000+10:00,0.956,10,603
2012-04-05T00:00:00.000+10:00,0.932,10,603
2012-04-06T00:00:00.000+10:00,0.912,10,603
2012-04-07T00:00:00.000+10:00,0.895,10,603
2012-04-08T00:00:00.000+10:00,0.878,10,603
2012-04-09T00:00:00.000+10:00,0.860,10,603
2012-04-10T00:00:00.000+10:00,0.846,10,603
2012-04-11T00:00:00.000+10:00,0.860,10,603
2012-04-12T00:00:00.000+10:00,0.797,10,603
2012-04-13T00:00:00.000+10:00,0.717,10,603
2012-04-14T00:00:00.000+10:00,0.682,10,603
2012-04-15T00:00:00.000+10:00,0.674,10,603
2012-04-16T00:00:00.000+10:00,0.702,10,603
2012-04-17T00:00:00.000+10:00,0.892,10,603
2012-04-18T00:00:00.000+10:00,0.957,10,603
2012-04-19T00:00:00.000+10:00,1.040,10,603
2012-04-20T00:00:00.000+10:00,1.359,10,603
2012-04-21T00:00:00.000+10:00,1.231,10,603
2012-04-22T00:00:00.000+10:00,1.321,10,603
2012-04-23T00:00:00.000+10:00,2.396,10,603
2012-04-24T00:00:00.000+10:00,1.802,10,603
2012-04-25T00:00:00.000+10:00,1.843,10,603
2012-04-26T00:00:00.000+10:00,1.727,10,603
2012-04-27T00:00:00.000+10:00,1.482,10,603
2012-04-28T00:00:00.000+10:00,1.272,10,603
2012-04-29T00:00:00.000+10:00,1.580,10,603
2012-04-30T00:00:00.000+10:00,1.569,10,603
2012-05-01T00:00:00.000+10:00,1.548,10,603
2012-05-02T00:00:00.000+10:00,1.339,10,603
2012-05-03T00:00:00.000+10:00,1.199,10,603
2012-05-04T00:00:00.000+10:00,1.331,10,603
2012-05-05T00:00:00.000+10:00,1.593,10,603
2012-05-06T00:00:00.000+10:00,1.504,10,603
2012-05-07T00:00:00.000+10:00,1.287,10,603
2012-05-08T00:00:00.000+10:00,1.110,10,603
2012-05-09T00:00:00.000+10:00,0.998,10,603
2012-05-10T00:00:00.000+10:00,0.929,10,603
2012-05-11T00:00:00.000+10:00,0.878,10,603
2012-05-12T00:00:00.000+10:00,0.842,10,603
2012-05-13T00:00:00.000+10:00,0.813,10,603
2012-05-14T00:00:00.000+10:00,0.789,10,603
2012-05-15T00:00:00.000+10:00,0.773,10,603
2012-05-16T00:00:00.000+10:00,0.751,10,603
2012-05-17T00:00:00.000+10:00,0.726,10,603
2012-05-18T00:00:00.000+10:00,0.706,10,603
2012-05-19T00:00:00.000+10:00,0.700,10,603
2012-05-20T00:00:00.000+10:00,0.694,10,603
2012-05-21T00:00:00.000+10:00,0.683,10,603
2012-05-22T00:00:00.000+10:00,0.673,10,603
2012-05-23T00:00:00.000+10:00,0.661,10,603
2012-05-24T00:00:00.000+10:00,0.649,10,603
2012-05-25T00:00:00.000+10:00,0.650,10,603
2012-05-26T00:00:00.000+10:00,0.651,10,603
2012-05-27T00:00:00.000+10:00,0.655,10,603
2012-05-28T00:00:00.000+10:00,0.648,10,603
2012-05-29T00:00:00.000+10:00,0.633,10,603
2012-05-30T00:00:00.000+10:00,0.622,10,603
2012-05-31T00:00:00.000+10:00,0.613,10,603
2012-06-01T00:00:00.000+10:00,0.614,10,603
2012-06-02T00:00:00.000+10:00,0.630,10,603
2012-06-03T00:00:00.000+10:00,0.643,10,603
2012-06-04T00:00:00.000+10:00,0.639,10,603
2012-06-05T00:00:00.000+10:00,0.631,10,603
2012-06-06T00:00:00.000+10:00,0.650,10,603
2012-06-07T00:00:00.000+10:00,0.672,10,603
2012-06-08T00:00:00.000+10:00,0.640,10,603
2012-06-09T00:00:00.000+10:00,0.609,10,603
2012-06-10T00:00:00.000+10:00,0.593,110,603
2012-06-11T00:00:00.000+10:00,0.602,110,603
2012-06-12T00:00:00.000+10:00,0.604,110,603
2012-06-13T00:00:00.000+10:00,0.635,10,603
2012-06-14T00:00:00.000+10:00,1.137,10,603
2012-06-15T00:00:00.000+10:00,1.463,10,603
2012-06-16T00:00:00.000+10:00,1.261,10,603
2012-06-17T00:00:00.000+10:00,1.041,10,603
2012-06-18T00:00:00.000+10:00,0.901,10,603
2012-06-19T00:00:00.000+10:00,0.804,10,603
2012-06-20T00:00:00.000+10:00,0.742,10,603
2012-06-21T00:00:00.000+10:00,0.711,10,603
2012-06-22T00:00:00.000+10:00,0.686,10,603
2012-06-23T00:00:00.000+10:00,0.662,10,603
2012-06-24T00:00:00.000+10:00,0.647,10,603
2012-06-25T00:00:00.000+10:00,0.627,110,603
2012-06-26T00:00:00.000+10:00,0.611,110,603
2012-06-27T00:00:00.000+10:00,0.607,110,603
2012-06-28T00:00:00.000+10:00,0.663,10,603
2012-06-29T00:00:00.000+10:00,2.115,10,603
2012-06-30T00:00:00.000+10:00,3.929,10,603
2012-07-01T00:00:00.000+10:00,3.416,10,603
2012-07-02T00:00:00.000+10:00,2.148,10,603
2012-07-03T00:00:00.000+10:00,1.654,10,603
2012-07-04T00:00:00.000+10:00,1.405,10,603
2012-07-05T00:00:00.000+10:00,1.245,10,603
2012-07-06T00:00:00.000+10:00,1.130,10,603
2012-07-07T00:00:00.000+10:00,1.045,10,603
2012-07-08T00:00:00.000+10:00,0.981,10,603
2012-07-09T00:00:00.000+10:00,0.923,10,603
2012-07-10T00:00:00.000+10:00,0.890,10,603
2012-07-11T00:00:00.000+10:00,0.858,10,603
2012-07-12T00:00:00.000+10:00,0.838,10,603
2012-07-13T00:00:00.000+10:00,0.846,10,603
2012-07-14T00:00:00.000+10:00,1.112,10,603
2012-07-15T00:00:00.000+10:00,1.096,10,603
2012-07-16T00:00:00.000+10:00,1.085,10,603
2012-07-17T00:00:00.000+10:00,1.007,10,603
2012-07-18T00:00:00.000+10:00,0.925,10,603
2012-07-19T00:00:00.000+10:00,0.870,10,603
2012-07-20T00:00:00.000+10:00,0.836,10,603
2012-07-21T00:00:00.000+10:00,0.809,10,603
2012-07-22T00:00:00.000+10:00,0.780,10,603
2012-07-23T00:00:00.000+10:00,0.739,10,603
2012-07-24T00:00:00.000+10:00,0.710,10,603
2012-07-25T00:00:00.000+10:00,0.692,10,603
2012-07-26T00:00:00.000+10:00,0.684,10,603
2012-07-27T00:00:00.000+10:00,0.671,10,603
2012-07-28T00:00:00.000+10:00,0.659,10,603
2012-07-29T00:00:00.000+10:00,0.648,10,603
2012-07-30T00:00:00.000+10:00,0.637,10,603
2012-07-31T00:00:00.000+10:00,0.622,10,603
2012-08-01T00:00:00.000+10:00,0.610,10,603
2012-08-02T00:00:00.000+10:00,0.599,10,603
2012-08-03T00:00:00.000+10:00,0.597,10,603
2012-08-04T00:00:00.000+10:00,0.589,10,603
2012-08-05T00:00:00.000+10:00,0.582,10,603
2012-08-06T00:00:00.000+10:00,0.575,10,603
2012-08-07T00:00:00.000+10:00,0.567,10,603
2012-08-08T00:00:00.000+10:00,0.561,10,603
2012-08-09T00:00:00.000+10:00,0.555,10,603
2012-08-10T00:00:00.000+10:00,0.547,10,603
2012-08-11T00:00:00.000+10:00,0.544,10,603
2012-08-12T00:00:00.000+10:00,0.535,10,603
2012-08-13T00:00:00.000+10:00,0.529,10,603
2012-08-14T00:00:00.000+10:00,0.527,10,603
2012-08-15T00:00:00.000+10:00,0.524,10,603
2012-08-16T00:00:00.000+10:00,0.520,10,603
2012-08-17T00:00:00.000+10:00,0.516,10,603
2012-08-18T00:00:00.000+10:00,0.510,10,603
2012-08-19T00:00:00.000+10:00,0.503,10,603
2012-08-20T00:00:00.000+10:00,0.500,10,603
2012-08-21T00:00:00.000+10:00,0.495,10,603
2012-08-22T00:00:00.000+10:00,0.491,10,603
2012-08-23T00:00:00.000+10:00,0.489,10,603
2012-08-24T00:00:00.000+10:00,0.487,10,603
2012-08-25T00:00:00.000+10:00,0.484,10,603
2012-08-26T00:00:00.000+10:00,0.481,10,603
2012-08-27T00:00:00.000+10:00,0.476,10,603
2012-08-28T00:00:00.000+10:00,0.472,10,603
2012-08-29T00:00:00.000+10:00,0.468,10,603
2012-08-30T00:00:00.000+10:00,0.464,10,603
2012-08-31T00:00:00.000+10:00,0.460,10,603
2012-09-01T00:00:00.000+10:00,0.458,10,603
2012-09-02T00:00:00.000+10:00,0.455,10,603
2012-09-03T00:00:00.000+10:00,0.450,10,603
2012-09-04T00:00:00.000+10:00,0.446,10,603
2012-09-05T00:00:00.000+10:00,0.443,10,603
2012-09-06T00:00:00.000+10:00,0.440,10,603
2012-09-07T00:00:00.000+10:00,0.436,10,603
2012-09-08T00:00:00.000+10:00,0.430,10,603
2012-09-09T00:00:00.000+10:00,0.423,10,603
2012-09-10T00:00:00.000+10:00,0.421,10,603
2012-09-11T00:00:00.000+10:00,0.420,10,603
2012-09-12T00:00:00.000+10:00,0.415,10,603
2012-09-13T00:00:00.000+10:00,0.410,10,603
2012-09-14T00:00:00.000+10:00,0.408,10,603
2012-09-15T00:00:00.000+10:00,0.409,10,603
2012-09-16T00:00:00.000+10:00,0.407,10,603
2012-09-17T00:00:00.000+10:00,0.413,10,603
2012-09-18T00:00:00.000+10:00,0.443,10,603
2012-09-19T00:00:00.000+10:00,0.508,10,603
2012-09-20T00:00:00.000+10:00,0.544,10,603
2012-09-21T00:00:00.000+10:00,0.567,10,603
2012-09-22T00:00:00.000+10:00,0.544,10,603
2012-09-23T00:00:00.000+10:00,0.516,10,603
2012-09-24T00:00:00.000+10:00,0.488,10,603
2012-09-25T00:00:00.000+10:00,0.465,10,603
2012-09-26T00:00:00.000+10:00,0.447,10,603
2012-09-27T00:00:00.000+10:00,0.438,10,603
2012-09-28T00:00:00.000+10:00,0.434,10,603
2012-09-29T00:00:00.000+10:00,0.427,10,603
2012-09-30T00:00:00.000+10:00,0.423,10,603
2012-10-01T00:00:00.000+10:00,0.418,10,603
2012-10-02T00:00:00.000+10:00,0.413,10,603
2012-10-03T00:00:00.000+10:00,0.407,10,603
2012-10-04T00:00:00.000+10:00,0.401,10,603
2012-10-05T00:00:00.000+10:00,0.395,10,603
2012-10-06T00:00:00.000+10:00,0.391,10,603
2012-10-07T00:00:00.000+10:00,0.388,10,603
2012-10-08T00:00:00.000+10:00,0.383,10,603
2012-10-09T00:00:00.000+10:00,0.379,10,603
2012-10-10T00:00:00.000+10:00,0.374,10,603
2012-10-11T00:00:00.000+10:00,0.382,10,603
2012-10-12T00:00:00.000+10:00,0.386,10,603
2012-10-13T00:00:00.000+10:00,0.381,10,603
2012-10-14T00:00:00.000+10:00,0.384,10,603
2012-10-15T00:00:00.000+10:00,0.388,10,603
2012-10-16T00:00:00.000+10:00,0.387,10,603
2012-10-17T00:00:00.000+10:00,0.389,10,603
2012-10-18T00:00:00.000+10:00,0.383,10,603
2012-10-19T00:00:00.000+10:00,0.378,10,603
2012-10-20T00:00:00.000+10:00,0.383,10,603
2012-10-21T00:00:00.000+10:00,0.376,10,603
2012-10-22T00:00:00.000+10:00,0.368,10,603
2012-10-23T00:00:00.000+10:00,0.360,10,603
2012-10-24T00:00:00.000+10:00,0.353,10,603
2012-10-25T00:00:00.000+10:00,0.348,10,603
2012-10-26T00:00:00.000+10:00,0.342,10,603
2012-10-27T00:00:00.000+10:00,0.337,10,603
2012-10-28T00:00:00.000+10:00,0.333,10,603
2012-10-29T00:00:00.000+10:00,0.332,10,603
2012-10-30T00:00:00.000+10:00,0.332,10,603
2012-10-31T00:00:00.000+10:00,0.339,10,603
2012-11-01T00:00:00.000+10:00,0.347,10,603
2012-11-02T00:00:00.000+10:00,0.347,10,603
2012-11-03T00:00:00.000+10:00,0.341,10,603
2012-11-04T00:00:00.000+10:00,0.335,10,603
2012-11-05T00:00:00.000+10:00,0.329,10,603
2012-11-06T00:00:00.000+10:00,0.322,10,603
2012-11-07T00:00:00.000+10:00,0.316,10,603
2012-11-08T00:00:00.000+10:00,0.313,10,603
2012-11-09T00:00:00.000+10:00,0.315,10,603
2012-11-10T00:00:00.000+10:00,0.322,10,603
2012-11-11T00:00:00.000+10:00,0.329,10,603
2012-11-12T00:00:00.000+10:00,0.326,10,603
2012-11-13T00:00:00.000+10:00,0.329,10,603
2012-11-14T00:00:00.000+10:00,0.341,10,603
2012-11-15T00:00:00.000+10:00,0.437,10,603
2012-11-16T00:00:00.000+10:00,0.421,10,603
2012-11-17T00:00:00.000+10:00,0.404,10,603
2012-11-18T00:00:00.000+10:00,0.391,10,603
2012-11-19T00:00:00.000+10:00,0.383,10,603
2012-11-20T00:00:00.000+10:00,1.009,10,603
2012-11-21T00:00:00.000+10:00,0.980,10,603
2012-11-22T00:00:00.000+10:00,0.705,10,603
2012-11-23T00:00:00.000+10:00,0.591,10,603
2012-11-24T00:00:00.000+10:00,0.534,10,603
2012-11-25T00:00:00.000+10:00,0.497,10,603
2012-11-26T00:00:00.000+10:00,0.465,10,603
2012-11-27T00:00:00.000+10:00,0.444,10,603
2012-11-28T00:00:00.000+10:00,0.428,10,603
2012-11-29T00:00:00.000+10:00,0.417,10,603
2012-11-30T00:00:00.000+10:00,0.411,10,603
2012-12-01T00:00:00.000+10:00,0.395,10,603
2012-12-02T00:00:00.000+10:00,0.383,10,603
2012-12-03T00:00:00.000+10:00,0.384,10,603
2012-12-04T00:00:00.000+10:00,0.384,10,603
2012-12-05T00:00:00.000+10:00,0.377,10,603
2012-12-06T00:00:00.000+10:00,0.364,10,603
2012-12-07T00:00:00.000+10:00,0.369,10,603
2012-12-08T00:00:00.000+10:00,0.423,10,603
2012-12-09T00:00:00.000+10:00,0.360,10,603
2012-12-10T00:00:00.000+10:00,0.342,10,603
2012-12-11T00:00:00.000+10:00,0.333,10,603
2012-12-12T00:00:00.000+10:00,0.334,10,603
2012-12-13T00:00:00.000+10:00,0.333,10,603
2012-12-14T00:00:00.000+10:00,0.353,10,603
2012-12-15T00:00:00.000+10:00,0.444,10,603
2012-12-16T00:00:00.000+10:00,0.445,10,603
2012-12-17T00:00:00.000+10:00,0.443,10,603
2012-12-18T00:00:00.000+10:00,0.436,10,603
2012-12-19T00:00:00.000+10:00,0.355,10,603
2012-12-20T00:00:00.000+10:00,0.333,10,603
2012-12-21T00:00:00.000+10:00,0.329,10,603
2012-12-22T00:00:00.000+10:00,0.336,10,603
2012-12-23T00:00:00.000+10:00,0.337,10,603
2012-12-24T00:00:00.000+10:00,0.332,10,603
2012-12-25T00:00:00.000+10:00,0.325,10,603
2012-12-26T00:00:00.000+10:00,0.335,10,603
2012-12-27T00:00:00.000+10:00,0.324,10,603
2012-12-28T00:00:00.000+10:00,0.350,10,603
2012-12-29T00:00:00.000+10:00,0.523,10,603
2012-12-30T00:00:00.000+10:00,0.585,10,603
2012-12-31T00:00:00.000+10:00,0.572,10,603
2013-01-01T00:00:00.000+10:00,0.540,10,603
2013-01-02T00:00:00.000+10:00,0.495,10,603
2013-01-03T00:00:00.000+10:00,0.448,10,603
2013-01-04T00:00:00.000+10:00,0.415,10,603
2013-01-05T00:00:00.000+10:00,0.401,10,603
2013-01-06T00:00:00.000+10:00,0.341,10,603
2013-01-07T00:00:00.000+10:00,0.314,10,603
2013-01-08T00:00:00.000+10:00,0.304,10,603
2013-01-09T00:00:00.000+10:00,0.297,10,603
2013-01-10T00:00:00.000+10:00,0.290,10,603
2013-01-11T00:00:00.000+10:00,0.284,10,603
2013-01-12T00:00:00.000+10:00,0.278,10,603
2013-01-13T00:00:00.000+10:00,0.273,10,603
2013-01-14T00:00:00.000+10:00,0.269,10,603
2013-01-15T00:00:00.000+10:00,0.266,10,603
2013-01-16T00:00:00.000+10:00,0.264,10,603
2013-01-17T00:00:00.000+10:00,0.262,10,603
2013-01-18T00:00:00.000+10:00,0.259,10,603
2013-01-19T00:00:00.000+10:00,0.255,10,603
2013-01-20T00:00:00.000+10:00,0.257,10,603
2013-01-21T00:00:00.000+10:00,0.254,10,603
2013-01-22T00:00:00.000+10:00,0.264,10,603
2013-01-23T00:00:00.000+10:00,0.268,10,603
2013-01-24T00:00:00.000+10:00,0.275,10,603
2013-01-25T00:00:00.000+10:00,0.292,10,603
2013-01-26T00:00:00.000+10:00,0.306,10,603
2013-01-27T00:00:00.000+10:00,3.966,10,603
2013-01-28T00:00:00.000+10:00,12.499,10,603
2013-01-29T00:00:00.000+10:00,18.467,10,603
2013-01-30T00:00:00.000+10:00,17.449,10,603
2013-01-31T00:00:00.000+10:00,13.910,10,603
2013-02-01T00:00:00.000+10:00,9.598,10,603
2013-02-02T00:00:00.000+10:00,5.181,10,603
2013-02-03T00:00:00.000+10:00,3.289,10,603
2013-02-04T00:00:00.000+10:00,2.593,10,603
2013-02-05T00:00:00.000+10:00,2.166,10,603
2013-02-06T00:00:00.000+10:00,1.874,10,603
2013-02-07T00:00:00.000+10:00,1.748,10,603
2013-02-08T00:00:00.000+10:00,1.662,10,603
2013-02-09T00:00:00.000+10:00,1.555,10,603
2013-02-10T00:00:00.000+10:00,1.463,10,603
2013-02-11T00:00:00.000+10:00,1.377,10,603
2013-02-12T00:00:00.000+10:00,1.288,10,603
2013-02-13T00:00:00.000+10:00,1.246,10,603
2013-02-14T00:00:00.000+10:00,1.236,10,603
2013-02-15T00:00:00.000+10:00,1.359,10,603
2013-02-16T00:00:00.000+10:00,1.393,10,603
2013-02-17T00:00:00.000+10:00,1.554,10,603
2013-02-18T00:00:00.000+10:00,1.557,10,603
2013-02-19T00:00:00.000+10:00,1.780,10,603
2013-02-20T00:00:00.000+10:00,2.460,10,603
2013-02-21T00:00:00.000+10:00,2.755,10,603
2013-02-22T00:00:00.000+10:00,5.924,10,603
2013-02-23T00:00:00.000+10:00,14.301,10,603
2013-02-24T00:00:00.000+10:00,20.168,10,603
2013-02-25T00:00:00.000+10:00,17.688,10,603
2013-02-26T00:00:00.000+10:00,12.811,10,603
2013-02-27T00:00:00.000+10:00,9.579,10,603
2013-02-28T00:00:00.000+10:00,7.271,10,603
2013-03-01T00:00:00.000+10:00,5.285,10,603
2013-03-02T00:00:00.000+10:00,5.914,10,603
2013-03-03T00:00:00.000+10:00,7.869,10,603
2013-03-04T00:00:00.000+10:00,8.131,10,603
2013-03-05T00:00:00.000+10:00,7.490,10,603
2013-03-06T00:00:00.000+10:00,6.872,10,603
2013-03-07T00:00:00.000+10:00,5.460,10,603
2013-03-08T00:00:00.000+10:00,3.881,10,603
2013-03-09T00:00:00.000+10:00,3.127,10,603
2013-03-10T00:00:00.000+10:00,2.734,10,603
2013-03-11T00:00:00.000+10:00,2.472,10,603
2013-03-12T00:00:00.000+10:00,2.255,10,603
2013-03-13T00:00:00.000+10:00,2.096,10,603
2013-03-14T00:00:00.000+10:00,1.932,10,603
2013-03-15T00:00:00.000+10:00,1.787,10,603
2013-03-16T00:00:00.000+10:00,1.667,10,603
2013-03-17T00:00:00.000+10:00,1.584,10,603
2013-03-18T00:00:00.000+10:00,1.491,10,603
2013-03-19T00:00:00.000+10:00,1.397,10,603
2013-03-20T00:00:00.000+10:00,1.337,10,603
2013-03-21T00:00:00.000+10:00,1.300,10,603
2013-03-22T00:00:00.000+10:00,1.271,10,603
2013-03-23T00:00:00.000+10:00,1.226,10,603
2013-03-24T00:00:00.000+10:00,1.214,10,603
2013-03-25T00:00:00.000+10:00,1.304,10,603
2013-03-26T00:00:00.000+10:00,1.237,10,603
2013-03-27T00:00:00.000+10:00,1.214,10,603
2013-03-28T00:00:00.000+10:00,1.146,10,603
2013-03-29T00:00:00.000+10:00,1.098,10,603
2013-03-30T00:00:00.000+10:00,1.076,10,603
2013-03-31T00:00:00.000+10:00,1.052,10,603
2013-04-01T00:00:00.000+10:00,1.038,10,603
2013-04-02T00:00:00.000+10:00,1.005,10,603
2013-04-03T00:00:00.000+10:00,0.983,10,603
2013-04-04T00:00:00.000+10:00,0.952,10,603
2013-04-05T00:00:00.000+10:00,1.091,10,603
2013-04-06T00:00:00.000+10:00,1.666,10,603
2013-04-07T00:00:00.000+10:00,1.680,10,603
2013-04-08T00:00:00.000+10:00,1.995,10,603
2013-04-09T00:00:00.000+10:00,1.765,10,603
2013-04-10T00:00:00.000+10:00,1.486,10,603
2013-04-11T00:00:00.000+10:00,1.300,10,603
2013-04-12T00:00:00.000+10:00,1.247,10,603
2013-04-13T00:00:00.000+10:00,1.208,10,603
2013-04-14T00:00:00.000+10:00,1.151,10,603
2013-04-15T00:00:00.000+10:00,1.128,10,603
2013-04-16T00:00:00.000+10:00,1.122,10,603
2013-04-17T00:00:00.000+10:00,1.275,10,603
2013-04-18T00:00:00.000+10:00,1.084,10,603
2013-04-19T00:00:00.000+10:00,1.041,10,603
2013-04-20T00:00:00.000+10:00,1.005,10,603
2013-04-21T00:00:00.000+10:00,0.949,10,603
2013-04-22T00:00:00.000+10:00,0.901,10,603
2013-04-23T00:00:00.000+10:00,0.864,10,603
2013-04-24T00:00:00.000+10:00,0.826,10,603
2013-04-25T00:00:00.000+10:00,0.799,10,603
2013-04-26T00:00:00.000+10:00,0.772,10,603
2013-04-27T00:00:00.000+10:00,0.749,10,603
2013-04-28T00:00:00.000+10:00,0.729,10,603
2013-04-29T00:00:00.000+10:00,0.715,10,603
2013-04-30T00:00:00.000+10:00,0.700,10,603
2013-05-01T00:00:00.000+10:00,0.692,10,603
2013-05-02T00:00:00.000+10:00,0.679,10,603
2013-05-03T00:00:00.000+10:00,0.768,10,603
2013-05-04T00:00:00.000+10:00,0.828,10,603
2013-05-05T00:00:00.000+10:00,0.822,10,603
2013-05-06T00:00:00.000+10:00,0.810,10,603
2013-05-07T00:00:00.000+10:00,0.803,10,603
2013-05-08T00:00:00.000+10:00,0.796,10,603
2013-05-09T00:00:00.000+10:00,0.790,10,603
2013-05-10T00:00:00.000+10:00,0.789,10,603
2013-05-11T00:00:00.000+10:00,0.709,10,603
2013-05-12T00:00:00.000+10:00,0.620,10,603
2013-05-13T00:00:00.000+10:00,0.611,10,603
2013-05-14T00:00:00.000+10:00,0.612,10,603
2013-05-15T00:00:00.000+10:00,0.608,10,603
2013-05-16T00:00:00.000+10:00,0.615,10,603
2013-05-17T00:00:00.000+10:00,0.619,10,603
2013-05-18T00:00:00.000+10:00,0.604,10,603
2013-05-19T00:00:00.000+10:00,0.593,10,603
2013-05-20T00:00:00.000+10:00,0.583,10,603
2013-05-21T00:00:00.000+10:00,0.572,10,603
2013-05-22T00:00:00.000+10:00,0.565,10,603
2013-05-23T00:00:00.000+10:00,0.562,10,603
2013-05-24T00:00:00.000+10:00,0.648,10,603
2013-05-25T00:00:00.000+10:00,1.202,10,603
2013-05-26T00:00:00.000+10:00,3.846,10,603
2013-05-27T00:00:00.000+10:00,3.824,10,603
2013-05-28T00:00:00.000+10:00,2.114,10,603
2013-05-29T00:00:00.000+10:00,1.596,10,603
2013-05-30T00:00:00.000+10:00,1.386,10,603
2013-05-31T00:00:00.000+10:00,1.256,10,603
2013-06-01T00:00:00.000+10:00,1.224,10,603
2013-06-02T00:00:00.000+10:00,1.210,10,603
2013-06-03T00:00:00.000+10:00,1.123,10,603
2013-06-04T00:00:00.000+10:00,1.049,10,603
2013-06-05T00:00:00.000+10:00,0.987,10,603
2013-06-06T00:00:00.000+10:00,0.932,10,603
2013-06-07T00:00:00.000+10:00,0.882,10,603
2013-06-08T00:00:00.000+10:00,0.845,10,603
2013-06-09T00:00:00.000+10:00,0.815,10,603
2013-06-10T00:00:00.000+10:00,0.796,10,603
2013-06-11T00:00:00.000+10:00,0.833,10,603
2013-06-12T00:00:00.000+10:00,0.864,10,603
2013-06-13T00:00:00.000+10:00,1.590,10,603
2013-06-14T00:00:00.000+10:00,1.448,10,603
2013-06-15T00:00:00.000+10:00,1.563,10,603
2013-06-16T00:00:00.000+10:00,1.338,10,603
2013-06-17T00:00:00.000+10:00,1.146,10,603
2013-06-18T00:00:00.000+10:00,1.012,140,603
2013-06-19T00:00:00.000+10:00,0.925,90,603
2013-06-20T00:00:00.000+10:00,0.861,90,603
2013-06-21T00:00:00.000+10:00,0.817,90,603
2013-06-22T00:00:00.000+10:00,0.784,90,603
2013-06-23T00:00:00.000+10:00,0.757,90,603
2013-06-24T00:00:00.000+10:00,0.735,90,603
2013-06-25T00:00:00.000+10:00,0.716,90,603
2013-06-26T00:00:00.000+10:00,0.698,90,603
2013-06-27T00:00:00.000+10:00,0.687,90,603
2013-06-28T00:00:00.000+10:00,0.690,90,603
2013-06-29T00:00:00.000+10:00,0.714,90,603
2013-06-30T00:00:00.000+10:00,0.767,90,603
2013-07-01T00:00:00.000+10:00,0.816,90,603
2013-07-02T00:00:00.000+10:00,0.863,90,603
2013-07-03T00:00:00.000+10:00,1.728,90,603
2013-07-04T00:00:00.000+10:00,2.292,90,603
2013-07-05T00:00:00.000+10:00,1.700,90,603
2013-07-06T00:00:00.000+10:00,1.387,90,603
2013-07-07T00:00:00.000+10:00,1.216,90,603
2013-07-08T00:00:00.000+10:00,1.098,90,603
2013-07-09T00:00:00.000+10:00,1.005,90,603
2013-07-10T00:00:00.000+10:00,0.927,90,603
2013-07-11T00:00:00.000+10:00,0.895,90,603
2013-07-12T00:00:00.000+10:00,0.859,90,603
2013-07-13T00:00:00.000+10:00,0.827,90,603
2013-07-14T00:00:00.000+10:00,0.798,90,603
2013-07-15T00:00:00.000+10:00,0.770,90,603
2013-07-16T00:00:00.000+10:00,0.733,90,603
2013-07-17T00:00:00.000+10:00,0.713,90,603
2013-07-18T00:00:00.000+10:00,0.710,90,603
2013-07-19T00:00:00.000+10:00,0.706,90,603
2013-07-20T00:00:00.000+10:00,0.697,90,603
2013-07-21T00:00:00.000+10:00,0.691,90,603
2013-07-22T00:00:00.000+10:00,0.683,90,603
2013-07-23T00:00:00.000+10:00,0.671,90,603
2013-07-24T00:00:00.000+10:00,0.654,90,603
2013-07-25T00:00:00.000+10:00,0.639,90,603
2013-07-26T00:00:00.000+10:00,0.629,90,603
2013-07-27T00:00:00.000+10:00,0.619,90,603
2013-07-28T00:00:00.000+10:00,0.609,90,603
2013-07-29T00:00:00.000+10:00,0.601,90,603
2013-07-30T00:00:00.000+10:00,0.596,90,603
2013-07-31T00:00:00.000+10:00,0.601,90,603
2013-08-01T00:00:00.000+10:00,0.607,90,603
2013-08-02T00:00:00.000+10:00,0.606,90,603
2013-08-03T00:00:00.000+10:00,0.595,90,603
2013-08-04T00:00:00.000+10:00,0.585,90,603
2013-08-05T00:00:00.000+10:00,0.574,90,603
2013-08-06T00:00:00.000+10:00,0.566,90,603
2013-08-07T00:00:00.000+10:00,0.557,90,603
2013-08-08T00:00:00.000+10:00,0.549,90,603
2013-08-09T00:00:00.000+10:00,0.541,90,603
2013-08-10T00:00:00.000+10:00,0.534,90,603
2013-08-11T00:00:00.000+10:00,0.527,90,603
2013-08-12T00:00:00.000+10:00,0.521,90,603
2013-08-13T00:00:00.000+10:00,0.516,90,603
2013-08-14T00:00:00.000+10:00,0.510,90,603
2013-08-15T00:00:00.000+10:00,0.505,90,603
2013-08-16T00:00:00.000+10:00,0.501,90,603
2013-08-17T00:00:00.000+10:00,0.497,90,603
2013-08-18T00:00:00.000+10:00,0.493,90,603
2013-08-19T00:00:00.000+10:00,0.490,90,603
2013-08-20T00:00:00.000+10:00,0.488,140,603
2013-08-21T00:00:00.000+10:00,0.481,10,603
2013-08-22T00:00:00.000+10:00,0.477,10,603
2013-08-23T00:00:00.000+10:00,0.473,10,603
2013-08-24T00:00:00.000+10:00,0.466,10,603
2013-08-25T00:00:00.000+10:00,0.460,10,603
2013-08-26T00:00:00.000+10:00,0.458,10,603
2013-08-27T00:00:00.000+10:00,0.455,10,603
2013-08-28T00:00:00.000+10:00,0.451,10,603
2013-08-29T00:00:00.000+10:00,0.447,10,603
2013-08-30T00:00:00.000+10:00,0.446,10,603
2013-08-31T00:00:00.000+10:00,0.443,10,603
2013-09-01T00:00:00.000+10:00,0.443,10,603
2013-09-02T00:00:00.000+10:00,0.440,10,603
2013-09-03T00:00:00.000+10:00,0.438,10,603
2013-09-04T00:00:00.000+10:00,0.436,10,603
2013-09-05T00:00:00.000+10:00,0.434,10,603
2013-09-06T00:00:00.000+10:00,0.430,10,603
2013-09-07T00:00:00.000+10:00,0.427,10,603
2013-09-08T00:00:00.000+10:00,0.425,10,603
2013-09-09T00:00:00.000+10:00,0.424,10,603
2013-09-10T00:00:00.000+10:00,0.421,10,603
2013-09-11T00:00:00.000+10:00,0.414,10,603
2013-09-12T00:00:00.000+10:00,0.410,10,603
2013-09-13T00:00:00.000+10:00,0.408,10,603
2013-09-14T00:00:00.000+10:00,0.407,10,603
2013-09-15T00:00:00.000+10:00,0.404,10,603
2013-09-16T00:00:00.000+10:00,0.407,10,603
2013-09-17T00:00:00.000+10:00,0.441,10,603
2013-09-18T00:00:00.000+10:00,0.442,10,603
2013-09-19T00:00:00.000+10:00,0.462,10,603
2013-09-20T00:00:00.000+10:00,0.467,10,603
2013-09-21T00:00:00.000+10:00,0.458,10,603
2013-09-22T00:00:00.000+10:00,0.447,10,603
2013-09-23T00:00:00.000+10:00,0.435,10,603
2013-09-24T00:00:00.000+10:00,0.423,10,603
2013-09-25T00:00:00.000+10:00,0.411,10,603
2013-09-26T00:00:00.000+10:00,0.403,10,603
2013-09-27T00:00:00.000+10:00,0.396,10,603
2013-09-28T00:00:00.000+10:00,0.392,10,603
2013-09-29T00:00:00.000+10:00,0.388,10,603
2013-09-30T00:00:00.000+10:00,0.383,10,603
2013-10-01T00:00:00.000+10:00,0.376,10,603
2013-10-02T00:00:00.000+10:00,0.381,10,603
2013-10-03T00:00:00.000+10:00,0.388,10,603
2013-10-04T00:00:00.000+10:00,0.382,10,603
2013-10-05T00:00:00.000+10:00,0.379,10,603
2013-10-06T00:00:00.000+10:00,0.373,10,603
2013-10-07T00:00:00.000+10:00,0.367,10,603
2013-10-08T00:00:00.000+10:00,0.363,10,603
2013-10-09T00:00:00.000+10:00,0.361,10,603
2013-10-10T00:00:00.000+10:00,0.359,10,603
2013-10-11T00:00:00.000+10:00,0.357,10,603
2013-10-12T00:00:00.000+10:00,0.357,10,603
2013-10-13T00:00:00.000+10:00,0.357,10,603
2013-10-14T00:00:00.000+10:00,0.358,10,603
2013-10-15T00:00:00.000+10:00,0.355,10,603
2013-10-16T00:00:00.000+10:00,0.349,10,603
2013-10-17T00:00:00.000+10:00,0.347,10,603
2013-10-18T00:00:00.000+10:00,0.349,10,603
2013-10-19T00:00:00.000+10:00,0.350,10,603
2013-10-20T00:00:00.000+10:00,0.344,10,603
2013-10-21T00:00:00.000+10:00,0.343,10,603
2013-10-22T00:00:00.000+10:00,0.343,10,603
2013-10-23T00:00:00.000+10:00,0.343,10,603
2013-10-24T00:00:00.000+10:00,0.345,10,603
2013-10-25T00:00:00.000+10:00,0.343,10,603
2013-10-26T00:00:00.000+10:00,0.335,10,603
2013-10-27T00:00:00.000+10:00,0.325,10,603
2013-10-28T00:00:00.000+10:00,0.316,10,603
2013-10-29T00:00:00.000+10:00,0.316,10,603
2013-10-30T00:00:00.000+10:00,0.312,10,603
2013-10-31T00:00:00.000+10:00,0.309,10,603
2013-11-01T00:00:00.000+10:00,0.303,10,603
2013-11-02T00:00:00.000+10:00,0.298,10,603
2013-11-03T00:00:00.000+10:00,0.297,10,603
2013-11-04T00:00:00.000+10:00,0.295,10,603
2013-11-05T00:00:00.000+10:00,0.289,10,603
2013-11-06T00:00:00.000+10:00,0.287,10,603
2013-11-07T00:00:00.000+10:00,0.284,10,603
2013-11-08T00:00:00.000+10:00,0.278,10,603
2013-11-09T00:00:00.000+10:00,0.274,10,603
2013-11-10T00:00:00.000+10:00,0.277,10,603
2013-11-11T00:00:00.000+10:00,0.303,10,603
2013-11-12T00:00:00.000+10:00,0.397,10,603
2013-11-13T00:00:00.000+10:00,0.652,10,603
2013-11-14T00:00:00.000+10:00,0.879,10,603
2013-11-15T00:00:00.000+10:00,0.634,10,603
2013-11-16T00:00:00.000+10:00,0.557,10,603
2013-11-17T00:00:00.000+10:00,0.583,10,603
2013-11-18T00:00:00.000+10:00,0.508,10,603
2013-11-19T00:00:00.000+10:00,0.482,90,603
2013-11-20T00:00:00.000+10:00,0.494,90,603
2013-11-21T00:00:00.000+10:00,0.589,90,603
2013-11-22T00:00:00.000+10:00,0.617,90,603
2013-11-23T00:00:00.000+10:00,0.752,90,603
2013-11-24T00:00:00.000+10:00,1.528,90,603
2013-11-25T00:00:00.000+10:00,0.825,90,603
2013-11-26T00:00:00.000+10:00,0.776,90,603
2013-11-27T00:00:00.000+10:00,0.736,90,603
2013-11-28T00:00:00.000+10:00,0.615,90,603
2013-11-29T00:00:00.000+10:00,0.550,90,603
2013-11-30T00:00:00.000+10:00,0.542,90,603
2013-12-01T00:00:00.000+10:00,0.526,90,603
2013-12-02T00:00:00.000+10:00,0.539,90,603
2013-12-03T00:00:00.000+10:00,0.549,90,603
2013-12-04T00:00:00.000+10:00,0.564,90,603
2013-12-05T00:00:00.000+10:00,0.564,90,603
2013-12-06T00:00:00.000+10:00,0.534,90,603
2013-12-07T00:00:00.000+10:00,0.502,90,603
2013-12-08T00:00:00.000+10:00,0.506,90,603
2013-12-09T00:00:00.000+10:00,0.492,90,603
2013-12-10T00:00:00.000+10:00,0.485,90,603
2013-12-11T00:00:00.000+10:00,0.473,90,603
2013-12-12T00:00:00.000+10:00,0.465,90,603
2013-12-13T00:00:00.000+10:00,0.456,90,603
2013-12-14T00:00:00.000+10:00,0.468,90,603
2013-12-15T00:00:00.000+10:00,0.501,90,603
2013-12-16T00:00:00.000+10:00,0.496,90,603
2013-12-17T00:00:00.000+10:00,0.470,90,603
2013-12-18T00:00:00.000+10:00,0.445,90,603
2013-12-19T00:00:00.000+10:00,0.429,90,603
2013-12-20T00:00:00.000+10:00,0.418,90,603
2013-12-21T00:00:00.000+10:00,0.413,90,603
2013-12-22T00:00:00.000+10:00,0.403,90,603
2013-12-23T00:00:00.000+10:00,0.393,90,603
2013-12-24T00:00:00.000+10:00,0.385,90,603
2013-12-25T00:00:00.000+10:00,0.381,90,603
2013-12-26T00:00:00.000+10:00,0.376,90,603
2013-12-27T00:00:00.000+10:00,0.423,90,603
2013-12-28T00:00:00.000+10:00,0.430,90,603
2013-12-29T00:00:00.000+10:00,0.401,90,603
2013-12-30T00:00:00.000+10:00,0.395,90,603
2013-12-31T00:00:00.000+10:00,0.391,90,603
2014-01-01T00:00:00.000+10:00,0.376,90,603
2014-01-02T00:00:00.000+10:00,0.364,90,603
2014-01-03T00:00:00.000+10:00,0.359,90,603
2014-01-04T00:00:00.000+10:00,0.354,90,603
2014-01-05T00:00:00.000+10:00,0.350,90,603
2014-01-06T00:00:00.000+10:00,0.340,90,603
2014-01-07T00:00:00.000+10:00,0.336,90,603
2014-01-08T00:00:00.000+10:00,0.335,90,603
2014-01-09T00:00:00.000+10:00,0.334,90,603
2014-01-10T00:00:00.000+10:00,0.332,90,603
2014-01-11T00:00:00.000+10:00,0.332,90,603
2014-01-12T00:00:00.000+10:00,0.338,90,603
2014-01-13T00:00:00.000+10:00,0.326,90,603
2014-01-14T00:00:00.000+10:00,0.326,90,603
2014-01-15T00:00:00.000+10:00,0.320,90,603
2014-01-16T00:00:00.000+10:00,0.316,90,603
2014-01-17T00:00:00.000+10:00,0.305,90,603
2014-01-18T00:00:00.000+10:00,0.303,90,603
2014-01-19T00:00:00.000+10:00,0.294,90,603
2014-01-20T00:00:00.000+10:00,0.290,90,603
2014-01-21T00:00:00.000+10:00,0.289,90,603
2014-01-22T00:00:00.000+10:00,0.286,90,603
2014-01-23T00:00:00.000+10:00,0.283,90,603
2014-01-24T00:00:00.000+10:00,0.290,90,603
2014-01-25T00:00:00.000+10:00,0.294,90,603
2014-01-26T00:00:00.000+10:00,0.289,90,603
2014-01-27T00:00:00.000+10:00,0.294,90,603
2014-01-28T00:00:00.000+10:00,0.293,90,603
2014-01-29T00:00:00.000+10:00,0.290,90,603
2014-01-30T00:00:00.000+10:00,0.290,90,603
2014-01-31T00:00:00.000+10:00,0.319,90,603
2014-02-01T00:00:00.000+10:00,0.302,90,603
2014-02-02T00:00:00.000+10:00,0.294,90,603
2014-02-03T00:00:00.000+10:00,0.291,90,603
2014-02-04T00:00:00.000+10:00,0.287,90,603
2014-02-05T00:00:00.000+10:00,0.285,90,603
2014-02-06T00:00:00.000+10:00,0.278,90,603
2014-02-07T00:00:00.000+10:00,0.272,90,603
2014-02-08T00:00:00.000+10:00,0.267,90,603
2014-02-09T00:00:00.000+10:00,0.262,90,603
2014-02-10T00:00:00.000+10:00,0.261,90,603
2014-02-11T00:00:00.000+10:00,0.308,90,603
2014-02-12T00:00:00.000+10:00,0.358,90,603
2014-02-13T00:00:00.000+10:00,0.341,90,603
2014-02-14T00:00:00.000+10:00,0.320,90,603
2014-02-15T00:00:00.000+10:00,0.309,90,603
2014-02-16T00:00:00.000+10:00,0.302,90,603
2014-02-17T00:00:00.000+10:00,0.303,90,603
2014-02-18T00:00:00.000+10:00,0.306,90,603
2014-02-19T00:00:00.000+10:00,0.303,90,603
2014-02-20T00:00:00.000+10:00,0.301,90,603
2014-02-21T00:00:00.000+10:00,0.300,90,603
2014-02-22T00:00:00.000+10:00,0.304,90,603
2014-02-23T00:00:00.000+10:00,0.308,90,603
2014-02-24T00:00:00.000+10:00,0.307,90,603
2014-02-25T00:00:00.000+10:00,0.302,90,603
2014-02-26T00:00:00.000+10:00,0.295,90,603
2014-02-27T00:00:00.000+10:00,0.293,90,603
2014-02-28T00:00:00.000+10:00,0.294,90,603
2014-03-01T00:00:00.000+10:00,0.308,90,603
2014-03-02T00:00:00.000+10:00,0.317,90,603
2014-03-03T00:00:00.000+10:00,0.327,90,603
2014-03-04T00:00:00.000+10:00,0.334,90,603
2014-03-05T00:00:00.000+10:00,0.331,90,603
2014-03-06T00:00:00.000+10:00,0.330,90,603
2014-03-07T00:00:00.000+10:00,0.329,90,603
2014-03-08T00:00:00.000+10:00,0.332,90,603
2014-03-09T00:00:00.000+10:00,0.330,90,603
2014-03-10T00:00:00.000+10:00,0.329,90,603
2014-03-11T00:00:00.000+10:00,0.334,90,603
2014-03-12T00:00:00.000+10:00,0.336,90,603
2014-03-13T00:00:00.000+10:00,0.334,90,603
2014-03-14T00:00:00.000+10:00,0.327,90,603
2014-03-15T00:00:00.000+10:00,0.314,90,603
2014-03-16T00:00:00.000+10:00,0.326,90,603
2014-03-17T00:00:00.000+10:00,0.332,90,603
2014-03-18T00:00:00.000+10:00,0.327,90,603
2014-03-19T00:00:00.000+10:00,0.316,90,603
2014-03-20T00:00:00.000+10:00,0.318,90,603
2014-03-21T00:00:00.000+10:00,0.340,90,603
2014-03-22T00:00:00.000+10:00,0.335,90,603
2014-03-23T00:00:00.000+10:00,0.340,90,603
2014-03-24T00:00:00.000+10:00,0.347,90,603
2014-03-25T00:00:00.000+10:00,0.341,90,603
2014-03-26T00:00:00.000+10:00,0.351,90,603
2014-03-27T00:00:00.000+10:00,0.360,90,603
2014-03-28T00:00:00.000+10:00,0.446,90,603
2014-03-29T00:00:00.000+10:00,0.455,90,603
2014-03-30T00:00:00.000+10:00,0.453,90,603
2014-03-31T00:00:00.000+10:00,0.665,90,603
2014-04-01T00:00:00.000+10:00,0.602,90,603
2014-04-02T00:00:00.000+10:00,1.102,90,603
2014-04-03T00:00:00.000+10:00,1.323,90,603
2014-04-04T00:00:00.000+10:00,0.999,90,603
2014-04-05T00:00:00.000+10:00,0.790,90,603
2014-04-06T00:00:00.000+10:00,0.796,90,603
2014-04-07T00:00:00.000+10:00,0.755,90,603
2014-04-08T00:00:00.000+10:00,0.611,140,603
2014-04-09T00:00:00.000+10:00,0.568,10,603
2014-04-10T00:00:00.000+10:00,0.554,10,603
2014-04-11T00:00:00.000+10:00,0.524,10,603
2014-04-12T00:00:00.000+10:00,0.502,10,603
2014-04-13T00:00:00.000+10:00,0.486,10,603
2014-04-14T00:00:00.000+10:00,0.473,10,603
2014-04-15T00:00:00.000+10:00,0.454,10,603
2014-04-16T00:00:00.000+10:00,0.443,10,603
2014-04-17T00:00:00.000+10:00,0.435,10,603
2014-04-18T00:00:00.000+10:00,0.431,10,603
2014-04-19T00:00:00.000+10:00,0.428,10,603
2014-04-20T00:00:00.000+10:00,0.423,10,603
2014-04-21T00:00:00.000+10:00,0.416,10,603
2014-04-22T00:00:00.000+10:00,0.409,10,603
2014-04-23T00:00:00.000+10:00,0.397,10,603
2014-04-24T00:00:00.000+10:00,0.390,10,603
2014-04-25T00:00:00.000+10:00,0.385,10,603
2014-04-26T00:00:00.000+10:00,0.380,10,603
2014-04-27T00:00:00.000+10:00,0.379,10,603
2014-04-28T00:00:00.000+10:00,0.393,10,603
2014-04-29T00:00:00.000+10:00,0.394,10,603
2014-04-30T00:00:00.000+10:00,0.389,10,603
2014-05-01T00:00:00.000+10:00,0.387,10,603
2014-05-02T00:00:00.000+10:00,0.489,10,603
2014-05-03T00:00:00.000+10:00,0.500,10,603
2014-05-04T00:00:00.000+10:00,0.482,10,603
2014-05-05T00:00:00.000+10:00,0.462,10,603
2014-05-06T00:00:00.000+10:00,0.442,10,603
2014-05-07T00:00:00.000+10:00,0.427,10,603
2014-05-08T00:00:00.000+10:00,0.417,10,603
2014-05-09T00:00:00.000+10:00,0.408,10,603
2014-05-10T00:00:00.000+10:00,0.401,10,603
2014-05-11T00:00:00.000+10:00,0.398,10,603
2014-05-12T00:00:00.000+10:00,0.397,10,603
2014-05-13T00:00:00.000+10:00,0.386,10,603
2014-05-14T00:00:00.000+10:00,0.382,10,603
2014-05-15T00:00:00.000+10:00,0.382,10,603
2014-05-16T00:00:00.000+10:00,0.375,10,603
2014-05-17T00:00:00.000+10:00,0.368,10,603
2014-05-18T00:00:00.000+10:00,0.366,10,603
2014-05-19T00:00:00.000+10:00,0.363,10,603
2014-05-20T00:00:00.000+10:00,0.361,10,603
2014-05-21T00:00:00.000+10:00,0.358,10,603
2014-05-22T00:00:00.000+10:00,0.359,10,603
2014-05-23T00:00:00.000+10:00,0.357,10,603
2014-05-24T00:00:00.000+10:00,0.353,10,603
2014-05-25T00:00:00.000+10:00,0.350,10,603
2014-05-26T00:00:00.000+10:00,0.346,10,603
2014-05-27T00:00:00.000+10:00,0.341,10,603
2014-05-28T00:00:00.000+10:00,0.335,10,603
2014-05-29T00:00:00.000+10:00,0.330,10,603
2014-05-30T00:00:00.000+10:00,0.327,10,603
2014-05-31T00:00:00.000+10:00,0.347,10,603
2014-06-01T00:00:00.000+10:00,0.376,10,603
2014-06-02T00:00:00.000+10:00,0.367,10,603
2014-06-03T00:00:00.000+10:00,0.359,10,603
2014-06-04T00:00:00.000+10:00,0.363,10,603
2014-06-05T00:00:00.000+10:00,0.369,10,603
2014-06-06T00:00:00.000+10:00,0.377,10,603
2014-06-07T00:00:00.000+10:00,0.381,10,603
2014-06-08T00:00:00.000+10:00,0.377,10,603
2014-06-09T00:00:00.000+10:00,0.370,10,603
2014-06-10T00:00:00.000+10:00,0.364,10,603
2014-06-11T00:00:00.000+10:00,0.357,10,603
2014-06-12T00:00:00.000+10:00,0.352,10,603
2014-06-13T00:00:00.000+10:00,0.347,10,603
2014-06-14T00:00:00.000+10:00,0.344,10,603
2014-06-15T00:00:00.000+10:00,0.340,10,603
2014-06-16T00:00:00.000+10:00,0.341,10,603
2014-06-17T00:00:00.000+10:00,0.345,10,603
2014-06-18T00:00:00.000+10:00,0.346,10,603
2014-06-19T00:00:00.000+10:00,0.344,10,603
2014-06-20T00:00:00.000+10:00,0.342,10,603
2014-06-21T00:00:00.000+10:00,0.342,10,603
2014-06-22T00:00:00.000+10:00,0.359,10,603
2014-06-23T00:00:00.000+10:00,0.348,10,603
2014-06-24T00:00:00.000+10:00,0.338,10,603
2014-06-25T00:00:00.000+10:00,0.330,10,603
2014-06-26T00:00:00.000+10:00,0.327,10,603
2014-06-27T00:00:00.000+10:00,0.323,10,603
2014-06-28T00:00:00.000+10:00,0.320,10,603
2014-06-29T00:00:00.000+10:00,0.318,10,603
2014-06-30T00:00:00.000+10:00,0.316,10,603
2014-07-01T00:00:00.000+10:00,0.312,10,603
2014-07-02T00:00:00.000+10:00,0.314,10,603
2014-07-03T00:00:00.000+10:00,0.314,10,603
2014-07-04T00:00:00.000+10:00,0.312,10,603
2014-07-05T00:00:00.000+10:00,0.309,10,603
2014-07-06T00:00:00.000+10:00,0.306,10,603
2014-07-07T00:00:00.000+10:00,0.304,10,603
2014-07-08T00:00:00.000+10:00,0.302,10,603
2014-07-09T00:00:00.000+10:00,0.302,10,603
2014-07-10T00:00:00.000+10:00,0.301,10,603
2014-07-11T00:00:00.000+10:00,0.299,10,603
2014-07-12T00:00:00.000+10:00,0.296,10,603
2014-07-13T00:00:00.000+10:00,0.294,10,603
2014-07-14T00:00:00.000+10:00,0.293,10,603
2014-07-15T00:00:00.000+10:00,0.293,10,603
2014-07-16T00:00:00.000+10:00,0.294,10,603
2014-07-17T00:00:00.000+10:00,0.293,10,603
2014-07-18T00:00:00.000+10:00,0.290,10,603
2014-07-19T00:00:00.000+10:00,0.287,10,603
2014-07-20T00:00:00.000+10:00,0.283,10,603
2014-07-21T00:00:00.000+10:00,0.283,10,603
2014-07-22T00:00:00.000+10:00,0.286,10,603
2014-07-23T00:00:00.000+10:00,0.288,10,603
2014-07-24T00:00:00.000+10:00,0.288,10,603
2014-07-25T00:00:00.000+10:00,0.282,10,603
2014-07-26T00:00:00.000+10:00,0.279,10,603
2014-07-27T00:00:00.000+10:00,0.277,10,603
2014-07-28T00:00:00.000+10:00,0.274,10,603
2014-07-29T00:00:00.000+10:00,0.272,10,603
2014-07-30T00:00:00.000+10:00,0.271,10,603
2014-07-31T00:00:00.000+10:00,0.265,10,603
2014-08-01T00:00:00.000+10:00,0.246,10,603
2014-08-02T00:00:00.000+10:00,0.248,10,603
2014-08-03T00:00:00.000+10:00,0.258,10,603
2014-08-04T00:00:00.000+10:00,0.258,10,603
2014-08-05T00:00:00.000+10:00,0.254,10,603
2014-08-06T00:00:00.000+10:00,0.252,10,603
2014-08-07T00:00:00.000+10:00,0.249,10,603
2014-08-08T00:00:00.000+10:00,0.248,10,603
2014-08-09T00:00:00.000+10:00,0.248,10,603
2014-08-10T00:00:00.000+10:00,0.246,10,603
2014-08-11T00:00:00.000+10:00,0.243,10,603
2014-08-12T00:00:00.000+10:00,0.241,10,603
2014-08-13T00:00:00.000+10:00,0.240,10,603
2014-08-14T00:00:00.000+10:00,0.239,10,603
2014-08-15T00:00:00.000+10:00,0.237,10,603
2014-08-16T00:00:00.000+10:00,0.246,10,603
2014-08-17T00:00:00.000+10:00,0.340,10,603
2014-08-18T00:00:00.000+10:00,0.355,10,603
2014-08-19T00:00:00.000+10:00,0.304,10,603
2014-08-20T00:00:00.000+10:00,0.276,10,603
2014-08-21T00:00:00.000+10:00,0.288,10,603
2014-08-22T00:00:00.000+10:00,0.321,10,603
2014-08-23T00:00:00.000+10:00,0.360,10,603
2014-08-24T00:00:00.000+10:00,0.432,10,603
2014-08-25T00:00:00.000+10:00,0.388,10,603
2014-08-26T00:00:00.000+10:00,0.380,10,603
2014-08-27T00:00:00.000+10:00,0.795,10,603
2014-08-28T00:00:00.000+10:00,2.542,10,603
2014-08-29T00:00:00.000+10:00,4.165,10,603
2014-08-30T00:00:00.000+10:00,4.308,10,603
2014-08-31T00:00:00.000+10:00,2.204,10,603
2014-09-01T00:00:00.000+10:00,1.493,10,603
2014-09-02T00:00:00.000+10:00,1.206,10,603
2014-09-03T00:00:00.000+10:00,1.026,10,603
2014-09-04T00:00:00.000+10:00,0.897,10,603
2014-09-05T00:00:00.000+10:00,0.803,10,603
2014-09-06T00:00:00.000+10:00,0.735,10,603
2014-09-07T00:00:00.000+10:00,0.682,10,603
2014-09-08T00:00:00.000+10:00,0.639,10,603
2014-09-09T00:00:00.000+10:00,0.608,10,603
2014-09-10T00:00:00.000+10:00,0.589,10,603
2014-09-11T00:00:00.000+10:00,0.556,10,603
2014-09-12T00:00:00.000+10:00,0.532,10,603
2014-09-13T00:00:00.000+10:00,0.515,10,603
2014-09-14T00:00:00.000+10:00,0.503,10,603
2014-09-15T00:00:00.000+10:00,0.490,10,603
2014-09-16T00:00:00.000+10:00,0.487,10,603
2014-09-17T00:00:00.000+10:00,0.488,10,603
2014-09-18T00:00:00.000+10:00,0.481,10,603
2014-09-19T00:00:00.000+10:00,0.471,10,603
2014-09-20T00:00:00.000+10:00,0.463,10,603
2014-09-21T00:00:00.000+10:00,0.451,10,603
2014-09-22T00:00:00.000+10:00,0.443,10,603
2014-09-23T00:00:00.000+10:00,0.435,10,603
2014-09-24T00:00:00.000+10:00,0.427,10,603
2014-09-25T00:00:00.000+10:00,0.426,10,603
2014-09-26T00:00:00.000+10:00,0.426,10,603
2014-09-27T00:00:00.000+10:00,0.421,10,603
2014-09-28T00:00:00.000+10:00,0.414,10,603
2014-09-29T00:00:00.000+10:00,0.409,10,603
2014-09-30T00:00:00.000+10:00,0.405,10,603
2014-10-01T00:00:00.000+10:00,0.398,10,603
2014-10-02T00:00:00.000+10:00,0.392,10,603
2014-10-03T00:00:00.000+10:00,0.387,10,603
2014-10-04T00:00:00.000+10:00,0.382,10,603
2014-10-05T00:00:00.000+10:00,0.379,10,603
2014-10-06T00:00:00.000+10:00,0.377,10,603
2014-10-07T00:00:00.000+10:00,0.374,10,603
2014-10-08T00:00:00.000+10:00,0.365,10,603
2014-10-09T00:00:00.000+10:00,0.356,10,603
2014-10-10T00:00:00.000+10:00,0.351,10,603
2014-10-11T00:00:00.000+10:00,0.350,10,603
2014-10-12T00:00:00.000+10:00,0.348,10,603
2014-10-13T00:00:00.000+10:00,0.344,10,603
2014-10-14T00:00:00.000+10:00,0.361,10,603
2014-10-15T00:00:00.000+10:00,0.359,10,603
2014-10-16T00:00:00.000+10:00,0.356,10,603
2014-10-17T00:00:00.000+10:00,0.355,10,603
2014-10-18T00:00:00.000+10:00,0.352,10,603
2014-10-19T00:00:00.000+10:00,0.344,10,603
2014-10-20T00:00:00.000+10:00,0.335,10,603
2014-10-21T00:00:00.000+10:00,0.327,10,603
2014-10-22T00:00:00.000+10:00,0.321,10,603
2014-10-23T00:00:00.000+10:00,0.319,10,603
2014-10-24T00:00:00.000+10:00,0.316,10,603
2014-10-25T00:00:00.000+10:00,0.313,10,603
2014-10-26T00:00:00.000+10:00,0.309,10,603
2014-10-27T00:00:00.000+10:00,0.304,10,603
2014-10-28T00:00:00.000+10:00,0.301,10,603
2014-10-29T00:00:00.000+10:00,0.295,10,603
2014-10-30T00:00:00.000+10:00,0.288,10,603
2014-10-31T00:00:00.000+10:00,0.285,10,603
2014-11-01T00:00:00.000+10:00,0.282,10,603
2014-11-02T00:00:00.000+10:00,0.277,10,603
2014-11-03T00:00:00.000+10:00,0.271,10,603
2014-11-04T00:00:00.000+10:00,0.266,10,603
2014-11-05T00:00:00.000+10:00,0.270,10,603
2014-11-06T00:00:00.000+10:00,0.326,10,603
2014-11-07T00:00:00.000+10:00,0.364,10,603
2014-11-08T00:00:00.000+10:00,0.332,10,603
2014-11-09T00:00:00.000+10:00,0.321,10,603
2014-11-10T00:00:00.000+10:00,0.325,10,603
2014-11-11T00:00:00.000+10:00,0.320,10,603
2014-11-12T00:00:00.000+10:00,0.318,10,603
2014-11-13T00:00:00.000+10:00,0.313,10,603
2014-11-14T00:00:00.000+10:00,0.303,10,603
2014-11-15T00:00:00.000+10:00,0.295,10,603
2014-11-16T00:00:00.000+10:00,0.287,10,603
2014-11-17T00:00:00.000+10:00,0.277,10,603
2014-11-18T00:00:00.000+10:00,0.274,10,603
2014-11-19T00:00:00.000+10:00,0.256,10,603
2014-11-20T00:00:00.000+10:00,0.243,10,603
2014-11-21T00:00:00.000+10:00,0.242,10,603
2014-11-22T00:00:00.000+10:00,0.243,10,603
2014-11-23T00:00:00.000+10:00,0.234,10,603
2014-11-24T00:00:00.000+10:00,0.231,10,603
2014-11-25T00:00:00.000+10:00,0.240,10,603
2014-11-26T00:00:00.000+10:00,0.255,10,603
2014-11-27T00:00:00.000+10:00,0.254,10,603
2014-11-28T00:00:00.000+10:00,0.249,10,603
2014-11-29T00:00:00.000+10:00,0.244,10,603
2014-11-30T00:00:00.000+10:00,0.246,10,603
2014-12-01T00:00:00.000+10:00,0.254,10,603
2014-12-02T00:00:00.000+10:00,0.263,10,603
2014-12-03T00:00:00.000+10:00,0.264,10,603
2014-12-04T00:00:00.000+10:00,0.288,10,603
2014-12-05T00:00:00.000+10:00,0.337,10,603
2014-12-06T00:00:00.000+10:00,0.447,10,603
2014-12-07T00:00:00.000+10:00,0.376,10,603
2014-12-08T00:00:00.000+10:00,0.382,10,603
2014-12-09T00:00:00.000+10:00,0.382,10,603
2014-12-10T00:00:00.000+10:00,0.375,10,603
2014-12-11T00:00:00.000+10:00,0.392,10,603
2014-12-12T00:00:00.000+10:00,0.671,10,603
2014-12-13T00:00:00.000+10:00,0.982,10,603
2014-12-14T00:00:00.000+10:00,0.643,10,603
2014-12-15T00:00:00.000+10:00,0.489,10,603
2014-12-16T00:00:00.000+10:00,0.428,10,603
2014-12-17T00:00:00.000+10:00,0.405,10,603
2014-12-18T00:00:00.000+10:00,0.388,10,603
2014-12-19T00:00:00.000+10:00,0.374,10,603
2014-12-20T00:00:00.000+10:00,0.355,10,603
2014-12-21T00:00:00.000+10:00,0.342,10,603
2014-12-22T00:00:00.000+10:00,0.329,10,603
2014-12-23T00:00:00.000+10:00,0.321,10,603
2014-12-24T00:00:00.000+10:00,0.320,10,603
2014-12-25T00:00:00.000+10:00,0.320,10,603
2014-12-26T00:00:00.000+10:00,0.318,10,603
2014-12-27T00:00:00.000+10:00,0.323,10,603
2014-12-28T00:00:00.000+10:00,0.349,10,603
2014-12-29T00:00:00.000+10:00,0.382,10,603
2014-12-30T00:00:00.000+10:00,0.370,10,603
2014-12-31T00:00:00.000+10:00,0.616,10,603
2015-01-01T00:00:00.000+10:00,0.957,10,603
2015-01-02T00:00:00.000+10:00,2.600,10,603
2015-01-03T00:00:00.000+10:00,2.534,10,603
2015-01-04T00:00:00.000+10:00,1.588,10,603
2015-01-05T00:00:00.000+10:00,1.220,10,603
2015-01-06T00:00:00.000+10:00,1.078,10,603
2015-01-07T00:00:00.000+10:00,0.942,10,603
2015-01-08T00:00:00.000+10:00,0.897,10,603
2015-01-09T00:00:00.000+10:00,0.809,10,603
2015-01-10T00:00:00.000+10:00,0.703,10,603
2015-01-11T00:00:00.000+10:00,0.631,10,603
2015-01-12T00:00:00.000+10:00,0.585,10,603
2015-01-13T00:00:00.000+10:00,0.538,10,603
2015-01-14T00:00:00.000+10:00,0.512,10,603
2015-01-15T00:00:00.000+10:00,0.499,10,603
2015-01-16T00:00:00.000+10:00,0.498,10,603
2015-01-17T00:00:00.000+10:00,0.473,10,603
2015-01-18T00:00:00.000+10:00,0.451,10,603
2015-01-19T00:00:00.000+10:00,0.433,10,603
2015-01-20T00:00:00.000+10:00,0.552,10,603
2015-01-21T00:00:00.000+10:00,1.386,10,603
2015-01-22T00:00:00.000+10:00,2.160,10,603
2015-01-23T00:00:00.000+10:00,4.140,10,603
2015-01-24T00:00:00.000+10:00,5.094,10,603
2015-01-25T00:00:00.000+10:00,4.120,10,603
2015-01-26T00:00:00.000+10:00,2.715,10,603
2015-01-27T00:00:00.000+10:00,3.358,10,603
2015-01-28T00:00:00.000+10:00,6.108,10,603
2015-01-29T00:00:00.000+10:00,7.502,10,603
2015-01-30T00:00:00.000+10:00,7.302,10,603
2015-01-31T00:00:00.000+10:00,4.188,10,603
2015-02-01T00:00:00.000+10:00,2.449,10,603
2015-02-02T00:00:00.000+10:00,2.059,10,603
2015-02-03T00:00:00.000+10:00,1.849,10,603
2015-02-04T00:00:00.000+10:00,2.467,10,603
2015-02-05T00:00:00.000+10:00,2.987,10,603
2015-02-06T00:00:00.000+10:00,2.275,10,603
2015-02-07T00:00:00.000+10:00,1.843,10,603
2015-02-08T00:00:00.000+10:00,1.615,10,603
2015-02-09T00:00:00.000+10:00,1.437,10,603
2015-02-10T00:00:00.000+10:00,1.309,10,603
2015-02-11T00:00:00.000+10:00,1.220,10,603
2015-02-12T00:00:00.000+10:00,1.155,10,603
2015-02-13T00:00:00.000+10:00,1.202,10,603
2015-02-14T00:00:00.000+10:00,1.220,10,603
2015-02-15T00:00:00.000+10:00,1.109,10,603
2015-02-16T00:00:00.000+10:00,1.008,10,603
2015-02-17T00:00:00.000+10:00,0.951,10,603
2015-02-18T00:00:00.000+10:00,0.924,10,603
2015-02-19T00:00:00.000+10:00,0.875,10,603
2015-02-20T00:00:00.000+10:00,0.944,10,603
2015-02-21T00:00:00.000+10:00,2.472,10,603
2015-02-22T00:00:00.000+10:00,3.955,10,603
2015-02-23T00:00:00.000+10:00,5.433,10,603
2015-02-24T00:00:00.000+10:00,6.758,10,603
2015-02-25T00:00:00.000+10:00,6.914,10,603
2015-02-26T00:00:00.000+10:00,5.260,10,603
2015-02-27T00:00:00.000+10:00,3.290,10,603
2015-02-28T00:00:00.000+10:00,2.585,10,603
2015-03-01T00:00:00.000+10:00,2.350,10,603
2015-03-02T00:00:00.000+10:00,2.067,10,603
2015-03-03T00:00:00.000+10:00,1.837,10,603
2015-03-04T00:00:00.000+10:00,1.654,10,603
2015-03-05T00:00:00.000+10:00,1.505,10,603
2015-03-06T00:00:00.000+10:00,1.379,10,603
2015-03-07T00:00:00.000+10:00,1.274,10,603
2015-03-08T00:00:00.000+10:00,1.189,10,603
2015-03-09T00:00:00.000+10:00,1.233,10,603
2015-03-10T00:00:00.000+10:00,1.466,10,603
2015-03-11T00:00:00.000+10:00,1.526,10,603
2015-03-12T00:00:00.000+10:00,1.278,10,603
2015-03-13T00:00:00.000+10:00,1.129,10,603
2015-03-14T00:00:00.000+10:00,1.038,10,603
2015-03-15T00:00:00.000+10:00,1.141,10,603
2015-03-16T00:00:00.000+10:00,1.500,10,603
2015-03-17T00:00:00.000+10:00,1.220,10,603
2015-03-18T00:00:00.000+10:00,1.082,10,603
2015-03-19T00:00:00.000+10:00,0.998,10,603
2015-03-20T00:00:00.000+10:00,0.933,10,603
2015-03-21T00:00:00.000+10:00,0.880,10,603
2015-03-22T00:00:00.000+10:00,0.878,10,603
2015-03-23T00:00:00.000+10:00,0.831,10,603
2015-03-24T00:00:00.000+10:00,0.771,10,603
2015-03-25T00:00:00.000+10:00,0.756,10,603
2015-03-26T00:00:00.000+10:00,0.746,10,603
2015-03-27T00:00:00.000+10:00,0.720,10,603
2015-03-28T00:00:00.000+10:00,0.695,10,603
2015-03-29T00:00:00.000+10:00,0.670,10,603
2015-03-30T00:00:00.000+10:00,0.650,10,603
2015-03-31T00:00:00.000+10:00,0.814,10,603
2015-04-01T00:00:00.000+10:00,0.725,10,603
2015-04-02T00:00:00.000+10:00,0.693,10,603
2015-04-03T00:00:00.000+10:00,0.776,110,603
2015-04-04T00:00:00.000+10:00,1.009,110,603
2015-04-05T00:00:00.000+10:00,1.069,110,603
2015-04-06T00:00:00.000+10:00,1.276,110,603
2015-04-07T00:00:00.000+10:00,2.170,110,603
2015-04-08T00:00:00.000+10:00,2.869,110,603
2015-04-09T00:00:00.000+10:00,1.840,110,603
2015-04-10T00:00:00.000+10:00,1.390,10,603
2015-04-11T00:00:00.000+10:00,1.252,10,603
2015-04-12T00:00:00.000+10:00,1.171,10,603
2015-04-13T00:00:00.000+10:00,1.090,10,603
2015-04-14T00:00:00.000+10:00,1.010,10,603
2015-04-15T00:00:00.000+10:00,0.929,10,603
2015-04-16T00:00:00.000+10:00,0.848,10,603
2015-04-17T00:00:00.000+10:00,0.775,10,603
2015-04-18T00:00:00.000+10:00,0.736,10,603
2015-04-19T00:00:00.000+10:00,0.715,10,603
2015-04-20T00:00:00.000+10:00,0.714,10,603
2015-04-21T00:00:00.000+10:00,0.859,10,603
2015-04-22T00:00:00.000+10:00,0.938,10,603
2015-04-23T00:00:00.000+10:00,1.020,10,603
2015-04-24T00:00:00.000+10:00,0.871,10,603
2015-04-25T00:00:00.000+10:00,0.770,10,603
2015-04-26T00:00:00.000+10:00,0.702,10,603
2015-04-27T00:00:00.000+10:00,0.660,10,603
2015-04-28T00:00:00.000+10:00,0.628,10,603
2015-04-29T00:00:00.000+10:00,0.599,10,603
2015-04-30T00:00:00.000+10:00,0.591,10,603
2015-05-01T00:00:00.000+10:00,1.282,10,603
2015-05-02T00:00:00.000+10:00,7.203,10,603
2015-05-03T00:00:00.000+10:00,9.587,10,603
2015-05-04T00:00:00.000+10:00,11.841,10,603
2015-05-05T00:00:00.000+10:00,11.219,10,603
2015-05-06T00:00:00.000+10:00,7.925,10,603
2015-05-07T00:00:00.000+10:00,3.693,10,603
2015-05-08T00:00:00.000+10:00,2.441,10,603
2015-05-09T00:00:00.000+10:00,2.058,110,603
2015-05-10T00:00:00.000+10:00,1.820,10,603
2015-05-11T00:00:00.000+10:00,1.651,10,603
2015-05-12T00:00:00.000+10:00,1.522,10,603
2015-05-13T00:00:00.000+10:00,1.411,10,603
2015-05-14T00:00:00.000+10:00,1.320,10,603
2015-05-15T00:00:00.000+10:00,1.259,10,603
2015-05-16T00:00:00.000+10:00,1.192,10,603
2015-05-17T00:00:00.000+10:00,1.137,110,603
2015-05-18T00:00:00.000+10:00,1.103,10,603
2015-05-19T00:00:00.000+10:00,1.088,10,603
2015-05-20T00:00:00.000+10:00,1.081,10,603
2015-05-21T00:00:00.000+10:00,1.113,10,603
2015-05-22T00:00:00.000+10:00,1.413,10,603
2015-05-23T00:00:00.000+10:00,1.372,10,603
2015-05-24T00:00:00.000+10:00,1.273,10,603
2015-05-25T00:00:00.000+10:00,1.127,10,603
2015-05-26T00:00:00.000+10:00,1.024,10,603
2015-05-27T00:00:00.000+10:00,0.950,10,603
2015-05-28T00:00:00.000+10:00,0.915,10,603
2015-05-29T00:00:00.000+10:00,0.883,10,603
2015-05-30T00:00:00.000+10:00,0.864,10,603
2015-05-31T00:00:00.000+10:00,0.857,10,603
2015-06-01T00:00:00.000+10:00,0.835,10,603
2015-06-02T00:00:00.000+10:00,0.823,10,603
2015-06-03T00:00:00.000+10:00,0.813,10,603
2015-06-04T00:00:00.000+10:00,0.788,10,603
2015-06-05T00:00:00.000+10:00,0.758,10,603
2015-06-06T00:00:00.000+10:00,0.743,10,603
2015-06-07T00:00:00.000+10:00,0.728,10,603
2015-06-08T00:00:00.000+10:00,0.716,10,603
2015-06-09T00:00:00.000+10:00,0.705,10,603
2015-06-10T00:00:00.000+10:00,0.698,10,603
2015-06-11T00:00:00.000+10:00,0.688,10,603
2015-06-12T00:00:00.000+10:00,0.669,10,603
2015-06-13T00:00:00.000+10:00,0.662,10,603
2015-06-14T00:00:00.000+10:00,0.661,10,603
2015-06-15T00:00:00.000+10:00,0.670,10,603
2015-06-16T00:00:00.000+10:00,0.670,10,603
2015-06-17T00:00:00.000+10:00,0.678,10,603
2015-06-18T00:00:00.000+10:00,0.694,10,603
2015-06-19T00:00:00.000+10:00,0.710,10,603
2015-06-20T00:00:00.000+10:00,0.703,10,603
2015-06-21T00:00:00.000+10:00,0.679,10,603
2015-06-22T00:00:00.000+10:00,0.652,10,603
2015-06-23T00:00:00.000+10:00,0.630,10,603
2015-06-24T00:00:00.000+10:00,0.614,10,603
2015-06-25T00:00:00.000+10:00,0.604,10,603
2015-06-26T00:00:00.000+10:00,0.595,10,603
2015-06-27T00:00:00.000+10:00,0.589,10,603
2015-06-28T00:00:00.000+10:00,0.580,10,603
2015-06-29T00:00:00.000+10:00,0.573,10,603
2015-06-30T00:00:00.000+10:00,0.566,10,603
2015-07-01T00:00:00.000+10:00,0.562,10,603
2015-07-02T00:00:00.000+10:00,0.556,10,603
2015-07-03T00:00:00.000+10:00,0.549,10,603
2015-07-04T00:00:00.000+10:00,0.542,10,603
2015-07-05T00:00:00.000+10:00,0.536,10,603
2015-07-06T00:00:00.000+10:00,0.531,10,603
2015-07-07T00:00:00.000+10:00,0.526,10,603
2015-07-08T00:00:00.000+10:00,0.519,10,603
2015-07-09T00:00:00.000+10:00,0.516,10,603
2015-07-10T00:00:00.000+10:00,0.515,10,603
2015-07-11T00:00:00.000+10:00,0.511,10,603
2015-07-12T00:00:00.000+10:00,0.508,10,603
2015-07-13T00:00:00.000+10:00,0.501,10,603
2015-07-14T00:00:00.000+10:00,0.495,10,603
2015-07-15T00:00:00.000+10:00,0.488,10,603
2015-07-16T00:00:00.000+10:00,0.482,10,603
2015-07-17T00:00:00.000+10:00,0.477,10,603
2015-07-18T00:00:00.000+10:00,0.472,10,603
2015-07-19T00:00:00.000+10:00,0.469,10,603
2015-07-20T00:00:00.000+10:00,0.466,10,603
2015-07-21T00:00:00.000+10:00,0.467,10,603
2015-07-22T00:00:00.000+10:00,0.471,10,603
2015-07-23T00:00:00.000+10:00,0.493,10,603
2015-07-24T00:00:00.000+10:00,0.513,10,603
2015-07-25T00:00:00.000+10:00,0.520,10,603
2015-07-26T00:00:00.000+10:00,0.529,10,603
2015-07-27T00:00:00.000+10:00,0.524,10,603
2015-07-28T00:00:00.000+10:00,0.508,10,603
2015-07-29T00:00:00.000+10:00,0.492,10,603
2015-07-30T00:00:00.000+10:00,0.481,10,603
2015-07-31T00:00:00.000+10:00,0.473,10,603
2015-08-01T00:00:00.000+10:00,0.466,10,603
2015-08-02T00:00:00.000+10:00,0.462,10,603
2015-08-03T00:00:00.000+10:00,0.458,10,603
2015-08-04T00:00:00.000+10:00,0.452,10,603
2015-08-05T00:00:00.000+10:00,0.446,10,603
2015-08-06T00:00:00.000+10:00,0.441,10,603
2015-08-07T00:00:00.000+10:00,0.436,10,603
2015-08-08T00:00:00.000+10:00,0.431,10,603
2015-08-09T00:00:00.000+10:00,0.427,10,603
2015-08-10T00:00:00.000+10:00,0.424,10,603
2015-08-11T00:00:00.000+10:00,0.421,10,603
2015-08-12T00:00:00.000+10:00,0.420,10,603
2015-08-13T00:00:00.000+10:00,0.417,10,603
2015-08-14T00:00:00.000+10:00,0.411,10,603
2015-08-15T00:00:00.000+10:00,0.409,10,603
2015-08-16T00:00:00.000+10:00,0.407,10,603
2015-08-17T00:00:00.000+10:00,0.408,10,603
2015-08-18T00:00:00.000+10:00,0.403,10,603
2015-08-19T00:00:00.000+10:00,0.401,10,603
2015-08-20T00:00:00.000+10:00,0.399,10,603
2015-08-21T00:00:00.000+10:00,0.399,10,603
2015-08-22T00:00:00.000+10:00,0.400,10,603
2015-08-23T00:00:00.000+10:00,0.402,10,603
2015-08-24T00:00:00.000+10:00,0.434,10,603
2015-08-25T00:00:00.000+10:00,0.501,10,603
2015-08-26T00:00:00.000+10:00,0.514,10,603
2015-08-27T00:00:00.000+10:00,0.553,10,603
2015-08-28T00:00:00.000+10:00,0.522,10,603
2015-08-29T00:00:00.000+10:00,0.492,10,603
2015-08-30T00:00:00.000+10:00,0.472,10,603
2015-08-31T00:00:00.000+10:00,0.454,10,603
2015-09-01T00:00:00.000+10:00,0.437,10,603
2015-09-02T00:00:00.000+10:00,0.423,10,603
2015-09-03T00:00:00.000+10:00,0.419,10,603
2015-09-04T00:00:00.000+10:00,0.410,10,603
2015-09-05T00:00:00.000+10:00,0.406,10,603
2015-09-06T00:00:00.000+10:00,0.404,110,603
2015-09-07T00:00:00.000+10:00,0.404,110,603
2015-09-08T00:00:00.000+10:00,0.400,110,603
2015-09-09T00:00:00.000+10:00,0.396,110,603
2015-09-10T00:00:00.000+10:00,0.392,110,603
2015-09-11T00:00:00.000+10:00,0.389,110,603
2015-09-12T00:00:00.000+10:00,0.380,10,603
2015-09-13T00:00:00.000+10:00,0.373,10,603
2015-09-14T00:00:00.000+10:00,0.368,10,603
2015-09-15T00:00:00.000+10:00,0.363,10,603
2015-09-16T00:00:00.000+10:00,0.360,10,603
2015-09-17T00:00:00.000+10:00,0.368,10,603
2015-09-18T00:00:00.000+10:00,0.379,10,603
2015-09-19T00:00:00.000+10:00,0.406,10,603
2015-09-20T00:00:00.000+10:00,0.477,10,603
2015-09-21T00:00:00.000+10:00,0.458,10,603
2015-09-22T00:00:00.000+10:00,0.457,10,603
2015-09-23T00:00:00.000+10:00,0.452,10,603
2015-09-24T00:00:00.000+10:00,0.437,10,603
2015-09-25T00:00:00.000+10:00,0.420,10,603
2015-09-26T00:00:00.000+10:00,0.409,10,603
2015-09-27T00:00:00.000+10:00,0.400,10,603
2015-09-28T00:00:00.000+10:00,0.395,10,603
2015-09-29T00:00:00.000+10:00,0.392,10,603
2015-09-30T00:00:00.000+10:00,0.431,10,603
2015-10-01T00:00:00.000+10:00,0.434,10,603
2015-10-02T00:00:00.000+10:00,0.415,10,603
2015-10-03T00:00:00.000+10:00,0.400,10,603
2015-10-04T00:00:00.000+10:00,0.386,10,603
2015-10-05T00:00:00.000+10:00,0.379,10,603
2015-10-06T00:00:00.000+10:00,0.371,10,603
2015-10-07T00:00:00.000+10:00,0.363,10,603
2015-10-08T00:00:00.000+10:00,0.356,10,603
2015-10-09T00:00:00.000+10:00,0.350,10,603
2015-10-10T00:00:00.000+10:00,0.349,10,603
2015-10-11T00:00:00.000+10:00,0.340,10,603
2015-10-12T00:00:00.000+10:00,0.344,10,603
2015-10-13T00:00:00.000+10:00,0.342,10,603
2015-10-14T00:00:00.000+10:00,0.345,10,603
2015-10-15T00:00:00.000+10:00,0.340,10,603
2015-10-16T00:00:00.000+10:00,0.335,10,603
2015-10-17T00:00:00.000+10:00,0.330,10,603
2015-10-18T00:00:00.000+10:00,0.327,10,603
2015-10-19T00:00:00.000+10:00,0.323,10,603
2015-10-20T00:00:00.000+10:00,0.320,10,603
2015-10-21T00:00:00.000+10:00,0.318,10,603
2015-10-22T00:00:00.000+10:00,0.320,10,603
2015-10-23T00:00:00.000+10:00,0.332,10,603
2015-10-24T00:00:00.000+10:00,0.329,10,603
2015-10-25T00:00:00.000+10:00,0.321,10,603
2015-10-26T00:00:00.000+10:00,0.327,10,603
2015-10-27T00:00:00.000+10:00,0.338,10,603
2015-10-28T00:00:00.000+10:00,0.339,10,603
2015-10-29T00:00:00.000+10:00,0.333,10,603
2015-10-30T00:00:00.000+10:00,0.356,10,603
2015-10-31T00:00:00.000+10:00,0.345,10,603
2015-11-01T00:00:00.000+10:00,0.332,10,603
2015-11-02T00:00:00.000+10:00,0.330,10,603
2015-11-03T00:00:00.000+10:00,0.326,10,603
2015-11-04T00:00:00.000+10:00,0.324,10,603
2015-11-05T00:00:00.000+10:00,0.355,10,603
2015-11-06T00:00:00.000+10:00,0.375,10,603
2015-11-07T00:00:00.000+10:00,0.405,10,603
2015-11-08T00:00:00.000+10:00,0.420,10,603
2015-11-09T00:00:00.000+10:00,0.399,10,603
2015-11-10T00:00:00.000+10:00,0.369,10,603
2015-11-11T00:00:00.000+10:00,0.354,10,603
2015-11-12T00:00:00.000+10:00,0.355,10,603
2015-11-13T00:00:00.000+10:00,0.372,10,603
2015-11-14T00:00:00.000+10:00,0.380,10,603
2015-11-15T00:00:00.000+10:00,0.390,10,603
2015-11-16T00:00:00.000+10:00,0.400,10,603
2015-11-17T00:00:00.000+10:00,0.540,10,603
2015-11-18T00:00:00.000+10:00,0.561,10,603
2015-11-19T00:00:00.000+10:00,0.539,10,603
2015-11-20T00:00:00.000+10:00,0.493,10,603
2015-11-21T00:00:00.000+10:00,0.457,10,603
2015-11-22T00:00:00.000+10:00,0.432,10,603
2015-11-23T00:00:00.000+10:00,0.419,10,603
2015-11-24T00:00:00.000+10:00,0.401,10,603
2015-11-25T00:00:00.000+10:00,0.384,10,603
2015-11-26T00:00:00.000+10:00,0.367,10,603
2015-11-27T00:00:00.000+10:00,0.352,10,603
2015-11-28T00:00:00.000+10:00,0.347,10,603
2015-11-29T00:00:00.000+10:00,0.373,10,603
2015-11-30T00:00:00.000+10:00,0.375,10,603
2015-12-01T00:00:00.000+10:00,0.392,10,603
2015-12-02T00:00:00.000+10:00,0.418,10,603
2015-12-03T00:00:00.000+10:00,0.498,10,603
2015-12-04T00:00:00.000+10:00,0.523,10,603
2015-12-05T00:00:00.000+10:00,0.730,10,603
2015-12-06T00:00:00.000+10:00,0.814,10,603
2015-12-07T00:00:00.000+10:00,0.675,10,603
2015-12-08T00:00:00.000+10:00,0.594,10,603
2015-12-09T00:00:00.000+10:00,0.540,10,603
2015-12-10T00:00:00.000+10:00,0.647,10,603
2015-12-11T00:00:00.000+10:00,0.578,10,603
2015-12-12T00:00:00.000+10:00,0.491,10,603
2015-12-13T00:00:00.000+10:00,0.463,10,603
2015-12-14T00:00:00.000+10:00,0.440,10,603
2015-12-15T00:00:00.000+10:00,0.425,10,603
2015-12-16T00:00:00.000+10:00,0.407,10,603
2015-12-17T00:00:00.000+10:00,0.394,10,603
2015-12-18T00:00:00.000+10:00,0.396,10,603
2015-12-19T00:00:00.000+10:00,0.387,10,603
2015-12-20T00:00:00.000+10:00,0.377,10,603
2015-12-21T00:00:00.000+10:00,0.371,10,603
2015-12-22T00:00:00.000+10:00,0.360,10,603
2015-12-23T00:00:00.000+10:00,0.355,10,603
2015-12-24T00:00:00.000+10:00,0.347,10,603
2015-12-25T00:00:00.000+10:00,0.336,10,603
2015-12-26T00:00:00.000+10:00,0.340,10,603
2015-12-27T00:00:00.000+10:00,0.711,10,603
2015-12-28T00:00:00.000+10:00,0.733,10,603
2015-12-29T00:00:00.000+10:00,0.609,10,603
2015-12-30T00:00:00.000+10:00,0.545,10,603
2015-12-31T00:00:00.000+10:00,0.504,10,603
2016-01-01T00:00:00.000+10:00,0.471,10,603
2016-01-02T00:00:00.000+10:00,0.448,10,603
2016-01-03T00:00:00.000+10:00,0.424,10,603
2016-01-04T00:00:00.000+10:00,0.408,10,603
2016-01-05T00:00:00.000+10:00,0.394,10,603
2016-01-06T00:00:00.000+10:00,0.402,10,603
2016-01-07T00:00:00.000+10:00,0.412,10,603
2016-01-08T00:00:00.000+10:00,0.391,10,603
2016-01-09T00:00:00.000+10:00,0.390,10,603
2016-01-10T00:00:00.000+10:00,0.387,10,603
2016-01-11T00:00:00.000+10:00,0.377,10,603
2016-01-12T00:00:00.000+10:00,0.363,10,603
2016-01-13T00:00:00.000+10:00,0.353,10,603
2016-01-14T00:00:00.000+10:00,0.346,10,603
2016-01-15T00:00:00.000+10:00,0.345,10,603
2016-01-16T00:00:00.000+10:00,0.347,10,603
2016-01-17T00:00:00.000+10:00,0.342,10,603
2016-01-18T00:00:00.000+10:00,0.334,10,603
2016-01-19T00:00:00.000+10:00,0.330,10,603
2016-01-20T00:00:00.000+10:00,0.327,10,603
2016-01-21T00:00:00.000+10:00,0.327,10,603
2016-01-22T00:00:00.000+10:00,0.331,10,603
2016-01-23T00:00:00.000+10:00,0.326,10,603
2016-01-24T00:00:00.000+10:00,0.330,10,603
2016-01-25T00:00:00.000+10:00,0.339,10,603
2016-01-26T00:00:00.000+10:00,0.372,10,603
2016-01-27T00:00:00.000+10:00,0.390,10,603
2016-01-28T00:00:00.000+10:00,0.354,10,603
2016-01-29T00:00:00.000+10:00,0.348,10,603
2016-01-30T00:00:00.000+10:00,0.378,10,603
2016-01-31T00:00:00.000+10:00,0.418,10,603
2016-02-01T00:00:00.000+10:00,0.412,10,603
2016-02-02T00:00:00.000+10:00,0.398,10,603
2016-02-03T00:00:00.000+10:00,0.398,10,603
2016-02-04T00:00:00.000+10:00,0.388,10,603
2016-02-05T00:00:00.000+10:00,0.385,10,603
2016-02-06T00:00:00.000+10:00,0.374,10,603
2016-02-07T00:00:00.000+10:00,0.373,10,603
2016-02-08T00:00:00.000+10:00,0.373,10,603
2016-02-09T00:00:00.000+10:00,0.365,10,603
2016-02-10T00:00:00.000+10:00,0.424,10,603
2016-02-11T00:00:00.000+10:00,0.453,10,603
2016-02-12T00:00:00.000+10:00,0.425,10,603
2016-02-13T00:00:00.000+10:00,0.404,10,603
2016-02-14T00:00:00.000+10:00,0.390,10,603
2016-02-15T00:00:00.000+10:00,0.380,10,603
2016-02-16T00:00:00.000+10:00,0.370,10,603
2016-02-17T00:00:00.000+10:00,0.360,10,603
2016-02-18T00:00:00.000+10:00,0.354,10,603
2016-02-19T00:00:00.000+10:00,0.337,10,603
2016-02-20T00:00:00.000+10:00,0.325,10,603
2016-02-21T00:00:00.000+10:00,0.323,10,603
2016-02-22T00:00:00.000+10:00,0.335,10,603
2016-02-23T00:00:00.000+10:00,0.318,10,603
2016-02-24T00:00:00.000+10:00,0.307,10,603
2016-02-25T00:00:00.000+10:00,0.300,10,603
2016-02-26T00:00:00.000+10:00,0.294,10,603
2016-02-27T00:00:00.000+10:00,0.291,10,603
2016-02-28T00:00:00.000+10:00,0.287,10,603
2016-02-29T00:00:00.000+10:00,0.280,10,603
2016-03-01T00:00:00.000+10:00,0.270,10,603
2016-03-02T00:00:00.000+10:00,0.265,10,603
2016-03-03T00:00:00.000+10:00,0.268,10,603
2016-03-04T00:00:00.000+10:00,0.271,10,603
2016-03-05T00:00:00.000+10:00,0.269,10,603
2016-03-06T00:00:00.000+10:00,0.263,10,603
2016-03-07T00:00:00.000+10:00,0.264,10,603
2016-03-08T00:00:00.000+10:00,0.265,10,603
2016-03-09T00:00:00.000+10:00,0.278,10,603
2016-03-10T00:00:00.000+10:00,0.294,10,603
2016-03-11T00:00:00.000+10:00,0.283,10,603
2016-03-12T00:00:00.000+10:00,0.277,10,603
2016-03-13T00:00:00.000+10:00,0.281,10,603
2016-03-14T00:00:00.000+10:00,0.287,10,603
2016-03-15T00:00:00.000+10:00,0.279,10,603
2016-03-16T00:00:00.000+10:00,0.267,10,603
2016-03-17T00:00:00.000+10:00,0.264,10,603
2016-03-18T00:00:00.000+10:00,0.266,10,603
2016-03-19T00:00:00.000+10:00,0.267,10,603
2016-03-20T00:00:00.000+10:00,0.275,10,603
2016-03-21T00:00:00.000+10:00,0.275,10,603
2016-03-22T00:00:00.000+10:00,0.265,10,603
2016-03-23T00:00:00.000+10:00,0.256,10,603
2016-03-24T00:00:00.000+10:00,0.247,10,603
2016-03-25T00:00:00.000+10:00,0.240,10,603
2016-03-26T00:00:00.000+10:00,0.242,10,603
2016-03-27T00:00:00.000+10:00,0.253,10,603
2016-03-28T00:00:00.000+10:00,0.266,10,603
2016-03-29T00:00:00.000+10:00,0.254,10,603
2016-03-30T00:00:00.000+10:00,0.252,10,603
2016-03-31T00:00:00.000+10:00,0.248,10,603
2016-04-01T00:00:00.000+10:00,0.239,10,603
2016-04-02T00:00:00.000+10:00,0.233,10,603
2016-04-03T00:00:00.000+10:00,0.222,10,603
2016-04-04T00:00:00.000+10:00,0.221,10,603
2016-04-05T00:00:00.000+10:00,0.219,10,603
2016-04-06T00:00:00.000+10:00,0.214,10,603
2016-04-07T00:00:00.000+10:00,0.211,10,603
2016-04-08T00:00:00.000+10:00,0.209,10,603
2016-04-09T00:00:00.000+10:00,0.230,10,603
2016-04-10T00:00:00.000+10:00,0.262,10,603
2016-04-11T00:00:00.000+10:00,0.245,10,603
2016-04-12T00:00:00.000+10:00,0.233,10,603
2016-04-13T00:00:00.000+10:00,0.238,10,603
2016-04-14T00:00:00.000+10:00,0.237,10,603
2016-04-15T00:00:00.000+10:00,0.229,10,603
2016-04-16T00:00:00.000+10:00,0.223,10,603
2016-04-17T00:00:00.000+10:00,0.214,10,603
2016-04-18T00:00:00.000+10:00,0.214,10,603
2016-04-19T00:00:00.000+10:00,0.213,10,603
2016-04-20T00:00:00.000+10:00,0.216,10,603
2016-04-21T00:00:00.000+10:00,0.221,10,603
2016-04-22T00:00:00.000+10:00,0.224,10,603
2016-04-23T00:00:00.000+10:00,0.221,10,603
2016-04-24T00:00:00.000+10:00,0.217,10,603
2016-04-25T00:00:00.000+10:00,0.228,10,603
2016-04-26T00:00:00.000+10:00,0.230,140,603
2016-04-27T00:00:00.000+10:00,0.233,90,603
2016-04-28T00:00:00.000+10:00,0.233,90,603
2016-04-29T00:00:00.000+10:00,0.238,90,603
2016-04-30T00:00:00.000+10:00,0.249,90,603
2016-05-01T00:00:00.000+10:00,0.292,90,603
2016-05-02T00:00:00.000+10:00,0.327,90,603
2016-05-03T00:00:00.000+10:00,0.323,90,603
2016-05-04T00:00:00.000+10:00,0.310,90,603
2016-05-05T00:00:00.000+10:00,0.293,90,603
2016-05-06T00:00:00.000+10:00,0.286,90,603
2016-05-07T00:00:00.000+10:00,0.281,90,603
2016-05-08T00:00:00.000+10:00,0.282,90,603
2016-05-09T00:00:00.000+10:00,0.283,90,603
2016-05-10T00:00:00.000+10:00,0.274,90,603
2016-05-11T00:00:00.000+10:00,0.263,90,603
2016-05-12T00:00:00.000+10:00,0.254,90,603
2016-05-13T00:00:00.000+10:00,0.256,90,603
2016-05-14T00:00:00.000+10:00,0.258,90,603
2016-05-15T00:00:00.000+10:00,0.257,90,603
2016-05-16T00:00:00.000+10:00,0.253,90,603
2016-05-17T00:00:00.000+10:00,0.249,90,603
2016-05-18T00:00:00.000+10:00,0.244,90,603
2016-05-19T00:00:00.000+10:00,0.246,90,603
2016-05-20T00:00:00.000+10:00,0.241,90,603
2016-05-21T00:00:00.000+10:00,0.238,90,603
2016-05-22T00:00:00.000+10:00,0.239,90,603
2016-05-23T00:00:00.000+10:00,0.238,90,603
2016-05-24T00:00:00.000+10:00,0.236,90,603
2016-05-25T00:00:00.000+10:00,0.228,90,603
2016-05-26T00:00:00.000+10:00,0.225,90,603
2016-05-27T00:00:00.000+10:00,0.251,90,603
2016-05-28T00:00:00.000+10:00,0.235,90,603
2016-05-29T00:00:00.000+10:00,0.228,90,603
2016-05-30T00:00:00.000+10:00,0.213,90,603
2016-05-31T00:00:00.000+10:00,0.206,90,603
2016-06-01T00:00:00.000+10:00,0.206,90,603
2016-06-02T00:00:00.000+10:00,0.209,90,603
2016-06-03T00:00:00.000+10:00,0.212,90,603
2016-06-04T00:00:00.000+10:00,0.319,90,603
2016-06-05T00:00:00.000+10:00,4.266,90,603
2016-06-06T00:00:00.000+10:00,5.066,90,603
2016-06-07T00:00:00.000+10:00,7.633,90,603
2016-06-08T00:00:00.000+10:00,6.877,90,603
2016-06-09T00:00:00.000+10:00,2.616,90,603
2016-06-10T00:00:00.000+10:00,1.590,90,603
2016-06-11T00:00:00.000+10:00,1.296,90,603
2016-06-12T00:00:00.000+10:00,1.113,90,603
2016-06-13T00:00:00.000+10:00,0.981,90,603
2016-06-14T00:00:00.000+10:00,0.882,90,603
2016-06-15T00:00:00.000+10:00,0.827,90,603
2016-06-16T00:00:00.000+10:00,0.767,90,603
2016-06-17T00:00:00.000+10:00,0.711,90,603
2016-06-18T00:00:00.000+10:00,0.667,90,603
2016-06-19T00:00:00.000+10:00,0.858,90,603
2016-06-20T00:00:00.000+10:00,2.849,90,603
2016-06-21T00:00:00.000+10:00,2.722,90,603
2016-06-22T00:00:00.000+10:00,2.340,90,603
2016-06-23T00:00:00.000+10:00,1.707,90,603
2016-06-24T00:00:00.000+10:00,1.365,90,603
2016-06-25T00:00:00.000+10:00,1.140,90,603
2016-06-26T00:00:00.000+10:00,0.986,90,603
2016-06-27T00:00:00.000+10:00,0.888,90,603
2016-06-28T00:00:00.000+10:00,0.801,90,603
2016-06-29T00:00:00.000+10:00,0.740,90,603
2016-06-30T00:00:00.000+10:00,0.702,90,603
2016-07-01T00:00:00.000+10:00,0.671,90,603
2016-07-02T00:00:00.000+10:00,0.638,90,603
2016-07-03T00:00:00.000+10:00,0.610,90,603
2016-07-04T00:00:00.000+10:00,0.588,90,603
2016-07-05T00:00:00.000+10:00,0.589,90,603
2016-07-06T00:00:00.000+10:00,0.586,90,603
2016-07-07T00:00:00.000+10:00,0.572,90,603
2016-07-08T00:00:00.000+10:00,0.575,90,603
2016-07-09T00:00:00.000+10:00,0.559,90,603
2016-07-10T00:00:00.000+10:00,0.547,90,603
2016-07-11T00:00:00.000+10:00,0.538,90,603
2016-07-12T00:00:00.000+10:00,0.524,90,603
2016-07-13T00:00:00.000+10:00,0.510,90,603
2016-07-14T00:00:00.000+10:00,0.492,90,603
2016-07-15T00:00:00.000+10:00,0.485,90,603
2016-07-16T00:00:00.000+10:00,0.481,90,603
2016-07-17T00:00:00.000+10:00,0.476,90,603
2016-07-18T00:00:00.000+10:00,0.471,90,603
2016-07-19T00:00:00.000+10:00,0.466,90,603
2016-07-20T00:00:00.000+10:00,0.462,90,603
2016-07-21T00:00:00.000+10:00,0.459,90,603
2016-07-22T00:00:00.000+10:00,0.463,90,603
2016-07-23T00:00:00.000+10:00,0.460,90,603
2016-07-24T00:00:00.000+10:00,0.447,90,603
2016-07-25T00:00:00.000+10:00,0.449,90,603
2016-07-26T00:00:00.000+10:00,0.446,90,603
2016-07-27T00:00:00.000+10:00,0.441,90,603
2016-07-28T00:00:00.000+10:00,0.434,90,603
2016-07-29T00:00:00.000+10:00,0.430,90,603
2016-07-30T00:00:00.000+10:00,0.427,90,603
2016-07-31T00:00:00.000+10:00,0.424,90,603
2016-08-01T00:00:00.000+10:00,0.421,90,603
2016-08-02T00:00:00.000+10:00,0.419,90,603
2016-08-03T00:00:00.000+10:00,0.444,90,603
2016-08-04T00:00:00.000+10:00,0.920,90,603
2016-08-05T00:00:00.000+10:00,3.175,90,603
2016-08-06T00:00:00.000+10:00,4.291,90,603
2016-08-07T00:00:00.000+10:00,2.544,90,603
2016-08-08T00:00:00.000+10:00,1.696,90,603
2016-08-09T00:00:00.000+10:00,1.377,90,603
2016-08-10T00:00:00.000+10:00,1.192,90,603
2016-08-11T00:00:00.000+10:00,1.057,90,603
2016-08-12T00:00:00.000+10:00,0.963,90,603
2016-08-13T00:00:00.000+10:00,0.886,90,603
2016-08-14T00:00:00.000+10:00,0.822,90,603
2016-08-15T00:00:00.000+10:00,0.771,90,603
2016-08-16T00:00:00.000+10:00,0.716,90,603
2016-08-17T00:00:00.000+10:00,0.673,90,603
2016-08-18T00:00:00.000+10:00,0.649,90,603
2016-08-19T00:00:00.000+10:00,0.638,90,603
2016-08-20T00:00:00.000+10:00,0.613,90,603
2016-08-21T00:00:00.000+10:00,0.591,90,603
2016-08-22T00:00:00.000+10:00,0.576,90,603
2016-08-23T00:00:00.000+10:00,0.573,90,603
2016-08-24T00:00:00.000+10:00,0.837,90,603
2016-08-25T00:00:00.000+10:00,1.150,90,603
2016-08-26T00:00:00.000+10:00,1.085,90,603
2016-08-27T00:00:00.000+10:00,1.046,90,603
2016-08-28T00:00:00.000+10:00,0.927,90,603
2016-08-29T00:00:00.000+10:00,0.817,90,603
2016-08-30T00:00:00.000+10:00,0.741,90,603
2016-08-31T00:00:00.000+10:00,0.683,90,603
2016-09-01T00:00:00.000+10:00,0.641,90,603
2016-09-02T00:00:00.000+10:00,0.629,90,603
2016-09-03T00:00:00.000+10:00,0.605,90,603
2016-09-04T00:00:00.000+10:00,0.582,90,603
2016-09-05T00:00:00.000+10:00,0.564,90,603
2016-09-06T00:00:00.000+10:00,0.548,90,603
2016-09-07T00:00:00.000+10:00,0.537,90,603
2016-09-08T00:00:00.000+10:00,0.533,90,603
2016-09-09T00:00:00.000+10:00,0.527,90,603
2016-09-10T00:00:00.000+10:00,0.535,90,603
2016-09-11T00:00:00.000+10:00,0.531,90,603
2016-09-12T00:00:00.000+10:00,0.528,90,603
2016-09-13T00:00:00.000+10:00,0.523,90,603
2016-09-14T00:00:00.000+10:00,0.513,90,603
2016-09-15T00:00:00.000+10:00,0.514,90,603
2016-09-16T00:00:00.000+10:00,0.527,90,603
2016-09-17T00:00:00.000+10:00,0.524,90,603
2016-09-18T00:00:00.000+10:00,0.522,90,603
2016-09-19T00:00:00.000+10:00,0.527,90,603
2016-09-20T00:00:00.000+10:00,0.519,90,603
2016-09-21T00:00:00.000+10:00,0.513,90,603
2016-09-22T00:00:00.000+10:00,0.508,90,603
2016-09-23T00:00:00.000+10:00,0.499,90,603
2016-09-24T00:00:00.000+10:00,0.490,90,603
2016-09-25T00:00:00.000+10:00,0.483,90,603
2016-09-26T00:00:00.000+10:00,0.471,90,603
2016-09-27T00:00:00.000+10:00,0.461,90,603
2016-09-28T00:00:00.000+10:00,0.451,90,603
2016-09-29T00:00:00.000+10:00,0.444,90,603
2016-09-30T00:00:00.000+10:00,0.438,90,603
2016-10-01T00:00:00.000+10:00,0.429,90,603
2016-10-02T00:00:00.000+10:00,0.422,90,603
2016-10-03T00:00:00.000+10:00,0.418,90,603
2016-10-04T00:00:00.000+10:00,0.415,90,603
2016-10-05T00:00:00.000+10:00,0.408,90,603
2016-10-06T00:00:00.000+10:00,0.401,90,603
2016-10-07T00:00:00.000+10:00,0.396,90,603
2016-10-08T00:00:00.000+10:00,0.393,90,603
2016-10-09T00:00:00.000+10:00,0.389,90,603
2016-10-10T00:00:00.000+10:00,0.389,90,603
2016-10-11T00:00:00.000+10:00,0.384,90,603
2016-10-12T00:00:00.000+10:00,0.377,90,603
2016-10-13T00:00:00.000+10:00,0.369,90,603
2016-10-14T00:00:00.000+10:00,0.360,90,603
2016-10-15T00:00:00.000+10:00,0.351,90,603
2016-10-16T00:00:00.000+10:00,0.352,90,603
2016-10-17T00:00:00.000+10:00,0.354,90,603
2016-10-18T00:00:00.000+10:00,0.354,90,603
2016-10-19T00:00:00.000+10:00,0.354,90,603
2016-10-20T00:00:00.000+10:00,0.351,90,603
2016-10-21T00:00:00.000+10:00,0.350,90,603
2016-10-22T00:00:00.000+10:00,0.348,90,603
2016-10-23T00:00:00.000+10:00,0.347,90,603
2016-10-24T00:00:00.000+10:00,0.339,90,603
2016-10-25T00:00:00.000+10:00,0.334,90,603
2016-10-26T00:00:00.000+10:00,0.329,90,603
2016-10-27T00:00:00.000+10:00,0.327,90,603
2016-10-28T00:00:00.000+10:00,0.327,90,603
2016-10-29T00:00:00.000+10:00,0.330,90,603
2016-10-30T00:00:00.000+10:00,0.330,90,603
2016-10-31T00:00:00.000+10:00,0.324,90,603
2016-11-01T00:00:00.000+10:00,0.323,90,603
2016-11-02T00:00:00.000+10:00,0.318,90,603
2016-11-03T00:00:00.000+10:00,0.312,90,603
2016-11-04T00:00:00.000+10:00,0.307,90,603
2016-11-05T00:00:00.000+10:00,0.303,90,603
2016-11-06T00:00:00.000+10:00,0.299,90,603
2016-11-07T00:00:00.000+10:00,0.295,90,603
2016-11-08T00:00:00.000+10:00,0.303,90,603
2016-11-09T00:00:00.000+10:00,0.314,90,603
2016-11-10T00:00:00.000+10:00,0.318,90,603
2016-11-11T00:00:00.000+10:00,0.321,90,603
2016-11-12T00:00:00.000+10:00,0.313,90,603
2016-11-13T00:00:00.000+10:00,0.326,90,603
2016-11-14T00:00:00.000+10:00,0.332,90,603
2016-11-15T00:00:00.000+10:00,0.330,90,603
2016-11-16T00:00:00.000+10:00,0.328,140,603
2016-11-17T00:00:00.000+10:00,0.324,10,603
2016-11-18T00:00:00.000+10:00,0.316,10,603
2016-11-19T00:00:00.000+10:00,0.308,10,603
2016-11-20T00:00:00.000+10:00,0.300,10,603
2016-11-21T00:00:00.000+10:00,0.286,10,603
2016-11-22T00:00:00.000+10:00,0.278,10,603
2016-11-23T00:00:00.000+10:00,0.270,10,603
2016-11-24T00:00:00.000+10:00,0.264,10,603
2016-11-25T00:00:00.000+10:00,0.257,10,603
2016-11-26T00:00:00.000+10:00,0.252,10,603
2016-11-27T00:00:00.000+10:00,0.249,10,603
2016-11-28T00:00:00.000+10:00,0.278,10,603
2016-11-29T00:00:00.000+10:00,0.273,10,603
2016-11-30T00:00:00.000+10:00,0.268,10,603
2016-12-01T00:00:00.000+10:00,0.251,10,603
2016-12-02T00:00:00.000+10:00,0.254,10,603
2016-12-03T00:00:00.000+10:00,0.280,10,603
2016-12-04T00:00:00.000+10:00,0.280,10,603
2016-12-05T00:00:00.000+10:00,0.275,10,603
2016-12-06T00:00:00.000+10:00,0.283,10,603
2016-12-07T00:00:00.000+10:00,0.293,10,603
2016-12-08T00:00:00.000+10:00,0.307,10,603
2016-12-09T00:00:00.000+10:00,0.306,10,603
2016-12-10T00:00:00.000+10:00,0.312,10,603
2016-12-11T00:00:00.000+10:00,0.313,10,603
2016-12-12T00:00:00.000+10:00,0.308,10,603
2016-12-13T00:00:00.000+10:00,0.299,10,603
2016-12-14T00:00:00.000+10:00,0.292,10,603
2016-12-15T00:00:00.000+10:00,0.283,10,603
2016-12-16T00:00:00.000+10:00,0.275,10,603
2016-12-17T00:00:00.000+10:00,0.269,10,603
2016-12-18T00:00:00.000+10:00,0.263,10,603
2016-12-19T00:00:00.000+10:00,0.259,10,603
2016-12-20T00:00:00.000+10:00,0.255,10,603
2016-12-21T00:00:00.000+10:00,0.269,10,603
2016-12-22T00:00:00.000+10:00,0.276,10,603
2016-12-23T00:00:00.000+10:00,0.271,10,603
2016-12-24T00:00:00.000+10:00,0.260,10,603
2016-12-25T00:00:00.000+10:00,0.246,10,603
2016-12-26T00:00:00.000+10:00,0.239,10,603
2016-12-27T00:00:00.000+10:00,0.226,10,603
2016-12-28T00:00:00.000+10:00,0.220,10,603
2016-12-29T00:00:00.000+10:00,0.214,10,603
2016-12-30T00:00:00.000+10:00,0.210,10,603
2016-12-31T00:00:00.000+10:00,0.207,10,603
2017-01-01T00:00:00.000+10:00,0.205,10,603
2017-01-02T00:00:00.000+10:00,0.232,10,603
2017-01-03T00:00:00.000+10:00,0.248,10,603
2017-01-04T00:00:00.000+10:00,0.252,10,603
2017-01-05T00:00:00.000+10:00,0.242,10,603
2017-01-06T00:00:00.000+10:00,0.249,10,603
2017-01-07T00:00:00.000+10:00,0.262,10,603
2017-01-08T00:00:00.000+10:00,0.253,10,603
2017-01-09T00:00:00.000+10:00,0.237,10,603
2017-01-10T00:00:00.000+10:00,0.229,10,603
2017-01-11T00:00:00.000+10:00,0.228,10,603
2017-01-12T00:00:00.000+10:00,0.283,10,603
2017-01-13T00:00:00.000+10:00,0.297,10,603
2017-01-14T00:00:00.000+10:00,0.272,10,603
2017-01-15T00:00:00.000+10:00,0.234,10,603
2017-01-16T00:00:00.000+10:00,0.219,10,603
2017-01-17T00:00:00.000+10:00,0.207,10,603
2017-01-18T00:00:00.000+10:00,0.814,10,603
2017-01-19T00:00:00.000+10:00,0.644,10,603
2017-01-20T00:00:00.000+10:00,0.544,10,603
2017-01-21T00:00:00.000+10:00,0.489,10,603
2017-01-22T00:00:00.000+10:00,0.455,10,603
2017-01-23T00:00:00.000+10:00,0.422,10,603
2017-01-24T00:00:00.000+10:00,0.387,10,603
2017-01-25T00:00:00.000+10:00,0.364,10,603
2017-01-26T00:00:00.000+10:00,0.354,10,603
2017-01-27T00:00:00.000+10:00,0.353,10,603
2017-01-28T00:00:00.000+10:00,0.347,10,603
2017-01-29T00:00:00.000+10:00,0.327,10,603
2017-01-30T00:00:00.000+10:00,0.312,10,603
2017-01-31T00:00:00.000+10:00,0.299,10,603
2017-02-01T00:00:00.000+10:00,0.289,10,603
2017-02-02T00:00:00.000+10:00,0.283,10,603
2017-02-03T00:00:00.000+10:00,0.280,10,603
2017-02-04T00:00:00.000+10:00,0.278,10,603
2017-02-05T00:00:00.000+10:00,0.273,10,603
2017-02-06T00:00:00.000+10:00,0.269,10,603
2017-02-07T00:00:00.000+10:00,0.265,10,603
2017-02-08T00:00:00.000+10:00,0.265,10,603
2017-02-09T00:00:00.000+10:00,0.271,10,603
2017-02-10T00:00:00.000+10:00,0.262,10,603
2017-02-11T00:00:00.000+10:00,0.250,10,603
2017-02-12T00:00:00.000+10:00,0.239,10,603
2017-02-13T00:00:00.000+10:00,0.233,10,603
2017-02-14T00:00:00.000+10:00,0.233,10,603
2017-02-15T00:00:00.000+10:00,0.240,10,603
2017-02-16T00:00:00.000+10:00,0.235,10,603
2017-02-17T00:00:00.000+10:00,0.228,10,603
2017-02-18T00:00:00.000+10:00,0.239,10,603
2017-02-19T00:00:00.000+10:00,0.236,10,603
2017-02-20T00:00:00.000+10:00,0.253,10,603
2017-02-21T00:00:00.000+10:00,0.250,10,603
2017-02-22T00:00:00.000+10:00,0.260,10,603
2017-02-23T00:00:00.000+10:00,0.255,10,603
2017-02-24T00:00:00.000+10:00,0.266,10,603
2017-02-25T00:00:00.000+10:00,0.264,10,603
2017-02-26T00:00:00.000+10:00,0.262,10,603
2017-02-27T00:00:00.000+10:00,0.257,10,603
2017-02-28T00:00:00.000+10:00,0.279,10,603
2017-03-01T00:00:00.000+10:00,0.291,10,603
2017-03-02T00:00:00.000+10:00,0.297,10,603
2017-03-03T00:00:00.000+10:00,0.288,10,603
2017-03-04T00:00:00.000+10:00,0.297,10,603
2017-03-05T00:00:00.000+10:00,0.313,10,603
2017-03-06T00:00:00.000+10:00,0.356,10,603
2017-03-07T00:00:00.000+10:00,0.434,10,603
2017-03-08T00:00:00.000+10:00,0.393,10,603
2017-03-09T00:00:00.000+10:00,0.370,10,603
2017-03-10T00:00:00.000+10:00,0.439,10,603
2017-03-11T00:00:00.000+10:00,0.427,10,603
2017-03-12T00:00:00.000+10:00,0.394,10,603
2017-03-13T00:00:00.000+10:00,0.379,10,603
2017-03-14T00:00:00.000+10:00,0.398,10,603
2017-03-15T00:00:00.000+10:00,0.434,10,603
2017-03-16T00:00:00.000+10:00,0.962,10,603
2017-03-17T00:00:00.000+10:00,2.692,10,603
2017-03-18T00:00:00.000+10:00,5.048,10,603
2017-03-19T00:00:00.000+10:00,8.779,10,603
2017-03-20T00:00:00.000+10:00,11.388,10,603
2017-03-21T00:00:00.000+10:00,12.843,10,603
2017-03-22T00:00:00.000+10:00,10.452,10,603
2017-03-23T00:00:00.000+10:00,6.937,10,603
2017-03-24T00:00:00.000+10:00,3.850,10,603
2017-03-25T00:00:00.000+10:00,2.806,10,603
2017-03-26T00:00:00.000+10:00,2.377,10,603
2017-03-27T00:00:00.000+10:00,2.206,10,603
2017-03-28T00:00:00.000+10:00,1.830,10,603
2017-03-29T00:00:00.000+10:00,1.604,10,603
2017-03-30T00:00:00.000+10:00,4.656,10,603
2017-03-31T00:00:00.000+10:00,10.373,10,603
2017-04-01T00:00:00.000+10:00,10.706,10,603
2017-04-02T00:00:00.000+10:00,9.985,10,603
2017-04-03T00:00:00.000+10:00,6.542,10,603
2017-04-04T00:00:00.000+10:00,3.267,10,603
2017-04-05T00:00:00.000+10:00,2.518,10,603
2017-04-06T00:00:00.000+10:00,2.198,10,603
2017-04-07T00:00:00.000+10:00,2.021,10,603
2017-04-08T00:00:00.000+10:00,1.842,10,603
2017-04-09T00:00:00.000+10:00,1.715,10,603
2017-04-10T00:00:00.000+10:00,1.577,10,603
2017-04-11T00:00:00.000+10:00,1.445,10,603
2017-04-12T00:00:00.000+10:00,1.346,10,603
2017-04-13T00:00:00.000+10:00,1.269,10,603
2017-04-14T00:00:00.000+10:00,1.204,10,603
2017-04-15T00:00:00.000+10:00,1.141,10,603
2017-04-16T00:00:00.000+10:00,1.069,10,603
2017-04-17T00:00:00.000+10:00,1.011,10,603
2017-04-18T00:00:00.000+10:00,0.974,10,603
2017-04-19T00:00:00.000+10:00,0.929,10,603
2017-04-20T00:00:00.000+10:00,0.890,10,603
2017-04-21T00:00:00.000+10:00,0.853,10,603
2017-04-22T00:00:00.000+10:00,0.822,10,603
2017-04-23T00:00:00.000+10:00,0.808,10,603
2017-04-24T00:00:00.000+10:00,0.785,10,603
2017-04-25T00:00:00.000+10:00,0.755,10,603
2017-04-26T00:00:00.000+10:00,0.747,10,603
2017-04-27T00:00:00.000+10:00,0.761,10,603
2017-04-28T00:00:00.000+10:00,0.731,10,603
2017-04-29T00:00:00.000+10:00,0.698,10,603
2017-04-30T00:00:00.000+10:00,0.680,10,603
2017-05-01T00:00:00.000+10:00,0.656,10,603
2017-05-02T00:00:00.000+10:00,0.638,10,603
2017-05-03T00:00:00.000+10:00,0.616,10,603
2017-05-04T00:00:00.000+10:00,0.603,10,603
2017-05-05T00:00:00.000+10:00,0.590,10,603
2017-05-06T00:00:00.000+10:00,0.573,10,603
2017-05-07T00:00:00.000+10:00,0.566,10,603
2017-05-08T00:00:00.000+10:00,0.563,10,603
2017-05-09T00:00:00.000+10:00,0.558,10,603
2017-05-10T00:00:00.000+10:00,0.545,10,603
2017-05-11T00:00:00.000+10:00,0.533,10,603
2017-05-12T00:00:00.000+10:00,0.523,10,603
2017-05-13T00:00:00.000+10:00,0.518,10,603
2017-05-14T00:00:00.000+10:00,0.518,10,603
2017-05-15T00:00:00.000+10:00,0.531,10,603
2017-05-16T00:00:00.000+10:00,0.573,10,603
2017-05-17T00:00:00.000+10:00,0.633,10,603
2017-05-18T00:00:00.000+10:00,0.652,10,603
2017-05-19T00:00:00.000+10:00,0.631,10,603
2017-05-20T00:00:00.000+10:00,0.726,10,603
2017-05-21T00:00:00.000+10:00,0.834,10,603
2017-05-22T00:00:00.000+10:00,0.868,10,603
2017-05-23T00:00:00.000+10:00,0.882,10,603
2017-05-24T00:00:00.000+10:00,0.851,10,603
2017-05-25T00:00:00.000+10:00,0.762,10,603
2017-05-26T00:00:00.000+10:00,0.686,10,603
2017-05-27T00:00:00.000+10:00,0.642,10,603
2017-05-28T00:00:00.000+10:00,0.605,10,603
2017-05-29T00:00:00.000+10:00,0.587,10,603
2017-05-30T00:00:00.000+10:00,0.572,10,603
2017-05-31T00:00:00.000+10:00,0.556,10,603
2017-06-01T00:00:00.000+10:00,0.540,10,603
2017-06-02T00:00:00.000+10:00,0.531,10,603
2017-06-03T00:00:00.000+10:00,0.524,10,603
2017-06-04T00:00:00.000+10:00,0.515,10,603
2017-06-05T00:00:00.000+10:00,0.506,10,603
2017-06-06T00:00:00.000+10:00,0.498,10,603
2017-06-07T00:00:00.000+10:00,0.490,10,603
2017-06-08T00:00:00.000+10:00,0.485,10,603
2017-06-09T00:00:00.000+10:00,0.481,10,603
2017-06-10T00:00:00.000+10:00,0.633,10,603
2017-06-11T00:00:00.000+10:00,1.027,10,603
2017-06-12T00:00:00.000+10:00,2.635,10,603
2017-06-13T00:00:00.000+10:00,4.422,10,603
2017-06-14T00:00:00.000+10:00,5.032,10,603
2017-06-15T00:00:00.000+10:00,4.990,10,603
2017-06-16T00:00:00.000+10:00,3.206,10,603
2017-06-17T00:00:00.000+10:00,2.667,10,603
2017-06-18T00:00:00.000+10:00,3.154,10,603
2017-06-19T00:00:00.000+10:00,3.000,10,603
2017-06-20T00:00:00.000+10:00,2.616,10,603
2017-06-21T00:00:00.000+10:00,2.126,10,603
2017-06-22T00:00:00.000+10:00,1.769,10,603
2017-06-23T00:00:00.000+10:00,1.562,10,603
2017-06-24T00:00:00.000+10:00,1.421,10,603
2017-06-25T00:00:00.000+10:00,1.314,10,603
2017-06-26T00:00:00.000+10:00,1.224,10,603
2017-06-27T00:00:00.000+10:00,1.135,10,603
2017-06-28T00:00:00.000+10:00,1.075,10,603
2017-06-29T00:00:00.000+10:00,1.041,10,603
2017-06-30T00:00:00.000+10:00,1.029,10,603
2017-07-01T00:00:00.000+10:00,1.019,10,603
2017-07-02T00:00:00.000+10:00,0.996,10,603
2017-07-03T00:00:00.000+10:00,0.944,10,603
2017-07-04T00:00:00.000+10:00,0.889,10,603
2017-07-05T00:00:00.000+10:00,0.846,10,603
2017-07-06T00:00:00.000+10:00,0.823,10,603
2017-07-07T00:00:00.000+10:00,0.800,10,603
2017-07-08T00:00:00.000+10:00,0.776,10,603
2017-07-09T00:00:00.000+10:00,0.746,10,603
2017-07-10T00:00:00.000+10:00,0.724,10,603
2017-07-11T00:00:00.000+10:00,0.708,10,603
2017-07-12T00:00:00.000+10:00,0.692,10,603
2017-07-13T00:00:00.000+10:00,0.671,10,603
2017-07-14T00:00:00.000+10:00,0.660,10,603
2017-07-15T00:00:00.000+10:00,0.644,10,603
2017-07-16T00:00:00.000+10:00,0.635,10,603
2017-07-17T00:00:00.000+10:00,0.625,10,603
2017-07-18T00:00:00.000+10:00,0.616,10,603
2017-07-19T00:00:00.000+10:00,0.611,10,603
2017-07-20T00:00:00.000+10:00,0.604,10,603
2017-07-21T00:00:00.000+10:00,0.587,10,603
2017-07-22T00:00:00.000+10:00,0.577,10,603
2017-07-23T00:00:00.000+10:00,0.568,10,603
2017-07-24T00:00:00.000+10:00,0.558,10,603
2017-07-25T00:00:00.000+10:00,0.548,10,603
2017-07-26T00:00:00.000+10:00,0.542,10,603
2017-07-27T00:00:00.000+10:00,0.533,10,603
2017-07-28T00:00:00.000+10:00,0.525,10,603
2017-07-29T00:00:00.000+10:00,0.518,10,603
2017-07-30T00:00:00.000+10:00,0.511,10,603
2017-07-31T00:00:00.000+10:00,0.504,10,603
2017-08-01T00:00:00.000+10:00,0.494,10,603
2017-08-02T00:00:00.000+10:00,0.483,10,603
2017-08-03T00:00:00.000+10:00,0.473,10,603
2017-08-04T00:00:00.000+10:00,0.475,10,603
2017-08-05T00:00:00.000+10:00,0.474,10,603
2017-08-06T00:00:00.000+10:00,0.469,10,603
2017-08-07T00:00:00.000+10:00,0.462,10,603
2017-08-08T00:00:00.000+10:00,0.456,10,603
2017-08-09T00:00:00.000+10:00,0.451,10,603
2017-08-10T00:00:00.000+10:00,0.447,10,603
2017-08-11T00:00:00.000+10:00,0.445,10,603
2017-08-12T00:00:00.000+10:00,0.440,10,603
2017-08-13T00:00:00.000+10:00,0.438,10,603
2017-08-14T00:00:00.000+10:00,0.433,10,603
2017-08-15T00:00:00.000+10:00,0.430,10,603
2017-08-16T00:00:00.000+10:00,0.430,10,603
2017-08-17T00:00:00.000+10:00,0.425,10,603
2017-08-18T00:00:00.000+10:00,0.417,10,603
2017-08-19T00:00:00.000+10:00,0.410,10,603
2017-08-20T00:00:00.000+10:00,0.405,10,603
2017-08-21T00:00:00.000+10:00,0.400,10,603
2017-08-22T00:00:00.000+10:00,0.401,10,603
2017-08-23T00:00:00.000+10:00,0.398,10,603
2017-08-24T00:00:00.000+10:00,0.396,10,603
2017-08-25T00:00:00.000+10:00,0.393,10,603
2017-08-26T00:00:00.000+10:00,0.386,10,603
2017-08-27T00:00:00.000+10:00,0.384,10,603
2017-08-28T00:00:00.000+10:00,0.380,10,603
2017-08-29T00:00:00.000+10:00,0.377,10,603
2017-08-30T00:00:00.000+10:00,0.374,10,603
2017-08-31T00:00:00.000+10:00,0.368,10,603
2017-09-01T00:00:00.000+10:00,0.364,10,603
2017-09-02T00:00:00.000+10:00,0.360,10,603
2017-09-03T00:00:00.000+10:00,0.358,10,603
2017-09-04T00:00:00.000+10:00,0.358,10,603
2017-09-05T00:00:00.000+10:00,0.350,10,603
2017-09-06T00:00:00.000+10:00,0.346,10,603
2017-09-07T00:00:00.000+10:00,0.344,10,603
2017-09-08T00:00:00.000+10:00,0.343,10,603
2017-09-09T00:00:00.000+10:00,0.341,10,603
2017-09-10T00:00:00.000+10:00,0.338,10,603
2017-09-11T00:00:00.000+10:00,0.338,10,603
2017-09-12T00:00:00.000+10:00,0.335,10,603
2017-09-13T00:00:00.000+10:00,0.333,10,603
2017-09-14T00:00:00.000+10:00,0.333,10,603
2017-09-15T00:00:00.000+10:00,0.325,10,603
2017-09-16T00:00:00.000+10:00,0.321,10,603
2017-09-17T00:00:00.000+10:00,0.320,10,603
2017-09-18T00:00:00.000+10:00,0.320,10,603
2017-09-19T00:00:00.000+10:00,0.318,10,603
2017-09-20T00:00:00.000+10:00,0.314,10,603
2017-09-21T00:00:00.000+10:00,0.312,10,603
2017-09-22T00:00:00.000+10:00,0.312,10,603
2017-09-23T00:00:00.000+10:00,0.310,10,603
2017-09-24T00:00:00.000+10:00,0.306,10,603
2017-09-25T00:00:00.000+10:00,0.300,10,603
2017-09-26T00:00:00.000+10:00,0.294,10,603
2017-09-27T00:00:00.000+10:00,0.288,10,603
2017-09-28T00:00:00.000+10:00,0.291,10,603
2017-09-29T00:00:00.000+10:00,0.291,10,603
2017-09-30T00:00:00.000+10:00,0.286,10,603
2017-10-01T00:00:00.000+10:00,0.277,10,603
2017-10-02T00:00:00.000+10:00,0.279,10,603
2017-10-03T00:00:00.000+10:00,0.305,10,603
2017-10-04T00:00:00.000+10:00,0.311,10,603
2017-10-05T00:00:00.000+10:00,0.305,10,603
2017-10-06T00:00:00.000+10:00,0.308,10,603
2017-10-07T00:00:00.000+10:00,0.315,10,603
2017-10-08T00:00:00.000+10:00,0.316,10,603
2017-10-09T00:00:00.000+10:00,0.334,10,603
2017-10-10T00:00:00.000+10:00,0.334,10,603
2017-10-11T00:00:00.000+10:00,0.326,10,603
2017-10-12T00:00:00.000+10:00,0.337,10,603
2017-10-13T00:00:00.000+10:00,0.347,10,603
2017-10-14T00:00:00.000+10:00,0.353,10,603
2017-10-15T00:00:00.000+10:00,0.374,10,603
2017-10-16T00:00:00.000+10:00,1.912,10,603
2017-10-17T00:00:00.000+10:00,1.864,10,603
2017-10-18T00:00:00.000+10:00,1.653,10,603
2017-10-19T00:00:00.000+10:00,1.274,10,603
2017-10-20T00:00:00.000+10:00,1.019,10,603
2017-10-21T00:00:00.000+10:00,0.877,10,603
2017-10-22T00:00:00.000+10:00,0.783,10,603
2017-10-23T00:00:00.000+10:00,0.710,10,603
2017-10-24T00:00:00.000+10:00,0.685,10,603
2017-10-25T00:00:00.000+10:00,0.644,10,603
2017-10-26T00:00:00.000+10:00,0.583,10,603
2017-10-27T00:00:00.000+10:00,0.541,10,603
2017-10-28T00:00:00.000+10:00,0.508,10,603
2017-10-29T00:00:00.000+10:00,0.487,10,603
2017-10-30T00:00:00.000+10:00,0.467,10,603
2017-10-31T00:00:00.000+10:00,0.449,10,603
2017-11-01T00:00:00.000+10:00,0.431,10,603
2017-11-02T00:00:00.000+10:00,0.423,10,603
2017-11-03T00:00:00.000+10:00,0.412,10,603
2017-11-04T00:00:00.000+10:00,0.399,10,603
2017-11-05T00:00:00.000+10:00,0.393,10,603
2017-11-06T00:00:00.000+10:00,0.399,10,603
2017-11-07T00:00:00.000+10:00,0.433,10,603
2017-11-08T00:00:00.000+10:00,0.489,10,603
2017-11-09T00:00:00.000+10:00,0.634,10,603
2017-11-10T00:00:00.000+10:00,0.578,10,603
2017-11-11T00:00:00.000+10:00,0.514,10,603
2017-11-12T00:00:00.000+10:00,0.475,10,603
2017-11-13T00:00:00.000+10:00,0.451,10,603
2017-11-14T00:00:00.000+10:00,0.434,10,603
2017-11-15T00:00:00.000+10:00,0.423,10,603
2017-11-16T00:00:00.000+10:00,0.412,10,603
2017-11-17T00:00:00.000+10:00,0.403,10,603
2017-11-18T00:00:00.000+10:00,0.392,10,603
2017-11-19T00:00:00.000+10:00,0.390,10,603
2017-11-20T00:00:00.000+10:00,0.392,10,603
2017-11-21T00:00:00.000+10:00,0.379,10,603
2017-11-22T00:00:00.000+10:00,0.379,10,603
2017-11-23T00:00:00.000+10:00,0.385,10,603
2017-11-24T00:00:00.000+10:00,0.383,10,603
2017-11-25T00:00:00.000+10:00,0.376,10,603
2017-11-26T00:00:00.000+10:00,0.374,10,603
2017-11-27T00:00:00.000+10:00,0.368,10,603
2017-11-28T00:00:00.000+10:00,0.359,10,603
2017-11-29T00:00:00.000+10:00,0.353,10,603
2017-11-30T00:00:00.000+10:00,0.371,10,603
2017-12-01T00:00:00.000+10:00,0.418,10,603
2017-12-02T00:00:00.000+10:00,0.463,10,603
2017-12-03T00:00:00.000+10:00,0.528,10,603
2017-12-04T00:00:00.000+10:00,0.530,10,603
2017-12-05T00:00:00.000+10:00,0.534,10,603
2017-12-06T00:00:00.000+10:00,0.582,10,603
2017-12-07T00:00:00.000+10:00,0.518,10,603
2017-12-08T00:00:00.000+10:00,0.461,10,603
2017-12-09T00:00:00.000+10:00,0.446,10,603
2017-12-10T00:00:00.000+10:00,0.423,10,603
2017-12-11T00:00:00.000+10:00,0.396,10,603
2017-12-12T00:00:00.000+10:00,0.376,10,603
2017-12-13T00:00:00.000+10:00,0.364,10,603
2017-12-14T00:00:00.000+10:00,0.353,10,603
2017-12-15T00:00:00.000+10:00,0.347,10,603
2017-12-16T00:00:00.000+10:00,0.340,10,603
2017-12-17T00:00:00.000+10:00,0.334,10,603
2017-12-18T00:00:00.000+10:00,0.331,10,603
2017-12-19T00:00:00.000+10:00,0.324,10,603
2017-12-20T00:00:00.000+10:00,0.321,10,603
2017-12-21T00:00:00.000+10:00,0.328,10,603
2017-12-22T00:00:00.000+10:00,0.597,10,603
2017-12-23T00:00:00.000+10:00,0.561,10,603
2017-12-24T00:00:00.000+10:00,0.536,10,603
2017-12-25T00:00:00.000+10:00,0.512,10,603
2017-12-26T00:00:00.000+10:00,1.002,10,603
2017-12-27T00:00:00.000+10:00,1.151,10,603
2017-12-28T00:00:00.000+10:00,1.068,10,603
2017-12-29T00:00:00.000+10:00,0.848,10,603
2017-12-30T00:00:00.000+10:00,0.717,10,603
2017-12-31T00:00:00.000+10:00,0.659,10,603
2018-01-01T00:00:00.000+10:00,0.595,10,603
2018-01-02T00:00:00.000+10:00,0.547,10,603
2018-01-03T00:00:00.000+10:00,0.704,10,603
2018-01-04T00:00:00.000+10:00,1.396,10,603
2018-01-05T00:00:00.000+10:00,1.338,10,603
2018-01-06T00:00:00.000+10:00,1.040,10,603
2018-01-07T00:00:00.000+10:00,0.838,10,603
2018-01-08T00:00:00.000+10:00,0.702,10,603
2018-01-09T00:00:00.000+10:00,0.611,10,603
2018-01-10T00:00:00.000+10:00,0.557,10,603
2018-01-11T00:00:00.000+10:00,0.529,10,603
2018-01-12T00:00:00.000+10:00,0.501,10,603
2018-01-13T00:00:00.000+10:00,0.474,10,603
2018-01-14T00:00:00.000+10:00,0.457,10,603
2018-01-15T00:00:00.000+10:00,0.441,10,603
2018-01-16T00:00:00.000+10:00,0.425,10,603
2018-01-17T00:00:00.000+10:00,0.411,10,603
2018-01-18T00:00:00.000+10:00,0.402,10,603
2018-01-19T00:00:00.000+10:00,0.389,10,603
2018-01-20T00:00:00.000+10:00,0.374,10,603
2018-01-21T00:00:00.000+10:00,0.370,10,603
2018-01-22T00:00:00.000+10:00,0.367,10,603
2018-01-23T00:00:00.000+10:00,0.356,10,603
2018-01-24T00:00:00.000+10:00,0.349,10,603
2018-01-25T00:00:00.000+10:00,0.349,10,603
2018-01-26T00:00:00.000+10:00,0.345,10,603
2018-01-27T00:00:00.000+10:00,0.368,10,603
2018-01-28T00:00:00.000+10:00,0.360,10,603
2018-01-29T00:00:00.000+10:00,0.360,10,603
2018-01-30T00:00:00.000+10:00,0.364,10,603
2018-01-31T00:00:00.000+10:00,0.349,10,603
2018-02-01T00:00:00.000+10:00,0.343,10,603
2018-02-02T00:00:00.000+10:00,0.344,10,603
2018-02-03T00:00:00.000+10:00,0.345,10,603
2018-02-04T00:00:00.000+10:00,0.342,10,603
2018-02-05T00:00:00.000+10:00,0.342,10,603
2018-02-06T00:00:00.000+10:00,0.342,10,603
2018-02-07T00:00:00.000+10:00,0.348,10,603
2018-02-08T00:00:00.000+10:00,0.366,10,603
2018-02-09T00:00:00.000+10:00,0.440,10,603
2018-02-10T00:00:00.000+10:00,0.438,10,603
2018-02-11T00:00:00.000+10:00,0.416,10,603
2018-02-12T00:00:00.000+10:00,0.394,10,603
2018-02-13T00:00:00.000+10:00,0.376,10,603
2018-02-14T00:00:00.000+10:00,0.361,10,603
2018-02-15T00:00:00.000+10:00,0.347,10,603
2018-02-16T00:00:00.000+10:00,0.334,10,603
2018-02-17T00:00:00.000+10:00,0.328,10,603
2018-02-18T00:00:00.000+10:00,0.327,10,603
2018-02-19T00:00:00.000+10:00,0.322,10,603
2018-02-20T00:00:00.000+10:00,0.317,10,603
2018-02-21T00:00:00.000+10:00,0.317,10,603
2018-02-22T00:00:00.000+10:00,0.309,10,603
2018-02-23T00:00:00.000+10:00,0.308,10,603
2018-02-24T00:00:00.000+10:00,0.322,10,603
2018-02-25T00:00:00.000+10:00,0.343,10,603
2018-02-26T00:00:00.000+10:00,0.409,10,603
2018-02-27T00:00:00.000+10:00,0.497,10,603
2018-02-28T00:00:00.000+10:00,0.474,10,603
2018-03-01T00:00:00.000+10:00,0.582,10,603
2018-03-02T00:00:00.000+10:00,0.685,10,603
2018-03-03T00:00:00.000+10:00,0.623,10,603
2018-03-04T00:00:00.000+10:00,0.566,10,603
2018-03-05T00:00:00.000+10:00,0.526,10,603
2018-03-06T00:00:00.000+10:00,0.558,10,603
2018-03-07T00:00:00.000+10:00,1.212,10,603
2018-03-08T00:00:00.000+10:00,2.119,10,603
2018-03-09T00:00:00.000+10:00,2.625,10,603
2018-03-10T00:00:00.000+10:00,1.718,10,603
2018-03-11T00:00:00.000+10:00,1.321,10,603
2018-03-12T00:00:00.000+10:00,1.118,10,603
2018-03-13T00:00:00.000+10:00,0.982,10,603
2018-03-14T00:00:00.000+10:00,0.878,10,603
2018-03-15T00:00:00.000+10:00,0.795,10,603
2018-03-16T00:00:00.000+10:00,0.712,10,603
2018-03-17T00:00:00.000+10:00,0.649,10,603
2018-03-18T00:00:00.000+10:00,0.604,10,603
2018-03-19T00:00:00.000+10:00,0.579,10,603
2018-03-20T00:00:00.000+10:00,0.556,10,603
2018-03-21T00:00:00.000+10:00,0.522,10,603
2018-03-22T00:00:00.000+10:00,0.505,10,603
2018-03-23T00:00:00.000+10:00,0.520,10,603
2018-03-24T00:00:00.000+10:00,0.546,10,603
2018-03-25T00:00:00.000+10:00,1.279,10,603
2018-03-26T00:00:00.000+10:00,1.990,10,603
2018-03-27T00:00:00.000+10:00,1.654,10,603
2018-03-28T00:00:00.000+10:00,1.301,10,603
2018-03-29T00:00:00.000+10:00,1.077,10,603
2018-03-30T00:00:00.000+10:00,0.940,10,603
2018-03-31T00:00:00.000+10:00,0.842,10,603
2018-04-01T00:00:00.000+10:00,0.768,10,603
2018-04-02T00:00:00.000+10:00,0.710,10,603
2018-04-03T00:00:00.000+10:00,0.665,10,603
2018-04-04T00:00:00.000+10:00,0.624,10,603
2018-04-05T00:00:00.000+10:00,0.593,10,603
2018-04-06T00:00:00.000+10:00,0.571,10,603
2018-04-07T00:00:00.000+10:00,0.558,10,603
2018-04-08T00:00:00.000+10:00,0.553,10,603
2018-04-09T00:00:00.000+10:00,0.538,10,603
2018-04-10T00:00:00.000+10:00,0.523,10,603
2018-04-11T00:00:00.000+10:00,0.508,10,603
2018-04-12T00:00:00.000+10:00,0.488,10,603
2018-04-13T00:00:00.000+10:00,0.477,10,603
2018-04-14T00:00:00.000+10:00,0.469,10,603
2018-04-15T00:00:00.000+10:00,0.470,10,603
2018-04-16T00:00:00.000+10:00,0.463,10,603
2018-04-17T00:00:00.000+10:00,0.452,10,603
2018-04-18T00:00:00.000+10:00,0.441,10,603
2018-04-19T00:00:00.000+10:00,0.439,10,603
2018-04-20T00:00:00.000+10:00,0.432,10,603
2018-04-21T00:00:00.000+10:00,0.422,10,603
2018-04-22T00:00:00.000+10:00,0.416,10,603
2018-04-23T00:00:00.000+10:00,0.421,10,603
2018-04-24T00:00:00.000+10:00,0.426,10,603
2018-04-25T00:00:00.000+10:00,0.442,10,603
2018-04-26T00:00:00.000+10:00,0.460,10,603
2018-04-27T00:00:00.000+10:00,0.479,10,603
2018-04-28T00:00:00.000+10:00,0.492,10,603
2018-04-29T00:00:00.000+10:00,0.496,10,603
2018-04-30T00:00:00.000+10:00,0.477,10,603
2018-05-01T00:00:00.000+10:00,0.459,10,603
2018-05-02T00:00:00.000+10:00,0.451,10,603
2018-05-03T00:00:00.000+10:00,0.449,10,603
2018-05-04T00:00:00.000+10:00,0.441,10,603
2018-05-05T00:00:00.000+10:00,0.433,10,603
2018-05-06T00:00:00.000+10:00,0.424,10,603
2018-05-07T00:00:00.000+10:00,0.416,10,603
2018-05-08T00:00:00.000+10:00,0.410,10,603
2018-05-09T00:00:00.000+10:00,0.406,10,603
2018-05-10T00:00:00.000+10:00,0.401,10,603
2018-05-11T00:00:00.000+10:00,0.396,10,603
2018-05-12T00:00:00.000+10:00,0.392,10,603
2018-05-13T00:00:00.000+10:00,0.388,10,603
2018-05-14T00:00:00.000+10:00,0.384,10,603
2018-05-15T00:00:00.000+10:00,0.380,10,603
2018-05-16T00:00:00.000+10:00,0.376,10,603
2018-05-17T00:00:00.000+10:00,0.372,10,603
2018-05-18T00:00:00.000+10:00,0.368,10,603
2018-05-19T00:00:00.000+10:00,0.361,10,603
2018-05-20T00:00:00.000+10:00,0.355,10,603
2018-05-21T00:00:00.000+10:00,0.354,10,603
2018-05-22T00:00:00.000+10:00,0.350,10,603
2018-05-23T00:00:00.000+10:00,0.345,10,603
2018-05-24T00:00:00.000+10:00,0.343,10,603
2018-05-25T00:00:00.000+10:00,0.343,10,603
2018-05-26T00:00:00.000+10:00,0.342,10,603
2018-05-27T00:00:00.000+10:00,0.339,10,603
2018-05-28T00:00:00.000+10:00,0.339,10,603
2018-05-29T00:00:00.000+10:00,0.336,10,603
2018-05-30T00:00:00.000+10:00,0.339,10,603
2018-05-31T00:00:00.000+10:00,0.333,10,603
2018-06-01T00:00:00.000+10:00,0.326,10,603
2018-06-02T00:00:00.000+10:00,0.329,10,603
2018-06-03T00:00:00.000+10:00,0.329,10,603
2018-06-04T00:00:00.000+10:00,0.328,10,603
2018-06-05T00:00:00.000+10:00,0.325,10,603
2018-06-06T00:00:00.000+10:00,0.325,10,603
2018-06-07T00:00:00.000+10:00,0.371,10,603
2018-06-08T00:00:00.000+10:00,0.373,10,603
2018-06-09T00:00:00.000+10:00,0.372,10,603
2018-06-10T00:00:00.000+10:00,0.467,10,603
2018-06-11T00:00:00.000+10:00,0.502,10,603
2018-06-12T00:00:00.000+10:00,0.471,10,603
2018-06-13T00:00:00.000+10:00,0.449,10,603
2018-06-14T00:00:00.000+10:00,0.429,10,603
2018-06-15T00:00:00.000+10:00,0.413,10,603
2018-06-16T00:00:00.000+10:00,0.401,10,603
2018-06-17T00:00:00.000+10:00,0.389,10,603
2018-06-18T00:00:00.000+10:00,0.385,10,603
2018-06-19T00:00:00.000+10:00,0.380,10,603
2018-06-20T00:00:00.000+10:00,0.370,10,603
2018-06-21T00:00:00.000+10:00,0.357,10,603
2018-06-22T00:00:00.000+10:00,0.355,10,603
2018-06-23T00:00:00.000+10:00,0.351,10,603
2018-06-24T00:00:00.000+10:00,0.345,10,603
2018-06-25T00:00:00.000+10:00,0.339,10,603
2018-06-26T00:00:00.000+10:00,0.335,10,603
2018-06-27T00:00:00.000+10:00,0.336,10,603
2018-06-28T00:00:00.000+10:00,0.338,10,603
2018-06-29T00:00:00.000+10:00,0.337,10,603
2018-06-30T00:00:00.000+10:00,0.333,10,603
2018-07-01T00:00:00.000+10:00,0.332,10,603
2018-07-02T00:00:00.000+10:00,0.338,10,603
2018-07-03T00:00:00.000+10:00,0.336,10,603
2018-07-04T00:00:00.000+10:00,0.333,10,603
2018-07-05T00:00:00.000+10:00,0.339,10,603
2018-07-06T00:00:00.000+10:00,0.346,10,603
2018-07-07T00:00:00.000+10:00,0.347,10,603
2018-07-08T00:00:00.000+10:00,0.347,10,603
2018-07-09T00:00:00.000+10:00,0.363,10,603
2018-07-10T00:00:00.000+10:00,0.367,10,603
2018-07-11T00:00:00.000+10:00,0.359,10,603
2018-07-12T00:00:00.000+10:00,0.353,10,603
2018-07-13T00:00:00.000+10:00,0.347,10,603
2018-07-14T00:00:00.000+10:00,0.342,10,603
2018-07-15T00:00:00.000+10:00,0.337,10,603
2018-07-16T00:00:00.000+10:00,0.332,10,603
2018-07-17T00:00:00.000+10:00,0.328,10,603
2018-07-18T00:00:00.000+10:00,0.324,10,603
2018-07-19T00:00:00.000+10:00,0.320,10,603
2018-07-20T00:00:00.000+10:00,0.317,10,603
2018-07-21T00:00:00.000+10:00,0.314,10,603
2018-07-22T00:00:00.000+10:00,0.309,10,603
2018-07-23T00:00:00.000+10:00,0.308,10,603
2018-07-24T00:00:00.000+10:00,0.306,10,603
2018-07-25T00:00:00.000+10:00,0.303,10,603
2018-07-26T00:00:00.000+10:00,0.300,10,603
2018-07-27T00:00:00.000+10:00,0.298,10,603
2018-07-28T00:00:00.000+10:00,0.296,10,603
2018-07-29T00:00:00.000+10:00,0.295,10,603
2018-07-30T00:00:00.000+10:00,0.293,10,603
2018-07-31T00:00:00.000+10:00,0.289,10,603
2018-08-01T00:00:00.000+10:00,0.284,10,603
2018-08-02T00:00:00.000+10:00,0.281,10,603
2018-08-03T00:00:00.000+10:00,0.277,10,603
2018-08-04T00:00:00.000+10:00,0.274,10,603
2018-08-05T00:00:00.000+10:00,0.271,10,603
2018-08-06T00:00:00.000+10:00,0.263,10,603
2018-08-07T00:00:00.000+10:00,0.261,10,603
2018-08-08T00:00:00.000+10:00,0.259,10,603
2018-08-09T00:00:00.000+10:00,0.259,10,603
2018-08-10T00:00:00.000+10:00,0.256,10,603
2018-08-11T00:00:00.000+10:00,0.253,10,603
2018-08-12T00:00:00.000+10:00,0.250,10,603
2018-08-13T00:00:00.000+10:00,0.245,10,603
2018-08-14T00:00:00.000+10:00,0.242,10,603
2018-08-15T00:00:00.000+10:00,0.239,10,603
2018-08-16T00:00:00.000+10:00,0.237,10,603
2018-08-17T00:00:00.000+10:00,0.236,10,603
2018-08-18T00:00:00.000+10:00,0.232,10,603
2018-08-19T00:00:00.000+10:00,0.230,10,603
2018-08-20T00:00:00.000+10:00,0.233,10,603
2018-08-21T00:00:00.000+10:00,0.229,10,603
2018-08-22T00:00:00.000+10:00,0.226,10,603
2018-08-23T00:00:00.000+10:00,0.226,10,603
2018-08-24T00:00:00.000+10:00,0.226,10,603
2018-08-25T00:00:00.000+10:00,0.232,10,603
2018-08-26T00:00:00.000+10:00,0.241,10,603
2018-08-27T00:00:00.000+10:00,0.255,10,603
2018-08-28T00:00:00.000+10:00,0.285,10,603
2018-08-29T00:00:00.000+10:00,0.379,10,603
2018-08-30T00:00:00.000+10:00,0.361,10,603
2018-08-31T00:00:00.000+10:00,0.341,10,603
2018-09-01T00:00:00.000+10:00,0.326,10,603
2018-09-02T00:00:00.000+10:00,0.313,10,603
2018-09-03T00:00:00.000+10:00,0.303,10,603
2018-09-04T00:00:00.000+10:00,0.300,10,603
2018-09-05T00:00:00.000+10:00,0.294,10,603
2018-09-06T00:00:00.000+10:00,0.298,10,603
2018-09-07T00:00:00.000+10:00,0.291,10,603
2018-09-08T00:00:00.000+10:00,0.357,10,603
2018-09-09T00:00:00.000+10:00,0.460,10,603
2018-09-10T00:00:00.000+10:00,0.450,10,603
2018-09-11T00:00:00.000+10:00,0.444,10,603
2018-09-12T00:00:00.000+10:00,0.420,10,603
2018-09-13T00:00:00.000+10:00,0.399,10,603
2018-09-14T00:00:00.000+10:00,0.387,10,603
2018-09-15T00:00:00.000+10:00,0.387,10,603
2018-09-16T00:00:00.000+10:00,0.379,10,603
2018-09-17T00:00:00.000+10:00,0.367,10,603
2018-09-18T00:00:00.000+10:00,0.360,10,603
2018-09-19T00:00:00.000+10:00,0.348,10,603
2018-09-20T00:00:00.000+10:00,0.343,10,603
2018-09-21T00:00:00.000+10:00,0.333,10,603
2018-09-22T00:00:00.000+10:00,0.325,10,603
2018-09-23T00:00:00.000+10:00,0.321,10,603
2018-09-24T00:00:00.000+10:00,0.316,10,603
2018-09-25T00:00:00.000+10:00,0.309,10,603
2018-09-26T00:00:00.000+10:00,0.306,10,603
2018-09-27T00:00:00.000+10:00,0.316,10,603
2018-09-28T00:00:00.000+10:00,0.310,10,603
2018-09-29T00:00:00.000+10:00,0.314,10,603
2018-09-30T00:00:00.000+10:00,0.336,10,603
2018-10-01T00:00:00.000+10:00,0.347,10,603
2018-10-02T00:00:00.000+10:00,0.340,10,603
2018-10-03T00:00:00.000+10:00,0.329,10,603
2018-10-04T00:00:00.000+10:00,0.316,10,603
2018-10-05T00:00:00.000+10:00,0.318,10,603
2018-10-06T00:00:00.000+10:00,0.319,10,603
2018-10-07T00:00:00.000+10:00,0.314,10,603
2018-10-08T00:00:00.000+10:00,0.317,10,603
2018-10-09T00:00:00.000+10:00,0.321,10,603
2018-10-10T00:00:00.000+10:00,0.321,10,603
2018-10-11T00:00:00.000+10:00,0.325,10,603
2018-10-12T00:00:00.000+10:00,0.319,10,603
2018-10-13T00:00:00.000+10:00,0.320,10,603
2018-10-14T00:00:00.000+10:00,0.552,10,603
2018-10-15T00:00:00.000+10:00,0.900,10,603
2018-10-16T00:00:00.000+10:00,1.499,10,603
2018-10-17T00:00:00.000+10:00,2.681,10,603
2018-10-18T00:00:00.000+10:00,3.155,10,603
2018-10-19T00:00:00.000+10:00,2.797,10,603
2018-10-20T00:00:00.000+10:00,2.112,10,603
2018-10-21T00:00:00.000+10:00,1.722,10,603
2018-10-22T00:00:00.000+10:00,1.557,10,603
2018-10-23T00:00:00.000+10:00,1.332,10,603
2018-10-24T00:00:00.000+10:00,1.113,10,603
2018-10-25T00:00:00.000+10:00,0.957,10,603
2018-10-26T00:00:00.000+10:00,0.847,10,603
2018-10-27T00:00:00.000+10:00,0.774,10,603
2018-10-28T00:00:00.000+10:00,0.708,10,603
2018-10-29T00:00:00.000+10:00,0.653,10,603
2018-10-30T00:00:00.000+10:00,0.614,10,603
2018-10-31T00:00:00.000+10:00,0.580,10,603
2018-11-01T00:00:00.000+10:00,0.548,10,603
2018-11-02T00:00:00.000+10:00,0.522,10,603
2018-11-03T00:00:00.000+10:00,0.498,10,603
2018-11-04T00:00:00.000+10:00,0.477,10,603
2018-11-05T00:00:00.000+10:00,0.459,10,603
2018-11-06T00:00:00.000+10:00,0.444,10,603
2018-11-07T00:00:00.000+10:00,0.432,10,603
2018-11-08T00:00:00.000+10:00,0.422,10,603
2018-11-09T00:00:00.000+10:00,0.429,10,603
2018-11-10T00:00:00.000+10:00,0.433,10,603
2018-11-11T00:00:00.000+10:00,0.431,10,603
2018-11-12T00:00:00.000+10:00,0.429,10,603
2018-11-13T00:00:00.000+10:00,0.426,10,603
2018-11-14T00:00:00.000+10:00,0.417,10,603
2018-11-15T00:00:00.000+10:00,0.409,10,603
2018-11-16T00:00:00.000+10:00,0.404,10,603
2018-11-17T00:00:00.000+10:00,0.398,10,603
2018-11-18T00:00:00.000+10:00,0.401,10,603
2018-11-19T00:00:00.000+10:00,0.403,10,603
2018-11-20T00:00:00.000+10:00,0.425,10,603
2018-11-21T00:00:00.000+10:00,0.413,10,603
2018-11-22T00:00:00.000+10:00,0.432,10,603
2018-11-23T00:00:00.000+10:00,0.430,10,603
2018-11-24T00:00:00.000+10:00,0.418,10,603
2018-11-25T00:00:00.000+10:00,0.403,10,603
2018-11-26T00:00:00.000+10:00,0.392,10,603
2018-11-27T00:00:00.000+10:00,0.382,10,603
2018-11-28T00:00:00.000+10:00,0.374,10,603
2018-11-29T00:00:00.000+10:00,0.366,10,603
2018-11-30T00:00:00.000+10:00,0.356,10,603
2018-12-01T00:00:00.000+10:00,0.343,10,603
2018-12-02T00:00:00.000+10:00,0.335,10,603
2018-12-03T00:00:00.000+10:00,0.329,10,603
2018-12-04T00:00:00.000+10:00,0.324,10,603
2018-12-05T00:00:00.000+10:00,0.320,10,603
2018-12-06T00:00:00.000+10:00,0.316,10,603
2018-12-07T00:00:00.000+10:00,0.310,10,603
2018-12-08T00:00:00.000+10:00,0.306,10,603
2018-12-09T00:00:00.000+10:00,0.302,10,603
2018-12-10T00:00:00.000+10:00,0.300,10,603
2018-12-11T00:00:00.000+10:00,0.302,10,603
2018-12-12T00:00:00.000+10:00,0.303,10,603
2018-12-13T00:00:00.000+10:00,0.305,10,603
2018-12-14T00:00:00.000+10:00,0.317,10,603
2018-12-15T00:00:00.000+10:00,0.314,10,603
2018-12-16T00:00:00.000+10:00,1.307,10,603
2018-12-17T00:00:00.000+10:00,10.776,10,603
2018-12-18T00:00:00.000+10:00,9.641,10,603
2018-12-19T00:00:00.000+10:00,8.932,10,603
2018-12-20T00:00:00.000+10:00,5.940,10,603
2018-12-21T00:00:00.000+10:00,3.644,10,603
2018-12-22T00:00:00.000+10:00,3.525,10,603
2018-12-23T00:00:00.000+10:00,2.405,10,603
2018-12-24T00:00:00.000+10:00,1.833,10,603
2018-12-25T00:00:00.000+10:00,1.511,10,603
2018-12-26T00:00:00.000+10:00,1.300,10,603
2018-12-27T00:00:00.000+10:00,1.152,10,603
2018-12-28T00:00:00.000+10:00,1.025,10,603
2018-12-29T00:00:00.000+10:00,0.933,10,603
2018-12-30T00:00:00.000+10:00,0.856,10,603
2018-12-31T00:00:00.000+10:00,0.796,10,603
2019-01-01T00:00:00.000+10:00,0.740,10,603
2019-01-02T00:00:00.000+10:00,0.691,10,603
2019-01-03T00:00:00.000+10:00,0.651,10,603
2019-01-04T00:00:00.000+10:00,0.619,10,603
2019-01-05T00:00:00.000+10:00,0.595,10,603
2019-01-06T00:00:00.000+10:00,0.566,10,603
2019-01-07T00:00:00.000+10:00,0.553,10,603
2019-01-08T00:00:00.000+10:00,0.540,10,603
2019-01-09T00:00:00.000+10:00,0.526,10,603
2019-01-10T00:00:00.000+10:00,0.512,10,603
2019-01-11T00:00:00.000+10:00,0.495,10,603
2019-01-12T00:00:00.000+10:00,0.478,10,603
2019-01-13T00:00:00.000+10:00,0.466,10,603
2019-01-14T00:00:00.000+10:00,0.454,10,603
2019-01-15T00:00:00.000+10:00,0.443,10,603
2019-01-16T00:00:00.000+10:00,0.432,10,603
2019-01-17T00:00:00.000+10:00,0.420,10,603
2019-01-18T00:00:00.000+10:00,0.413,10,603
2019-01-19T00:00:00.000+10:00,0.405,10,603
2019-01-20T00:00:00.000+10:00,0.396,10,603
2019-01-21T00:00:00.000+10:00,0.389,10,603
2019-01-22T00:00:00.000+10:00,0.391,10,603
2019-01-23T00:00:00.000+10:00,0.392,10,603
2019-01-24T00:00:00.000+10:00,0.385,10,603
2019-01-25T00:00:00.000+10:00,0.376,10,603
2019-01-26T00:00:00.000+10:00,0.369,10,603
2019-01-27T00:00:00.000+10:00,0.362,10,603
2019-01-28T00:00:00.000+10:00,0.354,10,603
2019-01-29T00:00:00.000+10:00,0.346,10,603
2019-01-30T00:00:00.000+10:00,0.341,10,603
2019-01-31T00:00:00.000+10:00,0.335,10,603
2019-02-01T00:00:00.000+10:00,0.329,10,603
2019-02-02T00:00:00.000+10:00,0.323,10,603
2019-02-03T00:00:00.000+10:00,0.317,10,603
2019-02-04T00:00:00.000+10:00,0.313,10,603
2019-02-05T00:00:00.000+10:00,0.311,10,603
2019-02-06T00:00:00.000+10:00,0.313,10,603
2019-02-07T00:00:00.000+10:00,0.313,10,603
2019-02-08T00:00:00.000+10:00,0.310,10,603
2019-02-09T00:00:00.000+10:00,0.307,10,603
2019-02-10T00:00:00.000+10:00,0.304,10,603
2019-02-11T00:00:00.000+10:00,0.299,10,603
2019-02-12T00:00:00.000+10:00,0.297,10,603
2019-02-13T00:00:00.000+10:00,0.297,10,603
2019-02-14T00:00:00.000+10:00,0.295,10,603
2019-02-15T00:00:00.000+10:00,0.293,10,603
2019-02-16T00:00:00.000+10:00,0.289,10,603
2019-02-17T00:00:00.000+10:00,0.284,10,603
2019-02-18T00:00:00.000+10:00,0.279,10,603
2019-02-19T00:00:00.000+10:00,0.276,10,603
2019-02-20T00:00:00.000+10:00,0.275,110,603
2019-02-21T00:00:00.000+10:00,0.275,10,603
2019-02-22T00:00:00.000+10:00,0.272,10,603
2019-02-23T00:00:00.000+10:00,0.267,10,603
2019-02-24T00:00:00.000+10:00,0.261,10,603
2019-02-25T00:00:00.000+10:00,0.260,10,603
2019-02-26T00:00:00.000+10:00,0.262,10,603
2019-02-27T00:00:00.000+10:00,0.265,10,603
2019-02-28T00:00:00.000+10:00,0.265,10,603
2019-03-01T00:00:00.000+10:00,0.266,10,603
2019-03-02T00:00:00.000+10:00,0.270,10,603
2019-03-03T00:00:00.000+10:00,0.281,10,603
2019-03-04T00:00:00.000+10:00,0.284,10,603
2019-03-05T00:00:00.000+10:00,0.280,10,603
2019-03-06T00:00:00.000+10:00,0.274,10,603
2019-03-07T00:00:00.000+10:00,0.271,10,603
2019-03-08T00:00:00.000+10:00,0.273,10,603
2019-03-09T00:00:00.000+10:00,0.277,10,603
2019-03-10T00:00:00.000+10:00,0.274,10,603
2019-03-11T00:00:00.000+10:00,0.270,10,603
2019-03-12T00:00:00.000+10:00,0.265,10,603
2019-03-13T00:00:00.000+10:00,0.259,10,603
2019-03-14T00:00:00.000+10:00,0.271,10,603
2019-03-15T00:00:00.000+10:00,0.286,10,603
2019-03-16T00:00:00.000+10:00,0.290,10,603
2019-03-17T00:00:00.000+10:00,0.287,10,603
2019-03-18T00:00:00.000+10:00,0.301,10,603
2019-03-19T00:00:00.000+10:00,0.305,10,603
2019-03-20T00:00:00.000+10:00,0.318,10,603
2019-03-21T00:00:00.000+10:00,0.381,10,603
2019-03-22T00:00:00.000+10:00,0.374,10,603
2019-03-23T00:00:00.000+10:00,0.402,10,603
2019-03-24T00:00:00.000+10:00,0.360,10,603
2019-03-25T00:00:00.000+10:00,0.354,10,603
2019-03-26T00:00:00.000+10:00,0.354,10,603
2019-03-27T00:00:00.000+10:00,0.356,10,603
2019-03-28T00:00:00.000+10:00,0.340,10,603
2019-03-29T00:00:00.000+10:00,0.872,10,603
2019-03-30T00:00:00.000+10:00,0.778,10,603
2019-03-31T00:00:00.000+10:00,0.642,10,603
2019-04-01T00:00:00.000+10:00,0.567,10,603
2019-04-02T00:00:00.000+10:00,0.540,10,603
2019-04-03T00:00:00.000+10:00,0.513,10,603
2019-04-04T00:00:00.000+10:00,0.479,10,603
2019-04-05T00:00:00.000+10:00,0.486,10,603
2019-04-06T00:00:00.000+10:00,0.551,10,603
2019-04-07T00:00:00.000+10:00,0.532,10,603
2019-04-08T00:00:00.000+10:00,0.497,10,603
2019-04-09T00:00:00.000+10:00,0.471,10,603
2019-04-10T00:00:00.000+10:00,0.452,10,603
2019-04-11T00:00:00.000+10:00,0.431,10,603
2019-04-12T00:00:00.000+10:00,0.414,10,603
2019-04-13T00:00:00.000+10:00,0.400,10,603
2019-04-14T00:00:00.000+10:00,0.386,10,603
2019-04-15T00:00:00.000+10:00,0.376,10,603
2019-04-16T00:00:00.000+10:00,0.368,10,603
2019-04-17T00:00:00.000+10:00,0.360,10,603
2019-04-18T00:00:00.000+10:00,0.354,10,603
2019-04-19T00:00:00.000+10:00,0.350,10,603
2019-04-20T00:00:00.000+10:00,0.355,10,603
2019-04-21T00:00:00.000+10:00,0.354,10,603
2019-04-22T00:00:00.000+10:00,0.356,10,603
2019-04-23T00:00:00.000+10:00,0.387,10,603
2019-04-24T00:00:00.000+10:00,0.508,10,603
2019-04-25T00:00:00.000+10:00,0.501,10,603
2019-04-26T00:00:00.000+10:00,0.499,10,603
2019-04-27T00:00:00.000+10:00,0.493,10,603
2019-04-28T00:00:00.000+10:00,0.478,10,603
2019-04-29T00:00:00.000+10:00,0.459,10,603
2019-04-30T00:00:00.000+10:00,0.441,10,603
2019-05-01T00:00:00.000+10:00,0.428,10,603
2019-05-02T00:00:00.000+10:00,0.418,10,603
2019-05-03T00:00:00.000+10:00,0.408,10,603
2019-05-04T00:00:00.000+10:00,0.400,10,603
2019-05-05T00:00:00.000+10:00,0.392,10,603
2019-05-06T00:00:00.000+10:00,0.383,10,603
2019-05-07T00:00:00.000+10:00,0.376,10,603
2019-05-08T00:00:00.000+10:00,0.368,10,603
2019-05-09T00:00:00.000+10:00,0.360,10,603
2019-05-10T00:00:00.000+10:00,0.355,10,603
2019-05-11T00:00:00.000+10:00,0.350,10,603
2019-05-12T00:00:00.000+10:00,0.348,10,603
2019-05-13T00:00:00.000+10:00,0.343,10,603
2019-05-14T00:00:00.000+10:00,0.340,10,603
2019-05-15T00:00:00.000+10:00,0.335,10,603
2019-05-16T00:00:00.000+10:00,0.344,10,603
2019-05-17T00:00:00.000+10:00,0.356,10,603
2019-05-18T00:00:00.000+10:00,0.345,10,603
2019-05-19T00:00:00.000+10:00,0.334,10,603
2019-05-20T00:00:00.000+10:00,0.326,10,603
2019-05-21T00:00:00.000+10:00,0.322,10,603
2019-05-22T00:00:00.000+10:00,0.320,10,603
2019-05-23T00:00:00.000+10:00,0.318,10,603
2019-05-24T00:00:00.000+10:00,0.314,10,603
2019-05-25T00:00:00.000+10:00,0.311,10,603
2019-05-26T00:00:00.000+10:00,0.308,10,603
2019-05-27T00:00:00.000+10:00,0.304,10,603
2019-05-28T00:00:00.000+10:00,0.299,10,603
2019-05-29T00:00:00.000+10:00,0.294,10,603
2019-05-30T00:00:00.000+10:00,0.291,10,603
2019-05-31T00:00:00.000+10:00,0.286,10,603
2019-06-01T00:00:00.000+10:00,0.282,10,603
2019-06-02T00:00:00.000+10:00,0.280,10,603
2019-06-03T00:00:00.000+10:00,0.279,10,603
2019-06-04T00:00:00.000+10:00,0.273,10,603
2019-06-05T00:00:00.000+10:00,0.271,10,603
2019-06-06T00:00:00.000+10:00,0.266,10,603
2019-06-07T00:00:00.000+10:00,0.261,10,603
2019-06-08T00:00:00.000+10:00,0.260,10,603
2019-06-09T00:00:00.000+10:00,0.262,10,603
2019-06-10T00:00:00.000+10:00,0.263,10,603
2019-06-11T00:00:00.000+10:00,0.262,10,603
2019-06-12T00:00:00.000+10:00,0.258,10,603
2019-06-13T00:00:00.000+10:00,0.258,10,603
2019-06-14T00:00:00.000+10:00,0.259,10,603
2019-06-15T00:00:00.000+10:00,0.260,10,603
2019-06-16T00:00:00.000+10:00,0.260,10,603
2019-06-17T00:00:00.000+10:00,0.260,10,603
2019-06-18T00:00:00.000+10:00,0.256,10,603
2019-06-19T00:00:00.000+10:00,0.252,10,603
2019-06-20T00:00:00.000+10:00,0.250,10,603
2019-06-21T00:00:00.000+10:00,0.249,10,603
2019-06-22T00:00:00.000+10:00,0.248,10,603
2019-06-23T00:00:00.000+10:00,0.247,10,603
2019-06-24T00:00:00.000+10:00,0.250,10,603
2019-06-25T00:00:00.000+10:00,0.253,10,603
2019-06-26T00:00:00.000+10:00,0.256,10,603
2019-06-27T00:00:00.000+10:00,0.260,10,603
2019-06-28T00:00:00.000+10:00,0.268,10,603
2019-06-29T00:00:00.000+10:00,0.277,10,603
2019-06-30T00:00:00.000+10:00,0.505,10,603
2019-07-01T00:00:00.000+10:00,0.557,10,603
2019-07-02T00:00:00.000+10:00,0.495,10,603
2019-07-03T00:00:00.000+10:00,0.444,10,603
2019-07-04T00:00:00.000+10:00,0.415,10,603
2019-07-05T00:00:00.000+10:00,0.400,10,603
2019-07-06T00:00:00.000+10:00,0.384,10,603
2019-07-07T00:00:00.000+10:00,0.363,10,603
2019-07-08T00:00:00.000+10:00,0.367,10,603
2019-07-09T00:00:00.000+10:00,0.512,10,603
2019-07-10T00:00:00.000+10:00,0.511,10,603
2019-07-11T00:00:00.000+10:00,0.469,10,603
2019-07-12T00:00:00.000+10:00,0.442,10,603
2019-07-13T00:00:00.000+10:00,0.423,10,603
2019-07-14T00:00:00.000+10:00,0.400,10,603
2019-07-15T00:00:00.000+10:00,0.381,10,603
2019-07-16T00:00:00.000+10:00,0.368,10,603
2019-07-17T00:00:00.000+10:00,0.362,10,603
2019-07-18T00:00:00.000+10:00,0.355,10,603
2019-07-19T00:00:00.000+10:00,0.346,10,603
2019-07-20T00:00:00.000+10:00,0.334,10,603
2019-07-21T00:00:00.000+10:00,0.334,10,603
2019-07-22T00:00:00.000+10:00,0.334,10,603
2019-07-23T00:00:00.000+10:00,0.333,10,603
2019-07-24T00:00:00.000+10:00,0.327,10,603
2019-07-25T00:00:00.000+10:00,0.322,10,603
2019-07-26T00:00:00.000+10:00,0.325,10,603
2019-07-27T00:00:00.000+10:00,0.322,10,603
2019-07-28T00:00:00.000+10:00,0.319,10,603
2019-07-29T00:00:00.000+10:00,0.316,10,603
2019-07-30T00:00:00.000+10:00,0.314,10,603
2019-07-31T00:00:00.000+10:00,0.312,10,603
2019-08-01T00:00:00.000+10:00,0.304,10,603
2019-08-02T00:00:00.000+10:00,0.295,10,603
2019-08-03T00:00:00.000+10:00,0.289,10,603
2019-08-04T00:00:00.000+10:00,0.288,10,603
2019-08-05T00:00:00.000+10:00,0.288,10,603
2019-08-06T00:00:00.000+10:00,0.291,10,603
2019-08-07T00:00:00.000+10:00,0.288,10,603
2019-08-08T00:00:00.000+10:00,0.284,10,603
2019-08-09T00:00:00.000+10:00,0.279,10,603
2019-08-10T00:00:00.000+10:00,0.278,10,603
2019-08-11T00:00:00.000+10:00,0.274,10,603
2019-08-12T00:00:00.000+10:00,0.270,10,603
2019-08-13T00:00:00.000+10:00,0.266,10,603
2019-08-14T00:00:00.000+10:00,0.261,10,603
2019-08-15T00:00:00.000+10:00,0.259,10,603
2019-08-16T00:00:00.000+10:00,0.261,10,603
2019-08-17T00:00:00.000+10:00,0.261,10,603
2019-08-18T00:00:00.000+10:00,0.259,10,603
2019-08-19T00:00:00.000+10:00,0.252,10,603
2019-08-20T00:00:00.000+10:00,0.245,10,603
2019-08-21T00:00:00.000+10:00,0.241,10,603
2019-08-22T00:00:00.000+10:00,0.241,10,603
2019-08-23T00:00:00.000+10:00,0.240,10,603
2019-08-24T00:00:00.000+10:00,0.237,10,603
2019-08-25T00:00:00.000+10:00,0.236,10,603
2019-08-26T00:00:00.000+10:00,0.233,10,603
2019-08-27T00:00:00.000+10:00,0.233,10,603
2019-08-28T00:00:00.000+10:00,0.233,10,603
2019-08-29T00:00:00.000+10:00,0.231,10,603
2019-08-30T00:00:00.000+10:00,0.237,10,603
2019-08-31T00:00:00.000+10:00,0.241,10,603
2019-09-01T00:00:00.000+10:00,0.231,10,603
2019-09-02T00:00:00.000+10:00,0.226,10,603
2019-09-03T00:00:00.000+10:00,0.223,10,603
2019-09-04T00:00:00.000+10:00,0.221,10,603
2019-09-05T00:00:00.000+10:00,0.217,10,603
2019-09-06T00:00:00.000+10:00,0.213,10,603
2019-09-07T00:00:00.000+10:00,0.205,10,603
2019-09-08T00:00:00.000+10:00,0.200,10,603
2019-09-09T00:00:00.000+10:00,0.198,10,603
2019-09-10T00:00:00.000+10:00,0.196,10,603
2019-09-11T00:00:00.000+10:00,0.197,10,603
2019-09-12T00:00:00.000+10:00,0.196,10,603
2019-09-13T00:00:00.000+10:00,0.195,10,603
2019-09-14T00:00:00.000+10:00,0.193,10,603
2019-09-15T00:00:00.000+10:00,0.190,10,603
2019-09-16T00:00:00.000+10:00,0.188,10,603
2019-09-17T00:00:00.000+10:00,0.195,10,603
2019-09-18T00:00:00.000+10:00,0.285,10,603
2019-09-19T00:00:00.000+10:00,0.250,10,603
2019-09-20T00:00:00.000+10:00,0.227,10,603
2019-09-21T00:00:00.000+10:00,0.221,10,603
2019-09-22T00:00:00.000+10:00,0.214,10,603
2019-09-23T00:00:00.000+10:00,0.218,10,603
2019-09-24T00:00:00.000+10:00,0.220,10,603
2019-09-25T00:00:00.000+10:00,0.219,10,603
2019-09-26T00:00:00.000+10:00,0.227,10,603
2019-09-27T00:00:00.000+10:00,0.238,10,603
2019-09-28T00:00:00.000+10:00,0.240,10,603
2019-09-29T00:00:00.000+10:00,0.241,10,603
2019-09-30T00:00:00.000+10:00,0.245,10,603
2019-10-01T00:00:00.000+10:00,0.249,10,603
2019-10-02T00:00:00.000+10:00,0.239,10,603
2019-10-03T00:00:00.000+10:00,0.238,10,603
2019-10-04T00:00:00.000+10:00,0.241,10,603
2019-10-05T00:00:00.000+10:00,0.235,10,603
2019-10-06T00:00:00.000+10:00,0.234,10,603
2019-10-07T00:00:00.000+10:00,0.238,10,603
2019-10-08T00:00:00.000+10:00,0.246,10,603
2019-10-09T00:00:00.000+10:00,0.266,10,603
2019-10-10T00:00:00.000+10:00,0.255,10,603
2019-10-11T00:00:00.000+10:00,0.251,10,603
2019-10-12T00:00:00.000+10:00,0.279,10,603
2019-10-13T00:00:00.000+10:00,0.270,10,603
2019-10-14T00:00:00.000+10:00,0.268,10,603
2019-10-15T00:00:00.000+10:00,0.258,10,603
2019-10-16T00:00:00.000+10:00,0.252,10,603
2019-10-17T00:00:00.000+10:00,0.269,10,603
2019-10-18T00:00:00.000+10:00,0.255,10,603
2019-10-19T00:00:00.000+10:00,0.246,10,603
2019-10-20T00:00:00.000+10:00,0.245,10,603
2019-10-21T00:00:00.000+10:00,0.242,10,603
2019-10-22T00:00:00.000+10:00,0.239,10,603
2019-10-23T00:00:00.000+10:00,0.231,10,603
2019-10-24T00:00:00.000+10:00,0.223,10,603
2019-10-25T00:00:00.000+10:00,0.214,10,603
2019-10-26T00:00:00.000+10:00,0.209,10,603
2019-10-27T00:00:00.000+10:00,0.210,10,603
2019-10-28T00:00:00.000+10:00,0.205,10,603
2019-10-29T00:00:00.000+10:00,0.200,10,603
2019-10-30T00:00:00.000+10:00,0.201,10,603
2019-10-31T00:00:00.000+10:00,0.204,10,603
2019-11-01T00:00:00.000+10:00,0.204,10,603
2019-11-02T00:00:00.000+10:00,0.204,10,603
2019-11-03T00:00:00.000+10:00,0.203,10,603
2019-11-04T00:00:00.000+10:00,0.200,10,603
2019-11-05T00:00:00.000+10:00,0.192,10,603
2019-11-06T00:00:00.000+10:00,0.184,10,603
2019-11-07T00:00:00.000+10:00,0.180,10,603
2019-11-08T00:00:00.000+10:00,0.175,10,603
2019-11-09T00:00:00.000+10:00,0.163,10,603
2019-11-10T00:00:00.000+10:00,0.148,10,603
2019-11-11T00:00:00.000+10:00,0.140,10,603
2019-11-12T00:00:00.000+10:00,0.137,10,603
2019-11-13T00:00:00.000+10:00,0.134,10,603
2019-11-14T00:00:00.000+10:00,0.129,10,603
2019-11-15T00:00:00.000+10:00,0.120,10,603
2019-11-16T00:00:00.000+10:00,0.115,10,603
2019-11-17T00:00:00.000+10:00,0.112,10,603
2019-11-18T00:00:00.000+10:00,0.110,10,603
2019-11-19T00:00:00.000+10:00,0.108,10,603
2019-11-20T00:00:00.000+10:00,0.101,10,603
2019-11-21T00:00:00.000+10:00,0.094,10,603
2019-11-22T00:00:00.000+10:00,0.086,10,603
2019-11-23T00:00:00.000+10:00,0.079,10,603
2019-11-24T00:00:00.000+10:00,0.074,10,603
2019-11-25T00:00:00.000+10:00,0.070,10,603
2019-11-26T00:00:00.000+10:00,0.066,140,603
2019-11-27T00:00:00.000+10:00,0.050,90,603
2019-11-28T00:00:00.000+10:00,0.044,90,603
2019-11-29T00:00:00.000+10:00,0.052,90,603
2019-11-30T00:00:00.000+10:00,0.063,90,603
2019-12-01T00:00:00.000+10:00,0.059,90,603
2019-12-02T00:00:00.000+10:00,0.068,90,603
2019-12-03T00:00:00.000+10:00,0.064,90,603
2019-12-04T00:00:00.000+10:00,0.056,90,603
2019-12-05T00:00:00.000+10:00,0.043,90,603
2019-12-06T00:00:00.000+10:00,0.033,90,603
2019-12-07T00:00:00.000+10:00,0.026,90,603
2019-12-08T00:00:00.000+10:00,0.021,90,603
2019-12-09T00:00:00.000+10:00,0.017,90,603
2019-12-10T00:00:00.000+10:00,0.015,90,603
2019-12-11T00:00:00.000+10:00,0.012,90,603
2019-12-12T00:00:00.000+10:00,0.014,90,603
2019-12-13T00:00:00.000+10:00,0.013,90,603
2019-12-14T00:00:00.000+10:00,0.012,90,603
2019-12-15T00:00:00.000+10:00,0.007,90,603
2019-12-16T00:00:00.000+10:00,0.001,90,603
2019-12-17T00:00:00.000+10:00,0.002,90,603
2019-12-18T00:00:00.000+10:00,0.015,90,603
2019-12-19T00:00:00.000+10:00,0.001,90,603
2019-12-20T00:00:00.000+10:00,-0.009,90,603
2019-12-21T00:00:00.000+10:00,-0.015,90,603
2019-12-22T00:00:00.000+10:00,-0.019,90,603
2019-12-23T00:00:00.000+10:00,-0.022,90,603
2019-12-24T00:00:00.000+10:00,0.022,90,603
2019-12-25T00:00:00.000+10:00,0.213,90,603
2019-12-26T00:00:00.000+10:00,0.512,90,603
2019-12-27T00:00:00.000+10:00,0.301,90,603
2019-12-28T00:00:00.000+10:00,0.198,90,603
2019-12-29T00:00:00.000+10:00,0.144,90,603
2019-12-30T00:00:00.000+10:00,0.113,90,603
2019-12-31T00:00:00.000+10:00,0.093,90,603
2020-01-01T00:00:00.000+10:00,0.079,90,603
2020-01-02T00:00:00.000+10:00,0.070,90,603
2020-01-03T00:00:00.000+10:00,0.062,90,603
2020-01-04T00:00:00.000+10:00,0.060,90,603
2020-01-05T00:00:00.000+10:00,0.058,90,603
2020-01-06T00:00:00.000+10:00,0.053,90,603
2020-01-07T00:00:00.000+10:00,0.049,90,603
2020-01-08T00:00:00.000+10:00,0.043,90,603
2020-01-09T00:00:00.000+10:00,0.042,90,603
2020-01-10T00:00:00.000+10:00,0.043,90,603
2020-01-11T00:00:00.000+10:00,0.032,90,603
2020-01-12T00:00:00.000+10:00,0.024,90,603
2020-01-13T00:00:00.000+10:00,0.014,90,603
2020-01-14T00:00:00.000+10:00,0.006,90,603
2020-01-15T00:00:00.000+10:00,0.021,90,603
2020-01-16T00:00:00.000+10:00,0.086,90,603
2020-01-17T00:00:00.000+10:00,0.364,90,603
2020-01-18T00:00:00.000+10:00,2.432,90,603
2020-01-19T00:00:00.000+10:00,5.178,90,603
2020-01-20T00:00:00.000+10:00,4.847,90,603
2020-01-21T00:00:00.000+10:00,3.956,90,603
2020-01-22T00:00:00.000+10:00,2.020,90,603
2020-01-23T00:00:00.000+10:00,1.347,90,603
2020-01-24T00:00:00.000+10:00,1.021,90,603
2020-01-25T00:00:00.000+10:00,0.832,90,603
2020-01-26T00:00:00.000+10:00,0.706,90,603
2020-01-27T00:00:00.000+10:00,0.617,90,603
2020-01-28T00:00:00.000+10:00,0.556,90,603
2020-01-29T00:00:00.000+10:00,0.648,90,603
2020-01-30T00:00:00.000+10:00,0.625,90,603
2020-01-31T00:00:00.000+10:00,0.603,90,603
2020-02-01T00:00:00.000+10:00,0.580,90,603
2020-02-02T00:00:00.000+10:00,0.545,90,603
2020-02-03T00:00:00.000+10:00,0.402,90,603
2020-02-04T00:00:00.000+10:00,0.404,90,603
2020-02-05T00:00:00.000+10:00,0.379,90,603
2020-02-06T00:00:00.000+10:00,0.579,90,603
2020-02-07T00:00:00.000+10:00,6.599,90,603
2020-02-08T00:00:00.000+10:00,7.138,90,603
2020-02-09T00:00:00.000+10:00,11.623,90,603
2020-02-10T00:00:00.000+10:00,11.293,90,603
2020-02-11T00:00:00.000+10:00,11.107,90,603
2020-02-12T00:00:00.000+10:00,10.007,90,603
2020-02-13T00:00:00.000+10:00,12.415,90,603
2020-02-14T00:00:00.000+10:00,16.451,90,603
2020-02-15T00:00:00.000+10:00,15.603,90,603
2020-02-16T00:00:00.000+10:00,11.465,90,603
2020-02-17T00:00:00.000+10:00,7.504,90,603
2020-02-18T00:00:00.000+10:00,5.108,90,603
2020-02-19T00:00:00.000+10:00,3.557,90,603
2020-02-20T00:00:00.000+10:00,2.748,90,603
2020-02-21T00:00:00.000+10:00,2.261,90,603
2020-02-22T00:00:00.000+10:00,2.023,90,603
2020-02-23T00:00:00.000+10:00,2.276,90,603
2020-02-24T00:00:00.000+10:00,3.178,90,603
2020-02-25T00:00:00.000+10:00,4.685,90,603
2020-02-26T00:00:00.000+10:00,5.065,90,603
2020-02-27T00:00:00.000+10:00,4.093,90,603
2020-02-28T00:00:00.000+10:00,3.837,90,603
2020-02-29T00:00:00.000+10:00,3.004,90,603
2020-03-01T00:00:00.000+10:00,2.314,90,603
2020-03-02T00:00:00.000+10:00,1.936,90,603
2020-03-03T00:00:00.000+10:00,1.697,90,603
2020-03-04T00:00:00.000+10:00,1.523,90,603
2020-03-05T00:00:00.000+10:00,1.412,90,603
2020-03-06T00:00:00.000+10:00,1.445,90,603
2020-03-07T00:00:00.000+10:00,2.081,90,603
2020-03-08T00:00:00.000+10:00,1.948,90,603
2020-03-09T00:00:00.000+10:00,1.691,90,603
2020-03-10T00:00:00.000+10:00,1.477,90,603
2020-03-11T00:00:00.000+10:00,1.374,90,603
2020-03-12T00:00:00.000+10:00,1.369,90,603
2020-03-13T00:00:00.000+10:00,1.377,90,603
2020-03-14T00:00:00.000+10:00,1.301,90,603
2020-03-15T00:00:00.000+10:00,1.214,90,603
2020-03-16T00:00:00.000+10:00,1.151,90,603
2020-03-17T00:00:00.000+10:00,1.196,90,603
2020-03-18T00:00:00.000+10:00,1.373,140,603
2020-03-19T00:00:00.000+10:00,1.303,10,603
2020-03-20T00:00:00.000+10:00,1.211,10,603
2020-03-21T00:00:00.000+10:00,1.138,10,603
2020-03-22T00:00:00.000+10:00,1.051,10,603
2020-03-23T00:00:00.000+10:00,0.994,10,603
2020-03-24T00:00:00.000+10:00,0.956,10,603
2020-03-25T00:00:00.000+10:00,0.906,10,603
2020-03-26T00:00:00.000+10:00,0.900,10,603
2020-03-27T00:00:00.000+10:00,0.975,10,603
2020-03-28T00:00:00.000+10:00,0.916,10,603
2020-03-29T00:00:00.000+10:00,1.008,10,603
2020-03-30T00:00:00.000+10:00,1.105,10,603
2020-03-31T00:00:00.000+10:00,1.631,10,603
2020-04-01T00:00:00.000+10:00,1.191,10,603
2020-04-02T00:00:00.000+10:00,1.063,10,603
2020-04-03T00:00:00.000+10:00,0.994,10,603
2020-04-04T00:00:00.000+10:00,1.290,10,603
2020-04-05T00:00:00.000+10:00,1.234,10,603
2020-04-06T00:00:00.000+10:00,1.130,10,603
2020-04-07T00:00:00.000+10:00,1.016,10,603
2020-04-08T00:00:00.000+10:00,0.927,10,603
2020-04-09T00:00:00.000+10:00,0.862,10,603
2020-04-10T00:00:00.000+10:00,0.828,10,603
2020-04-11T00:00:00.000+10:00,1.030,10,603
2020-04-12T00:00:00.000+10:00,0.913,10,603
2020-04-13T00:00:00.000+10:00,0.873,10,603
2020-04-14T00:00:00.000+10:00,0.814,10,603
2020-04-15T00:00:00.000+10:00,0.768,10,603
2020-04-16T00:00:00.000+10:00,0.730,10,603
2020-04-17T00:00:00.000+10:00,0.699,10,603
2020-04-18T00:00:00.000+10:00,0.674,10,603
2020-04-19T00:00:00.000+10:00,0.653,10,603
2020-04-20T00:00:00.000+10:00,0.642,10,603
2020-04-21T00:00:00.000+10:00,0.619,10,603
2020-04-22T00:00:00.000+10:00,0.587,10,603
2020-04-23T00:00:00.000+10:00,0.573,10,603
2020-04-24T00:00:00.000+10:00,0.581,10,603
2020-04-25T00:00:00.000+10:00,0.571,10,603
2020-04-26T00:00:00.000+10:00,0.544,10,603
2020-04-27T00:00:00.000+10:00,0.528,10,603
2020-04-28T00:00:00.000+10:00,0.522,10,603
2020-04-29T00:00:00.000+10:00,0.546,10,603
2020-04-30T00:00:00.000+10:00,0.600,10,603
2020-05-01T00:00:00.000+10:00,0.583,10,603
2020-05-02T00:00:00.000+10:00,0.550,10,603
2020-05-03T00:00:00.000+10:00,0.504,10,603
2020-05-04T00:00:00.000+10:00,0.485,10,603
2020-05-05T00:00:00.000+10:00,0.471,10,603
2020-05-06T00:00:00.000+10:00,0.463,10,603
2020-05-07T00:00:00.000+10:00,0.458,10,603
2020-05-08T00:00:00.000+10:00,0.486,10,603
2020-05-09T00:00:00.000+10:00,0.557,10,603
2020-05-10T00:00:00.000+10:00,0.587,10,603
2020-05-11T00:00:00.000+10:00,0.592,10,603
2020-05-12T00:00:00.000+10:00,0.584,10,603
2020-05-13T00:00:00.000+10:00,0.527,10,603
2020-05-14T00:00:00.000+10:00,0.440,10,603
2020-05-15T00:00:00.000+10:00,0.454,10,603
2020-05-16T00:00:00.000+10:00,0.433,10,603
2020-05-17T00:00:00.000+10:00,0.422,10,603
2020-05-18T00:00:00.000+10:00,0.431,10,603
2020-05-19T00:00:00.000+10:00,0.430,10,603
2020-05-20T00:00:00.000+10:00,0.425,10,603
2020-05-21T00:00:00.000+10:00,0.414,10,603
2020-05-22T00:00:00.000+10:00,0.428,10,603
2020-05-23T00:00:00.000+10:00,0.432,10,603
2020-05-24T00:00:00.000+10:00,0.429,10,603
2020-05-25T00:00:00.000+10:00,0.429,10,603
2020-05-26T00:00:00.000+10:00,0.420,10,603
2020-05-27T00:00:00.000+10:00,0.411,10,603
2020-05-28T00:00:00.000+10:00,0.408,10,603
2020-05-29T00:00:00.000+10:00,0.401,10,603
2020-05-30T00:00:00.000+10:00,0.398,10,603
2020-05-31T00:00:00.000+10:00,0.397,10,603
2020-06-01T00:00:00.000+10:00,0.396,10,603
2020-06-02T00:00:00.000+10:00,0.388,10,603
2020-06-03T00:00:00.000+10:00,0.383,10,603
2020-06-04T00:00:00.000+10:00,0.379,10,603
2020-06-05T00:00:00.000+10:00,0.376,10,603
2020-06-06T00:00:00.000+10:00,0.373,10,603
2020-06-07T00:00:00.000+10:00,0.368,10,603
2020-06-08T00:00:00.000+10:00,0.368,10,603
2020-06-09T00:00:00.000+10:00,0.370,10,603
2020-06-10T00:00:00.000+10:00,0.384,10,603
2020-06-11T00:00:00.000+10:00,0.510,10,603
2020-06-12T00:00:00.000+10:00,0.536,10,603
2020-06-13T00:00:00.000+10:00,0.892,10,603
2020-06-14T00:00:00.000+10:00,0.916,10,603
2020-06-15T00:00:00.000+10:00,0.803,10,603
2020-06-16T00:00:00.000+10:00,0.710,10,603
2020-06-17T00:00:00.000+10:00,0.663,10,603
2020-06-18T00:00:00.000+10:00,0.631,10,603
2020-06-19T00:00:00.000+10:00,0.605,10,603
2020-06-20T00:00:00.000+10:00,0.575,10,603
2020-06-21T00:00:00.000+10:00,0.686,10,603
2020-06-22T00:00:00.000+10:00,0.795,10,603
2020-06-23T00:00:00.000+10:00,0.737,10,603
2020-06-24T00:00:00.000+10:00,0.689,10,603
2020-06-25T00:00:00.000+10:00,0.658,10,603
2020-06-26T00:00:00.000+10:00,0.647,10,603
2020-06-27T00:00:00.000+10:00,0.608,10,603
2020-06-28T00:00:00.000+10:00,0.573,10,603
2020-06-29T00:00:00.000+10:00,0.548,10,603
2020-06-30T00:00:00.000+10:00,0.522,10,603
2020-07-01T00:00:00.000+10:00,0.492,10,603
2020-07-02T00:00:00.000+10:00,0.477,10,603
2020-07-03T00:00:00.000+10:00,0.470,10,603
2020-07-04T00:00:00.000+10:00,0.463,10,603
2020-07-05T00:00:00.000+10:00,0.452,10,603
2020-07-06T00:00:00.000+10:00,0.437,10,603
2020-07-07T00:00:00.000+10:00,0.426,10,603
2020-07-08T00:00:00.000+10:00,0.421,10,603
2020-07-09T00:00:00.000+10:00,0.418,10,603
2020-07-10T00:00:00.000+10:00,0.412,10,603
2020-07-11T00:00:00.000+10:00,0.411,10,603
2020-07-12T00:00:00.000+10:00,0.409,10,603
2020-07-13T00:00:00.000+10:00,0.409,10,603
2020-07-14T00:00:00.000+10:00,0.409,10,603
2020-07-15T00:00:00.000+10:00,0.403,10,603
2020-07-16T00:00:00.000+10:00,0.397,10,603
2020-07-17T00:00:00.000+10:00,0.397,10,603
2020-07-18T00:00:00.000+10:00,0.389,10,603
2020-07-19T00:00:00.000+10:00,0.383,10,603
2020-07-20T00:00:00.000+10:00,0.378,10,603
2020-07-21T00:00:00.000+10:00,0.373,10,603
2020-07-22T00:00:00.000+10:00,0.369,10,603
2020-07-23T00:00:00.000+10:00,0.365,10,603
2020-07-24T00:00:00.000+10:00,0.361,10,603
2020-07-25T00:00:00.000+10:00,0.362,10,603
2020-07-26T00:00:00.000+10:00,0.384,10,603
2020-07-27T00:00:00.000+10:00,0.619,10,603
2020-07-28T00:00:00.000+10:00,1.872,10,603
2020-07-29T00:00:00.000+10:00,1.633,10,603
2020-07-30T00:00:00.000+10:00,1.173,10,603
2020-07-31T00:00:00.000+10:00,0.932,10,603
2020-08-01T00:00:00.000+10:00,0.802,10,603
2020-08-02T00:00:00.000+10:00,0.723,10,603
2020-08-03T00:00:00.000+10:00,0.671,10,603
2020-08-04T00:00:00.000+10:00,0.618,10,603
2020-08-05T00:00:00.000+10:00,0.579,10,603
2020-08-06T00:00:00.000+10:00,0.555,10,603
2020-08-07T00:00:00.000+10:00,0.540,10,603
2020-08-08T00:00:00.000+10:00,0.527,10,603
2020-08-09T00:00:00.000+10:00,0.512,10,603
2020-08-10T00:00:00.000+10:00,0.515,10,603
2020-08-11T00:00:00.000+10:00,0.518,10,603
2020-08-12T00:00:00.000+10:00,0.496,10,603
2020-08-13T00:00:00.000+10:00,0.481,10,603
2020-08-14T00:00:00.000+10:00,0.469,10,603
2020-08-15T00:00:00.000+10:00,0.467,10,603
2020-08-16T00:00:00.000+10:00,0.460,10,603
2020-08-17T00:00:00.000+10:00,0.453,10,603
2020-08-18T00:00:00.000+10:00,0.452,10,603
2020-08-19T00:00:00.000+10:00,0.447,10,603
2020-08-20T00:00:00.000+10:00,0.432,10,603
2020-08-21T00:00:00.000+10:00,0.420,10,603
2020-08-22T00:00:00.000+10:00,0.410,10,603
2020-08-23T00:00:00.000+10:00,0.401,10,603
2020-08-24T00:00:00.000+10:00,0.391,10,603
2020-08-25T00:00:00.000+10:00,0.383,10,603
2020-08-26T00:00:00.000+10:00,0.377,10,603
2020-08-27T00:00:00.000+10:00,0.371,10,603
2020-08-28T00:00:00.000+10:00,0.367,10,603
2020-08-29T00:00:00.000+10:00,0.363,10,603
2020-08-30T00:00:00.000+10:00,0.360,10,603
2020-08-31T00:00:00.000+10:00,0.357,10,603
2020-09-01T00:00:00.000+10:00,0.355,10,603
2020-09-02T00:00:00.000+10:00,0.352,10,603
2020-09-03T00:00:00.000+10:00,0.349,10,603
2020-09-04T00:00:00.000+10:00,0.347,10,603
2020-09-05T00:00:00.000+10:00,0.344,10,603
2020-09-06T00:00:00.000+10:00,0.341,10,603
2020-09-07T00:00:00.000+10:00,0.338,10,603
2020-09-08T00:00:00.000+10:00,0.342,10,603
2020-09-09T00:00:00.000+10:00,0.339,10,603
2020-09-10T00:00:00.000+10:00,0.341,10,603
2020-09-11T00:00:00.000+10:00,0.370,10,603
2020-09-12T00:00:00.000+10:00,0.353,10,603
2020-09-13T00:00:00.000+10:00,0.346,10,603
2020-09-14T00:00:00.000+10:00,0.346,10,603
2020-09-15T00:00:00.000+10:00,0.376,10,603
2020-09-16T00:00:00.000+10:00,0.384,10,603
2020-09-17T00:00:00.000+10:00,0.367,10,603
2020-09-18T00:00:00.000+10:00,0.355,10,603
2020-09-19T00:00:00.000+10:00,0.349,10,603
2020-09-20T00:00:00.000+10:00,0.347,10,603
2020-09-21T00:00:00.000+10:00,0.343,10,603
2020-09-22T00:00:00.000+10:00,0.336,10,603
2020-09-23T00:00:00.000+10:00,0.329,10,603
2020-09-24T00:00:00.000+10:00,0.322,10,603
2020-09-25T00:00:00.000+10:00,0.318,10,603
2020-09-26T00:00:00.000+10:00,0.314,10,603
2020-09-27T00:00:00.000+10:00,0.307,10,603
2020-09-28T00:00:00.000+10:00,0.302,10,603
2020-09-29T00:00:00.000+10:00,0.298,10,603
2020-09-30T00:00:00.000+10:00,0.293,10,603
2020-10-01T00:00:00.000+10:00,0.290,10,603
2020-10-02T00:00:00.000+10:00,0.282,10,603
2020-10-03T00:00:00.000+10:00,0.278,10,603
2020-10-04T00:00:00.000+10:00,0.276,10,603
2020-10-05T00:00:00.000+10:00,0.273,10,603
2020-10-06T00:00:00.000+10:00,0.270,10,603
2020-10-07T00:00:00.000+10:00,0.267,10,603
2020-10-08T00:00:00.000+10:00,0.263,10,603
2020-10-09T00:00:00.000+10:00,0.259,10,603
2020-10-10T00:00:00.000+10:00,0.253,10,603
2020-10-11T00:00:00.000+10:00,0.248,10,603
2020-10-12T00:00:00.000+10:00,0.245,10,603
2020-10-13T00:00:00.000+10:00,0.252,10,603
2020-10-14T00:00:00.000+10:00,0.245,10,603
2020-10-15T00:00:00.000+10:00,0.244,10,603
2020-10-16T00:00:00.000+10:00,0.246,10,603
2020-10-17T00:00:00.000+10:00,0.259,10,603
2020-10-18T00:00:00.000+10:00,0.254,10,603
2020-10-19T00:00:00.000+10:00,0.254,10,603
2020-10-20T00:00:00.000+10:00,0.252,10,603
2020-10-21T00:00:00.000+10:00,0.242,10,603
2020-10-22T00:00:00.000+10:00,0.241,10,603
2020-10-23T00:00:00.000+10:00,0.336,10,603
2020-10-24T00:00:00.000+10:00,0.324,10,603
2020-10-25T00:00:00.000+10:00,0.272,10,603
2020-10-26T00:00:00.000+10:00,0.331,10,603
2020-10-27T00:00:00.000+10:00,0.356,10,603
2020-10-28T00:00:00.000+10:00,0.299,110,603
2020-10-29T00:00:00.000+10:00,0.362,110,603
2020-10-30T00:00:00.000+10:00,0.367,110,603
2020-10-31T00:00:00.000+10:00,0.348,110,603
2020-11-01T00:00:00.000+10:00,0.338,110,603
2020-11-02T00:00:00.000+10:00,0.402,110,603
2020-11-03T00:00:00.000+10:00,0.422,110,603
2020-11-04T00:00:00.000+10:00,0.395,110,603
2020-11-05T00:00:00.000+10:00,0.367,10,603
2020-11-06T00:00:00.000+10:00,0.344,10,603
2020-11-07T00:00:00.000+10:00,0.327,10,603
2020-11-08T00:00:00.000+10:00,0.313,10,603
2020-11-09T00:00:00.000+10:00,0.300,10,603
2020-11-10T00:00:00.000+10:00,0.292,10,603
2020-11-11T00:00:00.000+10:00,0.287,10,603
2020-11-12T00:00:00.000+10:00,0.282,10,603
2020-11-13T00:00:00.000+10:00,0.281,10,603
2020-11-14T00:00:00.000+10:00,0.281,10,603
2020-11-15T00:00:00.000+10:00,0.275,10,603
2020-11-16T00:00:00.000+10:00,0.265,10,603
2020-11-17T00:00:00.000+10:00,0.262,10,603
2020-11-18T00:00:00.000+10:00,0.255,110,603
2020-11-19T00:00:00.000+10:00,0.252,110,603
2020-11-20T00:00:00.000+10:00,0.251,10,603
2020-11-21T00:00:00.000+10:00,0.249,10,603
2020-11-22T00:00:00.000+10:00,0.245,10,603
2020-11-23T00:00:00.000+10:00,0.241,10,603
2020-11-24T00:00:00.000+10:00,0.233,10,603
2020-11-25T00:00:00.000+10:00,0.219,10,603
2020-11-26T00:00:00.000+10:00,0.213,10,603
2020-11-27T00:00:00.000+10:00,0.222,10,603
2020-11-28T00:00:00.000+10:00,0.213,10,603
2020-11-29T00:00:00.000+10:00,0.202,10,603
2020-11-30T00:00:00.000+10:00,0.197,10,603
2020-12-01T00:00:00.000+10:00,0.187,10,603
2020-12-02T00:00:00.000+10:00,0.180,10,603
2020-12-03T00:00:00.000+10:00,0.182,10,603
2020-12-04T00:00:00.000+10:00,0.192,10,603
2020-12-05T00:00:00.000+10:00,0.187,10,603
2020-12-06T00:00:00.000+10:00,0.193,10,603
2020-12-07T00:00:00.000+10:00,0.194,10,603
2020-12-08T00:00:00.000+10:00,0.196,10,603
2020-12-09T00:00:00.000+10:00,0.182,10,603
2020-12-10T00:00:00.000+10:00,0.174,10,603
2020-12-11T00:00:00.000+10:00,0.180,10,603
2020-12-12T00:00:00.000+10:00,0.265,10,603
2020-12-13T00:00:00.000+10:00,0.345,10,603
2020-12-14T00:00:00.000+10:00,1.231,10,603
2020-12-15T00:00:00.000+10:00,6.202,10,603
2020-12-16T00:00:00.000+10:00,9.248,10,603
2020-12-17T00:00:00.000+10:00,13.475,10,603
2020-12-18T00:00:00.000+10:00,12.863,10,603
2020-12-19T00:00:00.000+10:00,10.101,10,603
2020-12-20T00:00:00.000+10:00,7.742,10,603
2020-12-21T00:00:00.000+10:00,4.817,10,603
2020-12-22T00:00:00.000+10:00,3.645,10,603
2020-12-23T00:00:00.000+10:00,2.689,10,603
2020-12-24T00:00:00.000+10:00,2.162,10,603
2020-12-25T00:00:00.000+10:00,1.838,10,603
2020-12-26T00:00:00.000+10:00,1.637,10,603
2020-12-27T00:00:00.000+10:00,1.501,10,603
2020-12-28T00:00:00.000+10:00,1.424,10,603
2020-12-29T00:00:00.000+10:00,1.380,10,603
2020-12-30T00:00:00.000+10:00,1.607,10,603
2020-12-31T00:00:00.000+10:00,1.860,10,603
2021-01-01T00:00:00.000+10:00,1.800,10,603
2021-01-02T00:00:00.000+10:00,1.659,10,603
2021-01-03T00:00:00.000+10:00,2.350,10,603
2021-01-04T00:00:00.000+10:00,2.926,10,603
2021-01-05T00:00:00.000+10:00,2.412,10,603
2021-01-06T00:00:00.000+10:00,2.640,10,603
2021-01-07T00:00:00.000+10:00,3.800,10,603
2021-01-08T00:00:00.000+10:00,3.868,10,603
2021-01-09T00:00:00.000+10:00,3.928,10,603
2021-01-10T00:00:00.000+10:00,3.195,10,603
2021-01-11T00:00:00.000+10:00,2.592,10,603
2021-01-12T00:00:00.000+10:00,2.277,10,603
2021-01-13T00:00:00.000+10:00,1.975,10,603
2021-01-14T00:00:00.000+10:00,1.729,10,603
2021-01-15T00:00:00.000+10:00,1.563,10,603
2021-01-16T00:00:00.000+10:00,1.544,10,603
2021-01-17T00:00:00.000+10:00,1.334,10,603
2021-01-18T00:00:00.000+10:00,1.227,10,603
2021-01-19T00:00:00.000+10:00,1.370,10,603
2021-01-20T00:00:00.000+10:00,1.954,140,603
2021-01-21T00:00:00.000+10:00,2.113,90,603
2021-01-22T00:00:00.000+10:00,1.710,90,603
2021-01-23T00:00:00.000+10:00,1.444,90,603
2021-01-24T00:00:00.000+10:00,1.271,90,603
2021-01-25T00:00:00.000+10:00,1.141,90,603
2021-01-26T00:00:00.000+10:00,1.046,90,603
2021-01-27T00:00:00.000+10:00,0.974,90,603
2021-01-28T00:00:00.000+10:00,0.944,90,603
2021-01-29T00:00:00.000+10:00,1.011,90,603
2021-01-30T00:00:00.000+10:00,1.204,90,603
2021-01-31T00:00:00.000+10:00,1.164,90,603
2021-02-01T00:00:00.000+10:00,1.072,90,603
2021-02-02T00:00:00.000+10:00,1.025,90,603
2021-02-03T00:00:00.000+10:00,0.988,90,603
2021-02-04T00:00:00.000+10:00,0.955,90,603
2021-02-05T00:00:00.000+10:00,0.924,90,603
2021-02-06T00:00:00.000+10:00,0.897,90,603
2021-02-07T00:00:00.000+10:00,0.895,90,603
2021-02-08T00:00:00.000+10:00,0.861,90,603
2021-02-09T00:00:00.000+10:00,0.833,90,603
2021-02-10T00:00:00.000+10:00,0.811,90,603
2021-02-11T00:00:00.000+10:00,0.744,90,603
2021-02-12T00:00:00.000+10:00,0.617,90,603
2021-02-13T00:00:00.000+10:00,0.593,90,603
2021-02-14T00:00:00.000+10:00,0.598,90,603
2021-02-15T00:00:00.000+10:00,0.584,90,603
2021-02-16T00:00:00.000+10:00,0.586,90,603
2021-02-17T00:00:00.000+10:00,0.713,90,603
2021-02-18T00:00:00.000+10:00,0.736,90,603
2021-02-19T00:00:00.000+10:00,1.448,90,603
2021-02-20T00:00:00.000+10:00,2.953,90,603
2021-02-21T00:00:00.000+10:00,3.533,110,603
2021-02-22T00:00:00.000+10:00,2.992,90,603
2021-02-23T00:00:00.000+10:00,2.318,90,603
2021-02-24T00:00:00.000+10:00,2.088,90,603
2021-02-25T00:00:00.000+10:00,3.618,90,603
2021-02-26T00:00:00.000+10:00,8.061,90,603
2021-02-27T00:00:00.000+10:00,12.831,90,603
2021-02-28T00:00:00.000+10:00,11.931,90,603
2021-03-01T00:00:00.000+10:00,8.976,90,603
2021-03-02T00:00:00.000+10:00,5.745,90,603
2021-03-03T00:00:00.000+10:00,3.809,90,603
2021-03-04T00:00:00.000+10:00,3.268,90,603
2021-03-05T00:00:00.000+10:00,3.130,90,603
2021-03-06T00:00:00.000+10:00,2.693,90,603
2021-03-07T00:00:00.000+10:00,2.330,90,603
2021-03-08T00:00:00.000+10:00,2.140,90,603
2021-03-09T00:00:00.000+10:00,2.424,90,603
2021-03-10T00:00:00.000+10:00,3.025,90,603
2021-03-11T00:00:00.000+10:00,3.298,90,603
2021-03-12T00:00:00.000+10:00,3.240,90,603
2021-03-13T00:00:00.000+10:00,2.291,90,603
2021-03-14T00:00:00.000+10:00,1.927,90,603
2021-03-15T00:00:00.000+10:00,2.683,90,603
2021-03-16T00:00:00.000+10:00,2.648,90,603
2021-03-17T00:00:00.000+10:00,2.237,90,603
2021-03-18T00:00:00.000+10:00,2.346,90,603
2021-03-19T00:00:00.000+10:00,4.515,90,603
2021-03-20T00:00:00.000+10:00,6.617,90,603
2021-03-21T00:00:00.000+10:00,8.471,90,603
2021-03-22T00:00:00.000+10:00,11.892,90,603
2021-03-23T00:00:00.000+10:00,17.027,90,603
2021-03-24T00:00:00.000+10:00,18.903,90,603
2021-03-25T00:00:00.000+10:00,16.229,90,603
2021-03-26T00:00:00.000+10:00,11.469,90,603
2021-03-27T00:00:00.000+10:00,7.044,90,603
2021-03-28T00:00:00.000+10:00,3.973,90,603
2021-03-29T00:00:00.000+10:00,3.060,90,603
2021-03-30T00:00:00.000+10:00,2.631,90,603
2021-03-31T00:00:00.000+10:00,2.350,90,603
2021-04-01T00:00:00.000+10:00,2.144,90,603
2021-04-02T00:00:00.000+10:00,1.983,90,603
2021-04-03T00:00:00.000+10:00,1.853,90,603
2021-04-04T00:00:00.000+10:00,1.753,90,603
2021-04-05T00:00:00.000+10:00,1.680,90,603
2021-04-06T00:00:00.000+10:00,1.802,90,603
2021-04-07T00:00:00.000+10:00,2.536,90,603
2021-04-08T00:00:00.000+10:00,2.937,90,603
2021-04-09T00:00:00.000+10:00,3.291,90,603
2021-04-10T00:00:00.000+10:00,3.254,90,603
2021-04-11T00:00:00.000+10:00,2.638,90,603
2021-04-12T00:00:00.000+10:00,2.124,90,603
2021-04-13T00:00:00.000+10:00,1.837,90,603
2021-04-14T00:00:00.000+10:00,1.657,90,603
2021-04-15T00:00:00.000+10:00,1.544,90,603
2021-04-16T00:00:00.000+10:00,1.496,90,603
2021-04-17T00:00:00.000+10:00,1.479,90,603
2021-04-18T00:00:00.000+10:00,1.557,90,603
2021-04-19T00:00:00.000+10:00,1.486,90,603
2021-04-20T00:00:00.000+10:00,1.407,90,603
2021-04-21T00:00:00.000+10:00,1.306,90,603
2021-04-22T00:00:00.000+10:00,1.208,90,603
2021-04-23T00:00:00.000+10:00,1.127,90,603
2021-04-24T00:00:00.000+10:00,1.070,90,603
2021-04-25T00:00:00.000+10:00,1.032,90,603
2021-04-26T00:00:00.000+10:00,0.999,90,603
2021-04-27T00:00:00.000+10:00,0.965,90,603
2021-04-28T00:00:00.000+10:00,0.934,90,603
2021-04-29T00:00:00.000+10:00,0.936,90,603
2021-04-30T00:00:00.000+10:00,0.922,90,603
2021-05-01T00:00:00.000+10:00,0.945,90,603
2021-05-02T00:00:00.000+10:00,0.972,90,603
2021-05-03T00:00:00.000+10:00,0.988,90,603
2021-05-04T00:00:00.000+10:00,1.053,90,603
2021-05-05T00:00:00.000+10:00,1.044,90,603
2021-05-06T00:00:00.000+10:00,1.260,90,603
2021-05-07T00:00:00.000+10:00,1.441,90,603
2021-05-08T00:00:00.000+10:00,1.328,90,603
2021-05-09T00:00:00.000+10:00,1.165,90,603
2021-05-10T00:00:00.000+10:00,1.404,90,603
2021-05-11T00:00:00.000+10:00,1.468,90,603
2021-05-12T00:00:00.000+10:00,1.450,90,603
2021-05-13T00:00:00.000+10:00,1.661,90,603
2021-05-14T00:00:00.000+10:00,1.753,90,603
2021-05-15T00:00:00.000+10:00,1.604,90,603
2021-05-16T00:00:00.000+10:00,1.351,90,603
2021-05-17T00:00:00.000+10:00,1.185,90,603
2021-05-18T00:00:00.000+10:00,1.077,90,603
2021-05-19T00:00:00.000+10:00,0.997,90,603
2021-05-20T00:00:00.000+10:00,0.940,90,603
2021-05-21T00:00:00.000+10:00,0.891,90,603
2021-05-22T00:00:00.000+10:00,0.855,90,603
2021-05-23T00:00:00.000+10:00,0.827,90,603
2021-05-24T00:00:00.000+10:00,0.803,90,603
2021-05-25T00:00:00.000+10:00,0.782,90,603
2021-05-26T00:00:00.000+10:00,0.771,90,603
2021-05-27T00:00:00.000+10:00,0.753,90,603
2021-05-28T00:00:00.000+10:00,0.732,90,603
2021-05-29T00:00:00.000+10:00,0.709,90,603
2021-05-30T00:00:00.000+10:00,0.687,90,603
2021-05-31T00:00:00.000+10:00,0.674,90,603
2021-06-01T00:00:00.000+10:00,0.659,90,603
2021-06-02T00:00:00.000+10:00,0.647,90,603
2021-06-03T00:00:00.000+10:00,0.641,90,603
2021-06-04T00:00:00.000+10:00,0.636,90,603
2021-06-05T00:00:00.000+10:00,0.628,90,603
2021-06-06T00:00:00.000+10:00,0.618,90,603
2021-06-07T00:00:00.000+10:00,0.605,90,603
2021-06-08T00:00:00.000+10:00,0.590,90,603
2021-06-09T00:00:00.000+10:00,0.588,90,603
2021-06-10T00:00:00.000+10:00,0.596,90,603
2021-06-11T00:00:00.000+10:00,0.599,90,603
2021-06-12T00:00:00.000+10:00,0.590,90,603
2021-06-13T00:00:00.000+10:00,0.576,90,603
2021-06-14T00:00:00.000+10:00,0.563,90,603
2021-06-15T00:00:00.000+10:00,0.553,90,603
2021-06-16T00:00:00.000+10:00,0.546,90,603
2021-06-17T00:00:00.000+10:00,0.545,90,603
2021-06-18T00:00:00.000+10:00,0.541,90,603
2021-06-19T00:00:00.000+10:00,0.535,90,603
2021-06-20T00:00:00.000+10:00,0.539,90,603
2021-06-21T00:00:00.000+10:00,0.519,90,603
2021-06-22T00:00:00.000+10:00,0.506,90,603
2021-06-23T00:00:00.000+10:00,0.500,90,603
2021-06-24T00:00:00.000+10:00,0.501,90,603
2021-06-25T00:00:00.000+10:00,0.502,90,603
2021-06-26T00:00:00.000+10:00,0.503,90,603
2021-06-27T00:00:00.000+10:00,0.504,90,603
2021-06-28T00:00:00.000+10:00,0.504,90,603
2021-06-29T00:00:00.000+10:00,0.502,90,603
2021-06-30T00:00:00.000+10:00,0.503,90,603
2021-07-01T00:00:00.000+10:00,0.523,90,603
2021-07-02T00:00:00.000+10:00,0.590,90,603
2021-07-03T00:00:00.000+10:00,0.747,90,603
2021-07-04T00:00:00.000+10:00,0.893,90,603
2021-07-05T00:00:00.000+10:00,0.864,90,603
2021-07-06T00:00:00.000+10:00,0.758,90,603
2021-07-07T00:00:00.000+10:00,0.682,90,603
2021-07-08T00:00:00.000+10:00,0.632,90,603
2021-07-09T00:00:00.000+10:00,0.619,90,603
2021-07-10T00:00:00.000+10:00,0.609,90,603
2021-07-11T00:00:00.000+10:00,0.595,90,603
2021-07-12T00:00:00.000+10:00,0.578,90,603
2021-07-13T00:00:00.000+10:00,0.560,90,603
2021-07-14T00:00:00.000+10:00,0.562,90,603
2021-07-15T00:00:00.000+10:00,0.589,90,603
2021-07-16T00:00:00.000+10:00,0.614,90,603
2021-07-17T00:00:00.000+10:00,0.648,90,603
2021-07-18T00:00:00.000+10:00,0.627,90,603
2021-07-19T00:00:00.000+10:00,0.588,90,603
2021-07-20T00:00:00.000+10:00,0.549,90,603
2021-07-21T00:00:00.000+10:00,0.521,90,603
2021-07-22T00:00:00.000+10:00,0.501,90,603
2021-07-23T00:00:00.000+10:00,0.494,90,603
2021-07-24T00:00:00.000+10:00,0.498,90,603
2021-07-25T00:00:00.000+10:00,0.490,90,603
2021-07-26T00:00:00.000+10:00,0.482,90,603
2021-07-27T00:00:00.000+10:00,0.473,90,603
2021-07-28T00:00:00.000+10:00,0.462,90,603
2021-07-29T00:00:00.000+10:00,0.456,90,603
2021-07-30T00:00:00.000+10:00,0.450,90,603
2021-07-31T00:00:00.000+10:00,0.443,90,603
2021-08-01T00:00:00.000+10:00,0.438,90,603
2021-08-02T00:00:00.000+10:00,0.435,90,603
2021-08-03T00:00:00.000+10:00,0.452,90,603
2021-08-04T00:00:00.000+10:00,0.480,90,603
2021-08-05T00:00:00.000+10:00,0.476,90,603
2021-08-06T00:00:00.000+10:00,0.480,90,603
2021-08-07T00:00:00.000+10:00,0.478,90,603
2021-08-08T00:00:00.000+10:00,0.468,90,603
2021-08-09T00:00:00.000+10:00,0.452,90,603
2021-08-10T00:00:00.000+10:00,0.438,90,603
2021-08-11T00:00:00.000+10:00,0.431,90,603
2021-08-12T00:00:00.000+10:00,0.428,90,603
2021-08-13T00:00:00.000+10:00,0.429,90,603
2021-08-14T00:00:00.000+10:00,0.420,90,603
2021-08-15T00:00:00.000+10:00,0.423,90,603
2021-08-16T00:00:00.000+10:00,0.418,90,603
2021-08-17T00:00:00.000+10:00,0.414,90,603
2021-08-18T00:00:00.000+10:00,0.412,90,603
2021-08-19T00:00:00.000+10:00,0.406,90,603
2021-08-20T00:00:00.000+10:00,0.400,90,603
2021-08-21T00:00:00.000+10:00,0.395,110,603
2021-08-22T00:00:00.000+10:00,0.389,110,603
2021-08-23T00:00:00.000+10:00,0.385,110,603
2021-08-24T00:00:00.000+10:00,0.381,110,603
2021-08-25T00:00:00.000+10:00,0.376,140,603
2021-08-26T00:00:00.000+10:00,0.373,10,603
2021-08-27T00:00:00.000+10:00,0.389,10,603
2021-08-28T00:00:00.000+10:00,0.404,10,603
2021-08-29T00:00:00.000+10:00,0.363,10,603
2021-08-30T00:00:00.000+10:00,0.356,10,603
2021-08-31T00:00:00.000+10:00,0.351,10,603
2021-09-01T00:00:00.000+10:00,0.350,10,603
2021-09-02T00:00:00.000+10:00,0.398,10,603
2021-09-03T00:00:00.000+10:00,0.370,10,603
2021-09-04T00:00:00.000+10:00,0.410,10,603
2021-09-05T00:00:00.000+10:00,0.401,10,603
2021-09-06T00:00:00.000+10:00,0.392,10,603
2021-09-07T00:00:00.000+10:00,0.385,10,603
2021-09-08T00:00:00.000+10:00,0.368,10,603
2021-09-09T00:00:00.000+10:00,0.353,10,603
2021-09-10T00:00:00.000+10:00,0.348,10,603
2021-09-11T00:00:00.000+10:00,0.345,10,603
2021-09-12T00:00:00.000+10:00,0.342,10,603
2021-09-13T00:00:00.000+10:00,0.340,10,603
2021-09-14T00:00:00.000+10:00,0.337,10,603
2021-09-15T00:00:00.000+10:00,0.333,110,603
2021-09-16T00:00:00.000+10:00,0.331,10,603
2021-09-17T00:00:00.000+10:00,0.327,10,603
2021-09-18T00:00:00.000+10:00,0.324,10,603
2021-09-19T00:00:00.000+10:00,0.322,10,603
2021-09-20T00:00:00.000+10:00,0.320,10,603
2021-09-21T00:00:00.000+10:00,0.319,10,603
2021-09-22T00:00:00.000+10:00,0.315,10,603
2021-09-23T00:00:00.000+10:00,0.312,10,603
2021-09-24T00:00:00.000+10:00,0.310,10,603
2021-09-25T00:00:00.000+10:00,0.309,10,603
2021-09-26T00:00:00.000+10:00,0.309,10,603
2021-09-27T00:00:00.000+10:00,0.308,10,603
2021-09-28T00:00:00.000+10:00,0.307,10,603
2021-09-29T00:00:00.000+10:00,0.306,10,603
2021-09-30T00:00:00.000+10:00,0.317,10,603
2021-10-01T00:00:00.000+10:00,0.320,10,603
2021-10-02T00:00:00.000+10:00,0.334,10,603
2021-10-03T00:00:00.000+10:00,0.352,10,603
2021-10-04T00:00:00.000+10:00,0.420,10,603
2021-10-05T00:00:00.000+10:00,0.398,10,603
2021-10-06T00:00:00.000+10:00,0.370,10,603
2021-10-07T00:00:00.000+10:00,0.352,10,603
2021-10-08T00:00:00.000+10:00,0.347,10,603
2021-10-09T00:00:00.000+10:00,0.324,10,603
2021-10-10T00:00:00.000+10:00,0.317,10,603
2021-10-11T00:00:00.000+10:00,0.316,10,603
2021-10-12T00:00:00.000+10:00,0.350,10,603
2021-10-13T00:00:00.000+10:00,0.433,10,603
2021-10-14T00:00:00.000+10:00,0.544,10,603
2021-10-15T00:00:00.000+10:00,1.115,10,603
2021-10-16T00:00:00.000+10:00,1.210,10,603
2021-10-17T00:00:00.000+10:00,0.967,10,603
2021-10-18T00:00:00.000+10:00,0.793,10,603
2021-10-19T00:00:00.000+10:00,0.691,10,603
2021-10-20T00:00:00.000+10:00,0.636,10,603
2021-10-21T00:00:00.000+10:00,0.814,10,603
2021-10-22T00:00:00.000+10:00,0.819,10,603
2021-10-23T00:00:00.000+10:00,0.842,10,603
2021-10-24T00:00:00.000+10:00,0.832,10,603
2021-10-25T00:00:00.000+10:00,0.711,10,603
2021-10-26T00:00:00.000+10:00,0.652,10,603
2021-10-27T00:00:00.000+10:00,0.656,10,603
2021-10-28T00:00:00.000+10:00,0.574,10,603
2021-10-29T00:00:00.000+10:00,0.542,10,603
2021-10-30T00:00:00.000+10:00,0.583,10,603
2021-10-31T00:00:00.000+10:00,0.984,10,603
2021-11-01T00:00:00.000+10:00,0.820,10,603
2021-11-02T00:00:00.000+10:00,0.814,10,603
2021-11-03T00:00:00.000+10:00,0.868,10,603
2021-11-04T00:00:00.000+10:00,0.755,10,603
2021-11-05T00:00:00.000+10:00,0.658,10,603
2021-11-06T00:00:00.000+10:00,0.593,10,603
2021-11-07T00:00:00.000+10:00,0.680,10,603
2021-11-08T00:00:00.000+10:00,2.299,10,603
2021-11-09T00:00:00.000+10:00,1.391,10,603
2021-11-10T00:00:00.000+10:00,1.511,10,603
2021-11-11T00:00:00.000+10:00,1.470,10,603
2021-11-12T00:00:00.000+10:00,1.258,10,603
2021-11-13T00:00:00.000+10:00,1.048,10,603
2021-11-14T00:00:00.000+10:00,0.984,10,603
2021-11-15T00:00:00.000+10:00,0.877,10,603
2021-11-16T00:00:00.000+10:00,0.764,90,603
2021-11-17T00:00:00.000+10:00,0.679,90,603
2021-11-18T00:00:00.000+10:00,0.621,90,603
2021-11-19T00:00:00.000+10:00,0.571,90,603
2021-11-20T00:00:00.000+10:00,0.553,90,603
2021-11-21T00:00:00.000+10:00,0.689,90,603
2021-11-22T00:00:00.000+10:00,0.933,90,603
2021-11-23T00:00:00.000+10:00,0.894,90,603
2021-11-24T00:00:00.000+10:00,0.881,90,603
2021-11-25T00:00:00.000+10:00,1.289,90,603
2021-11-26T00:00:00.000+10:00,2.120,90,603
2021-11-27T00:00:00.000+10:00,2.908,90,603
2021-11-28T00:00:00.000+10:00,3.410,90,603
2021-11-29T00:00:00.000+10:00,2.350,90,603
2021-11-30T00:00:00.000+10:00,1.697,90,603
2021-12-01T00:00:00.000+10:00,2.377,90,603
2021-12-02T00:00:00.000+10:00,3.898,90,603
2021-12-03T00:00:00.000+10:00,3.441,90,603
2021-12-04T00:00:00.000+10:00,1.942,90,603
2021-12-05T00:00:00.000+10:00,1.498,90,603
2021-12-06T00:00:00.000+10:00,1.454,90,603
2021-12-07T00:00:00.000+10:00,1.517,90,603
2021-12-08T00:00:00.000+10:00,2.443,90,603
2021-12-09T00:00:00.000+10:00,5.478,90,603
2021-12-10T00:00:00.000+10:00,4.136,90,603
2021-12-11T00:00:00.000+10:00,3.195,90,603
2021-12-12T00:00:00.000+10:00,2.540,90,603
2021-12-13T00:00:00.000+10:00,1.972,90,603
2021-12-14T00:00:00.000+10:00,1.690,90,603
2021-12-15T00:00:00.000+10:00,1.496,90,603
2021-12-16T00:00:00.000+10:00,1.330,90,603
2021-12-17T00:00:00.000+10:00,1.386,90,603
2021-12-18T00:00:00.000+10:00,1.255,90,603
2021-12-19T00:00:00.000+10:00,1.310,90,603
2021-12-20T00:00:00.000+10:00,1.320,90,603
2021-12-21T00:00:00.000+10:00,1.167,90,603
2021-12-22T00:00:00.000+10:00,1.085,90,603
2021-12-23T00:00:00.000+10:00,1.019,90,603
2021-12-24T00:00:00.000+10:00,1.203,90,603
2021-12-25T00:00:00.000+10:00,1.394,90,603
2021-12-26T00:00:00.000+10:00,1.284,90,603
2021-12-27T00:00:00.000+10:00,1.137,90,603
2021-12-28T00:00:00.000+10:00,1.176,90,603
2021-12-29T00:00:00.000+10:00,1.314,90,603
2021-12-30T00:00:00.000+10:00,1.474,90,603
2021-12-31T00:00:00.000+10:00,1.314,90,603
2022-01-01T00:00:00.000+10:00,1.181,90,603
2022-01-02T00:00:00.000+10:00,1.152,90,603
2022-01-03T00:00:00.000+10:00,1.158,90,603
2022-01-04T00:00:00.000+10:00,1.175,90,603
2022-01-05T00:00:00.000+10:00,1.115,90,603
2022-01-06T00:00:00.000+10:00,1.364,90,603
2022-01-07T00:00:00.000+10:00,2.391,90,603
2022-01-08T00:00:00.000+10:00,3.889,90,603
2022-01-09T00:00:00.000+10:00,4.043,90,603
2022-01-10T00:00:00.000+10:00,3.342,90,603
2022-01-11T00:00:00.000+10:00,3.041,90,603
2022-01-12T00:00:00.000+10:00,2.739,90,603
2022-01-13T00:00:00.000+10:00,2.438,90,603
2022-01-14T00:00:00.000+10:00,2.137,90,603
2022-01-15T00:00:00.000+10:00,1.835,90,603
2022-01-16T00:00:00.000+10:00,1.534,90,603
2022-01-17T00:00:00.000+10:00,1.262,90,603
2022-01-18T00:00:00.000+10:00,1.150,90,603
2022-01-19T00:00:00.000+10:00,1.064,90,603
2022-01-20T00:00:00.000+10:00,1.008,90,603
2022-01-21T00:00:00.000+10:00,1.404,90,603
2022-01-22T00:00:00.000+10:00,3.573,90,603
2022-01-23T00:00:00.000+10:00,3.244,90,603
2022-01-24T00:00:00.000+10:00,2.615,90,603
2022-01-25T00:00:00.000+10:00,2.130,90,603
2022-01-26T00:00:00.000+10:00,1.804,90,603
2022-01-27T00:00:00.000+10:00,1.593,90,603
2022-01-28T00:00:00.000+10:00,1.472,90,603
2022-01-29T00:00:00.000+10:00,1.390,90,603
2022-01-30T00:00:00.000+10:00,1.299,90,603
2022-01-31T00:00:00.000+10:00,1.203,90,603
2022-02-01T00:00:00.000+10:00,1.135,90,603
2022-02-02T00:00:00.000+10:00,1.148,90,603
2022-02-03T00:00:00.000+10:00,1.791,90,603
2022-02-04T00:00:00.000+10:00,2.109,90,603
2022-02-05T00:00:00.000+10:00,2.578,90,603
2022-02-06T00:00:00.000+10:00,2.023,90,603
2022-02-07T00:00:00.000+10:00,1.699,90,603
2022-02-08T00:00:00.000+10:00,1.541,90,603
2022-02-09T00:00:00.000+10:00,1.468,90,603
2022-02-10T00:00:00.000+10:00,1.372,90,603
2022-02-11T00:00:00.000+10:00,1.278,90,603
2022-02-12T00:00:00.000+10:00,1.182,90,603
2022-02-13T00:00:00.000+10:00,1.103,90,603
2022-02-14T00:00:00.000+10:00,1.051,90,603
2022-02-15T00:00:00.000+10:00,1.003,90,603
2022-02-16T00:00:00.000+10:00,0.968,90,603
2022-02-17T00:00:00.000+10:00,0.956,90,603
2022-02-18T00:00:00.000+10:00,0.930,90,603
2022-02-19T00:00:00.000+10:00,0.928,90,603
2022-02-20T00:00:00.000+10:00,0.869,90,603
2022-02-21T00:00:00.000+10:00,0.936,90,603
2022-02-22T00:00:00.000+10:00,1.101,90,603
2022-02-23T00:00:00.000+10:00,2.390,90,603
2022-02-24T00:00:00.000+10:00,8.316,90,603
2022-02-25T00:00:00.000+10:00,11.526,90,603
2022-02-26T00:00:00.000+10:00,13.059,90,603
2022-02-27T00:00:00.000+10:00,14.650,90,603
2022-02-28T00:00:00.000+10:00,18.845,90,603
2022-03-01T00:00:00.000+10:00,21.399,90,603
2022-03-02T00:00:00.000+10:00,19.761,90,603
2022-03-03T00:00:00.000+10:00,15.594,90,603
2022-03-04T00:00:00.000+10:00,10.979,90,603
2022-03-05T00:00:00.000+10:00,7.572,90,603
2022-03-06T00:00:00.000+10:00,5.685,90,603
2022-03-07T00:00:00.000+10:00,9.902,90,603
2022-03-08T00:00:00.000+10:00,9.702,90,603
2022-03-09T00:00:00.000+10:00,8.746,90,603
2022-03-10T00:00:00.000+10:00,6.493,90,603
2022-03-11T00:00:00.000+10:00,4.285,90,603
2022-03-12T00:00:00.000+10:00,3.405,90,603
2022-03-13T00:00:00.000+10:00,2.948,90,603
2022-03-14T00:00:00.000+10:00,2.602,90,603
2022-03-15T00:00:00.000+10:00,2.355,90,603
2022-03-16T00:00:00.000+10:00,2.165,90,603
2022-03-17T00:00:00.000+10:00,2.041,90,603
2022-03-18T00:00:00.000+10:00,1.965,90,603
2022-03-19T00:00:00.000+10:00,1.983,90,603
2022-03-20T00:00:00.000+10:00,1.988,90,603
2022-03-21T00:00:00.000+10:00,1.879,90,603
2022-03-22T00:00:00.000+10:00,1.752,90,603
2022-03-23T00:00:00.000+10:00,1.611,90,603
2022-03-24T00:00:00.000+10:00,1.526,90,603
2022-03-25T00:00:00.000+10:00,1.493,90,603
2022-03-26T00:00:00.000+10:00,1.809,90,603
2022-03-27T00:00:00.000+10:00,2.007,90,603
2022-03-28T00:00:00.000+10:00,2.510,90,603
2022-03-29T00:00:00.000+10:00,4.622,90,603
2022-03-30T00:00:00.000+10:00,10.882,90,603
2022-03-31T00:00:00.000+10:00,15.491,90,603
2022-04-01T00:00:00.000+10:00,17.393,90,603
2022-04-02T00:00:00.000+10:00,13.751,90,603
2022-04-03T00:00:00.000+10:00,9.061,90,603
2022-04-04T00:00:00.000+10:00,6.935,90,603
2022-04-05T00:00:00.000+10:00,6.518,90,603
2022-04-06T00:00:00.000+10:00,5.518,90,603
2022-04-07T00:00:00.000+10:00,4.318,90,603
2022-04-08T00:00:00.000+10:00,4.575,90,603
2022-04-09T00:00:00.000+10:00,5.138,90,603
2022-04-10T00:00:00.000+10:00,4.756,90,603
2022-04-11T00:00:00.000+10:00,3.929,90,603
2022-04-12T00:00:00.000+10:00,3.162,90,603
2022-04-13T00:00:00.000+10:00,2.699,90,603
2022-04-14T00:00:00.000+10:00,2.561,90,603
2022-04-15T00:00:00.000+10:00,2.417,90,603
2022-04-16T00:00:00.000+10:00,2.487,90,603
2022-04-17T00:00:00.000+10:00,2.381,90,603
2022-04-18T00:00:00.000+10:00,2.138,90,603
2022-04-19T00:00:00.000+10:00,1.968,90,603
2022-04-20T00:00:00.000+10:00,1.830,90,603
2022-04-21T00:00:00.000+10:00,1.713,90,603
2022-04-22T00:00:00.000+10:00,1.624,90,603
2022-04-23T00:00:00.000+10:00,1.816,90,603
2022-04-24T00:00:00.000+10:00,2.502,90,603
2022-04-25T00:00:00.000+10:00,2.675,90,603
2022-04-26T00:00:00.000+10:00,2.220,90,603
2022-04-27T00:00:00.000+10:00,1.973,90,603
2022-04-28T00:00:00.000+10:00,1.901,90,603
2022-04-29T00:00:00.000+10:00,1.798,90,603
2022-04-30T00:00:00.000+10:00,1.772,90,603
2022-05-01T00:00:00.000+10:00,1.764,90,603
2022-05-02T00:00:00.000+10:00,1.773,90,603
2022-05-03T00:00:00.000+10:00,1.648,90,603
2022-05-04T00:00:00.000+10:00,1.512,90,603
2022-05-05T00:00:00.000+10:00,1.428,90,603
2022-05-06T00:00:00.000+10:00,1.496,90,603
2022-05-07T00:00:00.000+10:00,1.474,90,603
2022-05-08T00:00:00.000+10:00,1.429,90,603
2022-05-09T00:00:00.000+10:00,1.350,90,603
2022-05-10T00:00:00.000+10:00,1.260,90,603
2022-05-11T00:00:00.000+10:00,1.212,90,603
2022-05-12T00:00:00.000+10:00,1.442,90,603
2022-05-13T00:00:00.000+10:00,2.718,90,603
2022-05-14T00:00:00.000+10:00,7.948,90,603
2022-05-15T00:00:00.000+10:00,6.277,90,603
2022-05-16T00:00:00.000+10:00,4.220,90,603
2022-05-17T00:00:00.000+10:00,4.158,90,603
2022-05-18T00:00:00.000+10:00,3.525,90,603
2022-05-19T00:00:00.000+10:00,2.664,90,603
2022-05-20T00:00:00.000+10:00,2.150,90,603
2022-05-21T00:00:00.000+10:00,1.873,90,603
2022-05-22T00:00:00.000+10:00,1.788,90,603
2022-05-23T00:00:00.000+10:00,2.423,90,603
2022-05-24T00:00:00.000+10:00,2.625,90,603
2022-05-25T00:00:00.000+10:00,2.138,90,603
2022-05-26T00:00:00.000+10:00,1.873,90,603
2022-05-27T00:00:00.000+10:00,1.723,90,603
2022-05-28T00:00:00.000+10:00,1.640,90,603
2022-05-29T00:00:00.000+10:00,1.763,90,603
2022-05-30T00:00:00.000+10:00,1.548,90,603
2022-05-31T00:00:00.000+10:00,1.416,10,603
2022-06-01T00:00:00.000+10:00,1.356,10,603
2022-06-02T00:00:00.000+10:00,1.277,10,603
2022-06-03T00:00:00.000+10:00,1.210,10,603
2022-06-04T00:00:00.000+10:00,1.177,10,603
2022-06-05T00:00:00.000+10:00,1.151,10,603
2022-06-06T00:00:00.000+10:00,1.114,10,603
2022-06-07T00:00:00.000+10:00,1.073,10,603
2022-06-08T00:00:00.000+10:00,1.043,10,603
2022-06-09T00:00:00.000+10:00,1.021,10,603
2022-06-10T00:00:00.000+10:00,0.999,10,603
2022-06-11T00:00:00.000+10:00,0.974,10,603
2022-06-12T00:00:00.000+10:00,0.937,10,603
2022-06-13T00:00:00.000+10:00,0.916,10,603
2022-06-14T00:00:00.000+10:00,0.900,10,603
2022-06-15T00:00:00.000+10:00,0.878,10,603
2022-06-16T00:00:00.000+10:00,0.861,10,603
2022-06-17T00:00:00.000+10:00,0.856,10,603
2022-06-18T00:00:00.000+10:00,0.844,10,603
2022-06-19T00:00:00.000+10:00,0.828,10,603
2022-06-20T00:00:00.000+10:00,0.810,10,603
2022-06-21T00:00:00.000+10:00,0.775,10,603
2022-06-22T00:00:00.000+10:00,0.766,10,603
2022-06-23T00:00:00.000+10:00,0.761,10,603
2022-06-24T00:00:00.000+10:00,0.779,10,603
2022-06-25T00:00:00.000+10:00,0.765,10,603
2022-06-26T00:00:00.000+10:00,0.727,10,603
2022-06-27T00:00:00.000+10:00,0.716,10,603
2022-06-28T00:00:00.000+10:00,0.702,10,603
2022-06-29T00:00:00.000+10:00,0.691,10,603
2022-06-30T00:00:00.000+10:00,0.682,10,603
2022-07-01T00:00:00.000+10:00,0.675,10,603
2022-07-02T00:00:00.000+10:00,0.707,10,603
2022-07-03T00:00:00.000+10:00,0.752,10,603
2022-07-04T00:00:00.000+10:00,0.801,10,603
2022-07-05T00:00:00.000+10:00,0.830,10,603
2022-07-06T00:00:00.000+10:00,0.981,10,603
2022-07-07T00:00:00.000+10:00,2.630,10,603
2022-07-08T00:00:00.000+10:00,4.273,10,603
2022-07-09T00:00:00.000+10:00,3.030,10,603
2022-07-10T00:00:00.000+10:00,2.044,10,603
2022-07-11T00:00:00.000+10:00,1.666,10,603
2022-07-12T00:00:00.000+10:00,1.465,10,603
2022-07-13T00:00:00.000+10:00,1.341,10,603
2022-07-14T00:00:00.000+10:00,1.251,10,603
2022-07-15T00:00:00.000+10:00,1.174,10,603
2022-07-16T00:00:00.000+10:00,1.097,10,603
2022-07-17T00:00:00.000+10:00,1.039,10,603
2022-07-18T00:00:00.000+10:00,0.995,10,603
2022-07-19T00:00:00.000+10:00,0.960,10,603
2022-07-20T00:00:00.000+10:00,0.931,10,603
2022-07-21T00:00:00.000+10:00,0.908,10,603
2022-07-22T00:00:00.000+10:00,0.929,10,603
2022-07-23T00:00:00.000+10:00,1.041,10,603
2022-07-24T00:00:00.000+10:00,1.448,10,603
2022-07-25T00:00:00.000+10:00,1.499,10,603
2022-07-26T00:00:00.000+10:00,1.295,10,603
2022-07-27T00:00:00.000+10:00,1.156,10,603
2022-07-28T00:00:00.000+10:00,1.060,90,603
2022-07-29T00:00:00.000+10:00,0.993,90,603
2022-07-30T00:00:00.000+10:00,0.944,90,603
2022-07-31T00:00:00.000+10:00,0.891,90,603
2022-08-01T00:00:00.000+10:00,0.853,90,603
2022-08-02T00:00:00.000+10:00,0.827,90,603
2022-08-03T00:00:00.000+10:00,0.808,90,603
2022-08-04T00:00:00.000+10:00,0.797,90,603
2022-08-05T00:00:00.000+10:00,0.788,90,603
2022-08-06T00:00:00.000+10:00,0.786,90,603
2022-08-07T00:00:00.000+10:00,0.787,90,603
2022-08-08T00:00:00.000+10:00,0.771,90,603
2022-08-09T00:00:00.000+10:00,0.743,90,603
2022-08-10T00:00:00.000+10:00,0.721,90,603
2022-08-11T00:00:00.000+10:00,0.700,90,603
2022-08-12T00:00:00.000+10:00,0.676,90,603
2022-08-13T00:00:00.000+10:00,0.704,90,603
2022-08-14T00:00:00.000+10:00,0.746,90,603
2022-08-15T00:00:00.000+10:00,0.792,90,603
2022-08-16T00:00:00.000+10:00,0.753,90,603
2022-08-17T00:00:00.000+10:00,0.709,90,603
2022-08-18T00:00:00.000+10:00,0.694,90,603
2022-08-19T00:00:00.000+10:00,0.671,90,603
2022-08-20T00:00:00.000+10:00,0.648,90,603
2022-08-21T00:00:00.000+10:00,0.627,90,603
2022-08-22T00:00:00.000+10:00,0.608,90,603
2022-08-23T00:00:00.000+10:00,0.595,90,603
2022-08-24T00:00:00.000+10:00,0.587,90,603
2022-08-25T00:00:00.000+10:00,0.576,90,603
2022-08-26T00:00:00.000+10:00,0.566,90,603
2022-08-27T00:00:00.000+10:00,0.558,90,603
2022-08-28T00:00:00.000+10:00,0.551,90,603
2022-08-29T00:00:00.000+10:00,0.545,90,603
2022-08-30T00:00:00.000+10:00,0.545,90,603
2022-08-31T00:00:00.000+10:00,0.549,90,603
2022-09-01T00:00:00.000+10:00,0.551,90,603
2022-09-02T00:00:00.000+10:00,0.549,90,603
2022-09-03T00:00:00.000+10:00,0.855,90,603
2022-09-04T00:00:00.000+10:00,0.952,90,603
2022-09-05T00:00:00.000+10:00,0.903,90,603
2022-09-06T00:00:00.000+10:00,1.288,90,603
2022-09-07T00:00:00.000+10:00,1.052,90,603
2022-09-08T00:00:00.000+10:00,0.884,90,603
2022-09-09T00:00:00.000+10:00,0.798,90,603
2022-09-10T00:00:00.000+10:00,0.749,90,603
2022-09-11T00:00:00.000+10:00,0.701,90,603
2022-09-12T00:00:00.000+10:00,0.659,90,603
2022-09-13T00:00:00.000+10:00,0.627,90,603
2022-09-14T00:00:00.000+10:00,0.599,90,603
2022-09-15T00:00:00.000+10:00,0.583,10,603
2022-09-16T00:00:00.000+10:00,0.581,10,603
2022-09-17T00:00:00.000+10:00,0.571,10,603
2022-09-18T00:00:00.000+10:00,0.562,10,603
2022-09-19T00:00:00.000+10:00,0.548,10,603
2022-09-20T00:00:00.000+10:00,0.552,10,603
2022-09-21T00:00:00.000+10:00,0.559,10,603
2022-09-22T00:00:00.000+10:00,2.528,10,603
2022-09-23T00:00:00.000+10:00,7.479,10,603
2022-09-24T00:00:00.000+10:00,11.137,10,603
2022-09-25T00:00:00.000+10:00,11.570,10,603
2022-09-26T00:00:00.000+10:00,8.869,10,603
2022-09-27T00:00:00.000+10:00,4.684,10,603
2022-09-28T00:00:00.000+10:00,2.883,10,603
2022-09-29T00:00:00.000+10:00,2.391,10,603
2022-09-30T00:00:00.000+10:00,2.081,10,603
2022-10-01T00:00:00.000+10:00,1.857,10,603
2022-10-02T00:00:00.000+10:00,1.738,10,603
2022-10-03T00:00:00.000+10:00,1.788,10,603
2022-10-04T00:00:00.000+10:00,1.698,10,603
2022-10-05T00:00:00.000+10:00,1.562,10,603
2022-10-06T00:00:00.000+10:00,1.473,10,603
2022-10-07T00:00:00.000+10:00,1.440,10,603
2022-10-08T00:00:00.000+10:00,1.379,10,603
2022-10-09T00:00:00.000+10:00,1.376,10,603
2022-10-10T00:00:00.000+10:00,1.376,10,603
2022-10-11T00:00:00.000+10:00,1.327,10,603
2022-10-12T00:00:00.000+10:00,1.280,10,603
2022-10-13T00:00:00.000+10:00,1.235,10,603
2022-10-14T00:00:00.000+10:00,1.190,10,603
2022-10-15T00:00:00.000+10:00,1.133,10,603
2022-10-16T00:00:00.000+10:00,1.047,10,603
2022-10-17T00:00:00.000+10:00,1.017,10,603
2022-10-18T00:00:00.000+10:00,1.295,10,603
2022-10-19T00:00:00.000+10:00,1.314,10,603
2022-10-20T00:00:00.000+10:00,1.583,10,603
2022-10-21T00:00:00.000+10:00,2.138,10,603
2022-10-22T00:00:00.000+10:00,4.588,10,603
2022-10-23T00:00:00.000+10:00,6.378,10,603
2022-10-24T00:00:00.000+10:00,7.059,10,603
2022-10-25T00:00:00.000+10:00,7.232,10,603
2022-10-26T00:00:00.000+10:00,7.344,10,603
2022-10-27T00:00:00.000+10:00,5.383,10,603
2022-10-28T00:00:00.000+10:00,3.251,10,603
2022-10-29T00:00:00.000+10:00,2.516,10,603
2022-10-30T00:00:00.000+10:00,2.156,10,603
2022-10-31T00:00:00.000+10:00,1.906,10,603
2022-11-01T00:00:00.000+10:00,1.759,10,603
2022-11-02T00:00:00.000+10:00,1.652,10,603
2022-11-03T00:00:00.000+10:00,1.539,10,603
2022-11-04T00:00:00.000+10:00,1.422,10,603
2022-11-05T00:00:00.000+10:00,1.333,10,603
2022-11-06T00:00:00.000+10:00,1.271,10,603
2022-11-07T00:00:00.000+10:00,1.219,10,603
2022-11-08T00:00:00.000+10:00,1.177,10,603
2022-11-09T00:00:00.000+10:00,1.166,10,603
2022-11-10T00:00:00.000+10:00,1.180,10,603
2022-11-11T00:00:00.000+10:00,1.107,10,603
2022-11-12T00:00:00.000+10:00,1.124,10,603
2022-11-13T00:00:00.000+10:00,1.249,10,603
2022-11-14T00:00:00.000+10:00,1.360,10,603
2022-11-15T00:00:00.000+10:00,1.135,90,603
2022-11-16T00:00:00.000+10:00,1.015,90,603
2022-11-17T00:00:00.000+10:00,0.951,90,603
2022-11-18T00:00:00.000+10:00,0.907,90,603
2022-11-19T00:00:00.000+10:00,0.869,90,603
2022-11-20T00:00:00.000+10:00,0.840,90,603
2022-11-21T00:00:00.000+10:00,0.813,90,603
2022-11-22T00:00:00.000+10:00,0.785,90,603
2022-11-23T00:00:00.000+10:00,0.754,90,603
2022-11-24T00:00:00.000+10:00,0.739,90,603
2022-11-25T00:00:00.000+10:00,0.744,90,603
2022-11-26T00:00:00.000+10:00,0.722,90,603
2022-11-27T00:00:00.000+10:00,0.718,90,603
2022-11-28T00:00:00.000+10:00,0.731,90,603
2022-11-29T00:00:00.000+10:00,0.692,90,603
2022-11-30T00:00:00.000+10:00,0.673,90,603
2022-12-01T00:00:00.000+10:00,0.683,90,603
2022-12-02T00:00:00.000+10:00,0.710,90,603
2022-12-03T00:00:00.000+10:00,0.740,90,603
2022-12-04T00:00:00.000+10:00,0.848,90,603
2022-12-05T00:00:00.000+10:00,0.928,90,603
2022-12-06T00:00:00.000+10:00,0.835,90,603
2022-12-07T00:00:00.000+10:00,0.760,90,603
2022-12-08T00:00:00.000+10:00,0.704,90,603
2022-12-09T00:00:00.000+10:00,0.664,90,603
2022-12-10T00:00:00.000+10:00,0.638,90,603
2022-12-11T00:00:00.000+10:00,0.620,90,603
2022-12-12T00:00:00.000+10:00,0.616,90,603
2022-12-13T00:00:00.000+10:00,0.633,90,603
2022-12-14T00:00:00.000+10:00,0.613,90,603
2022-12-15T00:00:00.000+10:00,0.602,90,603
2022-12-16T00:00:00.000+10:00,0.587,90,603
2022-12-17T00:00:00.000+10:00,0.570,90,603
2022-12-18T00:00:00.000+10:00,0.555,90,603
2022-12-19T00:00:00.000+10:00,0.543,90,603
2022-12-20T00:00:00.000+10:00,0.530,90,603
2022-12-21T00:00:00.000+10:00,0.518,90,603
2022-12-22T00:00:00.000+10:00,0.510,90,603
2022-12-23T00:00:00.000+10:00,0.515,90,603
2022-12-24T00:00:00.000+10:00,0.515,90,603
2022-12-25T00:00:00.000+10:00,0.514,90,603
2022-12-26T00:00:00.000+10:00,0.519,90,603
2022-12-27T00:00:00.000+10:00,0.525,90,603
2022-12-28T00:00:00.000+10:00,0.512,90,603
2022-12-29T00:00:00.000+10:00,0.523,90,603
2022-12-30T00:00:00.000+10:00,0.515,90,603
2022-12-31T00:00:00.000+10:00,0.513,90,603
2023-01-01T00:00:00.000+10:00,0.534,90,603
2023-01-02T00:00:00.000+10:00,0.552,90,603
2023-01-03T00:00:00.000+10:00,0.551,90,603
2023-01-04T00:00:00.000+10:00,0.507,90,603
2023-01-05T00:00:00.000+10:00,0.510,90,603
2023-01-06T00:00:00.000+10:00,0.521,90,603
2023-01-07T00:00:00.000+10:00,0.516,90,603
2023-01-08T00:00:00.000+10:00,0.544,90,603
2023-01-09T00:00:00.000+10:00,0.537,90,603
2023-01-10T00:00:00.000+10:00,0.502,90,603
2023-01-11T00:00:00.000+10:00,0.481,90,603
2023-01-12T00:00:00.000+10:00,0.471,90,603
2023-01-13T00:00:00.000+10:00,0.461,90,603
2023-01-14T00:00:00.000+10:00,0.444,90,603
2023-01-15T00:00:00.000+10:00,0.425,90,603
2023-01-16T00:00:00.000+10:00,0.399,90,603
2023-01-17T00:00:00.000+10:00,0.403,90,603
2023-01-18T00:00:00.000+10:00,0.397,90,603
2023-01-19T00:00:00.000+10:00,0.395,90,603
2023-01-20T00:00:00.000+10:00,0.413,90,603
2023-01-21T00:00:00.000+10:00,0.409,90,603
2023-01-22T00:00:00.000+10:00,0.406,90,603
2023-01-23T00:00:00.000+10:00,0.438,90,603
2023-01-24T00:00:00.000+10:00,0.456,90,603
2023-01-25T00:00:00.000+10:00,0.465,90,603
2023-01-26T00:00:00.000+10:00,0.506,90,603
2023-01-27T00:00:00.000+10:00,0.757,90,603
2023-01-28T00:00:00.000+10:00,0.760,90,603
2023-01-29T00:00:00.000+10:00,0.649,90,603
2023-01-30T00:00:00.000+10:00,0.594,90,603
2023-01-31T00:00:00.000+10:00,0.669,90,603
2023-02-01T00:00:00.000+10:00,0.707,90,603
2023-02-02T00:00:00.000+10:00,0.766,90,603
2023-02-03T00:00:00.000+10:00,0.836,90,603
2023-02-04T00:00:00.000+10:00,0.742,90,603
2023-02-05T00:00:00.000+10:00,0.651,90,603
2023-02-06T00:00:00.000+10:00,0.590,90,603
2023-02-07T00:00:00.000+10:00,0.548,90,603
2023-02-08T00:00:00.000+10:00,0.531,90,603
2023-02-09T00:00:00.000+10:00,0.500,90,603
2023-02-10T00:00:00.000+10:00,0.496,90,603
2023-02-11T00:00:00.000+10:00,0.485,90,603
2023-02-12T00:00:00.000+10:00,0.473,90,603
2023-02-13T00:00:00.000+10:00,0.453,90,603
2023-02-14T00:00:00.000+10:00,0.429,90,603
2023-02-15T00:00:00.000+10:00,0.426,90,603
2023-02-16T00:00:00.000+10:00,0.412,90,603
2023-02-17T00:00:00.000+10:00,0.408,90,603
2023-02-18T00:00:00.000+10:00,0.426,90,603
2023-02-19T00:00:00.000+10:00,0.432,90,603
2023-02-20T00:00:00.000+10:00,0.430,90,603
2023-02-21T00:00:00.000+10:00,0.414,90,603
2023-02-22T00:00:00.000+10:00,0.404,90,603
2023-02-23T00:00:00.000+10:00,0.417,90,603
2023-02-24T00:00:00.000+10:00,0.423,90,603
2023-02-25T00:00:00.000+10:00,0.676,90,603
2023-02-26T00:00:00.000+10:00,1.050,90,603
2023-02-27T00:00:00.000+10:00,0.848,90,603
2023-02-28T00:00:00.000+10:00,0.705,90,603
2023-03-01T00:00:00.000+10:00,0.647,90,603
2023-03-02T00:00:00.000+10:00,0.619,90,603
2023-03-03T00:00:00.000+10:00,0.574,90,603
2023-03-04T00:00:00.000+10:00,0.551,90,603
2023-03-05T00:00:00.000+10:00,0.511,90,603
2023-03-06T00:00:00.000+10:00,0.497,90,603
2023-03-07T00:00:00.000+10:00,0.450,90,603
2023-03-08T00:00:00.000+10:00,0.430,90,603
2023-03-09T00:00:00.000+10:00,0.428,90,603
2023-03-10T00:00:00.000+10:00,0.427,90,603
2023-03-11T00:00:00.000+10:00,0.416,90,603
2023-03-12T00:00:00.000+10:00,0.415,90,603
2023-03-13T00:00:00.000+10:00,0.423,90,603
2023-03-14T00:00:00.000+10:00,0.492,90,603
2023-03-15T00:00:00.000+10:00,0.846,90,603
2023-03-16T00:00:00.000+10:00,1.475,90,603
2023-03-17T00:00:00.000+10:00,1.083,90,603
2023-03-18T00:00:00.000+10:00,0.881,90,603
2023-03-19T00:00:00.000+10:00,0.747,90,603
2023-03-20T00:00:00.000+10:00,0.666,90,603
2023-03-21T00:00:00.000+10:00,0.631,140,603
2023-03-22T00:00:00.000+10:00,0.594,140,603
2023-03-23T00:00:00.000+10:00,0.564,140,603
2023-03-24T00:00:00.000+10:00,0.660,140,603
2023-03-25T00:00:00.000+10:00,0.704,140,603
2023-03-26T00:00:00.000+10:00,0.669,140,603
2023-03-27T00:00:00.000+10:00,0.658,140,603
2023-03-28T00:00:00.000+10:00,0.713,140,603
2023-03-29T00:00:00.000+10:00,0.708,140,603
2023-03-30T00:00:00.000+10:00,0.825,140,603
2023-03-31T00:00:00.000+10:00,1.005,140,603
2023-04-01T00:00:00.000+10:00,1.062,140,603
2023-04-02T00:00:00.000+10:00,0.916,140,603
2023-04-03T00:00:00.000+10:00,0.826,140,603
2023-04-04T00:00:00.000+10:00,0.747,140,603
2023-04-05T00:00:00.000+10:00,0.799,140,603
2023-04-06T00:00:00.000+10:00,0.781,140,603
2023-04-07T00:00:00.000+10:00,0.816,140,603
2023-04-08T00:00:00.000+10:00,0.963,140,603
2023-04-09T00:00:00.000+10:00,0.769,140,603
2023-04-10T00:00:00.000+10:00,0.741,140,603
2023-04-11T00:00:00.000+10:00,0.707,140,603
2023-04-12T00:00:00.000+10:00,0.655,140,603
2023-04-13T00:00:00.000+10:00,0.611,140,603
2023-04-14T00:00:00.000+10:00,0.583,140,603
2023-04-15T00:00:00.000+10:00,0.560,140,603
2023-04-16T00:00:00.000+10:00,0.543,140,603
2023-04-17T00:00:00.000+10:00,0.532,140,603
2023-04-18T00:00:00.000+10:00,0.517,140,603
2023-04-19T00:00:00.000+10:00,0.506,140,603
2023-04-20T00:00:00.000+10:00,0.492,140,603
2023-04-21T00:00:00.000+10:00,0.483,140,603
2023-04-22T00:00:00.000+10:00,0.472,140,603
2023-04-23T00:00:00.000+10:00,0.469,140,603
2023-04-24T00:00:00.000+10:00,0.477,140,603
2023-04-25T00:00:00.000+10:00,0.489,140,603
2023-04-26T00:00:00.000+10:00,0.906,140,603
2023-04-27T00:00:00.000+10:00,0.966,140,603
2023-04-28T00:00:00.000+10:00,0.846,140,603
2023-04-29T00:00:00.000+10:00,0.809,140,603
2023-04-30T00:00:00.000+10:00,0.825,140,603
2023-05-01T00:00:00.000+10:00,0.776,140,603
2023-05-02T00:00:00.000+10:00,0.718,140,603
2023-05-03T00:00:00.000+10:00,0.678,140,603
2023-05-04T00:00:00.000+10:00,0.631,140,603
2023-05-05T00:00:00.000+10:00,0.598,140,603
2023-05-06T00:00:00.000+10:00,0.573,140,603
2023-05-07T00:00:00.000+10:00,0.553,140,603
2023-05-08T00:00:00.000+10:00,0.533,140,603
2023-05-09T00:00:00.000+10:00,0.517,140,603
2023-05-10T00:00:00.000+10:00,0.504,140,603
2023-05-11T00:00:00.000+10:00,0.491,140,603
2023-05-12T00:00:00.000+10:00,0.481,140,603
2023-05-13T00:00:00.000+10:00,0.475,140,603
2023-05-14T00:00:00.000+10:00,0.470,140,603
2023-05-15T00:00:00.000+10:00,0.470,140,603
2023-05-16T00:00:00.000+10:00,0.506,140,603
2023-05-17T00:00:00.000+10:00,0.544,140,603
2023-05-18T00:00:00.000+10:00,0.566,140,603
2023-05-19T00:00:00.000+10:00,0.657,140,603
2023-05-20T00:00:00.000+10:00,0.615,140,603
2023-05-21T00:00:00.000+10:00,0.560,140,603
2023-05-22T00:00:00.000+10:00,0.523,140,603
2023-05-23T00:00:00.000+10:00,0.500,140,603
2023-05-24T00:00:00.000+10:00,0.483,140,603
2023-05-25T00:00:00.000+10:00,0.470,140,603
2023-05-26T00:00:00.000+10:00,0.460,140,603
2023-05-27T00:00:00.000+10:00,0.452,140,603
2023-05-28T00:00:00.000+10:00,0.445,140,603
2023-05-29T00:00:00.000+10:00,0.438,140,603
2023-05-30T00:00:00.000+10:00,0.432,140,603
2023-05-31T00:00:00.000+10:00,0.427,140,603
2023-06-01T00:00:00.000+10:00,0.423,140,603
2023-06-02T00:00:00.000+10:00,0.419,140,603
2023-06-03T00:00:00.000+10:00,0.417,140,603
2023-06-04T00:00:00.000+10:00,0.415,140,603
2023-06-05T00:00:00.000+10:00,0.415,140,603
2023-06-06T00:00:00.000+10:00,0.417,140,603
2023-06-07T00:00:00.000+10:00,0.425,140,603
2023-06-08T00:00:00.000+10:00,0.453,140,603
2023-06-09T00:00:00.000+10:00,0.472,140,603
2023-06-10T00:00:00.000+10:00,0.448,140,603
2023-06-11T00:00:00.000+10:00,0.431,140,603
2023-06-12T00:00:00.000+10:00,0.422,140,603
2023-06-13T00:00:00.000+10:00,0.414,140,603
2023-06-14T00:00:00.000+10:00,0.405,140,603
2023-06-15T00:00:00.000+10:00,0.400,140,603
2023-06-16T00:00:00.000+10:00,0.397,140,603
2023-06-17T00:00:00.000+10:00,0.394,140,603
2023-06-18T00:00:00.000+10:00,0.389,140,603
2023-06-19T00:00:00.000+10:00,0.385,140,603
2023-06-20T00:00:00.000+10:00,0.381,140,603
2023-06-21T00:00:00.000+10:00,0.375,140,603
2023-06-22T00:00:00.000+10:00,0.372,140,603
2023-06-23T00:00:00.000+10:00,0.370,140,603
2023-06-24T00:00:00.000+10:00,0.367,140,603
2023-06-25T00:00:00.000+10:00,0.365,140,603
2023-06-26T00:00:00.000+10:00,0.363,140,603
2023-06-27T00:00:00.000+10:00,0.360,140,603
2023-06-28T00:00:00.000+10:00,0.358,140,603
2023-06-29T00:00:00.000+10:00,0.356,140,603
2023-06-30T00:00:00.000+10:00,0.353,140,603
2023-07-01T00:00:00.000+10:00,0.350,140,603
2023-07-02T00:00:00.000+10:00,0.348,140,603
2023-07-03T00:00:00.000+10:00,0.345,140,603
2023-07-04T00:00:00.000+10:00,0.347,140,603
2023-07-05T00:00:00.000+10:00,0.350,140,603
2023-07-06T00:00:00.000+10:00,0.348,140,603
2023-07-07T00:00:00.000+10:00,0.349,140,603
2023-07-08T00:00:00.000+10:00,0.349,140,603
2023-07-09T00:00:00.000+10:00,0.346,140,603
2023-07-10T00:00:00.000+10:00,0.343,140,603
2023-07-11T00:00:00.000+10:00,0.339,140,603
2023-07-12T00:00:00.000+10:00,0.331,140,603
2023-07-13T00:00:00.000+10:00,0.319,140,603
2023-07-14T00:00:00.000+10:00,0.316,140,603
2023-07-15T00:00:00.000+10:00,0.315,140,603
2023-07-16T00:00:00.000+10:00,0.312,140,603
2023-07-17T00:00:00.000+10:00,0.310,140,603
2023-07-18T00:00:00.000+10:00,0.309,140,603
2023-07-19T00:00:00.000+10:00,0.308,140,603
2023-07-20T00:00:00.000+10:00,0.307,140,603
2023-07-21T00:00:00.000+10:00,0.309,140,603
2023-07-22T00:00:00.000+10:00,0.313,140,603
2023-07-23T00:00:00.000+10:00,0.312,140,603
2023-07-24T00:00:00.000+10:00,0.309,140,603
2023-07-25T00:00:00.000+10:00,0.306,140,603
2023-07-26T00:00:00.000+10:00,0.303,140,603
2023-07-27T00:00:00.000+10:00,0.301,140,603
2023-07-28T00:00:00.000+10:00,0.298,140,603
2023-07-29T00:00:00.000+10:00,0.296,140,603
2023-07-30T00:00:00.000+10:00,0.295,140,603
2023-07-31T00:00:00.000+10:00,0.294,140,603
2023-08-01T00:00:00.000+10:00,0.292,140,603
2023-08-02T00:00:00.000+10:00,0.291,140,603
2023-08-03T00:00:00.000+10:00,0.287,140,603
2023-08-04T00:00:00.000+10:00,0.284,140,603
2023-08-05T00:00:00.000+10:00,0.284,140,603
2023-08-06T00:00:00.000+10:00,0.284,140,603
2023-08-07T00:00:00.000+10:00,0.282,140,603
2023-08-08T00:00:00.000+10:00,0.280,140,603
2023-08-09T00:00:00.000+10:00,0.277,140,603
2023-08-10T00:00:00.000+10:00,0.274,140,603
2023-08-11T00:00:00.000+10:00,0.272,140,603
2023-08-12T00:00:00.000+10:00,0.270,140,603
2023-08-13T00:00:00.000+10:00,,-1,603